time,linear_accel_x,linear_accel_y,linear_accel_z,angular_vel_x,angular_vel_y,angular_vel_z
0.021268,0.000000,0.000000,0.000000,0.000000,0.000000,0.000000
0.031268,0.000000,0.000000,0.000000,0.000000,0.000000,0.000000
0.041268,0.000000,0.000000,0.000000,0.000000,0.000000,0.000000
0.051268,0.000000,0.000000,0.000000,0.000000,0.000000,0.000000
0.061268,0.000000,0.000000,0.000000,0.000000,0.000000,0.000000
0.071268,0.000000,0.000000,0.000000,0.000000,0.000000,0.000000
0.081268,0.000000,0.000000,0.000000,0.000000,0.000000,0.000000
0.091268,0.000000,0.000000,0.000000,0.000000,0.000000,0.000000
0.101268,0.000000,0.000000,0.000000,0.000000,0.000000,0.000000
0.111268,0.000000,0.000000,0.000000,0.000000,0.000000,0.000000
0.121268,0.000000,0.000000,0.000000,0.000000,0.000000,0.000000
0.131268,0.000000,0.000000,0.000000,0.000000,0.000000,0.000000
0.141268,0.000000,0.000000,0.000000,0.000000,0.000000,0.000000
0.151268,0.000000,0.000000,0.000000,0.000000,0.000000,0.000000
0.161268,0.000000,0.000000,0.000000,0.000000,0.000000,0.000000
0.171268,0.000000,0.000000,0.000000,0.000000,0.000000,0.000000
0.181268,0.000000,0.000000,0.000000,0.000000,0.000000,0.000000
0.191268,0.000000,0.000000,0.000000,0.000000,0.000000,0.000000
0.201268,0.000000,0.000000,0.000000,0.000000,0.000000,0.000000
0.211268,0.000000,0.000000,0.000000,0.000000,0.000000,0.000000
0.221268,0.000000,0.000000,0.000000,0.000000,0.000000,0.000000
0.231268,0.000000,0.000000,0.000000,0.000000,0.000000,0.000000
0.241268,0.000000,0.000000,0.000000,0.000000,0.000000,0.000000
0.251268,0.000000,0.000000,0.000000,0.000000,0.000000,0.000000
0.261268,0.000000,0.000000,0.000000,0.000000,0.000000,0.000000
0.271268,0.000000,0.000000,0.000000,0.000000,0.000000,0.000000
0.281268,0.000000,0.000000,0.000000,0.000000,0.000000,0.000000
0.291268,0.000000,0.000000,0.000000,0.000000,0.000000,0.000000
0.301268,0.000000,0.000000,0.000000,0.000000,0.000000,0.000000
0.311268,0.000000,0.000000,0.000000,0.000000,0.000000,0.000000
0.321268,0.000000,0.000000,0.000000,0.000000,0.000000,0.000000
0.331268,0.000000,0.000000,0.000000,0.000000,0.000000,0.000000
0.341268,0.000000,0.000000,0.000000,0.000000,0.000000,0.000000
0.351268,0.000000,0.000000,0.000000,0.000000,0.000000,0.000000
0.361268,0.000000,0.000000,0.000000,0.000000,0.000000,0.000000
0.371268,0.000000,0.000000,0.000000,0.000000,0.000000,0.000000
0.381268,0.000000,0.000000,0.000000,0.000000,0.000000,0.000000
0.391268,0.000000,0.000000,0.000000,0.000000,0.000000,0.000000
0.401268,0.000000,0.000000,0.000000,0.000000,0.000000,0.000000
0.411268,0.000000,0.000000,0.000000,0.000000,0.000000,0.000000
0.421268,0.000000,0.000000,0.000000,0.000000,0.000000,0.000000
0.431268,0.000000,0.000000,0.000000,0.000000,0.000000,0.000000
0.441268,0.000000,0.000000,0.000000,0.000000,0.000000,0.000000
0.451268,0.000000,0.000000,0.000000,0.000000,0.000000,0.000000
0.461268,0.000000,0.000000,0.000000,0.000000,0.000000,0.000000
0.471268,0.000000,0.000000,0.000000,0.000000,0.000000,0.000000
0.481268,0.000000,0.000000,0.000000,0.000000,0.000000,0.000000
0.491268,0.000000,0.000000,0.000000,0.000000,0.000000,0.000000
0.501268,0.000000,0.000000,0.000000,0.000000,0.000000,0.000000
0.511268,0.000000,0.000000,0.000000,0.000000,0.000000,0.000000
0.521268,0.000000,0.000000,0.000000,0.000000,0.000000,0.000000
0.531268,0.000000,0.000000,0.000000,0.000000,0.000000,0.000000
0.541268,0.000000,0.000000,0.000000,0.000000,0.000000,0.000000
0.551268,0.000000,0.000000,0.000000,0.000000,0.000000,0.000000
0.561268,0.000000,0.000000,0.000000,0.000000,0.000000,0.000000
0.571268,0.000000,0.000000,0.000000,0.000000,0.000000,0.000000
0.581268,0.000000,0.000000,0.000000,0.000000,0.000000,0.000000
0.591268,0.000000,0.000000,0.000000,0.000000,0.000000,0.000000
0.601268,0.000000,0.000000,0.000000,0.000000,0.000000,0.000000
0.611268,0.000000,0.000000,0.000000,0.000000,0.000000,0.000000
0.621268,0.000000,0.000000,0.000000,0.000000,0.000000,0.000000
0.631268,0.000000,0.000000,0.000000,0.000000,0.000000,0.000000
0.641268,0.000000,0.000000,0.000000,0.000000,0.000000,0.000000
0.651268,0.000000,0.000000,0.000000,0.000000,0.000000,0.000000
0.661268,0.000000,0.000000,0.000000,0.000000,0.000000,0.000000
0.671268,0.000000,0.000000,0.000000,0.000000,0.000000,0.000000
0.681268,0.000000,0.000000,0.000000,0.000000,0.000000,0.000000
0.691268,0.000000,0.000000,0.000000,0.000000,0.000000,0.000000
0.701268,0.000000,0.000000,0.000000,0.000000,0.000000,0.000000
0.711268,0.000000,0.000000,0.000000,0.000000,0.000000,0.000000
0.721268,0.000000,0.000000,0.000000,0.000000,0.000000,0.000000
0.731268,0.000000,0.000000,0.000000,0.000000,0.000000,0.000000
0.741268,0.000000,0.000000,0.000000,0.000000,0.000000,0.000000
0.751268,0.000000,0.000000,0.000000,0.000000,0.000000,0.000000
0.761268,0.000000,0.000000,0.000000,0.000000,0.000000,0.000000
0.771268,0.000000,0.000000,0.000000,0.000000,0.000000,0.000000
0.781268,0.000000,0.000000,0.000000,0.000000,0.000000,0.000000
0.791268,0.000000,0.000000,0.000000,0.000000,0.000000,0.000000
0.801268,0.000000,0.000000,0.000000,0.000000,0.000000,0.000000
0.811268,0.000000,0.000000,0.000000,0.000000,0.000000,0.000000
0.821268,0.000000,0.000000,0.000000,0.000000,0.000000,0.000000
0.831268,0.000000,0.000000,0.000000,0.000000,0.000000,0.000000
0.841268,0.000000,0.000000,0.000000,0.000000,0.000000,0.000000
0.851268,0.000000,0.000000,0.000000,0.000000,0.000000,0.000000
0.861268,0.000000,0.000000,0.000000,0.000000,0.000000,0.000000
0.871268,0.000000,0.000000,0.000000,0.000000,0.000000,0.000000
0.881268,0.000000,0.000000,0.000000,0.000000,0.000000,0.000000
0.891268,0.000000,0.000000,0.000000,0.000000,0.000000,0.000000
0.901268,0.000000,0.000000,0.000000,0.000000,0.000000,0.000000
0.911268,0.000000,0.000000,0.000000,0.000000,0.000000,0.000000
0.921268,0.000000,0.000000,0.000000,0.000000,0.000000,0.000000
0.931268,0.000000,0.000000,0.000000,0.000000,0.000000,0.000000
0.941268,0.000000,0.000000,0.000000,0.000000,0.000000,0.000000
0.951268,0.000000,0.000000,0.000000,0.000000,0.000000,0.000000
0.961268,0.000000,0.000000,0.000000,0.000000,0.000000,0.000000
0.971268,0.000000,0.000000,0.000000,0.000000,0.000000,0.000000
0.981268,0.000000,0.000000,0.000000,0.000000,0.000000,0.000000
0.991268,0.000000,0.000000,0.000000,0.000000,0.000000,0.000000
1.001268,0.000000,0.000000,0.000000,0.000000,0.000000,0.000000
1.011268,0.000000,0.000000,0.000000,0.000000,0.000000,0.000000
1.021268,0.000000,0.000000,0.000000,0.000000,0.000000,0.000000
1.031268,0.000000,0.000000,0.000000,0.000000,0.000000,0.000000
1.041268,0.000000,0.000000,0.000000,0.000000,0.000000,0.000000
1.051268,0.000000,0.000000,0.000000,0.000000,0.000000,0.000000
1.061268,0.000000,0.000000,0.000000,0.000000,0.000000,0.000000
1.071268,0.000000,0.000000,0.000000,0.000000,0.000000,0.000000
1.081268,0.000000,0.000000,0.000000,0.000000,0.000000,0.000000
1.091268,0.000000,0.000000,0.000000,0.000000,0.000000,0.000000
1.101268,0.000000,0.000000,0.000000,0.000000,0.000000,0.000000
1.111268,0.000000,0.000000,0.000000,0.000000,0.000000,0.000000
1.121268,0.000000,0.000000,0.000000,0.000000,0.000000,0.000000
1.131268,0.000000,0.000000,0.000000,0.000000,0.000000,0.000000
1.141268,0.000000,0.000000,0.000000,0.000000,0.000000,0.000000
1.151268,0.000000,0.000000,0.000000,0.000000,0.000000,0.000000
1.161268,0.000000,0.000000,0.000000,0.000000,0.000000,0.000000
1.171268,0.000000,0.000000,0.000000,0.000000,0.000000,0.000000
1.181268,0.000000,0.000000,0.000000,0.000000,0.000000,0.000000
1.191268,0.000000,0.000000,0.000000,0.000000,0.000000,0.000000
1.201268,0.000000,0.000000,0.000000,0.000000,0.000000,0.000000
1.211268,0.000000,0.000000,0.000000,0.000000,0.000000,0.000000
1.221268,0.000000,0.000000,0.000000,0.000000,0.000000,0.000000
1.231268,0.000000,0.000000,0.000000,0.000000,0.000000,0.000000
1.241268,0.000000,0.000000,0.000000,0.000000,0.000000,0.000000
1.251268,0.000000,0.000000,0.000000,0.000000,0.000000,0.000000
1.261268,0.000000,0.000000,0.000000,0.000000,0.000000,0.000000
1.271268,0.000000,0.000000,0.000000,0.000000,0.000000,0.000000
1.281268,0.000000,0.000000,0.000000,0.000000,0.000000,0.000000
1.291268,0.000000,0.000000,0.000000,0.000000,0.000000,0.000000
1.301268,0.000000,0.000000,0.000000,0.000000,0.000000,0.000000
1.311268,0.000000,0.000000,0.000000,0.000000,0.000000,0.000000
1.321268,0.000000,0.000000,0.000000,0.000000,0.000000,0.000000
1.331268,0.000000,0.000000,0.000000,0.000000,0.000000,0.000000
1.341268,0.000000,0.000000,0.000000,0.000000,0.000000,0.000000
1.351268,0.000000,0.000000,0.000000,0.000000,0.000000,0.000000
1.361268,0.000000,0.000000,0.000000,0.000000,0.000000,0.000000
1.371268,0.000000,0.000000,0.000000,0.000000,0.000000,0.000000
1.381268,0.000000,0.000000,0.000000,0.000000,0.000000,0.000000
1.391268,0.000000,0.000000,0.000000,0.000000,0.000000,0.000000
1.401268,0.000000,0.000000,0.000000,0.000000,0.000000,0.000000
1.411268,0.000000,0.000000,0.000000,0.000000,0.000000,0.000000
1.421268,0.000000,0.000000,0.000000,0.000000,0.000000,0.000000
1.431268,0.000000,0.000000,0.000000,0.000000,0.000000,0.000000
1.441268,0.000000,0.000000,0.000000,0.000000,0.000000,0.000000
1.451268,0.000000,0.000000,0.000000,0.000000,0.000000,0.000000
1.461268,0.000000,0.000000,0.000000,0.000000,0.000000,0.000000
1.471268,0.000000,0.000000,0.000000,0.000000,0.000000,0.000000
1.481268,0.000000,0.000000,0.000000,0.000000,0.000000,0.000000
1.491268,0.000000,0.000000,0.000000,0.000000,0.000000,0.000000
1.501268,0.000000,0.000000,0.000000,0.000000,0.000000,0.000000
1.511268,0.000000,0.000000,0.000000,0.000000,0.000000,0.000000
1.521268,0.000000,0.000000,0.000000,0.000000,0.000000,0.000000
1.531268,0.000000,0.000000,0.000000,0.000000,0.000000,0.000000
1.541268,0.000000,0.000000,0.000000,0.000000,0.000000,0.000000
1.551268,0.000000,0.000000,0.000000,0.000000,0.000000,0.000000
1.561268,0.000000,0.000000,0.000000,0.000000,0.000000,0.000000
1.571268,0.000000,0.000000,0.000000,0.000000,0.000000,0.000000
1.581268,0.000000,0.000000,0.000000,0.000000,0.000000,0.000000
1.591268,0.000000,0.000000,0.000000,0.000000,0.000000,0.000000
1.601268,0.000000,0.000000,0.000000,0.000000,0.000000,0.000000
1.611268,0.000000,0.000000,0.000000,0.000000,0.000000,0.000000
1.621268,0.000000,0.000000,0.000000,0.000000,0.000000,0.000000
1.631268,0.000000,0.000000,0.000000,0.000000,0.000000,0.000000
1.641268,0.000000,0.000000,0.000000,0.000000,0.000000,0.000000
1.651268,0.000000,0.000000,0.000000,0.000000,0.000000,0.000000
1.661268,0.000000,0.000000,0.000000,0.000000,0.000000,0.000000
1.671268,0.000000,0.000000,0.000000,0.000000,0.000000,0.000000
1.681268,0.000000,0.000000,0.000000,0.000000,0.000000,0.000000
1.691268,0.000000,0.000000,0.000000,0.000000,0.000000,0.000000
1.701268,0.000000,0.000000,0.000000,0.000000,0.000000,0.000000
1.711268,0.000000,0.000000,0.000000,0.000000,0.000000,0.000000
1.721268,0.000000,0.000000,0.000000,0.000000,0.000000,0.000000
1.731268,0.000000,0.000000,0.000000,0.000000,0.000000,0.000000
1.741268,0.000000,0.000000,0.000000,0.000000,0.000000,0.000000
1.751268,0.000000,0.000000,0.000000,0.000000,0.000000,0.000000
1.761268,0.000000,0.000000,0.000000,0.000000,0.000000,0.000000
1.771268,0.000000,0.000000,0.000000,0.000000,0.000000,0.000000
1.781268,0.000000,0.000000,0.000000,0.000000,0.000000,0.000000
1.791268,0.000000,0.000000,0.000000,0.000000,0.000000,0.000000
1.801268,0.000000,0.000000,0.000000,0.000000,0.000000,0.000000
1.811268,0.000000,0.000000,0.000000,0.000000,0.000000,0.000000
1.821268,0.000000,0.000000,0.000000,0.000000,0.000000,0.000000
1.831268,0.000000,0.000000,0.000000,0.000000,0.000000,0.000000
1.841268,0.000000,0.000000,0.000000,0.000000,0.000000,0.000000
1.851268,0.000000,0.000000,0.000000,0.000000,0.000000,0.000000
1.861268,0.000000,0.000000,0.000000,0.000000,0.000000,0.000000
1.871268,0.000000,0.000000,0.000000,0.000000,0.000000,0.000000
1.881268,0.000000,0.000000,0.000000,0.000000,0.000000,0.000000
1.891268,0.000000,0.000000,0.000000,0.000000,0.000000,0.000000
1.901268,0.000000,0.000000,0.000000,0.000000,0.000000,0.000000
1.911268,0.000000,0.000000,0.000000,0.000000,0.000000,0.000000
1.921268,0.000000,0.000000,0.000000,0.000000,0.000000,0.000000
1.931268,0.000000,0.000000,0.000000,0.000000,0.000000,0.000000
1.941268,0.000000,0.000000,0.000000,0.000000,0.000000,0.000000
1.951268,0.000000,0.000000,0.000000,0.000000,0.000000,0.000000
1.961268,0.000000,0.000000,0.000000,0.000000,0.000000,0.000000
1.971268,0.000000,0.000000,0.000000,0.000000,0.000000,0.000000
1.981268,0.000000,0.000000,0.000000,0.000000,0.000000,0.000000
1.991268,0.000000,0.000000,0.000000,0.000000,0.000000,0.000000
2.001268,0.000000,0.000000,0.000000,0.000000,0.000000,0.000000
2.011268,0.000000,0.000000,0.000000,0.000000,0.000000,0.000000
2.021268,0.000000,0.000000,0.000000,0.000000,0.000000,0.000000
2.031268,0.000000,0.000000,0.000000,0.000000,0.000000,0.000000
2.041268,0.000000,0.000000,0.000000,0.000000,0.000000,0.000000
2.051268,0.000000,0.000000,0.000000,0.000000,0.000000,0.000000
2.061268,0.000000,0.000000,0.000000,0.000000,0.000000,0.000000
2.071268,0.000000,0.000000,0.000000,0.000000,0.000000,0.000000
2.081268,0.000000,0.000000,0.000000,0.000000,0.000000,0.000000
2.091268,0.000000,0.000000,0.000000,0.000000,0.000000,0.000000
2.101268,0.000000,0.000000,0.000000,0.000000,0.000000,0.000000
2.111268,0.000000,0.000000,0.000000,0.000000,0.000000,0.000000
2.121268,0.000000,0.000000,0.000000,0.000000,0.000000,0.000000
2.131268,0.000000,0.000000,0.000000,0.000000,0.000000,0.000000
2.141268,0.000000,0.000000,0.000000,0.000000,0.000000,0.000000
2.151268,0.000000,0.000000,0.000000,0.000000,0.000000,0.000000
2.161268,0.000000,0.000000,0.000000,0.000000,0.000000,0.000000
2.171268,0.000000,0.000000,0.000000,0.000000,0.000000,0.000000
2.181268,0.000000,0.000000,0.000000,0.000000,0.000000,0.000000
2.191268,0.000000,0.000000,0.000000,0.000000,0.000000,0.000000
2.201268,0.000000,0.000000,0.000000,0.000000,0.000000,0.000000
2.211268,0.000000,0.000000,0.000000,0.000000,0.000000,0.000000
2.221268,0.000000,0.000000,0.000000,0.000000,0.000000,0.000000
2.231268,0.000000,0.000000,0.000000,0.000000,0.000000,0.000000
2.241268,0.000000,0.000000,0.000000,0.000000,0.000000,0.000000
2.251268,0.000000,0.000000,0.000000,0.000000,0.000000,0.000000
2.261268,0.000000,0.000000,0.000000,0.000000,0.000000,0.000000
2.271268,0.000000,0.000000,0.000000,0.000000,0.000000,0.000000
2.281268,0.000000,0.000000,0.000000,0.000000,0.000000,0.000000
2.291268,0.000000,0.000000,0.000000,0.000000,0.000000,0.000000
2.301268,0.000000,0.000000,0.000000,0.000000,0.000000,0.000000
2.311268,0.000000,0.000000,0.000000,0.000000,0.000000,0.000000
2.321268,0.000000,0.000000,0.000000,0.000000,0.000000,0.000000
2.331268,0.000000,0.000000,0.000000,0.000000,0.000000,0.000000
2.341268,0.000000,0.000000,0.000000,0.000000,0.000000,0.000000
2.351268,0.000000,0.000000,0.000000,0.000000,0.000000,0.000000
2.361268,0.000000,0.000000,0.000000,0.000000,0.000000,0.000000
2.371268,0.000000,0.000000,0.000000,0.000000,0.000000,0.000000
2.381268,0.000000,0.000000,0.000000,0.000000,0.000000,0.000000
2.391268,0.000000,0.000000,0.000000,0.000000,0.000000,0.000000
2.401268,0.000000,0.000000,0.000000,0.000000,0.000000,0.000000
2.411268,0.000000,0.000000,0.000000,0.000000,0.000000,0.000000
2.421268,0.000000,0.000000,0.000000,0.000000,0.000000,0.000000
2.431268,0.000000,0.000000,0.000000,0.000000,0.000000,0.000000
2.441268,0.000000,0.000000,0.000000,0.000000,0.000000,0.000000
2.451268,0.000000,0.000000,0.000000,0.000000,0.000000,0.000000
2.461268,0.000000,0.000000,0.000000,0.000000,0.000000,0.000000
2.471268,0.000000,0.000000,0.000000,0.000000,0.000000,0.000000
2.481268,0.000000,0.000000,0.000000,0.000000,0.000000,0.000000
2.491268,0.000000,0.000000,0.000000,0.000000,0.000000,0.000000
2.501268,0.000000,0.000000,0.000000,0.000000,0.000000,0.000000
2.511268,0.000000,0.000000,0.000000,0.000000,0.000000,0.000000
2.521268,0.000000,0.000000,0.000000,0.000000,0.000000,0.000000
2.531268,0.000000,0.000000,0.000000,0.000000,0.000000,0.000000
2.541268,0.000000,0.000000,0.000000,0.000000,0.000000,0.000000
2.551268,0.000000,0.000000,0.000000,0.000000,0.000000,0.000000
2.561268,0.000000,0.000000,0.000000,0.000000,0.000000,0.000000
2.571268,0.000000,0.000000,0.000000,0.000000,0.000000,0.000000
2.581268,0.000000,0.000000,0.000000,0.000000,0.000000,0.000000
2.591268,0.000000,0.000000,0.000000,0.000000,0.000000,0.000000
2.601268,0.000000,0.000000,0.000000,0.000000,0.000000,0.000000
2.611268,0.000000,0.000000,0.000000,0.000000,0.000000,0.000000
2.621268,0.000000,0.000000,0.000000,0.000000,0.000000,0.000000
2.631268,0.000000,0.000000,0.000000,0.000000,0.000000,0.000000
2.641268,0.000000,0.000000,0.000000,0.000000,0.000000,0.000000
2.651268,0.000000,0.000000,0.000000,0.000000,0.000000,0.000000
2.661268,0.000000,0.000000,0.000000,0.000000,0.000000,0.000000
2.671268,0.000000,0.000000,0.000000,0.000000,0.000000,0.000000
2.681268,0.000000,0.000000,0.000000,0.000000,0.000000,0.000000
2.691268,0.000000,0.000000,0.000000,0.000000,0.000000,0.000000
2.701268,0.000000,0.000000,0.000000,0.000000,0.000000,0.000000
2.711268,0.000000,0.000000,0.000000,0.000000,0.000000,0.000000
2.721268,0.000000,0.000000,0.000000,0.000000,0.000000,0.000000
2.731268,0.000000,0.000000,0.000000,0.000000,0.000000,0.000000
2.741268,0.000000,0.000000,0.000000,0.000000,0.000000,0.000000
2.751268,0.000000,0.000000,0.000000,0.000000,0.000000,0.000000
2.761268,0.000000,0.000000,0.000000,0.000000,0.000000,0.000000
2.771268,0.000000,0.000000,0.000000,0.000000,0.000000,0.000000
2.781268,0.000000,0.000000,0.000000,0.000000,0.000000,0.000000
2.791268,0.000000,0.000000,0.000000,0.000000,0.000000,0.000000
2.801268,0.000000,0.000000,0.000000,0.000000,0.000000,0.000000
2.811268,0.000000,0.000000,0.000000,0.000000,0.000000,0.000000
2.821268,0.000000,0.000000,0.000000,0.000000,0.000000,0.000000
2.831268,0.000000,0.000000,0.000000,0.000000,0.000000,0.000000
2.841268,0.000000,0.000000,0.000000,0.000000,0.000000,0.000000
2.851268,0.000000,0.000000,0.000000,0.000000,0.000000,0.000000
2.861268,0.000000,0.000000,0.000000,0.000000,0.000000,0.000000
2.871268,0.000000,0.000000,0.000000,0.000000,0.000000,0.000000
2.881268,0.000000,0.000000,0.000000,0.000000,0.000000,0.000000
2.891268,0.000000,0.000000,0.000000,0.000000,0.000000,0.000000
2.901268,0.000000,0.000000,0.000000,0.000000,0.000000,0.000000
2.911268,0.000000,0.000000,0.000000,0.000000,0.000000,0.000000
2.921268,0.000000,0.000000,0.000000,0.000000,0.000000,0.000000
2.931268,0.000000,0.000000,0.000000,0.000000,0.000000,0.000000
2.941268,0.000000,0.000000,0.000000,0.000000,0.000000,0.000000
2.951268,0.000000,0.000000,0.000000,0.000000,0.000000,0.000000
2.961268,0.000000,0.000000,0.000000,0.000000,0.000000,0.000000
2.971268,0.000000,0.000000,0.000000,0.000000,0.000000,0.000000
2.981268,0.000000,0.000000,0.000000,0.000000,0.000000,0.000000
2.991268,0.000000,0.000000,0.000000,0.000000,0.000000,0.000000
3.001268,0.000000,0.000000,0.000000,0.000000,0.000000,0.000000
3.011268,0.000000,0.000000,0.000000,0.000000,0.000000,0.000000
3.021268,0.000000,0.000000,0.000000,0.000000,0.000000,0.000000
3.031268,0.000000,0.000000,0.000000,0.000000,0.000000,0.000000
3.041268,0.000000,0.000000,0.000000,0.000000,0.000000,0.000000
3.051268,0.000000,0.000000,0.000000,0.000000,0.000000,0.000000
3.061268,0.000000,0.000000,0.000000,0.000000,0.000000,0.000000
3.071268,0.000000,0.000000,0.000000,0.000000,0.000000,0.000000
3.081268,0.000000,0.000000,0.000000,0.000000,0.000000,0.000000
3.091268,0.000000,0.000000,0.000000,0.000000,0.000000,0.000000
3.101268,0.000000,0.000000,0.000000,0.000000,0.000000,0.000000
3.111268,0.000000,0.000000,0.000000,0.000000,0.000000,0.000000
3.121268,0.000000,0.000000,0.000000,0.000000,0.000000,0.000000
3.131268,0.000000,0.000000,0.000000,0.000000,0.000000,0.000000
3.141268,0.000000,0.000000,0.000000,0.000000,0.000000,0.000000
3.151268,0.000000,0.000000,0.000000,0.000000,0.000000,0.000000
3.161268,0.000000,0.000000,0.000000,0.000000,0.000000,0.000000
3.171268,0.000000,0.000000,0.000000,0.000000,0.000000,0.000000
3.181268,0.000000,0.000000,0.000000,0.000000,0.000000,0.000000
3.191268,0.000000,0.000000,0.000000,0.000000,0.000000,0.000000
3.201268,0.000000,0.000000,0.000000,0.000000,0.000000,0.000000
3.211268,0.000000,0.000000,0.000000,0.000000,0.000000,0.000000
3.221268,0.000000,0.000000,0.000000,0.000000,0.000000,0.000000
3.231268,0.000000,0.000000,0.000000,0.000000,0.000000,0.000000
3.241268,0.000000,0.000000,0.000000,0.000000,0.000000,0.000000
3.251268,0.000000,0.000000,0.000000,0.000000,0.000000,0.000000
3.261268,0.000000,0.000000,0.000000,0.000000,0.000000,0.000000
3.271268,0.000000,0.000000,0.000000,0.000000,0.000000,0.000000
3.281268,0.000000,0.000000,0.000000,0.000000,0.000000,0.000000
3.291268,0.000000,0.000000,0.000000,0.000000,0.000000,0.000000
3.301268,0.000000,0.000000,0.000000,0.000000,0.000000,0.000000
3.311268,0.000000,0.000000,0.000000,0.000000,0.000000,0.000000
3.321268,0.000000,0.000000,0.000000,0.000000,0.000000,0.000000
3.331268,0.000000,0.000000,0.000000,0.000000,0.000000,0.000000
3.341268,0.000000,0.000000,0.000000,0.000000,0.000000,0.000000
3.351268,0.000000,0.000000,0.000000,0.000000,0.000000,0.000000
3.361268,0.000000,0.000000,0.000000,0.000000,0.000000,0.000000
3.371268,0.000000,0.000000,0.000000,0.000000,0.000000,0.000000
3.381268,0.000000,0.000000,0.000000,0.000000,0.000000,0.000000
3.391268,0.000000,0.000000,0.000000,0.000000,0.000000,0.000000
3.401268,0.000000,0.000000,0.000000,0.000000,0.000000,0.000000
3.411268,0.000000,0.000000,0.000000,0.000000,0.000000,0.000000
3.421268,0.000000,0.000000,0.000000,0.000000,0.000000,0.000000
3.431268,0.000000,0.000000,0.000000,0.000000,0.000000,0.000000
3.441268,0.000000,0.000000,0.000000,0.000000,0.000000,0.000000
3.451268,0.000000,0.000000,0.000000,0.000000,0.000000,0.000000
3.461268,0.000000,0.000000,0.000000,0.000000,0.000000,0.000000
3.471268,0.000000,0.000000,0.000000,0.000000,0.000000,0.000000
3.481268,0.000000,0.000000,0.000000,0.000000,0.000000,0.000000
3.491268,0.000000,0.000000,0.000000,0.000000,0.000000,0.000000
3.501268,0.000000,0.000000,0.000000,0.000000,0.000000,0.000000
3.511268,0.000000,0.000000,0.000000,0.000000,0.000000,0.000000
3.521268,0.000000,0.000000,0.000000,0.000000,0.000000,0.000000
3.531268,0.000000,0.000000,0.000000,0.000000,0.000000,0.000000
3.541268,0.000000,0.000000,0.000000,0.000000,0.000000,0.000000
3.551268,0.000000,0.000000,0.000000,0.000000,0.000000,0.000000
3.561268,0.000000,0.000000,0.000000,0.000000,0.000000,0.000000
3.571268,0.000000,0.000000,0.000000,0.000000,0.000000,0.000000
3.581268,0.000000,0.000000,0.000000,0.000000,0.000000,0.000000
3.591268,0.000000,0.000000,0.000000,0.000000,0.000000,0.000000
3.601268,0.000000,0.000000,0.000000,0.000000,0.000000,0.000000
3.611268,0.000000,0.000000,0.000000,0.000000,0.000000,0.000000
3.621268,0.000000,0.000000,0.000000,0.000000,0.000000,0.000000
3.631268,0.000000,0.000000,0.000000,0.000000,0.000000,0.000000
3.641268,0.000000,0.000000,0.000000,0.000000,0.000000,0.000000
3.651268,0.000000,0.000000,0.000000,0.000000,0.000000,0.000000
3.661268,0.000000,0.000000,0.000000,0.000000,0.000000,0.000000
3.671268,0.000000,0.000000,0.000000,0.000000,0.000000,0.000000
3.681268,0.000000,0.000000,0.000000,0.000000,0.000000,0.000000
3.691268,0.000000,0.000000,0.000000,0.000000,0.000000,0.000000
3.701268,0.000000,0.000000,0.000000,0.000000,0.000000,0.000000
3.711268,0.000000,0.000000,0.000000,0.000000,0.000000,0.000000
3.721268,0.000000,0.000000,0.000000,0.000000,0.000000,0.000000
3.731268,0.000000,0.000000,0.000000,0.000000,0.000000,0.000000
3.741268,0.000000,0.000000,0.000000,0.000000,0.000000,0.000000
3.751268,0.000000,0.000000,0.000000,0.000000,0.000000,0.000000
3.761268,0.000000,0.000000,0.000000,0.000000,0.000000,0.000000
3.771268,0.000000,0.000000,0.000000,0.000000,0.000000,0.000000
3.781268,0.000000,0.000000,0.000000,0.000000,0.000000,0.000000
3.791268,0.000000,0.000000,0.000000,0.000000,0.000000,0.000000
3.801268,0.000000,0.000000,0.000000,0.000000,0.000000,0.000000
3.811268,0.000000,0.000000,0.000000,0.000000,0.000000,0.000000
3.821268,0.000000,0.000000,0.000000,0.000000,0.000000,0.000000
3.831268,0.000000,0.000000,0.000000,0.000000,0.000000,0.000000
3.841268,0.000000,0.000000,0.000000,0.000000,0.000000,0.000000
3.851268,0.000000,0.000000,0.000000,0.000000,0.000000,0.000000
3.861268,0.000000,0.000000,0.000000,0.000000,0.000000,0.000000
3.871268,0.000000,0.000000,0.000000,0.000000,0.000000,0.000000
3.881268,0.000000,0.000000,0.000000,0.000000,0.000000,0.000000
3.891268,0.000000,0.000000,0.000000,0.000000,0.000000,0.000000
3.901268,0.000000,0.000000,0.000000,0.000000,0.000000,0.000000
3.911268,0.000000,0.000000,0.000000,0.000000,0.000000,0.000000
3.921268,0.000000,0.000000,0.000000,0.000000,0.000000,0.000000
3.931268,0.000000,0.000000,0.000000,0.000000,0.000000,0.000000
3.941268,0.000000,0.000000,0.000000,0.000000,0.000000,0.000000
3.951268,0.000000,0.000000,0.000000,0.000000,0.000000,0.000000
3.961268,0.000000,0.000000,0.000000,0.000000,0.000000,0.000000
3.971268,0.000000,0.000000,0.000000,0.000000,0.000000,0.000000
3.981268,0.000000,0.000000,0.000000,0.000000,0.000000,0.000000
3.991268,0.000000,0.000000,0.000000,0.000000,0.000000,0.000000
4.001268,0.000000,0.000000,0.000000,0.000000,0.000000,0.000000
4.011268,0.000000,0.000000,0.000000,0.000000,0.000000,0.000000
4.021268,0.000000,0.000000,0.000000,0.000000,0.000000,0.000000
4.031268,0.000000,0.000000,0.000000,0.000000,0.000000,0.000000
4.041268,0.000000,0.000000,0.000000,0.000000,0.000000,0.000000
4.051268,0.000000,0.000000,0.000000,0.000000,0.000000,0.000000
4.061268,0.000000,0.000000,0.000000,0.000000,0.000000,0.000000
4.071268,0.000000,0.000000,0.000000,0.000000,0.000000,0.000000
4.081268,0.000000,0.000000,0.000000,0.000000,0.000000,0.000000
4.091268,0.000000,0.000000,0.000000,0.000000,0.000000,0.000000
4.101268,0.000000,0.000000,0.000000,0.000000,0.000000,0.000000
4.111268,0.000000,0.000000,0.000000,0.000000,0.000000,0.000000
4.121268,0.000000,0.000000,0.000000,0.000000,0.000000,0.000000
4.131268,0.000000,0.000000,0.000000,0.000000,0.000000,0.000000
4.141268,0.000000,0.000000,0.000000,0.000000,0.000000,0.000000
4.151268,0.000000,0.000000,0.000000,0.000000,0.000000,0.000000
4.161268,0.000000,0.000000,0.000000,0.000000,0.000000,0.000000
4.171268,0.000000,0.000000,0.000000,0.000000,0.000000,0.000000
4.181268,0.000000,0.000000,0.000000,0.000000,0.000000,0.000000
4.191268,0.000000,0.000000,0.000000,0.000000,0.000000,0.000000
4.201268,0.000000,0.000000,0.000000,0.000000,0.000000,0.000000
4.211268,0.000000,0.000000,0.000000,0.000000,0.000000,0.000000
4.221268,0.000000,0.000000,0.000000,0.000000,0.000000,0.000000
4.231268,0.000000,0.000000,0.000000,0.000000,0.000000,0.000000
4.241268,0.000000,0.000000,0.000000,0.000000,0.000000,0.000000
4.251268,0.000000,0.000000,0.000000,0.000000,0.000000,0.000000
4.261268,0.000000,0.000000,0.000000,0.000000,0.000000,0.000000
4.271268,0.000000,0.000000,0.000000,0.000000,0.000000,0.000000
4.281268,0.000000,0.000000,0.000000,0.000000,0.000000,0.000000
4.291268,0.000000,0.000000,0.000000,0.000000,0.000000,0.000000
4.301268,0.000000,0.000000,0.000000,0.000000,0.000000,0.000000
4.311268,0.000000,0.000000,0.000000,0.000000,0.000000,0.000000
4.321268,0.000000,0.000000,0.000000,0.000000,0.000000,0.000000
4.331268,0.000000,0.000000,0.000000,0.000000,0.000000,0.000000
4.341268,0.000000,0.000000,0.000000,0.000000,0.000000,0.000000
4.351268,0.000000,0.000000,0.000000,0.000000,0.000000,0.000000
4.361268,0.000000,0.000000,0.000000,0.000000,0.000000,0.000000
4.371268,0.000000,0.000000,0.000000,0.000000,0.000000,0.000000
4.381268,0.000000,0.000000,0.000000,0.000000,0.000000,0.000000
4.391268,0.000000,0.000000,0.000000,0.000000,0.000000,0.000000
4.401268,0.000000,0.000000,0.000000,0.000000,0.000000,0.000000
4.411268,0.000000,0.000000,0.000000,0.000000,0.000000,0.000000
4.421268,0.000000,0.000000,0.000000,0.000000,0.000000,0.000000
4.431268,0.000000,0.000000,0.000000,0.000000,0.000000,0.000000
4.441268,0.000000,0.000000,0.000000,0.000000,0.000000,0.000000
4.451268,0.000000,0.000000,0.000000,0.000000,0.000000,0.000000
4.461268,0.000000,0.000000,0.000000,0.000000,0.000000,0.000000
4.471268,0.000000,0.000000,0.000000,0.000000,0.000000,0.000000
4.481268,0.000000,0.000000,0.000000,0.000000,0.000000,0.000000
4.491268,0.000000,0.000000,0.000000,0.000000,0.000000,0.000000
4.501268,0.000000,0.000000,0.000000,0.000000,0.000000,0.000000
4.511268,0.000000,0.000000,0.000000,0.000000,0.000000,0.000000
4.521268,0.000000,0.000000,0.000000,0.000000,0.000000,0.000000
4.531268,0.000000,0.000000,0.000000,0.000000,0.000000,0.000000
4.541268,0.000000,0.000000,0.000000,0.000000,0.000000,0.000000
4.551268,0.000000,0.000000,0.000000,0.000000,0.000000,0.000000
4.561268,0.000000,0.000000,0.000000,0.000000,0.000000,0.000000
4.571268,0.000000,0.000000,0.000000,0.000000,0.000000,0.000000
4.581268,0.000000,0.000000,0.000000,0.000000,0.000000,0.000000
4.591268,0.000000,0.000000,0.000000,0.000000,0.000000,0.000000
4.601268,0.000000,0.000000,0.000000,0.000000,0.000000,0.000000
4.611268,0.000000,0.000000,0.000000,0.000000,0.000000,0.000000
4.621268,0.000000,0.000000,0.000000,0.000000,0.000000,0.000000
4.631268,0.000000,0.000000,0.000000,0.000000,0.000000,0.000000
4.641268,0.000000,0.000000,0.000000,0.000000,0.000000,0.000000
4.651268,0.000000,0.000000,0.000000,0.000000,0.000000,0.000000
4.661268,0.000000,0.000000,0.000000,0.000000,0.000000,0.000000
4.671268,0.000000,0.000000,0.000000,0.000000,0.000000,0.000000
4.681268,0.000000,0.000000,0.000000,0.000000,0.000000,0.000000
4.691268,0.000000,0.000000,0.000000,0.000000,0.000000,0.000000
4.701268,0.000000,0.000000,0.000000,0.000000,0.000000,0.000000
4.711268,0.000000,0.000000,0.000000,0.000000,0.000000,0.000000
4.721268,0.000000,0.000000,0.000000,0.000000,0.000000,0.000000
4.731268,0.000000,0.000000,0.000000,0.000000,0.000000,0.000000
4.741268,0.000000,0.000000,0.000000,0.000000,0.000000,0.000000
4.751268,0.000000,0.000000,0.000000,0.000000,0.000000,0.000000
4.761268,0.000000,0.000000,0.000000,0.000000,0.000000,0.000000
4.771268,0.000000,0.000000,0.000000,0.000000,0.000000,0.000000
4.781268,0.000000,0.000000,0.000000,0.000000,0.000000,0.000000
4.791268,0.000000,0.000000,0.000000,0.000000,0.000000,0.000000
4.801268,0.000000,0.000000,0.000000,0.000000,0.000000,0.000000
4.811268,0.000000,0.000000,0.000000,0.000000,0.000000,0.000000
4.821268,0.000000,0.000000,0.000000,0.000000,0.000000,0.000000
4.831268,0.000000,0.000000,0.000000,0.000000,0.000000,0.000000
4.841268,0.000000,0.000000,0.000000,0.000000,0.000000,0.000000
4.851268,0.000000,0.000000,0.000000,0.000000,0.000000,0.000000
4.861268,0.000000,0.000000,0.000000,0.000000,0.000000,0.000000
4.871268,0.000000,0.000000,0.000000,0.000000,0.000000,0.000000
4.881268,0.000000,0.000000,0.000000,0.000000,0.000000,0.000000
4.891268,0.000000,0.000000,0.000000,0.000000,0.000000,0.000000
4.901268,0.000000,0.000000,0.000000,0.000000,0.000000,0.000000
4.911268,0.000000,0.000000,0.000000,0.000000,0.000000,0.000000
4.921268,0.000000,0.000000,0.000000,0.000000,0.000000,0.000000
4.931268,0.000000,0.000000,0.000000,0.000000,0.000000,0.000000
4.941268,0.000000,0.000000,0.000000,0.000000,0.000000,0.000000
4.951268,0.000000,0.000000,0.000000,0.000000,0.000000,0.000000
4.961268,0.000000,0.000000,0.000000,0.000000,0.000000,0.000000
4.971268,0.000000,0.000000,0.000000,0.000000,0.000000,0.000000
4.981268,0.000000,0.000000,0.000000,0.000000,0.000000,0.000000
4.991268,0.000000,0.000000,0.000000,0.000000,0.000000,0.000000
5.001268,-26352155130111648437721955055960064.000000,0.000000,0.000000,0.000000,0.000000,0.000000
5.011268,-26352155130111648437721955055960064.000000,0.000000,0.000000,0.000000,0.000000,0.000000
5.021268,-26352155130111648437721955055960064.000000,0.000000,0.000000,0.000000,0.000000,0.000000
5.031268,-26352155130111648437721955055960064.000000,0.000000,0.000000,0.000000,0.000000,0.000000
5.041268,91783764171115504817009590272.000000,0.000000,0.000000,0.000000,0.000000,0.000000
5.051268,91783764171115504817009590272.000000,0.000000,0.000000,0.000000,0.000000,0.000000
5.061268,91783764171115504817009590272.000000,0.000000,0.000000,0.000000,0.000000,0.000000
5.071268,-60405620740159606838263808.000000,0.000000,0.000000,0.000000,0.000000,0.000000
5.081268,-60405620740159606838263808.000000,0.000000,0.000000,0.000000,0.000000,0.000000
5.091268,-60405620740159606838263808.000000,0.000000,0.000000,0.000000,0.000000,0.000000
5.101268,8250279289266431328256.000000,0.000000,0.000000,0.000000,0.000000,0.000000
5.111268,8250279289266431328256.000000,0.000000,0.000000,0.000000,0.000000,0.000000
5.121268,8250279289266431328256.000000,0.000000,0.000000,0.000000,0.000000,0.000000
5.131268,-10504768650769608704.000000,0.000000,0.000000,0.000000,0.000000,0.000000
5.141268,-10504768650769608704.000000,0.000000,0.000000,0.000000,0.000000,0.000000
5.151268,-10504768650769608704.000000,0.000000,0.000000,0.000000,0.000000,0.000000
5.161268,290332494882879.500000,0.000000,0.000000,0.000000,0.000000,0.000000
5.171268,290332494882879.500000,0.000000,0.000000,0.000000,0.000000,0.000000
5.181268,290332494882879.500000,0.000000,0.000000,0.000000,0.000000,0.000000
5.191268,-3601724868876.079102,0.000000,0.000000,0.000000,0.000000,0.000000
5.201268,-3601724868876.079102,0.000000,0.000000,0.000000,0.000000,0.000000
5.211268,-3601724868876.079102,0.000000,0.000000,0.000000,0.000000,0.000000
5.221268,85482517860.673141,0.000000,0.000000,0.000000,0.000000,0.000000
5.231268,85482517860.673141,0.000000,0.000000,0.000000,0.000000,0.000000
5.241268,596840153.414129,0.000000,0.000000,0.000000,0.000000,0.000000
5.251268,596840153.414129,0.000000,0.000000,0.000000,0.000000,0.000000
5.261268,596840153.414129,0.000000,0.000000,0.000000,0.000000,0.000000
5.271268,-1100365.774174,0.000000,0.000000,0.000000,0.000000,0.000000
5.281268,-1100365.774174,0.000000,0.000000,0.000000,0.000000,0.000000
5.291268,-1100365.774174,0.000000,0.000000,0.000000,0.000000,0.000000
5.301268,9167.174308,0.000000,0.000000,0.000000,0.000000,0.000000
5.311268,9167.174308,0.000000,0.000000,0.000000,0.000000,0.000000
5.321268,9167.174308,0.000000,0.000000,0.000000,0.000000,0.000000
5.331268,368.084008,0.000000,0.000000,0.000000,0.000000,0.000000
5.341268,368.084008,0.000000,0.000000,0.000000,0.000000,0.000000
5.351268,-31.286297,0.000000,0.000000,0.000000,0.000000,0.000000
5.361268,-31.286297,0.000000,0.000000,0.000000,0.000000,0.000000
5.371268,-0.009718,0.000000,0.000000,0.000000,0.000000,0.000000
5.381268,-0.009718,0.000000,0.000000,0.000000,0.000000,0.000000
5.391268,-0.009718,0.000000,0.000000,0.000000,0.000000,0.000000
5.401268,-0.009718,0.000000,0.000000,0.000000,0.000000,0.000000
5.411268,0.029673,0.000000,0.000000,0.000000,0.000000,0.000000
5.421268,0.029673,0.000000,0.000000,0.000000,0.000000,0.000000
5.431268,0.021994,0.000000,0.000000,0.000000,0.000000,0.000000
5.441268,0.021994,0.000000,0.000000,0.000000,0.000000,0.000000
5.451268,0.021994,0.000000,0.000000,0.000000,0.000000,0.000000
5.461268,0.023489,0.000000,0.000000,0.000000,0.000000,0.000000
5.471268,0.023489,0.000000,0.000000,0.000000,0.000000,0.000000
5.481268,0.023489,0.000000,0.000000,0.000000,0.000000,0.000000
5.491268,0.025000,0.000000,0.000000,0.000000,0.000000,0.000000
5.501268,0.025000,0.000000,0.000000,0.000000,0.000000,0.000000
5.511268,0.025000,0.000000,0.000000,0.000000,0.000000,0.000000
5.521268,0.026500,0.000000,0.000000,0.000000,0.000000,0.000000
5.531268,0.026500,0.000000,0.000000,0.000000,0.000000,0.000000
5.541268,0.026500,0.000000,0.000000,0.000000,0.000000,0.000000
5.551268,0.028000,0.000000,0.000000,0.000000,0.000000,0.000000
5.561268,0.028000,0.000000,0.000000,0.000000,0.000000,0.000000
5.571268,0.028000,0.000000,0.000000,0.000000,0.000000,0.000000
5.581268,0.029500,0.000000,0.000000,0.000000,0.000000,0.000000
5.591268,0.029500,0.000000,0.000000,0.000000,0.000000,0.000000
5.601268,0.029500,0.000000,0.000000,0.000000,0.000000,0.000000
5.611268,0.030500,0.000000,0.000000,0.000000,0.000000,0.000000
5.621268,0.030500,0.000000,0.000000,0.000000,0.000000,0.000000
5.631268,0.032000,0.000000,0.000000,0.000000,0.000000,0.000000
5.641268,0.032000,0.000000,0.000000,0.000000,0.000000,0.000000
5.651268,0.032000,0.000000,0.000000,0.000000,0.000000,0.000000
5.661268,0.033000,0.000000,0.000000,0.000000,0.000000,0.000000
5.671268,0.033000,0.000000,0.000000,0.000000,0.000000,0.000000
5.681268,0.034500,0.000000,0.000000,0.000000,0.000000,0.000000
5.691268,0.034500,0.000000,0.000000,0.000000,0.000000,0.000000
5.701268,0.034500,0.000000,0.000000,0.000000,0.000000,0.000000
5.711268,0.036000,0.000000,0.000000,0.000000,0.000000,0.000000
5.721268,0.036000,0.000000,0.000000,0.000000,0.000000,0.000000
5.731268,0.036000,0.000000,0.000000,0.000000,0.000000,0.000000
5.741268,0.037000,0.000000,0.000000,0.000000,0.000000,0.000000
5.751268,0.037000,0.000000,0.000000,0.000000,0.000000,0.000000
5.761268,0.038000,0.000000,0.000000,0.000000,0.000000,0.000000
5.771268,0.038000,0.000000,0.000000,0.000000,0.000000,0.000000
5.781268,0.040000,0.000000,0.000000,0.000000,0.000000,0.000000
5.791268,0.040000,0.000000,0.000000,0.000000,0.000000,0.000000
5.801268,0.040000,0.000000,0.000000,0.000000,0.000000,0.000000
5.811268,0.040000,0.000000,0.000000,0.000000,0.000000,0.000000
5.821268,0.041500,0.000000,0.000000,0.000000,0.000000,0.000000
5.831268,0.041500,0.000000,0.000000,0.000000,0.000000,0.000000
5.841268,0.041500,0.000000,0.000000,0.000000,0.000000,0.000000
5.851268,0.042500,0.000000,0.000000,0.000000,0.000000,0.000000
5.861268,0.042500,0.000000,0.000000,0.000000,0.000000,0.000000
5.871268,0.044000,0.000000,0.000000,0.000000,0.000000,0.000000
5.881268,0.044000,0.000000,0.000000,0.000000,0.000000,0.000000
5.891268,0.044000,0.000000,0.000000,0.000000,0.000000,0.000000
5.901268,0.045000,0.000000,0.000000,0.000000,0.000000,0.000000
5.911268,0.045000,0.000000,0.000000,0.000000,0.000000,0.000000
5.921268,0.046500,0.000000,0.000000,0.000000,0.000000,0.000000
5.931268,0.046500,0.000000,0.000000,0.000000,0.000000,0.000000
5.941268,0.046500,0.000000,0.000000,0.000000,0.000000,0.000000
5.951268,0.048000,0.000000,0.000000,0.000000,0.000000,0.000000
5.961268,0.048000,0.000000,0.000000,0.000000,0.000000,0.000000
5.971268,0.048000,0.000000,0.000000,0.000000,0.000000,0.000000
5.981268,0.049500,0.000000,0.000000,0.000000,0.000000,0.000000
5.991268,0.049500,0.000000,0.000000,0.000000,0.000000,0.000000
6.001268,0.049500,0.000000,0.000000,0.000000,0.000000,0.000000
6.011268,0.050500,0.000000,0.000000,0.000000,0.000000,0.000000
6.021268,0.050500,0.000000,0.000000,0.000000,0.000000,0.000000
6.031268,0.052000,0.000000,0.000000,0.000000,0.000000,0.000000
6.041268,0.052000,0.000000,0.000000,0.000000,0.000000,0.000000
6.051268,0.052000,0.000000,0.000000,0.000000,0.000000,0.000000
6.061268,0.053500,0.000000,0.000000,0.000000,0.000000,0.000000
6.071268,0.053500,0.000000,0.000000,0.000000,0.000000,0.000000
6.081268,0.053500,0.000000,0.000000,0.000000,0.000000,0.000000
6.091268,0.055000,0.000000,0.000000,0.000000,0.000000,0.000000
6.101268,0.055000,0.000000,0.000000,0.000000,0.000000,0.000000
6.111268,0.055000,0.000000,0.000000,0.000000,0.000000,0.000000
6.121268,0.057000,0.000000,0.000000,0.000000,0.000000,0.000000
6.131268,0.057000,0.000000,0.000000,0.000000,0.000000,0.000000
6.141268,0.057000,0.000000,0.000000,0.000000,0.000000,0.000000
6.151268,0.057000,0.000000,0.000000,0.000000,0.000000,0.000000
6.161268,0.058000,0.000000,0.000000,0.000000,0.000000,0.000000
6.171268,0.058000,0.000000,0.000000,0.000000,0.000000,0.000000
6.181268,0.060000,0.000000,0.000000,0.000000,0.000000,0.000000
6.191268,0.060000,0.000000,0.000000,0.000000,0.000000,0.000000
6.201268,0.060000,0.000000,0.000000,0.000000,0.000000,0.000000
6.211268,0.060000,0.000000,0.000000,0.000000,0.000000,0.000000
6.221268,0.061000,0.000000,0.000000,0.000000,0.000000,0.000000
6.231268,0.061000,0.000000,0.000000,0.000000,0.000000,0.000000
6.241268,0.062500,0.000000,0.000000,0.000000,0.000000,0.000000
6.251268,0.062500,0.000000,0.000000,0.000000,0.000000,0.000000
6.261268,0.062500,0.000000,0.000000,0.000000,0.000000,0.000000
6.271268,0.064000,0.000000,0.000000,0.000000,0.000000,0.000000
6.281268,0.064000,0.000000,0.000000,0.000000,0.000000,0.000000
6.291268,0.064000,0.000000,0.000000,0.000000,0.000000,0.000000
6.301268,0.065500,0.000000,0.000000,0.000000,0.000000,0.000000
6.311268,0.065500,0.000000,0.000000,0.000000,0.000000,0.000000
6.321268,0.065500,0.000000,0.000000,0.000000,0.000000,0.000000
6.331268,0.067000,0.000000,0.000000,0.000000,0.000000,0.000000
6.341268,0.067000,0.000000,0.000000,0.000000,0.000000,0.000000
6.351268,0.067000,0.000000,0.000000,0.000000,0.000000,0.000000
6.361268,0.068500,0.000000,0.000000,0.000000,0.000000,0.000000
6.371268,0.068500,0.000000,0.000000,0.000000,0.000000,0.000000
6.381268,0.068500,0.000000,0.000000,0.000000,0.000000,0.000000
6.391268,0.070000,0.000000,0.000000,0.000000,0.000000,0.000000
6.401268,0.070000,0.000000,0.000000,0.000000,0.000000,0.000000
6.411268,0.070000,0.000000,0.000000,0.000000,0.000000,0.000000
6.421268,0.071500,0.000000,0.000000,0.000000,0.000000,0.000000
6.431268,0.071500,0.000000,0.000000,0.000000,0.000000,0.000000
6.441268,0.071500,0.000000,0.000000,0.000000,0.000000,0.000000
6.451268,0.072500,0.000000,0.000000,0.000000,0.000000,0.000000
6.461268,0.072500,0.000000,0.000000,0.000000,0.000000,0.000000
6.471268,0.074000,0.000000,0.000000,0.000000,0.000000,0.000000
6.481268,0.074000,0.000000,0.000000,0.000000,0.000000,0.000000
6.491268,0.074000,0.000000,0.000000,0.000000,0.000000,0.000000
6.501268,0.075499,0.000000,0.000000,0.000000,0.000000,0.000000
6.511268,0.075499,0.000000,0.000000,0.000000,0.000000,0.000000
6.521268,0.075499,0.000000,0.000000,0.000000,0.000000,0.000000
6.531268,0.077394,0.000000,0.000000,0.000000,0.000000,0.000000
6.541268,0.077394,0.000000,0.000000,0.000000,0.000000,0.000000
6.551268,0.077394,0.000000,0.000000,0.000000,0.000000,0.000000
6.561268,0.077394,0.000000,0.000000,0.000000,0.000000,0.000000
6.571268,0.079981,0.000000,0.000000,0.000000,0.000000,0.000000
6.581268,0.079981,0.000000,0.000000,0.000000,0.000000,0.000000
6.591268,0.079981,0.000000,0.000000,0.000000,0.000000,0.000000
6.601268,0.140123,0.000000,0.000000,0.000000,0.000000,0.000000
6.611268,0.140123,0.000000,0.000000,0.000000,0.000000,0.000000
6.621268,0.140123,0.000000,0.000000,0.000000,0.000000,0.000000
6.631268,1.282494,0.000000,0.000000,0.000000,0.000000,0.000000
6.641268,1.282494,0.000000,0.000000,0.000000,0.000000,0.000000
6.651268,63.995069,0.000000,0.000000,0.000000,0.000000,0.000000
6.661268,63.995069,0.000000,0.000000,0.000000,0.000000,0.000000
6.671268,63.995069,0.000000,0.000000,0.000000,0.000000,0.000000
6.681268,-5315.833640,0.000000,0.000000,0.000000,0.000000,0.000000
6.691268,-5315.833640,0.000000,0.000000,0.000000,0.000000,0.000000
6.701268,-5315.833640,0.000000,0.000000,0.000000,0.000000,0.000000
6.711268,-1228575.287498,0.000000,0.000000,0.000000,0.000000,0.000000
6.721268,-1228575.287498,0.000000,0.000000,0.000000,0.000000,0.000000
6.731268,-1228575.287498,0.000000,0.000000,0.000000,0.000000,0.000000
6.741268,-272169914.484882,0.000000,0.000000,0.000000,0.000000,0.000000
6.751268,-272169914.484882,0.000000,0.000000,0.000000,0.000000,0.000000
6.761268,-272169914.484882,0.000000,0.000000,0.000000,0.000000,0.000000
6.771268,166040846393.944977,0.000000,0.000000,0.000000,0.000000,0.000000
6.781268,166040846393.944977,0.000000,0.000000,0.000000,0.000000,0.000000
6.791268,166040846393.944977,0.000000,0.000000,0.000000,0.000000,0.000000
6.801268,-154132750459114.906250,0.000000,0.000000,0.000000,0.000000,0.000000
6.811268,-154132750459114.906250,0.000000,0.000000,0.000000,0.000000,0.000000
6.821268,-154132750459114.906250,0.000000,0.000000,0.000000,0.000000,0.000000
6.831268,47859089530603576.000000,0.000000,0.000000,0.000000,0.000000,0.000000
6.841268,47859089530603576.000000,0.000000,0.000000,0.000000,0.000000,0.000000
6.851268,47859089530603576.000000,0.000000,0.000000,0.000000,0.000000,0.000000
6.861268,85340800314778386432.000000,0.000000,0.000000,0.000000,0.000000,0.000000
6.871268,85340800314778386432.000000,0.000000,0.000000,0.000000,0.000000,0.000000
6.881268,85340800314778386432.000000,0.000000,0.000000,0.000000,0.000000,0.000000
6.891268,-15382165192547739107328.000000,0.000000,0.000000,0.000000,0.000000,0.000000
6.901268,-15382165192547739107328.000000,0.000000,0.000000,0.000000,0.000000,0.000000
6.911268,-35144839012209437385424896.000000,0.000000,0.000000,0.000000,0.000000,0.000000
6.921268,-35144839012209437385424896.000000,0.000000,0.000000,0.000000,0.000000,0.000000
6.931268,-35144839012209437385424896.000000,0.000000,0.000000,0.000000,0.000000,0.000000
6.941268,-45665337582612738156542296064.000000,0.000000,0.000000,0.000000,0.000000,0.000000
6.951268,-45665337582612738156542296064.000000,0.000000,0.000000,0.000000,0.000000,0.000000
6.961268,39517562573680684445491554942976.000000,0.000000,0.000000,0.000000,0.000000,0.000000
6.971268,39517562573680684445491554942976.000000,0.000000,0.000000,0.000000,0.000000,0.000000
6.981268,39517562573680684445491554942976.000000,0.000000,0.000000,0.000000,0.000000,0.000000
6.991268,304803749964484913068289032192.000000,0.000000,0.000000,0.000000,0.000000,0.000000
7.001268,304803749964484913068289032192.000000,0.000000,0.000000,0.000000,0.000000,0.000000
7.011268,304803749964484913068289032192.000000,0.000000,0.000000,0.000000,0.000000,0.000000
7.021268,13056748405523876090702407040761856.000000,0.000000,0.000000,0.000000,0.000000,0.000000
7.031268,13056748405523876090702407040761856.000000,0.000000,0.000000,0.000000,0.000000,0.000000
7.041268,-3977469652111438074704035840.000000,0.000000,0.000000,0.000000,0.000000,0.000000
7.051268,-3977469652111438074704035840.000000,0.000000,0.000000,0.000000,0.000000,0.000000
7.061268,-3977469652111438074704035840.000000,0.000000,0.000000,0.000000,0.000000,0.000000
7.071268,-3977469652111438074704035840.000000,0.000000,0.000000,0.000000,0.000000,0.000000
7.081268,-60925235680951028229865472.000000,0.000000,0.000000,0.000000,0.000000,0.000000
7.091268,-60925235680951028229865472.000000,0.000000,0.000000,0.000000,0.000000,0.000000
7.101268,-12267687346928441360384.000000,0.000000,0.000000,0.000000,0.000000,0.000000
7.111268,-12267687346928441360384.000000,0.000000,0.000000,0.000000,0.000000,0.000000
7.121268,-12267687346928441360384.000000,0.000000,0.000000,0.000000,0.000000,0.000000
7.131268,1078007197040005888.000000,0.000000,0.000000,0.000000,0.000000,0.000000
7.141268,1078007197040005888.000000,0.000000,0.000000,0.000000,0.000000,0.000000
7.151268,1078007197040005888.000000,0.000000,0.000000,0.000000,0.000000,0.000000
7.161268,-7470152709700440.000000,0.000000,0.000000,0.000000,0.000000,0.000000
7.171268,-7470152709700440.000000,0.000000,0.000000,0.000000,0.000000,0.000000
7.181268,-7470152709700440.000000,0.000000,0.000000,0.000000,0.000000,0.000000
7.191268,566330402250.712280,0.000000,0.000000,0.000000,0.000000,0.000000
7.201268,566330402250.712280,0.000000,0.000000,0.000000,0.000000,0.000000
7.211268,566330402250.712280,0.000000,0.000000,0.000000,0.000000,0.000000
7.221268,11031606772.575287,0.000000,0.000000,0.000000,0.000000,0.000000
7.231268,11031606772.575287,0.000000,0.000000,0.000000,0.000000,0.000000
7.241268,11031606772.575287,0.000000,0.000000,0.000000,0.000000,0.000000
7.251268,-49896836.965735,0.000000,0.000000,0.000000,0.000000,0.000000
7.261268,-49896836.965735,0.000000,0.000000,0.000000,0.000000,0.000000
7.271268,-49896836.965735,0.000000,0.000000,0.000000,0.000000,0.000000
7.281268,-216467.391846,0.000000,0.000000,0.000000,0.000000,0.000000
7.291268,-216467.391846,0.000000,0.000000,0.000000,0.000000,0.000000
7.301268,-216467.391846,0.000000,0.000000,0.000000,0.000000,0.000000
7.311268,-4280.420027,0.000000,0.000000,0.000000,0.000000,0.000000
7.321268,-4280.420027,0.000000,0.000000,0.000000,0.000000,0.000000
7.331268,-4280.420027,0.000000,0.000000,0.000000,0.000000,0.000000
7.341268,-26.806597,0.000000,0.000000,0.000000,0.000000,0.000000
7.351268,-26.806597,0.000000,0.000000,0.000000,0.000000,0.000000
7.361268,-26.806597,0.000000,0.000000,0.000000,0.000000,0.000000
7.371268,0.127898,0.000000,0.000000,0.000000,0.000000,0.000000
7.381268,0.127898,0.000000,0.000000,0.000000,0.000000,0.000000
7.391268,0.127898,0.000000,0.000000,0.000000,0.000000,0.000000
7.401268,0.075612,0.000000,0.000000,0.000000,0.000000,0.000000
7.411268,0.075612,0.000000,0.000000,0.000000,0.000000,0.000000
7.421268,0.075612,0.000000,0.000000,0.000000,0.000000,0.000000
7.431268,0.078148,0.000000,0.000000,0.000000,0.000000,0.000000
7.441268,0.078148,0.000000,0.000000,0.000000,0.000000,0.000000
7.451268,0.078148,0.000000,0.000000,0.000000,0.000000,0.000000
7.461268,0.076494,0.000000,0.000000,0.000000,0.000000,0.000000
7.471268,0.076494,0.000000,0.000000,0.000000,0.000000,0.000000
7.481268,0.076494,0.000000,0.000000,0.000000,0.000000,0.000000
7.491268,0.075499,0.000000,0.000000,0.000000,0.000000,0.000000
7.501268,0.075499,0.000000,0.000000,0.000000,0.000000,0.000000
7.511268,0.074000,0.000000,0.000000,0.000000,0.000000,0.000000
7.521268,0.074000,0.000000,0.000000,0.000000,0.000000,0.000000
7.531268,0.074000,0.000000,0.000000,0.000000,0.000000,0.000000
7.541268,0.072500,0.000000,0.000000,0.000000,0.000000,0.000000
7.551268,0.072500,0.000000,0.000000,0.000000,0.000000,0.000000
7.561268,0.072500,0.000000,0.000000,0.000000,0.000000,0.000000
7.571268,0.071000,0.000000,0.000000,0.000000,0.000000,0.000000
7.581268,0.071000,0.000000,0.000000,0.000000,0.000000,0.000000
7.591268,0.071000,0.000000,0.000000,0.000000,0.000000,0.000000
7.601268,0.070000,0.000000,0.000000,0.000000,0.000000,0.000000
7.611268,0.070000,0.000000,0.000000,0.000000,0.000000,0.000000
7.621268,0.069000,0.000000,0.000000,0.000000,0.000000,0.000000
7.631268,0.069000,0.000000,0.000000,0.000000,0.000000,0.000000
7.641268,0.067500,0.000000,0.000000,0.000000,0.000000,0.000000
7.651268,0.067500,0.000000,0.000000,0.000000,0.000000,0.000000
7.661268,0.067500,0.000000,0.000000,0.000000,0.000000,0.000000
7.671268,0.066000,0.000000,0.000000,0.000000,0.000000,0.000000
7.681268,0.066000,0.000000,0.000000,0.000000,0.000000,0.000000
7.691268,0.066000,0.000000,0.000000,0.000000,0.000000,0.000000
7.701268,0.064500,0.000000,0.000000,0.000000,0.000000,0.000000
7.711268,0.064500,0.000000,0.000000,0.000000,0.000000,0.000000
7.721268,0.064500,0.000000,0.000000,0.000000,0.000000,0.000000
7.731268,0.063000,0.000000,0.000000,0.000000,0.000000,0.000000
7.741268,0.063000,0.000000,0.000000,0.000000,0.000000,0.000000
7.751268,0.063000,0.000000,0.000000,0.000000,0.000000,0.000000
7.761268,0.061500,0.000000,0.000000,0.000000,0.000000,0.000000
7.771268,0.061500,0.000000,0.000000,0.000000,0.000000,0.000000
7.781268,0.061500,0.000000,0.000000,0.000000,0.000000,0.000000
7.791268,0.060500,0.000000,0.000000,0.000000,0.000000,0.000000
7.801268,0.060500,0.000000,0.000000,0.000000,0.000000,0.000000
7.811268,0.058500,0.000000,0.000000,0.000000,0.000000,0.000000
7.821268,0.058500,0.000000,0.000000,0.000000,0.000000,0.000000
7.831268,0.058500,0.000000,0.000000,0.000000,0.000000,0.000000
7.841268,0.058500,0.000000,0.000000,0.000000,0.000000,0.000000
7.851268,0.057000,0.000000,0.000000,0.000000,0.000000,0.000000
7.861268,0.057000,0.000000,0.000000,0.000000,0.000000,0.000000
7.871268,0.057000,0.000000,0.000000,0.000000,0.000000,0.000000
7.881268,0.056000,0.000000,0.000000,0.000000,0.000000,0.000000
7.891268,0.056000,0.000000,0.000000,0.000000,0.000000,0.000000
7.901268,0.054500,0.000000,0.000000,0.000000,0.000000,0.000000
7.911268,0.054500,0.000000,0.000000,0.000000,0.000000,0.000000
7.921268,0.054500,0.000000,0.000000,0.000000,0.000000,0.000000
7.931268,0.053000,0.000000,0.000000,0.000000,0.000000,0.000000
7.941268,0.053000,0.000000,0.000000,0.000000,0.000000,0.000000
7.951268,0.053000,0.000000,0.000000,0.000000,0.000000,0.000000
7.961268,0.051500,0.000000,0.000000,0.000000,0.000000,0.000000
7.971268,0.051500,0.000000,0.000000,0.000000,0.000000,0.000000
7.981268,0.051500,0.000000,0.000000,0.000000,0.000000,0.000000
7.991268,0.050000,0.000000,0.000000,0.000000,0.000000,0.000000
8.001268,0.050000,0.000000,0.000000,0.000000,0.000000,0.000000
8.011268,0.050000,0.000000,0.000000,0.000000,0.000000,0.000000
8.021268,0.048500,0.000000,0.000000,0.000000,0.000000,0.000000
8.031268,0.048500,0.000000,0.000000,0.000000,0.000000,0.000000
8.041268,0.048500,0.000000,0.000000,0.000000,0.000000,0.000000
8.051268,0.047000,0.000000,0.000000,0.000000,0.000000,0.000000
8.061268,0.047000,0.000000,0.000000,0.000000,0.000000,0.000000
8.071268,0.047000,0.000000,0.000000,0.000000,0.000000,0.000000
8.081268,0.045500,0.000000,0.000000,0.000000,0.000000,0.000000
8.091268,0.045500,0.000000,0.000000,0.000000,0.000000,0.000000
8.101268,0.045500,0.000000,0.000000,0.000000,0.000000,0.000000
8.111268,0.044000,0.000000,0.000000,0.000000,0.000000,0.000000
8.121268,0.044000,0.000000,0.000000,0.000000,0.000000,0.000000
8.131268,0.044000,0.000000,0.000000,0.000000,0.000000,0.000000
8.141268,0.042500,0.000000,0.000000,0.000000,0.000000,0.000000
8.151268,0.042500,0.000000,0.000000,0.000000,0.000000,0.000000
8.161268,0.042500,0.000000,0.000000,0.000000,0.000000,0.000000
8.171268,0.041000,0.000000,0.000000,0.000000,0.000000,0.000000
8.181268,0.041000,0.000000,0.000000,0.000000,0.000000,0.000000
8.191268,0.041000,0.000000,0.000000,0.000000,0.000000,0.000000
8.201268,0.039500,0.000000,0.000000,0.000000,0.000000,0.000000
8.211268,0.039500,0.000000,0.000000,0.000000,0.000000,0.000000
8.221268,0.039500,0.000000,0.000000,0.000000,0.000000,0.000000
8.231268,0.038000,0.000000,0.000000,0.000000,0.000000,0.000000
8.241268,0.038000,0.000000,0.000000,0.000000,0.000000,0.000000
8.251268,0.038000,0.000000,0.000000,0.000000,0.000000,0.000000
8.261268,0.037000,0.000000,0.000000,0.000000,0.000000,0.000000
8.271268,0.037000,0.000000,0.000000,0.000000,0.000000,0.000000
8.281268,0.035500,0.000000,0.000000,0.000000,0.000000,0.000000
8.291268,0.035500,0.000000,0.000000,0.000000,0.000000,0.000000
8.301268,0.035500,0.000000,0.000000,0.000000,0.000000,0.000000
8.311268,0.033500,0.000000,0.000000,0.000000,0.000000,0.000000
8.321268,0.033500,0.000000,0.000000,0.000000,0.000000,0.000000
8.331268,0.033500,0.000000,0.000000,0.000000,0.000000,0.000000
8.341268,0.033500,0.000000,0.000000,0.000000,0.000000,0.000000
8.351268,0.032500,0.000000,0.000000,0.000000,0.000000,0.000000
8.361268,0.032500,0.000000,0.000000,0.000000,0.000000,0.000000
8.371268,0.031000,0.000000,0.000000,0.000000,0.000000,0.000000
8.381268,0.031000,0.000000,0.000000,0.000000,0.000000,0.000000
8.391268,0.031000,0.000000,0.000000,0.000000,0.000000,0.000000
8.401268,0.029500,0.000000,0.000000,0.000000,0.000000,0.000000
8.411268,0.029500,0.000000,0.000000,0.000000,0.000000,0.000000
8.421268,0.029500,0.000000,0.000000,0.000000,0.000000,0.000000
8.431268,0.028000,0.000000,0.000000,0.000000,0.000000,0.000000
8.441268,0.028000,0.000000,0.000000,0.000000,0.000000,0.000000
8.451268,0.028000,0.000000,0.000000,0.000000,0.000000,0.000000
8.461268,0.027000,0.000000,0.000000,0.000000,0.000000,0.000000
8.471268,0.027000,0.000000,0.000000,0.000000,0.000000,0.000000
8.481268,0.025500,0.000000,0.000000,0.000000,0.000000,0.000000
8.491268,0.025500,0.000000,0.000000,0.000000,0.000000,0.000000
8.501268,0.025500,0.000000,0.000000,0.000000,0.000000,0.000000
8.511268,0.024001,0.000000,0.000000,0.000000,0.000000,0.000000
8.521268,0.024001,0.000000,0.000000,0.000000,0.000000,0.000000
8.531268,0.024001,0.000000,0.000000,0.000000,0.000000,0.000000
8.541268,0.022492,0.000000,0.000000,0.000000,0.000000,0.000000
8.551268,0.022492,0.000000,0.000000,0.000000,0.000000,0.000000
8.561268,0.022492,0.000000,0.000000,0.000000,0.000000,0.000000
8.571268,0.021733,0.000000,0.000000,0.000000,0.000000,0.000000
8.581268,0.021733,0.000000,0.000000,0.000000,0.000000,0.000000
8.591268,0.022110,0.000000,0.000000,0.000000,0.000000,0.000000
8.601268,0.022110,0.000000,0.000000,0.000000,0.000000,0.000000
8.611268,0.022110,0.000000,0.000000,0.000000,0.000000,0.000000
8.621268,0.394674,0.000000,0.000000,0.000000,0.000000,0.000000
8.631268,0.394674,0.000000,0.000000,0.000000,0.000000,0.000000
8.641268,0.394674,0.000000,0.000000,0.000000,0.000000,0.000000
8.651268,-126.392760,0.000000,0.000000,0.000000,0.000000,0.000000
8.661268,-126.392760,0.000000,0.000000,0.000000,0.000000,0.000000
8.671268,-126.392760,0.000000,0.000000,0.000000,0.000000,0.000000
8.681268,-20928.595784,0.000000,0.000000,0.000000,0.000000,0.000000
8.691268,-20928.595784,0.000000,0.000000,0.000000,0.000000,0.000000
8.701268,-20928.595784,0.000000,0.000000,0.000000,0.000000,0.000000
8.711268,-49485.260698,0.000000,0.000000,0.000000,0.000000,0.000000
8.721268,-49485.260698,0.000000,0.000000,0.000000,0.000000,0.000000
8.731268,-101584367.757187,0.000000,0.000000,0.000000,0.000000,0.000000
8.741268,-101584367.757187,0.000000,0.000000,0.000000,0.000000,0.000000
8.751268,-101584367.757187,0.000000,0.000000,0.000000,0.000000,0.000000
8.761268,-6844585892.342363,0.000000,0.000000,0.000000,0.000000,0.000000
8.771268,-6844585892.342363,0.000000,0.000000,0.000000,0.000000,0.000000
8.781268,-6844585892.342363,0.000000,0.000000,0.000000,0.000000,0.000000
8.791268,806308666728.257446,0.000000,0.000000,0.000000,0.000000,0.000000
8.801268,806308666728.257446,0.000000,0.000000,0.000000,0.000000,0.000000
8.811268,-2431401250772767.500000,0.000000,0.000000,0.000000,0.000000,0.000000
8.821268,-2431401250772767.500000,0.000000,0.000000,0.000000,0.000000,0.000000
8.831268,-2431401250772767.500000,0.000000,0.000000,0.000000,0.000000,0.000000
8.841268,-2431401250772767.500000,0.000000,0.000000,0.000000,0.000000,0.000000
8.851268,-231425969725595936.000000,0.000000,0.000000,0.000000,0.000000,0.000000
8.861268,-231425969725595936.000000,0.000000,0.000000,0.000000,0.000000,0.000000
8.871268,1229726044981387067392.000000,0.000000,0.000000,0.000000,0.000000,0.000000
8.881268,1229726044981387067392.000000,0.000000,0.000000,0.000000,0.000000,0.000000
8.891268,1229726044981387067392.000000,0.000000,0.000000,0.000000,0.000000,0.000000
8.901268,430436415584854675030016.000000,0.000000,0.000000,0.000000,0.000000,0.000000
8.911268,430436415584854675030016.000000,0.000000,0.000000,0.000000,0.000000,0.000000
8.921268,-493051793643288261927370752.000000,0.000000,0.000000,0.000000,0.000000,0.000000
8.931268,-493051793643288261927370752.000000,0.000000,0.000000,0.000000,0.000000,0.000000
8.941268,-493051793643288261927370752.000000,0.000000,0.000000,0.000000,0.000000,0.000000
8.951268,8683544050492952479769160581120.000000,0.000000,0.000000,0.000000,0.000000,0.000000
8.961268,8683544050492952479769160581120.000000,0.000000,0.000000,0.000000,0.000000,0.000000
8.971268,8683544050492952479769160581120.000000,0.000000,0.000000,0.000000,0.000000,0.000000
8.981268,-3039809372431200655395144908385812480.000000,0.000000,0.000000,0.000000,0.000000,0.000000
8.991268,-3039809372431200655395144908385812480.000000,0.000000,0.000000,0.000000,0.000000,0.000000
9.001268,-3039809372431200655395144908385812480.000000,0.000000,0.000000,0.000000,0.000000,0.000000
9.011268,0.000000,0.000000,0.000000,0.000000,0.000000,0.000000
9.021268,0.000000,0.000000,0.000000,0.000000,0.000000,0.000000
9.031268,0.000000,0.000000,0.000000,0.000000,0.000000,0.000000
9.041268,0.000000,0.000000,0.000000,0.000000,0.000000,0.000000
9.051268,0.000000,0.000000,0.000000,0.000000,0.000000,0.000000
9.061268,0.000000,0.000000,0.000000,0.000000,0.000000,0.000000
9.071268,0.000000,0.000000,0.000000,0.000000,0.000000,0.000000
9.081268,0.000000,0.000000,0.000000,0.000000,0.000000,0.000000
9.091268,0.000000,0.000000,0.000000,0.000000,0.000000,0.000000
9.101268,0.000000,0.000000,0.000000,0.000000,0.000000,0.000000
9.111268,0.000000,0.000000,0.000000,0.000000,0.000000,0.000000
9.121268,0.000000,0.000000,0.000000,0.000000,0.000000,0.000000
9.131268,0.000000,0.000000,0.000000,0.000000,0.000000,0.000000
9.141268,0.000000,0.000000,0.000000,0.000000,0.000000,0.000000
9.151268,0.000000,0.000000,0.000000,0.000000,0.000000,0.000000
9.161268,0.000000,0.000000,0.000000,0.000000,0.000000,0.000000
9.171268,0.000000,0.000000,0.000000,0.000000,0.000000,0.000000
9.181268,0.000000,0.000000,0.000000,0.000000,0.000000,0.000000
9.191268,0.000000,0.000000,0.000000,0.000000,0.000000,0.000000
9.201268,0.000000,0.000000,0.000000,0.000000,0.000000,0.000000
9.211268,0.000000,0.000000,0.000000,0.000000,0.000000,0.000000
9.221268,0.000000,0.000000,0.000000,0.000000,0.000000,0.000000
9.231268,0.000000,0.000000,0.000000,0.000000,0.000000,0.000000
9.241268,0.000000,0.000000,0.000000,0.000000,0.000000,0.000000
9.251268,0.000000,0.000000,0.000000,0.000000,0.000000,0.000000
9.261268,0.000000,0.000000,0.000000,0.000000,0.000000,0.000000
9.271268,0.000000,0.000000,0.000000,0.000000,0.000000,0.000000
9.281268,0.000000,0.000000,0.000000,0.000000,0.000000,0.000000
9.291268,0.000000,0.000000,0.000000,0.000000,0.000000,0.000000
9.301268,0.000000,0.000000,0.000000,0.000000,0.000000,0.000000
9.311268,0.000000,0.000000,0.000000,0.000000,0.000000,0.000000
9.321268,0.000000,0.000000,0.000000,0.000000,0.000000,0.000000
9.331268,0.000000,0.000000,0.000000,0.000000,0.000000,0.000000
9.341268,0.000000,0.000000,0.000000,0.000000,0.000000,0.000000
9.351268,0.000000,0.000000,0.000000,0.000000,0.000000,0.000000
9.361268,0.000000,0.000000,0.000000,0.000000,0.000000,0.000000
9.371268,0.000000,0.000000,0.000000,0.000000,0.000000,0.000000
9.381268,0.000000,0.000000,0.000000,0.000000,0.000000,0.000000
9.391268,0.000000,0.000000,0.000000,0.000000,0.000000,0.000000
9.401268,0.000000,0.000000,0.000000,0.000000,0.000000,0.000000
9.411268,0.000000,0.000000,0.000000,0.000000,0.000000,0.000000
9.421268,0.000000,0.000000,0.000000,0.000000,0.000000,0.000000
9.431268,0.000000,0.000000,0.000000,0.000000,0.000000,0.000000
9.441268,0.000000,0.000000,0.000000,0.000000,0.000000,0.000000
9.451268,0.000000,0.000000,0.000000,0.000000,0.000000,0.000000
9.461268,0.000000,0.000000,0.000000,0.000000,0.000000,0.000000
9.471268,0.000000,0.000000,0.000000,0.000000,0.000000,0.000000
9.481268,0.000000,0.000000,0.000000,0.000000,0.000000,0.000000
9.491268,0.000000,0.000000,0.000000,0.000000,0.000000,0.000000
9.501268,0.000000,0.000000,0.000000,0.000000,0.000000,0.000000
9.511268,0.000000,0.000000,0.000000,0.000000,0.000000,0.000000
9.521268,0.000000,0.000000,0.000000,0.000000,0.000000,0.000000
9.531268,0.000000,0.000000,0.000000,0.000000,0.000000,0.000000
9.541268,0.000000,0.000000,0.000000,0.000000,0.000000,0.000000
9.551268,0.000000,0.000000,0.000000,0.000000,0.000000,0.000000
9.561268,0.000000,0.000000,0.000000,0.000000,0.000000,0.000000
9.571268,0.000000,0.000000,0.000000,0.000000,0.000000,0.000000
9.581268,0.000000,0.000000,0.000000,0.000000,0.000000,0.000000
9.591268,0.000000,0.000000,0.000000,0.000000,0.000000,0.000000
9.601268,0.000000,0.000000,0.000000,0.000000,0.000000,0.000000
9.611268,0.000000,0.000000,0.000000,0.000000,0.000000,0.000000
9.621268,0.000000,0.000000,0.000000,0.000000,0.000000,0.000000
9.631268,0.000000,0.000000,0.000000,0.000000,0.000000,0.000000
9.641268,0.000000,0.000000,0.000000,0.000000,0.000000,0.000000
9.651268,0.000000,0.000000,0.000000,0.000000,0.000000,0.000000
9.661268,0.000000,0.000000,0.000000,0.000000,0.000000,0.000000
9.671268,0.000000,0.000000,0.000000,0.000000,0.000000,0.000000
9.681268,0.000000,0.000000,0.000000,0.000000,0.000000,0.000000
9.691268,0.000000,0.000000,0.000000,0.000000,0.000000,0.000000
9.701268,0.000000,0.000000,0.000000,0.000000,0.000000,0.000000
9.711268,0.000000,0.000000,0.000000,0.000000,0.000000,0.000000
9.721268,0.000000,0.000000,0.000000,0.000000,0.000000,0.000000
9.731268,0.000000,0.000000,0.000000,0.000000,0.000000,0.000000
9.741268,0.000000,0.000000,0.000000,0.000000,0.000000,0.000000
9.751268,0.000000,0.000000,0.000000,0.000000,0.000000,0.000000
9.761268,0.000000,0.000000,0.000000,0.000000,0.000000,0.000000
9.771268,0.000000,0.000000,0.000000,0.000000,0.000000,0.000000
9.781268,0.000000,0.000000,0.000000,0.000000,0.000000,0.000000
9.791268,0.000000,0.000000,0.000000,0.000000,0.000000,0.000000
9.801268,0.000000,0.000000,0.000000,0.000000,0.000000,0.000000
9.811268,0.000000,0.000000,0.000000,0.000000,0.000000,0.000000
9.821268,0.000000,0.000000,0.000000,0.000000,0.000000,0.000000
9.831268,0.000000,0.000000,0.000000,0.000000,0.000000,0.000000
9.841268,0.000000,0.000000,0.000000,0.000000,0.000000,0.000000
9.851268,0.000000,0.000000,0.000000,0.000000,0.000000,0.000000
9.861268,0.000000,0.000000,0.000000,0.000000,0.000000,0.000000
9.871268,0.000000,0.000000,0.000000,0.000000,0.000000,0.000000
9.881268,0.000000,0.000000,0.000000,0.000000,0.000000,0.000000
9.891268,0.000000,0.000000,0.000000,0.000000,0.000000,0.000000
9.901268,0.000000,0.000000,0.000000,0.000000,0.000000,0.000000
9.911268,0.000000,0.000000,0.000000,0.000000,0.000000,0.000000
9.921268,0.000000,0.000000,0.000000,0.000000,0.000000,0.000000
9.931268,0.000000,0.000000,0.000000,0.000000,0.000000,0.000000
9.941268,0.000000,0.000000,0.000000,0.000000,0.000000,0.000000
9.951268,0.000000,0.000000,0.000000,0.000000,0.000000,0.000000
9.961268,0.000000,0.000000,0.000000,0.000000,0.000000,0.000000
9.971268,0.000000,0.000000,0.000000,0.000000,0.000000,0.000000
9.981268,0.000000,0.000000,0.000000,0.000000,0.000000,0.000000
9.991268,0.000000,0.000000,0.000000,0.000000,0.000000,0.000000
10.001268,0.000000,0.000000,0.000000,0.000000,0.000000,0.000000
10.011268,0.000000,0.000000,0.000000,0.000000,0.000000,0.000000
10.021268,0.000000,0.000000,0.000000,0.000000,0.000000,0.000000
10.031268,0.000000,0.000000,0.000000,0.000000,0.000000,0.000000
10.041268,0.000000,0.000000,0.000000,0.000000,0.000000,0.000000
10.051268,0.000000,0.000000,0.000000,0.000000,0.000000,0.000000
10.061268,0.000000,0.000000,0.000000,0.000000,0.000000,0.000000
10.071268,0.000000,0.000000,0.000000,0.000000,0.000000,0.000000
10.081268,0.000000,0.000000,0.000000,0.000000,0.000000,0.000000
10.091268,0.000000,0.000000,0.000000,0.000000,0.000000,0.000000
10.101268,0.000000,0.000000,0.000000,0.000000,0.000000,0.000000
10.111268,0.000000,0.000000,0.000000,0.000000,0.000000,0.000000
10.121268,0.000000,0.000000,0.000000,0.000000,0.000000,0.000000
10.131268,0.000000,0.000000,0.000000,0.000000,0.000000,0.000000
10.141268,0.000000,0.000000,0.000000,0.000000,0.000000,0.000000
10.151268,0.000000,0.000000,0.000000,0.000000,0.000000,0.000000
10.161268,0.000000,0.000000,0.000000,0.000000,0.000000,0.000000
10.171268,0.000000,0.000000,0.000000,0.000000,0.000000,0.000000
10.181268,0.000000,0.000000,0.000000,0.000000,0.000000,0.000000
10.191268,0.000000,0.000000,0.000000,0.000000,0.000000,0.000000
10.201268,0.000000,0.000000,0.000000,0.000000,0.000000,0.000000
10.211268,0.000000,0.000000,0.000000,0.000000,0.000000,0.000000
10.221268,0.000000,0.000000,0.000000,0.000000,0.000000,0.000000
10.231268,0.000000,0.000000,0.000000,0.000000,0.000000,0.000000
10.241268,0.000000,0.000000,0.000000,0.000000,0.000000,0.000000
10.251268,0.000000,0.000000,0.000000,0.000000,0.000000,0.000000
10.261268,0.000000,0.000000,0.000000,0.000000,0.000000,0.000000
10.271268,0.000000,0.000000,0.000000,0.000000,0.000000,0.000000
10.281268,0.000000,0.000000,0.000000,0.000000,0.000000,0.000000
10.291268,0.000000,0.000000,0.000000,0.000000,0.000000,0.000000
10.301268,0.000000,0.000000,0.000000,0.000000,0.000000,0.000000
10.311268,0.000000,0.000000,0.000000,0.000000,0.000000,0.000000
10.321268,0.000000,0.000000,0.000000,0.000000,0.000000,0.000000
10.331268,0.000000,0.000000,0.000000,0.000000,0.000000,0.000000
10.341268,0.000000,0.000000,0.000000,0.000000,0.000000,0.000000
10.351268,0.000000,0.000000,0.000000,0.000000,0.000000,0.000000
10.361268,0.000000,0.000000,0.000000,0.000000,0.000000,0.000000
10.371268,0.000000,0.000000,0.000000,0.000000,0.000000,0.000000
10.381268,0.000000,0.000000,0.000000,0.000000,0.000000,0.000000
10.391268,0.000000,0.000000,0.000000,0.000000,0.000000,0.000000
10.401268,0.000000,0.000000,0.000000,0.000000,0.000000,0.000000
10.411268,0.000000,0.000000,0.000000,0.000000,0.000000,0.000000
10.421268,0.000000,0.000000,0.000000,0.000000,0.000000,0.000000
10.431268,0.000000,0.000000,0.000000,0.000000,0.000000,0.000000
10.441268,0.000000,0.000000,0.000000,0.000000,0.000000,0.000000
10.451268,0.000000,0.000000,0.000000,0.000000,0.000000,0.000000
10.461268,0.000000,0.000000,0.000000,0.000000,0.000000,0.000000
10.471268,0.000000,0.000000,0.000000,0.000000,0.000000,0.000000
10.481268,0.000000,0.000000,0.000000,0.000000,0.000000,0.000000
10.491268,0.000000,0.000000,0.000000,0.000000,0.000000,0.000000
10.501268,0.000000,0.000000,0.000000,0.000000,0.000000,0.000000
10.511268,0.000000,0.000000,0.000000,0.000000,0.000000,0.000000
10.521268,0.000000,0.000000,0.000000,0.000000,0.000000,0.000000
10.531268,0.000000,0.000000,0.000000,0.000000,0.000000,0.000000
10.541268,0.000000,0.000000,0.000000,0.000000,0.000000,0.000000
10.551268,0.000000,0.000000,0.000000,0.000000,0.000000,0.000000
10.561268,0.000000,0.000000,0.000000,0.000000,0.000000,0.000000
10.571268,0.000000,0.000000,0.000000,0.000000,0.000000,0.000000
10.581268,0.000000,0.000000,0.000000,0.000000,0.000000,0.000000
10.591268,0.000000,0.000000,0.000000,0.000000,0.000000,0.000000
10.601268,0.000000,0.000000,0.000000,0.000000,0.000000,0.000000
10.611268,0.000000,0.000000,0.000000,0.000000,0.000000,0.000000
10.621268,0.000000,0.000000,0.000000,0.000000,0.000000,0.000000
10.631268,0.000000,0.000000,0.000000,0.000000,0.000000,0.000000
10.641268,0.000000,0.000000,0.000000,0.000000,0.000000,0.000000
10.651268,0.000000,0.000000,0.000000,0.000000,0.000000,0.000000
10.661268,0.000000,0.000000,0.000000,0.000000,0.000000,0.000000
10.671268,0.000000,0.000000,0.000000,0.000000,0.000000,0.000000
10.681268,0.000000,0.000000,0.000000,0.000000,0.000000,0.000000
10.691268,0.000000,0.000000,0.000000,0.000000,0.000000,0.000000
10.701268,0.000000,0.000000,0.000000,0.000000,0.000000,0.000000
10.711268,0.000000,0.000000,0.000000,0.000000,0.000000,0.000000
10.721268,0.000000,0.000000,0.000000,0.000000,0.000000,0.000000
10.731268,0.000000,0.000000,0.000000,0.000000,0.000000,0.000000
10.741268,0.000000,0.000000,0.000000,0.000000,0.000000,0.000000
10.751268,0.000000,0.000000,0.000000,0.000000,0.000000,0.000000
10.761268,0.000000,0.000000,0.000000,0.000000,0.000000,0.000000
10.771268,0.000000,0.000000,0.000000,0.000000,0.000000,0.000000
10.781268,0.000000,0.000000,0.000000,0.000000,0.000000,0.000000
10.791268,0.000000,0.000000,0.000000,0.000000,0.000000,0.000000
10.801268,0.000000,0.000000,0.000000,0.000000,0.000000,0.000000
10.811268,0.000000,0.000000,0.000000,0.000000,0.000000,0.000000
10.821268,0.000000,0.000000,0.000000,0.000000,0.000000,0.000000
10.831268,0.000000,0.000000,0.000000,0.000000,0.000000,0.000000
10.841268,0.000000,0.000000,0.000000,0.000000,0.000000,0.000000
10.851268,0.000000,0.000000,0.000000,0.000000,0.000000,0.000000
10.861268,0.000000,0.000000,0.000000,0.000000,0.000000,0.000000
10.871268,0.000000,0.000000,0.000000,0.000000,0.000000,0.000000
10.881268,0.000000,0.000000,0.000000,0.000000,0.000000,0.000000
10.891268,0.000000,0.000000,0.000000,0.000000,0.000000,0.000000
10.901268,0.000000,0.000000,0.000000,0.000000,0.000000,0.000000
10.911268,0.000000,0.000000,0.000000,0.000000,0.000000,0.000000
10.921268,0.000000,0.000000,0.000000,0.000000,0.000000,0.000000
10.931268,0.000000,0.000000,0.000000,0.000000,0.000000,0.000000
10.941268,0.000000,0.000000,0.000000,0.000000,0.000000,0.000000
10.951268,0.000000,0.000000,0.000000,0.000000,0.000000,0.000000
10.961268,0.000000,0.000000,0.000000,0.000000,0.000000,0.000000
10.971268,0.000000,0.000000,0.000000,0.000000,0.000000,0.000000
10.981268,0.000000,0.000000,0.000000,0.000000,0.000000,0.000000
10.991268,0.000000,0.000000,0.000000,0.000000,0.000000,0.000000
11.001268,0.000000,0.000000,0.000000,0.000000,0.000000,0.000000
11.011268,0.000000,0.000000,0.000000,0.000000,0.000000,0.000000
11.021268,0.000000,0.000000,0.000000,0.000000,0.000000,0.000000
11.031268,0.000000,0.000000,0.000000,0.000000,0.000000,0.000000
11.041268,0.000000,0.000000,0.000000,0.000000,0.000000,0.000000
11.051268,0.000000,0.000000,0.000000,0.000000,0.000000,0.000000
11.061268,0.000000,0.000000,0.000000,0.000000,0.000000,0.000000
11.071268,0.000000,0.000000,0.000000,0.000000,0.000000,0.000000
11.081268,0.000000,0.000000,0.000000,0.000000,0.000000,0.000000
11.091268,0.000000,0.000000,0.000000,0.000000,0.000000,0.000000
11.101268,0.000000,0.000000,0.000000,0.000000,0.000000,0.000000
11.111268,0.000000,0.000000,0.000000,0.000000,0.000000,0.000000
11.121268,0.000000,0.000000,0.000000,0.000000,0.000000,0.000000
11.131268,0.000000,0.000000,0.000000,0.000000,0.000000,0.000000
11.141268,0.000000,0.000000,0.000000,0.000000,0.000000,0.000000
11.151268,0.000000,0.000000,0.000000,0.000000,0.000000,0.000000
11.161268,0.000000,0.000000,0.000000,0.000000,0.000000,0.000000
11.171268,0.000000,0.000000,0.000000,0.000000,0.000000,0.000000
11.181268,0.000000,0.000000,0.000000,0.000000,0.000000,0.000000
11.191268,0.000000,0.000000,0.000000,0.000000,0.000000,0.000000
11.201268,0.000000,0.000000,0.000000,0.000000,0.000000,0.000000
11.211268,0.000000,0.000000,0.000000,0.000000,0.000000,0.000000
11.221268,0.000000,0.000000,0.000000,0.000000,0.000000,0.000000
11.231268,0.000000,0.000000,0.000000,0.000000,0.000000,0.000000
11.241268,0.000000,0.000000,0.000000,0.000000,0.000000,0.000000
11.251268,0.000000,0.000000,0.000000,0.000000,0.000000,0.000000
11.261268,0.000000,0.000000,0.000000,0.000000,0.000000,0.000000
11.271268,0.000000,0.000000,0.000000,0.000000,0.000000,0.000000
11.281268,0.000000,0.000000,0.000000,0.000000,0.000000,0.000000
11.291268,0.000000,0.000000,0.000000,0.000000,0.000000,0.000000
11.301268,0.000000,0.000000,0.000000,0.000000,0.000000,0.000000
11.311268,0.000000,0.000000,0.000000,0.000000,0.000000,0.000000
11.321268,0.000000,0.000000,0.000000,0.000000,0.000000,0.000000
11.331268,0.000000,0.000000,0.000000,0.000000,0.000000,0.000000
11.341268,0.000000,0.000000,0.000000,0.000000,0.000000,0.000000
11.351268,0.000000,0.000000,0.000000,0.000000,0.000000,0.000000
11.361268,0.000000,0.000000,0.000000,0.000000,0.000000,0.000000
11.371268,0.000000,0.000000,0.000000,0.000000,0.000000,0.000000
11.381268,0.000000,0.000000,0.000000,0.000000,0.000000,0.000000
11.391268,0.000000,0.000000,0.000000,0.000000,0.000000,0.000000
11.401268,0.000000,0.000000,0.000000,0.000000,0.000000,0.000000
11.411268,0.000000,0.000000,0.000000,0.000000,0.000000,0.000000
11.421268,0.000000,0.000000,0.000000,0.000000,0.000000,0.000000
11.431268,0.000000,0.000000,0.000000,0.000000,0.000000,0.000000
11.441268,0.000000,0.000000,0.000000,0.000000,0.000000,0.000000
11.451268,0.000000,0.000000,0.000000,0.000000,0.000000,0.000000
11.461268,0.000000,0.000000,0.000000,0.000000,0.000000,0.000000
11.471268,0.000000,0.000000,0.000000,0.000000,0.000000,0.000000
11.481268,0.000000,0.000000,0.000000,0.000000,0.000000,0.000000
11.491268,0.000000,0.000000,0.000000,0.000000,0.000000,0.000000
11.501268,0.000000,0.000000,0.000000,0.000000,0.000000,0.000000
11.511268,0.000000,0.000000,0.000000,0.000000,0.000000,0.000000
11.521268,0.000000,0.000000,0.000000,0.000000,0.000000,0.000000
11.531268,0.000000,0.000000,0.000000,0.000000,0.000000,0.000000
11.541268,0.000000,0.000000,0.000000,0.000000,0.000000,0.000000
11.551268,0.000000,0.000000,0.000000,0.000000,0.000000,0.000000
11.561268,0.000000,0.000000,0.000000,0.000000,0.000000,0.000000
11.571268,0.000000,0.000000,0.000000,0.000000,0.000000,0.000000
11.581268,0.000000,0.000000,0.000000,0.000000,0.000000,0.000000
11.591268,0.000000,0.000000,0.000000,0.000000,0.000000,0.000000
11.601268,0.000000,0.000000,0.000000,0.000000,0.000000,0.000000
11.611268,0.000000,0.000000,0.000000,0.000000,0.000000,0.000000
11.621268,0.000000,0.000000,0.000000,0.000000,0.000000,0.000000
11.631268,0.000000,0.000000,0.000000,0.000000,0.000000,0.000000
11.641268,0.000000,0.000000,0.000000,0.000000,0.000000,0.000000
11.651268,0.000000,0.000000,0.000000,0.000000,0.000000,0.000000
11.661268,0.000000,0.000000,0.000000,0.000000,0.000000,0.000000
11.671268,0.000000,0.000000,0.000000,0.000000,0.000000,0.000000
11.681268,0.000000,0.000000,0.000000,0.000000,0.000000,0.000000
11.691268,0.000000,0.000000,0.000000,0.000000,0.000000,0.000000
11.701268,0.000000,0.000000,0.000000,0.000000,0.000000,0.000000
11.711268,0.000000,0.000000,0.000000,0.000000,0.000000,0.000000
11.721268,0.000000,0.000000,0.000000,0.000000,0.000000,0.000000
11.731268,0.000000,0.000000,0.000000,0.000000,0.000000,0.000000
11.741268,0.000000,0.000000,0.000000,0.000000,0.000000,0.000000
11.751268,0.000000,0.000000,0.000000,0.000000,0.000000,0.000000
11.761268,0.000000,0.000000,0.000000,0.000000,0.000000,0.000000
11.771268,0.000000,0.000000,0.000000,0.000000,0.000000,0.000000
11.781268,0.000000,0.000000,0.000000,0.000000,0.000000,0.000000
11.791268,0.000000,0.000000,0.000000,0.000000,0.000000,0.000000
11.801268,0.000000,0.000000,0.000000,0.000000,0.000000,0.000000
11.811268,0.000000,0.000000,0.000000,0.000000,0.000000,0.000000
11.821268,0.000000,0.000000,0.000000,0.000000,0.000000,0.000000
11.831268,0.000000,0.000000,0.000000,0.000000,0.000000,0.000000
11.841268,0.000000,0.000000,0.000000,0.000000,0.000000,0.000000
11.851268,0.000000,0.000000,0.000000,0.000000,0.000000,0.000000
11.861268,0.000000,0.000000,0.000000,0.000000,0.000000,0.000000
11.871268,0.000000,0.000000,0.000000,0.000000,0.000000,0.000000
11.881268,0.000000,0.000000,0.000000,0.000000,0.000000,0.000000
11.891268,0.000000,0.000000,0.000000,0.000000,0.000000,0.000000
11.901268,0.000000,0.000000,0.000000,0.000000,0.000000,0.000000
11.911268,0.000000,0.000000,0.000000,0.000000,0.000000,0.000000
11.921268,0.000000,0.000000,0.000000,0.000000,0.000000,0.000000
11.931268,0.000000,0.000000,0.000000,0.000000,0.000000,0.000000
11.941268,0.000000,0.000000,0.000000,0.000000,0.000000,0.000000
11.951268,0.000000,0.000000,0.000000,0.000000,0.000000,0.000000
11.961268,0.000000,0.000000,0.000000,0.000000,0.000000,0.000000
11.971268,0.000000,0.000000,0.000000,0.000000,0.000000,0.000000
11.981268,0.000000,0.000000,0.000000,0.000000,0.000000,0.000000
11.991268,0.000000,0.000000,0.000000,0.000000,0.000000,0.000000
12.001268,0.000000,0.000000,0.000000,0.000000,0.000000,0.000000
12.011268,0.000000,0.000000,0.000000,0.000000,0.000000,0.000000
12.021268,0.000000,0.000000,0.000000,0.000000,0.000000,0.000000
12.031268,0.000000,0.000000,0.000000,0.000000,0.000000,0.000000
12.041268,0.000000,0.000000,0.000000,0.000000,0.000000,0.000000
12.051268,0.000000,0.000000,0.000000,0.000000,0.000000,0.000000
12.061268,0.000000,0.000000,0.000000,0.000000,0.000000,0.000000
12.071268,0.000000,0.000000,0.000000,0.000000,0.000000,0.000000
12.081268,0.000000,0.000000,0.000000,0.000000,0.000000,0.000000
12.091268,0.000000,0.000000,0.000000,0.000000,0.000000,0.000000
12.101268,0.000000,0.000000,0.000000,0.000000,0.000000,0.000000
12.111268,0.000000,0.000000,0.000000,0.000000,0.000000,0.000000
12.121268,0.000000,0.000000,0.000000,0.000000,0.000000,0.000000
12.131268,0.000000,0.000000,0.000000,0.000000,0.000000,0.000000
12.141268,0.000000,0.000000,0.000000,0.000000,0.000000,0.000000
12.151268,0.000000,0.000000,0.000000,0.000000,0.000000,0.000000
12.161268,0.000000,0.000000,0.000000,0.000000,0.000000,0.000000
12.171268,0.000000,0.000000,0.000000,0.000000,0.000000,0.000000
12.181268,0.000000,0.000000,0.000000,0.000000,0.000000,0.000000
12.191268,0.000000,0.000000,0.000000,0.000000,0.000000,0.000000
12.201268,0.000000,0.000000,0.000000,0.000000,0.000000,0.000000
12.211268,0.000000,0.000000,0.000000,0.000000,0.000000,0.000000
12.221268,0.000000,0.000000,0.000000,0.000000,0.000000,0.000000
12.231268,0.000000,0.000000,0.000000,0.000000,0.000000,0.000000
12.241268,0.000000,0.000000,0.000000,0.000000,0.000000,0.000000
12.251268,0.000000,0.000000,0.000000,0.000000,0.000000,0.000000
12.261268,0.000000,0.000000,0.000000,0.000000,0.000000,0.000000
12.271268,0.000000,0.000000,0.000000,0.000000,0.000000,0.000000
12.281268,0.000000,0.000000,0.000000,0.000000,0.000000,0.000000
12.291268,0.000000,0.000000,0.000000,0.000000,0.000000,0.000000
12.301268,0.000000,0.000000,0.000000,0.000000,0.000000,0.000000
12.311268,0.000000,0.000000,0.000000,0.000000,0.000000,0.000000
12.321268,0.000000,0.000000,0.000000,0.000000,0.000000,0.000000
12.331268,0.000000,0.000000,0.000000,0.000000,0.000000,0.000000
12.341268,0.000000,0.000000,0.000000,0.000000,0.000000,0.000000
12.351268,0.000000,0.000000,0.000000,0.000000,0.000000,0.000000
12.361268,0.000000,0.000000,0.000000,0.000000,0.000000,0.000000
12.371268,0.000000,0.000000,0.000000,0.000000,0.000000,0.000000
12.381268,0.000000,0.000000,0.000000,0.000000,0.000000,0.000000
12.391268,0.000000,0.000000,0.000000,0.000000,0.000000,0.000000
12.401268,0.000000,0.000000,0.000000,0.000000,0.000000,0.000000
12.411268,0.000000,0.000000,0.000000,0.000000,0.000000,0.000000
12.421268,0.000000,0.000000,0.000000,0.000000,0.000000,0.000000
12.431268,0.000000,0.000000,0.000000,0.000000,0.000000,0.000000
12.441268,0.000000,0.000000,0.000000,0.000000,0.000000,0.000000
12.451268,0.000000,0.000000,0.000000,0.000000,0.000000,0.000000
12.461268,0.000000,0.000000,0.000000,0.000000,0.000000,0.000000
12.471268,0.000000,0.000000,0.000000,0.000000,0.000000,0.000000
12.481268,0.000000,0.000000,0.000000,0.000000,0.000000,0.000000
12.491268,0.000000,0.000000,0.000000,0.000000,0.000000,0.000000
12.501268,0.000000,0.000000,0.000000,0.000000,0.000000,0.000000
12.511268,0.000000,0.000000,0.000000,0.000000,0.000000,0.000000
12.521268,0.000000,0.000000,0.000000,0.000000,0.000000,0.000000
12.531268,0.000000,0.000000,0.000000,0.000000,0.000000,0.000000
12.541268,0.000000,0.000000,0.000000,0.000000,0.000000,0.000000
12.551268,0.000000,0.000000,0.000000,0.000000,0.000000,0.000000
12.561268,0.000000,0.000000,0.000000,0.000000,0.000000,0.000000
12.571268,0.000000,0.000000,0.000000,0.000000,0.000000,0.000000
12.581268,0.000000,0.000000,0.000000,0.000000,0.000000,0.000000
12.591268,0.000000,0.000000,0.000000,0.000000,0.000000,0.000000
12.601268,0.000000,0.000000,0.000000,0.000000,0.000000,0.000000
12.611268,0.000000,0.000000,0.000000,0.000000,0.000000,0.000000
12.621268,0.000000,0.000000,0.000000,0.000000,0.000000,0.000000
12.631268,0.000000,0.000000,0.000000,0.000000,0.000000,0.000000
12.641268,0.000000,0.000000,0.000000,0.000000,0.000000,0.000000
12.651268,0.000000,0.000000,0.000000,0.000000,0.000000,0.000000
12.661268,0.000000,0.000000,0.000000,0.000000,0.000000,0.000000
12.671268,0.000000,0.000000,0.000000,0.000000,0.000000,0.000000
12.681268,0.000000,0.000000,0.000000,0.000000,0.000000,0.000000
12.691268,0.000000,0.000000,0.000000,0.000000,0.000000,0.000000
12.701268,0.000000,0.000000,0.000000,0.000000,0.000000,0.000000
12.711268,0.000000,0.000000,0.000000,0.000000,0.000000,0.000000
12.721268,0.000000,0.000000,0.000000,0.000000,0.000000,0.000000
12.731268,0.000000,0.000000,0.000000,0.000000,0.000000,0.000000
12.741268,0.000000,0.000000,0.000000,0.000000,0.000000,0.000000
12.751268,0.000000,0.000000,0.000000,0.000000,0.000000,0.000000
12.761268,0.000000,0.000000,0.000000,0.000000,0.000000,0.000000
12.771268,0.000000,0.000000,0.000000,0.000000,0.000000,0.000000
12.781268,0.000000,0.000000,0.000000,0.000000,0.000000,0.000000
12.791268,0.000000,0.000000,0.000000,0.000000,0.000000,0.000000
12.801268,0.000000,0.000000,0.000000,0.000000,0.000000,0.000000
12.811268,0.000000,0.000000,0.000000,0.000000,0.000000,0.000000
12.821268,0.000000,0.000000,0.000000,0.000000,0.000000,0.000000
12.831268,0.000000,0.000000,0.000000,0.000000,0.000000,0.000000
12.841268,0.000000,0.000000,0.000000,0.000000,0.000000,0.000000
12.851268,0.000000,0.000000,0.000000,0.000000,0.000000,0.000000
12.861268,0.000000,0.000000,0.000000,0.000000,0.000000,0.000000
12.871268,0.000000,0.000000,0.000000,0.000000,0.000000,0.000000
12.881268,0.000000,0.000000,0.000000,0.000000,0.000000,0.000000
12.891268,0.000000,0.000000,0.000000,0.000000,0.000000,0.000000
12.901268,0.000000,0.000000,0.000000,0.000000,0.000000,0.000000
12.911268,0.000000,0.000000,0.000000,0.000000,0.000000,0.000000
12.921268,0.000000,0.000000,0.000000,0.000000,0.000000,0.000000
12.931268,0.000000,0.000000,0.000000,0.000000,0.000000,0.000000
12.941268,0.000000,0.000000,0.000000,0.000000,0.000000,0.000000
12.951268,0.000000,0.000000,0.000000,0.000000,0.000000,0.000000
12.961268,0.000000,0.000000,0.000000,0.000000,0.000000,0.000000
12.971268,0.000000,0.000000,0.000000,0.000000,0.000000,0.000000
12.981268,0.000000,0.000000,0.000000,0.000000,0.000000,0.000000
12.991268,0.000000,0.000000,0.000000,0.000000,0.000000,0.000000
13.001268,0.000000,0.000000,0.000000,0.000000,0.000000,0.000000
13.011268,0.000000,0.000000,0.000000,0.000000,0.000000,0.000000
13.021268,0.000000,0.000000,0.000000,0.000000,0.000000,0.000000
13.031268,0.000000,0.000000,0.000000,0.000000,0.000000,0.000000
13.041268,0.000000,0.000000,0.000000,0.000000,0.000000,0.000000
13.051268,0.000000,0.000000,0.000000,0.000000,0.000000,0.000000
13.061268,0.000000,0.000000,0.000000,0.000000,0.000000,0.000000
13.071268,0.000000,0.000000,0.000000,0.000000,0.000000,0.000000
13.081268,0.000000,0.000000,0.000000,0.000000,0.000000,0.000000
13.091268,0.000000,0.000000,0.000000,0.000000,0.000000,0.000000
13.101268,0.000000,0.000000,0.000000,0.000000,0.000000,0.000000
13.111268,0.000000,0.000000,0.000000,0.000000,0.000000,0.000000
13.121268,0.000000,0.000000,0.000000,0.000000,0.000000,0.000000
13.131268,0.000000,0.000000,0.000000,0.000000,0.000000,0.000000
13.141268,0.000000,0.000000,0.000000,0.000000,0.000000,0.000000
13.151268,0.000000,0.000000,0.000000,0.000000,0.000000,0.000000
13.161268,0.000000,0.000000,0.000000,0.000000,0.000000,0.000000
13.171268,0.000000,0.000000,0.000000,0.000000,0.000000,0.000000
13.181268,0.000000,0.000000,0.000000,0.000000,0.000000,0.000000
13.191268,0.000000,0.000000,0.000000,0.000000,0.000000,0.000000
13.201268,0.000000,0.000000,0.000000,0.000000,0.000000,0.000000
13.211268,0.000000,0.000000,0.000000,0.000000,0.000000,0.000000
13.221268,0.000000,0.000000,0.000000,0.000000,0.000000,0.000000
13.231268,0.000000,0.000000,0.000000,0.000000,0.000000,0.000000
13.241268,0.000000,0.000000,0.000000,0.000000,0.000000,0.000000
13.251268,0.000000,0.000000,0.000000,0.000000,0.000000,0.000000
13.261268,0.000000,0.000000,0.000000,0.000000,0.000000,0.000000
13.271268,0.000000,0.000000,0.000000,0.000000,0.000000,0.000000
13.281268,0.000000,0.000000,0.000000,0.000000,0.000000,0.000000
13.291268,0.000000,0.000000,0.000000,0.000000,0.000000,0.000000
13.301268,0.000000,0.000000,0.000000,0.000000,0.000000,0.000000
13.311268,0.000000,0.000000,0.000000,0.000000,0.000000,0.000000
13.321268,0.000000,0.000000,0.000000,0.000000,0.000000,0.000000
13.331268,0.000000,0.000000,0.000000,0.000000,0.000000,0.000000
13.341268,0.000000,0.000000,0.000000,0.000000,0.000000,0.000000
13.351268,0.000000,0.000000,0.000000,0.000000,0.000000,0.000000
13.361268,0.000000,0.000000,0.000000,0.000000,0.000000,0.000000
13.371268,0.000000,0.000000,0.000000,0.000000,0.000000,0.000000
13.381268,0.000000,0.000000,0.000000,0.000000,0.000000,0.000000
13.391268,0.000000,0.000000,0.000000,0.000000,0.000000,0.000000
13.401268,0.000000,0.000000,0.000000,0.000000,0.000000,0.000000
13.411268,0.000000,0.000000,0.000000,0.000000,0.000000,0.000000
13.421268,0.000000,0.000000,0.000000,0.000000,0.000000,0.000000
13.431268,0.000000,0.000000,0.000000,0.000000,0.000000,0.000000
13.441268,0.000000,0.000000,0.000000,0.000000,0.000000,0.000000
13.451268,0.000000,0.000000,0.000000,0.000000,0.000000,0.000000
13.461268,0.000000,0.000000,0.000000,0.000000,0.000000,0.000000
13.471268,0.000000,0.000000,0.000000,0.000000,0.000000,0.000000
13.481268,0.000000,0.000000,0.000000,0.000000,0.000000,0.000000
13.491268,0.000000,0.000000,0.000000,0.000000,0.000000,0.000000
13.501268,0.000000,0.000000,0.000000,0.000000,0.000000,0.000000
13.511268,0.000000,0.000000,0.000000,0.000000,0.000000,0.000000
13.521268,0.000000,0.000000,0.000000,0.000000,0.000000,0.000000
13.531268,0.000000,0.000000,0.000000,0.000000,0.000000,0.000000
13.541268,0.000000,0.000000,0.000000,0.000000,0.000000,0.000000
13.551268,0.000000,0.000000,0.000000,0.000000,0.000000,0.000000
13.561268,0.000000,0.000000,0.000000,0.000000,0.000000,0.000000
13.571268,0.000000,0.000000,0.000000,0.000000,0.000000,0.000000
13.581268,0.000000,0.000000,0.000000,0.000000,0.000000,0.000000
13.591268,0.000000,0.000000,0.000000,0.000000,0.000000,0.000000
13.601268,0.000000,0.000000,0.000000,0.000000,0.000000,0.000000
13.611268,0.000000,0.000000,0.000000,0.000000,0.000000,0.000000
13.621268,0.000000,0.000000,0.000000,0.000000,0.000000,0.000000
13.631268,0.000000,0.000000,0.000000,0.000000,0.000000,0.000000
13.641268,0.000000,0.000000,0.000000,0.000000,0.000000,0.000000
13.651268,0.000000,0.000000,0.000000,0.000000,0.000000,0.000000
13.661268,0.000000,0.000000,0.000000,0.000000,0.000000,0.000000
13.671268,0.000000,0.000000,0.000000,0.000000,0.000000,0.000000
13.681268,0.000000,0.000000,0.000000,0.000000,0.000000,0.000000
13.691268,0.000000,0.000000,0.000000,0.000000,0.000000,0.000000
13.701268,0.000000,0.000000,0.000000,0.000000,0.000000,0.000000
13.711268,0.000000,0.000000,0.000000,0.000000,0.000000,0.000000
13.721268,0.000000,0.000000,0.000000,0.000000,0.000000,0.000000
13.731268,0.000000,0.000000,0.000000,0.000000,0.000000,0.000000
13.741268,0.000000,0.000000,0.000000,0.000000,0.000000,0.000000
13.751268,0.000000,0.000000,0.000000,0.000000,0.000000,0.000000
13.761268,0.000000,0.000000,0.000000,0.000000,0.000000,0.000000
13.771268,0.000000,0.000000,0.000000,0.000000,0.000000,0.000000
13.781268,0.000000,0.000000,0.000000,0.000000,0.000000,0.000000
13.791268,0.000000,0.000000,0.000000,0.000000,0.000000,0.000000
13.801268,0.000000,0.000000,0.000000,0.000000,0.000000,0.000000
13.811268,0.000000,0.000000,0.000000,0.000000,0.000000,0.000000
13.821268,0.000000,0.000000,0.000000,0.000000,0.000000,0.000000
13.831268,0.000000,0.000000,0.000000,0.000000,0.000000,0.000000
13.841268,0.000000,0.000000,0.000000,0.000000,0.000000,0.000000
13.851268,0.000000,0.000000,0.000000,0.000000,0.000000,0.000000
13.861268,0.000000,0.000000,0.000000,0.000000,0.000000,0.000000
13.871268,0.000000,0.000000,0.000000,0.000000,0.000000,0.000000
13.881268,0.000000,0.000000,0.000000,0.000000,0.000000,0.000000
13.891268,0.000000,0.000000,0.000000,0.000000,0.000000,0.000000
13.901268,0.000000,0.000000,0.000000,0.000000,0.000000,0.000000
13.911268,0.000000,0.000000,0.000000,0.000000,0.000000,0.000000
13.921268,0.000000,0.000000,0.000000,0.000000,0.000000,0.000000
13.931268,0.000000,0.000000,0.000000,0.000000,0.000000,0.000000
13.941268,0.000000,0.000000,0.000000,0.000000,0.000000,0.000000
13.951268,0.000000,0.000000,0.000000,0.000000,0.000000,0.000000
13.961268,0.000000,0.000000,0.000000,0.000000,0.000000,0.000000
13.971268,0.000000,0.000000,0.000000,0.000000,0.000000,0.000000
13.981268,0.000000,0.000000,0.000000,0.000000,0.000000,0.000000
13.991268,0.000000,0.000000,0.000000,0.000000,0.000000,0.000000
14.001268,0.000000,0.000000,0.000000,0.000000,0.000000,0.000000
14.011268,0.000000,0.000000,0.000000,0.000000,0.000000,0.000000
14.021268,0.000000,0.000000,0.000000,0.000000,0.000000,0.000000
14.031268,0.000000,0.000000,0.000000,0.000000,0.000000,0.000000
14.041268,0.000000,0.000000,0.000000,0.000000,0.000000,0.000000
14.051268,0.000000,0.000000,0.000000,0.000000,0.000000,0.000000
14.061268,0.000000,0.000000,0.000000,0.000000,0.000000,0.000000
14.071268,0.000000,0.000000,0.000000,0.000000,0.000000,0.000000
14.081268,0.000000,0.000000,0.000000,0.000000,0.000000,0.000000
14.091268,0.000000,0.000000,0.000000,0.000000,0.000000,0.000000
14.101268,0.000000,0.000000,0.000000,0.000000,0.000000,0.000000
14.111268,0.000000,0.000000,0.000000,0.000000,0.000000,0.000000
14.121268,0.000000,0.000000,0.000000,0.000000,0.000000,0.000000
14.131268,0.000000,0.000000,0.000000,0.000000,0.000000,0.000000
14.141268,0.000000,0.000000,0.000000,0.000000,0.000000,0.000000
14.151268,0.000000,0.000000,0.000000,0.000000,0.000000,0.000000
14.161268,0.000000,0.000000,0.000000,0.000000,0.000000,0.000000
14.171268,0.000000,0.000000,0.000000,0.000000,0.000000,0.000000
14.181268,0.000000,0.000000,0.000000,0.000000,0.000000,0.000000
14.191268,0.000000,0.000000,0.000000,0.000000,0.000000,0.000000
14.201268,0.000000,0.000000,0.000000,0.000000,0.000000,0.000000
14.211268,0.000000,0.000000,0.000000,0.000000,0.000000,0.000000
14.221268,0.000000,0.000000,0.000000,0.000000,0.000000,0.000000
14.231268,0.000000,0.000000,0.000000,0.000000,0.000000,0.000000
14.241268,0.000000,0.000000,0.000000,0.000000,0.000000,0.000000
14.251268,0.000000,0.000000,0.000000,0.000000,0.000000,0.000000
14.261268,0.000000,0.000000,0.000000,0.000000,0.000000,0.000000
14.271268,0.000000,0.000000,0.000000,0.000000,0.000000,0.000000
14.281268,0.000000,0.000000,0.000000,0.000000,0.000000,0.000000
14.291268,0.000000,0.000000,0.000000,0.000000,0.000000,0.000000
14.301268,0.000000,0.000000,0.000000,0.000000,0.000000,0.000000
14.311268,0.000000,0.000000,0.000000,0.000000,0.000000,0.000000
14.321268,0.000000,0.000000,0.000000,0.000000,0.000000,0.000000
14.331268,0.000000,0.000000,0.000000,0.000000,0.000000,0.000000
14.341268,0.000000,0.000000,0.000000,0.000000,0.000000,0.000000
14.351268,0.000000,0.000000,0.000000,0.000000,0.000000,0.000000
14.361268,0.000000,0.000000,0.000000,0.000000,0.000000,0.000000
14.371268,0.000000,0.000000,0.000000,0.000000,0.000000,0.000000
14.381268,0.000000,0.000000,0.000000,0.000000,0.000000,0.000000
14.391268,0.000000,0.000000,0.000000,0.000000,0.000000,0.000000
14.401268,0.000000,0.000000,0.000000,0.000000,0.000000,0.000000
14.411268,0.000000,0.000000,0.000000,0.000000,0.000000,0.000000
14.421268,0.000000,0.000000,0.000000,0.000000,0.000000,0.000000
14.431268,0.000000,0.000000,0.000000,0.000000,0.000000,0.000000
14.441268,0.000000,0.000000,0.000000,0.000000,0.000000,0.000000
14.451268,0.000000,0.000000,0.000000,0.000000,0.000000,0.000000
14.461268,0.000000,0.000000,0.000000,0.000000,0.000000,0.000000
14.471268,0.000000,0.000000,0.000000,0.000000,0.000000,0.000000
14.481268,0.000000,0.000000,0.000000,0.000000,0.000000,0.000000
14.491268,0.000000,0.000000,0.000000,0.000000,0.000000,0.000000
14.501268,0.000000,0.000000,0.000000,0.000000,0.000000,0.000000
14.511268,0.000000,0.000000,0.000000,0.000000,0.000000,0.000000
14.521268,0.000000,0.000000,0.000000,0.000000,0.000000,0.000000
14.531268,0.000000,0.000000,0.000000,0.000000,0.000000,0.000000
14.541268,0.000000,0.000000,0.000000,0.000000,0.000000,0.000000
14.551268,0.000000,0.000000,0.000000,0.000000,0.000000,0.000000
14.561268,0.000000,0.000000,0.000000,0.000000,0.000000,0.000000
14.571268,0.000000,0.000000,0.000000,0.000000,0.000000,0.000000
14.581268,0.000000,0.000000,0.000000,0.000000,0.000000,0.000000
14.591268,0.000000,0.000000,0.000000,0.000000,0.000000,0.000000
14.601268,0.000000,0.000000,0.000000,0.000000,0.000000,0.000000
14.611268,0.000000,0.000000,0.000000,0.000000,0.000000,0.000000
14.621268,0.000000,0.000000,0.000000,0.000000,0.000000,0.000000
14.631268,0.000000,0.000000,0.000000,0.000000,0.000000,0.000000
14.641268,0.000000,0.000000,0.000000,0.000000,0.000000,0.000000
14.651268,0.000000,0.000000,0.000000,0.000000,0.000000,0.000000
14.661268,0.000000,0.000000,0.000000,0.000000,0.000000,0.000000
14.671268,0.000000,0.000000,0.000000,0.000000,0.000000,0.000000
14.681268,0.000000,0.000000,0.000000,0.000000,0.000000,0.000000
14.691268,0.000000,0.000000,0.000000,0.000000,0.000000,0.000000
14.701268,0.000000,0.000000,0.000000,0.000000,0.000000,0.000000
14.711268,0.000000,0.000000,0.000000,0.000000,0.000000,0.000000
14.721268,0.000000,0.000000,0.000000,0.000000,0.000000,0.000000
14.731268,0.000000,0.000000,0.000000,0.000000,0.000000,0.000000
14.741268,0.000000,0.000000,0.000000,0.000000,0.000000,0.000000
14.751268,0.000000,0.000000,0.000000,0.000000,0.000000,0.000000
14.761268,0.000000,0.000000,0.000000,0.000000,0.000000,0.000000
14.771268,0.000000,0.000000,0.000000,0.000000,0.000000,0.000000
14.781268,0.000000,0.000000,0.000000,0.000000,0.000000,0.000000
14.791268,0.000000,0.000000,0.000000,0.000000,0.000000,0.000000
14.801268,0.000000,0.000000,0.000000,0.000000,0.000000,0.000000
14.811268,0.000000,0.000000,0.000000,0.000000,0.000000,0.000000
14.821268,0.000000,0.000000,0.000000,0.000000,0.000000,0.000000
14.831268,0.000000,0.000000,0.000000,0.000000,0.000000,0.000000
14.841268,0.000000,0.000000,0.000000,0.000000,0.000000,0.000000
14.851268,0.000000,0.000000,0.000000,0.000000,0.000000,0.000000
14.861268,0.000000,0.000000,0.000000,0.000000,0.000000,0.000000
14.871268,0.000000,0.000000,0.000000,0.000000,0.000000,0.000000
14.881268,0.000000,0.000000,0.000000,0.000000,0.000000,0.000000
14.891268,0.000000,0.000000,0.000000,0.000000,0.000000,0.000000
14.901268,0.000000,0.000000,0.000000,0.000000,0.000000,0.000000
14.911268,0.000000,0.000000,0.000000,0.000000,0.000000,0.000000
14.921268,0.000000,0.000000,0.000000,0.000000,0.000000,0.000000
14.931268,0.000000,0.000000,0.000000,0.000000,0.000000,0.000000
14.941268,0.000000,0.000000,0.000000,0.000000,0.000000,0.000000
14.951268,0.000000,0.000000,0.000000,0.000000,0.000000,0.000000
14.961268,0.000000,0.000000,0.000000,0.000000,0.000000,0.000000
14.971268,0.000000,0.000000,0.000000,0.000000,0.000000,0.000000
14.981268,-2059354857708789173489679943036043264.000000,0.000000,0.000000,0.000000,0.000000,0.000000
14.991268,-2059354857708789173489679943036043264.000000,0.000000,0.000000,0.000000,0.000000,0.000000
15.001268,-2059354857708789173489679943036043264.000000,0.000000,0.000000,0.000000,0.000000,0.000000
15.011268,-2059354857708789173489679943036043264.000000,0.000000,0.000000,0.000000,0.000000,0.000000
15.021268,-2059354857708789173489679943036043264.000000,0.000000,0.000000,0.000000,0.000000,0.000000
15.031268,293808348702458101046903962599424.000000,0.000000,0.000000,0.000000,0.000000,0.000000
15.041268,293808348702458101046903962599424.000000,0.000000,0.000000,0.000000,0.000000,0.000000
15.051268,12515036262503382165588279296.000000,0.000000,0.000000,0.000000,0.000000,0.000000
15.061268,12515036262503382165588279296.000000,0.000000,0.000000,0.000000,0.000000,0.000000
15.071268,12515036262503382165588279296.000000,0.000000,0.000000,0.000000,0.000000,0.000000
15.081268,-299788149035054076526592.000000,0.000000,0.000000,0.000000,0.000000,0.000000
15.091268,-299788149035054076526592.000000,0.000000,0.000000,0.000000,0.000000,0.000000
15.101268,-299788149035054076526592.000000,0.000000,0.000000,0.000000,0.000000,0.000000
15.111268,-299788149035054076526592.000000,0.000000,0.000000,0.000000,0.000000,0.000000
15.121268,72117663589143429120.000000,0.000000,0.000000,0.000000,0.000000,0.000000
15.131268,72117663589143429120.000000,0.000000,0.000000,0.000000,0.000000,0.000000
15.141268,72117663589143429120.000000,0.000000,0.000000,0.000000,0.000000,0.000000
15.151268,15264374773029530.000000,0.000000,0.000000,0.000000,0.000000,0.000000
15.161268,15264374773029530.000000,0.000000,0.000000,0.000000,0.000000,0.000000
15.171268,15264374773029530.000000,0.000000,0.000000,0.000000,0.000000,0.000000
15.181268,601117613403539.000000,0.000000,0.000000,0.000000,0.000000,0.000000
15.191268,601117613403539.000000,0.000000,0.000000,0.000000,0.000000,0.000000
15.201268,6440179166797.883789,0.000000,0.000000,0.000000,0.000000,0.000000
15.211268,6440179166797.883789,0.000000,0.000000,0.000000,0.000000,0.000000
15.221268,-37076371203.635567,0.000000,0.000000,0.000000,0.000000,0.000000
15.231268,-37076371203.635567,0.000000,0.000000,0.000000,0.000000,0.000000
15.241268,-37076371203.635567,0.000000,0.000000,0.000000,0.000000,0.000000
15.251268,-67312474.278614,0.000000,0.000000,0.000000,0.000000,0.000000
15.261268,-67312474.278614,0.000000,0.000000,0.000000,0.000000,0.000000
15.271268,-67312474.278614,0.000000,0.000000,0.000000,0.000000,0.000000
15.281268,495954.835884,0.000000,0.000000,0.000000,0.000000,0.000000
15.291268,495954.835884,0.000000,0.000000,0.000000,0.000000,0.000000
15.301268,495954.835884,0.000000,0.000000,0.000000,0.000000,0.000000
15.311268,2965.989760,0.000000,0.000000,0.000000,0.000000,0.000000
15.321268,2965.989760,0.000000,0.000000,0.000000,0.000000,0.000000
15.331268,2965.989760,0.000000,0.000000,0.000000,0.000000,0.000000
15.341268,-0.278041,0.000000,0.000000,0.000000,0.000000,0.000000
15.351268,-0.278041,0.000000,0.000000,0.000000,0.000000,0.000000
15.361268,-0.496871,0.000000,0.000000,0.000000,0.000000,0.000000
15.371268,-0.496871,0.000000,0.000000,0.000000,0.000000,0.000000
15.381268,-0.496871,0.000000,0.000000,0.000000,0.000000,0.000000
15.391268,-0.021297,0.000000,0.000000,0.000000,0.000000,0.000000
15.401268,-0.021297,0.000000,0.000000,0.000000,0.000000,0.000000
15.411268,-0.021297,0.000000,0.000000,0.000000,0.000000,0.000000
15.421268,-0.021297,0.000000,0.000000,0.000000,0.000000,0.000000
15.431268,-0.021542,0.000000,0.000000,0.000000,0.000000,0.000000
15.441268,-0.021542,0.000000,0.000000,0.000000,0.000000,0.000000
15.451268,-0.022992,0.000000,0.000000,0.000000,0.000000,0.000000
15.461268,-0.022992,0.000000,0.000000,0.000000,0.000000,0.000000
15.471268,-0.022992,0.000000,0.000000,0.000000,0.000000,0.000000
15.481268,-0.024500,0.000000,0.000000,0.000000,0.000000,0.000000
15.491268,-0.024500,0.000000,0.000000,0.000000,0.000000,0.000000
15.501268,-0.024500,0.000000,0.000000,0.000000,0.000000,0.000000
15.511268,-0.026000,0.000000,0.000000,0.000000,0.000000,0.000000
15.521268,-0.026000,0.000000,0.000000,0.000000,0.000000,0.000000
15.531268,-0.026000,0.000000,0.000000,0.000000,0.000000,0.000000
15.541268,-0.028000,0.000000,0.000000,0.000000,0.000000,0.000000
15.551268,-0.028000,0.000000,0.000000,0.000000,0.000000,0.000000
15.561268,-0.028000,0.000000,0.000000,0.000000,0.000000,0.000000
15.571268,-0.028000,0.000000,0.000000,0.000000,0.000000,0.000000
15.581268,-0.029500,0.000000,0.000000,0.000000,0.000000,0.000000
15.591268,-0.029500,0.000000,0.000000,0.000000,0.000000,0.000000
15.601268,-0.029500,0.000000,0.000000,0.000000,0.000000,0.000000
15.611268,-0.030500,0.000000,0.000000,0.000000,0.000000,0.000000
15.621268,-0.030500,0.000000,0.000000,0.000000,0.000000,0.000000
15.631268,-0.032000,0.000000,0.000000,0.000000,0.000000,0.000000
15.641268,-0.032000,0.000000,0.000000,0.000000,0.000000,0.000000
15.651268,-0.032000,0.000000,0.000000,0.000000,0.000000,0.000000
15.661268,-0.033500,0.000000,0.000000,0.000000,0.000000,0.000000
15.671268,-0.033500,0.000000,0.000000,0.000000,0.000000,0.000000
15.681268,-0.033500,0.000000,0.000000,0.000000,0.000000,0.000000
15.691268,-0.035000,0.000000,0.000000,0.000000,0.000000,0.000000
15.701268,-0.035000,0.000000,0.000000,0.000000,0.000000,0.000000
15.711268,-0.035000,0.000000,0.000000,0.000000,0.000000,0.000000
15.721268,-0.036500,0.000000,0.000000,0.000000,0.000000,0.000000
15.731268,-0.036500,0.000000,0.000000,0.000000,0.000000,0.000000
15.741268,-0.036500,0.000000,0.000000,0.000000,0.000000,0.000000
15.751268,-0.038000,0.000000,0.000000,0.000000,0.000000,0.000000
15.761268,-0.038000,0.000000,0.000000,0.000000,0.000000,0.000000
15.771268,-0.038000,0.000000,0.000000,0.000000,0.000000,0.000000
15.781268,-0.039500,0.000000,0.000000,0.000000,0.000000,0.000000
15.791268,-0.039500,0.000000,0.000000,0.000000,0.000000,0.000000
15.801268,-0.039500,0.000000,0.000000,0.000000,0.000000,0.000000
15.811268,-0.041000,0.000000,0.000000,0.000000,0.000000,0.000000
15.821268,-0.041000,0.000000,0.000000,0.000000,0.000000,0.000000
15.831268,-0.041000,0.000000,0.000000,0.000000,0.000000,0.000000
15.841268,-0.042500,0.000000,0.000000,0.000000,0.000000,0.000000
15.851268,-0.042500,0.000000,0.000000,0.000000,0.000000,0.000000
15.861268,-0.042500,0.000000,0.000000,0.000000,0.000000,0.000000
15.871268,-0.043500,0.000000,0.000000,0.000000,0.000000,0.000000
15.881268,-0.043500,0.000000,0.000000,0.000000,0.000000,0.000000
15.891268,-0.045000,0.000000,0.000000,0.000000,0.000000,0.000000
15.901268,-0.045000,0.000000,0.000000,0.000000,0.000000,0.000000
15.911268,-0.045000,0.000000,0.000000,0.000000,0.000000,0.000000
15.921268,-0.046500,0.000000,0.000000,0.000000,0.000000,0.000000
15.931268,-0.046500,0.000000,0.000000,0.000000,0.000000,0.000000
15.941268,-0.046500,0.000000,0.000000,0.000000,0.000000,0.000000
15.951268,-0.048000,0.000000,0.000000,0.000000,0.000000,0.000000
15.961268,-0.048000,0.000000,0.000000,0.000000,0.000000,0.000000
15.971268,-0.048000,0.000000,0.000000,0.000000,0.000000,0.000000
15.981268,-0.049500,0.000000,0.000000,0.000000,0.000000,0.000000
15.991268,-0.049500,0.000000,0.000000,0.000000,0.000000,0.000000
16.001268,-0.049500,0.000000,0.000000,0.000000,0.000000,0.000000
16.011268,-0.051000,0.000000,0.000000,0.000000,0.000000,0.000000
16.021268,-0.051000,0.000000,0.000000,0.000000,0.000000,0.000000
16.031268,-0.051000,0.000000,0.000000,0.000000,0.000000,0.000000
16.041268,-0.052500,0.000000,0.000000,0.000000,0.000000,0.000000
16.051268,-0.052500,0.000000,0.000000,0.000000,0.000000,0.000000
16.061268,-0.052500,0.000000,0.000000,0.000000,0.000000,0.000000
16.071268,-0.053500,0.000000,0.000000,0.000000,0.000000,0.000000
16.081268,-0.053500,0.000000,0.000000,0.000000,0.000000,0.000000
16.091268,-0.055000,0.000000,0.000000,0.000000,0.000000,0.000000
16.101268,-0.055000,0.000000,0.000000,0.000000,0.000000,0.000000
16.111268,-0.055000,0.000000,0.000000,0.000000,0.000000,0.000000
16.121268,-0.056500,0.000000,0.000000,0.000000,0.000000,0.000000
16.131268,-0.056500,0.000000,0.000000,0.000000,0.000000,0.000000
16.141268,-0.056500,0.000000,0.000000,0.000000,0.000000,0.000000
16.151268,-0.057500,0.000000,0.000000,0.000000,0.000000,0.000000
16.161268,-0.057500,0.000000,0.000000,0.000000,0.000000,0.000000
16.171268,-0.059000,0.000000,0.000000,0.000000,0.000000,0.000000
16.181268,-0.059000,0.000000,0.000000,0.000000,0.000000,0.000000
16.191268,-0.059000,0.000000,0.000000,0.000000,0.000000,0.000000
16.201268,-0.060000,0.000000,0.000000,0.000000,0.000000,0.000000
16.211268,-0.060000,0.000000,0.000000,0.000000,0.000000,0.000000
16.221268,-0.061500,0.000000,0.000000,0.000000,0.000000,0.000000
16.231268,-0.061500,0.000000,0.000000,0.000000,0.000000,0.000000
16.241268,-0.061500,0.000000,0.000000,0.000000,0.000000,0.000000
16.251268,-0.062500,0.000000,0.000000,0.000000,0.000000,0.000000
16.261268,-0.062500,0.000000,0.000000,0.000000,0.000000,0.000000
16.271268,-0.064000,0.000000,0.000000,0.000000,0.000000,0.000000
16.281268,-0.064000,0.000000,0.000000,0.000000,0.000000,0.000000
16.291268,-0.064000,0.000000,0.000000,0.000000,0.000000,0.000000
16.301268,-0.065500,0.000000,0.000000,0.000000,0.000000,0.000000
16.311268,-0.065500,0.000000,0.000000,0.000000,0.000000,0.000000
16.321268,-0.065500,0.000000,0.000000,0.000000,0.000000,0.000000
16.331268,-0.066500,0.000000,0.000000,0.000000,0.000000,0.000000
16.341268,-0.066500,0.000000,0.000000,0.000000,0.000000,0.000000
16.351268,-0.068000,0.000000,0.000000,0.000000,0.000000,0.000000
16.361268,-0.068000,0.000000,0.000000,0.000000,0.000000,0.000000
16.371268,-0.068000,0.000000,0.000000,0.000000,0.000000,0.000000
16.381268,-0.069500,0.000000,0.000000,0.000000,0.000000,0.000000
16.391268,-0.069500,0.000000,0.000000,0.000000,0.000000,0.000000
16.401268,-0.069500,0.000000,0.000000,0.000000,0.000000,0.000000
16.411268,-0.071000,0.000000,0.000000,0.000000,0.000000,0.000000
16.421268,-0.071000,0.000000,0.000000,0.000000,0.000000,0.000000
16.431268,-0.071000,0.000000,0.000000,0.000000,0.000000,0.000000
16.441268,-0.072500,0.000000,0.000000,0.000000,0.000000,0.000000
16.451268,-0.072500,0.000000,0.000000,0.000000,0.000000,0.000000
16.461268,-0.072500,0.000000,0.000000,0.000000,0.000000,0.000000
16.471268,-0.074000,0.000000,0.000000,0.000000,0.000000,0.000000
16.481268,-0.074000,0.000000,0.000000,0.000000,0.000000,0.000000
16.491268,-0.074000,0.000000,0.000000,0.000000,0.000000,0.000000
16.501268,-0.075500,0.000000,0.000000,0.000000,0.000000,0.000000
16.511268,-0.075500,0.000000,0.000000,0.000000,0.000000,0.000000
16.521268,-0.075500,0.000000,0.000000,0.000000,0.000000,0.000000
16.531268,-0.077015,0.000000,0.000000,0.000000,0.000000,0.000000
16.541268,-0.077015,0.000000,0.000000,0.000000,0.000000,0.000000
16.551268,-0.077015,0.000000,0.000000,0.000000,0.000000,0.000000
16.561268,-0.078353,0.000000,0.000000,0.000000,0.000000,0.000000
16.571268,-0.078353,0.000000,0.000000,0.000000,0.000000,0.000000
16.581268,-0.078353,0.000000,0.000000,0.000000,0.000000,0.000000
16.591268,-0.081857,0.000000,0.000000,0.000000,0.000000,0.000000
16.601268,-0.081857,0.000000,0.000000,0.000000,0.000000,0.000000
16.611268,-0.671123,0.000000,0.000000,0.000000,0.000000,0.000000
16.621268,-0.671123,0.000000,0.000000,0.000000,0.000000,0.000000
16.631268,-0.671123,0.000000,0.000000,0.000000,0.000000,0.000000
16.641268,7.072825,0.000000,0.000000,0.000000,0.000000,0.000000
16.651268,7.072825,0.000000,0.000000,0.000000,0.000000,0.000000
16.661268,7.072825,0.000000,0.000000,0.000000,0.000000,0.000000
16.671268,-7771.621713,0.000000,0.000000,0.000000,0.000000,0.000000
16.681268,-7771.621713,0.000000,0.000000,0.000000,0.000000,0.000000
16.691268,-7771.621713,0.000000,0.000000,0.000000,0.000000,0.000000
16.701268,-2627817.241768,0.000000,0.000000,0.000000,0.000000,0.000000
16.711268,-2627817.241768,0.000000,0.000000,0.000000,0.000000,0.000000
16.721268,-2627817.241768,0.000000,0.000000,0.000000,0.000000,0.000000
16.731268,-2627817.241768,0.000000,0.000000,0.000000,0.000000,0.000000
16.741268,1039568210.792171,0.000000,0.000000,0.000000,0.000000,0.000000
16.751268,1039568210.792171,0.000000,0.000000,0.000000,0.000000,0.000000
16.761268,1039568210.792171,0.000000,0.000000,0.000000,0.000000,0.000000
16.771268,-14182642010.302217,0.000000,0.000000,0.000000,0.000000,0.000000
16.781268,-14182642010.302217,0.000000,0.000000,0.000000,0.000000,0.000000
16.791268,1192789822679.215820,0.000000,0.000000,0.000000,0.000000,0.000000
16.801268,1192789822679.215820,0.000000,0.000000,0.000000,0.000000,0.000000
16.811268,1192789822679.215820,0.000000,0.000000,0.000000,0.000000,0.000000
16.821268,1810114700335397.750000,0.000000,0.000000,0.000000,0.000000,0.000000
16.831268,1810114700335397.750000,0.000000,0.000000,0.000000,0.000000,0.000000
16.841268,1810114700335397.750000,0.000000,0.000000,0.000000,0.000000,0.000000
16.851268,-16965109649165897728.000000,0.000000,0.000000,0.000000,0.000000,0.000000
16.861268,-16965109649165897728.000000,0.000000,0.000000,0.000000,0.000000,0.000000
16.871268,-16965109649165897728.000000,0.000000,0.000000,0.000000,0.000000,0.000000
16.881268,-17195413457190917242880.000000,0.000000,0.000000,0.000000,0.000000,0.000000
16.891268,-17195413457190917242880.000000,0.000000,0.000000,0.000000,0.000000,0.000000
16.901268,-17195413457190917242880.000000,0.000000,0.000000,0.000000,0.000000,0.000000
16.911268,-24333205392957979416854528.000000,0.000000,0.000000,0.000000,0.000000,0.000000
16.921268,-24333205392957979416854528.000000,0.000000,0.000000,0.000000,0.000000,0.000000
16.931268,-24333205392957979416854528.000000,0.000000,0.000000,0.000000,0.000000,0.000000
16.941268,-303831794354566930640050061312.000000,0.000000,0.000000,0.000000,0.000000,0.000000
16.951268,-303831794354566930640050061312.000000,0.000000,0.000000,0.000000,0.000000,0.000000
16.961268,-303831794354566930640050061312.000000,0.000000,0.000000,0.000000,0.000000,0.000000
16.971268,72177450176963934906442892443648.000000,0.000000,0.000000,0.000000,0.000000,0.000000
16.981268,72177450176963934906442892443648.000000,0.000000,0.000000,0.000000,0.000000,0.000000
16.991268,62856477335954859764679180288.000000,0.000000,0.000000,0.000000,0.000000,0.000000
17.001268,62856477335954859764679180288.000000,0.000000,0.000000,0.000000,0.000000,0.000000
17.011268,62856477335954859764679180288.000000,0.000000,0.000000,0.000000,0.000000,0.000000
17.021268,904511391947041793142117200035840.000000,0.000000,0.000000,0.000000,0.000000,0.000000
17.031268,904511391947041793142117200035840.000000,0.000000,0.000000,0.000000,0.000000,0.000000
17.041268,904511391947041793142117200035840.000000,0.000000,0.000000,0.000000,0.000000,0.000000
17.051268,42082496910529709414853640192.000000,0.000000,0.000000,0.000000,0.000000,0.000000
17.061268,42082496910529709414853640192.000000,0.000000,0.000000,0.000000,0.000000,0.000000
17.071268,42082496910529709414853640192.000000,0.000000,0.000000,0.000000,0.000000,0.000000
17.081268,7731301508580666083639296.000000,0.000000,0.000000,0.000000,0.000000,0.000000
17.091268,7731301508580666083639296.000000,0.000000,0.000000,0.000000,0.000000,0.000000
17.101268,7731301508580666083639296.000000,0.000000,0.000000,0.000000,0.000000,0.000000
17.111268,27311449124385730560.000000,0.000000,0.000000,0.000000,0.000000,0.000000
17.121268,27311449124385730560.000000,0.000000,0.000000,0.000000,0.000000,0.000000
17.131268,27311449124385730560.000000,0.000000,0.000000,0.000000,0.000000,0.000000
17.141268,27311449124385730560.000000,0.000000,0.000000,0.000000,0.000000,0.000000
17.151268,-37094800026969880.000000,0.000000,0.000000,0.000000,0.000000,0.000000
17.161268,-37094800026969880.000000,0.000000,0.000000,0.000000,0.000000,0.000000
17.171268,-157476489017631.125000,0.000000,0.000000,0.000000,0.000000,0.000000
17.181268,-157476489017631.125000,0.000000,0.000000,0.000000,0.000000,0.000000
17.191268,-157476489017631.125000,0.000000,0.000000,0.000000,0.000000,0.000000
17.201268,-412487559762.124817,0.000000,0.000000,0.000000,0.000000,0.000000
17.211268,-412487559762.124817,0.000000,0.000000,0.000000,0.000000,0.000000
17.221268,-412487559762.124817,0.000000,0.000000,0.000000,0.000000,0.000000
17.231268,55087946.865409,0.000000,0.000000,0.000000,0.000000,0.000000
17.241268,55087946.865409,0.000000,0.000000,0.000000,0.000000,0.000000
17.251268,55087946.865409,0.000000,0.000000,0.000000,0.000000,0.000000
17.261268,7030296.787985,0.000000,0.000000,0.000000,0.000000,0.000000
17.271268,7030296.787985,0.000000,0.000000,0.000000,0.000000,0.000000
17.281268,7030296.787985,0.000000,0.000000,0.000000,0.000000,0.000000
17.291268,-55250.015493,0.000000,0.000000,0.000000,0.000000,0.000000
17.301268,-55250.015493,0.000000,0.000000,0.000000,0.000000,0.000000
17.311268,-55250.015493,0.000000,0.000000,0.000000,0.000000,0.000000
17.321268,589.231704,0.000000,0.000000,0.000000,0.000000,0.000000
17.331268,589.231704,0.000000,0.000000,0.000000,0.000000,0.000000
17.341268,589.231704,0.000000,0.000000,0.000000,0.000000,0.000000
17.351268,-1.529243,0.000000,0.000000,0.000000,0.000000,0.000000
17.361268,-1.529243,0.000000,0.000000,0.000000,0.000000,0.000000
17.371268,-1.529243,0.000000,0.000000,0.000000,0.000000,0.000000
17.381268,-0.060173,0.000000,0.000000,0.000000,0.000000,0.000000
17.391268,-0.060173,0.000000,0.000000,0.000000,0.000000,0.000000
17.401268,-0.060173,0.000000,0.000000,0.000000,0.000000,0.000000
17.411268,-0.077644,0.000000,0.000000,0.000000,0.000000,0.000000
17.421268,-0.077644,0.000000,0.000000,0.000000,0.000000,0.000000
17.431268,-0.077644,0.000000,0.000000,0.000000,0.000000,0.000000
17.441268,-0.077461,0.000000,0.000000,0.000000,0.000000,0.000000
17.451268,-0.077461,0.000000,0.000000,0.000000,0.000000,0.000000
17.461268,-0.077461,0.000000,0.000000,0.000000,0.000000,0.000000
17.471268,-0.076001,0.000000,0.000000,0.000000,0.000000,0.000000
17.481268,-0.076001,0.000000,0.000000,0.000000,0.000000,0.000000
17.491268,-0.076001,0.000000,0.000000,0.000000,0.000000,0.000000
17.501268,-0.074500,0.000000,0.000000,0.000000,0.000000,0.000000
17.511268,-0.074500,0.000000,0.000000,0.000000,0.000000,0.000000
17.521268,-0.074500,0.000000,0.000000,0.000000,0.000000,0.000000
17.531268,-0.073500,0.000000,0.000000,0.000000,0.000000,0.000000
17.541268,-0.073500,0.000000,0.000000,0.000000,0.000000,0.000000
17.551268,-0.072000,0.000000,0.000000,0.000000,0.000000,0.000000
17.561268,-0.072000,0.000000,0.000000,0.000000,0.000000,0.000000
17.571268,-0.072000,0.000000,0.000000,0.000000,0.000000,0.000000
17.581268,-0.070500,0.000000,0.000000,0.000000,0.000000,0.000000
17.591268,-0.070500,0.000000,0.000000,0.000000,0.000000,0.000000
17.601268,-0.070500,0.000000,0.000000,0.000000,0.000000,0.000000
17.611268,-0.069500,0.000000,0.000000,0.000000,0.000000,0.000000
17.621268,-0.069500,0.000000,0.000000,0.000000,0.000000,0.000000
17.631268,-0.068000,0.000000,0.000000,0.000000,0.000000,0.000000
17.641268,-0.068000,0.000000,0.000000,0.000000,0.000000,0.000000
17.651268,-0.068000,0.000000,0.000000,0.000000,0.000000,0.000000
17.661268,-0.066500,0.000000,0.000000,0.000000,0.000000,0.000000
17.671268,-0.066500,0.000000,0.000000,0.000000,0.000000,0.000000
17.681268,-0.066500,0.000000,0.000000,0.000000,0.000000,0.000000
17.691268,-0.065000,0.000000,0.000000,0.000000,0.000000,0.000000
17.701268,-0.065000,0.000000,0.000000,0.000000,0.000000,0.000000
17.711268,-0.065000,0.000000,0.000000,0.000000,0.000000,0.000000
17.721268,-0.063500,0.000000,0.000000,0.000000,0.000000,0.000000
17.731268,-0.063500,0.000000,0.000000,0.000000,0.000000,0.000000
17.741268,-0.063500,0.000000,0.000000,0.000000,0.000000,0.000000
17.751268,-0.062000,0.000000,0.000000,0.000000,0.000000,0.000000
17.761268,-0.062000,0.000000,0.000000,0.000000,0.000000,0.000000
17.771268,-0.062000,0.000000,0.000000,0.000000,0.000000,0.000000
17.781268,-0.060500,0.000000,0.000000,0.000000,0.000000,0.000000
17.791268,-0.060500,0.000000,0.000000,0.000000,0.000000,0.000000
17.801268,-0.060500,0.000000,0.000000,0.000000,0.000000,0.000000
17.811268,-0.059000,0.000000,0.000000,0.000000,0.000000,0.000000
17.821268,-0.059000,0.000000,0.000000,0.000000,0.000000,0.000000
17.831268,-0.059000,0.000000,0.000000,0.000000,0.000000,0.000000
17.841268,-0.057500,0.000000,0.000000,0.000000,0.000000,0.000000
17.851268,-0.057500,0.000000,0.000000,0.000000,0.000000,0.000000
17.861268,-0.057500,0.000000,0.000000,0.000000,0.000000,0.000000
17.871268,-0.056500,0.000000,0.000000,0.000000,0.000000,0.000000
17.881268,-0.056500,0.000000,0.000000,0.000000,0.000000,0.000000
17.891268,-0.055000,0.000000,0.000000,0.000000,0.000000,0.000000
17.901268,-0.055000,0.000000,0.000000,0.000000,0.000000,0.000000
17.911268,-0.055000,0.000000,0.000000,0.000000,0.000000,0.000000
17.921268,-0.054000,0.000000,0.000000,0.000000,0.000000,0.000000
17.931268,-0.054000,0.000000,0.000000,0.000000,0.000000,0.000000
17.941268,-0.052500,0.000000,0.000000,0.000000,0.000000,0.000000
17.951268,-0.052500,0.000000,0.000000,0.000000,0.000000,0.000000
17.961268,-0.052500,0.000000,0.000000,0.000000,0.000000,0.000000
17.971268,-0.051500,0.000000,0.000000,0.000000,0.000000,0.000000
17.981268,-0.051500,0.000000,0.000000,0.000000,0.000000,0.000000
17.991268,-0.050000,0.000000,0.000000,0.000000,0.000000,0.000000
18.001268,-0.050000,0.000000,0.000000,0.000000,0.000000,0.000000
18.011268,-0.050000,0.000000,0.000000,0.000000,0.000000,0.000000
18.021268,-0.048500,0.000000,0.000000,0.000000,0.000000,0.000000
18.031268,-0.048500,0.000000,0.000000,0.000000,0.000000,0.000000
18.041268,-0.048500,0.000000,0.000000,0.000000,0.000000,0.000000
18.051268,-0.047500,0.000000,0.000000,0.000000,0.000000,0.000000
18.061268,-0.047500,0.000000,0.000000,0.000000,0.000000,0.000000
18.071268,-0.045500,0.000000,0.000000,0.000000,0.000000,0.000000
18.081268,-0.045500,0.000000,0.000000,0.000000,0.000000,0.000000
18.091268,-0.045500,0.000000,0.000000,0.000000,0.000000,0.000000
18.101268,-0.045500,0.000000,0.000000,0.000000,0.000000,0.000000
18.111268,-0.044500,0.000000,0.000000,0.000000,0.000000,0.000000
18.121268,-0.044500,0.000000,0.000000,0.000000,0.000000,0.000000
18.131268,-0.043000,0.000000,0.000000,0.000000,0.000000,0.000000
18.141268,-0.043000,0.000000,0.000000,0.000000,0.000000,0.000000
18.151268,-0.043000,0.000000,0.000000,0.000000,0.000000,0.000000
18.161268,-0.041500,0.000000,0.000000,0.000000,0.000000,0.000000
18.171268,-0.041500,0.000000,0.000000,0.000000,0.000000,0.000000
18.181268,-0.041500,0.000000,0.000000,0.000000,0.000000,0.000000
18.191268,-0.040000,0.000000,0.000000,0.000000,0.000000,0.000000
18.201268,-0.040000,0.000000,0.000000,0.000000,0.000000,0.000000
18.211268,-0.040000,0.000000,0.000000,0.000000,0.000000,0.000000
18.221268,-0.038500,0.000000,0.000000,0.000000,0.000000,0.000000
18.231268,-0.038500,0.000000,0.000000,0.000000,0.000000,0.000000
18.241268,-0.038500,0.000000,0.000000,0.000000,0.000000,0.000000
18.251268,-0.037000,0.000000,0.000000,0.000000,0.000000,0.000000
18.261268,-0.037000,0.000000,0.000000,0.000000,0.000000,0.000000
18.271268,-0.037000,0.000000,0.000000,0.000000,0.000000,0.000000
18.281268,-0.035500,0.000000,0.000000,0.000000,0.000000,0.000000
18.291268,-0.035500,0.000000,0.000000,0.000000,0.000000,0.000000
18.301268,-0.035500,0.000000,0.000000,0.000000,0.000000,0.000000
18.311268,-0.034000,0.000000,0.000000,0.000000,0.000000,0.000000
18.321268,-0.034000,0.000000,0.000000,0.000000,0.000000,0.000000
18.331268,-0.034000,0.000000,0.000000,0.000000,0.000000,0.000000
18.341268,-0.033000,0.000000,0.000000,0.000000,0.000000,0.000000
18.351268,-0.033000,0.000000,0.000000,0.000000,0.000000,0.000000
18.361268,-0.031500,0.000000,0.000000,0.000000,0.000000,0.000000
18.371268,-0.031500,0.000000,0.000000,0.000000,0.000000,0.000000
18.381268,-0.031500,0.000000,0.000000,0.000000,0.000000,0.000000
18.391268,-0.030000,0.000000,0.000000,0.000000,0.000000,0.000000
18.401268,-0.030000,0.000000,0.000000,0.000000,0.000000,0.000000
18.411268,-0.030000,0.000000,0.000000,0.000000,0.000000,0.000000
18.421268,-0.028500,0.000000,0.000000,0.000000,0.000000,0.000000
18.431268,-0.028500,0.000000,0.000000,0.000000,0.000000,0.000000
18.441268,-0.028500,0.000000,0.000000,0.000000,0.000000,0.000000
18.451268,-0.027000,0.000000,0.000000,0.000000,0.000000,0.000000
18.461268,-0.027000,0.000000,0.000000,0.000000,0.000000,0.000000
18.471268,-0.027000,0.000000,0.000000,0.000000,0.000000,0.000000
18.481268,-0.025500,0.000000,0.000000,0.000000,0.000000,0.000000
18.491268,-0.025500,0.000000,0.000000,0.000000,0.000000,0.000000
18.501268,-0.025500,0.000000,0.000000,0.000000,0.000000,0.000000
18.511268,-0.024500,0.000000,0.000000,0.000000,0.000000,0.000000
18.521268,-0.024500,0.000000,0.000000,0.000000,0.000000,0.000000
18.531268,-0.022980,0.000000,0.000000,0.000000,0.000000,0.000000
18.541268,-0.022980,0.000000,0.000000,0.000000,0.000000,0.000000
18.551268,-0.022980,0.000000,0.000000,0.000000,0.000000,0.000000
18.561268,-0.021471,0.000000,0.000000,0.000000,0.000000,0.000000
18.571268,-0.021471,0.000000,0.000000,0.000000,0.000000,0.000000
18.581268,-0.021471,0.000000,0.000000,0.000000,0.000000,0.000000
18.591268,0.002620,0.000000,0.000000,0.000000,0.000000,0.000000
18.601268,0.002620,0.000000,0.000000,0.000000,0.000000,0.000000
18.611268,0.002620,0.000000,0.000000,0.000000,0.000000,0.000000
18.621268,-0.367300,0.000000,0.000000,0.000000,0.000000,0.000000
18.631268,-0.367300,0.000000,0.000000,0.000000,0.000000,0.000000
18.641268,-0.367300,0.000000,0.000000,0.000000,0.000000,0.000000
18.651268,127.840238,0.000000,0.000000,0.000000,0.000000,0.000000
18.661268,127.840238,0.000000,0.000000,0.000000,0.000000,0.000000
18.671268,127.840238,0.000000,0.000000,0.000000,0.000000,0.000000
18.681268,-11537.316670,0.000000,0.000000,0.000000,0.000000,0.000000
18.691268,-11537.316670,0.000000,0.000000,0.000000,0.000000,0.000000
18.701268,-11537.316670,0.000000,0.000000,0.000000,0.000000,0.000000
18.711268,-3967920.512847,0.000000,0.000000,0.000000,0.000000,0.000000
18.721268,-3967920.512847,0.000000,0.000000,0.000000,0.000000,0.000000
18.731268,-3967920.512847,0.000000,0.000000,0.000000,0.000000,0.000000
18.741268,730112895.469483,0.000000,0.000000,0.000000,0.000000,0.000000
18.751268,730112895.469483,0.000000,0.000000,0.000000,0.000000,0.000000
18.761268,730112895.469483,0.000000,0.000000,0.000000,0.000000,0.000000
18.771268,363871818960.223633,0.000000,0.000000,0.000000,0.000000,0.000000
18.781268,363871818960.223633,0.000000,0.000000,0.000000,0.000000,0.000000
18.791268,363871818960.223633,0.000000,0.000000,0.000000,0.000000,0.000000
18.801268,6090075874360.004883,0.000000,0.000000,0.000000,0.000000,0.000000
18.811268,6090075874360.004883,0.000000,0.000000,0.000000,0.000000,0.000000
18.821268,3695406486303137.500000,0.000000,0.000000,0.000000,0.000000,0.000000
18.831268,3695406486303137.500000,0.000000,0.000000,0.000000,0.000000,0.000000
18.841268,3695406486303137.500000,0.000000,0.000000,0.000000,0.000000,0.000000
18.851268,7039243064229738496.000000,0.000000,0.000000,0.000000,0.000000,0.000000
18.861268,7039243064229738496.000000,0.000000,0.000000,0.000000,0.000000,0.000000
18.871268,7039243064229738496.000000,0.000000,0.000000,0.000000,0.000000,0.000000
18.881268,-11731121941900058165248.000000,0.000000,0.000000,0.000000,0.000000,0.000000
18.891268,-11731121941900058165248.000000,0.000000,0.000000,0.000000,0.000000,0.000000
18.901268,-11731121941900058165248.000000,0.000000,0.000000,0.000000,0.000000,0.000000
18.911268,-78063130274788091256373248.000000,0.000000,0.000000,0.000000,0.000000,0.000000
18.921268,-78063130274788091256373248.000000,0.000000,0.000000,0.000000,0.000000,0.000000
18.931268,-78063130274788091256373248.000000,0.000000,0.000000,0.000000,0.000000,0.000000
18.941268,-136108856913716963960684544.000000,0.000000,0.000000,0.000000,0.000000,0.000000
18.951268,-136108856913716963960684544.000000,0.000000,0.000000,0.000000,0.000000,0.000000
18.961268,-1474729152070966585565459075039232.000000,0.000000,0.000000,0.000000,0.000000,0.000000
18.971268,-1474729152070966585565459075039232.000000,0.000000,0.000000,0.000000,0.000000,0.000000
18.981268,-1474729152070966585565459075039232.000000,0.000000,0.000000,0.000000,0.000000,0.000000
18.991268,0.000000,0.000000,0.000000,0.000000,0.000000,0.000000
19.001268,0.000000,0.000000,0.000000,0.000000,0.000000,0.000000
19.011268,0.000000,0.000000,0.000000,0.000000,0.000000,0.000000
19.021268,0.000000,0.000000,0.000000,0.000000,0.000000,0.000000
19.031268,0.000000,0.000000,0.000000,0.000000,0.000000,0.000000
19.041268,0.000000,0.000000,0.000000,0.000000,0.000000,0.000000
19.051268,0.000000,0.000000,0.000000,0.000000,0.000000,0.000000
19.061268,0.000000,0.000000,0.000000,0.000000,0.000000,0.000000
19.071268,0.000000,0.000000,0.000000,0.000000,0.000000,0.000000
19.081268,0.000000,0.000000,0.000000,0.000000,0.000000,0.000000
19.091268,0.000000,0.000000,0.000000,0.000000,0.000000,0.000000
19.101268,0.000000,0.000000,0.000000,0.000000,0.000000,0.000000
19.111268,0.000000,0.000000,0.000000,0.000000,0.000000,0.000000
19.121268,0.000000,0.000000,0.000000,0.000000,0.000000,0.000000
19.131268,0.000000,0.000000,0.000000,0.000000,0.000000,0.000000
19.141268,0.000000,0.000000,0.000000,0.000000,0.000000,0.000000
19.151268,0.000000,0.000000,0.000000,0.000000,0.000000,0.000000
19.161268,0.000000,0.000000,0.000000,0.000000,0.000000,0.000000
19.171268,0.000000,0.000000,0.000000,0.000000,0.000000,0.000000
19.181268,0.000000,0.000000,0.000000,0.000000,0.000000,0.000000
19.191268,0.000000,0.000000,0.000000,0.000000,0.000000,0.000000
19.201268,0.000000,0.000000,0.000000,0.000000,0.000000,0.000000
19.211268,0.000000,0.000000,0.000000,0.000000,0.000000,0.000000
19.221268,0.000000,0.000000,0.000000,0.000000,0.000000,0.000000
19.231268,0.000000,0.000000,0.000000,0.000000,0.000000,0.000000
19.241268,0.000000,0.000000,0.000000,0.000000,0.000000,0.000000
19.251268,0.000000,0.000000,0.000000,0.000000,0.000000,0.000000
19.261268,0.000000,0.000000,0.000000,0.000000,0.000000,0.000000
19.271268,0.000000,0.000000,0.000000,0.000000,0.000000,0.000000
19.281268,0.000000,0.000000,0.000000,0.000000,0.000000,0.000000
19.291268,0.000000,0.000000,0.000000,0.000000,0.000000,0.000000
19.301268,0.000000,0.000000,0.000000,0.000000,0.000000,0.000000
19.311268,0.000000,0.000000,0.000000,0.000000,0.000000,0.000000
19.321268,0.000000,0.000000,0.000000,0.000000,0.000000,0.000000
19.331268,0.000000,0.000000,0.000000,0.000000,0.000000,0.000000
19.341268,0.000000,0.000000,0.000000,0.000000,0.000000,0.000000
19.351268,0.000000,0.000000,0.000000,0.000000,0.000000,0.000000
19.361268,0.000000,0.000000,0.000000,0.000000,0.000000,0.000000
19.371268,0.000000,0.000000,0.000000,0.000000,0.000000,0.000000
19.381268,0.000000,0.000000,0.000000,0.000000,0.000000,0.000000
19.391268,0.000000,0.000000,0.000000,0.000000,0.000000,0.000000
19.401268,0.000000,0.000000,0.000000,0.000000,0.000000,0.000000
19.411268,0.000000,0.000000,0.000000,0.000000,0.000000,0.000000
19.421268,0.000000,0.000000,0.000000,0.000000,0.000000,0.000000
19.431268,0.000000,0.000000,0.000000,0.000000,0.000000,0.000000
19.441268,0.000000,0.000000,0.000000,0.000000,0.000000,0.000000
19.451268,0.000000,0.000000,0.000000,0.000000,0.000000,0.000000
19.461268,0.000000,0.000000,0.000000,0.000000,0.000000,0.000000
19.471268,0.000000,0.000000,0.000000,0.000000,0.000000,0.000000
19.481268,0.000000,0.000000,0.000000,0.000000,0.000000,0.000000
19.491268,0.000000,0.000000,0.000000,0.000000,0.000000,0.000000
19.501268,0.000000,0.000000,0.000000,0.000000,0.000000,0.000000
19.511268,0.000000,0.000000,0.000000,0.000000,0.000000,0.000000
19.521268,0.000000,0.000000,0.000000,0.000000,0.000000,0.000000
19.531268,0.000000,0.000000,0.000000,0.000000,0.000000,0.000000
19.541268,0.000000,0.000000,0.000000,0.000000,0.000000,0.000000
19.551268,0.000000,0.000000,0.000000,0.000000,0.000000,0.000000
19.561268,0.000000,0.000000,0.000000,0.000000,0.000000,0.000000
19.571268,0.000000,0.000000,0.000000,0.000000,0.000000,0.000000
19.581268,0.000000,0.000000,0.000000,0.000000,0.000000,0.000000
19.591268,0.000000,0.000000,0.000000,0.000000,0.000000,0.000000
19.601268,0.000000,0.000000,0.000000,0.000000,0.000000,0.000000
19.611268,0.000000,0.000000,0.000000,0.000000,0.000000,0.000000
19.621268,0.000000,0.000000,0.000000,0.000000,0.000000,0.000000
19.631268,0.000000,0.000000,0.000000,0.000000,0.000000,0.000000
19.641268,0.000000,0.000000,0.000000,0.000000,0.000000,0.000000
19.651268,0.000000,0.000000,0.000000,0.000000,0.000000,0.000000
19.661268,0.000000,0.000000,0.000000,0.000000,0.000000,0.000000
19.671268,0.000000,0.000000,0.000000,0.000000,0.000000,0.000000
19.681268,0.000000,0.000000,0.000000,0.000000,0.000000,0.000000
19.691268,0.000000,0.000000,0.000000,0.000000,0.000000,0.000000
19.701268,0.000000,0.000000,0.000000,0.000000,0.000000,0.000000
19.711268,0.000000,0.000000,0.000000,0.000000,0.000000,0.000000
19.721268,0.000000,0.000000,0.000000,0.000000,0.000000,0.000000
19.731268,0.000000,0.000000,0.000000,0.000000,0.000000,0.000000
19.741268,0.000000,0.000000,0.000000,0.000000,0.000000,0.000000
19.751268,0.000000,0.000000,0.000000,0.000000,0.000000,0.000000
19.761268,0.000000,0.000000,0.000000,0.000000,0.000000,0.000000
19.771268,0.000000,0.000000,0.000000,0.000000,0.000000,0.000000
19.781268,0.000000,0.000000,0.000000,0.000000,0.000000,0.000000
19.791268,0.000000,0.000000,0.000000,0.000000,0.000000,0.000000
19.801268,0.000000,0.000000,0.000000,0.000000,0.000000,0.000000
19.811268,0.000000,0.000000,0.000000,0.000000,0.000000,0.000000
19.821268,0.000000,0.000000,0.000000,0.000000,0.000000,0.000000
19.831268,0.000000,0.000000,0.000000,0.000000,0.000000,0.000000
19.841268,0.000000,0.000000,0.000000,0.000000,0.000000,0.000000
19.851268,0.000000,0.000000,0.000000,0.000000,0.000000,0.000000
19.861268,0.000000,0.000000,0.000000,0.000000,0.000000,0.000000
19.871268,0.000000,0.000000,0.000000,0.000000,0.000000,0.000000
19.881268,0.000000,0.000000,0.000000,0.000000,0.000000,0.000000
19.891268,0.000000,0.000000,0.000000,0.000000,0.000000,0.000000
19.901268,0.000000,0.000000,0.000000,0.000000,0.000000,0.000000
19.911268,0.000000,0.000000,0.000000,0.000000,0.000000,0.000000
19.921268,0.000000,0.000000,0.000000,0.000000,0.000000,0.000000
19.931268,0.000000,0.000000,0.000000,0.000000,0.000000,0.000000
19.941268,0.000000,0.000000,0.000000,0.000000,0.000000,0.000000
19.951268,0.000000,0.000000,0.000000,0.000000,0.000000,0.000000
19.961268,0.000000,0.000000,0.000000,0.000000,0.000000,0.000000
19.971268,0.000000,0.000000,0.000000,0.000000,0.000000,0.000000
19.981268,0.000000,0.000000,0.000000,0.000000,0.000000,0.000000
19.991268,0.000000,0.000000,0.000000,0.000000,0.000000,0.000000
20.001268,0.000000,0.000000,0.000000,0.000000,0.000000,0.000000
20.011268,0.000000,0.000000,0.000000,0.000000,0.000000,0.000000
20.021268,0.000000,0.000000,0.000000,0.000000,0.000000,0.000000
20.031268,0.000000,0.000000,0.000000,0.000000,0.000000,0.000000
20.041268,0.000000,0.000000,0.000000,0.000000,0.000000,0.000000
20.051268,0.000000,0.000000,0.000000,0.000000,0.000000,0.000000
20.061268,0.000000,0.000000,0.000000,0.000000,0.000000,0.000000
20.071268,0.000000,0.000000,0.000000,0.000000,0.000000,0.000000
20.081268,0.000000,0.000000,0.000000,0.000000,0.000000,0.000000
20.091268,0.000000,0.000000,0.000000,0.000000,0.000000,0.000000
20.101268,0.000000,0.000000,0.000000,0.000000,0.000000,0.000000
20.111268,0.000000,0.000000,0.000000,0.000000,0.000000,0.000000
20.121268,0.000000,0.000000,0.000000,0.000000,0.000000,0.000000
20.131268,0.000000,0.000000,0.000000,0.000000,0.000000,0.000000
20.141268,0.000000,0.000000,0.000000,0.000000,0.000000,0.000000
20.151268,0.000000,0.000000,0.000000,0.000000,0.000000,0.000000
20.161268,0.000000,0.000000,0.000000,0.000000,0.000000,0.000000
20.171268,0.000000,0.000000,0.000000,0.000000,0.000000,0.000000
20.181268,0.000000,0.000000,0.000000,0.000000,0.000000,0.000000
20.191268,0.000000,0.000000,0.000000,0.000000,0.000000,0.000000
20.201268,0.000000,0.000000,0.000000,0.000000,0.000000,0.000000
20.211268,0.000000,0.000000,0.000000,0.000000,0.000000,0.000000
20.221268,0.000000,0.000000,0.000000,0.000000,0.000000,0.000000
20.231268,0.000000,0.000000,0.000000,0.000000,0.000000,0.000000
20.241268,0.000000,0.000000,0.000000,0.000000,0.000000,0.000000
20.251268,0.000000,0.000000,0.000000,0.000000,0.000000,0.000000
20.261268,0.000000,0.000000,0.000000,0.000000,0.000000,0.000000
20.271268,0.000000,0.000000,0.000000,0.000000,0.000000,0.000000
20.281268,0.000000,0.000000,0.000000,0.000000,0.000000,0.000000
20.291268,0.000000,0.000000,0.000000,0.000000,0.000000,0.000000
20.301268,0.000000,0.000000,0.000000,0.000000,0.000000,0.000000
20.311268,0.000000,0.000000,0.000000,0.000000,0.000000,0.000000
20.321268,0.000000,0.000000,0.000000,0.000000,0.000000,0.000000
20.331268,0.000000,0.000000,0.000000,0.000000,0.000000,0.000000
20.341268,0.000000,0.000000,0.000000,0.000000,0.000000,0.000000
20.351268,0.000000,0.000000,0.000000,0.000000,0.000000,0.000000
20.361268,0.000000,0.000000,0.000000,0.000000,0.000000,0.000000
20.371268,0.000000,0.000000,0.000000,0.000000,0.000000,0.000000
20.381268,0.000000,0.000000,0.000000,0.000000,0.000000,0.000000
20.391268,0.000000,0.000000,0.000000,0.000000,0.000000,0.000000
20.401268,0.000000,0.000000,0.000000,0.000000,0.000000,0.000000
20.411268,0.000000,0.000000,0.000000,0.000000,0.000000,0.000000
20.421268,0.000000,0.000000,0.000000,0.000000,0.000000,0.000000
20.431268,0.000000,0.000000,0.000000,0.000000,0.000000,0.000000
20.441268,0.000000,0.000000,0.000000,0.000000,0.000000,0.000000
20.451268,0.000000,0.000000,0.000000,0.000000,0.000000,0.000000
20.461268,0.000000,0.000000,0.000000,0.000000,0.000000,0.000000
20.471268,0.000000,0.000000,0.000000,0.000000,0.000000,0.000000
20.481268,0.000000,0.000000,0.000000,0.000000,0.000000,0.000000
20.491268,0.000000,0.000000,0.000000,0.000000,0.000000,0.000000
20.501268,0.000000,0.000000,0.000000,0.000000,0.000000,0.000000
20.511268,0.000000,0.000000,0.000000,0.000000,0.000000,0.000000
20.521268,0.000000,0.000000,0.000000,0.000000,0.000000,0.000000
20.531268,0.000000,0.000000,0.000000,0.000000,0.000000,0.000000
20.541268,0.000000,0.000000,0.000000,0.000000,0.000000,0.000000
20.551268,0.000000,0.000000,0.000000,0.000000,0.000000,0.000000
20.561268,0.000000,0.000000,0.000000,0.000000,0.000000,0.000000
20.571268,0.000000,0.000000,0.000000,0.000000,0.000000,0.000000
20.581268,0.000000,0.000000,0.000000,0.000000,0.000000,0.000000
20.591268,0.000000,0.000000,0.000000,0.000000,0.000000,0.000000
20.601268,0.000000,0.000000,0.000000,0.000000,0.000000,0.000000
20.611268,0.000000,0.000000,0.000000,0.000000,0.000000,0.000000
20.621268,0.000000,0.000000,0.000000,0.000000,0.000000,0.000000
20.631268,0.000000,0.000000,0.000000,0.000000,0.000000,0.000000
20.641268,0.000000,0.000000,0.000000,0.000000,0.000000,0.000000
20.651268,0.000000,0.000000,0.000000,0.000000,0.000000,0.000000
20.661268,0.000000,0.000000,0.000000,0.000000,0.000000,0.000000
20.671268,0.000000,0.000000,0.000000,0.000000,0.000000,0.000000
20.681268,0.000000,0.000000,0.000000,0.000000,0.000000,0.000000
20.691268,0.000000,0.000000,0.000000,0.000000,0.000000,0.000000
20.701268,0.000000,0.000000,0.000000,0.000000,0.000000,0.000000
20.711268,0.000000,0.000000,0.000000,0.000000,0.000000,0.000000
20.721268,0.000000,0.000000,0.000000,0.000000,0.000000,0.000000
20.731268,0.000000,0.000000,0.000000,0.000000,0.000000,0.000000
20.741268,0.000000,0.000000,0.000000,0.000000,0.000000,0.000000
20.751268,0.000000,0.000000,0.000000,0.000000,0.000000,0.000000
20.761268,0.000000,0.000000,0.000000,0.000000,0.000000,0.000000
20.771268,0.000000,0.000000,0.000000,0.000000,0.000000,0.000000
20.781268,0.000000,0.000000,0.000000,0.000000,0.000000,0.000000
20.791268,0.000000,0.000000,0.000000,0.000000,0.000000,0.000000
20.801268,0.000000,0.000000,0.000000,0.000000,0.000000,0.000000
20.811268,0.000000,0.000000,0.000000,0.000000,0.000000,0.000000
20.821268,0.000000,0.000000,0.000000,0.000000,0.000000,0.000000
20.831268,0.000000,0.000000,0.000000,0.000000,0.000000,0.000000
20.841268,0.000000,0.000000,0.000000,0.000000,0.000000,0.000000
20.851268,0.000000,0.000000,0.000000,0.000000,0.000000,0.000000
20.861268,0.000000,0.000000,0.000000,0.000000,0.000000,0.000000
20.871268,0.000000,0.000000,0.000000,0.000000,0.000000,0.000000
20.881268,0.000000,0.000000,0.000000,0.000000,0.000000,0.000000
20.891268,0.000000,0.000000,0.000000,0.000000,0.000000,0.000000
20.901268,0.000000,0.000000,0.000000,0.000000,0.000000,0.000000
20.911268,0.000000,0.000000,0.000000,0.000000,0.000000,0.000000
20.921268,0.000000,0.000000,0.000000,0.000000,0.000000,0.000000
20.931268,0.000000,0.000000,0.000000,0.000000,0.000000,0.000000
20.941268,0.000000,0.000000,0.000000,0.000000,0.000000,0.000000
20.951268,0.000000,0.000000,0.000000,0.000000,0.000000,0.000000
20.961268,0.000000,0.000000,0.000000,0.000000,0.000000,0.000000
20.971268,0.000000,0.000000,0.000000,0.000000,0.000000,0.000000
20.981268,0.000000,0.000000,0.000000,0.000000,0.000000,0.000000
20.991268,0.000000,0.000000,0.000000,0.000000,0.000000,0.000000
21.001268,0.000000,0.000000,0.000000,0.000000,0.000000,0.000000
21.011268,0.000000,0.000000,0.000000,0.000000,0.000000,0.000000
21.021268,0.000000,0.000000,0.000000,0.000000,0.000000,0.000000
21.031268,0.000000,0.000000,0.000000,0.000000,0.000000,0.000000
21.041268,0.000000,0.000000,0.000000,0.000000,0.000000,0.000000
21.051268,0.000000,0.000000,0.000000,0.000000,0.000000,0.000000
21.061268,0.000000,0.000000,0.000000,0.000000,0.000000,0.000000
21.071268,0.000000,0.000000,0.000000,0.000000,0.000000,0.000000
21.081268,0.000000,0.000000,0.000000,0.000000,0.000000,0.000000
21.091268,0.000000,0.000000,0.000000,0.000000,0.000000,0.000000
21.101268,0.000000,0.000000,0.000000,0.000000,0.000000,0.000000
21.111268,0.000000,0.000000,0.000000,0.000000,0.000000,0.000000
21.121268,0.000000,0.000000,0.000000,0.000000,0.000000,0.000000
21.131268,0.000000,0.000000,0.000000,0.000000,0.000000,0.000000
21.141268,0.000000,0.000000,0.000000,0.000000,0.000000,0.000000
21.151268,0.000000,0.000000,0.000000,0.000000,0.000000,0.000000
21.161268,0.000000,0.000000,0.000000,0.000000,0.000000,0.000000
21.171268,0.000000,0.000000,0.000000,0.000000,0.000000,0.000000
21.181268,0.000000,0.000000,0.000000,0.000000,0.000000,0.000000
21.191268,0.000000,0.000000,0.000000,0.000000,0.000000,0.000000
21.201268,0.000000,0.000000,0.000000,0.000000,0.000000,0.000000
21.211268,0.000000,0.000000,0.000000,0.000000,0.000000,0.000000
21.221268,0.000000,0.000000,0.000000,0.000000,0.000000,0.000000
21.231268,0.000000,0.000000,0.000000,0.000000,0.000000,0.000000
21.241268,0.000000,0.000000,0.000000,0.000000,0.000000,0.000000
21.251268,0.000000,0.000000,0.000000,0.000000,0.000000,0.000000
21.261268,0.000000,0.000000,0.000000,0.000000,0.000000,0.000000
21.271268,0.000000,0.000000,0.000000,0.000000,0.000000,0.000000
21.281268,0.000000,0.000000,0.000000,0.000000,0.000000,0.000000
21.291268,0.000000,0.000000,0.000000,0.000000,0.000000,0.000000
21.301268,0.000000,0.000000,0.000000,0.000000,0.000000,0.000000
21.311268,0.000000,0.000000,0.000000,0.000000,0.000000,0.000000
21.321268,0.000000,0.000000,0.000000,0.000000,0.000000,0.000000
21.331268,0.000000,0.000000,0.000000,0.000000,0.000000,0.000000
21.341268,0.000000,0.000000,0.000000,0.000000,0.000000,0.000000
21.351268,0.000000,0.000000,0.000000,0.000000,0.000000,0.000000
21.361268,0.000000,0.000000,0.000000,0.000000,0.000000,0.000000
21.371268,0.000000,0.000000,0.000000,0.000000,0.000000,0.000000
21.381268,0.000000,0.000000,0.000000,0.000000,0.000000,0.000000
21.391268,0.000000,0.000000,0.000000,0.000000,0.000000,0.000000
21.401268,0.000000,0.000000,0.000000,0.000000,0.000000,0.000000
21.411268,0.000000,0.000000,0.000000,0.000000,0.000000,0.000000
21.421268,0.000000,0.000000,0.000000,0.000000,0.000000,0.000000
21.431268,0.000000,0.000000,0.000000,0.000000,0.000000,0.000000
21.441268,0.000000,0.000000,0.000000,0.000000,0.000000,0.000000
21.451268,0.000000,0.000000,0.000000,0.000000,0.000000,0.000000
21.461268,0.000000,0.000000,0.000000,0.000000,0.000000,0.000000
21.471268,0.000000,0.000000,0.000000,0.000000,0.000000,0.000000
21.481268,0.000000,0.000000,0.000000,0.000000,0.000000,0.000000
21.491268,0.000000,0.000000,0.000000,0.000000,0.000000,0.000000
21.501268,0.000000,0.000000,0.000000,0.000000,0.000000,0.000000
21.511268,0.000000,0.000000,0.000000,0.000000,0.000000,0.000000
21.521268,0.000000,0.000000,0.000000,0.000000,0.000000,0.000000
21.531268,0.000000,0.000000,0.000000,0.000000,0.000000,0.000000
21.541268,0.000000,0.000000,0.000000,0.000000,0.000000,0.000000
21.551268,0.000000,0.000000,0.000000,0.000000,0.000000,0.000000
21.561268,0.000000,0.000000,0.000000,0.000000,0.000000,0.000000
21.571268,0.000000,0.000000,0.000000,0.000000,0.000000,0.000000
21.581268,0.000000,0.000000,0.000000,0.000000,0.000000,0.000000
21.591268,0.000000,0.000000,0.000000,0.000000,0.000000,0.000000
21.601268,0.000000,0.000000,0.000000,0.000000,0.000000,0.000000
21.611268,0.000000,0.000000,0.000000,0.000000,0.000000,0.000000
21.621268,0.000000,0.000000,0.000000,0.000000,0.000000,0.000000
21.631268,0.000000,0.000000,0.000000,0.000000,0.000000,0.000000
21.641268,0.000000,0.000000,0.000000,0.000000,0.000000,0.000000
21.651268,0.000000,0.000000,0.000000,0.000000,0.000000,0.000000
21.661268,0.000000,0.000000,0.000000,0.000000,0.000000,0.000000
21.671268,0.000000,0.000000,0.000000,0.000000,0.000000,0.000000
21.681268,0.000000,0.000000,0.000000,0.000000,0.000000,0.000000
21.691268,0.000000,0.000000,0.000000,0.000000,0.000000,0.000000
21.701268,0.000000,0.000000,0.000000,0.000000,0.000000,0.000000
21.711268,0.000000,0.000000,0.000000,0.000000,0.000000,0.000000
21.721268,0.000000,0.000000,0.000000,0.000000,0.000000,0.000000
21.731268,0.000000,0.000000,0.000000,0.000000,0.000000,0.000000
21.741268,0.000000,0.000000,0.000000,0.000000,0.000000,0.000000
21.751268,0.000000,0.000000,0.000000,0.000000,0.000000,0.000000
21.761268,0.000000,0.000000,0.000000,0.000000,0.000000,0.000000
21.771268,0.000000,0.000000,0.000000,0.000000,0.000000,0.000000
21.781268,0.000000,0.000000,0.000000,0.000000,0.000000,0.000000
21.791268,0.000000,0.000000,0.000000,0.000000,0.000000,0.000000
21.801268,0.000000,0.000000,0.000000,0.000000,0.000000,0.000000
21.811268,0.000000,0.000000,0.000000,0.000000,0.000000,0.000000
21.821268,0.000000,0.000000,0.000000,0.000000,0.000000,0.000000
21.831268,0.000000,0.000000,0.000000,0.000000,0.000000,0.000000
21.841268,0.000000,0.000000,0.000000,0.000000,0.000000,0.000000
21.851268,0.000000,0.000000,0.000000,0.000000,0.000000,0.000000
21.861268,0.000000,0.000000,0.000000,0.000000,0.000000,0.000000
21.871268,0.000000,0.000000,0.000000,0.000000,0.000000,0.000000
21.881268,0.000000,0.000000,0.000000,0.000000,0.000000,0.000000
21.891268,0.000000,0.000000,0.000000,0.000000,0.000000,0.000000
21.901268,0.000000,0.000000,0.000000,0.000000,0.000000,0.000000
21.911268,0.000000,0.000000,0.000000,0.000000,0.000000,0.000000
21.921268,0.000000,0.000000,0.000000,0.000000,0.000000,0.000000
21.931268,0.000000,0.000000,0.000000,0.000000,0.000000,0.000000
21.941268,0.000000,0.000000,0.000000,0.000000,0.000000,0.000000
21.951268,0.000000,0.000000,0.000000,0.000000,0.000000,0.000000
21.961268,0.000000,0.000000,0.000000,0.000000,0.000000,0.000000
21.971268,0.000000,0.000000,0.000000,0.000000,0.000000,0.000000
21.981268,0.000000,0.000000,0.000000,0.000000,0.000000,0.000000
21.991268,0.000000,0.000000,0.000000,0.000000,0.000000,0.000000
22.001268,0.000000,0.000000,0.000000,0.000000,0.000000,0.000000
22.011268,0.000000,0.000000,0.000000,0.000000,0.000000,0.000000
22.021268,0.000000,0.000000,0.000000,0.000000,0.000000,0.000000
22.031268,0.000000,0.000000,0.000000,0.000000,0.000000,0.000000
22.041268,0.000000,0.000000,0.000000,0.000000,0.000000,0.000000
22.051268,0.000000,0.000000,0.000000,0.000000,0.000000,0.000000
22.061268,0.000000,0.000000,0.000000,0.000000,0.000000,0.000000
22.071268,0.000000,0.000000,0.000000,0.000000,0.000000,0.000000
22.081268,0.000000,0.000000,0.000000,0.000000,0.000000,0.000000
22.091268,0.000000,0.000000,0.000000,0.000000,0.000000,0.000000
22.101268,0.000000,0.000000,0.000000,0.000000,0.000000,0.000000
22.111268,0.000000,0.000000,0.000000,0.000000,0.000000,0.000000
22.121268,0.000000,0.000000,0.000000,0.000000,0.000000,0.000000
22.131268,0.000000,0.000000,0.000000,0.000000,0.000000,0.000000
22.141268,0.000000,0.000000,0.000000,0.000000,0.000000,0.000000
22.151268,0.000000,0.000000,0.000000,0.000000,0.000000,0.000000
22.161268,0.000000,0.000000,0.000000,0.000000,0.000000,0.000000
22.171268,0.000000,0.000000,0.000000,0.000000,0.000000,0.000000
22.181268,0.000000,0.000000,0.000000,0.000000,0.000000,0.000000
22.191268,0.000000,0.000000,0.000000,0.000000,0.000000,0.000000
22.201268,0.000000,0.000000,0.000000,0.000000,0.000000,0.000000
22.211268,0.000000,0.000000,0.000000,0.000000,0.000000,0.000000
22.221268,0.000000,0.000000,0.000000,0.000000,0.000000,0.000000
22.231268,0.000000,0.000000,0.000000,0.000000,0.000000,0.000000
22.241268,0.000000,0.000000,0.000000,0.000000,0.000000,0.000000
22.251268,0.000000,0.000000,0.000000,0.000000,0.000000,0.000000
22.261268,0.000000,0.000000,0.000000,0.000000,0.000000,0.000000
22.271268,0.000000,0.000000,0.000000,0.000000,0.000000,0.000000
22.281268,0.000000,0.000000,0.000000,0.000000,0.000000,0.000000
22.291268,0.000000,0.000000,0.000000,0.000000,0.000000,0.000000
22.301268,0.000000,0.000000,0.000000,0.000000,0.000000,0.000000
22.311268,0.000000,0.000000,0.000000,0.000000,0.000000,0.000000
22.321268,0.000000,0.000000,0.000000,0.000000,0.000000,0.000000
22.331268,0.000000,0.000000,0.000000,0.000000,0.000000,0.000000
22.341268,0.000000,0.000000,0.000000,0.000000,0.000000,0.000000
22.351268,0.000000,0.000000,0.000000,0.000000,0.000000,0.000000
22.361268,0.000000,0.000000,0.000000,0.000000,0.000000,0.000000
22.371268,0.000000,0.000000,0.000000,0.000000,0.000000,0.000000
22.381268,0.000000,0.000000,0.000000,0.000000,0.000000,0.000000
22.391268,0.000000,0.000000,0.000000,0.000000,0.000000,0.000000
22.401268,0.000000,0.000000,0.000000,0.000000,0.000000,0.000000
22.411268,0.000000,0.000000,0.000000,0.000000,0.000000,0.000000
22.421268,0.000000,0.000000,0.000000,0.000000,0.000000,0.000000
22.431268,0.000000,0.000000,0.000000,0.000000,0.000000,0.000000
22.441268,0.000000,0.000000,0.000000,0.000000,0.000000,0.000000
22.451268,0.000000,0.000000,0.000000,0.000000,0.000000,0.000000
22.461268,0.000000,0.000000,0.000000,0.000000,0.000000,0.000000
22.471268,0.000000,0.000000,0.000000,0.000000,0.000000,0.000000
22.481268,0.000000,0.000000,0.000000,0.000000,0.000000,0.000000
22.491268,0.000000,0.000000,0.000000,0.000000,0.000000,0.000000
22.501268,0.000000,0.000000,0.000000,0.000000,0.000000,0.000000
22.511268,0.000000,0.000000,0.000000,0.000000,0.000000,0.000000
22.521268,0.000000,0.000000,0.000000,0.000000,0.000000,0.000000
22.531268,0.000000,0.000000,0.000000,0.000000,0.000000,0.000000
22.541268,0.000000,0.000000,0.000000,0.000000,0.000000,0.000000
22.551268,0.000000,0.000000,0.000000,0.000000,0.000000,0.000000
22.561268,0.000000,0.000000,0.000000,0.000000,0.000000,0.000000
22.571268,0.000000,0.000000,0.000000,0.000000,0.000000,0.000000
22.581268,0.000000,0.000000,0.000000,0.000000,0.000000,0.000000
22.591268,0.000000,0.000000,0.000000,0.000000,0.000000,0.000000
22.601268,0.000000,0.000000,0.000000,0.000000,0.000000,0.000000
22.611268,0.000000,0.000000,0.000000,0.000000,0.000000,0.000000
22.621268,0.000000,0.000000,0.000000,0.000000,0.000000,0.000000
22.631268,0.000000,0.000000,0.000000,0.000000,0.000000,0.000000
22.641268,0.000000,0.000000,0.000000,0.000000,0.000000,0.000000
22.651268,0.000000,0.000000,0.000000,0.000000,0.000000,0.000000
22.661268,0.000000,0.000000,0.000000,0.000000,0.000000,0.000000
22.671268,0.000000,0.000000,0.000000,0.000000,0.000000,0.000000
22.681268,0.000000,0.000000,0.000000,0.000000,0.000000,0.000000
22.691268,0.000000,0.000000,0.000000,0.000000,0.000000,0.000000
22.701268,0.000000,0.000000,0.000000,0.000000,0.000000,0.000000
22.711268,0.000000,0.000000,0.000000,0.000000,0.000000,0.000000
22.721268,0.000000,0.000000,0.000000,0.000000,0.000000,0.000000
22.731268,0.000000,0.000000,0.000000,0.000000,0.000000,0.000000
22.741268,0.000000,0.000000,0.000000,0.000000,0.000000,0.000000
22.751268,0.000000,0.000000,0.000000,0.000000,0.000000,0.000000
22.761268,0.000000,0.000000,0.000000,0.000000,0.000000,0.000000
22.771268,0.000000,0.000000,0.000000,0.000000,0.000000,0.000000
22.781268,0.000000,0.000000,0.000000,0.000000,0.000000,0.000000
22.791268,0.000000,0.000000,0.000000,0.000000,0.000000,0.000000
22.801268,0.000000,0.000000,0.000000,0.000000,0.000000,0.000000
22.811268,0.000000,0.000000,0.000000,0.000000,0.000000,0.000000
22.821268,0.000000,0.000000,0.000000,0.000000,0.000000,0.000000
22.831268,0.000000,0.000000,0.000000,0.000000,0.000000,0.000000
22.841268,0.000000,0.000000,0.000000,0.000000,0.000000,0.000000
22.851268,0.000000,0.000000,0.000000,0.000000,0.000000,0.000000
22.861268,0.000000,0.000000,0.000000,0.000000,0.000000,0.000000
22.871268,0.000000,0.000000,0.000000,0.000000,0.000000,0.000000
22.881268,0.000000,0.000000,0.000000,0.000000,0.000000,0.000000
22.891268,0.000000,0.000000,0.000000,0.000000,0.000000,0.000000
22.901268,0.000000,0.000000,0.000000,0.000000,0.000000,0.000000
22.911268,0.000000,0.000000,0.000000,0.000000,0.000000,0.000000
22.921268,0.000000,0.000000,0.000000,0.000000,0.000000,0.000000
22.931268,0.000000,0.000000,0.000000,0.000000,0.000000,0.000000
22.941268,0.000000,0.000000,0.000000,0.000000,0.000000,0.000000
22.951268,0.000000,0.000000,0.000000,0.000000,0.000000,0.000000
22.961268,0.000000,0.000000,0.000000,0.000000,0.000000,0.000000
22.971268,0.000000,0.000000,0.000000,0.000000,0.000000,0.000000
22.981268,0.000000,0.000000,0.000000,0.000000,0.000000,0.000000
22.991268,0.000000,0.000000,0.000000,0.000000,0.000000,0.000000
23.001268,0.000000,0.000000,0.000000,0.000000,0.000000,0.000000
23.011268,0.000000,0.000000,0.000000,0.000000,0.000000,0.000000
23.021268,0.000000,0.000000,0.000000,0.000000,0.000000,0.000000
23.031268,0.000000,0.000000,0.000000,0.000000,0.000000,0.000000
23.041268,0.000000,0.000000,0.000000,0.000000,0.000000,0.000000
23.051268,0.000000,0.000000,0.000000,0.000000,0.000000,0.000000
23.061268,0.000000,0.000000,0.000000,0.000000,0.000000,0.000000
23.071268,0.000000,0.000000,0.000000,0.000000,0.000000,0.000000
23.081268,0.000000,0.000000,0.000000,0.000000,0.000000,0.000000
23.091268,0.000000,0.000000,0.000000,0.000000,0.000000,0.000000
23.101268,0.000000,0.000000,0.000000,0.000000,0.000000,0.000000
23.111268,0.000000,0.000000,0.000000,0.000000,0.000000,0.000000
23.121268,0.000000,0.000000,0.000000,0.000000,0.000000,0.000000
23.131268,0.000000,0.000000,0.000000,0.000000,0.000000,0.000000
23.141268,0.000000,0.000000,0.000000,0.000000,0.000000,0.000000
23.151268,0.000000,0.000000,0.000000,0.000000,0.000000,0.000000
23.161268,0.000000,0.000000,0.000000,0.000000,0.000000,0.000000
23.171268,0.000000,0.000000,0.000000,0.000000,0.000000,0.000000
23.181268,0.000000,0.000000,0.000000,0.000000,0.000000,0.000000
23.191268,0.000000,0.000000,0.000000,0.000000,0.000000,0.000000
23.201268,0.000000,0.000000,0.000000,0.000000,0.000000,0.000000
23.211268,0.000000,0.000000,0.000000,0.000000,0.000000,0.000000
23.221268,0.000000,0.000000,0.000000,0.000000,0.000000,0.000000
23.231268,0.000000,0.000000,0.000000,0.000000,0.000000,0.000000
23.241268,0.000000,0.000000,0.000000,0.000000,0.000000,0.000000
23.251268,0.000000,0.000000,0.000000,0.000000,0.000000,0.000000
23.261268,0.000000,0.000000,0.000000,0.000000,0.000000,0.000000
23.271268,0.000000,0.000000,0.000000,0.000000,0.000000,0.000000
23.281268,0.000000,0.000000,0.000000,0.000000,0.000000,0.000000
23.291268,0.000000,0.000000,0.000000,0.000000,0.000000,0.000000
23.301268,0.000000,0.000000,0.000000,0.000000,0.000000,0.000000
23.311268,0.000000,0.000000,0.000000,0.000000,0.000000,0.000000
23.321268,0.000000,0.000000,0.000000,0.000000,0.000000,0.000000
23.331268,0.000000,0.000000,0.000000,0.000000,0.000000,0.000000
23.341268,0.000000,0.000000,0.000000,0.000000,0.000000,0.000000
23.351268,0.000000,0.000000,0.000000,0.000000,0.000000,0.000000
23.361268,0.000000,0.000000,0.000000,0.000000,0.000000,0.000000
23.371268,0.000000,0.000000,0.000000,0.000000,0.000000,0.000000
23.381268,0.000000,0.000000,0.000000,0.000000,0.000000,0.000000
23.391268,0.000000,0.000000,0.000000,0.000000,0.000000,0.000000
23.401268,0.000000,0.000000,0.000000,0.000000,0.000000,0.000000
23.411268,0.000000,0.000000,0.000000,0.000000,0.000000,0.000000
23.421268,0.000000,0.000000,0.000000,0.000000,0.000000,0.000000
23.431268,0.000000,0.000000,0.000000,0.000000,0.000000,0.000000
23.441268,0.000000,0.000000,0.000000,0.000000,0.000000,0.000000
23.451268,0.000000,0.000000,0.000000,0.000000,0.000000,0.000000
23.461268,0.000000,0.000000,0.000000,0.000000,0.000000,0.000000
23.471268,0.000000,0.000000,0.000000,0.000000,0.000000,0.000000
23.481268,0.000000,0.000000,0.000000,0.000000,0.000000,0.000000
23.491268,0.000000,0.000000,0.000000,0.000000,0.000000,0.000000
23.501268,0.000000,0.000000,0.000000,0.000000,0.000000,0.000000
23.511268,0.000000,0.000000,0.000000,0.000000,0.000000,0.000000
23.521268,0.000000,0.000000,0.000000,0.000000,0.000000,0.000000
23.531268,0.000000,0.000000,0.000000,0.000000,0.000000,0.000000
23.541268,0.000000,0.000000,0.000000,0.000000,0.000000,0.000000
23.551268,0.000000,0.000000,0.000000,0.000000,0.000000,0.000000
23.561268,0.000000,0.000000,0.000000,0.000000,0.000000,0.000000
23.571268,0.000000,0.000000,0.000000,0.000000,0.000000,0.000000
23.581268,0.000000,0.000000,0.000000,0.000000,0.000000,0.000000
23.591268,0.000000,0.000000,0.000000,0.000000,0.000000,0.000000
23.601268,0.000000,0.000000,0.000000,0.000000,0.000000,0.000000
23.611268,0.000000,0.000000,0.000000,0.000000,0.000000,0.000000
23.621268,0.000000,0.000000,0.000000,0.000000,0.000000,0.000000
23.631268,0.000000,0.000000,0.000000,0.000000,0.000000,0.000000
23.641268,0.000000,0.000000,0.000000,0.000000,0.000000,0.000000
23.651268,0.000000,0.000000,0.000000,0.000000,0.000000,0.000000
23.661268,0.000000,0.000000,0.000000,0.000000,0.000000,0.000000
23.671268,0.000000,0.000000,0.000000,0.000000,0.000000,0.000000
23.681268,0.000000,0.000000,0.000000,0.000000,0.000000,0.000000
23.691268,0.000000,0.000000,0.000000,0.000000,0.000000,0.000000
23.701268,0.000000,0.000000,0.000000,0.000000,0.000000,0.000000
23.711268,0.000000,0.000000,0.000000,0.000000,0.000000,0.000000
23.721268,0.000000,0.000000,0.000000,0.000000,0.000000,0.000000
23.731268,0.000000,0.000000,0.000000,0.000000,0.000000,0.000000
23.741268,0.000000,0.000000,0.000000,0.000000,0.000000,0.000000
23.751268,0.000000,0.000000,0.000000,0.000000,0.000000,0.000000
23.761268,0.000000,0.000000,0.000000,0.000000,0.000000,0.000000
23.771268,0.000000,0.000000,0.000000,0.000000,0.000000,0.000000
23.781268,0.000000,0.000000,0.000000,0.000000,0.000000,0.000000
23.791268,0.000000,0.000000,0.000000,0.000000,0.000000,0.000000
23.801268,0.000000,0.000000,0.000000,0.000000,0.000000,0.000000
23.811268,0.000000,0.000000,0.000000,0.000000,0.000000,0.000000
23.821268,0.000000,0.000000,0.000000,0.000000,0.000000,0.000000
23.831268,0.000000,0.000000,0.000000,0.000000,0.000000,0.000000
23.841268,0.000000,0.000000,0.000000,0.000000,0.000000,0.000000
23.851268,0.000000,0.000000,0.000000,0.000000,0.000000,0.000000
23.861268,0.000000,0.000000,0.000000,0.000000,0.000000,0.000000
23.871268,0.000000,0.000000,0.000000,0.000000,0.000000,0.000000
23.881268,0.000000,0.000000,0.000000,0.000000,0.000000,0.000000
23.891268,0.000000,0.000000,0.000000,0.000000,0.000000,0.000000
23.901268,0.000000,0.000000,0.000000,0.000000,0.000000,0.000000
23.911268,0.000000,0.000000,0.000000,0.000000,0.000000,0.000000
23.921268,0.000000,0.000000,0.000000,0.000000,0.000000,0.000000
23.931268,0.000000,0.000000,0.000000,0.000000,0.000000,0.000000
23.941268,0.000000,0.000000,0.000000,0.000000,0.000000,0.000000
23.951268,0.000000,0.000000,0.000000,0.000000,0.000000,0.000000
23.961268,0.000000,0.000000,0.000000,0.000000,0.000000,0.000000
23.971268,0.000000,0.000000,0.000000,0.000000,0.000000,0.000000
23.981268,0.000000,0.000000,0.000000,0.000000,0.000000,0.000000
23.991268,0.000000,0.000000,0.000000,0.000000,0.000000,0.000000
24.001268,0.000000,0.000000,0.000000,0.000000,0.000000,0.000000
24.011268,0.000000,0.000000,0.000000,0.000000,0.000000,0.000000
24.021268,0.000000,0.000000,0.000000,0.000000,0.000000,0.000000
24.031268,0.000000,0.000000,0.000000,0.000000,0.000000,0.000000
24.041268,0.000000,0.000000,0.000000,0.000000,0.000000,0.000000
24.051268,0.000000,0.000000,0.000000,0.000000,0.000000,0.000000
24.061268,0.000000,0.000000,0.000000,0.000000,0.000000,0.000000
24.071268,0.000000,0.000000,0.000000,0.000000,0.000000,0.000000
24.081268,0.000000,0.000000,0.000000,0.000000,0.000000,0.000000
24.091268,0.000000,0.000000,0.000000,0.000000,0.000000,0.000000
24.101268,0.000000,0.000000,0.000000,0.000000,0.000000,0.000000
24.111268,0.000000,0.000000,0.000000,0.000000,0.000000,0.000000
24.121268,0.000000,0.000000,0.000000,0.000000,0.000000,0.000000
24.131268,0.000000,0.000000,0.000000,0.000000,0.000000,0.000000
24.141268,0.000000,0.000000,0.000000,0.000000,0.000000,0.000000
24.151268,0.000000,0.000000,0.000000,0.000000,0.000000,0.000000
24.161268,0.000000,0.000000,0.000000,0.000000,0.000000,0.000000
24.171268,0.000000,0.000000,0.000000,0.000000,0.000000,0.000000
24.181268,0.000000,0.000000,0.000000,0.000000,0.000000,0.000000
24.191268,0.000000,0.000000,0.000000,0.000000,0.000000,0.000000
24.201268,0.000000,0.000000,0.000000,0.000000,0.000000,0.000000
24.211268,0.000000,0.000000,0.000000,0.000000,0.000000,0.000000
24.221268,0.000000,0.000000,0.000000,0.000000,0.000000,0.000000
24.231268,0.000000,0.000000,0.000000,0.000000,0.000000,0.000000
24.241268,0.000000,0.000000,0.000000,0.000000,0.000000,0.000000
24.251268,0.000000,0.000000,0.000000,0.000000,0.000000,0.000000
24.261268,0.000000,0.000000,0.000000,0.000000,0.000000,0.000000
24.271268,0.000000,0.000000,0.000000,0.000000,0.000000,0.000000
24.281268,0.000000,0.000000,0.000000,0.000000,0.000000,0.000000
24.291268,0.000000,0.000000,0.000000,0.000000,0.000000,0.000000
24.301268,0.000000,0.000000,0.000000,0.000000,0.000000,0.000000
24.311268,0.000000,0.000000,0.000000,0.000000,0.000000,0.000000
24.321268,0.000000,0.000000,0.000000,0.000000,0.000000,0.000000
24.331268,0.000000,0.000000,0.000000,0.000000,0.000000,0.000000
24.341268,0.000000,0.000000,0.000000,0.000000,0.000000,0.000000
24.351268,0.000000,0.000000,0.000000,0.000000,0.000000,0.000000
24.361268,0.000000,0.000000,0.000000,0.000000,0.000000,0.000000
24.371268,0.000000,0.000000,0.000000,0.000000,0.000000,0.000000
24.381268,0.000000,0.000000,0.000000,0.000000,0.000000,0.000000
24.391268,0.000000,0.000000,0.000000,0.000000,0.000000,0.000000
24.401268,0.000000,0.000000,0.000000,0.000000,0.000000,0.000000
24.411268,0.000000,0.000000,0.000000,0.000000,0.000000,0.000000
24.421268,0.000000,0.000000,0.000000,0.000000,0.000000,0.000000
24.431268,0.000000,0.000000,0.000000,0.000000,0.000000,0.000000
24.441268,0.000000,0.000000,0.000000,0.000000,0.000000,0.000000
24.451268,0.000000,0.000000,0.000000,0.000000,0.000000,0.000000
24.461268,0.000000,0.000000,0.000000,0.000000,0.000000,0.000000
24.471268,0.000000,0.000000,0.000000,0.000000,0.000000,0.000000
24.481268,0.000000,0.000000,0.000000,0.000000,0.000000,0.000000
24.491268,0.000000,0.000000,0.000000,0.000000,0.000000,0.000000
24.501268,0.000000,0.000000,0.000000,0.000000,0.000000,0.000000
24.511268,0.000000,0.000000,0.000000,0.000000,0.000000,0.000000
24.521268,0.000000,0.000000,0.000000,0.000000,0.000000,0.000000
24.531268,0.000000,0.000000,0.000000,0.000000,0.000000,0.000000
24.541268,0.000000,0.000000,0.000000,0.000000,0.000000,0.000000
24.551268,0.000000,0.000000,0.000000,0.000000,0.000000,0.000000
24.561268,0.000000,0.000000,0.000000,0.000000,0.000000,0.000000
24.571268,0.000000,0.000000,0.000000,0.000000,0.000000,0.000000
24.581268,0.000000,0.000000,0.000000,0.000000,0.000000,0.000000
24.591268,0.000000,0.000000,0.000000,0.000000,0.000000,0.000000
24.601268,0.000000,0.000000,0.000000,0.000000,0.000000,0.000000
24.611268,0.000000,0.000000,0.000000,0.000000,0.000000,0.000000
24.621268,0.000000,0.000000,0.000000,0.000000,0.000000,0.000000
24.631268,0.000000,0.000000,0.000000,0.000000,0.000000,0.000000
24.641268,0.000000,0.000000,0.000000,0.000000,0.000000,0.000000
24.651268,0.000000,0.000000,0.000000,0.000000,0.000000,0.000000
24.661268,0.000000,0.000000,0.000000,0.000000,0.000000,0.000000
24.671268,0.000000,0.000000,0.000000,0.000000,0.000000,0.000000
24.681268,0.000000,0.000000,0.000000,0.000000,0.000000,0.000000
24.691268,0.000000,0.000000,0.000000,0.000000,0.000000,0.000000
24.701268,0.000000,0.000000,0.000000,0.000000,0.000000,0.000000
24.711268,0.000000,0.000000,0.000000,0.000000,0.000000,0.000000
24.721268,0.000000,0.000000,0.000000,0.000000,0.000000,0.000000
24.731268,0.000000,0.000000,0.000000,0.000000,0.000000,0.000000
24.741268,0.000000,0.000000,0.000000,0.000000,0.000000,0.000000
24.751268,0.000000,0.000000,0.000000,0.000000,0.000000,0.000000
24.761268,0.000000,0.000000,0.000000,0.000000,0.000000,0.000000
24.771268,0.000000,0.000000,0.000000,0.000000,0.000000,0.000000
24.781268,0.000000,0.000000,0.000000,0.000000,0.000000,0.000000
24.791268,0.000000,0.000000,0.000000,0.000000,0.000000,0.000000
24.801268,0.000000,0.000000,0.000000,0.000000,0.000000,0.000000
24.811268,0.000000,0.000000,0.000000,0.000000,0.000000,0.000000
24.821268,0.000000,0.000000,0.000000,0.000000,0.000000,0.000000
24.831268,0.000000,0.000000,0.000000,0.000000,0.000000,0.000000
24.841268,0.000000,0.000000,0.000000,0.000000,0.000000,0.000000
24.851268,0.000000,0.000000,0.000000,0.000000,0.000000,0.000000
24.861268,0.000000,0.000000,0.000000,0.000000,0.000000,0.000000
24.871268,0.000000,0.000000,0.000000,0.000000,0.000000,0.000000
24.881268,0.000000,0.000000,0.000000,0.000000,0.000000,0.000000
24.891268,0.000000,0.000000,0.000000,0.000000,0.000000,0.000000
24.901268,0.000000,0.000000,0.000000,0.000000,0.000000,0.000000
24.911268,0.000000,0.000000,0.000000,0.000000,0.000000,0.000000
24.921268,0.000000,0.000000,0.000000,0.000000,0.000000,0.000000
24.931268,0.000000,0.000000,0.000000,0.000000,0.000000,0.000000
24.941268,0.000000,0.000000,0.000000,0.000000,0.000000,0.000000
24.951268,0.000000,0.000000,0.000000,0.000000,0.000000,0.000000
24.961268,0.000000,0.000000,0.000000,0.000000,0.000000,0.000000
24.971268,0.000000,0.000000,0.000000,0.000000,0.000000,0.000000
24.981268,0.000000,0.000000,0.000000,0.000000,0.000000,0.000000
24.991268,0.000000,0.000000,0.000000,0.000000,0.000000,0.000000
25.001268,0.000000,0.000000,0.000000,0.000000,0.000000,0.000000
25.011268,0.000000,0.000000,0.000000,0.000000,0.000000,0.000000
25.021268,0.000000,0.000000,0.000000,0.000000,0.000000,0.000000
25.031268,0.000000,0.000000,0.000000,0.000000,0.000000,0.000000
25.041268,0.000000,0.000000,0.000000,0.000000,0.000000,0.000000
25.051268,0.000000,0.000000,0.000000,0.000000,0.000000,0.000000
25.061268,0.000000,0.000000,0.000000,0.000000,0.000000,0.000000
25.071268,0.000000,0.000000,0.000000,0.000000,0.000000,0.000000
25.081268,0.000000,0.000000,0.000000,0.000000,0.000000,0.000000
25.091268,0.000000,0.000000,0.000000,0.000000,0.000000,0.000000
25.101268,0.000000,0.000000,0.000000,0.000000,0.000000,0.000000
25.111268,0.000000,0.000000,0.000000,0.000000,0.000000,0.000000
25.121268,0.000000,0.000000,0.000000,0.000000,0.000000,0.000000
25.131268,0.000000,0.000000,0.000000,0.000000,0.000000,0.000000
25.141268,0.000000,0.000000,0.000000,0.000000,0.000000,0.000000
25.151268,0.000000,0.000000,0.000000,0.000000,0.000000,0.000000
25.161268,0.000000,0.000000,0.000000,0.000000,0.000000,0.000000
25.171268,0.000000,0.000000,0.000000,0.000000,0.000000,0.000000
25.181268,0.000000,0.000000,0.000000,0.000000,0.000000,0.000000
25.191268,0.000000,0.000000,0.000000,0.000000,0.000000,0.000000
25.201268,0.000000,0.000000,0.000000,0.000000,0.000000,0.000000
25.211268,0.000000,0.000000,0.000000,0.000000,0.000000,0.000000
25.221268,0.000000,0.000000,0.000000,0.000000,0.000000,0.000000
25.231268,0.000000,0.000000,0.000000,0.000000,0.000000,0.000000
25.241268,0.000000,0.000000,0.000000,0.000000,0.000000,0.000000
25.251268,0.000000,0.000000,0.000000,0.000000,0.000000,0.000000
25.261268,0.000000,0.000000,0.000000,0.000000,0.000000,0.000000
25.271268,0.000000,0.000000,0.000000,0.000000,0.000000,0.000000
25.281268,0.000000,0.000000,0.000000,0.000000,0.000000,0.000000
25.291268,0.000000,0.000000,0.000000,0.000000,0.000000,0.000000
25.301268,0.000000,0.000000,0.000000,0.000000,0.000000,0.000000
25.311268,0.000000,0.000000,0.000000,0.000000,0.000000,0.000000
25.321268,0.000000,0.000000,0.000000,0.000000,0.000000,0.000000
25.331268,0.000000,0.000000,0.000000,0.000000,0.000000,0.000000
25.341268,0.000000,0.000000,0.000000,0.000000,0.000000,0.000000
25.351268,0.000000,0.000000,0.000000,0.000000,0.000000,0.000000
25.361268,0.000000,0.000000,0.000000,0.000000,0.000000,0.000000
25.371268,0.000000,0.000000,0.000000,0.000000,0.000000,0.000000
25.381268,0.000000,0.000000,0.000000,0.000000,0.000000,0.000000
25.391268,0.000000,0.000000,0.000000,0.000000,0.000000,0.000000
25.401268,0.000000,0.000000,0.000000,0.000000,0.000000,0.000000
25.411268,0.000000,0.000000,0.000000,0.000000,0.000000,0.000000
25.421268,0.000000,0.000000,0.000000,0.000000,0.000000,0.000000
25.431268,0.000000,0.000000,0.000000,0.000000,0.000000,0.000000
25.441268,0.000000,0.000000,0.000000,0.000000,0.000000,0.000000
25.451268,0.000000,0.000000,0.000000,0.000000,0.000000,0.000000
25.461268,0.000000,0.000000,0.000000,0.000000,0.000000,0.000000
25.471268,0.000000,0.000000,0.000000,0.000000,0.000000,0.000000
25.481268,0.000000,0.000000,0.000000,0.000000,0.000000,0.000000
25.491268,0.000000,0.000000,0.000000,0.000000,0.000000,0.000000
25.501268,0.000000,0.000000,0.000000,0.000000,0.000000,0.000000
25.511268,0.000000,0.000000,0.000000,0.000000,0.000000,0.000000
25.521268,0.000000,0.000000,0.000000,0.000000,0.000000,0.000000
25.531268,0.000000,0.000000,0.000000,0.000000,0.000000,0.000000
25.541268,0.000000,0.000000,0.000000,0.000000,0.000000,0.000000
25.551268,0.000000,0.000000,0.000000,0.000000,0.000000,0.000000
25.561268,0.000000,0.000000,0.000000,0.000000,0.000000,0.000000
25.571268,0.000000,0.000000,0.000000,0.000000,0.000000,0.000000
25.581268,0.000000,0.000000,0.000000,0.000000,0.000000,0.000000
25.591268,0.000000,0.000000,0.000000,0.000000,0.000000,0.000000
25.601268,0.000000,0.000000,0.000000,0.000000,0.000000,0.000000
25.611268,0.000000,0.000000,0.000000,0.000000,0.000000,0.000000
25.621268,0.000000,0.000000,0.000000,0.000000,0.000000,0.000000
25.631268,0.000000,0.000000,0.000000,0.000000,0.000000,0.000000
25.641268,0.000000,0.000000,0.000000,0.000000,0.000000,0.000000
25.651268,0.000000,0.000000,0.000000,0.000000,0.000000,0.000000
25.661268,0.000000,0.000000,0.000000,0.000000,0.000000,0.000000
25.671268,0.000000,0.000000,0.000000,0.000000,0.000000,0.000000
25.681268,0.000000,0.000000,0.000000,0.000000,0.000000,0.000000
25.691268,0.000000,0.000000,0.000000,0.000000,0.000000,0.000000
25.701268,0.000000,0.000000,0.000000,0.000000,0.000000,0.000000
25.711268,0.000000,0.000000,0.000000,0.000000,0.000000,0.000000
25.721268,0.000000,0.000000,0.000000,0.000000,0.000000,0.000000
25.731268,0.000000,0.000000,0.000000,0.000000,0.000000,0.000000
25.741268,0.000000,0.000000,0.000000,0.000000,0.000000,0.000000
25.751268,0.000000,0.000000,0.000000,0.000000,0.000000,0.000000
25.761268,0.000000,0.000000,0.000000,0.000000,0.000000,0.000000
25.771268,0.000000,0.000000,0.000000,0.000000,0.000000,0.000000
25.781268,0.000000,0.000000,0.000000,0.000000,0.000000,0.000000
25.791268,0.000000,0.000000,0.000000,0.000000,0.000000,0.000000
25.801268,0.000000,0.000000,0.000000,0.000000,0.000000,0.000000
25.811268,0.000000,0.000000,0.000000,0.000000,0.000000,0.000000
25.821268,0.000000,0.000000,0.000000,0.000000,0.000000,0.000000
25.831268,0.000000,0.000000,0.000000,0.000000,0.000000,0.000000
25.841268,0.000000,0.000000,0.000000,0.000000,0.000000,0.000000
25.851268,0.000000,0.000000,0.000000,0.000000,0.000000,0.000000
25.861268,0.000000,0.000000,0.000000,0.000000,0.000000,0.000000
25.871268,0.000000,0.000000,0.000000,0.000000,0.000000,0.000000
25.881268,0.000000,0.000000,0.000000,0.000000,0.000000,0.000000
25.891268,0.000000,0.000000,0.000000,0.000000,0.000000,0.000000
25.901268,0.000000,0.000000,0.000000,0.000000,0.000000,0.000000
25.911268,0.000000,0.000000,0.000000,0.000000,0.000000,0.000000
25.921268,0.000000,0.000000,0.000000,0.000000,0.000000,0.000000
25.931268,0.000000,0.000000,0.000000,0.000000,0.000000,0.000000
25.941268,0.000000,0.000000,0.000000,0.000000,0.000000,0.000000
25.951268,0.000000,0.000000,0.000000,0.000000,0.000000,0.000000
25.961268,0.000000,0.000000,0.000000,0.000000,0.000000,0.000000
25.971268,0.000000,0.000000,0.000000,0.000000,0.000000,0.000000
25.981268,0.000000,0.000000,0.000000,0.000000,0.000000,0.000000
25.991268,0.000000,0.000000,0.000000,0.000000,0.000000,0.000000
26.001268,0.000000,0.000000,0.000000,0.000000,0.000000,0.000000
26.011268,0.000000,0.000000,0.000000,0.000000,0.000000,0.000000
26.021268,0.000000,0.000000,0.000000,0.000000,0.000000,0.000000
26.031268,0.000000,0.000000,0.000000,0.000000,0.000000,0.000000
26.041268,0.000000,0.000000,0.000000,0.000000,0.000000,0.000000
26.051268,0.000000,0.000000,0.000000,0.000000,0.000000,0.000000
26.061268,0.000000,0.000000,0.000000,0.000000,0.000000,0.000000
26.071268,0.000000,0.000000,0.000000,0.000000,0.000000,0.000000
26.081268,0.000000,0.000000,0.000000,0.000000,0.000000,0.000000
26.091268,0.000000,0.000000,0.000000,0.000000,0.000000,0.000000
26.101268,0.000000,0.000000,0.000000,0.000000,0.000000,0.000000
26.111268,0.000000,0.000000,0.000000,0.000000,0.000000,0.000000
26.121268,0.000000,0.000000,0.000000,0.000000,0.000000,0.000000
26.131268,0.000000,0.000000,0.000000,0.000000,0.000000,0.000000
26.141268,0.000000,0.000000,0.000000,0.000000,0.000000,0.000000
26.151268,0.000000,0.000000,0.000000,0.000000,0.000000,0.000000
26.161268,0.000000,0.000000,0.000000,0.000000,0.000000,0.000000
26.171268,0.000000,0.000000,0.000000,0.000000,0.000000,0.000000
26.181268,0.000000,0.000000,0.000000,0.000000,0.000000,0.000000
26.191268,0.000000,0.000000,0.000000,0.000000,0.000000,0.000000
26.201268,0.000000,0.000000,0.000000,0.000000,0.000000,0.000000
26.211268,0.000000,0.000000,0.000000,0.000000,0.000000,0.000000
26.221268,0.000000,0.000000,0.000000,0.000000,0.000000,0.000000
26.231268,0.000000,0.000000,0.000000,0.000000,0.000000,0.000000
26.241268,0.000000,0.000000,0.000000,0.000000,0.000000,0.000000
26.251268,0.000000,0.000000,0.000000,0.000000,0.000000,0.000000
26.261268,0.000000,0.000000,0.000000,0.000000,0.000000,0.000000
26.271268,0.000000,0.000000,0.000000,0.000000,0.000000,0.000000
26.281268,0.000000,0.000000,0.000000,0.000000,0.000000,0.000000
26.291268,0.000000,0.000000,0.000000,0.000000,0.000000,0.000000
26.301268,0.000000,0.000000,0.000000,0.000000,0.000000,0.000000
26.311268,0.000000,0.000000,0.000000,0.000000,0.000000,0.000000
26.321268,0.000000,0.000000,0.000000,0.000000,0.000000,0.000000
26.331268,0.000000,0.000000,0.000000,0.000000,0.000000,0.000000
26.341268,0.000000,0.000000,0.000000,0.000000,0.000000,0.000000
26.351268,0.000000,0.000000,0.000000,0.000000,0.000000,0.000000
26.361268,0.000000,0.000000,0.000000,0.000000,0.000000,0.000000
26.371268,0.000000,0.000000,0.000000,0.000000,0.000000,0.000000
26.381268,0.000000,0.000000,0.000000,0.000000,0.000000,0.000000
26.391268,0.000000,0.000000,0.000000,0.000000,0.000000,0.000000
26.401268,0.000000,0.000000,0.000000,0.000000,0.000000,0.000000
26.411268,0.000000,0.000000,0.000000,0.000000,0.000000,0.000000
26.421268,0.000000,0.000000,0.000000,0.000000,0.000000,0.000000
26.431268,0.000000,0.000000,0.000000,0.000000,0.000000,0.000000
26.441268,0.000000,0.000000,0.000000,0.000000,0.000000,0.000000
26.451268,0.000000,0.000000,0.000000,0.000000,0.000000,0.000000
26.461268,0.000000,0.000000,0.000000,0.000000,0.000000,0.000000
26.471268,0.000000,0.000000,0.000000,0.000000,0.000000,0.000000
26.481268,0.000000,0.000000,0.000000,0.000000,0.000000,0.000000
26.491268,0.000000,0.000000,0.000000,0.000000,0.000000,0.000000
26.501268,0.000000,0.000000,0.000000,0.000000,0.000000,0.000000
26.511268,0.000000,0.000000,0.000000,0.000000,0.000000,0.000000
26.521268,0.000000,0.000000,0.000000,0.000000,0.000000,0.000000
26.531268,0.000000,0.000000,0.000000,0.000000,0.000000,0.000000
26.541268,0.000000,0.000000,0.000000,0.000000,0.000000,0.000000
26.551268,0.000000,0.000000,0.000000,0.000000,0.000000,0.000000
26.561268,0.000000,0.000000,0.000000,0.000000,0.000000,0.000000
26.571268,0.000000,0.000000,0.000000,0.000000,0.000000,0.000000
26.581268,0.000000,0.000000,0.000000,0.000000,0.000000,0.000000
26.591268,0.000000,0.000000,0.000000,0.000000,0.000000,0.000000
26.601268,0.000000,0.000000,0.000000,0.000000,0.000000,0.000000
26.611268,0.000000,0.000000,0.000000,0.000000,0.000000,0.000000
26.621268,0.000000,0.000000,0.000000,0.000000,0.000000,0.000000
26.631268,0.000000,0.000000,0.000000,0.000000,0.000000,0.000000
26.641268,0.000000,0.000000,0.000000,0.000000,0.000000,0.000000
26.651268,0.000000,0.000000,0.000000,0.000000,0.000000,0.000000
26.661268,0.000000,0.000000,0.000000,0.000000,0.000000,0.000000
26.671268,0.000000,0.000000,0.000000,0.000000,0.000000,0.000000
26.681268,0.000000,0.000000,0.000000,0.000000,0.000000,0.000000
26.691268,0.000000,0.000000,0.000000,0.000000,0.000000,0.000000
26.701268,0.000000,0.000000,0.000000,0.000000,0.000000,0.000000
26.711268,0.000000,0.000000,0.000000,0.000000,0.000000,0.000000
26.721268,0.000000,0.000000,0.000000,0.000000,0.000000,0.000000
26.731268,0.000000,0.000000,0.000000,0.000000,0.000000,0.000000
26.741268,0.000000,0.000000,0.000000,0.000000,0.000000,0.000000
26.751268,0.000000,0.000000,0.000000,0.000000,0.000000,0.000000
26.761268,0.000000,0.000000,0.000000,0.000000,0.000000,0.000000
26.771268,0.000000,0.000000,0.000000,0.000000,0.000000,0.000000
26.781268,0.000000,0.000000,0.000000,0.000000,0.000000,0.000000
26.791268,0.000000,0.000000,0.000000,0.000000,0.000000,0.000000
26.801268,0.000000,0.000000,0.000000,0.000000,0.000000,0.000000
26.811268,0.000000,0.000000,0.000000,0.000000,0.000000,0.000000
26.821268,0.000000,0.000000,0.000000,0.000000,0.000000,0.000000
26.831268,0.000000,0.000000,0.000000,0.000000,0.000000,0.000000
26.841268,0.000000,0.000000,0.000000,0.000000,0.000000,0.000000
26.851268,0.000000,0.000000,0.000000,0.000000,0.000000,0.000000
26.861268,0.000000,0.000000,0.000000,0.000000,0.000000,0.000000
26.871268,0.000000,0.000000,0.000000,0.000000,0.000000,0.000000
26.881268,0.000000,0.000000,0.000000,0.000000,0.000000,0.000000
26.891268,0.000000,0.000000,0.000000,0.000000,0.000000,0.000000
26.901268,0.000000,0.000000,0.000000,0.000000,0.000000,0.000000
26.911268,0.000000,0.000000,0.000000,0.000000,0.000000,0.000000
26.921268,0.000000,0.000000,0.000000,0.000000,0.000000,0.000000
26.931268,0.000000,0.000000,0.000000,0.000000,0.000000,0.000000
