time,linear_accel_x,linear_accel_y,linear_accel_z,angular_vel_x,angular_vel_y,angular_vel_z
0.105428,0.000000,0.000000,0.000000,0.000000,0.000000,0.000000
0.115428,0.000000,0.000000,0.000000,0.000000,0.000000,0.000000
0.125428,0.000000,0.000000,0.000000,0.000000,0.000000,0.000000
0.135428,0.000000,0.000000,0.000000,0.000000,0.000000,0.000000
0.145428,0.000000,0.000000,0.000000,0.000000,0.000000,0.000000
0.155428,0.000000,0.000000,0.000000,0.000000,0.000000,0.000000
0.165428,0.000000,0.000000,0.000000,0.000000,0.000000,0.000000
0.175428,0.000000,0.000000,0.000000,0.000000,0.000000,0.000000
0.185428,0.000000,0.000000,0.000000,0.000000,0.000000,0.000000
0.195428,0.000000,0.000000,0.000000,0.000000,0.000000,0.000000
0.205428,0.000000,0.000000,0.000000,0.000000,0.000000,0.000000
0.215428,0.000000,0.000000,0.000000,0.000000,0.000000,0.000000
0.225428,0.000000,0.000000,0.000000,0.000000,0.000000,0.000000
0.235428,0.000000,0.000000,0.000000,0.000000,0.000000,0.000000
0.245428,0.000000,0.000000,0.000000,0.000000,0.000000,0.000000
0.255428,0.000000,0.000000,0.000000,0.000000,0.000000,0.000000
0.265428,0.000000,0.000000,0.000000,0.000000,0.000000,0.000000
0.275428,0.000000,0.000000,0.000000,0.000000,0.000000,0.000000
0.285428,0.000000,0.000000,0.000000,0.000000,0.000000,0.000000
0.295428,0.000000,0.000000,0.000000,0.000000,0.000000,0.000000
0.305428,0.000000,0.000000,0.000000,0.000000,0.000000,0.000000
0.315428,0.000000,0.000000,0.000000,0.000000,0.000000,0.000000
0.325428,0.000000,0.000000,0.000000,0.000000,0.000000,0.000000
0.335428,0.000000,0.000000,0.000000,0.000000,0.000000,0.000000
0.345428,0.000000,0.000000,0.000000,0.000000,0.000000,0.000000
0.355428,0.000000,0.000000,0.000000,0.000000,0.000000,0.000000
0.365428,0.000000,0.000000,0.000000,0.000000,0.000000,0.000000
0.375428,0.000000,0.000000,0.000000,0.000000,0.000000,0.000000
0.385428,0.000000,0.000000,0.000000,0.000000,0.000000,0.000000
0.395428,0.000000,0.000000,0.000000,0.000000,0.000000,0.000000
0.405428,0.000000,0.000000,0.000000,0.000000,0.000000,0.000000
0.415428,0.000000,0.000000,0.000000,0.000000,0.000000,0.000000
0.425428,0.000000,0.000000,0.000000,0.000000,0.000000,0.000000
0.435428,0.000000,0.000000,0.000000,0.000000,0.000000,0.000000
0.445428,0.000000,0.000000,0.000000,0.000000,0.000000,0.000000
0.455428,0.000000,0.000000,0.000000,0.000000,0.000000,0.000000
0.465428,0.000000,0.000000,0.000000,0.000000,0.000000,0.000000
0.475428,0.000000,0.000000,0.000000,0.000000,0.000000,0.000000
0.485428,0.000000,0.000000,0.000000,0.000000,0.000000,0.000000
0.495428,0.000000,0.000000,0.000000,0.000000,0.000000,0.000000
0.505428,0.000000,0.000000,0.000000,0.000000,0.000000,0.000000
0.515428,0.000000,0.000000,0.000000,0.000000,0.000000,0.000000
0.525428,0.000000,0.000000,0.000000,0.000000,0.000000,0.000000
0.535428,0.000000,0.000000,0.000000,0.000000,0.000000,0.000000
0.545428,0.000000,0.000000,0.000000,0.000000,0.000000,0.000000
0.555428,0.000000,0.000000,0.000000,0.000000,0.000000,0.000000
0.565428,0.000000,0.000000,0.000000,0.000000,0.000000,0.000000
0.575428,0.000000,0.000000,0.000000,0.000000,0.000000,0.000000
0.585428,0.000000,0.000000,0.000000,0.000000,0.000000,0.000000
0.595428,0.000000,0.000000,0.000000,0.000000,0.000000,0.000000
0.605428,0.000000,0.000000,0.000000,0.000000,0.000000,0.000000
0.615428,0.000000,0.000000,0.000000,0.000000,0.000000,0.000000
0.625428,0.000000,0.000000,0.000000,0.000000,0.000000,0.000000
0.635428,0.000000,0.000000,0.000000,0.000000,0.000000,0.000000
0.645428,0.000000,0.000000,0.000000,0.000000,0.000000,0.000000
0.655428,0.000000,0.000000,0.000000,0.000000,0.000000,0.000000
0.665428,0.000000,0.000000,0.000000,0.000000,0.000000,0.000000
0.675428,0.000000,0.000000,0.000000,0.000000,0.000000,0.000000
0.685428,0.000000,0.000000,0.000000,0.000000,0.000000,0.000000
0.695428,0.000000,0.000000,0.000000,0.000000,0.000000,0.000000
0.705428,0.000000,0.000000,0.000000,0.000000,0.000000,0.000000
0.715428,0.000000,0.000000,0.000000,0.000000,0.000000,0.000000
0.725428,0.000000,0.000000,0.000000,0.000000,0.000000,0.000000
0.735428,0.000000,0.000000,0.000000,0.000000,0.000000,0.000000
0.745428,0.000000,0.000000,0.000000,0.000000,0.000000,0.000000
0.755428,0.000000,0.000000,0.000000,0.000000,0.000000,0.000000
0.765428,0.000000,0.000000,0.000000,0.000000,0.000000,0.000000
0.775428,0.000000,0.000000,0.000000,0.000000,0.000000,0.000000
0.785428,0.000000,0.000000,0.000000,0.000000,0.000000,0.000000
0.795428,0.000000,0.000000,0.000000,0.000000,0.000000,0.000000
0.805428,0.000000,0.000000,0.000000,0.000000,0.000000,0.000000
0.815428,0.000000,0.000000,0.000000,0.000000,0.000000,0.000000
0.825428,0.000000,0.000000,0.000000,0.000000,0.000000,0.000000
0.835428,0.000000,0.000000,0.000000,0.000000,0.000000,0.000000
0.845428,0.000000,0.000000,0.000000,0.000000,0.000000,0.000000
0.855428,0.000000,0.000000,0.000000,0.000000,0.000000,0.000000
0.865428,0.000000,0.000000,0.000000,0.000000,0.000000,0.000000
0.875428,0.000000,0.000000,0.000000,0.000000,0.000000,0.000000
0.885428,0.000000,0.000000,0.000000,0.000000,0.000000,0.000000
0.895428,0.000000,0.000000,0.000000,0.000000,0.000000,0.000000
0.905428,0.000000,0.000000,0.000000,0.000000,0.000000,0.000000
0.915428,0.000000,0.000000,0.000000,0.000000,0.000000,0.000000
0.925428,0.000000,0.000000,0.000000,0.000000,0.000000,0.000000
0.935428,0.000000,0.000000,0.000000,0.000000,0.000000,0.000000
0.945428,0.000000,0.000000,0.000000,0.000000,0.000000,0.000000
0.955428,0.000000,0.000000,0.000000,0.000000,0.000000,0.000000
0.965428,0.000000,0.000000,0.000000,0.000000,0.000000,0.000000
0.975428,0.000000,0.000000,0.000000,0.000000,0.000000,0.000000
0.985428,0.000000,0.000000,0.000000,0.000000,0.000000,0.000000
0.995428,0.000000,0.000000,0.000000,0.000000,0.000000,0.000000
1.005428,0.000000,0.000000,0.000000,0.000000,0.000000,0.000000
1.015428,0.000000,0.000000,0.000000,0.000000,0.000000,0.000000
1.025428,0.000000,0.000000,0.000000,0.000000,0.000000,0.000000
1.035428,0.000000,0.000000,0.000000,0.000000,0.000000,0.000000
1.045428,0.000000,0.000000,0.000000,0.000000,0.000000,0.000000
1.055428,0.000000,0.000000,0.000000,0.000000,0.000000,0.000000
1.065428,0.000000,0.000000,0.000000,0.000000,0.000000,0.000000
1.075428,0.000000,0.000000,0.000000,0.000000,0.000000,0.000000
1.085428,0.000000,0.000000,0.000000,0.000000,0.000000,0.000000
1.095428,0.000000,0.000000,0.000000,0.000000,0.000000,0.000000
1.105428,0.000000,0.000000,0.000000,0.000000,0.000000,0.000000
1.115428,0.000000,0.000000,0.000000,0.000000,0.000000,0.000000
1.125428,0.000000,0.000000,0.000000,0.000000,0.000000,0.000000
1.135428,0.000000,0.000000,0.000000,0.000000,0.000000,0.000000
1.145428,0.000000,0.000000,0.000000,0.000000,0.000000,0.000000
1.155428,0.000000,0.000000,0.000000,0.000000,0.000000,0.000000
1.165428,0.000000,0.000000,0.000000,0.000000,0.000000,0.000000
1.175428,0.000000,0.000000,0.000000,0.000000,0.000000,0.000000
1.185428,0.000000,0.000000,0.000000,0.000000,0.000000,0.000000
1.195428,0.000000,0.000000,0.000000,0.000000,0.000000,0.000000
1.205428,0.000000,0.000000,0.000000,0.000000,0.000000,0.000000
1.215428,0.000000,0.000000,0.000000,0.000000,0.000000,0.000000
1.225428,0.000000,0.000000,0.000000,0.000000,0.000000,0.000000
1.235428,0.000000,0.000000,0.000000,0.000000,0.000000,0.000000
1.245428,0.000000,0.000000,0.000000,0.000000,0.000000,0.000000
1.255428,0.000000,0.000000,0.000000,0.000000,0.000000,0.000000
1.265428,0.000000,0.000000,0.000000,0.000000,0.000000,0.000000
1.275428,0.000000,0.000000,0.000000,0.000000,0.000000,0.000000
1.285428,0.000000,0.000000,0.000000,0.000000,0.000000,0.000000
1.295428,0.000000,0.000000,0.000000,0.000000,0.000000,0.000000
1.305428,0.000000,0.000000,0.000000,0.000000,0.000000,0.000000
1.315428,0.000000,0.000000,0.000000,0.000000,0.000000,0.000000
1.325428,0.000000,0.000000,0.000000,0.000000,0.000000,0.000000
1.335428,0.000000,0.000000,0.000000,0.000000,0.000000,0.000000
1.345428,0.000000,0.000000,0.000000,0.000000,0.000000,0.000000
1.355428,0.000000,0.000000,0.000000,0.000000,0.000000,0.000000
1.365428,0.000000,0.000000,0.000000,0.000000,0.000000,0.000000
1.375428,0.000000,0.000000,0.000000,0.000000,0.000000,0.000000
1.385428,0.000000,0.000000,0.000000,0.000000,0.000000,0.000000
1.395428,0.000000,0.000000,0.000000,0.000000,0.000000,0.000000
1.405428,0.000000,0.000000,0.000000,0.000000,0.000000,0.000000
1.415428,0.000000,0.000000,0.000000,0.000000,0.000000,0.000000
1.425428,0.000000,0.000000,0.000000,0.000000,0.000000,0.000000
1.435428,0.000000,0.000000,0.000000,0.000000,0.000000,0.000000
1.445428,0.000000,0.000000,0.000000,0.000000,0.000000,0.000000
1.455428,0.000000,0.000000,0.000000,0.000000,0.000000,0.000000
1.465428,0.000000,0.000000,0.000000,0.000000,0.000000,0.000000
1.475428,0.000000,0.000000,0.000000,0.000000,0.000000,0.000000
1.485428,0.000000,0.000000,0.000000,0.000000,0.000000,0.000000
1.495428,0.000000,0.000000,0.000000,0.000000,0.000000,0.000000
1.505428,0.000000,0.000000,0.000000,0.000000,0.000000,0.000000
1.515428,0.000000,0.000000,0.000000,0.000000,0.000000,0.000000
1.525428,0.000000,0.000000,0.000000,0.000000,0.000000,0.000000
1.535428,0.000000,0.000000,0.000000,0.000000,0.000000,0.000000
1.545428,0.000000,0.000000,0.000000,0.000000,0.000000,0.000000
1.555428,0.000000,0.000000,0.000000,0.000000,0.000000,0.000000
1.565428,0.000000,0.000000,0.000000,0.000000,0.000000,0.000000
1.575428,0.000000,0.000000,0.000000,0.000000,0.000000,0.000000
1.585428,0.000000,0.000000,0.000000,0.000000,0.000000,0.000000
1.595428,0.000000,0.000000,0.000000,0.000000,0.000000,0.000000
1.605428,0.000000,0.000000,0.000000,0.000000,0.000000,0.000000
1.615428,0.000000,0.000000,0.000000,0.000000,0.000000,0.000000
1.625428,0.000000,0.000000,0.000000,0.000000,0.000000,0.000000
1.635428,0.000000,0.000000,0.000000,0.000000,0.000000,0.000000
1.645428,0.000000,0.000000,0.000000,0.000000,0.000000,0.000000
1.655428,0.000000,0.000000,0.000000,0.000000,0.000000,0.000000
1.665428,0.000000,0.000000,0.000000,0.000000,0.000000,0.000000
1.675428,0.000000,0.000000,0.000000,0.000000,0.000000,0.000000
1.685428,0.000000,0.000000,0.000000,0.000000,0.000000,0.000000
1.695428,0.000000,0.000000,0.000000,0.000000,0.000000,0.000000
1.705428,0.000000,0.000000,0.000000,0.000000,0.000000,0.000000
1.715428,0.000000,0.000000,0.000000,0.000000,0.000000,0.000000
1.725428,0.000000,0.000000,0.000000,0.000000,0.000000,0.000000
1.735428,0.000000,0.000000,0.000000,0.000000,0.000000,0.000000
1.745428,0.000000,0.000000,0.000000,0.000000,0.000000,0.000000
1.755428,0.000000,0.000000,0.000000,0.000000,0.000000,0.000000
1.765428,0.000000,0.000000,0.000000,0.000000,0.000000,0.000000
1.775428,0.000000,0.000000,0.000000,0.000000,0.000000,0.000000
1.785428,0.000000,0.000000,0.000000,0.000000,0.000000,0.000000
1.795428,0.000000,0.000000,0.000000,0.000000,0.000000,0.000000
1.805428,0.000000,0.000000,0.000000,0.000000,0.000000,0.000000
1.815428,0.000000,0.000000,0.000000,0.000000,0.000000,0.000000
1.825428,0.000000,0.000000,0.000000,0.000000,0.000000,0.000000
1.835428,0.000000,0.000000,0.000000,0.000000,0.000000,0.000000
1.845428,0.000000,0.000000,0.000000,0.000000,0.000000,0.000000
1.855428,0.000000,0.000000,0.000000,0.000000,0.000000,0.000000
1.865428,0.000000,0.000000,0.000000,0.000000,0.000000,0.000000
1.875428,0.000000,0.000000,0.000000,0.000000,0.000000,0.000000
1.885428,0.000000,0.000000,0.000000,0.000000,0.000000,0.000000
1.895428,0.000000,0.000000,0.000000,0.000000,0.000000,0.000000
1.905428,0.000000,0.000000,0.000000,0.000000,0.000000,0.000000
1.915428,0.000000,0.000000,0.000000,0.000000,0.000000,0.000000
1.925428,0.000000,0.000000,0.000000,0.000000,0.000000,0.000000
1.935428,0.000000,0.000000,0.000000,0.000000,0.000000,0.000000
1.945428,0.000000,0.000000,0.000000,0.000000,0.000000,0.000000
1.955428,0.000000,0.000000,0.000000,0.000000,0.000000,0.000000
1.965428,0.000000,0.000000,0.000000,0.000000,0.000000,0.000000
1.975428,0.000000,0.000000,0.000000,0.000000,0.000000,0.000000
1.985428,0.000000,0.000000,0.000000,0.000000,0.000000,0.000000
1.995428,0.000000,0.000000,0.000000,0.000000,0.000000,0.000000
2.005428,0.000000,0.000000,0.000000,0.000000,0.000000,0.000000
2.015428,0.000000,0.000000,0.000000,0.000000,0.000000,0.000000
2.025428,0.000000,0.000000,0.000000,0.000000,0.000000,0.000000
2.035428,0.000000,0.000000,0.000000,0.000000,0.000000,0.000000
2.045428,0.000000,0.000000,0.000000,0.000000,0.000000,0.000000
2.055428,0.000000,0.000000,0.000000,0.000000,0.000000,0.000000
2.065428,0.000000,0.000000,0.000000,0.000000,0.000000,0.000000
2.075428,0.000000,0.000000,0.000000,0.000000,0.000000,0.000000
2.085428,0.000000,0.000000,0.000000,0.000000,0.000000,0.000000
2.095428,0.000000,0.000000,0.000000,0.000000,0.000000,0.000000
2.105428,0.000000,0.000000,0.000000,0.000000,0.000000,0.000000
2.115428,0.000000,0.000000,0.000000,0.000000,0.000000,0.000000
2.125428,0.000000,0.000000,0.000000,0.000000,0.000000,0.000000
2.135428,0.000000,0.000000,0.000000,0.000000,0.000000,0.000000
2.145428,0.000000,0.000000,0.000000,0.000000,0.000000,0.000000
2.155428,0.000000,0.000000,0.000000,0.000000,0.000000,0.000000
2.165428,0.000000,0.000000,0.000000,0.000000,0.000000,0.000000
2.175428,0.000000,0.000000,0.000000,0.000000,0.000000,0.000000
2.185428,0.000000,0.000000,0.000000,0.000000,0.000000,0.000000
2.195428,0.000000,0.000000,0.000000,0.000000,0.000000,0.000000
2.205428,0.000000,0.000000,0.000000,0.000000,0.000000,0.000000
2.215428,0.000000,0.000000,0.000000,0.000000,0.000000,0.000000
2.225428,0.000000,0.000000,0.000000,0.000000,0.000000,0.000000
2.235428,0.000000,0.000000,0.000000,0.000000,0.000000,0.000000
2.245428,0.000000,0.000000,0.000000,0.000000,0.000000,0.000000
2.255428,0.000000,0.000000,0.000000,0.000000,0.000000,0.000000
2.265428,0.000000,0.000000,0.000000,0.000000,0.000000,0.000000
2.275428,0.000000,0.000000,0.000000,0.000000,0.000000,0.000000
2.285428,0.000000,0.000000,0.000000,0.000000,0.000000,0.000000
2.295428,0.000000,0.000000,0.000000,0.000000,0.000000,0.000000
2.305428,0.000000,0.000000,0.000000,0.000000,0.000000,0.000000
2.315428,0.000000,0.000000,0.000000,0.000000,0.000000,0.000000
2.325428,0.000000,0.000000,0.000000,0.000000,0.000000,0.000000
2.335428,0.000000,0.000000,0.000000,0.000000,0.000000,0.000000
2.345428,0.000000,0.000000,0.000000,0.000000,0.000000,0.000000
2.355428,0.000000,0.000000,0.000000,0.000000,0.000000,0.000000
2.365428,0.000000,0.000000,0.000000,0.000000,0.000000,0.000000
2.375428,0.000000,0.000000,0.000000,0.000000,0.000000,0.000000
2.385428,0.000000,0.000000,0.000000,0.000000,0.000000,0.000000
2.395428,0.000000,0.000000,0.000000,0.000000,0.000000,0.000000
2.405428,0.000000,0.000000,0.000000,0.000000,0.000000,0.000000
2.415428,0.000000,0.000000,0.000000,0.000000,0.000000,0.000000
2.425428,0.000000,0.000000,0.000000,0.000000,0.000000,0.000000
2.435428,0.000000,0.000000,0.000000,0.000000,0.000000,0.000000
2.445428,0.000000,0.000000,0.000000,0.000000,0.000000,0.000000
2.455428,0.000000,0.000000,0.000000,0.000000,0.000000,0.000000
2.465428,0.000000,0.000000,0.000000,0.000000,0.000000,0.000000
2.475428,0.000000,0.000000,0.000000,0.000000,0.000000,0.000000
2.485428,0.000000,0.000000,0.000000,0.000000,0.000000,0.000000
2.495428,0.000000,0.000000,0.000000,0.000000,0.000000,0.000000
2.505428,0.000000,0.000000,0.000000,0.000000,0.000000,0.000000
2.515428,0.000000,0.000000,0.000000,0.000000,0.000000,0.000000
2.525428,0.000000,0.000000,0.000000,0.000000,0.000000,0.000000
2.535428,0.000000,0.000000,0.000000,0.000000,0.000000,0.000000
2.545428,0.000000,0.000000,0.000000,0.000000,0.000000,0.000000
2.555428,0.000000,0.000000,0.000000,0.000000,0.000000,0.000000
2.565428,0.000000,0.000000,0.000000,0.000000,0.000000,0.000000
2.575428,0.000000,0.000000,0.000000,0.000000,0.000000,0.000000
2.585428,0.000000,0.000000,0.000000,0.000000,0.000000,0.000000
2.595428,0.000000,0.000000,0.000000,0.000000,0.000000,0.000000
2.605428,0.000000,0.000000,0.000000,0.000000,0.000000,0.000000
2.615428,0.000000,0.000000,0.000000,0.000000,0.000000,0.000000
2.625428,0.000000,0.000000,0.000000,0.000000,0.000000,0.000000
2.635428,0.000000,0.000000,0.000000,0.000000,0.000000,0.000000
2.645428,0.000000,0.000000,0.000000,0.000000,0.000000,0.000000
2.655428,0.000000,0.000000,0.000000,0.000000,0.000000,0.000000
2.665428,0.000000,0.000000,0.000000,0.000000,0.000000,0.000000
2.675428,0.000000,0.000000,0.000000,0.000000,0.000000,0.000000
2.685428,0.000000,0.000000,0.000000,0.000000,0.000000,0.000000
2.695428,0.000000,0.000000,0.000000,0.000000,0.000000,0.000000
2.705428,0.000000,0.000000,0.000000,0.000000,0.000000,0.000000
2.715428,0.000000,0.000000,0.000000,0.000000,0.000000,0.000000
2.725428,0.000000,0.000000,0.000000,0.000000,0.000000,0.000000
2.735428,0.000000,0.000000,0.000000,0.000000,0.000000,0.000000
2.745428,0.000000,0.000000,0.000000,0.000000,0.000000,0.000000
2.755428,0.000000,0.000000,0.000000,0.000000,0.000000,0.000000
2.765428,0.000000,0.000000,0.000000,0.000000,0.000000,0.000000
2.775428,0.000000,0.000000,0.000000,0.000000,0.000000,0.000000
2.785428,0.000000,0.000000,0.000000,0.000000,0.000000,0.000000
2.795428,0.000000,0.000000,0.000000,0.000000,0.000000,0.000000
2.805428,0.000000,0.000000,0.000000,0.000000,0.000000,0.000000
2.815428,0.000000,0.000000,0.000000,0.000000,0.000000,0.000000
2.825428,0.000000,0.000000,0.000000,0.000000,0.000000,0.000000
2.835428,0.000000,0.000000,0.000000,0.000000,0.000000,0.000000
2.845428,0.000000,0.000000,0.000000,0.000000,0.000000,0.000000
2.855428,0.000000,0.000000,0.000000,0.000000,0.000000,0.000000
2.865428,0.000000,0.000000,0.000000,0.000000,0.000000,0.000000
2.875428,0.000000,0.000000,0.000000,0.000000,0.000000,0.000000
2.885428,0.000000,0.000000,0.000000,0.000000,0.000000,0.000000
2.895428,0.000000,0.000000,0.000000,0.000000,0.000000,0.000000
2.905428,0.000000,0.000000,0.000000,0.000000,0.000000,0.000000
2.915428,0.000000,0.000000,0.000000,0.000000,0.000000,0.000000
2.925428,0.000000,0.000000,0.000000,0.000000,0.000000,0.000000
2.935428,0.000000,0.000000,0.000000,0.000000,0.000000,0.000000
2.945428,0.000000,0.000000,0.000000,0.000000,0.000000,0.000000
2.955428,0.000000,0.000000,0.000000,0.000000,0.000000,0.000000
2.965428,0.000000,0.000000,0.000000,0.000000,0.000000,0.000000
2.975428,0.000000,0.000000,0.000000,0.000000,0.000000,0.000000
2.985428,0.000000,0.000000,0.000000,0.000000,0.000000,0.000000
2.995428,0.000000,0.000000,0.000000,0.000000,0.000000,0.000000
3.005428,0.000000,0.000000,0.000000,0.000000,0.000000,0.000000
3.015428,0.000000,0.000000,0.000000,0.000000,0.000000,0.000000
3.025428,0.000000,0.000000,0.000000,0.000000,0.000000,0.000000
3.035428,0.000000,0.000000,0.000000,0.000000,0.000000,0.000000
3.045428,0.000000,0.000000,0.000000,0.000000,0.000000,0.000000
3.055428,0.000000,0.000000,0.000000,0.000000,0.000000,0.000000
3.065428,0.000000,0.000000,0.000000,0.000000,0.000000,0.000000
3.075428,0.000000,0.000000,0.000000,0.000000,0.000000,0.000000
3.085428,0.000000,0.000000,0.000000,0.000000,0.000000,0.000000
3.095428,0.000000,0.000000,0.000000,0.000000,0.000000,0.000000
3.105428,0.000000,0.000000,0.000000,0.000000,0.000000,0.000000
3.115428,0.000000,0.000000,0.000000,0.000000,0.000000,0.000000
3.125428,0.000000,0.000000,0.000000,0.000000,0.000000,0.000000
3.135428,0.000000,0.000000,0.000000,0.000000,0.000000,0.000000
3.145428,0.000000,0.000000,0.000000,0.000000,0.000000,0.000000
3.155428,0.000000,0.000000,0.000000,0.000000,0.000000,0.000000
3.165428,0.000000,0.000000,0.000000,0.000000,0.000000,0.000000
3.175428,0.000000,0.000000,0.000000,0.000000,0.000000,0.000000
3.185428,0.000000,0.000000,0.000000,0.000000,0.000000,0.000000
3.195428,0.000000,0.000000,0.000000,0.000000,0.000000,0.000000
3.205428,0.000000,0.000000,0.000000,0.000000,0.000000,0.000000
3.215428,0.000000,0.000000,0.000000,0.000000,0.000000,0.000000
3.225428,0.000000,0.000000,0.000000,0.000000,0.000000,0.000000
3.235428,0.000000,0.000000,0.000000,0.000000,0.000000,0.000000
3.245428,0.000000,0.000000,0.000000,0.000000,0.000000,0.000000
3.255428,0.000000,0.000000,0.000000,0.000000,0.000000,0.000000
3.265428,0.000000,0.000000,0.000000,0.000000,0.000000,0.000000
3.275428,0.000000,0.000000,0.000000,0.000000,0.000000,0.000000
3.285428,0.000000,0.000000,0.000000,0.000000,0.000000,0.000000
3.295428,0.000000,0.000000,0.000000,0.000000,0.000000,0.000000
3.305428,0.000000,0.000000,0.000000,0.000000,0.000000,0.000000
3.315428,0.000000,0.000000,0.000000,0.000000,0.000000,0.000000
3.325428,0.000000,0.000000,0.000000,0.000000,0.000000,0.000000
3.335428,0.000000,0.000000,0.000000,0.000000,0.000000,0.000000
3.345428,0.000000,0.000000,0.000000,0.000000,0.000000,0.000000
3.355428,0.000000,0.000000,0.000000,0.000000,0.000000,0.000000
3.365428,0.000000,0.000000,0.000000,0.000000,0.000000,0.000000
3.375428,0.000000,0.000000,0.000000,0.000000,0.000000,0.000000
3.385428,0.000000,0.000000,0.000000,0.000000,0.000000,0.000000
3.395428,0.000000,0.000000,0.000000,0.000000,0.000000,0.000000
3.405428,0.000000,0.000000,0.000000,0.000000,0.000000,0.000000
3.415428,0.000000,0.000000,0.000000,0.000000,0.000000,0.000000
3.425428,0.000000,0.000000,0.000000,0.000000,0.000000,0.000000
3.435428,0.000000,0.000000,0.000000,0.000000,0.000000,0.000000
3.445428,0.000000,0.000000,0.000000,0.000000,0.000000,0.000000
3.455428,0.000000,0.000000,0.000000,0.000000,0.000000,0.000000
3.465428,0.000000,0.000000,0.000000,0.000000,0.000000,0.000000
3.475428,0.000000,0.000000,0.000000,0.000000,0.000000,0.000000
3.485428,0.000000,0.000000,0.000000,0.000000,0.000000,0.000000
3.495428,0.000000,0.000000,0.000000,0.000000,0.000000,0.000000
3.505428,0.000000,0.000000,0.000000,0.000000,0.000000,0.000000
3.515428,0.000000,0.000000,0.000000,0.000000,0.000000,0.000000
3.525428,0.000000,0.000000,0.000000,0.000000,0.000000,0.000000
3.535428,0.000000,0.000000,0.000000,0.000000,0.000000,0.000000
3.545428,0.000000,0.000000,0.000000,0.000000,0.000000,0.000000
3.555428,0.000000,0.000000,0.000000,0.000000,0.000000,0.000000
3.565428,0.000000,0.000000,0.000000,0.000000,0.000000,0.000000
3.575428,0.000000,0.000000,0.000000,0.000000,0.000000,0.000000
3.585428,0.000000,0.000000,0.000000,0.000000,0.000000,0.000000
3.595428,0.000000,0.000000,0.000000,0.000000,0.000000,0.000000
3.605428,0.000000,0.000000,0.000000,0.000000,0.000000,0.000000
3.615428,0.000000,0.000000,0.000000,0.000000,0.000000,0.000000
3.625428,0.000000,0.000000,0.000000,0.000000,0.000000,0.000000
3.635428,0.000000,0.000000,0.000000,0.000000,0.000000,0.000000
3.645428,0.000000,0.000000,0.000000,0.000000,0.000000,0.000000
3.655428,0.000000,0.000000,0.000000,0.000000,0.000000,0.000000
3.665428,0.000000,0.000000,0.000000,0.000000,0.000000,0.000000
3.675428,0.000000,0.000000,0.000000,0.000000,0.000000,0.000000
3.685428,0.000000,0.000000,0.000000,0.000000,0.000000,0.000000
3.695428,0.000000,0.000000,0.000000,0.000000,0.000000,0.000000
3.705428,0.000000,0.000000,0.000000,0.000000,0.000000,0.000000
3.715428,0.000000,0.000000,0.000000,0.000000,0.000000,0.000000
3.725428,0.000000,0.000000,0.000000,0.000000,0.000000,0.000000
3.735428,0.000000,0.000000,0.000000,0.000000,0.000000,0.000000
3.745428,0.000000,0.000000,0.000000,0.000000,0.000000,0.000000
3.755428,0.000000,0.000000,0.000000,0.000000,0.000000,0.000000
3.765428,0.000000,0.000000,0.000000,0.000000,0.000000,0.000000
3.775428,0.000000,0.000000,0.000000,0.000000,0.000000,0.000000
3.785428,0.000000,0.000000,0.000000,0.000000,0.000000,0.000000
3.795428,0.000000,0.000000,0.000000,0.000000,0.000000,0.000000
3.805428,0.000000,0.000000,0.000000,0.000000,0.000000,0.000000
3.815428,0.000000,0.000000,0.000000,0.000000,0.000000,0.000000
3.825428,0.000000,0.000000,0.000000,0.000000,0.000000,0.000000
3.835428,0.000000,0.000000,0.000000,0.000000,0.000000,0.000000
3.845428,0.000000,0.000000,0.000000,0.000000,0.000000,0.000000
3.855428,0.000000,0.000000,0.000000,0.000000,0.000000,0.000000
3.865428,0.000000,0.000000,0.000000,0.000000,0.000000,0.000000
3.875428,0.000000,0.000000,0.000000,0.000000,0.000000,0.000000
3.885428,0.000000,0.000000,0.000000,0.000000,0.000000,0.000000
3.895428,0.000000,0.000000,0.000000,0.000000,0.000000,0.000000
3.905428,0.000000,0.000000,0.000000,0.000000,0.000000,0.000000
3.915428,0.000000,0.000000,0.000000,0.000000,0.000000,0.000000
3.925428,0.000000,0.000000,0.000000,0.000000,0.000000,0.000000
3.935428,0.000000,0.000000,0.000000,0.000000,0.000000,0.000000
3.945428,0.000000,0.000000,0.000000,0.000000,0.000000,0.000000
3.955428,0.000000,0.000000,0.000000,0.000000,0.000000,0.000000
3.965428,0.000000,0.000000,0.000000,0.000000,0.000000,0.000000
3.975428,0.000000,0.000000,0.000000,0.000000,0.000000,0.000000
3.985428,0.000000,0.000000,0.000000,0.000000,0.000000,0.000000
3.995428,0.000000,0.000000,0.000000,0.000000,0.000000,0.000000
4.005428,0.000000,0.000000,0.000000,0.000000,0.000000,0.000000
4.015428,0.000000,0.000000,0.000000,0.000000,0.000000,0.000000
4.025428,0.000000,0.000000,0.000000,0.000000,0.000000,0.000000
4.035428,0.000000,0.000000,0.000000,0.000000,0.000000,0.000000
4.045428,0.000000,0.000000,0.000000,0.000000,0.000000,0.000000
4.055428,0.000000,0.000000,0.000000,0.000000,0.000000,0.000000
4.065428,0.000000,0.000000,0.000000,0.000000,0.000000,0.000000
4.075428,0.000000,0.000000,0.000000,0.000000,0.000000,0.000000
4.085428,0.000000,0.000000,0.000000,0.000000,0.000000,0.000000
4.095428,0.000000,0.000000,0.000000,0.000000,0.000000,0.000000
4.105428,0.000000,0.000000,0.000000,0.000000,0.000000,0.000000
4.115428,0.000000,0.000000,0.000000,0.000000,0.000000,0.000000
4.125428,0.000000,0.000000,0.000000,0.000000,0.000000,0.000000
4.135428,0.000000,0.000000,0.000000,0.000000,0.000000,0.000000
4.145428,0.000000,0.000000,0.000000,0.000000,0.000000,0.000000
4.155428,0.000000,0.000000,0.000000,0.000000,0.000000,0.000000
4.165428,0.000000,0.000000,0.000000,0.000000,0.000000,0.000000
4.175428,0.000000,0.000000,0.000000,0.000000,0.000000,0.000000
4.185428,0.000000,0.000000,0.000000,0.000000,0.000000,0.000000
4.195428,0.000000,0.000000,0.000000,0.000000,0.000000,0.000000
4.205428,0.000000,0.000000,0.000000,0.000000,0.000000,0.000000
4.215428,0.000000,0.000000,0.000000,0.000000,0.000000,0.000000
4.225428,0.000000,0.000000,0.000000,0.000000,0.000000,0.000000
4.235428,0.000000,0.000000,0.000000,0.000000,0.000000,0.000000
4.245428,0.000000,0.000000,0.000000,0.000000,0.000000,0.000000
4.255428,0.000000,0.000000,0.000000,0.000000,0.000000,0.000000
4.265428,0.000000,0.000000,0.000000,0.000000,0.000000,0.000000
4.275428,0.000000,0.000000,0.000000,0.000000,0.000000,0.000000
4.285428,0.000000,0.000000,0.000000,0.000000,0.000000,0.000000
4.295428,0.000000,0.000000,0.000000,0.000000,0.000000,0.000000
4.305428,0.000000,0.000000,0.000000,0.000000,0.000000,0.000000
4.315428,0.000000,0.000000,0.000000,0.000000,0.000000,0.000000
4.325428,0.000000,0.000000,0.000000,0.000000,0.000000,0.000000
4.335428,0.000000,0.000000,0.000000,0.000000,0.000000,0.000000
4.345428,0.000000,0.000000,0.000000,0.000000,0.000000,0.000000
4.355428,0.000000,0.000000,0.000000,0.000000,0.000000,0.000000
4.365428,0.000000,0.000000,0.000000,0.000000,0.000000,0.000000
4.375428,0.000000,0.000000,0.000000,0.000000,0.000000,0.000000
4.385428,0.000000,0.000000,0.000000,0.000000,0.000000,0.000000
4.395428,0.000000,0.000000,0.000000,0.000000,0.000000,0.000000
4.405428,0.000000,0.000000,0.000000,0.000000,0.000000,0.000000
4.415428,0.000000,0.000000,0.000000,0.000000,0.000000,0.000000
4.425428,0.000000,0.000000,0.000000,0.000000,0.000000,0.000000
4.435428,0.000000,0.000000,0.000000,0.000000,0.000000,0.000000
4.445428,0.000000,0.000000,0.000000,0.000000,0.000000,0.000000
4.455428,0.000000,0.000000,0.000000,0.000000,0.000000,0.000000
4.465428,0.000000,0.000000,0.000000,0.000000,0.000000,0.000000
4.475428,0.000000,0.000000,0.000000,0.000000,0.000000,0.000000
4.485428,0.000000,0.000000,0.000000,0.000000,0.000000,0.000000
4.495428,0.000000,0.000000,0.000000,0.000000,0.000000,0.000000
4.505428,0.000000,0.000000,0.000000,0.000000,0.000000,0.000000
4.515428,0.000000,0.000000,0.000000,0.000000,0.000000,0.000000
4.525428,0.000000,0.000000,0.000000,0.000000,0.000000,0.000000
4.535428,0.000000,0.000000,0.000000,0.000000,0.000000,0.000000
4.545428,0.000000,0.000000,0.000000,0.000000,0.000000,0.000000
4.555428,0.000000,0.000000,0.000000,0.000000,0.000000,0.000000
4.565428,0.000000,0.000000,0.000000,0.000000,0.000000,0.000000
4.575428,0.000000,0.000000,0.000000,0.000000,0.000000,0.000000
4.585428,0.000000,0.000000,0.000000,0.000000,0.000000,0.000000
4.595428,0.000000,0.000000,0.000000,0.000000,0.000000,0.000000
4.605428,0.000000,0.000000,0.000000,0.000000,0.000000,0.000000
4.615428,0.000000,0.000000,0.000000,0.000000,0.000000,0.000000
4.625428,0.000000,0.000000,0.000000,0.000000,0.000000,0.000000
4.635428,0.000000,0.000000,0.000000,0.000000,0.000000,0.000000
4.645428,0.000000,0.000000,0.000000,0.000000,0.000000,0.000000
4.655428,0.000000,0.000000,0.000000,0.000000,0.000000,0.000000
4.665428,0.000000,0.000000,0.000000,0.000000,0.000000,0.000000
4.675428,0.000000,0.000000,0.000000,0.000000,0.000000,0.000000
4.685428,0.000000,0.000000,0.000000,0.000000,0.000000,0.000000
4.695428,0.000000,0.000000,0.000000,0.000000,0.000000,0.000000
4.705428,0.000000,0.000000,0.000000,0.000000,0.000000,0.000000
4.715428,0.000000,0.000000,0.000000,0.000000,0.000000,0.000000
4.725428,0.000000,0.000000,0.000000,0.000000,0.000000,0.000000
4.735428,0.000000,0.000000,0.000000,0.000000,0.000000,0.000000
4.745428,0.000000,0.000000,0.000000,0.000000,0.000000,0.000000
4.755428,0.000000,0.000000,0.000000,0.000000,0.000000,0.000000
4.765428,0.000000,0.000000,0.000000,0.000000,0.000000,0.000000
4.775428,0.000000,0.000000,0.000000,0.000000,0.000000,0.000000
4.785428,0.000000,0.000000,0.000000,0.000000,0.000000,0.000000
4.795428,0.000000,0.000000,0.000000,0.000000,0.000000,0.000000
4.805428,0.000000,0.000000,0.000000,0.000000,0.000000,0.000000
4.815428,0.000000,0.000000,0.000000,0.000000,0.000000,0.000000
4.825428,0.000000,0.000000,0.000000,0.000000,0.000000,0.000000
4.835428,0.000000,0.000000,0.000000,0.000000,0.000000,0.000000
4.845428,0.000000,0.000000,0.000000,0.000000,0.000000,0.000000
4.855428,0.000000,0.000000,0.000000,0.000000,0.000000,0.000000
4.865428,0.000000,0.000000,0.000000,0.000000,0.000000,0.000000
4.875428,0.000000,0.000000,0.000000,0.000000,0.000000,0.000000
4.885428,0.000000,0.000000,0.000000,0.000000,0.000000,0.000000
4.895428,0.000000,0.000000,0.000000,0.000000,0.000000,0.000000
4.905428,0.000000,0.000000,0.000000,0.000000,0.000000,0.000000
4.915428,0.000000,0.000000,0.000000,0.000000,0.000000,0.000000
4.925428,0.000000,0.000000,0.000000,0.000000,0.000000,0.000000
4.935428,0.000000,0.000000,0.000000,0.000000,0.000000,0.000000
4.945428,0.000000,0.000000,0.000000,0.000000,0.000000,0.000000
4.955428,0.000000,0.000000,0.000000,0.000000,0.000000,0.000000
4.965428,0.000000,0.000000,0.000000,0.000000,0.000000,0.000000
4.975428,0.000000,0.000000,0.000000,0.000000,0.000000,0.000000
4.985428,0.000000,0.000000,0.000000,0.000000,0.000000,0.000000
4.995428,0.000000,0.000000,0.000000,0.000000,0.000000,0.000000
5.005428,0.000000,0.000000,0.000000,0.000000,0.000000,0.000000
5.015428,0.000000,0.000000,0.000000,0.000000,0.000000,0.000000
5.025428,0.000000,0.000000,0.000000,0.000000,0.000000,0.000000
5.035428,0.000000,0.000000,0.000000,0.000000,0.000000,0.000000
5.045428,0.000000,0.000000,0.000000,0.000000,0.000000,0.000000
5.055428,0.000000,0.000000,0.000000,0.000000,0.000000,0.000000
5.065428,0.000000,0.000000,0.000000,0.000000,0.000000,0.000000
5.075428,0.000000,0.000000,0.000000,0.000000,0.000000,0.000000
5.085428,0.000000,0.000000,0.000000,0.000000,0.000000,0.000000
5.095428,0.000000,0.000000,0.000000,0.000000,0.000000,0.000000
5.105428,0.000000,0.000000,0.000000,0.000000,0.000000,0.000000
5.115428,0.000000,0.000000,0.000000,0.000000,0.000000,0.000000
5.125428,0.000000,0.000000,0.000000,0.000000,0.000000,0.000000
5.135428,0.000000,0.000000,0.000000,0.000000,0.000000,0.000000
5.145428,0.000000,0.000000,0.000000,0.000000,0.000000,0.000000
5.155428,0.000000,0.000000,0.000000,0.000000,0.000000,0.000000
5.165428,0.000000,0.000000,0.000000,0.000000,0.000000,0.000000
5.175428,0.000000,0.000000,0.000000,0.000000,0.000000,0.000000
5.185428,0.000000,0.000000,0.000000,0.000000,0.000000,0.000000
5.195428,0.000000,0.000000,0.000000,0.000000,0.000000,0.000000
5.205428,0.000000,0.000000,0.000000,0.000000,0.000000,0.000000
5.215428,0.000000,0.000000,0.000000,0.000000,0.000000,0.000000
5.225428,0.000000,0.000000,0.000000,0.000000,0.000000,0.000000
5.235428,0.000000,0.000000,0.000000,0.000000,0.000000,0.000000
5.245428,0.000000,0.000000,0.000000,0.000000,0.000000,0.000000
5.255428,0.000000,0.000000,0.000000,0.000000,0.000000,0.000000
5.265428,0.000000,0.000000,0.000000,0.000000,0.000000,0.000000
5.275428,0.000000,0.000000,0.000000,0.000000,0.000000,0.000000
5.285428,0.000000,0.000000,0.000000,0.000000,0.000000,0.000000
5.295428,0.000000,0.000000,0.000000,0.000000,0.000000,0.000000
5.305428,0.000500,0.000000,0.000000,0.000000,0.000000,0.000000
5.315428,0.000500,0.000000,0.000000,0.000000,0.000000,0.000000
5.325428,0.000500,0.000000,0.000000,0.000000,0.000000,0.000000
5.335428,0.000500,0.000000,0.000000,0.000000,0.000000,0.000000
5.345428,0.002000,0.000000,0.000000,0.000000,0.000000,0.000000
5.355428,0.002000,0.000000,0.000000,0.000000,0.000000,0.000000
5.365428,0.002000,0.000000,0.000000,0.000000,0.000000,0.000000
5.375428,0.003500,0.000000,0.000000,0.000000,0.000000,0.000000
5.385428,0.003500,0.000000,0.000000,0.000000,0.000000,0.000000
5.395428,0.004500,0.000000,0.000000,0.000000,0.000000,0.000000
5.405428,0.004500,0.000000,0.000000,0.000000,0.000000,0.000000
5.415428,0.006000,0.000000,0.000000,0.000000,0.000000,0.000000
5.425428,0.006000,0.000000,0.000000,0.000000,0.000000,0.000000
5.435428,0.006000,0.000000,0.000000,0.000000,0.000000,0.000000
5.445428,0.007000,0.000000,0.000000,0.000000,0.000000,0.000000
5.455428,0.007000,0.000000,0.000000,0.000000,0.000000,0.000000
5.465428,0.007000,0.000000,0.000000,0.000000,0.000000,0.000000
5.475428,0.008500,0.000000,0.000000,0.000000,0.000000,0.000000
5.485428,0.008500,0.000000,0.000000,0.000000,0.000000,0.000000
5.495428,0.010000,0.000000,0.000000,0.000000,0.000000,0.000000
5.505428,0.010000,0.000000,0.000000,0.000000,0.000000,0.000000
5.515428,0.010000,0.000000,0.000000,0.000000,0.000000,0.000000
5.525428,0.010000,0.000000,0.000000,0.000000,0.000000,0.000000
5.535428,0.011500,0.000000,0.000000,0.000000,0.000000,0.000000
5.545428,0.011500,0.000000,0.000000,0.000000,0.000000,0.000000
5.555428,0.013000,0.000000,0.000000,0.000000,0.000000,0.000000
5.565428,0.013000,0.000000,0.000000,0.000000,0.000000,0.000000
5.575428,0.013000,0.000000,0.000000,0.000000,0.000000,0.000000
5.585428,0.013000,0.000000,0.000000,0.000000,0.000000,0.000000
5.595428,0.014500,0.000000,0.000000,0.000000,0.000000,0.000000
5.605428,0.014500,0.000000,0.000000,0.000000,0.000000,0.000000
5.615428,0.015500,0.000000,0.000000,0.000000,0.000000,0.000000
5.625428,0.015500,0.000000,0.000000,0.000000,0.000000,0.000000
5.635428,0.015500,0.000000,0.000000,0.000000,0.000000,0.000000
5.645428,0.017000,0.000000,0.000000,0.000000,0.000000,0.000000
5.655428,0.017000,0.000000,0.000000,0.000000,0.000000,0.000000
5.665428,0.017000,0.000000,0.000000,0.000000,0.000000,0.000000
5.675428,0.018000,0.000000,0.000000,0.000000,0.000000,0.000000
5.685428,0.019500,0.000000,0.000000,0.000000,0.000000,0.000000
5.695428,0.019500,0.000000,0.000000,0.000000,0.000000,0.000000
5.705428,0.019500,0.000000,0.000000,0.000000,0.000000,0.000000
5.715428,0.021000,0.000000,0.000000,0.000000,0.000000,0.000000
5.725428,0.021000,0.000000,0.000000,0.000000,0.000000,0.000000
5.735428,0.021000,0.000000,0.000000,0.000000,0.000000,0.000000
5.745428,0.021000,0.000000,0.000000,0.000000,0.000000,0.000000
5.755428,0.022500,0.000000,0.000000,0.000000,0.000000,0.000000
5.765428,0.022500,0.000000,0.000000,0.000000,0.000000,0.000000
5.775428,0.024000,0.000000,0.000000,0.000000,0.000000,0.000000
5.785428,0.024000,0.000000,0.000000,0.000000,0.000000,0.000000
5.795428,0.024000,0.000000,0.000000,0.000000,0.000000,0.000000
5.805428,0.025000,0.000000,0.000000,0.000000,0.000000,0.000000
5.815428,0.025000,0.000000,0.000000,0.000000,0.000000,0.000000
5.825428,0.025000,0.000000,0.000000,0.000000,0.000000,0.000000
5.835428,0.026500,0.000000,0.000000,0.000000,0.000000,0.000000
5.845428,0.026500,0.000000,0.000000,0.000000,0.000000,0.000000
5.855428,0.028000,0.000000,0.000000,0.000000,0.000000,0.000000
5.865428,0.028000,0.000000,0.000000,0.000000,0.000000,0.000000
5.875428,0.028000,0.000000,0.000000,0.000000,0.000000,0.000000
5.885428,0.029500,0.000000,0.000000,0.000000,0.000000,0.000000
5.895428,0.029500,0.000000,0.000000,0.000000,0.000000,0.000000
5.905428,0.029500,0.000000,0.000000,0.000000,0.000000,0.000000
5.915428,0.031000,0.000000,0.000000,0.000000,0.000000,0.000000
5.925428,0.031000,0.000000,0.000000,0.000000,0.000000,0.000000
5.935428,0.031000,0.000000,0.000000,0.000000,0.000000,0.000000
5.945428,0.031000,0.000000,0.000000,0.000000,0.000000,0.000000
5.955428,0.032000,0.000000,0.000000,0.000000,0.000000,0.000000
5.965428,0.033500,0.000000,0.000000,0.000000,0.000000,0.000000
5.975428,0.033500,0.000000,0.000000,0.000000,0.000000,0.000000
5.985428,0.033500,0.000000,0.000000,0.000000,0.000000,0.000000
5.995428,0.035000,0.000000,0.000000,0.000000,0.000000,0.000000
6.005428,0.035000,0.000000,0.000000,0.000000,0.000000,0.000000
6.015428,0.035000,0.000000,0.000000,0.000000,0.000000,0.000000
6.025428,0.036500,0.000000,0.000000,0.000000,0.000000,0.000000
6.035428,0.036500,0.000000,0.000000,0.000000,0.000000,0.000000
6.045428,0.036500,0.000000,0.000000,0.000000,0.000000,0.000000
6.055428,0.038000,0.000000,0.000000,0.000000,0.000000,0.000000
6.065428,0.038000,0.000000,0.000000,0.000000,0.000000,0.000000
6.075428,0.038000,0.000000,0.000000,0.000000,0.000000,0.000000
6.085428,0.039500,0.000000,0.000000,0.000000,0.000000,0.000000
6.095428,0.039500,0.000000,0.000000,0.000000,0.000000,0.000000
6.105428,0.039500,0.000000,0.000000,0.000000,0.000000,0.000000
6.115428,0.039500,0.000000,0.000000,0.000000,0.000000,0.000000
6.125428,0.040500,0.000000,0.000000,0.000000,0.000000,0.000000
6.135428,0.040500,0.000000,0.000000,0.000000,0.000000,0.000000
6.145428,0.042500,0.000000,0.000000,0.000000,0.000000,0.000000
6.155428,0.042500,0.000000,0.000000,0.000000,0.000000,0.000000
6.165428,0.042500,0.000000,0.000000,0.000000,0.000000,0.000000
6.175428,0.043500,0.000000,0.000000,0.000000,0.000000,0.000000
6.185428,0.043500,0.000000,0.000000,0.000000,0.000000,0.000000
6.195428,0.043500,0.000000,0.000000,0.000000,0.000000,0.000000
6.205428,0.045000,0.000000,0.000000,0.000000,0.000000,0.000000
6.215428,0.045000,0.000000,0.000000,0.000000,0.000000,0.000000
6.225428,0.046500,0.000000,0.000000,0.000000,0.000000,0.000000
6.235428,0.046500,0.000000,0.000000,0.000000,0.000000,0.000000
6.245428,0.046500,0.000000,0.000000,0.000000,0.000000,0.000000
6.255428,0.048000,0.000000,0.000000,0.000000,0.000000,0.000000
6.265428,0.048000,0.000000,0.000000,0.000000,0.000000,0.000000
6.275428,0.048000,0.000000,0.000000,0.000000,0.000000,0.000000
6.285428,0.049500,0.000000,0.000000,0.000000,0.000000,0.000000
6.295428,0.049500,0.000000,0.000000,0.000000,0.000000,0.000000
6.305428,0.049500,0.000000,0.000000,0.000000,0.000000,0.000000
6.315428,0.051000,0.000000,0.000000,0.000000,0.000000,0.000000
6.325428,0.051000,0.000000,0.000000,0.000000,0.000000,0.000000
6.335428,0.051000,0.000000,0.000000,0.000000,0.000000,0.000000
6.345428,0.052000,0.000000,0.000000,0.000000,0.000000,0.000000
6.355428,0.052000,0.000000,0.000000,0.000000,0.000000,0.000000
6.365428,0.053000,0.000000,0.000000,0.000000,0.000000,0.000000
6.375428,0.053000,0.000000,0.000000,0.000000,0.000000,0.000000
6.385428,0.053000,0.000000,0.000000,0.000000,0.000000,0.000000
6.395428,0.054500,0.000000,0.000000,0.000000,0.000000,0.000000
6.405428,0.054500,0.000000,0.000000,0.000000,0.000000,0.000000
6.415428,0.056000,0.000000,0.000000,0.000000,0.000000,0.000000
6.425428,0.056000,0.000000,0.000000,0.000000,0.000000,0.000000
6.435428,0.056000,0.000000,0.000000,0.000000,0.000000,0.000000
6.445428,0.057500,0.000000,0.000000,0.000000,0.000000,0.000000
6.455428,0.057500,0.000000,0.000000,0.000000,0.000000,0.000000
6.465428,0.057500,0.000000,0.000000,0.000000,0.000000,0.000000
6.475428,0.059000,0.000000,0.000000,0.000000,0.000000,0.000000
6.485428,0.059000,0.000000,0.000000,0.000000,0.000000,0.000000
6.495428,0.059000,0.000000,0.000000,0.000000,0.000000,0.000000
6.505428,0.060500,0.000000,0.000000,0.000000,0.000000,0.000000
6.515428,0.060500,0.000000,0.000000,0.000000,0.000000,0.000000
6.525428,0.060500,0.000000,0.000000,0.000000,0.000000,0.000000
6.535428,0.060500,0.000000,0.000000,0.000000,0.000000,0.000000
6.545428,0.061500,0.000000,0.000000,0.000000,0.000000,0.000000
6.555428,0.061500,0.000000,0.000000,0.000000,0.000000,0.000000
6.565428,0.063000,0.000000,0.000000,0.000000,0.000000,0.000000
6.575428,0.063000,0.000000,0.000000,0.000000,0.000000,0.000000
6.585428,0.063000,0.000000,0.000000,0.000000,0.000000,0.000000
6.595428,0.064500,0.000000,0.000000,0.000000,0.000000,0.000000
6.605428,0.064500,0.000000,0.000000,0.000000,0.000000,0.000000
6.615428,0.064500,0.000000,0.000000,0.000000,0.000000,0.000000
6.625428,0.066000,0.000000,0.000000,0.000000,0.000000,0.000000
6.635428,0.066000,0.000000,0.000000,0.000000,0.000000,0.000000
6.645428,0.066000,0.000000,0.000000,0.000000,0.000000,0.000000
6.655428,0.067500,0.000000,0.000000,0.000000,0.000000,0.000000
6.665428,0.067500,0.000000,0.000000,0.000000,0.000000,0.000000
6.675428,0.067500,0.000000,0.000000,0.000000,0.000000,0.000000
6.685428,0.069000,0.000000,0.000000,0.000000,0.000000,0.000000
6.695428,0.069000,0.000000,0.000000,0.000000,0.000000,0.000000
6.705428,0.069000,0.000000,0.000000,0.000000,0.000000,0.000000
6.715428,0.070000,0.000000,0.000000,0.000000,0.000000,0.000000
6.725428,0.071500,0.000000,0.000000,0.000000,0.000000,0.000000
6.735428,0.071500,0.000000,0.000000,0.000000,0.000000,0.000000
6.745428,0.071500,0.000000,0.000000,0.000000,0.000000,0.000000
6.755428,0.073000,0.000000,0.000000,0.000000,0.000000,0.000000
6.765428,0.073000,0.000000,0.000000,0.000000,0.000000,0.000000
6.775428,0.073000,0.000000,0.000000,0.000000,0.000000,0.000000
6.785428,0.074000,0.000000,0.000000,0.000000,0.000000,0.000000
6.795428,0.074000,0.000000,0.000000,0.000000,0.000000,0.000000
6.805428,0.075500,0.000000,0.000000,0.000000,0.000000,0.000000
6.815428,0.075500,0.000000,0.000000,0.000000,0.000000,0.000000
6.825428,0.075500,0.000000,0.000000,0.000000,0.000000,0.000000
6.835428,0.075500,0.000000,0.000000,0.000000,0.000000,0.000000
6.845428,0.076500,0.000000,0.000000,0.000000,0.000000,0.000000
6.855428,0.078000,0.000000,0.000000,0.000000,0.000000,0.000000
6.865428,0.078000,0.000000,0.000000,0.000000,0.000000,0.000000
6.875428,0.078000,0.000000,0.000000,0.000000,0.000000,0.000000
6.885428,0.079500,0.000000,0.000000,0.000000,0.000000,0.000000
6.895428,0.079500,0.000000,0.000000,0.000000,0.000000,0.000000
6.905428,0.079500,0.000000,0.000000,0.000000,0.000000,0.000000
6.915428,0.081000,0.000000,0.000000,0.000000,0.000000,0.000000
6.925428,0.081000,0.000000,0.000000,0.000000,0.000000,0.000000
6.935428,0.081000,0.000000,0.000000,0.000000,0.000000,0.000000
6.945428,0.082500,0.000000,0.000000,0.000000,0.000000,0.000000
6.955428,0.082500,0.000000,0.000000,0.000000,0.000000,0.000000
6.965428,0.082500,0.000000,0.000000,0.000000,0.000000,0.000000
6.975428,0.082500,0.000000,0.000000,0.000000,0.000000,0.000000
6.985428,0.083500,0.000000,0.000000,0.000000,0.000000,0.000000
6.995428,0.085000,0.000000,0.000000,0.000000,0.000000,0.000000
7.005428,0.085000,0.000000,0.000000,0.000000,0.000000,0.000000
7.015428,0.085000,0.000000,0.000000,0.000000,0.000000,0.000000
7.025428,0.085000,0.000000,0.000000,0.000000,0.000000,0.000000
7.035428,0.086000,0.000000,0.000000,0.000000,0.000000,0.000000
7.045428,0.087500,0.000000,0.000000,0.000000,0.000000,0.000000
7.055428,0.087500,0.000000,0.000000,0.000000,0.000000,0.000000
7.065428,0.087500,0.000000,0.000000,0.000000,0.000000,0.000000
7.075428,0.087500,0.000000,0.000000,0.000000,0.000000,0.000000
7.085428,0.088500,0.000000,0.000000,0.000000,0.000000,0.000000
7.095428,0.090000,0.000000,0.000000,0.000000,0.000000,0.000000
7.105428,0.090000,0.000000,0.000000,0.000000,0.000000,0.000000
7.115428,0.090000,0.000000,0.000000,0.000000,0.000000,0.000000
7.125428,0.091500,0.000000,0.000000,0.000000,0.000000,0.000000
7.135428,0.091500,0.000000,0.000000,0.000000,0.000000,0.000000
7.145428,0.091500,0.000000,0.000000,0.000000,0.000000,0.000000
7.155428,0.093000,0.000000,0.000000,0.000000,0.000000,0.000000
7.165428,0.093000,0.000000,0.000000,0.000000,0.000000,0.000000
7.175428,0.093000,0.000000,0.000000,0.000000,0.000000,0.000000
7.185428,0.094500,0.000000,0.000000,0.000000,0.000000,0.000000
7.195428,0.094500,0.000000,0.000000,0.000000,0.000000,0.000000
7.205428,0.094500,0.000000,0.000000,0.000000,0.000000,0.000000
7.215428,0.096000,0.000000,0.000000,0.000000,0.000000,0.000000
7.225428,0.096000,0.000000,0.000000,0.000000,0.000000,0.000000
7.235428,0.096000,0.000000,0.000000,0.000000,0.000000,0.000000
7.245428,0.097500,0.000000,0.000000,0.000000,0.000000,0.000000
7.255428,0.097500,0.000000,0.000000,0.000000,0.000000,0.000000
7.265428,0.097500,0.000000,0.000000,0.000000,0.000000,0.000000
7.275428,0.099000,0.000000,0.000000,0.000000,0.000000,0.000000
7.285428,0.099000,0.000000,0.000000,0.000000,0.000000,0.000000
7.295428,0.099000,0.000000,0.000000,0.000000,0.000000,0.000000
7.305428,0.100000,0.000000,0.000000,0.000000,0.000000,0.000000
7.315428,0.100000,0.000000,0.000000,0.000000,0.000000,0.000000
7.325428,0.098500,0.000000,0.000000,0.000000,0.000000,0.000000
7.335428,0.098500,0.000000,0.000000,0.000000,0.000000,0.000000
7.345428,0.098500,0.000000,0.000000,0.000000,0.000000,0.000000
7.355428,0.097500,0.000000,0.000000,0.000000,0.000000,0.000000
7.365428,0.097500,0.000000,0.000000,0.000000,0.000000,0.000000
7.375428,0.096000,0.000000,0.000000,0.000000,0.000000,0.000000
7.385428,0.096000,0.000000,0.000000,0.000000,0.000000,0.000000
7.395428,0.096000,0.000000,0.000000,0.000000,0.000000,0.000000
7.405428,0.094500,0.000000,0.000000,0.000000,0.000000,0.000000
7.415428,0.094500,0.000000,0.000000,0.000000,0.000000,0.000000
7.425428,0.094500,0.000000,0.000000,0.000000,0.000000,0.000000
7.435428,0.093500,0.000000,0.000000,0.000000,0.000000,0.000000
7.445428,0.093500,0.000000,0.000000,0.000000,0.000000,0.000000
7.455428,0.093500,0.000000,0.000000,0.000000,0.000000,0.000000
7.465428,0.092000,0.000000,0.000000,0.000000,0.000000,0.000000
7.475428,0.092000,0.000000,0.000000,0.000000,0.000000,0.000000
7.485428,0.090500,0.000000,0.000000,0.000000,0.000000,0.000000
7.495428,0.090500,0.000000,0.000000,0.000000,0.000000,0.000000
7.505428,0.090500,0.000000,0.000000,0.000000,0.000000,0.000000
7.515428,0.089000,0.000000,0.000000,0.000000,0.000000,0.000000
7.525428,0.089000,0.000000,0.000000,0.000000,0.000000,0.000000
7.535428,0.089000,0.000000,0.000000,0.000000,0.000000,0.000000
7.545428,0.088000,0.000000,0.000000,0.000000,0.000000,0.000000
7.555428,0.088000,0.000000,0.000000,0.000000,0.000000,0.000000
7.565428,0.086500,0.000000,0.000000,0.000000,0.000000,0.000000
7.575428,0.086500,0.000000,0.000000,0.000000,0.000000,0.000000
7.585428,0.086500,0.000000,0.000000,0.000000,0.000000,0.000000
7.595428,0.085000,0.000000,0.000000,0.000000,0.000000,0.000000
7.605428,0.085000,0.000000,0.000000,0.000000,0.000000,0.000000
7.615428,0.085000,0.000000,0.000000,0.000000,0.000000,0.000000
7.625428,0.083500,0.000000,0.000000,0.000000,0.000000,0.000000
7.635428,0.083500,0.000000,0.000000,0.000000,0.000000,0.000000
7.645428,0.083500,0.000000,0.000000,0.000000,0.000000,0.000000
7.655428,0.082000,0.000000,0.000000,0.000000,0.000000,0.000000
7.665428,0.082000,0.000000,0.000000,0.000000,0.000000,0.000000
7.675428,0.082000,0.000000,0.000000,0.000000,0.000000,0.000000
7.685428,0.082000,0.000000,0.000000,0.000000,0.000000,0.000000
7.695428,0.080500,0.000000,0.000000,0.000000,0.000000,0.000000
7.705428,0.080500,0.000000,0.000000,0.000000,0.000000,0.000000
7.715428,0.079000,0.000000,0.000000,0.000000,0.000000,0.000000
7.725428,0.079000,0.000000,0.000000,0.000000,0.000000,0.000000
7.735428,0.079000,0.000000,0.000000,0.000000,0.000000,0.000000
7.745428,0.077500,0.000000,0.000000,0.000000,0.000000,0.000000
7.755428,0.077500,0.000000,0.000000,0.000000,0.000000,0.000000
7.765428,0.077500,0.000000,0.000000,0.000000,0.000000,0.000000
7.775428,0.076000,0.000000,0.000000,0.000000,0.000000,0.000000
7.785428,0.076000,0.000000,0.000000,0.000000,0.000000,0.000000
7.795428,0.076000,0.000000,0.000000,0.000000,0.000000,0.000000
7.805428,0.076000,0.000000,0.000000,0.000000,0.000000,0.000000
7.815428,0.075000,0.000000,0.000000,0.000000,0.000000,0.000000
7.825428,0.075000,0.000000,0.000000,0.000000,0.000000,0.000000
7.835428,0.073500,0.000000,0.000000,0.000000,0.000000,0.000000
7.845428,0.073500,0.000000,0.000000,0.000000,0.000000,0.000000
7.855428,0.072000,0.000000,0.000000,0.000000,0.000000,0.000000
7.865428,0.072000,0.000000,0.000000,0.000000,0.000000,0.000000
7.875428,0.072000,0.000000,0.000000,0.000000,0.000000,0.000000
7.885428,0.072000,0.000000,0.000000,0.000000,0.000000,0.000000
7.895428,0.071000,0.000000,0.000000,0.000000,0.000000,0.000000
7.905428,0.071000,0.000000,0.000000,0.000000,0.000000,0.000000
7.915428,0.069500,0.000000,0.000000,0.000000,0.000000,0.000000
7.925428,0.069500,0.000000,0.000000,0.000000,0.000000,0.000000
7.935428,0.069500,0.000000,0.000000,0.000000,0.000000,0.000000
7.945428,0.068500,0.000000,0.000000,0.000000,0.000000,0.000000
7.955428,0.068500,0.000000,0.000000,0.000000,0.000000,0.000000
7.965428,0.067000,0.000000,0.000000,0.000000,0.000000,0.000000
7.975428,0.067000,0.000000,0.000000,0.000000,0.000000,0.000000
7.985428,0.065500,0.000000,0.000000,0.000000,0.000000,0.000000
7.995428,0.065500,0.000000,0.000000,0.000000,0.000000,0.000000
8.005428,0.065500,0.000000,0.000000,0.000000,0.000000,0.000000
8.015428,0.065500,0.000000,0.000000,0.000000,0.000000,0.000000
8.025428,0.064000,0.000000,0.000000,0.000000,0.000000,0.000000
8.035428,0.064000,0.000000,0.000000,0.000000,0.000000,0.000000
8.045428,0.064000,0.000000,0.000000,0.000000,0.000000,0.000000
8.055428,0.062500,0.000000,0.000000,0.000000,0.000000,0.000000
8.065428,0.062500,0.000000,0.000000,0.000000,0.000000,0.000000
8.075428,0.061000,0.000000,0.000000,0.000000,0.000000,0.000000
8.085428,0.061000,0.000000,0.000000,0.000000,0.000000,0.000000
8.095428,0.061000,0.000000,0.000000,0.000000,0.000000,0.000000
8.105428,0.061000,0.000000,0.000000,0.000000,0.000000,0.000000
8.115428,0.059500,0.000000,0.000000,0.000000,0.000000,0.000000
8.125428,0.059500,0.000000,0.000000,0.000000,0.000000,0.000000
8.135428,0.058000,0.000000,0.000000,0.000000,0.000000,0.000000
8.145428,0.058000,0.000000,0.000000,0.000000,0.000000,0.000000
8.155428,0.058000,0.000000,0.000000,0.000000,0.000000,0.000000
8.165428,0.056500,0.000000,0.000000,0.000000,0.000000,0.000000
8.175428,0.056500,0.000000,0.000000,0.000000,0.000000,0.000000
8.185428,0.056500,0.000000,0.000000,0.000000,0.000000,0.000000
8.195428,0.055500,0.000000,0.000000,0.000000,0.000000,0.000000
8.205428,0.055500,0.000000,0.000000,0.000000,0.000000,0.000000
8.215428,0.055500,0.000000,0.000000,0.000000,0.000000,0.000000
8.225428,0.054500,0.000000,0.000000,0.000000,0.000000,0.000000
8.235428,0.053000,0.000000,0.000000,0.000000,0.000000,0.000000
8.245428,0.053000,0.000000,0.000000,0.000000,0.000000,0.000000
8.255428,0.053000,0.000000,0.000000,0.000000,0.000000,0.000000
8.265428,0.051500,0.000000,0.000000,0.000000,0.000000,0.000000
8.275428,0.051500,0.000000,0.000000,0.000000,0.000000,0.000000
8.285428,0.051500,0.000000,0.000000,0.000000,0.000000,0.000000
8.295428,0.050500,0.000000,0.000000,0.000000,0.000000,0.000000
8.305428,0.050500,0.000000,0.000000,0.000000,0.000000,0.000000
8.315428,0.049000,0.000000,0.000000,0.000000,0.000000,0.000000
8.325428,0.049000,0.000000,0.000000,0.000000,0.000000,0.000000
8.335428,0.049000,0.000000,0.000000,0.000000,0.000000,0.000000
8.345428,0.047500,0.000000,0.000000,0.000000,0.000000,0.000000
8.355428,0.047500,0.000000,0.000000,0.000000,0.000000,0.000000
8.365428,0.047500,0.000000,0.000000,0.000000,0.000000,0.000000
8.375428,0.046000,0.000000,0.000000,0.000000,0.000000,0.000000
8.385428,0.046000,0.000000,0.000000,0.000000,0.000000,0.000000
8.395428,0.046000,0.000000,0.000000,0.000000,0.000000,0.000000
8.405428,0.046000,0.000000,0.000000,0.000000,0.000000,0.000000
8.415428,0.045000,0.000000,0.000000,0.000000,0.000000,0.000000
8.425428,0.043500,0.000000,0.000000,0.000000,0.000000,0.000000
8.435428,0.043500,0.000000,0.000000,0.000000,0.000000,0.000000
8.445428,0.043500,0.000000,0.000000,0.000000,0.000000,0.000000
8.455428,0.042500,0.000000,0.000000,0.000000,0.000000,0.000000
8.465428,0.042500,0.000000,0.000000,0.000000,0.000000,0.000000
8.475428,0.042500,0.000000,0.000000,0.000000,0.000000,0.000000
8.485428,0.040500,0.000000,0.000000,0.000000,0.000000,0.000000
8.495428,0.040500,0.000000,0.000000,0.000000,0.000000,0.000000
8.505428,0.040500,0.000000,0.000000,0.000000,0.000000,0.000000
8.515428,0.040500,0.000000,0.000000,0.000000,0.000000,0.000000
8.525428,0.039000,0.000000,0.000000,0.000000,0.000000,0.000000
8.535428,0.039000,0.000000,0.000000,0.000000,0.000000,0.000000
8.545428,0.039000,0.000000,0.000000,0.000000,0.000000,0.000000
8.555428,0.037500,0.000000,0.000000,0.000000,0.000000,0.000000
8.565428,0.037500,0.000000,0.000000,0.000000,0.000000,0.000000
8.575428,0.036000,0.000000,0.000000,0.000000,0.000000,0.000000
8.585428,0.036000,0.000000,0.000000,0.000000,0.000000,0.000000
8.595428,0.036000,0.000000,0.000000,0.000000,0.000000,0.000000
8.605428,0.034500,0.000000,0.000000,0.000000,0.000000,0.000000
8.615428,0.034500,0.000000,0.000000,0.000000,0.000000,0.000000
8.625428,0.034500,0.000000,0.000000,0.000000,0.000000,0.000000
8.635428,0.034500,0.000000,0.000000,0.000000,0.000000,0.000000
8.645428,0.033500,0.000000,0.000000,0.000000,0.000000,0.000000
8.655428,0.032000,0.000000,0.000000,0.000000,0.000000,0.000000
8.665428,0.032000,0.000000,0.000000,0.000000,0.000000,0.000000
8.675428,0.032000,0.000000,0.000000,0.000000,0.000000,0.000000
8.685428,0.030500,0.000000,0.000000,0.000000,0.000000,0.000000
8.695428,0.030500,0.000000,0.000000,0.000000,0.000000,0.000000
8.705428,0.030500,0.000000,0.000000,0.000000,0.000000,0.000000
8.715428,0.029500,0.000000,0.000000,0.000000,0.000000,0.000000
8.725428,0.029500,0.000000,0.000000,0.000000,0.000000,0.000000
8.735428,0.029500,0.000000,0.000000,0.000000,0.000000,0.000000
8.745428,0.028000,0.000000,0.000000,0.000000,0.000000,0.000000
8.755428,0.028000,0.000000,0.000000,0.000000,0.000000,0.000000
8.765428,0.026000,0.000000,0.000000,0.000000,0.000000,0.000000
8.775428,0.026000,0.000000,0.000000,0.000000,0.000000,0.000000
8.785428,0.026000,0.000000,0.000000,0.000000,0.000000,0.000000
8.795428,0.026000,0.000000,0.000000,0.000000,0.000000,0.000000
8.805428,0.026000,0.000000,0.000000,0.000000,0.000000,0.000000
8.815428,0.025000,0.000000,0.000000,0.000000,0.000000,0.000000
8.825428,0.023500,0.000000,0.000000,0.000000,0.000000,0.000000
8.835428,0.023500,0.000000,0.000000,0.000000,0.000000,0.000000
8.845428,0.023500,0.000000,0.000000,0.000000,0.000000,0.000000
8.855428,0.023500,0.000000,0.000000,0.000000,0.000000,0.000000
8.865428,0.022500,0.000000,0.000000,0.000000,0.000000,0.000000
8.875428,0.021000,0.000000,0.000000,0.000000,0.000000,0.000000
8.885428,0.021000,0.000000,0.000000,0.000000,0.000000,0.000000
8.895428,0.021000,0.000000,0.000000,0.000000,0.000000,0.000000
8.905428,0.020000,0.000000,0.000000,0.000000,0.000000,0.000000
8.915428,0.020000,0.000000,0.000000,0.000000,0.000000,0.000000
8.925428,0.018500,0.000000,0.000000,0.000000,0.000000,0.000000
8.935428,0.018500,0.000000,0.000000,0.000000,0.000000,0.000000
8.945428,0.018500,0.000000,0.000000,0.000000,0.000000,0.000000
8.955428,0.018500,0.000000,0.000000,0.000000,0.000000,0.000000
8.965428,0.017000,0.000000,0.000000,0.000000,0.000000,0.000000
8.975428,0.017000,0.000000,0.000000,0.000000,0.000000,0.000000
8.985428,0.017000,0.000000,0.000000,0.000000,0.000000,0.000000
8.995428,0.016000,0.000000,0.000000,0.000000,0.000000,0.000000
9.005428,0.014500,0.000000,0.000000,0.000000,0.000000,0.000000
9.015428,0.014500,0.000000,0.000000,0.000000,0.000000,0.000000
9.025428,0.014500,0.000000,0.000000,0.000000,0.000000,0.000000
9.035428,0.013500,0.000000,0.000000,0.000000,0.000000,0.000000
9.045428,0.013500,0.000000,0.000000,0.000000,0.000000,0.000000
9.055428,0.011500,0.000000,0.000000,0.000000,0.000000,0.000000
9.065428,0.011500,0.000000,0.000000,0.000000,0.000000,0.000000
9.075428,0.011500,0.000000,0.000000,0.000000,0.000000,0.000000
9.085428,0.011500,0.000000,0.000000,0.000000,0.000000,0.000000
9.095428,0.010000,0.000000,0.000000,0.000000,0.000000,0.000000
9.105428,0.010000,0.000000,0.000000,0.000000,0.000000,0.000000
9.115428,0.010000,0.000000,0.000000,0.000000,0.000000,0.000000
9.125428,0.010000,0.000000,0.000000,0.000000,0.000000,0.000000
9.135428,0.009000,0.000000,0.000000,0.000000,0.000000,0.000000
9.145428,0.009000,0.000000,0.000000,0.000000,0.000000,0.000000
9.155428,0.007500,0.000000,0.000000,0.000000,0.000000,0.000000
9.165428,0.007500,0.000000,0.000000,0.000000,0.000000,0.000000
9.175428,0.006000,0.000000,0.000000,0.000000,0.000000,0.000000
9.185428,0.006000,0.000000,0.000000,0.000000,0.000000,0.000000
9.195428,0.006000,0.000000,0.000000,0.000000,0.000000,0.000000
9.205428,0.004500,0.000000,0.000000,0.000000,0.000000,0.000000
9.215428,0.004500,0.000000,0.000000,0.000000,0.000000,0.000000
9.225428,0.004500,0.000000,0.000000,0.000000,0.000000,0.000000
9.235428,0.003000,0.000000,0.000000,0.000000,0.000000,0.000000
9.245428,0.003000,0.000000,0.000000,0.000000,0.000000,0.000000
9.255428,0.003000,0.000000,0.000000,0.000000,0.000000,0.000000
9.265428,0.001500,0.000000,0.000000,0.000000,0.000000,0.000000
9.275428,0.001500,0.000000,0.000000,0.000000,0.000000,0.000000
9.285428,0.001500,0.000000,0.000000,0.000000,0.000000,0.000000
9.295428,0.001500,0.000000,0.000000,0.000000,0.000000,0.000000
9.305428,0.000000,0.000000,0.000000,0.000000,0.000000,0.000000
9.315428,0.000000,0.000000,0.000000,0.000000,0.000000,0.000000
9.325428,0.000000,0.000000,0.000000,0.000000,0.000000,0.000000
9.335428,0.000000,0.000000,0.000000,0.000000,0.000000,0.000000
9.345428,0.000000,0.000000,0.000000,0.000000,0.000000,0.000000
9.355428,0.000000,0.000000,0.000000,0.000000,0.000000,0.000000
9.365428,0.000000,0.000000,0.000000,0.000000,0.000000,0.000000
9.375428,0.000000,0.000000,0.000000,0.000000,0.000000,0.000000
9.385428,0.000000,0.000000,0.000000,0.000000,0.000000,0.000000
9.395428,0.000000,0.000000,0.000000,0.000000,0.000000,0.000000
9.405428,0.000000,0.000000,0.000000,0.000000,0.000000,0.000000
9.415428,0.000000,0.000000,0.000000,0.000000,0.000000,0.000000
9.425428,0.000000,0.000000,0.000000,0.000000,0.000000,0.000000
9.435428,0.000000,0.000000,0.000000,0.000000,0.000000,0.000000
9.445428,0.000000,0.000000,0.000000,0.000000,0.000000,0.000000
9.455428,0.000000,0.000000,0.000000,0.000000,0.000000,0.000000
9.465428,0.000000,0.000000,0.000000,0.000000,0.000000,0.000000
9.475428,0.000000,0.000000,0.000000,0.000000,0.000000,0.000000
9.485428,0.000000,0.000000,0.000000,0.000000,0.000000,0.000000
9.495428,0.000000,0.000000,0.000000,0.000000,0.000000,0.000000
9.505428,0.000000,0.000000,0.000000,0.000000,0.000000,0.000000
9.515428,0.000000,0.000000,0.000000,0.000000,0.000000,0.000000
9.525428,0.000000,0.000000,0.000000,0.000000,0.000000,0.000000
9.535428,0.000000,0.000000,0.000000,0.000000,0.000000,0.000000
9.545428,0.000000,0.000000,0.000000,0.000000,0.000000,0.000000
9.555428,0.000000,0.000000,0.000000,0.000000,0.000000,0.000000
9.565428,0.000000,0.000000,0.000000,0.000000,0.000000,0.000000
9.575428,0.000000,0.000000,0.000000,0.000000,0.000000,0.000000
9.585428,0.000000,0.000000,0.000000,0.000000,0.000000,0.000000
9.595428,0.000000,0.000000,0.000000,0.000000,0.000000,0.000000
9.605428,0.000000,0.000000,0.000000,0.000000,0.000000,0.000000
9.615428,0.000000,0.000000,0.000000,0.000000,0.000000,0.000000
9.625428,0.000000,0.000000,0.000000,0.000000,0.000000,0.000000
9.635428,0.000000,0.000000,0.000000,0.000000,0.000000,0.000000
9.645428,0.000000,0.000000,0.000000,0.000000,0.000000,0.000000
9.655428,0.000000,0.000000,0.000000,0.000000,0.000000,0.000000
9.665428,0.000000,0.000000,0.000000,0.000000,0.000000,0.000000
9.675428,0.000000,0.000000,0.000000,0.000000,0.000000,0.000000
9.685428,0.000000,0.000000,0.000000,0.000000,0.000000,0.000000
9.695428,0.000000,0.000000,0.000000,0.000000,0.000000,0.000000
9.705428,0.000000,0.000000,0.000000,0.000000,0.000000,0.000000
9.715428,0.000000,0.000000,0.000000,0.000000,0.000000,0.000000
9.725428,0.000000,0.000000,0.000000,0.000000,0.000000,0.000000
9.735428,0.000000,0.000000,0.000000,0.000000,0.000000,0.000000
9.745428,0.000000,0.000000,0.000000,0.000000,0.000000,0.000000
9.755428,0.000000,0.000000,0.000000,0.000000,0.000000,0.000000
9.765428,0.000000,0.000000,0.000000,0.000000,0.000000,0.000000
9.775428,0.000000,0.000000,0.000000,0.000000,0.000000,0.000000
9.785428,0.000000,0.000000,0.000000,0.000000,0.000000,0.000000
9.795428,0.000000,0.000000,0.000000,0.000000,0.000000,0.000000
9.805428,0.000000,0.000000,0.000000,0.000000,0.000000,0.000000
9.815428,0.000000,0.000000,0.000000,0.000000,0.000000,0.000000
9.825428,0.000000,0.000000,0.000000,0.000000,0.000000,0.000000
9.835428,0.000000,0.000000,0.000000,0.000000,0.000000,0.000000
9.845428,0.000000,0.000000,0.000000,0.000000,0.000000,0.000000
9.855428,0.000000,0.000000,0.000000,0.000000,0.000000,0.000000
9.865428,0.000000,0.000000,0.000000,0.000000,0.000000,0.000000
9.875428,0.000000,0.000000,0.000000,0.000000,0.000000,0.000000
9.885428,0.000000,0.000000,0.000000,0.000000,0.000000,0.000000
9.895428,0.000000,0.000000,0.000000,0.000000,0.000000,0.000000
9.905428,0.000000,0.000000,0.000000,0.000000,0.000000,0.000000
9.915428,0.000000,0.000000,0.000000,0.000000,0.000000,0.000000
9.925428,0.000000,0.000000,0.000000,0.000000,0.000000,0.000000
9.935428,0.000000,0.000000,0.000000,0.000000,0.000000,0.000000
9.945428,0.000000,0.000000,0.000000,0.000000,0.000000,0.000000
9.955428,0.000000,0.000000,0.000000,0.000000,0.000000,0.000000
9.965428,0.000000,0.000000,0.000000,0.000000,0.000000,0.000000
9.975428,0.000000,0.000000,0.000000,0.000000,0.000000,0.000000
9.985428,0.000000,0.000000,0.000000,0.000000,0.000000,0.000000
9.995428,0.000000,0.000000,0.000000,0.000000,0.000000,0.000000
10.005428,0.000000,0.000000,0.000000,0.000000,0.000000,0.000000
10.015428,0.000000,0.000000,0.000000,0.000000,0.000000,0.000000
10.025428,0.000000,0.000000,0.000000,0.000000,0.000000,0.000000
10.035428,0.000000,0.000000,0.000000,0.000000,0.000000,0.000000
10.045428,0.000000,0.000000,0.000000,0.000000,0.000000,0.000000
10.055428,0.000000,0.000000,0.000000,0.000000,0.000000,0.000000
10.065428,0.000000,0.000000,0.000000,0.000000,0.000000,0.000000
10.075428,0.000000,0.000000,0.000000,0.000000,0.000000,0.000000
10.085428,0.000000,0.000000,0.000000,0.000000,0.000000,0.000000
10.095428,0.000000,0.000000,0.000000,0.000000,0.000000,0.000000
10.105428,0.000000,0.000000,0.000000,0.000000,0.000000,0.000000
10.115428,0.000000,0.000000,0.000000,0.000000,0.000000,0.000000
10.125428,0.000000,0.000000,0.000000,0.000000,0.000000,0.000000
10.135428,0.000000,0.000000,0.000000,0.000000,0.000000,0.000000
10.145428,0.000000,0.000000,0.000000,0.000000,0.000000,0.000000
10.155428,0.000000,0.000000,0.000000,0.000000,0.000000,0.000000
10.165428,0.000000,0.000000,0.000000,0.000000,0.000000,0.000000
10.175428,0.000000,0.000000,0.000000,0.000000,0.000000,0.000000
10.185428,0.000000,0.000000,0.000000,0.000000,0.000000,0.000000
10.195428,0.000000,0.000000,0.000000,0.000000,0.000000,0.000000
10.205428,0.000000,0.000000,0.000000,0.000000,0.000000,0.000000
10.215428,0.000000,0.000000,0.000000,0.000000,0.000000,0.000000
10.225428,0.000000,0.000000,0.000000,0.000000,0.000000,0.000000
10.235428,0.000000,0.000000,0.000000,0.000000,0.000000,0.000000
10.245428,0.000000,0.000000,0.000000,0.000000,0.000000,0.000000
10.255428,0.000000,0.000000,0.000000,0.000000,0.000000,0.000000
10.265428,0.000000,0.000000,0.000000,0.000000,0.000000,0.000000
10.275428,0.000000,0.000000,0.000000,0.000000,0.000000,0.000000
10.285428,0.000000,0.000000,0.000000,0.000000,0.000000,0.000000
10.295428,0.000000,0.000000,0.000000,0.000000,0.000000,0.000000
10.305428,0.000000,0.000000,0.000000,0.000000,0.000000,0.000000
10.315428,0.000000,0.000000,0.000000,0.000000,0.000000,0.000000
10.325428,0.000000,0.000000,0.000000,0.000000,0.000000,0.000000
10.335428,0.000000,0.000000,0.000000,0.000000,0.000000,0.000000
10.345428,0.000000,0.000000,0.000000,0.000000,0.000000,0.000000
10.355428,0.000000,0.000000,0.000000,0.000000,0.000000,0.000000
10.365428,0.000000,0.000000,0.000000,0.000000,0.000000,0.000000
10.375428,0.000000,0.000000,0.000000,0.000000,0.000000,0.000000
10.385428,0.000000,0.000000,0.000000,0.000000,0.000000,0.000000
10.395428,0.000000,0.000000,0.000000,0.000000,0.000000,0.000000
10.405428,0.000000,0.000000,0.000000,0.000000,0.000000,0.000000
10.415428,0.000000,0.000000,0.000000,0.000000,0.000000,0.000000
10.425428,0.000000,0.000000,0.000000,0.000000,0.000000,0.000000
10.435428,0.000000,0.000000,0.000000,0.000000,0.000000,0.000000
10.445428,0.000000,0.000000,0.000000,0.000000,0.000000,0.000000
10.455428,0.000000,0.000000,0.000000,0.000000,0.000000,0.000000
10.465428,0.000000,0.000000,0.000000,0.000000,0.000000,0.000000
10.475428,0.000000,0.000000,0.000000,0.000000,0.000000,0.000000
10.485428,0.000000,0.000000,0.000000,0.000000,0.000000,0.000000
10.495428,0.000000,0.000000,0.000000,0.000000,0.000000,0.000000
10.505428,0.000000,0.000000,0.000000,0.000000,0.000000,0.000000
10.515428,0.000000,0.000000,0.000000,0.000000,0.000000,0.000000
10.525428,0.000000,0.000000,0.000000,0.000000,0.000000,0.000000
10.535428,0.000000,0.000000,0.000000,0.000000,0.000000,0.000000
10.545428,0.000000,0.000000,0.000000,0.000000,0.000000,0.000000
10.555428,0.000000,0.000000,0.000000,0.000000,0.000000,0.000000
10.565428,0.000000,0.000000,0.000000,0.000000,0.000000,0.000000
10.575428,0.000000,0.000000,0.000000,0.000000,0.000000,0.000000
10.585428,0.000000,0.000000,0.000000,0.000000,0.000000,0.000000
10.595428,0.000000,0.000000,0.000000,0.000000,0.000000,0.000000
10.605428,0.000000,0.000000,0.000000,0.000000,0.000000,0.000000
10.615428,0.000000,0.000000,0.000000,0.000000,0.000000,0.000000
10.625428,0.000000,0.000000,0.000000,0.000000,0.000000,0.000000
10.635428,0.000000,0.000000,0.000000,0.000000,0.000000,0.000000
10.645428,0.000000,0.000000,0.000000,0.000000,0.000000,0.000000
10.655428,0.000000,0.000000,0.000000,0.000000,0.000000,0.000000
10.665428,0.000000,0.000000,0.000000,0.000000,0.000000,0.000000
10.675428,0.000000,0.000000,0.000000,0.000000,0.000000,0.000000
10.685428,0.000000,0.000000,0.000000,0.000000,0.000000,0.000000
10.695428,0.000000,0.000000,0.000000,0.000000,0.000000,0.000000
10.705428,0.000000,0.000000,0.000000,0.000000,0.000000,0.000000
10.715428,0.000000,0.000000,0.000000,0.000000,0.000000,0.000000
10.725428,0.000000,0.000000,0.000000,0.000000,0.000000,0.000000
10.735428,0.000000,0.000000,0.000000,0.000000,0.000000,0.000000
10.745428,0.000000,0.000000,0.000000,0.000000,0.000000,0.000000
10.755428,0.000000,0.000000,0.000000,0.000000,0.000000,0.000000
10.765428,0.000000,0.000000,0.000000,0.000000,0.000000,0.000000
10.775428,0.000000,0.000000,0.000000,0.000000,0.000000,0.000000
10.785428,0.000000,0.000000,0.000000,0.000000,0.000000,0.000000
10.795428,0.000000,0.000000,0.000000,0.000000,0.000000,0.000000
10.805428,0.000000,0.000000,0.000000,0.000000,0.000000,0.000000
10.815428,0.000000,0.000000,0.000000,0.000000,0.000000,0.000000
10.825428,0.000000,0.000000,0.000000,0.000000,0.000000,0.000000
10.835428,0.000000,0.000000,0.000000,0.000000,0.000000,0.000000
10.845428,0.000000,0.000000,0.000000,0.000000,0.000000,0.000000
10.855428,0.000000,0.000000,0.000000,0.000000,0.000000,0.000000
10.865428,0.000000,0.000000,0.000000,0.000000,0.000000,0.000000
10.875428,0.000000,0.000000,0.000000,0.000000,0.000000,0.000000
10.885428,0.000000,0.000000,0.000000,0.000000,0.000000,0.000000
10.895428,0.000000,0.000000,0.000000,0.000000,0.000000,0.000000
10.905428,0.000000,0.000000,0.000000,0.000000,0.000000,0.000000
10.915428,0.000000,0.000000,0.000000,0.000000,0.000000,0.000000
10.925428,0.000000,0.000000,0.000000,0.000000,0.000000,0.000000
10.935428,0.000000,0.000000,0.000000,0.000000,0.000000,0.000000
10.945428,0.000000,0.000000,0.000000,0.000000,0.000000,0.000000
10.955428,0.000000,0.000000,0.000000,0.000000,0.000000,0.000000
10.965428,0.000000,0.000000,0.000000,0.000000,0.000000,0.000000
10.975428,0.000000,0.000000,0.000000,0.000000,0.000000,0.000000
10.985428,0.000000,0.000000,0.000000,0.000000,0.000000,0.000000
10.995428,0.000000,0.000000,0.000000,0.000000,0.000000,0.000000
11.005428,0.000000,0.000000,0.000000,0.000000,0.000000,0.000000
11.015428,0.000000,0.000000,0.000000,0.000000,0.000000,0.000000
11.025428,0.000000,0.000000,0.000000,0.000000,0.000000,0.000000
11.035428,0.000000,0.000000,0.000000,0.000000,0.000000,0.000000
11.045428,0.000000,0.000000,0.000000,0.000000,0.000000,0.000000
11.055428,0.000000,0.000000,0.000000,0.000000,0.000000,0.000000
11.065428,0.000000,0.000000,0.000000,0.000000,0.000000,0.000000
11.075428,0.000000,0.000000,0.000000,0.000000,0.000000,0.000000
11.085428,0.000000,0.000000,0.000000,0.000000,0.000000,0.000000
11.095428,0.000000,0.000000,0.000000,0.000000,0.000000,0.000000
11.105428,0.000000,0.000000,0.000000,0.000000,0.000000,0.000000
11.115428,0.000000,0.000000,0.000000,0.000000,0.000000,0.000000
11.125428,0.000000,0.000000,0.000000,0.000000,0.000000,0.000000
11.135428,0.000000,0.000000,0.000000,0.000000,0.000000,0.000000
11.145428,0.000000,0.000000,0.000000,0.000000,0.000000,0.000000
11.155428,0.000000,0.000000,0.000000,0.000000,0.000000,0.000000
11.165428,0.000000,0.000000,0.000000,0.000000,0.000000,0.000000
11.175428,0.000000,0.000000,0.000000,0.000000,0.000000,0.000000
11.185428,0.000000,0.000000,0.000000,0.000000,0.000000,0.000000
11.195428,0.000000,0.000000,0.000000,0.000000,0.000000,0.000000
11.205428,0.000000,0.000000,0.000000,0.000000,0.000000,0.000000
11.215428,0.000000,0.000000,0.000000,0.000000,0.000000,0.000000
11.225428,0.000000,0.000000,0.000000,0.000000,0.000000,0.000000
11.235428,0.000000,0.000000,0.000000,0.000000,0.000000,0.000000
11.245428,0.000000,0.000000,0.000000,0.000000,0.000000,0.000000
11.255428,0.000000,0.000000,0.000000,0.000000,0.000000,0.000000
11.265428,0.000000,0.000000,0.000000,0.000000,0.000000,0.000000
11.275428,0.000000,0.000000,0.000000,0.000000,0.000000,0.000000
11.285428,0.000000,0.000000,0.000000,0.000000,0.000000,0.000000
11.295428,0.000000,0.000000,0.000000,0.000000,0.000000,0.000000
11.305428,0.000000,0.000000,0.000000,0.000000,0.000000,0.000000
11.315428,0.000000,0.000000,0.000000,0.000000,0.000000,0.000000
11.325428,0.000000,0.000000,0.000000,0.000000,0.000000,0.000000
11.335428,0.000000,0.000000,0.000000,0.000000,0.000000,0.000000
11.345428,0.000000,0.000000,0.000000,0.000000,0.000000,0.000000
11.355428,0.000000,0.000000,0.000000,0.000000,0.000000,0.000000
11.365428,0.000000,0.000000,0.000000,0.000000,0.000000,0.000000
11.375428,0.000000,0.000000,0.000000,0.000000,0.000000,0.000000
11.385428,0.000000,0.000000,0.000000,0.000000,0.000000,0.000000
11.395428,0.000000,0.000000,0.000000,0.000000,0.000000,0.000000
11.405428,0.000000,0.000000,0.000000,0.000000,0.000000,0.000000
11.415428,0.000000,0.000000,0.000000,0.000000,0.000000,0.000000
11.425428,0.000000,0.000000,0.000000,0.000000,0.000000,0.000000
11.435428,0.000000,0.000000,0.000000,0.000000,0.000000,0.000000
11.445428,0.000000,0.000000,0.000000,0.000000,0.000000,0.000000
11.455428,0.000000,0.000000,0.000000,0.000000,0.000000,0.000000
11.465428,0.000000,0.000000,0.000000,0.000000,0.000000,0.000000
11.475428,0.000000,0.000000,0.000000,0.000000,0.000000,0.000000
11.485428,0.000000,0.000000,0.000000,0.000000,0.000000,0.000000
11.495428,0.000000,0.000000,0.000000,0.000000,0.000000,0.000000
11.505428,0.000000,0.000000,0.000000,0.000000,0.000000,0.000000
11.515428,0.000000,0.000000,0.000000,0.000000,0.000000,0.000000
11.525428,0.000000,0.000000,0.000000,0.000000,0.000000,0.000000
11.535428,0.000000,0.000000,0.000000,0.000000,0.000000,0.000000
11.545428,0.000000,0.000000,0.000000,0.000000,0.000000,0.000000
11.555428,0.000000,0.000000,0.000000,0.000000,0.000000,0.000000
11.565428,0.000000,0.000000,0.000000,0.000000,0.000000,0.000000
11.575428,0.000000,0.000000,0.000000,0.000000,0.000000,0.000000
11.585428,0.000000,0.000000,0.000000,0.000000,0.000000,0.000000
11.595428,0.000000,0.000000,0.000000,0.000000,0.000000,0.000000
11.605428,0.000000,0.000000,0.000000,0.000000,0.000000,0.000000
11.615428,0.000000,0.000000,0.000000,0.000000,0.000000,0.000000
11.625428,0.000000,0.000000,0.000000,0.000000,0.000000,0.000000
11.635428,0.000000,0.000000,0.000000,0.000000,0.000000,0.000000
11.645428,0.000000,0.000000,0.000000,0.000000,0.000000,0.000000
11.655428,0.000000,0.000000,0.000000,0.000000,0.000000,0.000000
11.665428,0.000000,0.000000,0.000000,0.000000,0.000000,0.000000
11.675428,0.000000,0.000000,0.000000,0.000000,0.000000,0.000000
11.685428,0.000000,0.000000,0.000000,0.000000,0.000000,0.000000
11.695428,0.000000,0.000000,0.000000,0.000000,0.000000,0.000000
11.705428,0.000000,0.000000,0.000000,0.000000,0.000000,0.000000
11.715428,0.000000,0.000000,0.000000,0.000000,0.000000,0.000000
11.725428,0.000000,0.000000,0.000000,0.000000,0.000000,0.000000
11.735428,0.000000,0.000000,0.000000,0.000000,0.000000,0.000000
11.745428,0.000000,0.000000,0.000000,0.000000,0.000000,0.000000
11.755428,0.000000,0.000000,0.000000,0.000000,0.000000,0.000000
11.765428,0.000000,0.000000,0.000000,0.000000,0.000000,0.000000
11.775428,0.000000,0.000000,0.000000,0.000000,0.000000,0.000000
11.785428,0.000000,0.000000,0.000000,0.000000,0.000000,0.000000
11.795428,0.000000,0.000000,0.000000,0.000000,0.000000,0.000000
11.805428,0.000000,0.000000,0.000000,0.000000,0.000000,0.000000
11.815428,0.000000,0.000000,0.000000,0.000000,0.000000,0.000000
11.825428,0.000000,0.000000,0.000000,0.000000,0.000000,0.000000
11.835428,0.000000,0.000000,0.000000,0.000000,0.000000,0.000000
11.845428,0.000000,0.000000,0.000000,0.000000,0.000000,0.000000
11.855428,0.000000,0.000000,0.000000,0.000000,0.000000,0.000000
11.865428,0.000000,0.000000,0.000000,0.000000,0.000000,0.000000
11.875428,0.000000,0.000000,0.000000,0.000000,0.000000,0.000000
11.885428,0.000000,0.000000,0.000000,0.000000,0.000000,0.000000
11.895428,0.000000,0.000000,0.000000,0.000000,0.000000,0.000000
11.905428,0.000000,0.000000,0.000000,0.000000,0.000000,0.000000
11.915428,0.000000,0.000000,0.000000,0.000000,0.000000,0.000000
11.925428,0.000000,0.000000,0.000000,0.000000,0.000000,0.000000
11.935428,0.000000,0.000000,0.000000,0.000000,0.000000,0.000000
11.945428,0.000000,0.000000,0.000000,0.000000,0.000000,0.000000
11.955428,0.000000,0.000000,0.000000,0.000000,0.000000,0.000000
11.965428,0.000000,0.000000,0.000000,0.000000,0.000000,0.000000
11.975428,0.000000,0.000000,0.000000,0.000000,0.000000,0.000000
11.985428,0.000000,0.000000,0.000000,0.000000,0.000000,0.000000
11.995428,0.000000,0.000000,0.000000,0.000000,0.000000,0.000000
12.005428,0.000000,0.000000,0.000000,0.000000,0.000000,0.000000
12.015428,0.000000,0.000000,0.000000,0.000000,0.000000,0.000000
12.025428,0.000000,0.000000,0.000000,0.000000,0.000000,0.000000
12.035428,0.000000,0.000000,0.000000,0.000000,0.000000,0.000000
12.045428,0.000000,0.000000,0.000000,0.000000,0.000000,0.000000
12.055428,0.000000,0.000000,0.000000,0.000000,0.000000,0.000000
12.065428,0.000000,0.000000,0.000000,0.000000,0.000000,0.000000
12.075428,0.000000,0.000000,0.000000,0.000000,0.000000,0.000000
12.085428,0.000000,0.000000,0.000000,0.000000,0.000000,0.000000
12.095428,0.000000,0.000000,0.000000,0.000000,0.000000,0.000000
12.105428,0.000000,0.000000,0.000000,0.000000,0.000000,0.000000
12.115428,0.000000,0.000000,0.000000,0.000000,0.000000,0.000000
12.125428,0.000000,0.000000,0.000000,0.000000,0.000000,0.000000
12.135428,0.000000,0.000000,0.000000,0.000000,0.000000,0.000000
12.145428,0.000000,0.000000,0.000000,0.000000,0.000000,0.000000
12.155428,0.000000,0.000000,0.000000,0.000000,0.000000,0.000000
12.165428,0.000000,0.000000,0.000000,0.000000,0.000000,0.000000
12.175428,0.000000,0.000000,0.000000,0.000000,0.000000,0.000000
12.185428,0.000000,0.000000,0.000000,0.000000,0.000000,0.000000
12.195428,0.000000,0.000000,0.000000,0.000000,0.000000,0.000000
12.205428,0.000000,0.000000,0.000000,0.000000,0.000000,0.000000
12.215428,0.000000,0.000000,0.000000,0.000000,0.000000,0.000000
12.225428,0.000000,0.000000,0.000000,0.000000,0.000000,0.000000
12.235428,0.000000,0.000000,0.000000,0.000000,0.000000,0.000000
12.245428,0.000000,0.000000,0.000000,0.000000,0.000000,0.000000
12.255428,0.000000,0.000000,0.000000,0.000000,0.000000,0.000000
12.265428,0.000000,0.000000,0.000000,0.000000,0.000000,0.000000
12.275428,0.000000,0.000000,0.000000,0.000000,0.000000,0.000000
12.285428,0.000000,0.000000,0.000000,0.000000,0.000000,0.000000
12.295428,0.000000,0.000000,0.000000,0.000000,0.000000,0.000000
12.305428,0.000000,0.000000,0.000000,0.000000,0.000000,0.000000
12.315428,0.000000,0.000000,0.000000,0.000000,0.000000,0.000000
12.325428,0.000000,0.000000,0.000000,0.000000,0.000000,0.000000
12.335428,0.000000,0.000000,0.000000,0.000000,0.000000,0.000000
12.345428,0.000000,0.000000,0.000000,0.000000,0.000000,0.000000
12.355428,0.000000,0.000000,0.000000,0.000000,0.000000,0.000000
12.365428,0.000000,0.000000,0.000000,0.000000,0.000000,0.000000
12.375428,0.000000,0.000000,0.000000,0.000000,0.000000,0.000000
12.385428,0.000000,0.000000,0.000000,0.000000,0.000000,0.000000
12.395428,0.000000,0.000000,0.000000,0.000000,0.000000,0.000000
12.405428,0.000000,0.000000,0.000000,0.000000,0.000000,0.000000
12.415428,0.000000,0.000000,0.000000,0.000000,0.000000,0.000000
12.425428,0.000000,0.000000,0.000000,0.000000,0.000000,0.000000
12.435428,0.000000,0.000000,0.000000,0.000000,0.000000,0.000000
12.445428,0.000000,0.000000,0.000000,0.000000,0.000000,0.000000
12.455428,0.000000,0.000000,0.000000,0.000000,0.000000,0.000000
12.465428,0.000000,0.000000,0.000000,0.000000,0.000000,0.000000
12.475428,0.000000,0.000000,0.000000,0.000000,0.000000,0.000000
12.485428,0.000000,0.000000,0.000000,0.000000,0.000000,0.000000
12.495428,0.000000,0.000000,0.000000,0.000000,0.000000,0.000000
12.505428,0.000000,0.000000,0.000000,0.000000,0.000000,0.000000
12.515428,0.000000,0.000000,0.000000,0.000000,0.000000,0.000000
12.525428,0.000000,0.000000,0.000000,0.000000,0.000000,0.000000
12.535428,0.000000,0.000000,0.000000,0.000000,0.000000,0.000000
12.545428,0.000000,0.000000,0.000000,0.000000,0.000000,0.000000
12.555428,0.000000,0.000000,0.000000,0.000000,0.000000,0.000000
12.565428,0.000000,0.000000,0.000000,0.000000,0.000000,0.000000
12.575428,0.000000,0.000000,0.000000,0.000000,0.000000,0.000000
12.585428,0.000000,0.000000,0.000000,0.000000,0.000000,0.000000
12.595428,0.000000,0.000000,0.000000,0.000000,0.000000,0.000000
12.605428,0.000000,0.000000,0.000000,0.000000,0.000000,0.000000
12.615428,0.000000,0.000000,0.000000,0.000000,0.000000,0.000000
12.625428,0.000000,0.000000,0.000000,0.000000,0.000000,0.000000
12.635428,0.000000,0.000000,0.000000,0.000000,0.000000,0.000000
12.645428,0.000000,0.000000,0.000000,0.000000,0.000000,0.000000
12.655428,0.000000,0.000000,0.000000,0.000000,0.000000,0.000000
12.665428,0.000000,0.000000,0.000000,0.000000,0.000000,0.000000
12.675428,0.000000,0.000000,0.000000,0.000000,0.000000,0.000000
12.685428,0.000000,0.000000,0.000000,0.000000,0.000000,0.000000
12.695428,0.000000,0.000000,0.000000,0.000000,0.000000,0.000000
12.705428,0.000000,0.000000,0.000000,0.000000,0.000000,0.000000
12.715428,0.000000,0.000000,0.000000,0.000000,0.000000,0.000000
12.725428,0.000000,0.000000,0.000000,0.000000,0.000000,0.000000
12.735428,0.000000,0.000000,0.000000,0.000000,0.000000,0.000000
12.745428,0.000000,0.000000,0.000000,0.000000,0.000000,0.000000
12.755428,0.000000,0.000000,0.000000,0.000000,0.000000,0.000000
12.765428,0.000000,0.000000,0.000000,0.000000,0.000000,0.000000
12.775428,0.000000,0.000000,0.000000,0.000000,0.000000,0.000000
12.785428,0.000000,0.000000,0.000000,0.000000,0.000000,0.000000
12.795428,0.000000,0.000000,0.000000,0.000000,0.000000,0.000000
12.805428,0.000000,0.000000,0.000000,0.000000,0.000000,0.000000
12.815428,0.000000,0.000000,0.000000,0.000000,0.000000,0.000000
12.825428,0.000000,0.000000,0.000000,0.000000,0.000000,0.000000
12.835428,0.000000,0.000000,0.000000,0.000000,0.000000,0.000000
12.845428,0.000000,0.000000,0.000000,0.000000,0.000000,0.000000
12.855428,0.000000,0.000000,0.000000,0.000000,0.000000,0.000000
12.865428,0.000000,0.000000,0.000000,0.000000,0.000000,0.000000
12.875428,0.000000,0.000000,0.000000,0.000000,0.000000,0.000000
12.885428,0.000000,0.000000,0.000000,0.000000,0.000000,0.000000
12.895428,0.000000,0.000000,0.000000,0.000000,0.000000,0.000000
12.905428,0.000000,0.000000,0.000000,0.000000,0.000000,0.000000
12.915428,0.000000,0.000000,0.000000,0.000000,0.000000,0.000000
12.925428,0.000000,0.000000,0.000000,0.000000,0.000000,0.000000
12.935428,0.000000,0.000000,0.000000,0.000000,0.000000,0.000000
12.945428,0.000000,0.000000,0.000000,0.000000,0.000000,0.000000
12.955428,0.000000,0.000000,0.000000,0.000000,0.000000,0.000000
12.965428,0.000000,0.000000,0.000000,0.000000,0.000000,0.000000
12.975428,0.000000,0.000000,0.000000,0.000000,0.000000,0.000000
12.985428,0.000000,0.000000,0.000000,0.000000,0.000000,0.000000
12.995428,0.000000,0.000000,0.000000,0.000000,0.000000,0.000000
13.005428,0.000000,0.000000,0.000000,0.000000,0.000000,0.000000
13.015428,0.000000,0.000000,0.000000,0.000000,0.000000,0.000000
13.025428,0.000000,0.000000,0.000000,0.000000,0.000000,0.000000
13.035428,0.000000,0.000000,0.000000,0.000000,0.000000,0.000000
13.045428,0.000000,0.000000,0.000000,0.000000,0.000000,0.000000
13.055428,0.000000,0.000000,0.000000,0.000000,0.000000,0.000000
13.065428,0.000000,0.000000,0.000000,0.000000,0.000000,0.000000
13.075428,0.000000,0.000000,0.000000,0.000000,0.000000,0.000000
13.085428,0.000000,0.000000,0.000000,0.000000,0.000000,0.000000
13.095428,0.000000,0.000000,0.000000,0.000000,0.000000,0.000000
13.105428,0.000000,0.000000,0.000000,0.000000,0.000000,0.000000
13.115428,0.000000,0.000000,0.000000,0.000000,0.000000,0.000000
13.125428,0.000000,0.000000,0.000000,0.000000,0.000000,0.000000
13.135428,0.000000,0.000000,0.000000,0.000000,0.000000,0.000000
13.145428,0.000000,0.000000,0.000000,0.000000,0.000000,0.000000
13.155428,0.000000,0.000000,0.000000,0.000000,0.000000,0.000000
13.165428,0.000000,0.000000,0.000000,0.000000,0.000000,0.000000
13.175428,0.000000,0.000000,0.000000,0.000000,0.000000,0.000000
13.185428,0.000000,0.000000,0.000000,0.000000,0.000000,0.000000
13.195428,0.000000,0.000000,0.000000,0.000000,0.000000,0.000000
13.205428,0.000000,0.000000,0.000000,0.000000,0.000000,0.000000
13.215428,0.000000,0.000000,0.000000,0.000000,0.000000,0.000000
13.225428,0.000000,0.000000,0.000000,0.000000,0.000000,0.000000
13.235428,0.000000,0.000000,0.000000,0.000000,0.000000,0.000000
13.245428,0.000000,0.000000,0.000000,0.000000,0.000000,0.000000
13.255428,0.000000,0.000000,0.000000,0.000000,0.000000,0.000000
13.265428,0.000000,0.000000,0.000000,0.000000,0.000000,0.000000
13.275428,0.000000,0.000000,0.000000,0.000000,0.000000,0.000000
13.285428,0.000000,0.000000,0.000000,0.000000,0.000000,0.000000
13.295428,0.000000,0.000000,0.000000,0.000000,0.000000,0.000000
13.305428,0.000000,0.000000,0.000000,0.000000,0.000000,0.000000
13.315428,0.000000,0.000000,0.000000,0.000000,0.000000,0.000000
13.325428,0.000000,0.000000,0.000000,0.000000,0.000000,0.000000
13.335428,0.000000,0.000000,0.000000,0.000000,0.000000,0.000000
13.345428,0.000000,0.000000,0.000000,0.000000,0.000000,0.000000
13.355428,0.000000,0.000000,0.000000,0.000000,0.000000,0.000000
13.365428,0.000000,0.000000,0.000000,0.000000,0.000000,0.000000
13.375428,0.000000,0.000000,0.000000,0.000000,0.000000,0.000000
13.385428,0.000000,0.000000,0.000000,0.000000,0.000000,0.000000
13.395428,0.000000,0.000000,0.000000,0.000000,0.000000,0.000000
13.405428,0.000000,0.000000,0.000000,0.000000,0.000000,0.000000
13.415428,0.000000,0.000000,0.000000,0.000000,0.000000,0.000000
13.425428,0.000000,0.000000,0.000000,0.000000,0.000000,0.000000
13.435428,0.000000,0.000000,0.000000,0.000000,0.000000,0.000000
13.445428,0.000000,0.000000,0.000000,0.000000,0.000000,0.000000
13.455428,0.000000,0.000000,0.000000,0.000000,0.000000,0.000000
13.465428,0.000000,0.000000,0.000000,0.000000,0.000000,0.000000
13.475428,0.000000,0.000000,0.000000,0.000000,0.000000,0.000000
13.485428,0.000000,0.000000,0.000000,0.000000,0.000000,0.000000
13.495428,0.000000,0.000000,0.000000,0.000000,0.000000,0.000000
13.505428,0.000000,0.000000,0.000000,0.000000,0.000000,0.000000
13.515428,0.000000,0.000000,0.000000,0.000000,0.000000,0.000000
13.525428,0.000000,0.000000,0.000000,0.000000,0.000000,0.000000
13.535428,0.000000,0.000000,0.000000,0.000000,0.000000,0.000000
13.545428,0.000000,0.000000,0.000000,0.000000,0.000000,0.000000
13.555428,0.000000,0.000000,0.000000,0.000000,0.000000,0.000000
13.565428,0.000000,0.000000,0.000000,0.000000,0.000000,0.000000
13.575428,0.000000,0.000000,0.000000,0.000000,0.000000,0.000000
13.585428,0.000000,0.000000,0.000000,0.000000,0.000000,0.000000
13.595428,0.000000,0.000000,0.000000,0.000000,0.000000,0.000000
13.605428,0.000000,0.000000,0.000000,0.000000,0.000000,0.000000
13.615428,0.000000,0.000000,0.000000,0.000000,0.000000,0.000000
13.625428,0.000000,0.000000,0.000000,0.000000,0.000000,0.000000
13.635428,0.000000,0.000000,0.000000,0.000000,0.000000,0.000000
13.645428,0.000000,0.000000,0.000000,0.000000,0.000000,0.000000
13.655428,0.000000,0.000000,0.000000,0.000000,0.000000,0.000000
13.665428,0.000000,0.000000,0.000000,0.000000,0.000000,0.000000
13.675428,0.000000,0.000000,0.000000,0.000000,0.000000,0.000000
13.685428,0.000000,0.000000,0.000000,0.000000,0.000000,0.000000
13.695428,0.000000,0.000000,0.000000,0.000000,0.000000,0.000000
13.705428,0.000000,0.000000,0.000000,0.000000,0.000000,0.000000
13.715428,0.000000,0.000000,0.000000,0.000000,0.000000,0.000000
13.725428,0.000000,0.000000,0.000000,0.000000,0.000000,0.000000
13.735428,0.000000,0.000000,0.000000,0.000000,0.000000,0.000000
13.745428,0.000000,0.000000,0.000000,0.000000,0.000000,0.000000
13.755428,0.000000,0.000000,0.000000,0.000000,0.000000,0.000000
13.765428,0.000000,0.000000,0.000000,0.000000,0.000000,0.000000
13.775428,0.000000,0.000000,0.000000,0.000000,0.000000,0.000000
13.785428,0.000000,0.000000,0.000000,0.000000,0.000000,0.000000
13.795428,0.000000,0.000000,0.000000,0.000000,0.000000,0.000000
13.805428,0.000000,0.000000,0.000000,0.000000,0.000000,0.000000
13.815428,0.000000,0.000000,0.000000,0.000000,0.000000,0.000000
13.825428,0.000000,0.000000,0.000000,0.000000,0.000000,0.000000
13.835428,0.000000,0.000000,0.000000,0.000000,0.000000,0.000000
13.845428,0.000000,0.000000,0.000000,0.000000,0.000000,0.000000
13.855428,0.000000,0.000000,0.000000,0.000000,0.000000,0.000000
13.865428,0.000000,0.000000,0.000000,0.000000,0.000000,0.000000
13.875428,0.000000,0.000000,0.000000,0.000000,0.000000,0.000000
13.885428,0.000000,0.000000,0.000000,0.000000,0.000000,0.000000
13.895428,0.000000,0.000000,0.000000,0.000000,0.000000,0.000000
13.905428,0.000000,0.000000,0.000000,0.000000,0.000000,0.000000
13.915428,0.000000,0.000000,0.000000,0.000000,0.000000,0.000000
13.925428,0.000000,0.000000,0.000000,0.000000,0.000000,0.000000
13.935428,0.000000,0.000000,0.000000,0.000000,0.000000,0.000000
13.945428,0.000000,0.000000,0.000000,0.000000,0.000000,0.000000
13.955428,0.000000,0.000000,0.000000,0.000000,0.000000,0.000000
13.965428,0.000000,0.000000,0.000000,0.000000,0.000000,0.000000
13.975428,0.000000,0.000000,0.000000,0.000000,0.000000,0.000000
13.985428,0.000000,0.000000,0.000000,0.000000,0.000000,0.000000
13.995428,0.000000,0.000000,0.000000,0.000000,0.000000,0.000000
14.005428,0.000000,0.000000,0.000000,0.000000,0.000000,0.000000
14.015428,0.000000,0.000000,0.000000,0.000000,0.000000,0.000000
14.025428,0.000000,0.000000,0.000000,0.000000,0.000000,0.000000
14.035428,0.000000,0.000000,0.000000,0.000000,0.000000,0.000000
14.045428,0.000000,0.000000,0.000000,0.000000,0.000000,0.000000
14.055428,0.000000,0.000000,0.000000,0.000000,0.000000,0.000000
14.065428,0.000000,0.000000,0.000000,0.000000,0.000000,0.000000
14.075428,0.000000,0.000000,0.000000,0.000000,0.000000,0.000000
14.085428,0.000000,0.000000,0.000000,0.000000,0.000000,0.000000
14.095428,0.000000,0.000000,0.000000,0.000000,0.000000,0.000000
14.105428,0.000000,0.000000,0.000000,0.000000,0.000000,0.000000
14.115428,0.000000,0.000000,0.000000,0.000000,0.000000,0.000000
14.125428,0.000000,0.000000,0.000000,0.000000,0.000000,0.000000
14.135428,0.000000,0.000000,0.000000,0.000000,0.000000,0.000000
14.145428,0.000000,0.000000,0.000000,0.000000,0.000000,0.000000
14.155428,0.000000,0.000000,0.000000,0.000000,0.000000,0.000000
14.165428,0.000000,0.000000,0.000000,0.000000,0.000000,0.000000
14.175428,0.000000,0.000000,0.000000,0.000000,0.000000,0.000000
14.185428,0.000000,0.000000,0.000000,0.000000,0.000000,0.000000
14.195428,0.000000,0.000000,0.000000,0.000000,0.000000,0.000000
14.205428,0.000000,0.000000,0.000000,0.000000,0.000000,0.000000
14.215428,0.000000,0.000000,0.000000,0.000000,0.000000,0.000000
14.225428,0.000000,0.000000,0.000000,0.000000,0.000000,0.000000
14.235428,0.000000,0.000000,0.000000,0.000000,0.000000,0.000000
14.245428,0.000000,0.000000,0.000000,0.000000,0.000000,0.000000
14.255428,0.000000,0.000000,0.000000,0.000000,0.000000,0.000000
14.265428,0.000000,0.000000,0.000000,0.000000,0.000000,0.000000
14.275428,0.000000,0.000000,0.000000,0.000000,0.000000,0.000000
14.285428,0.000000,0.000000,0.000000,0.000000,0.000000,0.000000
14.295428,0.000000,0.000000,0.000000,0.000000,0.000000,0.000000
14.305428,0.000000,0.000000,0.000000,0.000000,0.000000,0.000000
14.315428,0.000000,0.000000,0.000000,0.000000,0.000000,0.000000
14.325428,0.000000,0.000000,0.000000,0.000000,0.000000,0.000000
14.335428,0.000000,0.000000,0.000000,0.000000,0.000000,0.000000
14.345428,0.000000,0.000000,0.000000,0.000000,0.000000,0.000000
14.355428,0.000000,0.000000,0.000000,0.000000,0.000000,0.000000
14.365428,0.000000,0.000000,0.000000,0.000000,0.000000,0.000000
14.375428,0.000000,0.000000,0.000000,0.000000,0.000000,0.000000
14.385428,0.000000,0.000000,0.000000,0.000000,0.000000,0.000000
14.395428,0.000000,0.000000,0.000000,0.000000,0.000000,0.000000
14.405428,0.000000,0.000000,0.000000,0.000000,0.000000,0.000000
14.415428,0.000000,0.000000,0.000000,0.000000,0.000000,0.000000
14.425428,0.000000,0.000000,0.000000,0.000000,0.000000,0.000000
14.435428,0.000000,0.000000,0.000000,0.000000,0.000000,0.000000
14.445428,0.000000,0.000000,0.000000,0.000000,0.000000,0.000000
14.455428,0.000000,0.000000,0.000000,0.000000,0.000000,0.000000
14.465428,0.000000,0.000000,0.000000,0.000000,0.000000,0.000000
14.475428,0.000000,0.000000,0.000000,0.000000,0.000000,0.000000
14.485428,0.000000,0.000000,0.000000,0.000000,0.000000,0.000000
14.495428,0.000000,0.000000,0.000000,0.000000,0.000000,0.000000
14.505428,0.000000,0.000000,0.000000,0.000000,0.000000,0.000000
14.515428,0.000000,0.000000,0.000000,0.000000,0.000000,0.000000
14.525428,0.000000,0.000000,0.000000,0.000000,0.000000,0.000000
14.535428,0.000000,0.000000,0.000000,0.000000,0.000000,0.000000
14.545428,0.000000,0.000000,0.000000,0.000000,0.000000,0.000000
14.555428,0.000000,0.000000,0.000000,0.000000,0.000000,0.000000
14.565428,0.000000,0.000000,0.000000,0.000000,0.000000,0.000000
14.575428,0.000000,0.000000,0.000000,0.000000,0.000000,0.000000
14.585428,0.000000,0.000000,0.000000,0.000000,0.000000,0.000000
14.595428,0.000000,0.000000,0.000000,0.000000,0.000000,0.000000
14.605428,0.000000,0.000000,0.000000,0.000000,0.000000,0.000000
14.615428,0.000000,0.000000,0.000000,0.000000,0.000000,0.000000
14.625428,0.000000,0.000000,0.000000,0.000000,0.000000,0.000000
14.635428,0.000000,0.000000,0.000000,0.000000,0.000000,0.000000
14.645428,0.000000,0.000000,0.000000,0.000000,0.000000,0.000000
14.655428,0.000000,0.000000,0.000000,0.000000,0.000000,0.000000
14.665428,0.000000,0.000000,0.000000,0.000000,0.000000,0.000000
14.675428,0.000000,0.000000,0.000000,0.000000,0.000000,0.000000
14.685428,0.000000,0.000000,0.000000,0.000000,0.000000,0.000000
14.695428,0.000000,0.000000,0.000000,0.000000,0.000000,0.000000
14.705428,0.000000,0.000000,0.000000,0.000000,0.000000,0.000000
14.715428,0.000000,0.000000,0.000000,0.000000,0.000000,0.000000
14.725428,0.000000,0.000000,0.000000,0.000000,0.000000,0.000000
14.735428,0.000000,0.000000,0.000000,0.000000,0.000000,0.000000
14.745428,0.000000,0.000000,0.000000,0.000000,0.000000,0.000000
14.755428,0.000000,0.000000,0.000000,0.000000,0.000000,0.000000
14.765428,0.000000,0.000000,0.000000,0.000000,0.000000,0.000000
14.775428,0.000000,0.000000,0.000000,0.000000,0.000000,0.000000
14.785428,0.000000,0.000000,0.000000,0.000000,0.000000,0.000000
14.795428,0.000000,0.000000,0.000000,0.000000,0.000000,0.000000
14.805428,0.000000,0.000000,0.000000,0.000000,0.000000,0.000000
14.815428,0.000000,0.000000,0.000000,0.000000,0.000000,0.000000
14.825428,0.000000,0.000000,0.000000,0.000000,0.000000,0.000000
14.835428,0.000000,0.000000,0.000000,0.000000,0.000000,0.000000
14.845428,0.000000,0.000000,0.000000,0.000000,0.000000,0.000000
14.855428,0.000000,0.000000,0.000000,0.000000,0.000000,0.000000
14.865428,0.000000,0.000000,0.000000,0.000000,0.000000,0.000000
14.875428,0.000000,0.000000,0.000000,0.000000,0.000000,0.000000
14.885428,0.000000,0.000000,0.000000,0.000000,0.000000,0.000000
14.895428,0.000000,0.000000,0.000000,0.000000,0.000000,0.000000
14.905428,0.000000,0.000000,0.000000,0.000000,0.000000,0.000000
14.915428,0.000000,0.000000,0.000000,0.000000,0.000000,0.000000
14.925428,0.000000,0.000000,0.000000,0.000000,0.000000,0.000000
14.935428,0.000000,0.000000,0.000000,0.000000,0.000000,0.000000
14.945428,0.000000,0.000000,0.000000,0.000000,0.000000,0.000000
14.955428,0.000000,0.000000,0.000000,0.000000,0.000000,0.000000
14.965428,0.000000,0.000000,0.000000,0.000000,0.000000,0.000000
14.975428,0.000000,0.000000,0.000000,0.000000,0.000000,0.000000
14.985428,0.000000,0.000000,0.000000,0.000000,0.000000,0.000000
14.995428,0.000000,0.000000,0.000000,0.000000,0.000000,0.000000
15.005428,0.000000,0.000000,0.000000,0.000000,0.000000,0.000000
15.015428,0.000000,0.000000,0.000000,0.000000,0.000000,0.000000
15.025428,0.000000,0.000000,0.000000,0.000000,0.000000,0.000000
15.035428,0.000000,0.000000,0.000000,0.000000,0.000000,0.000000
15.045428,0.000000,0.000000,0.000000,0.000000,0.000000,0.000000
15.055428,0.000000,0.000000,0.000000,0.000000,0.000000,0.000000
15.065428,0.000000,0.000000,0.000000,0.000000,0.000000,0.000000
15.075428,0.000000,0.000000,0.000000,0.000000,0.000000,0.000000
15.085428,0.000000,0.000000,0.000000,0.000000,0.000000,0.000000
15.095428,0.000000,0.000000,0.000000,0.000000,0.000000,0.000000
15.105428,0.000000,0.000000,0.000000,0.000000,0.000000,0.000000
15.115428,0.000000,0.000000,0.000000,0.000000,0.000000,0.000000
15.125428,0.000000,0.000000,0.000000,0.000000,0.000000,0.000000
15.135428,0.000000,0.000000,0.000000,0.000000,0.000000,0.000000
15.145428,0.000000,0.000000,0.000000,0.000000,0.000000,0.000000
15.155428,0.000000,0.000000,0.000000,0.000000,0.000000,0.000000
15.165428,0.000000,0.000000,0.000000,0.000000,0.000000,0.000000
15.175428,0.000000,0.000000,0.000000,0.000000,0.000000,0.000000
15.185428,0.000000,0.000000,0.000000,0.000000,0.000000,0.000000
15.195428,0.000000,0.000000,0.000000,0.000000,0.000000,0.000000
15.205428,0.000000,0.000000,0.000000,0.000000,0.000000,0.000000
15.215428,0.000000,0.000000,0.000000,0.000000,0.000000,0.000000
15.225428,0.000000,0.000000,0.000000,0.000000,0.000000,0.000000
15.235428,0.000000,0.000000,0.000000,0.000000,0.000000,0.000000
15.245428,0.000000,0.000000,0.000000,0.000000,0.000000,0.000000
15.255428,0.000000,0.000000,0.000000,0.000000,0.000000,0.000000
15.265428,0.000000,0.000000,0.000000,0.000000,0.000000,0.000000
15.275428,0.000000,0.000000,0.000000,0.000000,0.000000,0.000000
15.285428,0.000000,0.000000,0.000000,0.000000,0.000000,0.000000
15.295428,0.000000,0.000000,0.000000,0.000000,0.000000,0.000000
15.305428,0.000000,0.000000,0.000000,0.000000,0.000000,0.000000
15.315428,-0.001000,0.000000,0.000000,0.000000,0.000000,0.000000
15.325428,-0.001000,0.000000,0.000000,0.000000,0.000000,0.000000
15.335428,-0.001000,0.000000,0.000000,0.000000,0.000000,0.000000
15.345428,-0.001000,0.000000,0.000000,0.000000,0.000000,0.000000
15.355428,-0.002500,0.000000,0.000000,0.000000,0.000000,0.000000
15.365428,-0.002500,0.000000,0.000000,0.000000,0.000000,0.000000
15.375428,-0.003500,0.000000,0.000000,0.000000,0.000000,0.000000
15.385428,-0.003500,0.000000,0.000000,0.000000,0.000000,0.000000
15.395428,-0.005000,0.000000,0.000000,0.000000,0.000000,0.000000
15.405428,-0.005000,0.000000,0.000000,0.000000,0.000000,0.000000
15.415428,-0.005000,0.000000,0.000000,0.000000,0.000000,0.000000
15.425428,-0.006000,0.000000,0.000000,0.000000,0.000000,0.000000
15.435428,-0.006000,0.000000,0.000000,0.000000,0.000000,0.000000
15.445428,-0.007500,0.000000,0.000000,0.000000,0.000000,0.000000
15.455428,-0.007500,0.000000,0.000000,0.000000,0.000000,0.000000
15.465428,-0.007500,0.000000,0.000000,0.000000,0.000000,0.000000
15.475428,-0.009500,0.000000,0.000000,0.000000,0.000000,0.000000
15.485428,-0.009500,0.000000,0.000000,0.000000,0.000000,0.000000
15.495428,-0.009500,0.000000,0.000000,0.000000,0.000000,0.000000
15.505428,-0.009500,0.000000,0.000000,0.000000,0.000000,0.000000
15.515428,-0.010500,0.000000,0.000000,0.000000,0.000000,0.000000
15.525428,-0.010500,0.000000,0.000000,0.000000,0.000000,0.000000
15.535428,-0.012000,0.000000,0.000000,0.000000,0.000000,0.000000
15.545428,-0.012000,0.000000,0.000000,0.000000,0.000000,0.000000
15.555428,-0.012000,0.000000,0.000000,0.000000,0.000000,0.000000
15.565428,-0.012000,0.000000,0.000000,0.000000,0.000000,0.000000
15.575428,-0.013500,0.000000,0.000000,0.000000,0.000000,0.000000
15.585428,-0.013500,0.000000,0.000000,0.000000,0.000000,0.000000
15.595428,-0.013500,0.000000,0.000000,0.000000,0.000000,0.000000
15.605428,-0.015000,0.000000,0.000000,0.000000,0.000000,0.000000
15.615428,-0.015000,0.000000,0.000000,0.000000,0.000000,0.000000
15.625428,-0.016000,0.000000,0.000000,0.000000,0.000000,0.000000
15.635428,-0.016000,0.000000,0.000000,0.000000,0.000000,0.000000
15.645428,-0.017500,0.000000,0.000000,0.000000,0.000000,0.000000
15.655428,-0.017500,0.000000,0.000000,0.000000,0.000000,0.000000
15.665428,-0.017500,0.000000,0.000000,0.000000,0.000000,0.000000
15.675428,-0.017500,0.000000,0.000000,0.000000,0.000000,0.000000
15.685428,-0.019500,0.000000,0.000000,0.000000,0.000000,0.000000
15.695428,-0.019500,0.000000,0.000000,0.000000,0.000000,0.000000
15.705428,-0.019500,0.000000,0.000000,0.000000,0.000000,0.000000
15.715428,-0.021000,0.000000,0.000000,0.000000,0.000000,0.000000
15.725428,-0.021000,0.000000,0.000000,0.000000,0.000000,0.000000
15.735428,-0.021000,0.000000,0.000000,0.000000,0.000000,0.000000
15.745428,-0.022000,0.000000,0.000000,0.000000,0.000000,0.000000
15.755428,-0.022000,0.000000,0.000000,0.000000,0.000000,0.000000
15.765428,-0.022000,0.000000,0.000000,0.000000,0.000000,0.000000
15.775428,-0.023500,0.000000,0.000000,0.000000,0.000000,0.000000
15.785428,-0.023500,0.000000,0.000000,0.000000,0.000000,0.000000
15.795428,-0.023500,0.000000,0.000000,0.000000,0.000000,0.000000
15.805428,-0.025000,0.000000,0.000000,0.000000,0.000000,0.000000
15.815428,-0.025000,0.000000,0.000000,0.000000,0.000000,0.000000
15.825428,-0.025000,0.000000,0.000000,0.000000,0.000000,0.000000
15.835428,-0.026000,0.000000,0.000000,0.000000,0.000000,0.000000
15.845428,-0.026000,0.000000,0.000000,0.000000,0.000000,0.000000
15.855428,-0.027500,0.000000,0.000000,0.000000,0.000000,0.000000
15.865428,-0.027500,0.000000,0.000000,0.000000,0.000000,0.000000
15.875428,-0.029000,0.000000,0.000000,0.000000,0.000000,0.000000
15.885428,-0.029000,0.000000,0.000000,0.000000,0.000000,0.000000
15.895428,-0.029000,0.000000,0.000000,0.000000,0.000000,0.000000
15.905428,-0.029000,0.000000,0.000000,0.000000,0.000000,0.000000
15.915428,-0.030500,0.000000,0.000000,0.000000,0.000000,0.000000
15.925428,-0.030500,0.000000,0.000000,0.000000,0.000000,0.000000
15.935428,-0.032000,0.000000,0.000000,0.000000,0.000000,0.000000
15.945428,-0.032000,0.000000,0.000000,0.000000,0.000000,0.000000
15.955428,-0.032000,0.000000,0.000000,0.000000,0.000000,0.000000
15.965428,-0.033500,0.000000,0.000000,0.000000,0.000000,0.000000
15.975428,-0.033500,0.000000,0.000000,0.000000,0.000000,0.000000
15.985428,-0.033500,0.000000,0.000000,0.000000,0.000000,0.000000
15.995428,-0.035000,0.000000,0.000000,0.000000,0.000000,0.000000
16.005428,-0.035000,0.000000,0.000000,0.000000,0.000000,0.000000
16.015428,-0.035000,0.000000,0.000000,0.000000,0.000000,0.000000
16.025428,-0.035000,0.000000,0.000000,0.000000,0.000000,0.000000
16.035428,-0.036000,0.000000,0.000000,0.000000,0.000000,0.000000
16.045428,-0.037500,0.000000,0.000000,0.000000,0.000000,0.000000
16.055428,-0.037500,0.000000,0.000000,0.000000,0.000000,0.000000
16.065428,-0.037500,0.000000,0.000000,0.000000,0.000000,0.000000
16.075428,-0.037500,0.000000,0.000000,0.000000,0.000000,0.000000
16.085428,-0.039000,0.000000,0.000000,0.000000,0.000000,0.000000
16.095428,-0.039000,0.000000,0.000000,0.000000,0.000000,0.000000
16.105428,-0.040000,0.000000,0.000000,0.000000,0.000000,0.000000
16.115428,-0.040000,0.000000,0.000000,0.000000,0.000000,0.000000
16.125428,-0.041500,0.000000,0.000000,0.000000,0.000000,0.000000
16.135428,-0.041500,0.000000,0.000000,0.000000,0.000000,0.000000
16.145428,-0.041500,0.000000,0.000000,0.000000,0.000000,0.000000
16.155428,-0.041500,0.000000,0.000000,0.000000,0.000000,0.000000
16.165428,-0.043000,0.000000,0.000000,0.000000,0.000000,0.000000
16.175428,-0.043000,0.000000,0.000000,0.000000,0.000000,0.000000
16.185428,-0.044000,0.000000,0.000000,0.000000,0.000000,0.000000
16.195428,-0.044000,0.000000,0.000000,0.000000,0.000000,0.000000
16.205428,-0.045500,0.000000,0.000000,0.000000,0.000000,0.000000
16.215428,-0.045500,0.000000,0.000000,0.000000,0.000000,0.000000
16.225428,-0.045500,0.000000,0.000000,0.000000,0.000000,0.000000
16.235428,-0.047000,0.000000,0.000000,0.000000,0.000000,0.000000
16.245428,-0.047000,0.000000,0.000000,0.000000,0.000000,0.000000
16.255428,-0.047000,0.000000,0.000000,0.000000,0.000000,0.000000
16.265428,-0.048000,0.000000,0.000000,0.000000,0.000000,0.000000
16.275428,-0.048000,0.000000,0.000000,0.000000,0.000000,0.000000
16.285428,-0.049500,0.000000,0.000000,0.000000,0.000000,0.000000
16.295428,-0.049500,0.000000,0.000000,0.000000,0.000000,0.000000
16.305428,-0.049500,0.000000,0.000000,0.000000,0.000000,0.000000
16.315428,-0.051000,0.000000,0.000000,0.000000,0.000000,0.000000
16.325428,-0.051000,0.000000,0.000000,0.000000,0.000000,0.000000
16.335428,-0.051000,0.000000,0.000000,0.000000,0.000000,0.000000
16.345428,-0.051000,0.000000,0.000000,0.000000,0.000000,0.000000
16.355428,-0.052500,0.000000,0.000000,0.000000,0.000000,0.000000
16.365428,-0.052500,0.000000,0.000000,0.000000,0.000000,0.000000
16.375428,-0.054000,0.000000,0.000000,0.000000,0.000000,0.000000
16.385428,-0.054000,0.000000,0.000000,0.000000,0.000000,0.000000
16.395428,-0.054000,0.000000,0.000000,0.000000,0.000000,0.000000
16.405428,-0.055500,0.000000,0.000000,0.000000,0.000000,0.000000
16.415428,-0.055500,0.000000,0.000000,0.000000,0.000000,0.000000
16.425428,-0.055500,0.000000,0.000000,0.000000,0.000000,0.000000
16.435428,-0.057000,0.000000,0.000000,0.000000,0.000000,0.000000
16.445428,-0.057000,0.000000,0.000000,0.000000,0.000000,0.000000
16.455428,-0.057000,0.000000,0.000000,0.000000,0.000000,0.000000
16.465428,-0.058500,0.000000,0.000000,0.000000,0.000000,0.000000
16.475428,-0.058500,0.000000,0.000000,0.000000,0.000000,0.000000
16.485428,-0.058500,0.000000,0.000000,0.000000,0.000000,0.000000
16.495428,-0.060000,0.000000,0.000000,0.000000,0.000000,0.000000
16.505428,-0.060000,0.000000,0.000000,0.000000,0.000000,0.000000
16.515428,-0.060000,0.000000,0.000000,0.000000,0.000000,0.000000
16.525428,-0.060000,0.000000,0.000000,0.000000,0.000000,0.000000
16.535428,-0.061500,0.000000,0.000000,0.000000,0.000000,0.000000
16.545428,-0.061500,0.000000,0.000000,0.000000,0.000000,0.000000
16.555428,-0.062500,0.000000,0.000000,0.000000,0.000000,0.000000
16.565428,-0.062500,0.000000,0.000000,0.000000,0.000000,0.000000
16.575428,-0.064000,0.000000,0.000000,0.000000,0.000000,0.000000
16.585428,-0.064000,0.000000,0.000000,0.000000,0.000000,0.000000
16.595428,-0.064000,0.000000,0.000000,0.000000,0.000000,0.000000
16.605428,-0.065500,0.000000,0.000000,0.000000,0.000000,0.000000
16.615428,-0.065500,0.000000,0.000000,0.000000,0.000000,0.000000
16.625428,-0.065500,0.000000,0.000000,0.000000,0.000000,0.000000
16.635428,-0.065500,0.000000,0.000000,0.000000,0.000000,0.000000
16.645428,-0.067000,0.000000,0.000000,0.000000,0.000000,0.000000
16.655428,-0.067000,0.000000,0.000000,0.000000,0.000000,0.000000
16.665428,-0.068500,0.000000,0.000000,0.000000,0.000000,0.000000
16.675428,-0.068500,0.000000,0.000000,0.000000,0.000000,0.000000
16.685428,-0.068500,0.000000,0.000000,0.000000,0.000000,0.000000
16.695428,-0.070000,0.000000,0.000000,0.000000,0.000000,0.000000
16.705428,-0.070000,0.000000,0.000000,0.000000,0.000000,0.000000
16.715428,-0.070000,0.000000,0.000000,0.000000,0.000000,0.000000
16.725428,-0.070000,0.000000,0.000000,0.000000,0.000000,0.000000
16.735428,-0.071500,0.000000,0.000000,0.000000,0.000000,0.000000
16.745428,-0.071500,0.000000,0.000000,0.000000,0.000000,0.000000
16.755428,-0.071500,0.000000,0.000000,0.000000,0.000000,0.000000
16.765428,-0.073000,0.000000,0.000000,0.000000,0.000000,0.000000
16.775428,-0.073000,0.000000,0.000000,0.000000,0.000000,0.000000
16.785428,-0.074500,0.000000,0.000000,0.000000,0.000000,0.000000
16.795428,-0.074500,0.000000,0.000000,0.000000,0.000000,0.000000
16.805428,-0.074500,0.000000,0.000000,0.000000,0.000000,0.000000
16.815428,-0.075500,0.000000,0.000000,0.000000,0.000000,0.000000
16.825428,-0.075500,0.000000,0.000000,0.000000,0.000000,0.000000
16.835428,-0.075500,0.000000,0.000000,0.000000,0.000000,0.000000
16.845428,-0.077500,0.000000,0.000000,0.000000,0.000000,0.000000
16.855428,-0.077500,0.000000,0.000000,0.000000,0.000000,0.000000
16.865428,-0.077500,0.000000,0.000000,0.000000,0.000000,0.000000
16.875428,-0.078500,0.000000,0.000000,0.000000,0.000000,0.000000
16.885428,-0.078500,0.000000,0.000000,0.000000,0.000000,0.000000
16.895428,-0.080500,0.000000,0.000000,0.000000,0.000000,0.000000
16.905428,-0.080500,0.000000,0.000000,0.000000,0.000000,0.000000
16.915428,-0.080500,0.000000,0.000000,0.000000,0.000000,0.000000
16.925428,-0.080500,0.000000,0.000000,0.000000,0.000000,0.000000
16.935428,-0.081500,0.000000,0.000000,0.000000,0.000000,0.000000
16.945428,-0.081500,0.000000,0.000000,0.000000,0.000000,0.000000
16.955428,-0.081500,0.000000,0.000000,0.000000,0.000000,0.000000
16.965428,-0.083000,0.000000,0.000000,0.000000,0.000000,0.000000
16.975428,-0.083000,0.000000,0.000000,0.000000,0.000000,0.000000
16.985428,-0.084000,0.000000,0.000000,0.000000,0.000000,0.000000
16.995428,-0.084000,0.000000,0.000000,0.000000,0.000000,0.000000
17.005428,-0.085500,0.000000,0.000000,0.000000,0.000000,0.000000
17.015428,-0.085500,0.000000,0.000000,0.000000,0.000000,0.000000
17.025428,-0.085500,0.000000,0.000000,0.000000,0.000000,0.000000
17.035428,-0.087000,0.000000,0.000000,0.000000,0.000000,0.000000
17.045428,-0.087000,0.000000,0.000000,0.000000,0.000000,0.000000
17.055428,-0.087000,0.000000,0.000000,0.000000,0.000000,0.000000
17.065428,-0.088000,0.000000,0.000000,0.000000,0.000000,0.000000
17.075428,-0.088000,0.000000,0.000000,0.000000,0.000000,0.000000
17.085428,-0.088000,0.000000,0.000000,0.000000,0.000000,0.000000
17.095428,-0.089500,0.000000,0.000000,0.000000,0.000000,0.000000
17.105428,-0.089500,0.000000,0.000000,0.000000,0.000000,0.000000
17.115428,-0.090500,0.000000,0.000000,0.000000,0.000000,0.000000
17.125428,-0.090500,0.000000,0.000000,0.000000,0.000000,0.000000
17.135428,-0.092000,0.000000,0.000000,0.000000,0.000000,0.000000
17.145428,-0.092000,0.000000,0.000000,0.000000,0.000000,0.000000
17.155428,-0.092000,0.000000,0.000000,0.000000,0.000000,0.000000
17.165428,-0.093500,0.000000,0.000000,0.000000,0.000000,0.000000
17.175428,-0.093500,0.000000,0.000000,0.000000,0.000000,0.000000
17.185428,-0.093500,0.000000,0.000000,0.000000,0.000000,0.000000
17.195428,-0.093500,0.000000,0.000000,0.000000,0.000000,0.000000
17.205428,-0.095000,0.000000,0.000000,0.000000,0.000000,0.000000
17.215428,-0.095000,0.000000,0.000000,0.000000,0.000000,0.000000
17.225428,-0.096500,0.000000,0.000000,0.000000,0.000000,0.000000
17.235428,-0.096500,0.000000,0.000000,0.000000,0.000000,0.000000
17.245428,-0.096500,0.000000,0.000000,0.000000,0.000000,0.000000
17.255428,-0.098000,0.000000,0.000000,0.000000,0.000000,0.000000
17.265428,-0.098000,0.000000,0.000000,0.000000,0.000000,0.000000
17.275428,-0.098000,0.000000,0.000000,0.000000,0.000000,0.000000
17.285428,-0.098000,0.000000,0.000000,0.000000,0.000000,0.000000
17.295428,-0.099000,0.000000,0.000000,0.000000,0.000000,0.000000
17.305428,-0.099500,0.000000,0.000000,0.000000,0.000000,0.000000
17.315428,-0.099500,0.000000,0.000000,0.000000,0.000000,0.000000
17.325428,-0.099500,0.000000,0.000000,0.000000,0.000000,0.000000
17.335428,-0.098000,0.000000,0.000000,0.000000,0.000000,0.000000
17.345428,-0.098000,0.000000,0.000000,0.000000,0.000000,0.000000
17.355428,-0.098000,0.000000,0.000000,0.000000,0.000000,0.000000
17.365428,-0.096500,0.000000,0.000000,0.000000,0.000000,0.000000
17.375428,-0.096500,0.000000,0.000000,0.000000,0.000000,0.000000
17.385428,-0.096500,0.000000,0.000000,0.000000,0.000000,0.000000
17.395428,-0.096500,0.000000,0.000000,0.000000,0.000000,0.000000
17.405428,-0.095500,0.000000,0.000000,0.000000,0.000000,0.000000
17.415428,-0.094000,0.000000,0.000000,0.000000,0.000000,0.000000
17.425428,-0.094000,0.000000,0.000000,0.000000,0.000000,0.000000
17.435428,-0.094000,0.000000,0.000000,0.000000,0.000000,0.000000
17.445428,-0.092500,0.000000,0.000000,0.000000,0.000000,0.000000
17.455428,-0.092500,0.000000,0.000000,0.000000,0.000000,0.000000
17.465428,-0.092500,0.000000,0.000000,0.000000,0.000000,0.000000
17.475428,-0.092500,0.000000,0.000000,0.000000,0.000000,0.000000
17.485428,-0.091000,0.000000,0.000000,0.000000,0.000000,0.000000
17.495428,-0.091000,0.000000,0.000000,0.000000,0.000000,0.000000
17.505428,-0.091000,0.000000,0.000000,0.000000,0.000000,0.000000
17.515428,-0.090000,0.000000,0.000000,0.000000,0.000000,0.000000
17.525428,-0.088500,0.000000,0.000000,0.000000,0.000000,0.000000
17.535428,-0.088500,0.000000,0.000000,0.000000,0.000000,0.000000
17.545428,-0.088500,0.000000,0.000000,0.000000,0.000000,0.000000
17.555428,-0.088500,0.000000,0.000000,0.000000,0.000000,0.000000
17.565428,-0.087500,0.000000,0.000000,0.000000,0.000000,0.000000
17.575428,-0.085500,0.000000,0.000000,0.000000,0.000000,0.000000
17.585428,-0.085500,0.000000,0.000000,0.000000,0.000000,0.000000
17.595428,-0.085500,0.000000,0.000000,0.000000,0.000000,0.000000
17.605428,-0.085500,0.000000,0.000000,0.000000,0.000000,0.000000
17.615428,-0.084000,0.000000,0.000000,0.000000,0.000000,0.000000
17.625428,-0.084000,0.000000,0.000000,0.000000,0.000000,0.000000
17.635428,-0.084000,0.000000,0.000000,0.000000,0.000000,0.000000
17.645428,-0.083000,0.000000,0.000000,0.000000,0.000000,0.000000
17.655428,-0.083000,0.000000,0.000000,0.000000,0.000000,0.000000
17.665428,-0.081500,0.000000,0.000000,0.000000,0.000000,0.000000
17.675428,-0.081500,0.000000,0.000000,0.000000,0.000000,0.000000
17.685428,-0.081500,0.000000,0.000000,0.000000,0.000000,0.000000
17.695428,-0.080000,0.000000,0.000000,0.000000,0.000000,0.000000
17.705428,-0.080000,0.000000,0.000000,0.000000,0.000000,0.000000
17.715428,-0.080000,0.000000,0.000000,0.000000,0.000000,0.000000
17.725428,-0.080000,0.000000,0.000000,0.000000,0.000000,0.000000
17.735428,-0.079000,0.000000,0.000000,0.000000,0.000000,0.000000
17.745428,-0.077500,0.000000,0.000000,0.000000,0.000000,0.000000
17.755428,-0.077500,0.000000,0.000000,0.000000,0.000000,0.000000
17.765428,-0.077500,0.000000,0.000000,0.000000,0.000000,0.000000
17.775428,-0.076000,0.000000,0.000000,0.000000,0.000000,0.000000
17.785428,-0.076000,0.000000,0.000000,0.000000,0.000000,0.000000
17.795428,-0.076000,0.000000,0.000000,0.000000,0.000000,0.000000
17.805428,-0.076000,0.000000,0.000000,0.000000,0.000000,0.000000
17.815428,-0.074500,0.000000,0.000000,0.000000,0.000000,0.000000
17.825428,-0.074500,0.000000,0.000000,0.000000,0.000000,0.000000
17.835428,-0.073000,0.000000,0.000000,0.000000,0.000000,0.000000
17.845428,-0.073000,0.000000,0.000000,0.000000,0.000000,0.000000
17.855428,-0.073000,0.000000,0.000000,0.000000,0.000000,0.000000
17.865428,-0.072000,0.000000,0.000000,0.000000,0.000000,0.000000
17.875428,-0.072000,0.000000,0.000000,0.000000,0.000000,0.000000
17.885428,-0.072000,0.000000,0.000000,0.000000,0.000000,0.000000
17.895428,-0.070500,0.000000,0.000000,0.000000,0.000000,0.000000
17.905428,-0.070500,0.000000,0.000000,0.000000,0.000000,0.000000
17.915428,-0.070500,0.000000,0.000000,0.000000,0.000000,0.000000
17.925428,-0.069000,0.000000,0.000000,0.000000,0.000000,0.000000
17.935428,-0.069000,0.000000,0.000000,0.000000,0.000000,0.000000
17.945428,-0.067500,0.000000,0.000000,0.000000,0.000000,0.000000
17.955428,-0.067500,0.000000,0.000000,0.000000,0.000000,0.000000
17.965428,-0.067500,0.000000,0.000000,0.000000,0.000000,0.000000
17.975428,-0.066500,0.000000,0.000000,0.000000,0.000000,0.000000
17.985428,-0.066500,0.000000,0.000000,0.000000,0.000000,0.000000
17.995428,-0.065000,0.000000,0.000000,0.000000,0.000000,0.000000
18.005428,-0.065000,0.000000,0.000000,0.000000,0.000000,0.000000
18.015428,-0.065000,0.000000,0.000000,0.000000,0.000000,0.000000
18.025428,-0.063500,0.000000,0.000000,0.000000,0.000000,0.000000
18.035428,-0.063500,0.000000,0.000000,0.000000,0.000000,0.000000
18.045428,-0.063500,0.000000,0.000000,0.000000,0.000000,0.000000
18.055428,-0.062000,0.000000,0.000000,0.000000,0.000000,0.000000
18.065428,-0.062000,0.000000,0.000000,0.000000,0.000000,0.000000
18.075428,-0.062000,0.000000,0.000000,0.000000,0.000000,0.000000
18.085428,-0.062000,0.000000,0.000000,0.000000,0.000000,0.000000
18.095428,-0.061000,0.000000,0.000000,0.000000,0.000000,0.000000
18.105428,-0.059500,0.000000,0.000000,0.000000,0.000000,0.000000
18.115428,-0.059500,0.000000,0.000000,0.000000,0.000000,0.000000
18.125428,-0.059500,0.000000,0.000000,0.000000,0.000000,0.000000
18.135428,-0.058000,0.000000,0.000000,0.000000,0.000000,0.000000
18.145428,-0.058000,0.000000,0.000000,0.000000,0.000000,0.000000
18.155428,-0.058000,0.000000,0.000000,0.000000,0.000000,0.000000
18.165428,-0.058000,0.000000,0.000000,0.000000,0.000000,0.000000
18.175428,-0.057000,0.000000,0.000000,0.000000,0.000000,0.000000
18.185428,-0.055000,0.000000,0.000000,0.000000,0.000000,0.000000
18.195428,-0.055000,0.000000,0.000000,0.000000,0.000000,0.000000
18.205428,-0.055000,0.000000,0.000000,0.000000,0.000000,0.000000
18.215428,-0.055000,0.000000,0.000000,0.000000,0.000000,0.000000
18.225428,-0.053500,0.000000,0.000000,0.000000,0.000000,0.000000
18.235428,-0.053500,0.000000,0.000000,0.000000,0.000000,0.000000
18.245428,-0.053500,0.000000,0.000000,0.000000,0.000000,0.000000
18.255428,-0.052500,0.000000,0.000000,0.000000,0.000000,0.000000
18.265428,-0.052500,0.000000,0.000000,0.000000,0.000000,0.000000
18.275428,-0.051000,0.000000,0.000000,0.000000,0.000000,0.000000
18.285428,-0.051000,0.000000,0.000000,0.000000,0.000000,0.000000
18.295428,-0.051000,0.000000,0.000000,0.000000,0.000000,0.000000
18.305428,-0.051000,0.000000,0.000000,0.000000,0.000000,0.000000
18.315428,-0.049500,0.000000,0.000000,0.000000,0.000000,0.000000
18.325428,-0.049500,0.000000,0.000000,0.000000,0.000000,0.000000
18.335428,-0.049500,0.000000,0.000000,0.000000,0.000000,0.000000
18.345428,-0.048000,0.000000,0.000000,0.000000,0.000000,0.000000
18.355428,-0.048000,0.000000,0.000000,0.000000,0.000000,0.000000
18.365428,-0.046500,0.000000,0.000000,0.000000,0.000000,0.000000
18.375428,-0.046500,0.000000,0.000000,0.000000,0.000000,0.000000
18.385428,-0.046500,0.000000,0.000000,0.000000,0.000000,0.000000
18.395428,-0.044500,0.000000,0.000000,0.000000,0.000000,0.000000
18.405428,-0.044500,0.000000,0.000000,0.000000,0.000000,0.000000
18.415428,-0.044500,0.000000,0.000000,0.000000,0.000000,0.000000
18.425428,-0.044500,0.000000,0.000000,0.000000,0.000000,0.000000
18.435428,-0.043500,0.000000,0.000000,0.000000,0.000000,0.000000
18.445428,-0.043500,0.000000,0.000000,0.000000,0.000000,0.000000
18.455428,-0.043500,0.000000,0.000000,0.000000,0.000000,0.000000
18.465428,-0.042000,0.000000,0.000000,0.000000,0.000000,0.000000
18.475428,-0.042000,0.000000,0.000000,0.000000,0.000000,0.000000
18.485428,-0.041000,0.000000,0.000000,0.000000,0.000000,0.000000
18.495428,-0.041000,0.000000,0.000000,0.000000,0.000000,0.000000
18.505428,-0.040000,0.000000,0.000000,0.000000,0.000000,0.000000
18.515428,-0.040000,0.000000,0.000000,0.000000,0.000000,0.000000
18.525428,-0.038500,0.000000,0.000000,0.000000,0.000000,0.000000
18.535428,-0.038500,0.000000,0.000000,0.000000,0.000000,0.000000
18.545428,-0.038500,0.000000,0.000000,0.000000,0.000000,0.000000
18.555428,-0.038500,0.000000,0.000000,0.000000,0.000000,0.000000
18.565428,-0.037000,0.000000,0.000000,0.000000,0.000000,0.000000
18.575428,-0.037000,0.000000,0.000000,0.000000,0.000000,0.000000
18.585428,-0.035500,0.000000,0.000000,0.000000,0.000000,0.000000
18.595428,-0.035500,0.000000,0.000000,0.000000,0.000000,0.000000
18.605428,-0.035500,0.000000,0.000000,0.000000,0.000000,0.000000
18.615428,-0.035500,0.000000,0.000000,0.000000,0.000000,0.000000
18.625428,-0.034000,0.000000,0.000000,0.000000,0.000000,0.000000
18.635428,-0.034000,0.000000,0.000000,0.000000,0.000000,0.000000
18.645428,-0.032500,0.000000,0.000000,0.000000,0.000000,0.000000
18.655428,-0.032500,0.000000,0.000000,0.000000,0.000000,0.000000
18.665428,-0.032500,0.000000,0.000000,0.000000,0.000000,0.000000
18.675428,-0.032500,0.000000,0.000000,0.000000,0.000000,0.000000
18.685428,-0.031000,0.000000,0.000000,0.000000,0.000000,0.000000
18.695428,-0.031000,0.000000,0.000000,0.000000,0.000000,0.000000
18.705428,-0.031000,0.000000,0.000000,0.000000,0.000000,0.000000
18.715428,-0.029500,0.000000,0.000000,0.000000,0.000000,0.000000
18.725428,-0.029500,0.000000,0.000000,0.000000,0.000000,0.000000
18.735428,-0.029500,0.000000,0.000000,0.000000,0.000000,0.000000
18.745428,-0.028000,0.000000,0.000000,0.000000,0.000000,0.000000
18.755428,-0.028000,0.000000,0.000000,0.000000,0.000000,0.000000
18.765428,-0.027000,0.000000,0.000000,0.000000,0.000000,0.000000
18.775428,-0.027000,0.000000,0.000000,0.000000,0.000000,0.000000
18.785428,-0.025500,0.000000,0.000000,0.000000,0.000000,0.000000
18.795428,-0.025500,0.000000,0.000000,0.000000,0.000000,0.000000
18.805428,-0.025500,0.000000,0.000000,0.000000,0.000000,0.000000
18.815428,-0.024000,0.000000,0.000000,0.000000,0.000000,0.000000
18.825428,-0.024000,0.000000,0.000000,0.000000,0.000000,0.000000
18.835428,-0.024000,0.000000,0.000000,0.000000,0.000000,0.000000
18.845428,-0.022500,0.000000,0.000000,0.000000,0.000000,0.000000
18.855428,-0.022500,0.000000,0.000000,0.000000,0.000000,0.000000
18.865428,-0.022500,0.000000,0.000000,0.000000,0.000000,0.000000
18.875428,-0.022500,0.000000,0.000000,0.000000,0.000000,0.000000
18.885428,-0.021000,0.000000,0.000000,0.000000,0.000000,0.000000
18.895428,-0.021000,0.000000,0.000000,0.000000,0.000000,0.000000
18.905428,-0.020000,0.000000,0.000000,0.000000,0.000000,0.000000
18.915428,-0.020000,0.000000,0.000000,0.000000,0.000000,0.000000
18.925428,-0.018500,0.000000,0.000000,0.000000,0.000000,0.000000
18.935428,-0.018500,0.000000,0.000000,0.000000,0.000000,0.000000
18.945428,-0.018500,0.000000,0.000000,0.000000,0.000000,0.000000
18.955428,-0.017000,0.000000,0.000000,0.000000,0.000000,0.000000
18.965428,-0.017000,0.000000,0.000000,0.000000,0.000000,0.000000
18.975428,-0.017000,0.000000,0.000000,0.000000,0.000000,0.000000
18.985428,-0.016000,0.000000,0.000000,0.000000,0.000000,0.000000
18.995428,-0.016000,0.000000,0.000000,0.000000,0.000000,0.000000
19.005428,-0.014500,0.000000,0.000000,0.000000,0.000000,0.000000
19.015428,-0.014500,0.000000,0.000000,0.000000,0.000000,0.000000
19.025428,-0.014500,0.000000,0.000000,0.000000,0.000000,0.000000
19.035428,-0.013000,0.000000,0.000000,0.000000,0.000000,0.000000
19.045428,-0.013000,0.000000,0.000000,0.000000,0.000000,0.000000
19.055428,-0.013000,0.000000,0.000000,0.000000,0.000000,0.000000
19.065428,-0.011500,0.000000,0.000000,0.000000,0.000000,0.000000
19.075428,-0.011500,0.000000,0.000000,0.000000,0.000000,0.000000
19.085428,-0.011500,0.000000,0.000000,0.000000,0.000000,0.000000
19.095428,-0.011500,0.000000,0.000000,0.000000,0.000000,0.000000
19.105428,-0.010000,0.000000,0.000000,0.000000,0.000000,0.000000
19.115428,-0.010000,0.000000,0.000000,0.000000,0.000000,0.000000
19.125428,-0.008500,0.000000,0.000000,0.000000,0.000000,0.000000
19.135428,-0.008500,0.000000,0.000000,0.000000,0.000000,0.000000
19.145428,-0.008500,0.000000,0.000000,0.000000,0.000000,0.000000
19.155428,-0.007500,0.000000,0.000000,0.000000,0.000000,0.000000
19.165428,-0.007500,0.000000,0.000000,0.000000,0.000000,0.000000
19.175428,-0.006000,0.000000,0.000000,0.000000,0.000000,0.000000
19.185428,-0.006000,0.000000,0.000000,0.000000,0.000000,0.000000
19.195428,-0.006000,0.000000,0.000000,0.000000,0.000000,0.000000
19.205428,-0.006000,0.000000,0.000000,0.000000,0.000000,0.000000
19.215428,-0.004500,0.000000,0.000000,0.000000,0.000000,0.000000
19.225428,-0.004500,0.000000,0.000000,0.000000,0.000000,0.000000
19.235428,-0.004500,0.000000,0.000000,0.000000,0.000000,0.000000
19.245428,-0.003000,0.000000,0.000000,0.000000,0.000000,0.000000
19.255428,-0.003000,0.000000,0.000000,0.000000,0.000000,0.000000
19.265428,-0.003000,0.000000,0.000000,0.000000,0.000000,0.000000
19.275428,-0.001500,0.000000,0.000000,0.000000,0.000000,0.000000
19.285428,-0.001500,0.000000,0.000000,0.000000,0.000000,0.000000
19.295428,0.000000,0.000000,0.000000,0.000000,0.000000,0.000000
19.305428,0.000000,0.000000,0.000000,0.000000,0.000000,0.000000
19.315428,0.000000,0.000000,0.000000,0.000000,0.000000,0.000000
19.325428,0.000000,0.000000,0.000000,0.000000,0.000000,0.000000
19.335428,0.000000,0.000000,0.000000,0.000000,0.000000,0.000000
19.345428,0.000000,0.000000,0.000000,0.000000,0.000000,0.000000
19.355428,0.000000,0.000000,0.000000,0.000000,0.000000,0.000000
19.365428,0.000000,0.000000,0.000000,0.000000,0.000000,0.000000
19.375428,0.000000,0.000000,0.000000,0.000000,0.000000,0.000000
19.385428,0.000000,0.000000,0.000000,0.000000,0.000000,0.000000
19.395428,0.000000,0.000000,0.000000,0.000000,0.000000,0.000000
19.405428,0.000000,0.000000,0.000000,0.000000,0.000000,0.000000
19.415428,0.000000,0.000000,0.000000,0.000000,0.000000,0.000000
19.425428,0.000000,0.000000,0.000000,0.000000,0.000000,0.000000
19.435428,0.000000,0.000000,0.000000,0.000000,0.000000,0.000000
19.445428,0.000000,0.000000,0.000000,0.000000,0.000000,0.000000
19.455428,0.000000,0.000000,0.000000,0.000000,0.000000,0.000000
19.465428,0.000000,0.000000,0.000000,0.000000,0.000000,0.000000
19.475428,0.000000,0.000000,0.000000,0.000000,0.000000,0.000000
19.485428,0.000000,0.000000,0.000000,0.000000,0.000000,0.000000
19.495428,0.000000,0.000000,0.000000,0.000000,0.000000,0.000000
19.505428,0.000000,0.000000,0.000000,0.000000,0.000000,0.000000
19.515428,0.000000,0.000000,0.000000,0.000000,0.000000,0.000000
19.525428,0.000000,0.000000,0.000000,0.000000,0.000000,0.000000
19.535428,0.000000,0.000000,0.000000,0.000000,0.000000,0.000000
19.545428,0.000000,0.000000,0.000000,0.000000,0.000000,0.000000
19.555428,0.000000,0.000000,0.000000,0.000000,0.000000,0.000000
19.565428,0.000000,0.000000,0.000000,0.000000,0.000000,0.000000
19.575428,0.000000,0.000000,0.000000,0.000000,0.000000,0.000000
19.585428,0.000000,0.000000,0.000000,0.000000,0.000000,0.000000
19.595428,0.000000,0.000000,0.000000,0.000000,0.000000,0.000000
19.605428,0.000000,0.000000,0.000000,0.000000,0.000000,0.000000
19.615428,0.000000,0.000000,0.000000,0.000000,0.000000,0.000000
19.625428,0.000000,0.000000,0.000000,0.000000,0.000000,0.000000
19.635428,0.000000,0.000000,0.000000,0.000000,0.000000,0.000000
19.645428,0.000000,0.000000,0.000000,0.000000,0.000000,0.000000
19.655428,0.000000,0.000000,0.000000,0.000000,0.000000,0.000000
19.665428,0.000000,0.000000,0.000000,0.000000,0.000000,0.000000
19.675428,0.000000,0.000000,0.000000,0.000000,0.000000,0.000000
19.685428,0.000000,0.000000,0.000000,0.000000,0.000000,0.000000
19.695428,0.000000,0.000000,0.000000,0.000000,0.000000,0.000000
19.705428,0.000000,0.000000,0.000000,0.000000,0.000000,0.000000
19.715428,0.000000,0.000000,0.000000,0.000000,0.000000,0.000000
19.725428,0.000000,0.000000,0.000000,0.000000,0.000000,0.000000
19.735428,0.000000,0.000000,0.000000,0.000000,0.000000,0.000000
19.745428,0.000000,0.000000,0.000000,0.000000,0.000000,0.000000
19.755428,0.000000,0.000000,0.000000,0.000000,0.000000,0.000000
19.765428,0.000000,0.000000,0.000000,0.000000,0.000000,0.000000
19.775428,0.000000,0.000000,0.000000,0.000000,0.000000,0.000000
19.785428,0.000000,0.000000,0.000000,0.000000,0.000000,0.000000
19.795428,0.000000,0.000000,0.000000,0.000000,0.000000,0.000000
19.805428,0.000000,0.000000,0.000000,0.000000,0.000000,0.000000
19.815428,0.000000,0.000000,0.000000,0.000000,0.000000,0.000000
19.825428,0.000000,0.000000,0.000000,0.000000,0.000000,0.000000
19.835428,0.000000,0.000000,0.000000,0.000000,0.000000,0.000000
19.845428,0.000000,0.000000,0.000000,0.000000,0.000000,0.000000
19.855428,0.000000,0.000000,0.000000,0.000000,0.000000,0.000000
19.865428,0.000000,0.000000,0.000000,0.000000,0.000000,0.000000
19.875428,0.000000,0.000000,0.000000,0.000000,0.000000,0.000000
19.885428,0.000000,0.000000,0.000000,0.000000,0.000000,0.000000
19.895428,0.000000,0.000000,0.000000,0.000000,0.000000,0.000000
19.905428,0.000000,0.000000,0.000000,0.000000,0.000000,0.000000
19.915428,0.000000,0.000000,0.000000,0.000000,0.000000,0.000000
19.925428,0.000000,0.000000,0.000000,0.000000,0.000000,0.000000
19.935428,0.000000,0.000000,0.000000,0.000000,0.000000,0.000000
19.945428,0.000000,0.000000,0.000000,0.000000,0.000000,0.000000
19.955428,0.000000,0.000000,0.000000,0.000000,0.000000,0.000000
19.965428,0.000000,0.000000,0.000000,0.000000,0.000000,0.000000
19.975428,0.000000,0.000000,0.000000,0.000000,0.000000,0.000000
19.985428,0.000000,0.000000,0.000000,0.000000,0.000000,0.000000
19.995428,0.000000,0.000000,0.000000,0.000000,0.000000,0.000000
20.005428,0.000000,0.000000,0.000000,0.000000,0.000000,0.000000
20.015428,0.000000,0.000000,0.000000,0.000000,0.000000,0.000000
20.025428,0.000000,0.000000,0.000000,0.000000,0.000000,0.000000
20.035428,0.000000,0.000000,0.000000,0.000000,0.000000,0.000000
20.045428,0.000000,0.000000,0.000000,0.000000,0.000000,0.000000
20.055428,0.000000,0.000000,0.000000,0.000000,0.000000,0.000000
20.065428,0.000000,0.000000,0.000000,0.000000,0.000000,0.000000
20.075428,0.000000,0.000000,0.000000,0.000000,0.000000,0.000000
20.085428,0.000000,0.000000,0.000000,0.000000,0.000000,0.000000
20.095428,0.000000,0.000000,0.000000,0.000000,0.000000,0.000000
20.105428,0.000000,0.000000,0.000000,0.000000,0.000000,0.000000
20.115428,0.000000,0.000000,0.000000,0.000000,0.000000,0.000000
20.125428,0.000000,0.000000,0.000000,0.000000,0.000000,0.000000
20.135428,0.000000,0.000000,0.000000,0.000000,0.000000,0.000000
20.145428,0.000000,0.000000,0.000000,0.000000,0.000000,0.000000
20.155428,0.000000,0.000000,0.000000,0.000000,0.000000,0.000000
20.165428,0.000000,0.000000,0.000000,0.000000,0.000000,0.000000
20.175428,0.000000,0.000000,0.000000,0.000000,0.000000,0.000000
20.185428,0.000000,0.000000,0.000000,0.000000,0.000000,0.000000
20.195428,0.000000,0.000000,0.000000,0.000000,0.000000,0.000000
20.205428,0.000000,0.000000,0.000000,0.000000,0.000000,0.000000
20.215428,0.000000,0.000000,0.000000,0.000000,0.000000,0.000000
20.225428,0.000000,0.000000,0.000000,0.000000,0.000000,0.000000
20.235428,0.000000,0.000000,0.000000,0.000000,0.000000,0.000000
20.245428,0.000000,0.000000,0.000000,0.000000,0.000000,0.000000
20.255428,0.000000,0.000000,0.000000,0.000000,0.000000,0.000000
20.265428,0.000000,0.000000,0.000000,0.000000,0.000000,0.000000
20.275428,0.000000,0.000000,0.000000,0.000000,0.000000,0.000000
20.285428,0.000000,0.000000,0.000000,0.000000,0.000000,0.000000
20.295428,0.000000,0.000000,0.000000,0.000000,0.000000,0.000000
20.305428,0.000000,0.000000,0.000000,0.000000,0.000000,0.000000
20.315428,0.000000,0.000000,0.000000,0.000000,0.000000,0.000000
20.325428,0.000000,0.000000,0.000000,0.000000,0.000000,0.000000
20.335428,0.000000,0.000000,0.000000,0.000000,0.000000,0.000000
20.345428,0.000000,0.000000,0.000000,0.000000,0.000000,0.000000
20.355428,0.000000,0.000000,0.000000,0.000000,0.000000,0.000000
20.365428,0.000000,0.000000,0.000000,0.000000,0.000000,0.000000
20.375428,0.000000,0.000000,0.000000,0.000000,0.000000,0.000000
20.385428,0.000000,0.000000,0.000000,0.000000,0.000000,0.000000
20.395428,0.000000,0.000000,0.000000,0.000000,0.000000,0.000000
20.405428,0.000000,0.000000,0.000000,0.000000,0.000000,0.000000
20.415428,0.000000,0.000000,0.000000,0.000000,0.000000,0.000000
20.425428,0.000000,0.000000,0.000000,0.000000,0.000000,0.000000
20.435428,0.000000,0.000000,0.000000,0.000000,0.000000,0.000000
20.445428,0.000000,0.000000,0.000000,0.000000,0.000000,0.000000
20.455428,0.000000,0.000000,0.000000,0.000000,0.000000,0.000000
20.465428,0.000000,0.000000,0.000000,0.000000,0.000000,0.000000
20.475428,0.000000,0.000000,0.000000,0.000000,0.000000,0.000000
20.485428,0.000000,0.000000,0.000000,0.000000,0.000000,0.000000
20.495428,0.000000,0.000000,0.000000,0.000000,0.000000,0.000000
20.505428,0.000000,0.000000,0.000000,0.000000,0.000000,0.000000
20.515428,0.000000,0.000000,0.000000,0.000000,0.000000,0.000000
20.525428,0.000000,0.000000,0.000000,0.000000,0.000000,0.000000
20.535428,0.000000,0.000000,0.000000,0.000000,0.000000,0.000000
20.545428,0.000000,0.000000,0.000000,0.000000,0.000000,0.000000
20.555428,0.000000,0.000000,0.000000,0.000000,0.000000,0.000000
20.565428,0.000000,0.000000,0.000000,0.000000,0.000000,0.000000
20.575428,0.000000,0.000000,0.000000,0.000000,0.000000,0.000000
20.585428,0.000000,0.000000,0.000000,0.000000,0.000000,0.000000
20.595428,0.000000,0.000000,0.000000,0.000000,0.000000,0.000000
20.605428,0.000000,0.000000,0.000000,0.000000,0.000000,0.000000
20.615428,0.000000,0.000000,0.000000,0.000000,0.000000,0.000000
20.625428,0.000000,0.000000,0.000000,0.000000,0.000000,0.000000
20.635428,0.000000,0.000000,0.000000,0.000000,0.000000,0.000000
20.645428,0.000000,0.000000,0.000000,0.000000,0.000000,0.000000
20.655428,0.000000,0.000000,0.000000,0.000000,0.000000,0.000000
20.665428,0.000000,0.000000,0.000000,0.000000,0.000000,0.000000
20.675428,0.000000,0.000000,0.000000,0.000000,0.000000,0.000000
20.685428,0.000000,0.000000,0.000000,0.000000,0.000000,0.000000
20.695428,0.000000,0.000000,0.000000,0.000000,0.000000,0.000000
20.705428,0.000000,0.000000,0.000000,0.000000,0.000000,0.000000
20.715428,0.000000,0.000000,0.000000,0.000000,0.000000,0.000000
20.725428,0.000000,0.000000,0.000000,0.000000,0.000000,0.000000
20.735428,0.000000,0.000000,0.000000,0.000000,0.000000,0.000000
20.745428,0.000000,0.000000,0.000000,0.000000,0.000000,0.000000
20.755428,0.000000,0.000000,0.000000,0.000000,0.000000,0.000000
20.765428,0.000000,0.000000,0.000000,0.000000,0.000000,0.000000
20.775428,0.000000,0.000000,0.000000,0.000000,0.000000,0.000000
20.785428,0.000000,0.000000,0.000000,0.000000,0.000000,0.000000
20.795428,0.000000,0.000000,0.000000,0.000000,0.000000,0.000000
20.805428,0.000000,0.000000,0.000000,0.000000,0.000000,0.000000
20.815428,0.000000,0.000000,0.000000,0.000000,0.000000,0.000000
20.825428,0.000000,0.000000,0.000000,0.000000,0.000000,0.000000
20.835428,0.000000,0.000000,0.000000,0.000000,0.000000,0.000000
20.845428,0.000000,0.000000,0.000000,0.000000,0.000000,0.000000
20.855428,0.000000,0.000000,0.000000,0.000000,0.000000,0.000000
20.865428,0.000000,0.000000,0.000000,0.000000,0.000000,0.000000
20.875428,0.000000,0.000000,0.000000,0.000000,0.000000,0.000000
20.885428,0.000000,0.000000,0.000000,0.000000,0.000000,0.000000
20.895428,0.000000,0.000000,0.000000,0.000000,0.000000,0.000000
20.905428,0.000000,0.000000,0.000000,0.000000,0.000000,0.000000
20.915428,0.000000,0.000000,0.000000,0.000000,0.000000,0.000000
20.925428,0.000000,0.000000,0.000000,0.000000,0.000000,0.000000
20.935428,0.000000,0.000000,0.000000,0.000000,0.000000,0.000000
20.945428,0.000000,0.000000,0.000000,0.000000,0.000000,0.000000
20.955428,0.000000,0.000000,0.000000,0.000000,0.000000,0.000000
20.965428,0.000000,0.000000,0.000000,0.000000,0.000000,0.000000
20.975428,0.000000,0.000000,0.000000,0.000000,0.000000,0.000000
20.985428,0.000000,0.000000,0.000000,0.000000,0.000000,0.000000
20.995428,0.000000,0.000000,0.000000,0.000000,0.000000,0.000000
21.005428,0.000000,0.000000,0.000000,0.000000,0.000000,0.000000
21.015428,0.000000,0.000000,0.000000,0.000000,0.000000,0.000000
21.025428,0.000000,0.000000,0.000000,0.000000,0.000000,0.000000
21.035428,0.000000,0.000000,0.000000,0.000000,0.000000,0.000000
21.045428,0.000000,0.000000,0.000000,0.000000,0.000000,0.000000
21.055428,0.000000,0.000000,0.000000,0.000000,0.000000,0.000000
21.065428,0.000000,0.000000,0.000000,0.000000,0.000000,0.000000
21.075428,0.000000,0.000000,0.000000,0.000000,0.000000,0.000000
21.085428,0.000000,0.000000,0.000000,0.000000,0.000000,0.000000
21.095428,0.000000,0.000000,0.000000,0.000000,0.000000,0.000000
21.105428,0.000000,0.000000,0.000000,0.000000,0.000000,0.000000
21.115428,0.000000,0.000000,0.000000,0.000000,0.000000,0.000000
21.125428,0.000000,0.000000,0.000000,0.000000,0.000000,0.000000
21.135428,0.000000,0.000000,0.000000,0.000000,0.000000,0.000000
21.145428,0.000000,0.000000,0.000000,0.000000,0.000000,0.000000
21.155428,0.000000,0.000000,0.000000,0.000000,0.000000,0.000000
21.165428,0.000000,0.000000,0.000000,0.000000,0.000000,0.000000
21.175428,0.000000,0.000000,0.000000,0.000000,0.000000,0.000000
21.185428,0.000000,0.000000,0.000000,0.000000,0.000000,0.000000
21.195428,0.000000,0.000000,0.000000,0.000000,0.000000,0.000000
21.205428,0.000000,0.000000,0.000000,0.000000,0.000000,0.000000
21.215428,0.000000,0.000000,0.000000,0.000000,0.000000,0.000000
21.225428,0.000000,0.000000,0.000000,0.000000,0.000000,0.000000
21.235428,0.000000,0.000000,0.000000,0.000000,0.000000,0.000000
21.245428,0.000000,0.000000,0.000000,0.000000,0.000000,0.000000
21.255428,0.000000,0.000000,0.000000,0.000000,0.000000,0.000000
21.265428,0.000000,0.000000,0.000000,0.000000,0.000000,0.000000
21.275428,0.000000,0.000000,0.000000,0.000000,0.000000,0.000000
21.285428,0.000000,0.000000,0.000000,0.000000,0.000000,0.000000
21.295428,0.000000,0.000000,0.000000,0.000000,0.000000,0.000000
21.305428,0.000000,0.000000,0.000000,0.000000,0.000000,0.000000
21.315428,0.000000,0.000000,0.000000,0.000000,0.000000,0.000000
21.325428,0.000000,0.000000,0.000000,0.000000,0.000000,0.000000
21.335428,0.000000,0.000000,0.000000,0.000000,0.000000,0.000000
21.345428,0.000000,0.000000,0.000000,0.000000,0.000000,0.000000
21.355428,0.000000,0.000000,0.000000,0.000000,0.000000,0.000000
21.365428,0.000000,0.000000,0.000000,0.000000,0.000000,0.000000
21.375428,0.000000,0.000000,0.000000,0.000000,0.000000,0.000000
21.385428,0.000000,0.000000,0.000000,0.000000,0.000000,0.000000
21.395428,0.000000,0.000000,0.000000,0.000000,0.000000,0.000000
21.405428,0.000000,0.000000,0.000000,0.000000,0.000000,0.000000
21.415428,0.000000,0.000000,0.000000,0.000000,0.000000,0.000000
21.425428,0.000000,0.000000,0.000000,0.000000,0.000000,0.000000
21.435428,0.000000,0.000000,0.000000,0.000000,0.000000,0.000000
21.445428,0.000000,0.000000,0.000000,0.000000,0.000000,0.000000
21.455428,0.000000,0.000000,0.000000,0.000000,0.000000,0.000000
21.465428,0.000000,0.000000,0.000000,0.000000,0.000000,0.000000
21.475428,0.000000,0.000000,0.000000,0.000000,0.000000,0.000000
21.485428,0.000000,0.000000,0.000000,0.000000,0.000000,0.000000
21.495428,0.000000,0.000000,0.000000,0.000000,0.000000,0.000000
21.505428,0.000000,0.000000,0.000000,0.000000,0.000000,0.000000
21.515428,0.000000,0.000000,0.000000,0.000000,0.000000,0.000000
21.525428,0.000000,0.000000,0.000000,0.000000,0.000000,0.000000
21.535428,0.000000,0.000000,0.000000,0.000000,0.000000,0.000000
21.545428,0.000000,0.000000,0.000000,0.000000,0.000000,0.000000
21.555428,0.000000,0.000000,0.000000,0.000000,0.000000,0.000000
21.565428,0.000000,0.000000,0.000000,0.000000,0.000000,0.000000
21.575428,0.000000,0.000000,0.000000,0.000000,0.000000,0.000000
21.585428,0.000000,0.000000,0.000000,0.000000,0.000000,0.000000
21.595428,0.000000,0.000000,0.000000,0.000000,0.000000,0.000000
21.605428,0.000000,0.000000,0.000000,0.000000,0.000000,0.000000
21.615428,0.000000,0.000000,0.000000,0.000000,0.000000,0.000000
21.625428,0.000000,0.000000,0.000000,0.000000,0.000000,0.000000
21.635428,0.000000,0.000000,0.000000,0.000000,0.000000,0.000000
21.645428,0.000000,0.000000,0.000000,0.000000,0.000000,0.000000
21.655428,0.000000,0.000000,0.000000,0.000000,0.000000,0.000000
21.665428,0.000000,0.000000,0.000000,0.000000,0.000000,0.000000
21.675428,0.000000,0.000000,0.000000,0.000000,0.000000,0.000000
21.685428,0.000000,0.000000,0.000000,0.000000,0.000000,0.000000
21.695428,0.000000,0.000000,0.000000,0.000000,0.000000,0.000000
21.705428,0.000000,0.000000,0.000000,0.000000,0.000000,0.000000
21.715428,0.000000,0.000000,0.000000,0.000000,0.000000,0.000000
21.725428,0.000000,0.000000,0.000000,0.000000,0.000000,0.000000
21.735428,0.000000,0.000000,0.000000,0.000000,0.000000,0.000000
21.745428,0.000000,0.000000,0.000000,0.000000,0.000000,0.000000
21.755428,0.000000,0.000000,0.000000,0.000000,0.000000,0.000000
21.765428,0.000000,0.000000,0.000000,0.000000,0.000000,0.000000
21.775428,0.000000,0.000000,0.000000,0.000000,0.000000,0.000000
21.785428,0.000000,0.000000,0.000000,0.000000,0.000000,0.000000
21.795428,0.000000,0.000000,0.000000,0.000000,0.000000,0.000000
21.805428,0.000000,0.000000,0.000000,0.000000,0.000000,0.000000
21.815428,0.000000,0.000000,0.000000,0.000000,0.000000,0.000000
21.825428,0.000000,0.000000,0.000000,0.000000,0.000000,0.000000
21.835428,0.000000,0.000000,0.000000,0.000000,0.000000,0.000000
21.845428,0.000000,0.000000,0.000000,0.000000,0.000000,0.000000
21.855428,0.000000,0.000000,0.000000,0.000000,0.000000,0.000000
21.865428,0.000000,0.000000,0.000000,0.000000,0.000000,0.000000
21.875428,0.000000,0.000000,0.000000,0.000000,0.000000,0.000000
21.885428,0.000000,0.000000,0.000000,0.000000,0.000000,0.000000
21.895428,0.000000,0.000000,0.000000,0.000000,0.000000,0.000000
21.905428,0.000000,0.000000,0.000000,0.000000,0.000000,0.000000
21.915428,0.000000,0.000000,0.000000,0.000000,0.000000,0.000000
21.925428,0.000000,0.000000,0.000000,0.000000,0.000000,0.000000
21.935428,0.000000,0.000000,0.000000,0.000000,0.000000,0.000000
21.945428,0.000000,0.000000,0.000000,0.000000,0.000000,0.000000
21.955428,0.000000,0.000000,0.000000,0.000000,0.000000,0.000000
21.965428,0.000000,0.000000,0.000000,0.000000,0.000000,0.000000
21.975428,0.000000,0.000000,0.000000,0.000000,0.000000,0.000000
21.985428,0.000000,0.000000,0.000000,0.000000,0.000000,0.000000
21.995428,0.000000,0.000000,0.000000,0.000000,0.000000,0.000000
22.005428,0.000000,0.000000,0.000000,0.000000,0.000000,0.000000
22.015428,0.000000,0.000000,0.000000,0.000000,0.000000,0.000000
22.025428,0.000000,0.000000,0.000000,0.000000,0.000000,0.000000
22.035428,0.000000,0.000000,0.000000,0.000000,0.000000,0.000000
22.045428,0.000000,0.000000,0.000000,0.000000,0.000000,0.000000
22.055428,0.000000,0.000000,0.000000,0.000000,0.000000,0.000000
22.065428,0.000000,0.000000,0.000000,0.000000,0.000000,0.000000
22.075428,0.000000,0.000000,0.000000,0.000000,0.000000,0.000000
22.085428,0.000000,0.000000,0.000000,0.000000,0.000000,0.000000
22.095428,0.000000,0.000000,0.000000,0.000000,0.000000,0.000000
22.105428,0.000000,0.000000,0.000000,0.000000,0.000000,0.000000
22.115428,0.000000,0.000000,0.000000,0.000000,0.000000,0.000000
22.125428,0.000000,0.000000,0.000000,0.000000,0.000000,0.000000
22.135428,0.000000,0.000000,0.000000,0.000000,0.000000,0.000000
22.145428,0.000000,0.000000,0.000000,0.000000,0.000000,0.000000
22.155428,0.000000,0.000000,0.000000,0.000000,0.000000,0.000000
22.165428,0.000000,0.000000,0.000000,0.000000,0.000000,0.000000
22.175428,0.000000,0.000000,0.000000,0.000000,0.000000,0.000000
22.185428,0.000000,0.000000,0.000000,0.000000,0.000000,0.000000
22.195428,0.000000,0.000000,0.000000,0.000000,0.000000,0.000000
22.205428,0.000000,0.000000,0.000000,0.000000,0.000000,0.000000
22.215428,0.000000,0.000000,0.000000,0.000000,0.000000,0.000000
22.225428,0.000000,0.000000,0.000000,0.000000,0.000000,0.000000
22.235428,0.000000,0.000000,0.000000,0.000000,0.000000,0.000000
22.245428,0.000000,0.000000,0.000000,0.000000,0.000000,0.000000
22.255428,0.000000,0.000000,0.000000,0.000000,0.000000,0.000000
22.265428,0.000000,0.000000,0.000000,0.000000,0.000000,0.000000
22.275428,0.000000,0.000000,0.000000,0.000000,0.000000,0.000000
22.285428,0.000000,0.000000,0.000000,0.000000,0.000000,0.000000
22.295428,0.000000,0.000000,0.000000,0.000000,0.000000,0.000000
22.305428,0.000000,0.000000,0.000000,0.000000,0.000000,0.000000
22.315428,0.000000,0.000000,0.000000,0.000000,0.000000,0.000000
22.325428,0.000000,0.000000,0.000000,0.000000,0.000000,0.000000
22.335428,0.000000,0.000000,0.000000,0.000000,0.000000,0.000000
22.345428,0.000000,0.000000,0.000000,0.000000,0.000000,0.000000
22.355428,0.000000,0.000000,0.000000,0.000000,0.000000,0.000000
22.365428,0.000000,0.000000,0.000000,0.000000,0.000000,0.000000
22.375428,0.000000,0.000000,0.000000,0.000000,0.000000,0.000000
22.385428,0.000000,0.000000,0.000000,0.000000,0.000000,0.000000
22.395428,0.000000,0.000000,0.000000,0.000000,0.000000,0.000000
22.405428,0.000000,0.000000,0.000000,0.000000,0.000000,0.000000
22.415428,0.000000,0.000000,0.000000,0.000000,0.000000,0.000000
22.425428,0.000000,0.000000,0.000000,0.000000,0.000000,0.000000
22.435428,0.000000,0.000000,0.000000,0.000000,0.000000,0.000000
22.445428,0.000000,0.000000,0.000000,0.000000,0.000000,0.000000
22.455428,0.000000,0.000000,0.000000,0.000000,0.000000,0.000000
22.465428,0.000000,0.000000,0.000000,0.000000,0.000000,0.000000
22.475428,0.000000,0.000000,0.000000,0.000000,0.000000,0.000000
22.485428,0.000000,0.000000,0.000000,0.000000,0.000000,0.000000
22.495428,0.000000,0.000000,0.000000,0.000000,0.000000,0.000000
22.505428,0.000000,0.000000,0.000000,0.000000,0.000000,0.000000
22.515428,0.000000,0.000000,0.000000,0.000000,0.000000,0.000000
22.525428,0.000000,0.000000,0.000000,0.000000,0.000000,0.000000
22.535428,0.000000,0.000000,0.000000,0.000000,0.000000,0.000000
22.545428,0.000000,0.000000,0.000000,0.000000,0.000000,0.000000
22.555428,0.000000,0.000000,0.000000,0.000000,0.000000,0.000000
22.565428,0.000000,0.000000,0.000000,0.000000,0.000000,0.000000
22.575428,0.000000,0.000000,0.000000,0.000000,0.000000,0.000000
22.585428,0.000000,0.000000,0.000000,0.000000,0.000000,0.000000
22.595428,0.000000,0.000000,0.000000,0.000000,0.000000,0.000000
22.605428,0.000000,0.000000,0.000000,0.000000,0.000000,0.000000
22.615428,0.000000,0.000000,0.000000,0.000000,0.000000,0.000000
22.625428,0.000000,0.000000,0.000000,0.000000,0.000000,0.000000
22.635428,0.000000,0.000000,0.000000,0.000000,0.000000,0.000000
22.645428,0.000000,0.000000,0.000000,0.000000,0.000000,0.000000
22.655428,0.000000,0.000000,0.000000,0.000000,0.000000,0.000000
22.665428,0.000000,0.000000,0.000000,0.000000,0.000000,0.000000
22.675428,0.000000,0.000000,0.000000,0.000000,0.000000,0.000000
22.685428,0.000000,0.000000,0.000000,0.000000,0.000000,0.000000
22.695428,0.000000,0.000000,0.000000,0.000000,0.000000,0.000000
22.705428,0.000000,0.000000,0.000000,0.000000,0.000000,0.000000
22.715428,0.000000,0.000000,0.000000,0.000000,0.000000,0.000000
22.725428,0.000000,0.000000,0.000000,0.000000,0.000000,0.000000
22.735428,0.000000,0.000000,0.000000,0.000000,0.000000,0.000000
22.745428,0.000000,0.000000,0.000000,0.000000,0.000000,0.000000
22.755428,0.000000,0.000000,0.000000,0.000000,0.000000,0.000000
22.765428,0.000000,0.000000,0.000000,0.000000,0.000000,0.000000
22.775428,0.000000,0.000000,0.000000,0.000000,0.000000,0.000000
22.785428,0.000000,0.000000,0.000000,0.000000,0.000000,0.000000
22.795428,0.000000,0.000000,0.000000,0.000000,0.000000,0.000000
22.805428,0.000000,0.000000,0.000000,0.000000,0.000000,0.000000
22.815428,0.000000,0.000000,0.000000,0.000000,0.000000,0.000000
22.825428,0.000000,0.000000,0.000000,0.000000,0.000000,0.000000
22.835428,0.000000,0.000000,0.000000,0.000000,0.000000,0.000000
22.845428,0.000000,0.000000,0.000000,0.000000,0.000000,0.000000
22.855428,0.000000,0.000000,0.000000,0.000000,0.000000,0.000000
22.865428,0.000000,0.000000,0.000000,0.000000,0.000000,0.000000
22.875428,0.000000,0.000000,0.000000,0.000000,0.000000,0.000000
22.885428,0.000000,0.000000,0.000000,0.000000,0.000000,0.000000
22.895428,0.000000,0.000000,0.000000,0.000000,0.000000,0.000000
22.905428,0.000000,0.000000,0.000000,0.000000,0.000000,0.000000
22.915428,0.000000,0.000000,0.000000,0.000000,0.000000,0.000000
22.925428,0.000000,0.000000,0.000000,0.000000,0.000000,0.000000
22.935428,0.000000,0.000000,0.000000,0.000000,0.000000,0.000000
22.945428,0.000000,0.000000,0.000000,0.000000,0.000000,0.000000
22.955428,0.000000,0.000000,0.000000,0.000000,0.000000,0.000000
22.965428,0.000000,0.000000,0.000000,0.000000,0.000000,0.000000
22.975428,0.000000,0.000000,0.000000,0.000000,0.000000,0.000000
22.985428,0.000000,0.000000,0.000000,0.000000,0.000000,0.000000
22.995428,0.000000,0.000000,0.000000,0.000000,0.000000,0.000000
23.005428,0.000000,0.000000,0.000000,0.000000,0.000000,0.000000
23.015428,0.000000,0.000000,0.000000,0.000000,0.000000,0.000000
23.025428,0.000000,0.000000,0.000000,0.000000,0.000000,0.000000
23.035428,0.000000,0.000000,0.000000,0.000000,0.000000,0.000000
23.045428,0.000000,0.000000,0.000000,0.000000,0.000000,0.000000
23.055428,0.000000,0.000000,0.000000,0.000000,0.000000,0.000000
23.065428,0.000000,0.000000,0.000000,0.000000,0.000000,0.000000
23.075428,0.000000,0.000000,0.000000,0.000000,0.000000,0.000000
23.085428,0.000000,0.000000,0.000000,0.000000,0.000000,0.000000
23.095428,0.000000,0.000000,0.000000,0.000000,0.000000,0.000000
23.105428,0.000000,0.000000,0.000000,0.000000,0.000000,0.000000
23.115428,0.000000,0.000000,0.000000,0.000000,0.000000,0.000000
23.125428,0.000000,0.000000,0.000000,0.000000,0.000000,0.000000
23.135428,0.000000,0.000000,0.000000,0.000000,0.000000,0.000000
23.145428,0.000000,0.000000,0.000000,0.000000,0.000000,0.000000
23.155428,0.000000,0.000000,0.000000,0.000000,0.000000,0.000000
23.165428,0.000000,0.000000,0.000000,0.000000,0.000000,0.000000
23.175428,0.000000,0.000000,0.000000,0.000000,0.000000,0.000000
23.185428,0.000000,0.000000,0.000000,0.000000,0.000000,0.000000
23.195428,0.000000,0.000000,0.000000,0.000000,0.000000,0.000000
23.205428,0.000000,0.000000,0.000000,0.000000,0.000000,0.000000
23.215428,0.000000,0.000000,0.000000,0.000000,0.000000,0.000000
23.225428,0.000000,0.000000,0.000000,0.000000,0.000000,0.000000
23.235428,0.000000,0.000000,0.000000,0.000000,0.000000,0.000000
23.245428,0.000000,0.000000,0.000000,0.000000,0.000000,0.000000
23.255428,0.000000,0.000000,0.000000,0.000000,0.000000,0.000000
23.265428,0.000000,0.000000,0.000000,0.000000,0.000000,0.000000
23.275428,0.000000,0.000000,0.000000,0.000000,0.000000,0.000000
23.285428,0.000000,0.000000,0.000000,0.000000,0.000000,0.000000
23.295428,0.000000,0.000000,0.000000,0.000000,0.000000,0.000000
23.305428,0.000000,0.000000,0.000000,0.000000,0.000000,0.000000
23.315428,0.000000,0.000000,0.000000,0.000000,0.000000,0.000000
23.325428,0.000000,0.000000,0.000000,0.000000,0.000000,0.000000
23.335428,0.000000,0.000000,0.000000,0.000000,0.000000,0.000000
23.345428,0.000000,0.000000,0.000000,0.000000,0.000000,0.000000
23.355428,0.000000,0.000000,0.000000,0.000000,0.000000,0.000000
23.365428,0.000000,0.000000,0.000000,0.000000,0.000000,0.000000
23.375428,0.000000,0.000000,0.000000,0.000000,0.000000,0.000000
23.385428,0.000000,0.000000,0.000000,0.000000,0.000000,0.000000
23.395428,0.000000,0.000000,0.000000,0.000000,0.000000,0.000000
23.405428,0.000000,0.000000,0.000000,0.000000,0.000000,0.000000
23.415428,0.000000,0.000000,0.000000,0.000000,0.000000,0.000000
23.425428,0.000000,0.000000,0.000000,0.000000,0.000000,0.000000
23.435428,0.000000,0.000000,0.000000,0.000000,0.000000,0.000000
23.445428,0.000000,0.000000,0.000000,0.000000,0.000000,0.000000
23.455428,0.000000,0.000000,0.000000,0.000000,0.000000,0.000000
23.465428,0.000000,0.000000,0.000000,0.000000,0.000000,0.000000
23.475428,0.000000,0.000000,0.000000,0.000000,0.000000,0.000000
23.485428,0.000000,0.000000,0.000000,0.000000,0.000000,0.000000
23.495428,0.000000,0.000000,0.000000,0.000000,0.000000,0.000000
23.505428,0.000000,0.000000,0.000000,0.000000,0.000000,0.000000
23.515428,0.000000,0.000000,0.000000,0.000000,0.000000,0.000000
23.525428,0.000000,0.000000,0.000000,0.000000,0.000000,0.000000
23.535428,0.000000,0.000000,0.000000,0.000000,0.000000,0.000000
23.545428,0.000000,0.000000,0.000000,0.000000,0.000000,0.000000
23.555428,0.000000,0.000000,0.000000,0.000000,0.000000,0.000000
23.565428,0.000000,0.000000,0.000000,0.000000,0.000000,0.000000
23.575428,0.000000,0.000000,0.000000,0.000000,0.000000,0.000000
23.585428,0.000000,0.000000,0.000000,0.000000,0.000000,0.000000
23.595428,0.000000,0.000000,0.000000,0.000000,0.000000,0.000000
23.605428,0.000000,0.000000,0.000000,0.000000,0.000000,0.000000
23.615428,0.000000,0.000000,0.000000,0.000000,0.000000,0.000000
23.625428,0.000000,0.000000,0.000000,0.000000,0.000000,0.000000
23.635428,0.000000,0.000000,0.000000,0.000000,0.000000,0.000000
23.645428,0.000000,0.000000,0.000000,0.000000,0.000000,0.000000
23.655428,0.000000,0.000000,0.000000,0.000000,0.000000,0.000000
23.665428,0.000000,0.000000,0.000000,0.000000,0.000000,0.000000
23.675428,0.000000,0.000000,0.000000,0.000000,0.000000,0.000000
23.685428,0.000000,0.000000,0.000000,0.000000,0.000000,0.000000
23.695428,0.000000,0.000000,0.000000,0.000000,0.000000,0.000000
23.705428,0.000000,0.000000,0.000000,0.000000,0.000000,0.000000
23.715428,0.000000,0.000000,0.000000,0.000000,0.000000,0.000000
23.725428,0.000000,0.000000,0.000000,0.000000,0.000000,0.000000
23.735428,0.000000,0.000000,0.000000,0.000000,0.000000,0.000000
23.745428,0.000000,0.000000,0.000000,0.000000,0.000000,0.000000
23.755428,0.000000,0.000000,0.000000,0.000000,0.000000,0.000000
23.765428,0.000000,0.000000,0.000000,0.000000,0.000000,0.000000
23.775428,0.000000,0.000000,0.000000,0.000000,0.000000,0.000000
23.785428,0.000000,0.000000,0.000000,0.000000,0.000000,0.000000
23.795428,0.000000,0.000000,0.000000,0.000000,0.000000,0.000000
23.805428,0.000000,0.000000,0.000000,0.000000,0.000000,0.000000
23.815428,0.000000,0.000000,0.000000,0.000000,0.000000,0.000000
23.825428,0.000000,0.000000,0.000000,0.000000,0.000000,0.000000
23.835428,0.000000,0.000000,0.000000,0.000000,0.000000,0.000000
23.845428,0.000000,0.000000,0.000000,0.000000,0.000000,0.000000
23.855428,0.000000,0.000000,0.000000,0.000000,0.000000,0.000000
23.865428,0.000000,0.000000,0.000000,0.000000,0.000000,0.000000
23.875428,0.000000,0.000000,0.000000,0.000000,0.000000,0.000000
23.885428,0.000000,0.000000,0.000000,0.000000,0.000000,0.000000
23.895428,0.000000,0.000000,0.000000,0.000000,0.000000,0.000000
23.905428,0.000000,0.000000,0.000000,0.000000,0.000000,0.000000
23.915428,0.000000,0.000000,0.000000,0.000000,0.000000,0.000000
23.925428,0.000000,0.000000,0.000000,0.000000,0.000000,0.000000
23.935428,0.000000,0.000000,0.000000,0.000000,0.000000,0.000000
23.945428,0.000000,0.000000,0.000000,0.000000,0.000000,0.000000
23.955428,0.000000,0.000000,0.000000,0.000000,0.000000,0.000000
23.965428,0.000000,0.000000,0.000000,0.000000,0.000000,0.000000
23.975428,0.000000,0.000000,0.000000,0.000000,0.000000,0.000000
23.985428,0.000000,0.000000,0.000000,0.000000,0.000000,0.000000
23.995428,0.000000,0.000000,0.000000,0.000000,0.000000,0.000000
24.005428,0.000000,0.000000,0.000000,0.000000,0.000000,0.000000
24.015428,0.000000,0.000000,0.000000,0.000000,0.000000,0.000000
24.025428,0.000000,0.000000,0.000000,0.000000,0.000000,0.000000
24.035428,0.000000,0.000000,0.000000,0.000000,0.000000,0.000000
24.045428,0.000000,0.000000,0.000000,0.000000,0.000000,0.000000
24.055428,0.000000,0.000000,0.000000,0.000000,0.000000,0.000000
24.065428,0.000000,0.000000,0.000000,0.000000,0.000000,0.000000
24.075428,0.000000,0.000000,0.000000,0.000000,0.000000,0.000000
24.085428,0.000000,0.000000,0.000000,0.000000,0.000000,0.000000
24.095428,0.000000,0.000000,0.000000,0.000000,0.000000,0.000000
24.105428,0.000000,0.000000,0.000000,0.000000,0.000000,0.000000
24.115428,0.000000,0.000000,0.000000,0.000000,0.000000,0.000000
24.125428,0.000000,0.000000,0.000000,0.000000,0.000000,0.000000
24.135428,0.000000,0.000000,0.000000,0.000000,0.000000,0.000000
24.145428,0.000000,0.000000,0.000000,0.000000,0.000000,0.000000
24.155428,0.000000,0.000000,0.000000,0.000000,0.000000,0.000000
24.165428,0.000000,0.000000,0.000000,0.000000,0.000000,0.000000
24.175428,0.000000,0.000000,0.000000,0.000000,0.000000,0.000000
24.185428,0.000000,0.000000,0.000000,0.000000,0.000000,0.000000
24.195428,0.000000,0.000000,0.000000,0.000000,0.000000,0.000000
24.205428,0.000000,0.000000,0.000000,0.000000,0.000000,0.000000
24.215428,0.000000,0.000000,0.000000,0.000000,0.000000,0.000000
24.225428,0.000000,0.000000,0.000000,0.000000,0.000000,0.000000
24.235428,0.000000,0.000000,0.000000,0.000000,0.000000,0.000000
24.245428,0.000000,0.000000,0.000000,0.000000,0.000000,0.000000
24.255428,0.000000,0.000000,0.000000,0.000000,0.000000,0.000000
24.265428,0.000000,0.000000,0.000000,0.000000,0.000000,0.000000
24.275428,0.000000,0.000000,0.000000,0.000000,0.000000,0.000000
24.285428,0.000000,0.000000,0.000000,0.000000,0.000000,0.000000
24.295428,0.000000,0.000000,0.000000,0.000000,0.000000,0.000000
24.305428,0.000000,0.000000,0.000000,0.000000,0.000000,0.000000
24.315428,0.000000,0.000000,0.000000,0.000000,0.000000,0.000000
24.325428,0.000000,0.000000,0.000000,0.000000,0.000000,0.000000
24.335428,0.000000,0.000000,0.000000,0.000000,0.000000,0.000000
24.345428,0.000000,0.000000,0.000000,0.000000,0.000000,0.000000
24.355428,0.000000,0.000000,0.000000,0.000000,0.000000,0.000000
24.365428,0.000000,0.000000,0.000000,0.000000,0.000000,0.000000
24.375428,0.000000,0.000000,0.000000,0.000000,0.000000,0.000000
24.385428,0.000000,0.000000,0.000000,0.000000,0.000000,0.000000
24.395428,0.000000,0.000000,0.000000,0.000000,0.000000,0.000000
24.405428,0.000000,0.000000,0.000000,0.000000,0.000000,0.000000
24.415428,0.000000,0.000000,0.000000,0.000000,0.000000,0.000000
24.425428,0.000000,0.000000,0.000000,0.000000,0.000000,0.000000
24.435428,0.000000,0.000000,0.000000,0.000000,0.000000,0.000000
24.445428,0.000000,0.000000,0.000000,0.000000,0.000000,0.000000
24.455428,0.000000,0.000000,0.000000,0.000000,0.000000,0.000000
24.465428,0.000000,0.000000,0.000000,0.000000,0.000000,0.000000
24.475428,0.000000,0.000000,0.000000,0.000000,0.000000,0.000000
24.485428,0.000000,0.000000,0.000000,0.000000,0.000000,0.000000
24.495428,0.000000,0.000000,0.000000,0.000000,0.000000,0.000000
24.505428,0.000000,0.000000,0.000000,0.000000,0.000000,0.000000
24.515428,0.000000,0.000000,0.000000,0.000000,0.000000,0.000000
24.525428,0.000000,0.000000,0.000000,0.000000,0.000000,0.000000
24.535428,0.000000,0.000000,0.000000,0.000000,0.000000,0.000000
24.545428,0.000000,0.000000,0.000000,0.000000,0.000000,0.000000
24.555428,0.000000,0.000000,0.000000,0.000000,0.000000,0.000000
24.565428,0.000000,0.000000,0.000000,0.000000,0.000000,0.000000
24.575428,0.000000,0.000000,0.000000,0.000000,0.000000,0.000000
24.585428,0.000000,0.000000,0.000000,0.000000,0.000000,0.000000
24.595428,0.000000,0.000000,0.000000,0.000000,0.000000,0.000000
24.605428,0.000000,0.000000,0.000000,0.000000,0.000000,0.000000
24.615428,0.000000,0.000000,0.000000,0.000000,0.000000,0.000000
24.625428,0.000000,0.000000,0.000000,0.000000,0.000000,0.000000
24.635428,0.000000,0.000000,0.000000,0.000000,0.000000,0.000000
24.645428,0.000000,0.000000,0.000000,0.000000,0.000000,0.000000
24.655428,0.000000,0.000000,0.000000,0.000000,0.000000,0.000000
24.665428,0.000000,0.000000,0.000000,0.000000,0.000000,0.000000
24.675428,0.000000,0.000000,0.000000,0.000000,0.000000,0.000000
24.685428,0.000000,0.000000,0.000000,0.000000,0.000000,0.000000
24.695428,0.000000,0.000000,0.000000,0.000000,0.000000,0.000000
24.705428,0.000000,0.000000,0.000000,0.000000,0.000000,0.000000
24.715428,0.000000,0.000000,0.000000,0.000000,0.000000,0.000000
24.725428,0.000000,0.000000,0.000000,0.000000,0.000000,0.000000
24.735428,0.000000,0.000000,0.000000,0.000000,0.000000,0.000000
24.745428,0.000000,0.000000,0.000000,0.000000,0.000000,0.000000
24.755428,0.000000,0.000000,0.000000,0.000000,0.000000,0.000000
24.765428,0.000000,0.000000,0.000000,0.000000,0.000000,0.000000
24.775428,0.000000,0.000000,0.000000,0.000000,0.000000,0.000000
24.785428,0.000000,0.000000,0.000000,0.000000,0.000000,0.000000
24.795428,0.000000,0.000000,0.000000,0.000000,0.000000,0.000000
24.805428,0.000000,0.000000,0.000000,0.000000,0.000000,0.000000
24.815428,0.000000,0.000000,0.000000,0.000000,0.000000,0.000000
24.825428,0.000000,0.000000,0.000000,0.000000,0.000000,0.000000
24.835428,0.000000,0.000000,0.000000,0.000000,0.000000,0.000000
24.845428,0.000000,0.000000,0.000000,0.000000,0.000000,0.000000
24.855428,0.000000,0.000000,0.000000,0.000000,0.000000,0.000000
24.865428,0.000000,0.000000,0.000000,0.000000,0.000000,0.000000
24.875428,0.000000,0.000000,0.000000,0.000000,0.000000,0.000000
24.885428,0.000000,0.000000,0.000000,0.000000,0.000000,0.000000
24.895428,0.000000,0.000000,0.000000,0.000000,0.000000,0.000000
24.905428,0.000000,0.000000,0.000000,0.000000,0.000000,0.000000
24.915428,0.000000,0.000000,0.000000,0.000000,0.000000,0.000000
24.925428,0.000000,0.000000,0.000000,0.000000,0.000000,0.000000
24.935428,0.000000,0.000000,0.000000,0.000000,0.000000,0.000000
24.945428,0.000000,0.000000,0.000000,0.000000,0.000000,0.000000
24.955428,0.000000,0.000000,0.000000,0.000000,0.000000,0.000000
24.965428,0.000000,0.000000,0.000000,0.000000,0.000000,0.000000
24.975428,0.000000,0.000000,0.000000,0.000000,0.000000,0.000000
24.985428,0.000000,0.000000,0.000000,0.000000,0.000000,0.000000
24.995428,0.000000,0.000000,0.000000,0.000000,0.000000,0.000000
25.005428,0.000000,0.000000,0.000000,0.000000,0.000000,0.000000
25.015428,0.000000,0.000000,0.000000,0.000000,0.000000,0.000000
25.025428,0.000000,0.000000,0.000000,0.000000,0.000000,0.000000
25.035428,0.000000,0.000000,0.000000,0.000000,0.000000,0.000000
25.045428,0.000000,0.000000,0.000000,0.000000,0.000000,0.000000
25.055428,0.000000,0.000000,0.000000,0.000000,0.000000,0.000000
25.065428,0.000000,0.000000,0.000000,0.000000,0.000000,0.000000
25.075428,0.000000,0.000000,0.000000,0.000000,0.000000,0.000000
25.085428,0.000000,0.000000,0.000000,0.000000,0.000000,0.000000
25.095428,0.000000,0.000000,0.000000,0.000000,0.000000,0.000000
25.105428,0.000000,0.000000,0.000000,0.000000,0.000000,0.000000
25.115428,0.000000,0.000000,0.000000,0.000000,0.000000,0.000000
25.125428,0.000000,0.000000,0.000000,0.000000,0.000000,0.000000
25.135428,0.000000,0.000000,0.000000,0.000000,0.000000,0.000000
25.145428,0.000000,0.000000,0.000000,0.000000,0.000000,0.000000
25.155428,0.000000,0.000000,0.000000,0.000000,0.000000,0.000000
25.165428,0.000000,0.000000,0.000000,0.000000,0.000000,0.000000
25.175428,0.000000,0.000000,0.000000,0.000000,0.000000,0.000000
25.185428,0.000000,0.000000,0.000000,0.000000,0.000000,0.000000
25.195428,0.000000,0.000000,0.000000,0.000000,0.000000,0.000000
25.205428,0.000000,0.000000,0.000000,0.000000,0.000000,0.000000
25.215428,0.000000,0.000000,0.000000,0.000000,0.000000,0.000000
25.225428,0.000000,0.000000,0.000000,0.000000,0.000000,0.000000
25.235428,0.000000,0.000000,0.000000,0.000000,0.000000,0.000000
25.245428,0.000000,0.000000,0.000000,0.000000,0.000000,0.000000
25.255428,0.000000,0.000000,0.000000,0.000000,0.000000,0.000000
25.265428,0.000000,0.000000,0.000000,0.000000,0.000000,0.000000
25.275428,0.000000,0.000000,0.000000,0.000000,0.000000,0.000000
25.285428,0.000000,0.000000,0.000000,0.000000,0.000000,0.000000
25.295428,0.000000,0.000000,0.000000,0.000000,0.000000,0.000000
25.305428,0.000000,0.000000,0.000000,0.000000,0.000000,0.000000
25.315428,0.000000,0.000000,0.000000,0.000000,0.000000,0.000000
25.325428,0.000000,0.000000,0.000000,0.000000,0.000000,0.000000
25.335428,0.000000,0.000000,0.000000,0.000000,0.000000,0.000000
25.345428,0.000000,0.000000,0.000000,0.000000,0.000000,0.000000
25.355428,0.000000,0.000000,0.000000,0.000000,0.000000,0.000000
25.365428,0.000000,0.000000,0.000000,0.000000,0.000000,0.000000
25.375428,0.000000,0.000000,0.000000,0.000000,0.000000,0.000000
25.385428,0.000000,0.000000,0.000000,0.000000,0.000000,0.000000
25.395428,0.000000,0.000000,0.000000,0.000000,0.000000,0.000000
25.405428,0.000000,0.000000,0.000000,0.000000,0.000000,0.000000
25.415428,0.000000,0.000000,0.000000,0.000000,0.000000,0.000000
25.425428,0.000000,0.000000,0.000000,0.000000,0.000000,0.000000
25.435428,0.000000,0.000000,0.000000,0.000000,0.000000,0.000000
25.445428,0.000000,0.000000,0.000000,0.000000,0.000000,0.000000
25.455428,0.000000,0.000000,0.000000,0.000000,0.000000,0.000000
25.465428,0.000000,0.000000,0.000000,0.000000,0.000000,0.000000
25.475428,0.000000,0.000000,0.000000,0.000000,0.000000,0.000000
25.485428,0.000000,0.000000,0.000000,0.000000,0.000000,0.000000
25.495428,0.000000,0.000000,0.000000,0.000000,0.000000,0.000000
25.505428,0.000000,0.000000,0.000000,0.000000,0.000000,0.000000
25.515428,0.000000,0.000000,0.000000,0.000000,0.000000,0.000000
25.525428,0.000000,0.000000,0.000000,0.000000,0.000000,0.000000
25.535428,0.000000,0.000000,0.000000,0.000000,0.000000,0.000000
25.545428,0.000000,0.000000,0.000000,0.000000,0.000000,0.000000
25.555428,0.000000,0.000000,0.000000,0.000000,0.000000,0.000000
25.565428,0.000000,0.000000,0.000000,0.000000,0.000000,0.000000
25.575428,0.000000,0.000000,0.000000,0.000000,0.000000,0.000000
25.585428,0.000000,0.000000,0.000000,0.000000,0.000000,0.000000
25.595428,0.000000,0.000000,0.000000,0.000000,0.000000,0.000000
25.605428,0.000000,0.000000,0.000000,0.000000,0.000000,0.000000
25.615428,0.000000,0.000000,0.000000,0.000000,0.000000,0.000000
25.625428,0.000000,0.000000,0.000000,0.000000,0.000000,0.000000
25.635428,0.000000,0.000000,0.000000,0.000000,0.000000,0.000000
25.645428,0.000000,0.000000,0.000000,0.000000,0.000000,0.000000
25.655428,0.000000,0.000000,0.000000,0.000000,0.000000,0.000000
25.665428,0.000000,0.000000,0.000000,0.000000,0.000000,0.000000
25.675428,0.000000,0.000000,0.000000,0.000000,0.000000,0.000000
25.685428,0.000000,0.000000,0.000000,0.000000,0.000000,0.000000
25.695428,0.000000,0.000000,0.000000,0.000000,0.000000,0.000000
25.705428,0.000000,0.000000,0.000000,0.000000,0.000000,0.000000
25.715428,0.000000,0.000000,0.000000,0.000000,0.000000,0.000000
25.725428,0.000000,0.000000,0.000000,0.000000,0.000000,0.000000
25.735428,0.000000,0.000000,0.000000,0.000000,0.000000,0.000000
25.745428,0.000000,0.000000,0.000000,0.000000,0.000000,0.000000
25.755428,0.000000,0.000000,0.000000,0.000000,0.000000,0.000000
25.765428,0.000000,0.000000,0.000000,0.000000,0.000000,0.000000
25.775428,0.000000,0.000000,0.000000,0.000000,0.000000,0.000000
25.785428,0.000000,0.000000,0.000000,0.000000,0.000000,0.000000
25.795428,0.000000,0.000000,0.000000,0.000000,0.000000,0.000000
25.805428,0.000000,0.000000,0.000000,0.000000,0.000000,0.000000
25.815428,0.000000,0.000000,0.000000,0.000000,0.000000,0.000000
25.825428,0.000000,0.000000,0.000000,0.000000,0.000000,0.000000
25.835428,0.000000,0.000000,0.000000,0.000000,0.000000,0.000000
25.845428,0.000000,0.000000,0.000000,0.000000,0.000000,0.000000
25.855428,0.000000,0.000000,0.000000,0.000000,0.000000,0.000000
25.865428,0.000000,0.000000,0.000000,0.000000,0.000000,0.000000
25.875428,0.000000,0.000000,0.000000,0.000000,0.000000,0.000000
25.885428,0.000000,0.000000,0.000000,0.000000,0.000000,0.000000
