time,linear_accel_x,linear_accel_y,linear_accel_z,angular_vel_x,angular_vel_y,angular_vel_z
0.090000,0.000000,0.000000,0.000000,0.000000,0.000000,0.000000
0.100000,0.000000,0.000000,0.000000,0.000000,0.000000,0.000000
0.110000,0.000000,0.000000,0.000000,0.000000,0.000000,0.000000
0.120000,0.000000,0.000000,0.000000,0.000000,0.000000,0.000000
0.130000,0.000000,0.000000,0.000000,0.000000,0.000000,0.000000
0.160000,0.000000,0.000000,0.000000,0.000000,0.000000,0.000000
0.180000,0.000000,0.000000,0.000000,0.000000,0.000000,0.000000
0.210000,0.000000,0.000000,0.000000,0.000000,0.000000,0.000000
0.230000,0.000000,0.000000,0.000000,0.000000,0.000000,0.000000
0.260000,0.000000,0.000000,0.000000,0.000000,0.000000,0.000000
0.280000,0.000000,0.000000,0.000000,0.000000,0.000000,0.000000
0.300000,0.000000,0.000000,0.000000,0.000000,0.000000,0.000000
0.330000,0.000000,0.000000,0.000000,0.000000,0.000000,0.000000
0.350000,0.000000,0.000000,0.000000,0.000000,0.000000,0.000000
0.380000,0.000000,0.000000,0.000000,0.000000,0.000000,0.000000
0.400000,0.000000,0.000000,0.000000,0.000000,0.000000,0.000000
0.420000,0.000000,0.000000,0.000000,0.000000,0.000000,0.000000
0.450000,0.000000,0.000000,0.000000,0.000000,0.000000,0.000000
0.470000,0.000000,0.000000,0.000000,0.000000,0.000000,0.000000
0.490000,0.000000,0.000000,0.000000,0.000000,0.000000,0.000000
0.510000,0.000000,0.000000,0.000000,0.000000,0.000000,0.000000
0.530000,0.000000,0.000000,0.000000,0.000000,0.000000,0.000000
0.560000,0.000000,0.000000,0.000000,0.000000,0.000000,0.000000
0.580000,0.000000,0.000000,0.000000,0.000000,0.000000,0.000000
0.610000,0.000000,0.000000,0.000000,0.000000,0.000000,0.000000
0.630000,0.000000,0.000000,0.000000,0.000000,0.000000,0.000000
0.650000,0.000000,0.000000,0.000000,0.000000,0.000000,0.000000
0.670000,0.000000,0.000000,0.000000,0.000000,0.000000,0.000000
0.700000,0.000000,0.000000,0.000000,0.000000,0.000000,0.000000
0.720000,0.000000,0.000000,0.000000,0.000000,0.000000,0.000000
0.740000,0.000000,0.000000,0.000000,0.000000,0.000000,0.000000
0.770000,0.000000,0.000000,0.000000,0.000000,0.000000,0.000000
0.790000,0.000000,0.000000,0.000000,0.000000,0.000000,0.000000
0.810000,0.000000,0.000000,0.000000,0.000000,0.000000,0.000000
0.840000,0.000000,0.000000,0.000000,0.000000,0.000000,0.000000
0.860000,0.000000,0.000000,0.000000,0.000000,0.000000,0.000000
0.880000,0.000000,0.000000,0.000000,0.000000,0.000000,0.000000
0.910000,0.000000,0.000000,0.000000,0.000000,0.000000,0.000000
0.930000,0.000000,0.000000,0.000000,0.000000,0.000000,0.000000
0.960000,0.000000,0.000000,0.000000,0.000000,0.000000,0.000000
0.980000,0.000000,0.000000,0.000000,0.000000,0.000000,0.000000
1.000000,0.000000,0.000000,0.000000,0.000000,0.000000,0.000000
1.020000,0.000000,0.000000,0.000000,0.000000,0.000000,0.000000
1.050000,0.000000,0.000000,0.000000,0.000000,0.000000,0.000000
1.070000,0.000000,0.000000,0.000000,0.000000,0.000000,0.000000
1.100000,0.000000,0.000000,0.000000,0.000000,0.000000,0.000000
1.120000,0.000000,0.000000,0.000000,0.000000,0.000000,0.000000
1.150000,0.000000,0.000000,0.000000,0.000000,0.000000,0.000000
1.190000,0.000000,0.000000,0.000000,0.000000,0.000000,0.000000
1.210000,0.000000,0.000000,0.000000,0.000000,0.000000,0.000000
1.230000,0.000000,0.000000,0.000000,0.000000,0.000000,0.000000
1.260000,0.000000,0.000000,0.000000,0.000000,0.000000,0.000000
1.280000,0.000000,0.000000,0.000000,0.000000,0.000000,0.000000
1.300000,0.000000,0.000000,0.000000,0.000000,0.000000,0.000000
1.330000,0.000000,0.000000,0.000000,0.000000,0.000000,0.000000
1.350000,0.000000,0.000000,0.000000,0.000000,0.000000,0.000000
1.380000,0.000000,0.000000,0.000000,0.000000,0.000000,0.000000
1.400000,0.000000,0.000000,0.000000,0.000000,0.000000,0.000000
1.430000,0.000000,0.000000,0.000000,0.000000,0.000000,0.000000
1.450000,0.000000,0.000000,0.000000,0.000000,0.000000,0.000000
1.480000,0.000000,0.000000,0.000000,0.000000,0.000000,0.000000
1.500000,0.000000,0.000000,0.000000,0.000000,0.000000,0.000000
1.530000,0.000000,0.000000,0.000000,0.000000,0.000000,0.000000
1.550000,0.000000,0.000000,0.000000,0.000000,0.000000,0.000000
1.580000,0.000000,0.000000,0.000000,0.000000,0.000000,0.000000
1.600000,0.000000,0.000000,0.000000,0.000000,0.000000,0.000000
1.620000,0.000000,0.000000,0.000000,0.000000,0.000000,0.000000
1.650000,0.000000,0.000000,0.000000,0.000000,0.000000,0.000000
1.680000,0.000000,0.000000,0.000000,0.000000,0.000000,0.000000
1.700000,0.000000,0.000000,0.000000,0.000000,0.000000,0.000000
1.730000,0.000000,0.000000,0.000000,0.000000,0.000000,0.000000
1.750000,0.000000,0.000000,0.000000,0.000000,0.000000,0.000000
1.780000,0.000000,0.000000,0.000000,0.000000,0.000000,0.000000
1.800000,0.000000,0.000000,0.000000,0.000000,0.000000,0.000000
1.830000,0.000000,0.000000,0.000000,0.000000,0.000000,0.000000
1.850000,0.000000,0.000000,0.000000,0.000000,0.000000,0.000000
1.880000,0.000000,0.000000,0.000000,0.000000,0.000000,0.000000
1.900000,0.000000,0.000000,0.000000,0.000000,0.000000,0.000000
1.920000,0.000000,0.000000,0.000000,0.000000,0.000000,0.000000
1.940000,0.000000,0.000000,0.000000,0.000000,0.000000,0.000000
1.970000,0.000000,0.000000,0.000000,0.000000,0.000000,0.000000
1.990000,0.000000,0.000000,0.000000,0.000000,0.000000,0.000000
2.010000,0.000000,0.000000,0.000000,0.000000,0.000000,0.000000
2.040000,0.000000,0.000000,0.000000,0.000000,0.000000,0.000000
2.060000,0.000000,0.000000,0.000000,0.000000,0.000000,0.000000
2.080000,0.000000,0.000000,0.000000,0.000000,0.000000,0.000000
2.110000,0.000000,0.000000,0.000000,0.000000,0.000000,0.000000
2.130000,0.000000,0.000000,0.000000,0.000000,0.000000,0.000000
2.150000,0.000000,0.000000,0.000000,0.000000,0.000000,0.000000
2.180000,0.000000,0.000000,0.000000,0.000000,0.000000,0.000000
2.200000,0.000000,0.000000,0.000000,0.000000,0.000000,0.000000
2.230000,0.000000,0.000000,0.000000,0.000000,0.000000,0.000000
2.250000,0.000000,0.000000,0.000000,0.000000,0.000000,0.000000
2.270000,0.000000,0.000000,0.000000,0.000000,0.000000,0.000000
2.300000,0.000000,0.000000,0.000000,0.000000,0.000000,0.000000
2.320000,0.000000,0.000000,0.000000,0.000000,0.000000,0.000000
2.350000,0.000000,0.000000,0.000000,0.000000,0.000000,0.000000
2.370000,0.000000,0.000000,0.000000,0.000000,0.000000,0.000000
2.400000,0.000000,0.000000,0.000000,0.000000,0.000000,0.000000
2.420000,0.000000,0.000000,0.000000,0.000000,0.000000,0.000000
2.440000,0.000000,0.000000,0.000000,0.000000,0.000000,0.000000
2.470000,0.000000,0.000000,0.000000,0.000000,0.000000,0.000000
2.490000,0.000000,0.000000,0.000000,0.000000,0.000000,0.000000
2.510000,0.000000,0.000000,0.000000,0.000000,0.000000,0.000000
2.540000,0.000000,0.000000,0.000000,0.000000,0.000000,0.000000
2.570000,0.000000,0.000000,0.000000,0.000000,0.000000,0.000000
2.590000,0.000000,0.000000,0.000000,0.000000,0.000000,0.000000
2.610000,0.000000,0.000000,0.000000,0.000000,0.000000,0.000000
2.640000,0.000000,0.000000,0.000000,0.000000,0.000000,0.000000
2.660000,0.000000,0.000000,0.000000,0.000000,0.000000,0.000000
2.680000,0.000000,0.000000,0.000000,0.000000,0.000000,0.000000
2.710000,0.000000,0.000000,0.000000,0.000000,0.000000,0.000000
2.730000,0.000000,0.000000,0.000000,0.000000,0.000000,0.000000
2.750000,0.000000,0.000000,0.000000,0.000000,0.000000,0.000000
2.780000,0.000000,0.000000,0.000000,0.000000,0.000000,0.000000
2.800000,0.000000,0.000000,0.000000,0.000000,0.000000,0.000000
2.830000,0.000000,0.000000,0.000000,0.000000,0.000000,0.000000
2.850000,0.000000,0.000000,0.000000,0.000000,0.000000,0.000000
2.880000,0.000000,0.000000,0.000000,0.000000,0.000000,0.000000
2.900000,0.000000,0.000000,0.000000,0.000000,0.000000,0.000000
2.930000,0.000000,0.000000,0.000000,0.000000,0.000000,0.000000
2.950000,0.000000,0.000000,0.000000,0.000000,0.000000,0.000000
2.980000,0.000000,0.000000,0.000000,0.000000,0.000000,0.000000
3.000000,0.000000,0.000000,0.000000,0.000000,0.000000,0.000000
3.020000,0.000000,0.000000,0.000000,0.000000,0.000000,0.000000
3.050000,0.000000,0.000000,0.000000,0.000000,0.000000,0.000000
3.070000,0.000000,0.000000,0.000000,0.000000,0.000000,0.000000
3.090000,0.000000,0.000000,0.000000,0.000000,0.000000,0.000000
3.120000,0.000000,0.000000,0.000000,0.000000,0.000000,0.000000
3.140000,0.000000,0.000000,0.000000,0.000000,0.000000,0.000000
3.160000,0.000000,0.000000,0.000000,0.000000,0.000000,0.000000
3.190000,0.000000,0.000000,0.000000,0.000000,0.000000,0.000000
3.210000,0.000000,0.000000,0.000000,0.000000,0.000000,0.000000
3.230000,0.000000,0.000000,0.000000,0.000000,0.000000,0.000000
3.260000,0.000000,0.000000,0.000000,0.000000,0.000000,0.000000
3.280000,0.000000,0.000000,0.000000,0.000000,0.000000,0.000000
3.300000,0.000000,0.000000,0.000000,0.000000,0.000000,0.000000
3.330000,0.000000,0.000000,0.000000,0.000000,0.000000,0.000000
3.350000,0.000000,0.000000,0.000000,0.000000,0.000000,0.000000
3.380000,0.000000,0.000000,0.000000,0.000000,0.000000,0.000000
3.400000,0.000000,0.000000,0.000000,0.000000,0.000000,0.000000
3.420000,0.000000,0.000000,0.000000,0.000000,0.000000,0.000000
3.450000,0.000000,0.000000,0.000000,0.000000,0.000000,0.000000
3.470000,0.000000,0.000000,0.000000,0.000000,0.000000,0.000000
3.490000,0.000000,0.000000,0.000000,0.000000,0.000000,0.000000
3.520000,0.000000,0.000000,0.000000,0.000000,0.000000,0.000000
3.540000,0.000000,0.000000,0.000000,0.000000,0.000000,0.000000
3.560000,0.000000,0.000000,0.000000,0.000000,0.000000,0.000000
3.590000,0.000000,0.000000,0.000000,0.000000,0.000000,0.000000
3.620000,0.000000,0.000000,0.000000,0.000000,0.000000,0.000000
3.640000,0.000000,0.000000,0.000000,0.000000,0.000000,0.000000
3.670000,0.000000,0.000000,0.000000,0.000000,0.000000,0.000000
3.690000,0.000000,0.000000,0.000000,0.000000,0.000000,0.000000
3.720000,0.000000,0.000000,0.000000,0.000000,0.000000,0.000000
3.740000,0.000000,0.000000,0.000000,0.000000,0.000000,0.000000
3.770000,0.000000,0.000000,0.000000,0.000000,0.000000,0.000000
3.790000,0.000000,0.000000,0.000000,0.000000,0.000000,0.000000
3.810000,0.000000,0.000000,0.000000,0.000000,0.000000,0.000000
3.840000,0.000000,0.000000,0.000000,0.000000,0.000000,0.000000
3.860000,0.000000,0.000000,0.000000,0.000000,0.000000,0.000000
3.880000,0.000000,0.000000,0.000000,0.000000,0.000000,0.000000
3.910000,0.000000,0.000000,0.000000,0.000000,0.000000,0.000000
3.930000,0.000000,0.000000,0.000000,0.000000,0.000000,0.000000
3.960000,0.000000,0.000000,0.000000,0.000000,0.000000,0.000000
3.980000,0.000000,0.000000,0.000000,0.000000,0.000000,0.000000
4.000000,0.000000,0.000000,0.000000,0.000000,0.000000,0.000000
4.030000,0.000000,0.000000,0.000000,0.000000,0.000000,0.000000
4.050000,0.000000,0.000000,0.000000,0.000000,0.000000,0.000000
4.070000,0.000000,0.000000,0.000000,0.000000,0.000000,0.000000
4.100000,0.000000,0.000000,0.000000,0.000000,0.000000,0.000000
4.120000,0.000000,0.000000,0.000000,0.000000,0.000000,0.000000
4.150000,0.000000,0.000000,0.000000,0.000000,0.000000,0.000000
4.170000,0.000000,0.000000,0.000000,0.000000,0.000000,0.000000
4.200000,0.000000,0.000000,0.000000,0.000000,0.000000,0.000000
4.220000,0.000000,0.000000,0.000000,0.000000,0.000000,0.000000
4.250000,0.000000,0.000000,0.000000,0.000000,0.000000,0.000000
4.270000,0.000000,0.000000,0.000000,0.000000,0.000000,0.000000
4.300000,0.000000,0.000000,0.000000,0.000000,0.000000,0.000000
4.320000,0.000000,0.000000,0.000000,0.000000,0.000000,0.000000
4.350000,0.000000,0.000000,0.000000,0.000000,0.000000,0.000000
4.370000,0.000000,0.000000,0.000000,0.000000,0.000000,0.000000
4.400000,0.000000,0.000000,0.000000,0.000000,0.000000,0.000000
4.420000,0.000000,0.000000,0.000000,0.000000,0.000000,0.000000
4.450000,0.000000,0.000000,0.000000,0.000000,0.000000,0.000000
4.470000,0.000000,0.000000,0.000000,0.000000,0.000000,0.000000
4.490000,0.000000,0.000000,0.000000,0.000000,0.000000,0.000000
4.520000,0.000000,0.000000,0.000000,0.000000,0.000000,0.000000
4.540000,0.000000,0.000000,0.000000,0.000000,0.000000,0.000000
4.570000,0.000000,0.000000,0.000000,0.000000,0.000000,0.000000
4.590000,0.000000,0.000000,0.000000,0.000000,0.000000,0.000000
4.620000,0.000000,0.000000,0.000000,0.000000,0.000000,0.000000
4.640000,0.000000,0.000000,0.000000,0.000000,0.000000,0.000000
4.670000,0.000000,0.000000,0.000000,0.000000,0.000000,0.000000
4.690000,0.000000,0.000000,0.000000,0.000000,0.000000,0.000000
4.720000,0.000000,0.000000,0.000000,0.000000,0.000000,0.000000
4.740000,0.000000,0.000000,0.000000,0.000000,0.000000,0.000000
4.770000,0.000000,0.000000,0.000000,0.000000,0.000000,0.000000
4.790000,0.000000,0.000000,0.000000,0.000000,0.000000,0.000000
4.820000,0.000000,0.000000,0.000000,0.000000,0.000000,0.000000
4.840000,0.000000,0.000000,0.000000,0.000000,0.000000,0.000000
4.870000,0.000000,0.000000,0.000000,0.000000,0.000000,0.000000
4.890000,0.000000,0.000000,0.000000,0.000000,0.000000,0.000000
4.910000,0.000000,0.000000,0.000000,0.000000,0.000000,0.000000
4.940000,0.000000,0.000000,0.000000,0.000000,0.000000,0.000000
4.960000,0.000000,0.000000,0.000000,0.000000,0.000000,0.000000
4.980000,0.000000,0.000000,0.000000,0.000000,0.000000,0.000000
5.010000,0.000997,0.000000,0.000000,0.000000,0.000000,0.000000
5.040000,0.003960,0.000000,0.000000,0.000000,0.000000,0.000000
5.060000,0.005910,0.000000,0.000000,0.000000,0.000000,0.000000
5.090000,0.008797,0.000000,0.000000,0.000000,0.000000,0.000000
5.110000,0.010697,0.000000,0.000000,0.000000,0.000000,0.000000
5.140000,0.013510,0.000000,0.000000,0.000000,0.000000,0.000000
5.160000,0.015360,0.000000,0.000000,0.000000,0.000000,0.000000
5.180000,0.017190,0.000000,0.000000,0.000000,0.000000,0.000000
5.210000,0.019897,0.000000,0.000000,0.000000,0.000000,0.000000
5.230000,0.021677,0.000000,0.000000,0.000000,0.000000,0.000000
5.260000,0.024310,0.000000,0.000000,0.000000,0.000000,0.000000
5.280000,0.026040,0.000000,0.000000,0.000000,0.000000,0.000000
5.310000,0.028597,0.000000,0.000000,0.000000,0.000000,0.000000
5.330000,0.030277,0.000000,0.000000,0.000000,0.000000,0.000000
5.360000,0.032760,0.000000,0.000000,0.000000,0.000000,0.000000
5.380000,0.034390,0.000000,0.000000,0.000000,0.000000,0.000000
5.400000,0.036000,0.000000,0.000000,0.000000,0.000000,0.000000
5.430000,0.038377,0.000000,0.000000,0.000000,0.000000,0.000000
5.450000,0.039937,0.000000,0.000000,0.000000,0.000000,0.000000
5.480000,0.042240,0.000000,0.000000,0.000000,0.000000,0.000000
5.500000,0.043750,0.000000,0.000000,0.000000,0.000000,0.000000
5.530000,0.045977,0.000000,0.000000,0.000000,0.000000,0.000000
5.550000,0.047437,0.000000,0.000000,0.000000,0.000000,0.000000
5.580000,0.049590,0.000000,0.000000,0.000000,0.000000,0.000000
5.600000,0.051000,0.000000,0.000000,0.000000,0.000000,0.000000
5.630000,0.053077,0.000000,0.000000,0.000000,0.000000,0.000000
5.650000,0.054437,0.000000,0.000000,0.000000,0.000000,0.000000
5.680000,0.056440,0.000000,0.000000,0.000000,0.000000,0.000000
5.700000,0.057750,0.000000,0.000000,0.000000,0.000000,0.000000
5.730000,0.059677,0.000000,0.000000,0.000000,0.000000,0.000000
5.750000,0.060937,0.000000,0.000000,0.000000,0.000000,0.000000
5.780000,0.062790,0.000000,0.000000,0.000000,0.000000,0.000000
5.800000,0.064000,0.000000,0.000000,0.000000,0.000000,0.000000
5.830000,0.065777,0.000000,0.000000,0.000000,0.000000,0.000000
5.850000,0.066937,0.000000,0.000000,0.000000,0.000000,0.000000
5.870000,0.068077,0.000000,0.000000,0.000000,0.000000,0.000000
5.890000,0.069197,0.000000,0.000000,0.000000,0.000000,0.000000
5.920000,0.070840,0.000000,0.000000,0.000000,0.000000,0.000000
5.940000,0.071910,0.000000,0.000000,0.000000,0.000000,0.000000
5.960000,0.072960,0.000000,0.000000,0.000000,0.000000,0.000000
5.990000,0.074497,0.000000,0.000000,0.000000,0.000000,0.000000
6.010000,0.075497,0.000000,0.000000,0.000000,0.000000,0.000000
6.040000,0.076960,0.000000,0.000000,0.000000,0.000000,0.000000
6.060000,0.077910,0.000000,0.000000,0.000000,0.000000,0.000000
6.090000,0.079297,0.000000,0.000000,0.000000,0.000000,0.000000
6.110000,0.080197,0.000000,0.000000,0.000000,0.000000,0.000000
6.130000,0.081077,0.000000,0.000000,0.000000,0.000000,0.000000
6.160000,0.082360,0.000000,0.000000,0.000000,0.000000,0.000000
6.180000,0.083190,0.000000,0.000000,0.000000,0.000000,0.000000
6.200000,0.084000,0.000000,0.000000,0.000000,0.000000,0.000000
6.220000,0.084790,0.000000,0.000000,0.000000,0.000000,0.000000
6.250000,0.085937,0.000000,0.000000,0.000000,0.000000,0.000000
6.270000,0.086677,0.000000,0.000000,0.000000,0.000000,0.000000
6.300000,0.087750,0.000000,0.000000,0.000000,0.000000,0.000000
6.320000,0.088440,0.000000,0.000000,0.000000,0.000000,0.000000
6.350000,0.089437,0.000000,0.000000,0.000000,0.000000,0.000000
6.370000,0.090077,0.000000,0.000000,0.000000,0.000000,0.000000
6.400000,0.091000,0.000000,0.000000,0.000000,0.000000,0.000000
6.420000,0.091590,0.000000,0.000000,0.000000,0.000000,0.000000
6.450000,0.092437,0.000000,0.000000,0.000000,0.000000,0.000000
6.470000,0.092977,0.000000,0.000000,0.000000,0.000000,0.000000
6.490000,0.093497,0.000000,0.000000,0.000000,0.000000,0.000000
6.520000,0.094240,0.000000,0.000000,0.000000,0.000000,0.000000
6.540000,0.094710,0.000000,0.000000,0.000000,0.000000,0.000000
6.570000,0.095377,0.000000,0.000000,0.000000,0.000000,0.000000
6.590000,0.095797,0.000000,0.000000,0.000000,0.000000,0.000000
6.620000,0.096390,0.000000,0.000000,0.000000,0.000000,0.000000
6.640000,0.096760,0.000000,0.000000,0.000000,0.000000,0.000000
6.670000,0.097277,0.000000,0.000000,0.000000,0.000000,0.000000
6.690000,0.097597,0.000000,0.000000,0.000000,0.000000,0.000000
6.720000,0.098040,0.000000,0.000000,0.000000,0.000000,0.000000
6.740000,0.098310,0.000000,0.000000,0.000000,0.000000,0.000000
6.760000,0.098560,0.000000,0.000000,0.000000,0.000000,0.000000
6.790000,0.098897,0.000000,0.000000,0.000000,0.000000,0.000000
6.810000,0.099097,0.000000,0.000000,0.000000,0.000000,0.000000
6.830000,0.099277,0.000000,0.000000,0.000000,0.000000,0.000000
6.860000,0.099510,0.000000,0.000000,0.000000,0.000000,0.000000
6.880000,0.099640,0.000000,0.000000,0.000000,0.000000,0.000000
6.910000,0.099797,0.000000,0.000000,0.000000,0.000000,0.000000
6.930000,0.099877,0.000000,0.000000,0.000000,0.000000,0.000000
6.950000,0.099937,0.000000,0.000000,0.000000,0.000000,0.000000
6.980000,0.099990,0.000000,0.000000,0.000000,0.000000,0.000000
7.000000,0.100000,0.000000,0.000000,0.000000,0.000000,0.000000
7.020000,0.099990,0.000000,0.000000,0.000000,0.000000,0.000000
7.050000,0.099938,0.000000,0.000000,0.000000,0.000000,0.000000
7.070000,0.099878,0.000000,0.000000,0.000000,0.000000,0.000000
7.090000,0.099798,0.000000,0.000000,0.000000,0.000000,0.000000
7.120000,0.099640,0.000000,0.000000,0.000000,0.000000,0.000000
7.140000,0.099510,0.000000,0.000000,0.000000,0.000000,0.000000
7.160000,0.099360,0.000000,0.000000,0.000000,0.000000,0.000000
7.190000,0.099098,0.000000,0.000000,0.000000,0.000000,0.000000
7.210000,0.098898,0.000000,0.000000,0.000000,0.000000,0.000000
7.240000,0.098560,0.000000,0.000000,0.000000,0.000000,0.000000
7.270000,0.098178,0.000000,0.000000,0.000000,0.000000,0.000000
7.290000,0.097898,0.000000,0.000000,0.000000,0.000000,0.000000
7.310000,0.097598,0.000000,0.000000,0.000000,0.000000,0.000000
7.340000,0.097110,0.000000,0.000000,0.000000,0.000000,0.000000
7.360000,0.096760,0.000000,0.000000,0.000000,0.000000,0.000000
7.390000,0.096198,0.000000,0.000000,0.000000,0.000000,0.000000
7.410000,0.095798,0.000000,0.000000,0.000000,0.000000,0.000000
7.440000,0.095160,0.000000,0.000000,0.000000,0.000000,0.000000
7.460000,0.094710,0.000000,0.000000,0.000000,0.000000,0.000000
7.490000,0.093998,0.000000,0.000000,0.000000,0.000000,0.000000
7.510000,0.093498,0.000000,0.000000,0.000000,0.000000,0.000000
7.540000,0.092710,0.000000,0.000000,0.000000,0.000000,0.000000
7.560000,0.092160,0.000000,0.000000,0.000000,0.000000,0.000000
7.580000,0.091590,0.000000,0.000000,0.000000,0.000000,0.000000
7.610000,0.090698,0.000000,0.000000,0.000000,0.000000,0.000000
7.630000,0.090078,0.000000,0.000000,0.000000,0.000000,0.000000
7.660000,0.089110,0.000000,0.000000,0.000000,0.000000,0.000000
7.680000,0.088440,0.000000,0.000000,0.000000,0.000000,0.000000
7.710000,0.087398,0.000000,0.000000,0.000000,0.000000,0.000000
7.730000,0.086678,0.000000,0.000000,0.000000,0.000000,0.000000
7.760000,0.085560,0.000000,0.000000,0.000000,0.000000,0.000000
7.780000,0.084790,0.000000,0.000000,0.000000,0.000000,0.000000
7.810000,0.083598,0.000000,0.000000,0.000000,0.000000,0.000000
7.830000,0.082778,0.000000,0.000000,0.000000,0.000000,0.000000
7.860000,0.081510,0.000000,0.000000,0.000000,0.000000,0.000000
7.880000,0.080640,0.000000,0.000000,0.000000,0.000000,0.000000
7.910000,0.079298,0.000000,0.000000,0.000000,0.000000,0.000000
7.940000,0.077910,0.000000,0.000000,0.000000,0.000000,0.000000
7.960000,0.076960,0.000000,0.000000,0.000000,0.000000,0.000000
7.990000,0.075498,0.000000,0.000000,0.000000,0.000000,0.000000
8.010000,0.074498,0.000000,0.000000,0.000000,0.000000,0.000000
8.040000,0.072960,0.000000,0.000000,0.000000,0.000000,0.000000
8.060000,0.071910,0.000000,0.000000,0.000000,0.000000,0.000000
8.090000,0.070298,0.000000,0.000000,0.000000,0.000000,0.000000
8.110000,0.069198,0.000000,0.000000,0.000000,0.000000,0.000000
8.130000,0.068078,0.000000,0.000000,0.000000,0.000000,0.000000
8.160000,0.066360,0.000000,0.000000,0.000000,0.000000,0.000000
8.180000,0.065190,0.000000,0.000000,0.000000,0.000000,0.000000
8.210000,0.063398,0.000000,0.000000,0.000000,0.000000,0.000000
8.230000,0.062178,0.000000,0.000000,0.000000,0.000000,0.000000
8.250000,0.060938,0.000000,0.000000,0.000000,0.000000,0.000000
8.280000,0.059040,0.000000,0.000000,0.000000,0.000000,0.000000
8.300000,0.057750,0.000000,0.000000,0.000000,0.000000,0.000000
8.320000,0.056440,0.000000,0.000000,0.000000,0.000000,0.000000
8.350000,0.054438,0.000000,0.000000,0.000000,0.000000,0.000000
8.370000,0.053078,0.000000,0.000000,0.000000,0.000000,0.000000
8.400000,0.051000,0.000000,0.000000,0.000000,0.000000,0.000000
8.420000,0.049590,0.000000,0.000000,0.000000,0.000000,0.000000
8.440000,0.048160,0.000000,0.000000,0.000000,0.000000,0.000000
8.470000,0.045978,0.000000,0.000000,0.000000,0.000000,0.000000
8.490000,0.044498,0.000000,0.000000,0.000000,0.000000,0.000000
8.510000,0.042998,0.000000,0.000000,0.000000,0.000000,0.000000
8.540000,0.040710,0.000000,0.000000,0.000000,0.000000,0.000000
8.560000,0.039160,0.000000,0.000000,0.000000,0.000000,0.000000
8.590000,0.036798,0.000000,0.000000,0.000000,0.000000,0.000000
8.610000,0.035198,0.000000,0.000000,0.000000,0.000000,0.000000
8.630000,0.033578,0.000000,0.000000,0.000000,0.000000,0.000000
8.650000,0.031938,0.000000,0.000000,0.000000,0.000000,0.000000
8.680000,0.029440,0.000000,0.000000,0.000000,0.000000,0.000000
8.710000,0.026898,0.000000,0.000000,0.000000,0.000000,0.000000
8.780000,0.020790,0.000000,0.000000,0.000000,0.000000,0.000000
8.810000,0.018098,0.000000,0.000000,0.000000,0.000000,0.000000
8.830000,0.016278,0.000000,0.000000,0.000000,0.000000,0.000000
8.850000,0.014438,0.000000,0.000000,0.000000,0.000000,0.000000
8.880000,0.011640,0.000000,0.000000,0.000000,0.000000,0.000000
8.900000,0.009750,0.000000,0.000000,0.000000,0.000000,0.000000
8.920000,0.007840,0.000000,0.000000,0.000000,0.000000,0.000000
8.950000,0.004938,0.000000,0.000000,0.000000,0.000000,0.000000
8.970000,0.002978,0.000000,0.000000,0.000000,0.000000,0.000000
9.000000,0.000000,0.000000,0.000000,0.000000,0.000000,0.000000
9.020000,0.000000,0.000000,0.000000,0.000000,0.000000,0.000000
9.050000,0.000000,0.000000,0.000000,0.000000,0.000000,0.000000
9.070000,0.000000,0.000000,0.000000,0.000000,0.000000,0.000000
9.090000,0.000000,0.000000,0.000000,0.000000,0.000000,0.000000
9.120000,0.000000,0.000000,0.000000,0.000000,0.000000,0.000000
9.140000,0.000000,0.000000,0.000000,0.000000,0.000000,0.000000
9.170000,0.000000,0.000000,0.000000,0.000000,0.000000,0.000000
9.190000,0.000000,0.000000,0.000000,0.000000,0.000000,0.000000
9.220000,0.000000,0.000000,0.000000,0.000000,0.000000,0.000000
9.240000,0.000000,0.000000,0.000000,0.000000,0.000000,0.000000
9.270000,0.000000,0.000000,0.000000,0.000000,0.000000,0.000000
9.290000,0.000000,0.000000,0.000000,0.000000,0.000000,0.000000
9.320000,0.000000,0.000000,0.000000,0.000000,0.000000,0.000000
9.340000,0.000000,0.000000,0.000000,0.000000,0.000000,0.000000
9.360000,0.000000,0.000000,0.000000,0.000000,0.000000,0.000000
9.390000,0.000000,0.000000,0.000000,0.000000,0.000000,0.000000
9.410000,0.000000,0.000000,0.000000,0.000000,0.000000,0.000000
9.430000,0.000000,0.000000,0.000000,0.000000,0.000000,0.000000
9.460000,0.000000,0.000000,0.000000,0.000000,0.000000,0.000000
9.480000,0.000000,0.000000,0.000000,0.000000,0.000000,0.000000
9.500000,0.000000,0.000000,0.000000,0.000000,0.000000,0.000000
9.530000,0.000000,0.000000,0.000000,0.000000,0.000000,0.000000
9.550000,0.000000,0.000000,0.000000,0.000000,0.000000,0.000000
9.570000,0.000000,0.000000,0.000000,0.000000,0.000000,0.000000
9.600000,0.000000,0.000000,0.000000,0.000000,0.000000,0.000000
9.620000,0.000000,0.000000,0.000000,0.000000,0.000000,0.000000
9.640000,0.000000,0.000000,0.000000,0.000000,0.000000,0.000000
9.660000,0.000000,0.000000,0.000000,0.000000,0.000000,0.000000
9.690000,0.000000,0.000000,0.000000,0.000000,0.000000,0.000000
9.710000,0.000000,0.000000,0.000000,0.000000,0.000000,0.000000
9.740000,0.000000,0.000000,0.000000,0.000000,0.000000,0.000000
9.760000,0.000000,0.000000,0.000000,0.000000,0.000000,0.000000
9.790000,0.000000,0.000000,0.000000,0.000000,0.000000,0.000000
9.810000,0.000000,0.000000,0.000000,0.000000,0.000000,0.000000
9.840000,0.000000,0.000000,0.000000,0.000000,0.000000,0.000000
9.860000,0.000000,0.000000,0.000000,0.000000,0.000000,0.000000
9.880000,0.000000,0.000000,0.000000,0.000000,0.000000,0.000000
9.910000,0.000000,0.000000,0.000000,0.000000,0.000000,0.000000
9.930000,0.000000,0.000000,0.000000,0.000000,0.000000,0.000000
9.950000,0.000000,0.000000,0.000000,0.000000,0.000000,0.000000
9.980000,0.000000,0.000000,0.000000,0.000000,0.000000,0.000000
10.000000,0.000000,0.000000,0.000000,0.000000,0.000000,0.000000
10.020000,0.000000,0.000000,0.000000,0.000000,0.000000,0.000000
10.040000,0.000000,0.000000,0.000000,0.000000,0.000000,0.000000
10.060000,0.000000,0.000000,0.000000,0.000000,0.000000,0.000000
10.090000,0.000000,0.000000,0.000000,0.000000,0.000000,0.000000
10.110000,0.000000,0.000000,0.000000,0.000000,0.000000,0.000000
10.140000,0.000000,0.000000,0.000000,0.000000,0.000000,0.000000
10.160000,0.000000,0.000000,0.000000,0.000000,0.000000,0.000000
10.180000,0.000000,0.000000,0.000000,0.000000,0.000000,0.000000
10.210000,0.000000,0.000000,0.000000,0.000000,0.000000,0.000000
10.230000,0.000000,0.000000,0.000000,0.000000,0.000000,0.000000
10.250000,0.000000,0.000000,0.000000,0.000000,0.000000,0.000000
10.270000,0.000000,0.000000,0.000000,0.000000,0.000000,0.000000
10.300000,0.000000,0.000000,0.000000,0.000000,0.000000,0.000000
10.320000,0.000000,0.000000,0.000000,0.000000,0.000000,0.000000
10.340000,0.000000,0.000000,0.000000,0.000000,0.000000,0.000000
10.370000,0.000000,0.000000,0.000000,0.000000,0.000000,0.000000
10.390000,0.000000,0.000000,0.000000,0.000000,0.000000,0.000000
10.420000,0.000000,0.000000,0.000000,0.000000,0.000000,0.000000
10.440000,0.000000,0.000000,0.000000,0.000000,0.000000,0.000000
10.460000,0.000000,0.000000,0.000000,0.000000,0.000000,0.000000
10.490000,0.000000,0.000000,0.000000,0.000000,0.000000,0.000000
10.510000,0.000000,0.000000,0.000000,0.000000,0.000000,0.000000
10.530000,0.000000,0.000000,0.000000,0.000000,0.000000,0.000000
10.560000,0.000000,0.000000,0.000000,0.000000,0.000000,0.000000
10.580000,0.000000,0.000000,0.000000,0.000000,0.000000,0.000000
10.610000,0.000000,0.000000,0.000000,0.000000,0.000000,0.000000
10.630000,0.000000,0.000000,0.000000,0.000000,0.000000,0.000000
10.660000,0.000000,0.000000,0.000000,0.000000,0.000000,0.000000
10.680000,0.000000,0.000000,0.000000,0.000000,0.000000,0.000000
10.710000,0.000000,0.000000,0.000000,0.000000,0.000000,0.000000
10.730000,0.000000,0.000000,0.000000,0.000000,0.000000,0.000000
10.750000,0.000000,0.000000,0.000000,0.000000,0.000000,0.000000
10.780000,0.000000,0.000000,0.000000,0.000000,0.000000,0.000000
10.800000,0.000000,0.000000,0.000000,0.000000,0.000000,0.000000
10.830000,0.000000,0.000000,0.000000,0.000000,0.000000,0.000000
10.850000,0.000000,0.000000,0.000000,0.000000,0.000000,0.000000
10.880000,0.000000,0.000000,0.000000,0.000000,0.000000,0.000000
10.900000,0.000000,0.000000,0.000000,0.000000,0.000000,0.000000
10.920000,0.000000,0.000000,0.000000,0.000000,0.000000,0.000000
10.950000,0.000000,0.000000,0.000000,0.000000,0.000000,0.000000
10.970000,0.000000,0.000000,0.000000,0.000000,0.000000,0.000000
11.000000,0.000000,0.000000,0.000000,0.000000,0.000000,0.000000
11.020000,0.000000,0.000000,0.000000,0.000000,0.000000,0.000000
11.040000,0.000000,0.000000,0.000000,0.000000,0.000000,0.000000
11.070000,0.000000,0.000000,0.000000,0.000000,0.000000,0.000000
11.090000,0.000000,0.000000,0.000000,0.000000,0.000000,0.000000
11.110000,0.000000,0.000000,0.000000,0.000000,0.000000,0.000000
11.140000,0.000000,0.000000,0.000000,0.000000,0.000000,0.000000
11.160000,0.000000,0.000000,0.000000,0.000000,0.000000,0.000000
11.190000,0.000000,0.000000,0.000000,0.000000,0.000000,0.000000
11.210000,0.000000,0.000000,0.000000,0.000000,0.000000,0.000000
11.240000,0.000000,0.000000,0.000000,0.000000,0.000000,0.000000
11.260000,0.000000,0.000000,0.000000,0.000000,0.000000,0.000000
11.280000,0.000000,0.000000,0.000000,0.000000,0.000000,0.000000
11.310000,0.000000,0.000000,0.000000,0.000000,0.000000,0.000000
11.330000,0.000000,0.000000,0.000000,0.000000,0.000000,0.000000
11.360000,0.000000,0.000000,0.000000,0.000000,0.000000,0.000000
11.380000,0.000000,0.000000,0.000000,0.000000,0.000000,0.000000
11.400000,0.000000,0.000000,0.000000,0.000000,0.000000,0.000000
11.430000,0.000000,0.000000,0.000000,0.000000,0.000000,0.000000
11.450000,0.000000,0.000000,0.000000,0.000000,0.000000,0.000000
11.470000,0.000000,0.000000,0.000000,0.000000,0.000000,0.000000
11.500000,0.000000,0.000000,0.000000,0.000000,0.000000,0.000000
11.520000,0.000000,0.000000,0.000000,0.000000,0.000000,0.000000
11.540000,0.000000,0.000000,0.000000,0.000000,0.000000,0.000000
11.570000,0.000000,0.000000,0.000000,0.000000,0.000000,0.000000
11.590000,0.000000,0.000000,0.000000,0.000000,0.000000,0.000000
11.620000,0.000000,0.000000,0.000000,0.000000,0.000000,0.000000
11.640000,0.000000,0.000000,0.000000,0.000000,0.000000,0.000000
11.660000,0.000000,0.000000,0.000000,0.000000,0.000000,0.000000
11.690000,0.000000,0.000000,0.000000,0.000000,0.000000,0.000000
11.710000,0.000000,0.000000,0.000000,0.000000,0.000000,0.000000
11.740000,0.000000,0.000000,0.000000,0.000000,0.000000,0.000000
11.760000,0.000000,0.000000,0.000000,0.000000,0.000000,0.000000
11.790000,0.000000,0.000000,0.000000,0.000000,0.000000,0.000000
11.810000,0.000000,0.000000,0.000000,0.000000,0.000000,0.000000
11.840000,0.000000,0.000000,0.000000,0.000000,0.000000,0.000000
11.860000,0.000000,0.000000,0.000000,0.000000,0.000000,0.000000
11.890000,0.000000,0.000000,0.000000,0.000000,0.000000,0.000000
11.910000,0.000000,0.000000,0.000000,0.000000,0.000000,0.000000
11.940000,0.000000,0.000000,0.000000,0.000000,0.000000,0.000000
11.960000,0.000000,0.000000,0.000000,0.000000,0.000000,0.000000
11.990000,0.000000,0.000000,0.000000,0.000000,0.000000,0.000000
12.010000,0.000000,0.000000,0.000000,0.000000,0.000000,0.000000
12.030000,0.000000,0.000000,0.000000,0.000000,0.000000,0.000000
12.060000,0.000000,0.000000,0.000000,0.000000,0.000000,0.000000
12.080000,0.000000,0.000000,0.000000,0.000000,0.000000,0.000000
12.110000,0.000000,0.000000,0.000000,0.000000,0.000000,0.000000
12.130000,0.000000,0.000000,0.000000,0.000000,0.000000,0.000000
12.160000,0.000000,0.000000,0.000000,0.000000,0.000000,0.000000
12.180000,0.000000,0.000000,0.000000,0.000000,0.000000,0.000000
12.200000,0.000000,0.000000,0.000000,0.000000,0.000000,0.000000
12.230000,0.000000,0.000000,0.000000,0.000000,0.000000,0.000000
12.250000,0.000000,0.000000,0.000000,0.000000,0.000000,0.000000
12.280000,0.000000,0.000000,0.000000,0.000000,0.000000,0.000000
12.300000,0.000000,0.000000,0.000000,0.000000,0.000000,0.000000
12.330000,0.000000,0.000000,0.000000,0.000000,0.000000,0.000000
12.350000,0.000000,0.000000,0.000000,0.000000,0.000000,0.000000
12.380000,0.000000,0.000000,0.000000,0.000000,0.000000,0.000000
12.400000,0.000000,0.000000,0.000000,0.000000,0.000000,0.000000
12.420000,0.000000,0.000000,0.000000,0.000000,0.000000,0.000000
12.450000,0.000000,0.000000,0.000000,0.000000,0.000000,0.000000
12.470000,0.000000,0.000000,0.000000,0.000000,0.000000,0.000000
12.500000,0.000000,0.000000,0.000000,0.000000,0.000000,0.000000
12.520000,0.000000,0.000000,0.000000,0.000000,0.000000,0.000000
12.550000,0.000000,0.000000,0.000000,0.000000,0.000000,0.000000
12.570000,0.000000,0.000000,0.000000,0.000000,0.000000,0.000000
12.590000,0.000000,0.000000,0.000000,0.000000,0.000000,0.000000
12.620000,0.000000,0.000000,0.000000,0.000000,0.000000,0.000000
12.640000,0.000000,0.000000,0.000000,0.000000,0.000000,0.000000
12.670000,0.000000,0.000000,0.000000,0.000000,0.000000,0.000000
12.690000,0.000000,0.000000,0.000000,0.000000,0.000000,0.000000
12.720000,0.000000,0.000000,0.000000,0.000000,0.000000,0.000000
12.740000,0.000000,0.000000,0.000000,0.000000,0.000000,0.000000
12.770000,0.000000,0.000000,0.000000,0.000000,0.000000,0.000000
12.790000,0.000000,0.000000,0.000000,0.000000,0.000000,0.000000
12.810000,0.000000,0.000000,0.000000,0.000000,0.000000,0.000000
12.840000,0.000000,0.000000,0.000000,0.000000,0.000000,0.000000
12.860000,0.000000,0.000000,0.000000,0.000000,0.000000,0.000000
12.890000,0.000000,0.000000,0.000000,0.000000,0.000000,0.000000
12.910000,0.000000,0.000000,0.000000,0.000000,0.000000,0.000000
12.930000,0.000000,0.000000,0.000000,0.000000,0.000000,0.000000
12.960000,0.000000,0.000000,0.000000,0.000000,0.000000,0.000000
12.980000,0.000000,0.000000,0.000000,0.000000,0.000000,0.000000
13.010000,0.000000,0.000000,0.000000,0.000000,0.000000,0.000000
13.030000,0.000000,0.000000,0.000000,0.000000,0.000000,0.000000
13.060000,0.000000,0.000000,0.000000,0.000000,0.000000,0.000000
13.080000,0.000000,0.000000,0.000000,0.000000,0.000000,0.000000
13.100000,0.000000,0.000000,0.000000,0.000000,0.000000,0.000000
13.130000,0.000000,0.000000,0.000000,0.000000,0.000000,0.000000
13.160000,0.000000,0.000000,0.000000,0.000000,0.000000,0.000000
13.180000,0.000000,0.000000,0.000000,0.000000,0.000000,0.000000
13.200000,0.000000,0.000000,0.000000,0.000000,0.000000,0.000000
13.230000,0.000000,0.000000,0.000000,0.000000,0.000000,0.000000
13.250000,0.000000,0.000000,0.000000,0.000000,0.000000,0.000000
13.280000,0.000000,0.000000,0.000000,0.000000,0.000000,0.000000
13.300000,0.000000,0.000000,0.000000,0.000000,0.000000,0.000000
13.330000,0.000000,0.000000,0.000000,0.000000,0.000000,0.000000
13.350000,0.000000,0.000000,0.000000,0.000000,0.000000,0.000000
13.370000,0.000000,0.000000,0.000000,0.000000,0.000000,0.000000
13.400000,0.000000,0.000000,0.000000,0.000000,0.000000,0.000000
13.420000,0.000000,0.000000,0.000000,0.000000,0.000000,0.000000
13.450000,0.000000,0.000000,0.000000,0.000000,0.000000,0.000000
13.470000,0.000000,0.000000,0.000000,0.000000,0.000000,0.000000
13.500000,0.000000,0.000000,0.000000,0.000000,0.000000,0.000000
13.520000,0.000000,0.000000,0.000000,0.000000,0.000000,0.000000
13.550000,0.000000,0.000000,0.000000,0.000000,0.000000,0.000000
13.570000,0.000000,0.000000,0.000000,0.000000,0.000000,0.000000
13.600000,0.000000,0.000000,0.000000,0.000000,0.000000,0.000000
13.620000,0.000000,0.000000,0.000000,0.000000,0.000000,0.000000
13.650000,0.000000,0.000000,0.000000,0.000000,0.000000,0.000000
13.680000,0.000000,0.000000,0.000000,0.000000,0.000000,0.000000
13.700000,0.000000,0.000000,0.000000,0.000000,0.000000,0.000000
13.730000,0.000000,0.000000,0.000000,0.000000,0.000000,0.000000
13.750000,0.000000,0.000000,0.000000,0.000000,0.000000,0.000000
13.780000,0.000000,0.000000,0.000000,0.000000,0.000000,0.000000
13.800000,0.000000,0.000000,0.000000,0.000000,0.000000,0.000000
13.840000,0.000000,0.000000,0.000000,0.000000,0.000000,0.000000
13.860000,0.000000,0.000000,0.000000,0.000000,0.000000,0.000000
13.880000,0.000000,0.000000,0.000000,0.000000,0.000000,0.000000
13.910000,0.000000,0.000000,0.000000,0.000000,0.000000,0.000000
13.930000,0.000000,0.000000,0.000000,0.000000,0.000000,0.000000
13.960000,0.000000,0.000000,0.000000,0.000000,0.000000,0.000000
13.980000,0.000000,0.000000,0.000000,0.000000,0.000000,0.000000
14.010000,0.000000,0.000000,0.000000,0.000000,0.000000,0.000000
14.030000,0.000000,0.000000,0.000000,0.000000,0.000000,0.000000
14.060000,0.000000,0.000000,0.000000,0.000000,0.000000,0.000000
14.080000,0.000000,0.000000,0.000000,0.000000,0.000000,0.000000
14.110000,0.000000,0.000000,0.000000,0.000000,0.000000,0.000000
14.140000,0.000000,0.000000,0.000000,0.000000,0.000000,0.000000
14.160000,0.000000,0.000000,0.000000,0.000000,0.000000,0.000000
14.180000,0.000000,0.000000,0.000000,0.000000,0.000000,0.000000
14.210000,0.000000,0.000000,0.000000,0.000000,0.000000,0.000000
14.230000,0.000000,0.000000,0.000000,0.000000,0.000000,0.000000
14.250000,0.000000,0.000000,0.000000,0.000000,0.000000,0.000000
14.280000,0.000000,0.000000,0.000000,0.000000,0.000000,0.000000
14.300000,0.000000,0.000000,0.000000,0.000000,0.000000,0.000000
14.320000,0.000000,0.000000,0.000000,0.000000,0.000000,0.000000
14.350000,0.000000,0.000000,0.000000,0.000000,0.000000,0.000000
14.370000,0.000000,0.000000,0.000000,0.000000,0.000000,0.000000
14.400000,0.000000,0.000000,0.000000,0.000000,0.000000,0.000000
14.420000,0.000000,0.000000,0.000000,0.000000,0.000000,0.000000
14.450000,0.000000,0.000000,0.000000,0.000000,0.000000,0.000000
14.470000,0.000000,0.000000,0.000000,0.000000,0.000000,0.000000
14.500000,0.000000,0.000000,0.000000,0.000000,0.000000,0.000000
14.520000,0.000000,0.000000,0.000000,0.000000,0.000000,0.000000
14.550000,0.000000,0.000000,0.000000,0.000000,0.000000,0.000000
14.570000,0.000000,0.000000,0.000000,0.000000,0.000000,0.000000
14.590000,0.000000,0.000000,0.000000,0.000000,0.000000,0.000000
14.620000,0.000000,0.000000,0.000000,0.000000,0.000000,0.000000
14.640000,0.000000,0.000000,0.000000,0.000000,0.000000,0.000000
14.670000,0.000000,0.000000,0.000000,0.000000,0.000000,0.000000
14.690000,0.000000,0.000000,0.000000,0.000000,0.000000,0.000000
14.720000,0.000000,0.000000,0.000000,0.000000,0.000000,0.000000
14.740000,0.000000,0.000000,0.000000,0.000000,0.000000,0.000000
14.770000,0.000000,0.000000,0.000000,0.000000,0.000000,0.000000
14.790000,0.000000,0.000000,0.000000,0.000000,0.000000,0.000000
14.810000,0.000000,0.000000,0.000000,0.000000,0.000000,0.000000
14.840000,0.000000,0.000000,0.000000,0.000000,0.000000,0.000000
14.860000,0.000000,0.000000,0.000000,0.000000,0.000000,0.000000
14.880000,0.000000,0.000000,0.000000,0.000000,0.000000,0.000000
14.910000,0.000000,0.000000,0.000000,0.000000,0.000000,0.000000
14.940000,0.000000,0.000000,0.000000,0.000000,0.000000,0.000000
14.960000,0.000000,0.000000,0.000000,0.000000,0.000000,0.000000
14.980000,0.000000,0.000000,0.000000,0.000000,0.000000,0.000000
15.010000,-0.000997,0.000000,0.000000,0.000000,0.000000,0.000000
15.030000,-0.002977,0.000000,0.000000,0.000000,0.000000,0.000000
15.050000,-0.004937,0.000000,0.000000,0.000000,0.000000,0.000000
15.080000,-0.007840,0.000000,0.000000,0.000000,0.000000,0.000000
15.100000,-0.009750,0.000000,0.000000,0.000000,0.000000,0.000000
15.130000,-0.012577,0.000000,0.000000,0.000000,0.000000,0.000000
15.150000,-0.014437,0.000000,0.000000,0.000000,0.000000,0.000000
15.170000,-0.016277,0.000000,0.000000,0.000000,0.000000,0.000000
15.200000,-0.019000,0.000000,0.000000,0.000000,0.000000,0.000000
15.220000,-0.020790,0.000000,0.000000,0.000000,0.000000,0.000000
15.250000,-0.023437,0.000000,0.000000,0.000000,0.000000,0.000000
15.270000,-0.025177,0.000000,0.000000,0.000000,0.000000,0.000000
15.300000,-0.027750,0.000000,0.000000,0.000000,0.000000,0.000000
15.320000,-0.029440,0.000000,0.000000,0.000000,0.000000,0.000000
15.350000,-0.031937,0.000000,0.000000,0.000000,0.000000,0.000000
15.370000,-0.033577,0.000000,0.000000,0.000000,0.000000,0.000000
15.400000,-0.036000,0.000000,0.000000,0.000000,0.000000,0.000000
15.420000,-0.037590,0.000000,0.000000,0.000000,0.000000,0.000000
15.450000,-0.039937,0.000000,0.000000,0.000000,0.000000,0.000000
15.470000,-0.041477,0.000000,0.000000,0.000000,0.000000,0.000000
15.500000,-0.043750,0.000000,0.000000,0.000000,0.000000,0.000000
15.520000,-0.045240,0.000000,0.000000,0.000000,0.000000,0.000000
15.550000,-0.047437,0.000000,0.000000,0.000000,0.000000,0.000000
15.570000,-0.048877,0.000000,0.000000,0.000000,0.000000,0.000000
15.600000,-0.051000,0.000000,0.000000,0.000000,0.000000,0.000000
15.620000,-0.052390,0.000000,0.000000,0.000000,0.000000,0.000000
15.650000,-0.054437,0.000000,0.000000,0.000000,0.000000,0.000000
15.670000,-0.055777,0.000000,0.000000,0.000000,0.000000,0.000000
15.700000,-0.057750,0.000000,0.000000,0.000000,0.000000,0.000000
15.720000,-0.059040,0.000000,0.000000,0.000000,0.000000,0.000000
15.740000,-0.060310,0.000000,0.000000,0.000000,0.000000,0.000000
15.770000,-0.062177,0.000000,0.000000,0.000000,0.000000,0.000000
15.790000,-0.063397,0.000000,0.000000,0.000000,0.000000,0.000000
15.810000,-0.064597,0.000000,0.000000,0.000000,0.000000,0.000000
15.840000,-0.066360,0.000000,0.000000,0.000000,0.000000,0.000000
15.860000,-0.067510,0.000000,0.000000,0.000000,0.000000,0.000000
15.890000,-0.069197,0.000000,0.000000,0.000000,0.000000,0.000000
15.910000,-0.070297,0.000000,0.000000,0.000000,0.000000,0.000000
15.940000,-0.071910,0.000000,0.000000,0.000000,0.000000,0.000000
15.960000,-0.072960,0.000000,0.000000,0.000000,0.000000,0.000000
15.980000,-0.073990,0.000000,0.000000,0.000000,0.000000,0.000000
16.000000,-0.075000,0.000000,0.000000,0.000000,0.000000,0.000000
16.030000,-0.076477,0.000000,0.000000,0.000000,0.000000,0.000000
16.050000,-0.077437,0.000000,0.000000,0.000000,0.000000,0.000000
16.070000,-0.078377,0.000000,0.000000,0.000000,0.000000,0.000000
16.100000,-0.079750,0.000000,0.000000,0.000000,0.000000,0.000000
16.120000,-0.080640,0.000000,0.000000,0.000000,0.000000,0.000000
16.140000,-0.081510,0.000000,0.000000,0.000000,0.000000,0.000000
16.170000,-0.082777,0.000000,0.000000,0.000000,0.000000,0.000000
16.190000,-0.083597,0.000000,0.000000,0.000000,0.000000,0.000000
16.210000,-0.084397,0.000000,0.000000,0.000000,0.000000,0.000000
16.240000,-0.085560,0.000000,0.000000,0.000000,0.000000,0.000000
16.260000,-0.086310,0.000000,0.000000,0.000000,0.000000,0.000000
16.280000,-0.087040,0.000000,0.000000,0.000000,0.000000,0.000000
16.310000,-0.088097,0.000000,0.000000,0.000000,0.000000,0.000000
16.330000,-0.088777,0.000000,0.000000,0.000000,0.000000,0.000000
16.360000,-0.089760,0.000000,0.000000,0.000000,0.000000,0.000000
16.380000,-0.090390,0.000000,0.000000,0.000000,0.000000,0.000000
16.410000,-0.091297,0.000000,0.000000,0.000000,0.000000,0.000000
16.430000,-0.091877,0.000000,0.000000,0.000000,0.000000,0.000000
16.450000,-0.092437,0.000000,0.000000,0.000000,0.000000,0.000000
16.480000,-0.093240,0.000000,0.000000,0.000000,0.000000,0.000000
16.500000,-0.093750,0.000000,0.000000,0.000000,0.000000,0.000000
16.530000,-0.094477,0.000000,0.000000,0.000000,0.000000,0.000000
16.550000,-0.094937,0.000000,0.000000,0.000000,0.000000,0.000000
16.570000,-0.095377,0.000000,0.000000,0.000000,0.000000,0.000000
16.600000,-0.096000,0.000000,0.000000,0.000000,0.000000,0.000000
16.620000,-0.096390,0.000000,0.000000,0.000000,0.000000,0.000000
16.650000,-0.096937,0.000000,0.000000,0.000000,0.000000,0.000000
16.670000,-0.097277,0.000000,0.000000,0.000000,0.000000,0.000000
16.690000,-0.097597,0.000000,0.000000,0.000000,0.000000,0.000000
16.720000,-0.098040,0.000000,0.000000,0.000000,0.000000,0.000000
16.740000,-0.098310,0.000000,0.000000,0.000000,0.000000,0.000000
16.770000,-0.098677,0.000000,0.000000,0.000000,0.000000,0.000000
16.790000,-0.098897,0.000000,0.000000,0.000000,0.000000,0.000000
16.820000,-0.099190,0.000000,0.000000,0.000000,0.000000,0.000000
16.840000,-0.099360,0.000000,0.000000,0.000000,0.000000,0.000000
16.860000,-0.099510,0.000000,0.000000,0.000000,0.000000,0.000000
16.890000,-0.099697,0.000000,0.000000,0.000000,0.000000,0.000000
16.910000,-0.099797,0.000000,0.000000,0.000000,0.000000,0.000000
16.940000,-0.099910,0.000000,0.000000,0.000000,0.000000,0.000000
16.960000,-0.099960,0.000000,0.000000,0.000000,0.000000,0.000000
16.980000,-0.099990,0.000000,0.000000,0.000000,0.000000,0.000000
17.010000,-0.099998,0.000000,0.000000,0.000000,0.000000,0.000000
17.030000,-0.099978,0.000000,0.000000,0.000000,0.000000,0.000000
17.060000,-0.099910,0.000000,0.000000,0.000000,0.000000,0.000000
17.080000,-0.099840,0.000000,0.000000,0.000000,0.000000,0.000000
17.100000,-0.099750,0.000000,0.000000,0.000000,0.000000,0.000000
17.130000,-0.099578,0.000000,0.000000,0.000000,0.000000,0.000000
17.160000,-0.099360,0.000000,0.000000,0.000000,0.000000,0.000000
17.180000,-0.099190,0.000000,0.000000,0.000000,0.000000,0.000000
17.210000,-0.098898,0.000000,0.000000,0.000000,0.000000,0.000000
17.230000,-0.098678,0.000000,0.000000,0.000000,0.000000,0.000000
17.260000,-0.098310,0.000000,0.000000,0.000000,0.000000,0.000000
17.280000,-0.098040,0.000000,0.000000,0.000000,0.000000,0.000000
17.300000,-0.097750,0.000000,0.000000,0.000000,0.000000,0.000000
17.330000,-0.097278,0.000000,0.000000,0.000000,0.000000,0.000000
17.350000,-0.096938,0.000000,0.000000,0.000000,0.000000,0.000000
17.380000,-0.096390,0.000000,0.000000,0.000000,0.000000,0.000000
17.400000,-0.096000,0.000000,0.000000,0.000000,0.000000,0.000000
17.430000,-0.095378,0.000000,0.000000,0.000000,0.000000,0.000000
17.450000,-0.094938,0.000000,0.000000,0.000000,0.000000,0.000000
17.480000,-0.094240,0.000000,0.000000,0.000000,0.000000,0.000000
17.500000,-0.093750,0.000000,0.000000,0.000000,0.000000,0.000000
17.520000,-0.093240,0.000000,0.000000,0.000000,0.000000,0.000000
17.540000,-0.092710,0.000000,0.000000,0.000000,0.000000,0.000000
17.570000,-0.091878,0.000000,0.000000,0.000000,0.000000,0.000000
17.590000,-0.091298,0.000000,0.000000,0.000000,0.000000,0.000000
17.610000,-0.090698,0.000000,0.000000,0.000000,0.000000,0.000000
17.640000,-0.089760,0.000000,0.000000,0.000000,0.000000,0.000000
17.660000,-0.089110,0.000000,0.000000,0.000000,0.000000,0.000000
17.680000,-0.088440,0.000000,0.000000,0.000000,0.000000,0.000000
17.710000,-0.087398,0.000000,0.000000,0.000000,0.000000,0.000000
17.730000,-0.086678,0.000000,0.000000,0.000000,0.000000,0.000000
17.750000,-0.085938,0.000000,0.000000,0.000000,0.000000,0.000000
17.780000,-0.084790,0.000000,0.000000,0.000000,0.000000,0.000000
17.810000,-0.083598,0.000000,0.000000,0.000000,0.000000,0.000000
17.830000,-0.082778,0.000000,0.000000,0.000000,0.000000,0.000000
17.850000,-0.081938,0.000000,0.000000,0.000000,0.000000,0.000000
17.880000,-0.080640,0.000000,0.000000,0.000000,0.000000,0.000000
17.900000,-0.079750,0.000000,0.000000,0.000000,0.000000,0.000000
17.930000,-0.078377,0.000000,0.000000,0.000000,0.000000,0.000000
17.950000,-0.077437,0.000000,0.000000,0.000000,0.000000,0.000000
17.970000,-0.076477,0.000000,0.000000,0.000000,0.000000,0.000000
18.000000,-0.075000,0.000000,0.000000,0.000000,0.000000,0.000000
18.020000,-0.073990,0.000000,0.000000,0.000000,0.000000,0.000000
18.040000,-0.072960,0.000000,0.000000,0.000000,0.000000,0.000000
18.070000,-0.071377,0.000000,0.000000,0.000000,0.000000,0.000000
18.090000,-0.070297,0.000000,0.000000,0.000000,0.000000,0.000000
18.120000,-0.068640,0.000000,0.000000,0.000000,0.000000,0.000000
18.140000,-0.067510,0.000000,0.000000,0.000000,0.000000,0.000000
18.160000,-0.066360,0.000000,0.000000,0.000000,0.000000,0.000000
18.190000,-0.064597,0.000000,0.000000,0.000000,0.000000,0.000000
18.210000,-0.063397,0.000000,0.000000,0.000000,0.000000,0.000000
18.230000,-0.062177,0.000000,0.000000,0.000000,0.000000,0.000000
18.260000,-0.060310,0.000000,0.000000,0.000000,0.000000,0.000000
18.280000,-0.059040,0.000000,0.000000,0.000000,0.000000,0.000000
18.300000,-0.057750,0.000000,0.000000,0.000000,0.000000,0.000000
18.330000,-0.055777,0.000000,0.000000,0.000000,0.000000,0.000000
18.350000,-0.054437,0.000000,0.000000,0.000000,0.000000,0.000000
18.380000,-0.052390,0.000000,0.000000,0.000000,0.000000,0.000000
18.400000,-0.051000,0.000000,0.000000,0.000000,0.000000,0.000000
18.430000,-0.048877,0.000000,0.000000,0.000000,0.000000,0.000000
18.450000,-0.047437,0.000000,0.000000,0.000000,0.000000,0.000000
18.470000,-0.045977,0.000000,0.000000,0.000000,0.000000,0.000000
18.500000,-0.043750,0.000000,0.000000,0.000000,0.000000,0.000000
18.520000,-0.042240,0.000000,0.000000,0.000000,0.000000,0.000000
18.540000,-0.040710,0.000000,0.000000,0.000000,0.000000,0.000000
18.570000,-0.038377,0.000000,0.000000,0.000000,0.000000,0.000000
18.590000,-0.036797,0.000000,0.000000,0.000000,0.000000,0.000000
18.610000,-0.035197,0.000000,0.000000,0.000000,0.000000,0.000000
18.640000,-0.032760,0.000000,0.000000,0.000000,0.000000,0.000000
18.660000,-0.031110,0.000000,0.000000,0.000000,0.000000,0.000000
18.680000,-0.029440,0.000000,0.000000,0.000000,0.000000,0.000000
18.710000,-0.026897,0.000000,0.000000,0.000000,0.000000,0.000000
18.730000,-0.025177,0.000000,0.000000,0.000000,0.000000,0.000000
18.750000,-0.023437,0.000000,0.000000,0.000000,0.000000,0.000000
18.780000,-0.020790,0.000000,0.000000,0.000000,0.000000,0.000000
18.800000,-0.019000,0.000000,0.000000,0.000000,0.000000,0.000000
18.830000,-0.016277,0.000000,0.000000,0.000000,0.000000,0.000000
18.850000,-0.014437,0.000000,0.000000,0.000000,0.000000,0.000000
18.880000,-0.011640,0.000000,0.000000,0.000000,0.000000,0.000000
18.900000,-0.009750,0.000000,0.000000,0.000000,0.000000,0.000000
18.920000,-0.007840,0.000000,0.000000,0.000000,0.000000,0.000000
18.950000,-0.004937,0.000000,0.000000,0.000000,0.000000,0.000000
18.970000,-0.002977,0.000000,0.000000,0.000000,0.000000,0.000000
19.000000,0.000000,0.000000,0.000000,0.000000,0.000000,0.000000
19.020000,0.000000,0.000000,0.000000,0.000000,0.000000,0.000000
19.050000,0.000000,0.000000,0.000000,0.000000,0.000000,0.000000
19.070000,0.000000,0.000000,0.000000,0.000000,0.000000,0.000000
19.100000,0.000000,0.000000,0.000000,0.000000,0.000000,0.000000
19.120000,0.000000,0.000000,0.000000,0.000000,0.000000,0.000000
19.140000,0.000000,0.000000,0.000000,0.000000,0.000000,0.000000
19.170000,0.000000,0.000000,0.000000,0.000000,0.000000,0.000000
19.190000,0.000000,0.000000,0.000000,0.000000,0.000000,0.000000
19.210000,0.000000,0.000000,0.000000,0.000000,0.000000,0.000000
19.240000,0.000000,0.000000,0.000000,0.000000,0.000000,0.000000
19.260000,0.000000,0.000000,0.000000,0.000000,0.000000,0.000000
19.280000,0.000000,0.000000,0.000000,0.000000,0.000000,0.000000
19.310000,0.000000,0.000000,0.000000,0.000000,0.000000,0.000000
19.330000,0.000000,0.000000,0.000000,0.000000,0.000000,0.000000
19.350000,0.000000,0.000000,0.000000,0.000000,0.000000,0.000000
19.380000,0.000000,0.000000,0.000000,0.000000,0.000000,0.000000
19.400000,0.000000,0.000000,0.000000,0.000000,0.000000,0.000000
19.430000,0.000000,0.000000,0.000000,0.000000,0.000000,0.000000
19.450000,0.000000,0.000000,0.000000,0.000000,0.000000,0.000000
19.470000,0.000000,0.000000,0.000000,0.000000,0.000000,0.000000
19.500000,0.000000,0.000000,0.000000,0.000000,0.000000,0.000000
19.520000,0.000000,0.000000,0.000000,0.000000,0.000000,0.000000
19.550000,0.000000,0.000000,0.000000,0.000000,0.000000,0.000000
19.580000,0.000000,0.000000,0.000000,0.000000,0.000000,0.000000
19.600000,0.000000,0.000000,0.000000,0.000000,0.000000,0.000000
19.620000,0.000000,0.000000,0.000000,0.000000,0.000000,0.000000
19.650000,0.000000,0.000000,0.000000,0.000000,0.000000,0.000000
19.670000,0.000000,0.000000,0.000000,0.000000,0.000000,0.000000
19.700000,0.000000,0.000000,0.000000,0.000000,0.000000,0.000000
19.720000,0.000000,0.000000,0.000000,0.000000,0.000000,0.000000
19.750000,0.000000,0.000000,0.000000,0.000000,0.000000,0.000000
19.770000,0.000000,0.000000,0.000000,0.000000,0.000000,0.000000
19.800000,0.000000,0.000000,0.000000,0.000000,0.000000,0.000000
19.820000,0.000000,0.000000,0.000000,0.000000,0.000000,0.000000
19.850000,0.000000,0.000000,0.000000,0.000000,0.000000,0.000000
19.870000,0.000000,0.000000,0.000000,0.000000,0.000000,0.000000
19.900000,0.000000,0.000000,0.000000,0.000000,0.000000,0.000000
19.970000,0.000000,0.000000,0.000000,0.000000,0.000000,0.000000
19.990000,0.000000,0.000000,0.000000,0.000000,0.000000,0.000000
20.020000,0.000000,0.000000,0.000000,0.000000,0.000000,0.000000
20.040000,0.000000,0.000000,0.000000,0.000000,0.000000,0.000000
20.070000,0.000000,0.000000,0.000000,0.000000,0.000000,0.000000
20.090000,0.000000,0.000000,0.000000,0.000000,0.000000,0.000000
20.120000,0.000000,0.000000,0.000000,0.000000,0.000000,0.000000
20.140000,0.000000,0.000000,0.000000,0.000000,0.000000,0.000000
20.160000,0.000000,0.000000,0.000000,0.000000,0.000000,0.000000
20.180000,0.000000,0.000000,0.000000,0.000000,0.000000,0.000000
20.200000,0.000000,0.000000,0.000000,0.000000,0.000000,0.000000
20.230000,0.000000,0.000000,0.000000,0.000000,0.000000,0.000000
20.250000,0.000000,0.000000,0.000000,0.000000,0.000000,0.000000
20.270000,0.000000,0.000000,0.000000,0.000000,0.000000,0.000000
20.310000,0.000000,0.000000,0.000000,0.000000,0.000000,0.000000
20.330000,0.000000,0.000000,0.000000,0.000000,0.000000,0.000000
20.350000,0.000000,0.000000,0.000000,0.000000,0.000000,0.000000
20.380000,0.000000,0.000000,0.000000,0.000000,0.000000,0.000000
20.410000,0.000000,0.000000,0.000000,0.000000,0.000000,0.000000
20.430000,0.000000,0.000000,0.000000,0.000000,0.000000,0.000000
20.450000,0.000000,0.000000,0.000000,0.000000,0.000000,0.000000
20.470000,0.000000,0.000000,0.000000,0.000000,0.000000,0.000000
20.500000,0.000000,0.000000,0.000000,0.000000,0.000000,0.000000
20.520000,0.000000,0.000000,0.000000,0.000000,0.000000,0.000000
20.540000,0.000000,0.000000,0.000000,0.000000,0.000000,0.000000
20.570000,0.000000,0.000000,0.000000,0.000000,0.000000,0.000000
20.590000,0.000000,0.000000,0.000000,0.000000,0.000000,0.000000
20.660000,0.000000,0.000000,0.000000,0.000000,0.000000,0.000000
20.680000,0.000000,0.000000,0.000000,0.000000,0.000000,0.000000
20.760000,0.000000,0.000000,0.000000,0.000000,0.000000,0.000000
20.780000,0.000000,0.000000,0.000000,0.000000,0.000000,0.000000
20.810000,0.000000,0.000000,0.000000,0.000000,0.000000,0.000000
20.830000,0.000000,0.000000,0.000000,0.000000,0.000000,0.000000
20.860000,0.000000,0.000000,0.000000,0.000000,0.000000,0.000000
20.880000,0.000000,0.000000,0.000000,0.000000,0.000000,0.000000
20.910000,0.000000,0.000000,0.000000,0.000000,0.000000,0.000000
20.930000,0.000000,0.000000,0.000000,0.000000,0.000000,0.000000
20.950000,0.000000,0.000000,0.000000,0.000000,0.000000,0.000000
20.980000,0.000000,0.000000,0.000000,0.000000,0.000000,0.000000
21.000000,0.000000,0.000000,0.000000,0.000000,0.000000,0.000000
21.030000,0.000000,0.000000,0.000000,0.000000,0.000000,0.000000
21.050000,0.000000,0.000000,0.000000,0.000000,0.000000,0.000000
21.080000,0.000000,0.000000,0.000000,0.000000,0.000000,0.000000
21.100000,0.000000,0.000000,0.000000,0.000000,0.000000,0.000000
21.130000,0.000000,0.000000,0.000000,0.000000,0.000000,0.000000
21.150000,0.000000,0.000000,0.000000,0.000000,0.000000,0.000000
21.180000,0.000000,0.000000,0.000000,0.000000,0.000000,0.000000
21.200000,0.000000,0.000000,0.000000,0.000000,0.000000,0.000000
21.220000,0.000000,0.000000,0.000000,0.000000,0.000000,0.000000
21.250000,0.000000,0.000000,0.000000,0.000000,0.000000,0.000000
21.270000,0.000000,0.000000,0.000000,0.000000,0.000000,0.000000
21.300000,0.000000,0.000000,0.000000,0.000000,0.000000,0.000000
21.320000,0.000000,0.000000,0.000000,0.000000,0.000000,0.000000
21.350000,0.000000,0.000000,0.000000,0.000000,0.000000,0.000000
21.370000,0.000000,0.000000,0.000000,0.000000,0.000000,0.000000
21.400000,0.000000,0.000000,0.000000,0.000000,0.000000,0.000000
21.420000,0.000000,0.000000,0.000000,0.000000,0.000000,0.000000
21.450000,0.000000,0.000000,0.000000,0.000000,0.000000,0.000000
21.470000,0.000000,0.000000,0.000000,0.000000,0.000000,0.000000
21.500000,0.000000,0.000000,0.000000,0.000000,0.000000,0.000000
21.520000,0.000000,0.000000,0.000000,0.000000,0.000000,0.000000
21.550000,0.000000,0.000000,0.000000,0.000000,0.000000,0.000000
21.570000,0.000000,0.000000,0.000000,0.000000,0.000000,0.000000
21.600000,0.000000,0.000000,0.000000,0.000000,0.000000,0.000000
21.620000,0.000000,0.000000,0.000000,0.000000,0.000000,0.000000
21.650000,0.000000,0.000000,0.000000,0.000000,0.000000,0.000000
21.670000,0.000000,0.000000,0.000000,0.000000,0.000000,0.000000
21.700000,0.000000,0.000000,0.000000,0.000000,0.000000,0.000000
21.720000,0.000000,0.000000,0.000000,0.000000,0.000000,0.000000
21.750000,0.000000,0.000000,0.000000,0.000000,0.000000,0.000000
21.770000,0.000000,0.000000,0.000000,0.000000,0.000000,0.000000
21.800000,0.000000,0.000000,0.000000,0.000000,0.000000,0.000000
21.820000,0.000000,0.000000,0.000000,0.000000,0.000000,0.000000
21.850000,0.000000,0.000000,0.000000,0.000000,0.000000,0.000000
21.870000,0.000000,0.000000,0.000000,0.000000,0.000000,0.000000
21.900000,0.000000,0.000000,0.000000,0.000000,0.000000,0.000000
21.930000,0.000000,0.000000,0.000000,0.000000,0.000000,0.000000
21.950000,0.000000,0.000000,0.000000,0.000000,0.000000,0.000000
21.980000,0.000000,0.000000,0.000000,0.000000,0.000000,0.000000
22.010000,0.000000,0.000000,0.000000,0.000000,0.000000,0.000000
22.030000,0.000000,0.000000,0.000000,0.000000,0.000000,0.000000
22.060000,0.000000,0.000000,0.000000,0.000000,0.000000,0.000000
22.080000,0.000000,0.000000,0.000000,0.000000,0.000000,0.000000
22.110000,0.000000,0.000000,0.000000,0.000000,0.000000,0.000000
22.130000,0.000000,0.000000,0.000000,0.000000,0.000000,0.000000
22.160000,0.000000,0.000000,0.000000,0.000000,0.000000,0.000000
22.180000,0.000000,0.000000,0.000000,0.000000,0.000000,0.000000
22.210000,0.000000,0.000000,0.000000,0.000000,0.000000,0.000000
22.230000,0.000000,0.000000,0.000000,0.000000,0.000000,0.000000
22.260000,0.000000,0.000000,0.000000,0.000000,0.000000,0.000000
22.280000,0.000000,0.000000,0.000000,0.000000,0.000000,0.000000
22.310000,0.000000,0.000000,0.000000,0.000000,0.000000,0.000000
22.330000,0.000000,0.000000,0.000000,0.000000,0.000000,0.000000
22.360000,0.000000,0.000000,0.000000,0.000000,0.000000,0.000000
22.380000,0.000000,0.000000,0.000000,0.000000,0.000000,0.000000
22.400000,0.000000,0.000000,0.000000,0.000000,0.000000,0.000000
22.430000,0.000000,0.000000,0.000000,0.000000,0.000000,0.000000
22.450000,0.000000,0.000000,0.000000,0.000000,0.000000,0.000000
22.470000,0.000000,0.000000,0.000000,0.000000,0.000000,0.000000
22.490000,0.000000,0.000000,0.000000,0.000000,0.000000,0.000000
22.520000,0.000000,0.000000,0.000000,0.000000,0.000000,0.000000
22.540000,0.000000,0.000000,0.000000,0.000000,0.000000,0.000000
22.570000,0.000000,0.000000,0.000000,0.000000,0.000000,0.000000
22.590000,0.000000,0.000000,0.000000,0.000000,0.000000,0.000000
22.620000,0.000000,0.000000,0.000000,0.000000,0.000000,0.000000
22.640000,0.000000,0.000000,0.000000,0.000000,0.000000,0.000000
22.660000,0.000000,0.000000,0.000000,0.000000,0.000000,0.000000
22.690000,0.000000,0.000000,0.000000,0.000000,0.000000,0.000000
22.710000,0.000000,0.000000,0.000000,0.000000,0.000000,0.000000
22.730000,0.000000,0.000000,0.000000,0.000000,0.000000,0.000000
22.760000,0.000000,0.000000,0.000000,0.000000,0.000000,0.000000
22.780000,0.000000,0.000000,0.000000,0.000000,0.000000,0.000000
22.810000,0.000000,0.000000,0.000000,0.000000,0.000000,0.000000
22.830000,0.000000,0.000000,0.000000,0.000000,0.000000,0.000000
22.850000,0.000000,0.000000,0.000000,0.000000,0.000000,0.000000
22.880000,0.000000,0.000000,0.000000,0.000000,0.000000,0.000000
22.900000,0.000000,0.000000,0.000000,0.000000,0.000000,0.000000
22.920000,0.000000,0.000000,0.000000,0.000000,0.000000,0.000000
22.950000,0.000000,0.000000,0.000000,0.000000,0.000000,0.000000
22.970000,0.000000,0.000000,0.000000,0.000000,0.000000,0.000000
22.990000,0.000000,0.000000,0.000000,0.000000,0.000000,0.000000
23.020000,0.000000,0.000000,0.000000,0.000000,0.000000,0.000000
23.040000,0.000000,0.000000,0.000000,0.000000,0.000000,0.000000
23.070000,0.000000,0.000000,0.000000,0.000000,0.000000,0.000000
23.090000,0.000000,0.000000,0.000000,0.000000,0.000000,0.000000
23.110000,0.000000,0.000000,0.000000,0.000000,0.000000,0.000000
23.140000,0.000000,0.000000,0.000000,0.000000,0.000000,0.000000
23.160000,0.000000,0.000000,0.000000,0.000000,0.000000,0.000000
23.190000,0.000000,0.000000,0.000000,0.000000,0.000000,0.000000
23.210000,0.000000,0.000000,0.000000,0.000000,0.000000,0.000000
23.240000,0.000000,0.000000,0.000000,0.000000,0.000000,0.000000
23.260000,0.000000,0.000000,0.000000,0.000000,0.000000,0.000000
23.280000,0.000000,0.000000,0.000000,0.000000,0.000000,0.000000
23.310000,0.000000,0.000000,0.000000,0.000000,0.000000,0.000000
23.330000,0.000000,0.000000,0.000000,0.000000,0.000000,0.000000
23.360000,0.000000,0.000000,0.000000,0.000000,0.000000,0.000000
23.380000,0.000000,0.000000,0.000000,0.000000,0.000000,0.000000
23.420000,0.000000,0.000000,0.000000,0.000000,0.000000,0.000000
23.450000,0.000000,0.000000,0.000000,0.000000,0.000000,0.000000
23.470000,0.000000,0.000000,0.000000,0.000000,0.000000,0.000000
23.500000,0.000000,0.000000,0.000000,0.000000,0.000000,0.000000
23.520000,0.000000,0.000000,0.000000,0.000000,0.000000,0.000000
23.550000,0.000000,0.000000,0.000000,0.000000,0.000000,0.000000
23.570000,0.000000,0.000000,0.000000,0.000000,0.000000,0.000000
23.590000,0.000000,0.000000,0.000000,0.000000,0.000000,0.000000
23.620000,0.000000,0.000000,0.000000,0.000000,0.000000,0.000000
23.640000,0.000000,0.000000,0.000000,0.000000,0.000000,0.000000
23.670000,0.000000,0.000000,0.000000,0.000000,0.000000,0.000000
23.690000,0.000000,0.000000,0.000000,0.000000,0.000000,0.000000
23.720000,0.000000,0.000000,0.000000,0.000000,0.000000,0.000000
23.740000,0.000000,0.000000,0.000000,0.000000,0.000000,0.000000
23.760000,0.000000,0.000000,0.000000,0.000000,0.000000,0.000000
23.790000,0.000000,0.000000,0.000000,0.000000,0.000000,0.000000
23.810000,0.000000,0.000000,0.000000,0.000000,0.000000,0.000000
23.840000,0.000000,0.000000,0.000000,0.000000,0.000000,0.000000
23.860000,0.000000,0.000000,0.000000,0.000000,0.000000,0.000000
23.880000,0.000000,0.000000,0.000000,0.000000,0.000000,0.000000
23.910000,0.000000,0.000000,0.000000,0.000000,0.000000,0.000000
23.930000,0.000000,0.000000,0.000000,0.000000,0.000000,0.000000
23.960000,0.000000,0.000000,0.000000,0.000000,0.000000,0.000000
23.980000,0.000000,0.000000,0.000000,0.000000,0.000000,0.000000
24.000000,0.000000,0.000000,0.000000,0.000000,0.000000,0.000000
24.030000,0.000000,0.000000,0.000000,0.000000,0.000000,0.000000
24.060000,0.000000,0.000000,0.000000,0.000000,0.000000,0.000000
24.080000,0.000000,0.000000,0.000000,0.000000,0.000000,0.000000
24.110000,0.000000,0.000000,0.000000,0.000000,0.000000,0.000000
24.130000,0.000000,0.000000,0.000000,0.000000,0.000000,0.000000
24.150000,0.000000,0.000000,0.000000,0.000000,0.000000,0.000000
24.180000,0.000000,0.000000,0.000000,0.000000,0.000000,0.000000
24.200000,0.000000,0.000000,0.000000,0.000000,0.000000,0.000000
24.230000,0.000000,0.000000,0.000000,0.000000,0.000000,0.000000
24.250000,0.000000,0.000000,0.000000,0.000000,0.000000,0.000000
24.270000,0.000000,0.000000,0.000000,0.000000,0.000000,0.000000
24.300000,0.000000,0.000000,0.000000,0.000000,0.000000,0.000000
24.320000,0.000000,0.000000,0.000000,0.000000,0.000000,0.000000
24.350000,0.000000,0.000000,0.000000,0.000000,0.000000,0.000000
24.370000,0.000000,0.000000,0.000000,0.000000,0.000000,0.000000
24.400000,0.000000,0.000000,0.000000,0.000000,0.000000,0.000000
24.420000,0.000000,0.000000,0.000000,0.000000,0.000000,0.000000
24.450000,0.000000,0.000000,0.000000,0.000000,0.000000,0.000000
24.470000,0.000000,0.000000,0.000000,0.000000,0.000000,0.000000
24.490000,0.000000,0.000000,0.000000,0.000000,0.000000,0.000000
24.520000,0.000000,0.000000,0.000000,0.000000,0.000000,0.000000
24.540000,0.000000,0.000000,0.000000,0.000000,0.000000,0.000000
24.560000,0.000000,0.000000,0.000000,0.000000,0.000000,0.000000
24.590000,0.000000,0.000000,0.000000,0.000000,0.000000,0.000000
24.610000,0.000000,0.000000,0.000000,0.000000,0.000000,0.000000
24.640000,0.000000,0.000000,0.000000,0.000000,0.000000,0.000000
24.660000,0.000000,0.000000,0.000000,0.000000,0.000000,0.000000
24.680000,0.000000,0.000000,0.000000,0.000000,0.000000,0.000000
24.710000,0.000000,0.000000,0.000000,0.000000,0.000000,0.000000
24.730000,0.000000,0.000000,0.000000,0.000000,0.000000,0.000000
24.760000,0.000000,0.000000,0.000000,0.000000,0.000000,0.000000
24.780000,0.000000,0.000000,0.000000,0.000000,0.000000,0.000000
24.800000,0.000000,0.000000,0.000000,0.000000,0.000000,0.000000
24.830000,0.000000,0.000000,0.000000,0.000000,0.000000,0.000000
24.850000,0.000000,0.000000,0.000000,0.000000,0.000000,0.000000
24.880000,0.000000,0.000000,0.000000,0.000000,0.000000,0.000000
24.900000,0.000000,0.000000,0.000000,0.000000,0.000000,0.000000
24.920000,0.000000,0.000000,0.000000,0.000000,0.000000,0.000000
24.950000,0.000000,0.000000,0.000000,0.000000,0.000000,0.000000
24.970000,0.000000,0.000000,0.000000,0.000000,0.000000,0.000000
25.000000,0.000000,0.000000,0.000000,0.000000,0.000000,0.000000
25.020000,0.000000,0.000000,0.000000,0.000000,0.000000,0.000000
25.040000,0.000000,0.000000,0.000000,0.000000,0.000000,0.000000
25.070000,0.000000,0.000000,0.000000,0.000000,0.000000,0.000000
25.090000,0.000000,0.000000,0.000000,0.000000,0.000000,0.000000
25.120000,0.000000,0.000000,0.000000,0.000000,0.000000,0.000000
25.140000,0.000000,0.000000,0.000000,0.000000,0.000000,0.000000
25.160000,0.000000,0.000000,0.000000,0.000000,0.000000,0.000000
25.190000,0.000000,0.000000,0.000000,0.000000,0.000000,0.000000
25.210000,0.000000,0.000000,0.000000,0.000000,0.000000,0.000000
25.240000,0.000000,0.000000,0.000000,0.000000,0.000000,0.000000
25.270000,0.000000,0.000000,0.000000,0.000000,0.000000,0.000000
25.290000,0.000000,0.000000,0.000000,0.000000,0.000000,0.000000
25.320000,0.000000,0.000000,0.000000,0.000000,0.000000,0.000000
25.340000,0.000000,0.000000,0.000000,0.000000,0.000000,0.000000
25.370000,0.000000,0.000000,0.000000,0.000000,0.000000,0.000000
25.390000,0.000000,0.000000,0.000000,0.000000,0.000000,0.000000
25.410000,0.000000,0.000000,0.000000,0.000000,0.000000,0.000000
25.440000,0.000000,0.000000,0.000000,0.000000,0.000000,0.000000
25.460000,0.000000,0.000000,0.000000,0.000000,0.000000,0.000000
25.490000,0.000000,0.000000,0.000000,0.000000,0.000000,0.000000
25.510000,0.000000,0.000000,0.000000,0.000000,0.000000,0.000000
25.540000,0.000000,0.000000,0.000000,0.000000,0.000000,0.000000
25.560000,0.000000,0.000000,0.000000,0.000000,0.000000,0.000000
25.590000,0.000000,0.000000,0.000000,0.000000,0.000000,0.000000
25.610000,0.000000,0.000000,0.000000,0.000000,0.000000,0.000000
25.630000,0.000000,0.000000,0.000000,0.000000,0.000000,0.000000
25.660000,0.000000,0.000000,0.000000,0.000000,0.000000,0.000000
25.680000,0.000000,0.000000,0.000000,0.000000,0.000000,0.000000
25.710000,0.000000,0.000000,0.000000,0.000000,0.000000,0.000000
25.730000,0.000000,0.000000,0.000000,0.000000,0.000000,0.000000
25.760000,0.000000,0.000000,0.000000,0.000000,0.000000,0.000000
25.780000,0.000000,0.000000,0.000000,0.000000,0.000000,0.000000
25.810000,0.000000,0.000000,0.000000,0.000000,0.000000,0.000000
25.830000,0.000000,0.000000,0.000000,0.000000,0.000000,0.000000
25.850000,0.000000,0.000000,0.000000,0.000000,0.000000,0.000000
25.880000,0.000000,0.000000,0.000000,0.000000,0.000000,0.000000
25.900000,0.000000,0.000000,0.000000,0.000000,0.000000,0.000000
25.920000,0.000000,0.000000,0.000000,0.000000,0.000000,0.000000
25.950000,0.000000,0.000000,0.000000,0.000000,0.000000,0.000000
25.970000,0.000000,0.000000,0.000000,0.000000,0.000000,0.000000
25.990000,0.000000,0.000000,0.000000,0.000000,0.000000,0.000000
26.020000,0.000000,0.000000,0.000000,0.000000,0.000000,0.000000
26.040000,0.000000,0.000000,0.000000,0.000000,0.000000,0.000000
26.070000,0.000000,0.000000,0.000000,0.000000,0.000000,0.000000
26.090000,0.000000,0.000000,0.000000,0.000000,0.000000,0.000000
26.110000,0.000000,0.000000,0.000000,0.000000,0.000000,0.000000
26.130000,0.000000,0.000000,0.000000,0.000000,0.000000,0.000000
26.160000,0.000000,0.000000,0.000000,0.000000,0.000000,0.000000
26.180000,0.000000,0.000000,0.000000,0.000000,0.000000,0.000000
26.210000,0.000000,0.000000,0.000000,0.000000,0.000000,0.000000
26.230000,0.000000,0.000000,0.000000,0.000000,0.000000,0.000000
26.260000,0.000000,0.000000,0.000000,0.000000,0.000000,0.000000
26.280000,0.000000,0.000000,0.000000,0.000000,0.000000,0.000000
26.310000,0.000000,0.000000,0.000000,0.000000,0.000000,0.000000
26.340000,0.000000,0.000000,0.000000,0.000000,0.000000,0.000000
26.360000,0.000000,0.000000,0.000000,0.000000,0.000000,0.000000
26.380000,0.000000,0.000000,0.000000,0.000000,0.000000,0.000000
26.410000,0.000000,0.000000,0.000000,0.000000,0.000000,0.000000
26.440000,0.000000,0.000000,0.000000,0.000000,0.000000,0.000000
26.470000,0.000000,0.000000,0.000000,0.000000,0.000000,0.000000
26.490000,0.000000,0.000000,0.000000,0.000000,0.000000,0.000000
26.510000,0.000000,0.000000,0.000000,0.000000,0.000000,0.000000
26.540000,0.000000,0.000000,0.000000,0.000000,0.000000,0.000000
26.560000,0.000000,0.000000,0.000000,0.000000,0.000000,0.000000
26.590000,0.000000,0.000000,0.000000,0.000000,0.000000,0.000000
26.610000,0.000000,0.000000,0.000000,0.000000,0.000000,0.000000
26.640000,0.000000,0.000000,0.000000,0.000000,0.000000,0.000000
26.660000,0.000000,0.000000,0.000000,0.000000,0.000000,0.000000
26.690000,0.000000,0.000000,0.000000,0.000000,0.000000,0.000000
26.710000,0.000000,0.000000,0.000000,0.000000,0.000000,0.000000
26.740000,0.000000,0.000000,0.000000,0.000000,0.000000,0.000000
26.760000,0.000000,0.000000,0.000000,0.000000,0.000000,0.000000
26.790000,0.000000,0.000000,0.000000,0.000000,0.000000,0.000000
26.810000,0.000000,0.000000,0.000000,0.000000,0.000000,0.000000
26.830000,0.000000,0.000000,0.000000,0.000000,0.000000,0.000000
26.860000,0.000000,0.000000,0.000000,0.000000,0.000000,0.000000
26.880000,0.000000,0.000000,0.000000,0.000000,0.000000,0.000000
26.910000,0.000000,0.000000,0.000000,0.000000,0.000000,0.000000
26.930000,0.000000,0.000000,0.000000,0.000000,0.000000,0.000000
26.960000,0.000000,0.000000,0.000000,0.000000,0.000000,0.000000
26.980000,0.000000,0.000000,0.000000,0.000000,0.000000,0.000000
27.010000,0.000000,0.000000,0.000000,0.000000,0.000000,0.000000
27.030000,0.000000,0.000000,0.000000,0.000000,0.000000,0.000000
27.060000,0.000000,0.000000,0.000000,0.000000,0.000000,0.000000
27.080000,0.000000,0.000000,0.000000,0.000000,0.000000,0.000000
27.110000,0.000000,0.000000,0.000000,0.000000,0.000000,0.000000
27.130000,0.000000,0.000000,0.000000,0.000000,0.000000,0.000000
27.160000,0.000000,0.000000,0.000000,0.000000,0.000000,0.000000
27.180000,0.000000,0.000000,0.000000,0.000000,0.000000,0.000000
27.200000,0.000000,0.000000,0.000000,0.000000,0.000000,0.000000
27.230000,0.000000,0.000000,0.000000,0.000000,0.000000,0.000000
27.250000,0.000000,0.000000,0.000000,0.000000,0.000000,0.000000
27.280000,0.000000,0.000000,0.000000,0.000000,0.000000,0.000000
27.300000,0.000000,0.000000,0.000000,0.000000,0.000000,0.000000
27.330000,0.000000,0.000000,0.000000,0.000000,0.000000,0.000000
27.350000,0.000000,0.000000,0.000000,0.000000,0.000000,0.000000
27.380000,0.000000,0.000000,0.000000,0.000000,0.000000,0.000000
27.400000,0.000000,0.000000,0.000000,0.000000,0.000000,0.000000
27.420000,0.000000,0.000000,0.000000,0.000000,0.000000,0.000000
27.450000,0.000000,0.000000,0.000000,0.000000,0.000000,0.000000
27.470000,0.000000,0.000000,0.000000,0.000000,0.000000,0.000000
27.490000,0.000000,0.000000,0.000000,0.000000,0.000000,0.000000
27.520000,0.000000,0.000000,0.000000,0.000000,0.000000,0.000000
27.540000,0.000000,0.000000,0.000000,0.000000,0.000000,0.000000
27.560000,0.000000,0.000000,0.000000,0.000000,0.000000,0.000000
27.590000,0.000000,0.000000,0.000000,0.000000,0.000000,0.000000
27.610000,0.000000,0.000000,0.000000,0.000000,0.000000,0.000000
27.640000,0.000000,0.000000,0.000000,0.000000,0.000000,0.000000
27.660000,0.000000,0.000000,0.000000,0.000000,0.000000,0.000000
27.690000,0.000000,0.000000,0.000000,0.000000,0.000000,0.000000
27.710000,0.000000,0.000000,0.000000,0.000000,0.000000,0.000000
27.740000,0.000000,0.000000,0.000000,0.000000,0.000000,0.000000
27.760000,0.000000,0.000000,0.000000,0.000000,0.000000,0.000000
27.790000,0.000000,0.000000,0.000000,0.000000,0.000000,0.000000
27.820000,0.000000,0.000000,0.000000,0.000000,0.000000,0.000000
27.840000,0.000000,0.000000,0.000000,0.000000,0.000000,0.000000
27.860000,0.000000,0.000000,0.000000,0.000000,0.000000,0.000000
27.890000,0.000000,0.000000,0.000000,0.000000,0.000000,0.000000
27.910000,0.000000,0.000000,0.000000,0.000000,0.000000,0.000000
27.940000,0.000000,0.000000,0.000000,0.000000,0.000000,0.000000
27.960000,0.000000,0.000000,0.000000,0.000000,0.000000,0.000000
27.990000,0.000000,0.000000,0.000000,0.000000,0.000000,0.000000
28.010000,0.000000,0.000000,0.000000,0.000000,0.000000,0.000000
28.030000,0.000000,0.000000,0.000000,0.000000,0.000000,0.000000
28.060000,0.000000,0.000000,0.000000,0.000000,0.000000,0.000000
28.080000,0.000000,0.000000,0.000000,0.000000,0.000000,0.000000
28.110000,0.000000,0.000000,0.000000,0.000000,0.000000,0.000000
28.130000,0.000000,0.000000,0.000000,0.000000,0.000000,0.000000
28.160000,0.000000,0.000000,0.000000,0.000000,0.000000,0.000000
28.180000,0.000000,0.000000,0.000000,0.000000,0.000000,0.000000
28.200000,0.000000,0.000000,0.000000,0.000000,0.000000,0.000000
28.230000,0.000000,0.000000,0.000000,0.000000,0.000000,0.000000
28.250000,0.000000,0.000000,0.000000,0.000000,0.000000,0.000000
28.280000,0.000000,0.000000,0.000000,0.000000,0.000000,0.000000
28.300000,0.000000,0.000000,0.000000,0.000000,0.000000,0.000000
28.330000,0.000000,0.000000,0.000000,0.000000,0.000000,0.000000
28.350000,0.000000,0.000000,0.000000,0.000000,0.000000,0.000000
28.370000,0.000000,0.000000,0.000000,0.000000,0.000000,0.000000
28.400000,0.000000,0.000000,0.000000,0.000000,0.000000,0.000000
28.420000,0.000000,0.000000,0.000000,0.000000,0.000000,0.000000
28.440000,0.000000,0.000000,0.000000,0.000000,0.000000,0.000000
28.470000,0.000000,0.000000,0.000000,0.000000,0.000000,0.000000
28.490000,0.000000,0.000000,0.000000,0.000000,0.000000,0.000000
28.520000,0.000000,0.000000,0.000000,0.000000,0.000000,0.000000
28.540000,0.000000,0.000000,0.000000,0.000000,0.000000,0.000000
28.570000,0.000000,0.000000,0.000000,0.000000,0.000000,0.000000
28.590000,0.000000,0.000000,0.000000,0.000000,0.000000,0.000000
28.620000,0.000000,0.000000,0.000000,0.000000,0.000000,0.000000
28.640000,0.000000,0.000000,0.000000,0.000000,0.000000,0.000000
28.670000,0.000000,0.000000,0.000000,0.000000,0.000000,0.000000
28.690000,0.000000,0.000000,0.000000,0.000000,0.000000,0.000000
28.720000,0.000000,0.000000,0.000000,0.000000,0.000000,0.000000
28.740000,0.000000,0.000000,0.000000,0.000000,0.000000,0.000000
28.770000,0.000000,0.000000,0.000000,0.000000,0.000000,0.000000
28.790000,0.000000,0.000000,0.000000,0.000000,0.000000,0.000000
28.810000,0.000000,0.000000,0.000000,0.000000,0.000000,0.000000
28.840000,0.000000,0.000000,0.000000,0.000000,0.000000,0.000000
28.860000,0.000000,0.000000,0.000000,0.000000,0.000000,0.000000
28.890000,0.000000,0.000000,0.000000,0.000000,0.000000,0.000000
28.910000,0.000000,0.000000,0.000000,0.000000,0.000000,0.000000
28.940000,0.000000,0.000000,0.000000,0.000000,0.000000,0.000000
28.960000,0.000000,0.000000,0.000000,0.000000,0.000000,0.000000
28.990000,0.000000,0.000000,0.000000,0.000000,0.000000,0.000000
29.020000,0.000000,0.000000,0.000000,0.000000,0.000000,0.000000
29.040000,0.000000,0.000000,0.000000,0.000000,0.000000,0.000000
29.070000,0.000000,0.000000,0.000000,0.000000,0.000000,0.000000
29.090000,0.000000,0.000000,0.000000,0.000000,0.000000,0.000000
29.110000,0.000000,0.000000,0.000000,0.000000,0.000000,0.000000
29.140000,0.000000,0.000000,0.000000,0.000000,0.000000,0.000000
29.160000,0.000000,0.000000,0.000000,0.000000,0.000000,0.000000
29.180000,0.000000,0.000000,0.000000,0.000000,0.000000,0.000000
29.210000,0.000000,0.000000,0.000000,0.000000,0.000000,0.000000
29.240000,0.000000,0.000000,0.000000,0.000000,0.000000,0.000000
29.260000,0.000000,0.000000,0.000000,0.000000,0.000000,0.000000
29.290000,0.000000,0.000000,0.000000,0.000000,0.000000,0.000000
29.310000,0.000000,0.000000,0.000000,0.000000,0.000000,0.000000
29.330000,0.000000,0.000000,0.000000,0.000000,0.000000,0.000000
29.360000,0.000000,0.000000,0.000000,0.000000,0.000000,0.000000
29.380000,0.000000,0.000000,0.000000,0.000000,0.000000,0.000000
29.410000,0.000000,0.000000,0.000000,0.000000,0.000000,0.000000
29.430000,0.000000,0.000000,0.000000,0.000000,0.000000,0.000000
29.460000,0.000000,0.000000,0.000000,0.000000,0.000000,0.000000
29.480000,0.000000,0.000000,0.000000,0.000000,0.000000,0.000000
29.510000,0.000000,0.000000,0.000000,0.000000,0.000000,0.000000
29.530000,0.000000,0.000000,0.000000,0.000000,0.000000,0.000000
29.560000,0.000000,0.000000,0.000000,0.000000,0.000000,0.000000
29.580000,0.000000,0.000000,0.000000,0.000000,0.000000,0.000000
29.610000,0.000000,0.000000,0.000000,0.000000,0.000000,0.000000
29.630000,0.000000,0.000000,0.000000,0.000000,0.000000,0.000000
29.660000,0.000000,0.000000,0.000000,0.000000,0.000000,0.000000
29.680000,0.000000,0.000000,0.000000,0.000000,0.000000,0.000000
29.710000,0.000000,0.000000,0.000000,0.000000,0.000000,0.000000
29.740000,0.000000,0.000000,0.000000,0.000000,0.000000,0.000000
29.760000,0.000000,0.000000,0.000000,0.000000,0.000000,0.000000
29.780000,0.000000,0.000000,0.000000,0.000000,0.000000,0.000000
29.810000,0.000000,0.000000,0.000000,0.000000,0.000000,0.000000
29.830000,0.000000,0.000000,0.000000,0.000000,0.000000,0.000000
29.860000,0.000000,0.000000,0.000000,0.000000,0.000000,0.000000
29.880000,0.000000,0.000000,0.000000,0.000000,0.000000,0.000000
29.900000,0.000000,0.000000,0.000000,0.000000,0.000000,0.000000
29.920000,0.000000,0.000000,0.000000,0.000000,0.000000,0.000000
29.950000,0.000000,0.000000,0.000000,0.000000,0.000000,0.000000
29.970000,0.000000,0.000000,0.000000,0.000000,0.000000,0.000000
30.000000,0.000000,0.000000,0.000000,0.000000,0.000000,0.000000
30.020000,0.000000,0.000000,0.000000,0.000000,0.000000,0.000000
30.040000,0.000000,0.000000,0.000000,0.000000,0.000000,0.000000
30.070000,0.000000,0.000000,0.000000,0.000000,0.000000,0.000000
30.090000,0.000000,0.000000,0.000000,0.000000,0.000000,0.000000
30.120000,0.000000,0.000000,0.000000,0.000000,0.000000,0.000000
30.140000,0.000000,0.000000,0.000000,0.000000,0.000000,0.000000
30.160000,0.000000,0.000000,0.000000,0.000000,0.000000,0.000000
30.190000,0.000000,0.000000,0.000000,0.000000,0.000000,0.000000
30.210000,0.000000,0.000000,0.000000,0.000000,0.000000,0.000000
30.230000,0.000000,0.000000,0.000000,0.000000,0.000000,0.000000
30.260000,0.000000,0.000000,0.000000,0.000000,0.000000,0.000000
30.280000,0.000000,0.000000,0.000000,0.000000,0.000000,0.000000
30.300000,0.000000,0.000000,0.000000,0.000000,0.000000,0.000000
30.330000,0.000000,0.000000,0.000000,0.000000,0.000000,0.000000
30.350000,0.000000,0.000000,0.000000,0.000000,0.000000,0.000000
30.370000,0.000000,0.000000,0.000000,0.000000,0.000000,0.000000
30.400000,0.000000,0.000000,0.000000,0.000000,0.000000,0.000000
30.420000,0.000000,0.000000,0.000000,0.000000,0.000000,0.000000
30.440000,0.000000,0.000000,0.000000,0.000000,0.000000,0.000000
30.470000,0.000000,0.000000,0.000000,0.000000,0.000000,0.000000
30.490000,0.000000,0.000000,0.000000,0.000000,0.000000,0.000000
30.510000,0.000000,0.000000,0.000000,0.000000,0.000000,0.000000
30.540000,0.000000,0.000000,0.000000,0.000000,0.000000,0.000000
30.560000,0.000000,0.000000,0.000000,0.000000,0.000000,0.000000
30.590000,0.000000,0.000000,0.000000,0.000000,0.000000,0.000000
30.610000,0.000000,0.000000,0.000000,0.000000,0.000000,0.000000
30.630000,0.000000,0.000000,0.000000,0.000000,0.000000,0.000000
30.660000,0.000000,0.000000,0.000000,0.000000,0.000000,0.000000
30.680000,0.000000,0.000000,0.000000,0.000000,0.000000,0.000000
30.700000,0.000000,0.000000,0.000000,0.000000,0.000000,0.000000
30.720000,0.000000,0.000000,0.000000,0.000000,0.000000,0.000000
30.750000,0.000000,0.000000,0.000000,0.000000,0.000000,0.000000
30.770000,0.000000,0.000000,0.000000,0.000000,0.000000,0.000000
30.790000,0.000000,0.000000,0.000000,0.000000,0.000000,0.000000
30.810000,0.000000,0.000000,0.000000,0.000000,0.000000,0.000000
30.840000,0.000000,0.000000,0.000000,0.000000,0.000000,0.000000
30.860000,0.000000,0.000000,0.000000,0.000000,0.000000,0.000000
30.880000,0.000000,0.000000,0.000000,0.000000,0.000000,0.000000
30.910000,0.000000,0.000000,0.000000,0.000000,0.000000,0.000000
30.930000,0.000000,0.000000,0.000000,0.000000,0.000000,0.000000
30.950000,0.000000,0.000000,0.000000,0.000000,0.000000,0.000000
30.970000,0.000000,0.000000,0.000000,0.000000,0.000000,0.000000
31.000000,0.000000,0.000000,0.000000,0.000000,0.000000,0.000000
31.020000,0.000000,0.000000,0.000000,0.000000,0.000000,0.000000
31.050000,0.000000,0.000000,0.000000,0.000000,0.000000,0.000000
31.070000,0.000000,0.000000,0.000000,0.000000,0.000000,0.000000
31.100000,0.000000,0.000000,0.000000,0.000000,0.000000,0.000000
31.120000,0.000000,0.000000,0.000000,0.000000,0.000000,0.000000
31.140000,0.000000,0.000000,0.000000,0.000000,0.000000,0.000000
31.170000,0.000000,0.000000,0.000000,0.000000,0.000000,0.000000
31.190000,0.000000,0.000000,0.000000,0.000000,0.000000,0.000000
31.220000,0.000000,0.000000,0.000000,0.000000,0.000000,0.000000
31.240000,0.000000,0.000000,0.000000,0.000000,0.000000,0.000000
31.270000,0.000000,0.000000,0.000000,0.000000,0.000000,0.000000
31.290000,0.000000,0.000000,0.000000,0.000000,0.000000,0.000000
31.320000,0.000000,0.000000,0.000000,0.000000,0.000000,0.000000
31.340000,0.000000,0.000000,0.000000,0.000000,0.000000,0.000000
31.370000,0.000000,0.000000,0.000000,0.000000,0.000000,0.000000
31.390000,0.000000,0.000000,0.000000,0.000000,0.000000,0.000000
31.410000,0.000000,0.000000,0.000000,0.000000,0.000000,0.000000
31.430000,0.000000,0.000000,0.000000,0.000000,0.000000,0.000000
31.460000,0.000000,0.000000,0.000000,0.000000,0.000000,0.000000
31.480000,0.000000,0.000000,0.000000,0.000000,0.000000,0.000000
31.510000,0.000000,0.000000,0.000000,0.000000,0.000000,0.000000
31.530000,0.000000,0.000000,0.000000,0.000000,0.000000,0.000000
31.550000,0.000000,0.000000,0.000000,0.000000,0.000000,0.000000
31.580000,0.000000,0.000000,0.000000,0.000000,0.000000,0.000000
31.600000,0.000000,0.000000,0.000000,0.000000,0.000000,0.000000
31.620000,0.000000,0.000000,0.000000,0.000000,0.000000,0.000000
31.650000,0.000000,0.000000,0.000000,0.000000,0.000000,0.000000
31.670000,0.000000,0.000000,0.000000,0.000000,0.000000,0.000000
31.690000,0.000000,0.000000,0.000000,0.000000,0.000000,0.000000
31.710000,0.000000,0.000000,0.000000,0.000000,0.000000,0.000000
31.740000,0.000000,0.000000,0.000000,0.000000,0.000000,0.000000
31.760000,0.000000,0.000000,0.000000,0.000000,0.000000,0.000000
31.790000,0.000000,0.000000,0.000000,0.000000,0.000000,0.000000
31.810000,0.000000,0.000000,0.000000,0.000000,0.000000,0.000000
31.840000,0.000000,0.000000,0.000000,0.000000,0.000000,0.000000
31.860000,0.000000,0.000000,0.000000,0.000000,0.000000,0.000000
31.880000,0.000000,0.000000,0.000000,0.000000,0.000000,0.000000
31.910000,0.000000,0.000000,0.000000,0.000000,0.000000,0.000000
31.930000,0.000000,0.000000,0.000000,0.000000,0.000000,0.000000
31.960000,0.000000,0.000000,0.000000,0.000000,0.000000,0.000000
31.980000,0.000000,0.000000,0.000000,0.000000,0.000000,0.000000
32.010000,0.000000,0.000000,0.000000,0.000000,0.000000,0.000000
32.040000,0.000000,0.000000,0.000000,0.000000,0.000000,0.000000
32.060000,0.000000,0.000000,0.000000,0.000000,0.000000,0.000000
32.090000,0.000000,0.000000,0.000000,0.000000,0.000000,0.000000
32.110000,0.000000,0.000000,0.000000,0.000000,0.000000,0.000000
32.130000,0.000000,0.000000,0.000000,0.000000,0.000000,0.000000
32.160000,0.000000,0.000000,0.000000,0.000000,0.000000,0.000000
32.180000,0.000000,0.000000,0.000000,0.000000,0.000000,0.000000
32.210000,0.000000,0.000000,0.000000,0.000000,0.000000,0.000000
32.230000,0.000000,0.000000,0.000000,0.000000,0.000000,0.000000
32.250000,0.000000,0.000000,0.000000,0.000000,0.000000,0.000000
32.280000,0.000000,0.000000,0.000000,0.000000,0.000000,0.000000
32.300000,0.000000,0.000000,0.000000,0.000000,0.000000,0.000000
32.330000,0.000000,0.000000,0.000000,0.000000,0.000000,0.000000
32.350000,0.000000,0.000000,0.000000,0.000000,0.000000,0.000000
32.380000,0.000000,0.000000,0.000000,0.000000,0.000000,0.000000
32.400000,0.000000,0.000000,0.000000,0.000000,0.000000,0.000000
32.430000,0.000000,0.000000,0.000000,0.000000,0.000000,0.000000
32.450000,0.000000,0.000000,0.000000,0.000000,0.000000,0.000000
32.480000,0.000000,0.000000,0.000000,0.000000,0.000000,0.000000
32.500000,0.000000,0.000000,0.000000,0.000000,0.000000,0.000000
32.520000,0.000000,0.000000,0.000000,0.000000,0.000000,0.000000
32.550000,0.000000,0.000000,0.000000,0.000000,0.000000,0.000000
32.570000,0.000000,0.000000,0.000000,0.000000,0.000000,0.000000
32.590000,0.000000,0.000000,0.000000,0.000000,0.000000,0.000000
32.620000,0.000000,0.000000,0.000000,0.000000,0.000000,0.000000
32.640000,0.000000,0.000000,0.000000,0.000000,0.000000,0.000000
32.660000,0.000000,0.000000,0.000000,0.000000,0.000000,0.000000
32.690000,0.000000,0.000000,0.000000,0.000000,0.000000,0.000000
32.710000,0.000000,0.000000,0.000000,0.000000,0.000000,0.000000
32.740000,0.000000,0.000000,0.000000,0.000000,0.000000,0.000000
32.760000,0.000000,0.000000,0.000000,0.000000,0.000000,0.000000
32.790000,0.000000,0.000000,0.000000,0.000000,0.000000,0.000000
32.820000,0.000000,0.000000,0.000000,0.000000,0.000000,0.000000
32.840000,0.000000,0.000000,0.000000,0.000000,0.000000,0.000000
32.860000,0.000000,0.000000,0.000000,0.000000,0.000000,0.000000
32.890000,0.000000,0.000000,0.000000,0.000000,0.000000,0.000000
32.910000,0.000000,0.000000,0.000000,0.000000,0.000000,0.000000
32.940000,0.000000,0.000000,0.000000,0.000000,0.000000,0.000000
32.960000,0.000000,0.000000,0.000000,0.000000,0.000000,0.000000
32.990000,0.000000,0.000000,0.000000,0.000000,0.000000,0.000000
33.010000,0.000000,0.000000,0.000000,0.000000,0.000000,0.000000
33.040000,0.000000,0.000000,0.000000,0.000000,0.000000,0.000000
33.060000,0.000000,0.000000,0.000000,0.000000,0.000000,0.000000
33.080000,0.000000,0.000000,0.000000,0.000000,0.000000,0.000000
33.110000,0.000000,0.000000,0.000000,0.000000,0.000000,0.000000
33.130000,0.000000,0.000000,0.000000,0.000000,0.000000,0.000000
33.160000,0.000000,0.000000,0.000000,0.000000,0.000000,0.000000
33.190000,0.000000,0.000000,0.000000,0.000000,0.000000,0.000000
33.210000,0.000000,0.000000,0.000000,0.000000,0.000000,0.000000
33.230000,0.000000,0.000000,0.000000,0.000000,0.000000,0.000000
33.260000,0.000000,0.000000,0.000000,0.000000,0.000000,0.000000
33.280000,0.000000,0.000000,0.000000,0.000000,0.000000,0.000000
33.300000,0.000000,0.000000,0.000000,0.000000,0.000000,0.000000
33.330000,0.000000,0.000000,0.000000,0.000000,0.000000,0.000000
33.350000,0.000000,0.000000,0.000000,0.000000,0.000000,0.000000
33.380000,0.000000,0.000000,0.000000,0.000000,0.000000,0.000000
33.400000,0.000000,0.000000,0.000000,0.000000,0.000000,0.000000
33.420000,0.000000,0.000000,0.000000,0.000000,0.000000,0.000000
33.450000,0.000000,0.000000,0.000000,0.000000,0.000000,0.000000
33.470000,0.000000,0.000000,0.000000,0.000000,0.000000,0.000000
33.490000,0.000000,0.000000,0.000000,0.000000,0.000000,0.000000
33.520000,0.000000,0.000000,0.000000,0.000000,0.000000,0.000000
33.540000,0.000000,0.000000,0.000000,0.000000,0.000000,0.000000
33.570000,0.000000,0.000000,0.000000,0.000000,0.000000,0.000000
33.590000,0.000000,0.000000,0.000000,0.000000,0.000000,0.000000
33.620000,0.000000,0.000000,0.000000,0.000000,0.000000,0.000000
33.640000,0.000000,0.000000,0.000000,0.000000,0.000000,0.000000
33.670000,0.000000,0.000000,0.000000,0.000000,0.000000,0.000000
33.690000,0.000000,0.000000,0.000000,0.000000,0.000000,0.000000
33.720000,0.000000,0.000000,0.000000,0.000000,0.000000,0.000000
33.740000,0.000000,0.000000,0.000000,0.000000,0.000000,0.000000
33.770000,0.000000,0.000000,0.000000,0.000000,0.000000,0.000000
33.790000,0.000000,0.000000,0.000000,0.000000,0.000000,0.000000
33.820000,0.000000,0.000000,0.000000,0.000000,0.000000,0.000000
33.840000,0.000000,0.000000,0.000000,0.000000,0.000000,0.000000
33.870000,0.000000,0.000000,0.000000,0.000000,0.000000,0.000000
33.890000,0.000000,0.000000,0.000000,0.000000,0.000000,0.000000
33.920000,0.000000,0.000000,0.000000,0.000000,0.000000,0.000000
33.940000,0.000000,0.000000,0.000000,0.000000,0.000000,0.000000
33.960000,0.000000,0.000000,0.000000,0.000000,0.000000,0.000000
33.990000,0.000000,0.000000,0.000000,0.000000,0.000000,0.000000
34.010000,0.000000,0.000000,0.000000,0.000000,0.000000,0.000000
34.040000,0.000000,0.000000,0.000000,0.000000,0.000000,0.000000
34.060000,0.000000,0.000000,0.000000,0.000000,0.000000,0.000000
34.090000,0.000000,0.000000,0.000000,0.000000,0.000000,0.000000
34.110000,0.000000,0.000000,0.000000,0.000000,0.000000,0.000000
34.130000,0.000000,0.000000,0.000000,0.000000,0.000000,0.000000
34.160000,0.000000,0.000000,0.000000,0.000000,0.000000,0.000000
34.180000,0.000000,0.000000,0.000000,0.000000,0.000000,0.000000
34.200000,0.000000,0.000000,0.000000,0.000000,0.000000,0.000000
34.230000,0.000000,0.000000,0.000000,0.000000,0.000000,0.000000
34.250000,0.000000,0.000000,0.000000,0.000000,0.000000,0.000000
34.280000,0.000000,0.000000,0.000000,0.000000,0.000000,0.000000
34.300000,0.000000,0.000000,0.000000,0.000000,0.000000,0.000000
34.330000,0.000000,0.000000,0.000000,0.000000,0.000000,0.000000
34.350000,0.000000,0.000000,0.000000,0.000000,0.000000,0.000000
34.380000,0.000000,0.000000,0.000000,0.000000,0.000000,0.000000
34.400000,0.000000,0.000000,0.000000,0.000000,0.000000,0.000000
34.430000,0.000000,0.000000,0.000000,0.000000,0.000000,0.000000
34.450000,0.000000,0.000000,0.000000,0.000000,0.000000,0.000000
34.470000,0.000000,0.000000,0.000000,0.000000,0.000000,0.000000
34.500000,0.000000,0.000000,0.000000,0.000000,0.000000,0.000000
34.520000,0.000000,0.000000,0.000000,0.000000,0.000000,0.000000
34.550000,0.000000,0.000000,0.000000,0.000000,0.000000,0.000000
34.570000,0.000000,0.000000,0.000000,0.000000,0.000000,0.000000
34.600000,0.000000,0.000000,0.000000,0.000000,0.000000,0.000000
34.620000,0.000000,0.000000,0.000000,0.000000,0.000000,0.000000
34.650000,0.000000,0.000000,0.000000,0.000000,0.000000,0.000000
34.670000,0.000000,0.000000,0.000000,0.000000,0.000000,0.000000
34.690000,0.000000,0.000000,0.000000,0.000000,0.000000,0.000000
34.720000,0.000000,0.000000,0.000000,0.000000,0.000000,0.000000
34.740000,0.000000,0.000000,0.000000,0.000000,0.000000,0.000000
34.770000,0.000000,0.000000,0.000000,0.000000,0.000000,0.000000
34.790000,0.000000,0.000000,0.000000,0.000000,0.000000,0.000000
34.820000,0.000000,0.000000,0.000000,0.000000,0.000000,0.000000
34.840000,0.000000,0.000000,0.000000,0.000000,0.000000,0.000000
34.870000,0.000000,0.000000,0.000000,0.000000,0.000000,0.000000
34.890000,0.000000,0.000000,0.000000,0.000000,0.000000,0.000000
34.910000,0.000000,0.000000,0.000000,0.000000,0.000000,0.000000
34.940000,0.000000,0.000000,0.000000,0.000000,0.000000,0.000000
34.960000,0.000000,0.000000,0.000000,0.000000,0.000000,0.000000
34.990000,0.000000,0.000000,0.000000,0.000000,0.000000,0.000000
35.010000,0.000000,0.000000,0.000000,0.000000,0.000000,0.000000
35.040000,0.000000,0.000000,0.000000,0.000000,0.000000,0.000000
35.060000,0.000000,0.000000,0.000000,0.000000,0.000000,0.000000
35.090000,0.000000,0.000000,0.000000,0.000000,0.000000,0.000000
35.110000,0.000000,0.000000,0.000000,0.000000,0.000000,0.000000
35.130000,0.000000,0.000000,0.000000,0.000000,0.000000,0.000000
35.160000,0.000000,0.000000,0.000000,0.000000,0.000000,0.000000
35.180000,0.000000,0.000000,0.000000,0.000000,0.000000,0.000000
35.210000,0.000000,0.000000,0.000000,0.000000,0.000000,0.000000
35.230000,0.000000,0.000000,0.000000,0.000000,0.000000,0.000000
35.260000,0.000000,0.000000,0.000000,0.000000,0.000000,0.000000
35.280000,0.000000,0.000000,0.000000,0.000000,0.000000,0.000000
35.310000,0.000000,0.000000,0.000000,0.000000,0.000000,0.000000
35.330000,0.000000,0.000000,0.000000,0.000000,0.000000,0.000000
35.360000,0.000000,0.000000,0.000000,0.000000,0.000000,0.000000
35.380000,0.000000,0.000000,0.000000,0.000000,0.000000,0.000000
35.400000,0.000000,0.000000,0.000000,0.000000,0.000000,0.000000
35.430000,0.000000,0.000000,0.000000,0.000000,0.000000,0.000000
35.450000,0.000000,0.000000,0.000000,0.000000,0.000000,0.000000
35.480000,0.000000,0.000000,0.000000,0.000000,0.000000,0.000000
35.500000,0.000000,0.000000,0.000000,0.000000,0.000000,0.000000
35.520000,0.000000,0.000000,0.000000,0.000000,0.000000,0.000000
35.550000,0.000000,0.000000,0.000000,0.000000,0.000000,0.000000
35.570000,0.000000,0.000000,0.000000,0.000000,0.000000,0.000000
35.590000,0.000000,0.000000,0.000000,0.000000,0.000000,0.000000
35.620000,0.000000,0.000000,0.000000,0.000000,0.000000,0.000000
35.640000,0.000000,0.000000,0.000000,0.000000,0.000000,0.000000
35.670000,0.000000,0.000000,0.000000,0.000000,0.000000,0.000000
35.690000,0.000000,0.000000,0.000000,0.000000,0.000000,0.000000
35.710000,0.000000,0.000000,0.000000,0.000000,0.000000,0.000000
35.740000,0.000000,0.000000,0.000000,0.000000,0.000000,0.000000
35.760000,0.000000,0.000000,0.000000,0.000000,0.000000,0.000000
35.780000,0.000000,0.000000,0.000000,0.000000,0.000000,0.000000
35.810000,0.000000,0.000000,0.000000,0.000000,0.000000,0.000000
35.830000,0.000000,0.000000,0.000000,0.000000,0.000000,0.000000
35.850000,0.000000,0.000000,0.000000,0.000000,0.000000,0.000000
35.870000,0.000000,0.000000,0.000000,0.000000,0.000000,0.000000
35.900000,0.000000,0.000000,0.000000,0.000000,0.000000,0.000000
35.920000,0.000000,0.000000,0.000000,0.000000,0.000000,0.000000
35.940000,0.000000,0.000000,0.000000,0.000000,0.000000,0.000000
35.960000,0.000000,0.000000,0.000000,0.000000,0.000000,0.000000
35.980000,0.000000,0.000000,0.000000,0.000000,0.000000,0.000000
36.010000,0.000000,0.000000,0.000000,0.000000,0.000000,0.000000
36.030000,0.000000,0.000000,0.000000,0.000000,0.000000,0.000000
36.050000,0.000000,0.000000,0.000000,0.000000,0.000000,0.000000
36.070000,0.000000,0.000000,0.000000,0.000000,0.000000,0.000000
36.100000,0.000000,0.000000,0.000000,0.000000,0.000000,0.000000
36.120000,0.000000,0.000000,0.000000,0.000000,0.000000,0.000000
36.140000,0.000000,0.000000,0.000000,0.000000,0.000000,0.000000
36.170000,0.000000,0.000000,0.000000,0.000000,0.000000,0.000000
36.190000,0.000000,0.000000,0.000000,0.000000,0.000000,0.000000
36.210000,0.000000,0.000000,0.000000,0.000000,0.000000,0.000000
36.250000,0.000000,0.000000,0.000000,0.000000,0.000000,0.000000
36.270000,0.000000,0.000000,0.000000,0.000000,0.000000,0.000000
36.330000,0.000000,0.000000,0.000000,0.000000,0.000000,0.000000
36.350000,0.000000,0.000000,0.000000,0.000000,0.000000,0.000000
36.380000,0.000000,0.000000,0.000000,0.000000,0.000000,0.000000
36.400000,0.000000,0.000000,0.000000,0.000000,0.000000,0.000000
36.420000,0.000000,0.000000,0.000000,0.000000,0.000000,0.000000
36.450000,0.000000,0.000000,0.000000,0.000000,0.000000,0.000000
36.470000,0.000000,0.000000,0.000000,0.000000,0.000000,0.000000
36.500000,0.000000,0.000000,0.000000,0.000000,0.000000,0.000000
36.520000,0.000000,0.000000,0.000000,0.000000,0.000000,0.000000
36.540000,0.000000,0.000000,0.000000,0.000000,0.000000,0.000000
36.570000,0.000000,0.000000,0.000000,0.000000,0.000000,0.000000
36.590000,0.000000,0.000000,0.000000,0.000000,0.000000,0.000000
36.610000,0.000000,0.000000,0.000000,0.000000,0.000000,0.000000
36.640000,0.000000,0.000000,0.000000,0.000000,0.000000,0.000000
36.660000,0.000000,0.000000,0.000000,0.000000,0.000000,0.000000
36.690000,0.000000,0.000000,0.000000,0.000000,0.000000,0.000000
36.710000,0.000000,0.000000,0.000000,0.000000,0.000000,0.000000
36.740000,0.000000,0.000000,0.000000,0.000000,0.000000,0.000000
36.760000,0.000000,0.000000,0.000000,0.000000,0.000000,0.000000
36.790000,0.000000,0.000000,0.000000,0.000000,0.000000,0.000000
36.810000,0.000000,0.000000,0.000000,0.000000,0.000000,0.000000
36.830000,0.000000,0.000000,0.000000,0.000000,0.000000,0.000000
36.860000,0.000000,0.000000,0.000000,0.000000,0.000000,0.000000
36.880000,0.000000,0.000000,0.000000,0.000000,0.000000,0.000000
36.900000,0.000000,0.000000,0.000000,0.000000,0.000000,0.000000
36.930000,0.000000,0.000000,0.000000,0.000000,0.000000,0.000000
36.950000,0.000000,0.000000,0.000000,0.000000,0.000000,0.000000
36.970000,0.000000,0.000000,0.000000,0.000000,0.000000,0.000000
36.990000,0.000000,0.000000,0.000000,0.000000,0.000000,0.000000
37.020000,0.000000,0.000000,0.000000,0.000000,0.000000,0.000000
37.040000,0.000000,0.000000,0.000000,0.000000,0.000000,0.000000
37.060000,0.000000,0.000000,0.000000,0.000000,0.000000,0.000000
37.090000,0.000000,0.000000,0.000000,0.000000,0.000000,0.000000
37.110000,0.000000,0.000000,0.000000,0.000000,0.000000,0.000000
37.130000,0.000000,0.000000,0.000000,0.000000,0.000000,0.000000
37.160000,0.000000,0.000000,0.000000,0.000000,0.000000,0.000000
37.180000,0.000000,0.000000,0.000000,0.000000,0.000000,0.000000
37.210000,0.000000,0.000000,0.000000,0.000000,0.000000,0.000000
37.230000,0.000000,0.000000,0.000000,0.000000,0.000000,0.000000
37.250000,0.000000,0.000000,0.000000,0.000000,0.000000,0.000000
37.280000,0.000000,0.000000,0.000000,0.000000,0.000000,0.000000
37.300000,0.000000,0.000000,0.000000,0.000000,0.000000,0.000000
37.320000,0.000000,0.000000,0.000000,0.000000,0.000000,0.000000
37.350000,0.000000,0.000000,0.000000,0.000000,0.000000,0.000000
37.370000,0.000000,0.000000,0.000000,0.000000,0.000000,0.000000
37.400000,0.000000,0.000000,0.000000,0.000000,0.000000,0.000000
37.420000,0.000000,0.000000,0.000000,0.000000,0.000000,0.000000
37.450000,0.000000,0.000000,0.000000,0.000000,0.000000,0.000000
37.470000,0.000000,0.000000,0.000000,0.000000,0.000000,0.000000
37.500000,0.000000,0.000000,0.000000,0.000000,0.000000,0.000000
37.520000,0.000000,0.000000,0.000000,0.000000,0.000000,0.000000
37.550000,0.000000,0.000000,0.000000,0.000000,0.000000,0.000000
37.570000,0.000000,0.000000,0.000000,0.000000,0.000000,0.000000
37.600000,0.000000,0.000000,0.000000,0.000000,0.000000,0.000000
37.620000,0.000000,0.000000,0.000000,0.000000,0.000000,0.000000
37.650000,0.000000,0.000000,0.000000,0.000000,0.000000,0.000000
37.680000,0.000000,0.000000,0.000000,0.000000,0.000000,0.000000
37.700000,0.000000,0.000000,0.000000,0.000000,0.000000,0.000000
37.730000,0.000000,0.000000,0.000000,0.000000,0.000000,0.000000
37.750000,0.000000,0.000000,0.000000,0.000000,0.000000,0.000000
37.770000,0.000000,0.000000,0.000000,0.000000,0.000000,0.000000
37.800000,0.000000,0.000000,0.000000,0.000000,0.000000,0.000000
37.820000,0.000000,0.000000,0.000000,0.000000,0.000000,0.000000
37.850000,0.000000,0.000000,0.000000,0.000000,0.000000,0.000000
37.870000,0.000000,0.000000,0.000000,0.000000,0.000000,0.000000
37.900000,0.000000,0.000000,0.000000,0.000000,0.000000,0.000000
37.920000,0.000000,0.000000,0.000000,0.000000,0.000000,0.000000
37.950000,0.000000,0.000000,0.000000,0.000000,0.000000,0.000000
37.970000,0.000000,0.000000,0.000000,0.000000,0.000000,0.000000
38.000000,0.000000,0.000000,0.000000,0.000000,0.000000,0.000000
38.020000,0.000000,0.000000,0.000000,0.000000,0.000000,0.000000
38.040000,0.000000,0.000000,0.000000,0.000000,0.000000,0.000000
38.070000,0.000000,0.000000,0.000000,0.000000,0.000000,0.000000
38.090000,0.000000,0.000000,0.000000,0.000000,0.000000,0.000000
38.120000,0.000000,0.000000,0.000000,0.000000,0.000000,0.000000
38.140000,0.000000,0.000000,0.000000,0.000000,0.000000,0.000000
38.160000,0.000000,0.000000,0.000000,0.000000,0.000000,0.000000
38.190000,0.000000,0.000000,0.000000,0.000000,0.000000,0.000000
38.210000,0.000000,0.000000,0.000000,0.000000,0.000000,0.000000
38.240000,0.000000,0.000000,0.000000,0.000000,0.000000,0.000000
38.260000,0.000000,0.000000,0.000000,0.000000,0.000000,0.000000
38.290000,0.000000,0.000000,0.000000,0.000000,0.000000,0.000000
38.310000,0.000000,0.000000,0.000000,0.000000,0.000000,0.000000
38.340000,0.000000,0.000000,0.000000,0.000000,0.000000,0.000000
38.360000,0.000000,0.000000,0.000000,0.000000,0.000000,0.000000
38.390000,0.000000,0.000000,0.000000,0.000000,0.000000,0.000000
38.410000,0.000000,0.000000,0.000000,0.000000,0.000000,0.000000
38.440000,0.000000,0.000000,0.000000,0.000000,0.000000,0.000000
38.460000,0.000000,0.000000,0.000000,0.000000,0.000000,0.000000
38.480000,0.000000,0.000000,0.000000,0.000000,0.000000,0.000000
38.510000,0.000000,0.000000,0.000000,0.000000,0.000000,0.000000
38.530000,0.000000,0.000000,0.000000,0.000000,0.000000,0.000000
38.550000,0.000000,0.000000,0.000000,0.000000,0.000000,0.000000
38.580000,0.000000,0.000000,0.000000,0.000000,0.000000,0.000000
38.600000,0.000000,0.000000,0.000000,0.000000,0.000000,0.000000
38.630000,0.000000,0.000000,0.000000,0.000000,0.000000,0.000000
38.660000,0.000000,0.000000,0.000000,0.000000,0.000000,0.000000
38.680000,0.000000,0.000000,0.000000,0.000000,0.000000,0.000000
38.700000,0.000000,0.000000,0.000000,0.000000,0.000000,0.000000
38.730000,0.000000,0.000000,0.000000,0.000000,0.000000,0.000000
38.750000,0.000000,0.000000,0.000000,0.000000,0.000000,0.000000
38.780000,0.000000,0.000000,0.000000,0.000000,0.000000,0.000000
38.810000,0.000000,0.000000,0.000000,0.000000,0.000000,0.000000
38.830000,0.000000,0.000000,0.000000,0.000000,0.000000,0.000000
38.850000,0.000000,0.000000,0.000000,0.000000,0.000000,0.000000
38.880000,0.000000,0.000000,0.000000,0.000000,0.000000,0.000000
38.900000,0.000000,0.000000,0.000000,0.000000,0.000000,0.000000
38.920000,0.000000,0.000000,0.000000,0.000000,0.000000,0.000000
38.950000,0.000000,0.000000,0.000000,0.000000,0.000000,0.000000
38.970000,0.000000,0.000000,0.000000,0.000000,0.000000,0.000000
39.000000,0.000000,0.000000,0.000000,0.000000,0.000000,0.000000
39.020000,0.000000,0.000000,0.000000,0.000000,0.000000,0.000000
39.040000,0.000000,0.000000,0.000000,0.000000,0.000000,0.000000
39.070000,0.000000,0.000000,0.000000,0.000000,0.000000,0.000000
39.090000,0.000000,0.000000,0.000000,0.000000,0.000000,0.000000
39.110000,0.000000,0.000000,0.000000,0.000000,0.000000,0.000000
39.140000,0.000000,0.000000,0.000000,0.000000,0.000000,0.000000
39.160000,0.000000,0.000000,0.000000,0.000000,0.000000,0.000000
39.180000,0.000000,0.000000,0.000000,0.000000,0.000000,0.000000
39.210000,0.000000,0.000000,0.000000,0.000000,0.000000,0.000000
39.230000,0.000000,0.000000,0.000000,0.000000,0.000000,0.000000
39.260000,0.000000,0.000000,0.000000,0.000000,0.000000,0.000000
39.280000,0.000000,0.000000,0.000000,0.000000,0.000000,0.000000
39.310000,0.000000,0.000000,0.000000,0.000000,0.000000,0.000000
39.330000,0.000000,0.000000,0.000000,0.000000,0.000000,0.000000
39.360000,0.000000,0.000000,0.000000,0.000000,0.000000,0.000000
39.380000,0.000000,0.000000,0.000000,0.000000,0.000000,0.000000
39.410000,0.000000,0.000000,0.000000,0.000000,0.000000,0.000000
39.430000,0.000000,0.000000,0.000000,0.000000,0.000000,0.000000
39.460000,0.000000,0.000000,0.000000,0.000000,0.000000,0.000000
39.480000,0.000000,0.000000,0.000000,0.000000,0.000000,0.000000
39.510000,0.000000,0.000000,0.000000,0.000000,0.000000,0.000000
39.530000,0.000000,0.000000,0.000000,0.000000,0.000000,0.000000
39.560000,0.000000,0.000000,0.000000,0.000000,0.000000,0.000000
39.580000,0.000000,0.000000,0.000000,0.000000,0.000000,0.000000
39.610000,0.000000,0.000000,0.000000,0.000000,0.000000,0.000000
39.630000,0.000000,0.000000,0.000000,0.000000,0.000000,0.000000
39.660000,0.000000,0.000000,0.000000,0.000000,0.000000,0.000000
39.680000,0.000000,0.000000,0.000000,0.000000,0.000000,0.000000
39.710000,0.000000,0.000000,0.000000,0.000000,0.000000,0.000000
39.730000,0.000000,0.000000,0.000000,0.000000,0.000000,0.000000
39.760000,0.000000,0.000000,0.000000,0.000000,0.000000,0.000000
39.780000,0.000000,0.000000,0.000000,0.000000,0.000000,0.000000
39.800000,0.000000,0.000000,0.000000,0.000000,0.000000,0.000000
39.830000,0.000000,0.000000,0.000000,0.000000,0.000000,0.000000
39.860000,0.000000,0.000000,0.000000,0.000000,0.000000,0.000000
39.880000,0.000000,0.000000,0.000000,0.000000,0.000000,0.000000
39.900000,0.000000,0.000000,0.000000,0.000000,0.000000,0.000000
39.930000,0.000000,0.000000,0.000000,0.000000,0.000000,0.000000
39.960000,0.000000,0.000000,0.000000,0.000000,0.000000,0.000000
39.980000,0.000000,0.000000,0.000000,0.000000,0.000000,0.000000
40.010000,0.000000,0.000000,0.000000,0.000000,0.000000,0.000000
40.030000,0.000000,0.000000,0.000000,0.000000,0.000000,0.000000
40.060000,0.000000,0.000000,0.000000,0.000000,0.000000,0.000000
40.080000,0.000000,0.000000,0.000000,0.000000,0.000000,0.000000
40.110000,0.000000,0.000000,0.000000,0.000000,0.000000,0.000000
40.130000,0.000000,0.000000,0.000000,0.000000,0.000000,0.000000
40.160000,0.000000,0.000000,0.000000,0.000000,0.000000,0.000000
40.180000,0.000000,0.000000,0.000000,0.000000,0.000000,0.000000
40.210000,0.000000,0.000000,0.000000,0.000000,0.000000,0.000000
40.230000,0.000000,0.000000,0.000000,0.000000,0.000000,0.000000
40.250000,0.000000,0.000000,0.000000,0.000000,0.000000,0.000000
40.280000,0.000000,0.000000,0.000000,0.000000,0.000000,0.000000
40.300000,0.000000,0.000000,0.000000,0.000000,0.000000,0.000000
40.320000,0.000000,0.000000,0.000000,0.000000,0.000000,0.000000
40.350000,0.000000,0.000000,0.000000,0.000000,0.000000,0.000000
40.370000,0.000000,0.000000,0.000000,0.000000,0.000000,0.000000
40.400000,0.000000,0.000000,0.000000,0.000000,0.000000,0.000000
40.420000,0.000000,0.000000,0.000000,0.000000,0.000000,0.000000
40.450000,0.000000,0.000000,0.000000,0.000000,0.000000,0.000000
40.470000,0.000000,0.000000,0.000000,0.000000,0.000000,0.000000
40.500000,0.000000,0.000000,0.000000,0.000000,0.000000,0.000000
40.520000,0.000000,0.000000,0.000000,0.000000,0.000000,0.000000
40.540000,0.000000,0.000000,0.000000,0.000000,0.000000,0.000000
40.570000,0.000000,0.000000,0.000000,0.000000,0.000000,0.000000
40.590000,0.000000,0.000000,0.000000,0.000000,0.000000,0.000000
40.620000,0.000000,0.000000,0.000000,0.000000,0.000000,0.000000
40.640000,0.000000,0.000000,0.000000,0.000000,0.000000,0.000000
40.670000,0.000000,0.000000,0.000000,0.000000,0.000000,0.000000
40.690000,0.000000,0.000000,0.000000,0.000000,0.000000,0.000000
40.720000,0.000000,0.000000,0.000000,0.000000,0.000000,0.000000
40.740000,0.000000,0.000000,0.000000,0.000000,0.000000,0.000000
40.770000,0.000000,0.000000,0.000000,0.000000,0.000000,0.000000
40.790000,0.000000,0.000000,0.000000,0.000000,0.000000,0.000000
40.810000,0.000000,0.000000,0.000000,0.000000,0.000000,0.000000
40.840000,0.000000,0.000000,0.000000,0.000000,0.000000,0.000000
40.860000,0.000000,0.000000,0.000000,0.000000,0.000000,0.000000
40.880000,0.000000,0.000000,0.000000,0.000000,0.000000,0.000000
40.910000,0.000000,0.000000,0.000000,0.000000,0.000000,0.000000
40.930000,0.000000,0.000000,0.000000,0.000000,0.000000,0.000000
40.950000,0.000000,0.000000,0.000000,0.000000,0.000000,0.000000
40.980000,0.000000,0.000000,0.000000,0.000000,0.000000,0.000000
41.000000,0.000000,0.000000,0.000000,0.000000,0.000000,0.000000
41.030000,0.000000,0.000000,0.000000,0.000000,0.000000,0.000000
41.050000,0.000000,0.000000,0.000000,0.000000,0.000000,0.000000
41.080000,0.000000,0.000000,0.000000,0.000000,0.000000,0.000000
41.110000,0.000000,0.000000,0.000000,0.000000,0.000000,0.000000
41.130000,0.000000,0.000000,0.000000,0.000000,0.000000,0.000000
41.160000,0.000000,0.000000,0.000000,0.000000,0.000000,0.000000
41.180000,0.000000,0.000000,0.000000,0.000000,0.000000,0.000000
41.210000,0.000000,0.000000,0.000000,0.000000,0.000000,0.000000
41.230000,0.000000,0.000000,0.000000,0.000000,0.000000,0.000000
41.260000,0.000000,0.000000,0.000000,0.000000,0.000000,0.000000
41.280000,0.000000,0.000000,0.000000,0.000000,0.000000,0.000000
41.310000,0.000000,0.000000,0.000000,0.000000,0.000000,0.000000
41.330000,0.000000,0.000000,0.000000,0.000000,0.000000,0.000000
41.360000,0.000000,0.000000,0.000000,0.000000,0.000000,0.000000
41.380000,0.000000,0.000000,0.000000,0.000000,0.000000,0.000000
41.400000,0.000000,0.000000,0.000000,0.000000,0.000000,0.000000
41.430000,0.000000,0.000000,0.000000,0.000000,0.000000,0.000000
41.460000,0.000000,0.000000,0.000000,0.000000,0.000000,0.000000
41.480000,0.000000,0.000000,0.000000,0.000000,0.000000,0.000000
41.510000,0.000000,0.000000,0.000000,0.000000,0.000000,0.000000
41.530000,0.000000,0.000000,0.000000,0.000000,0.000000,0.000000
41.560000,0.000000,0.000000,0.000000,0.000000,0.000000,0.000000
41.580000,0.000000,0.000000,0.000000,0.000000,0.000000,0.000000
41.600000,0.000000,0.000000,0.000000,0.000000,0.000000,0.000000
41.630000,0.000000,0.000000,0.000000,0.000000,0.000000,0.000000
41.650000,0.000000,0.000000,0.000000,0.000000,0.000000,0.000000
41.680000,0.000000,0.000000,0.000000,0.000000,0.000000,0.000000
41.700000,0.000000,0.000000,0.000000,0.000000,0.000000,0.000000
41.720000,0.000000,0.000000,0.000000,0.000000,0.000000,0.000000
41.750000,0.000000,0.000000,0.000000,0.000000,0.000000,0.000000
41.770000,0.000000,0.000000,0.000000,0.000000,0.000000,0.000000
41.800000,0.000000,0.000000,0.000000,0.000000,0.000000,0.000000
41.820000,0.000000,0.000000,0.000000,0.000000,0.000000,0.000000
41.850000,0.000000,0.000000,0.000000,0.000000,0.000000,0.000000
41.870000,0.000000,0.000000,0.000000,0.000000,0.000000,0.000000
41.900000,0.000000,0.000000,0.000000,0.000000,0.000000,0.000000
41.920000,0.000000,0.000000,0.000000,0.000000,0.000000,0.000000
41.950000,0.000000,0.000000,0.000000,0.000000,0.000000,0.000000
41.970000,0.000000,0.000000,0.000000,0.000000,0.000000,0.000000
42.000000,0.000000,0.000000,0.000000,0.000000,0.000000,0.000000
42.020000,0.000000,0.000000,0.000000,0.000000,0.000000,0.000000
42.040000,0.000000,0.000000,0.000000,0.000000,0.000000,0.000000
42.070000,0.000000,0.000000,0.000000,0.000000,0.000000,0.000000
42.090000,0.000000,0.000000,0.000000,0.000000,0.000000,0.000000
42.120000,0.000000,0.000000,0.000000,0.000000,0.000000,0.000000
42.140000,0.000000,0.000000,0.000000,0.000000,0.000000,0.000000
42.170000,0.000000,0.000000,0.000000,0.000000,0.000000,0.000000
42.190000,0.000000,0.000000,0.000000,0.000000,0.000000,0.000000
42.220000,0.000000,0.000000,0.000000,0.000000,0.000000,0.000000
42.240000,0.000000,0.000000,0.000000,0.000000,0.000000,0.000000
42.270000,0.000000,0.000000,0.000000,0.000000,0.000000,0.000000
42.290000,0.000000,0.000000,0.000000,0.000000,0.000000,0.000000
42.310000,0.000000,0.000000,0.000000,0.000000,0.000000,0.000000
42.340000,0.000000,0.000000,0.000000,0.000000,0.000000,0.000000
42.360000,0.000000,0.000000,0.000000,0.000000,0.000000,0.000000
42.390000,0.000000,0.000000,0.000000,0.000000,0.000000,0.000000
42.410000,0.000000,0.000000,0.000000,0.000000,0.000000,0.000000
42.430000,0.000000,0.000000,0.000000,0.000000,0.000000,0.000000
42.460000,0.000000,0.000000,0.000000,0.000000,0.000000,0.000000
42.480000,0.000000,0.000000,0.000000,0.000000,0.000000,0.000000
42.500000,0.000000,0.000000,0.000000,0.000000,0.000000,0.000000
42.530000,0.000000,0.000000,0.000000,0.000000,0.000000,0.000000
42.550000,0.000000,0.000000,0.000000,0.000000,0.000000,0.000000
42.570000,0.000000,0.000000,0.000000,0.000000,0.000000,0.000000
42.590000,0.000000,0.000000,0.000000,0.000000,0.000000,0.000000
42.620000,0.000000,0.000000,0.000000,0.000000,0.000000,0.000000
42.640000,0.000000,0.000000,0.000000,0.000000,0.000000,0.000000
42.670000,0.000000,0.000000,0.000000,0.000000,0.000000,0.000000
42.690000,0.000000,0.000000,0.000000,0.000000,0.000000,0.000000
42.720000,0.000000,0.000000,0.000000,0.000000,0.000000,0.000000
42.740000,0.000000,0.000000,0.000000,0.000000,0.000000,0.000000
42.770000,0.000000,0.000000,0.000000,0.000000,0.000000,0.000000
42.790000,0.000000,0.000000,0.000000,0.000000,0.000000,0.000000
42.810000,0.000000,0.000000,0.000000,0.000000,0.000000,0.000000
42.840000,0.000000,0.000000,0.000000,0.000000,0.000000,0.000000
42.860000,0.000000,0.000000,0.000000,0.000000,0.000000,0.000000
42.890000,0.000000,0.000000,0.000000,0.000000,0.000000,0.000000
42.910000,0.000000,0.000000,0.000000,0.000000,0.000000,0.000000
42.940000,0.000000,0.000000,0.000000,0.000000,0.000000,0.000000
42.960000,0.000000,0.000000,0.000000,0.000000,0.000000,0.000000
42.980000,0.000000,0.000000,0.000000,0.000000,0.000000,0.000000
43.010000,0.000000,0.000000,0.000000,0.000000,0.000000,0.000000
43.030000,0.000000,0.000000,0.000000,0.000000,0.000000,0.000000
43.050000,0.000000,0.000000,0.000000,0.000000,0.000000,0.000000
43.080000,0.000000,0.000000,0.000000,0.000000,0.000000,0.000000
43.100000,0.000000,0.000000,0.000000,0.000000,0.000000,0.000000
43.130000,0.000000,0.000000,0.000000,0.000000,0.000000,0.000000
43.150000,0.000000,0.000000,0.000000,0.000000,0.000000,0.000000
43.180000,0.000000,0.000000,0.000000,0.000000,0.000000,0.000000
43.200000,0.000000,0.000000,0.000000,0.000000,0.000000,0.000000
43.220000,0.000000,0.000000,0.000000,0.000000,0.000000,0.000000
43.250000,0.000000,0.000000,0.000000,0.000000,0.000000,0.000000
43.270000,0.000000,0.000000,0.000000,0.000000,0.000000,0.000000
43.300000,0.000000,0.000000,0.000000,0.000000,0.000000,0.000000
43.320000,0.000000,0.000000,0.000000,0.000000,0.000000,0.000000
43.350000,0.000000,0.000000,0.000000,0.000000,0.000000,0.000000
43.370000,0.000000,0.000000,0.000000,0.000000,0.000000,0.000000
43.400000,0.000000,0.000000,0.000000,0.000000,0.000000,0.000000
43.420000,0.000000,0.000000,0.000000,0.000000,0.000000,0.000000
43.450000,0.000000,0.000000,0.000000,0.000000,0.000000,0.000000
43.470000,0.000000,0.000000,0.000000,0.000000,0.000000,0.000000
43.500000,0.000000,0.000000,0.000000,0.000000,0.000000,0.000000
43.520000,0.000000,0.000000,0.000000,0.000000,0.000000,0.000000
43.550000,0.000000,0.000000,0.000000,0.000000,0.000000,0.000000
43.570000,0.000000,0.000000,0.000000,0.000000,0.000000,0.000000
43.600000,0.000000,0.000000,0.000000,0.000000,0.000000,0.000000
43.620000,0.000000,0.000000,0.000000,0.000000,0.000000,0.000000
43.650000,0.000000,0.000000,0.000000,0.000000,0.000000,0.000000
43.670000,0.000000,0.000000,0.000000,0.000000,0.000000,0.000000
43.700000,0.000000,0.000000,0.000000,0.000000,0.000000,0.000000
43.720000,0.000000,0.000000,0.000000,0.000000,0.000000,0.000000
43.750000,0.000000,0.000000,0.000000,0.000000,0.000000,0.000000
43.770000,0.000000,0.000000,0.000000,0.000000,0.000000,0.000000
43.790000,0.000000,0.000000,0.000000,0.000000,0.000000,0.000000
43.820000,0.000000,0.000000,0.000000,0.000000,0.000000,0.000000
43.840000,0.000000,0.000000,0.000000,0.000000,0.000000,0.000000
43.870000,0.000000,0.000000,0.000000,0.000000,0.000000,0.000000
43.890000,0.000000,0.000000,0.000000,0.000000,0.000000,0.000000
43.920000,0.000000,0.000000,0.000000,0.000000,0.000000,0.000000
43.940000,0.000000,0.000000,0.000000,0.000000,0.000000,0.000000
43.970000,0.000000,0.000000,0.000000,0.000000,0.000000,0.000000
43.990000,0.000000,0.000000,0.000000,0.000000,0.000000,0.000000
44.020000,0.000000,0.000000,0.000000,0.000000,0.000000,0.000000
44.040000,0.000000,0.000000,0.000000,0.000000,0.000000,0.000000
44.060000,0.000000,0.000000,0.000000,0.000000,0.000000,0.000000
44.090000,0.000000,0.000000,0.000000,0.000000,0.000000,0.000000
44.110000,0.000000,0.000000,0.000000,0.000000,0.000000,0.000000
44.140000,0.000000,0.000000,0.000000,0.000000,0.000000,0.000000
44.160000,0.000000,0.000000,0.000000,0.000000,0.000000,0.000000
44.190000,0.000000,0.000000,0.000000,0.000000,0.000000,0.000000
44.210000,0.000000,0.000000,0.000000,0.000000,0.000000,0.000000
44.230000,0.000000,0.000000,0.000000,0.000000,0.000000,0.000000
44.260000,0.000000,0.000000,0.000000,0.000000,0.000000,0.000000
44.280000,0.000000,0.000000,0.000000,0.000000,0.000000,0.000000
44.310000,0.000000,0.000000,0.000000,0.000000,0.000000,0.000000
44.330000,0.000000,0.000000,0.000000,0.000000,0.000000,0.000000
44.360000,0.000000,0.000000,0.000000,0.000000,0.000000,0.000000
44.380000,0.000000,0.000000,0.000000,0.000000,0.000000,0.000000
44.410000,0.000000,0.000000,0.000000,0.000000,0.000000,0.000000
44.430000,0.000000,0.000000,0.000000,0.000000,0.000000,0.000000
44.450000,0.000000,0.000000,0.000000,0.000000,0.000000,0.000000
44.480000,0.000000,0.000000,0.000000,0.000000,0.000000,0.000000
44.500000,0.000000,0.000000,0.000000,0.000000,0.000000,0.000000
44.530000,0.000000,0.000000,0.000000,0.000000,0.000000,0.000000
44.550000,0.000000,0.000000,0.000000,0.000000,0.000000,0.000000
44.570000,0.000000,0.000000,0.000000,0.000000,0.000000,0.000000
44.600000,0.000000,0.000000,0.000000,0.000000,0.000000,0.000000
44.620000,0.000000,0.000000,0.000000,0.000000,0.000000,0.000000
44.650000,0.000000,0.000000,0.000000,0.000000,0.000000,0.000000
44.670000,0.000000,0.000000,0.000000,0.000000,0.000000,0.000000
44.690000,0.000000,0.000000,0.000000,0.000000,0.000000,0.000000
44.720000,0.000000,0.000000,0.000000,0.000000,0.000000,0.000000
44.740000,0.000000,0.000000,0.000000,0.000000,0.000000,0.000000
44.770000,0.000000,0.000000,0.000000,0.000000,0.000000,0.000000
44.790000,0.000000,0.000000,0.000000,0.000000,0.000000,0.000000
44.820000,0.000000,0.000000,0.000000,0.000000,0.000000,0.000000
44.840000,0.000000,0.000000,0.000000,0.000000,0.000000,0.000000
44.860000,0.000000,0.000000,0.000000,0.000000,0.000000,0.000000
44.890000,0.000000,0.000000,0.000000,0.000000,0.000000,0.000000
44.910000,0.000000,0.000000,0.000000,0.000000,0.000000,0.000000
44.940000,0.000000,0.000000,0.000000,0.000000,0.000000,0.000000
44.960000,0.000000,0.000000,0.000000,0.000000,0.000000,0.000000
44.990000,0.000000,0.000000,0.000000,0.000000,0.000000,0.000000
45.010000,0.000000,0.000000,0.000000,0.000000,0.000000,0.000000
45.030000,0.000000,0.000000,0.000000,0.000000,0.000000,0.000000
45.060000,0.000000,0.000000,0.000000,0.000000,0.000000,0.000000
45.080000,0.000000,0.000000,0.000000,0.000000,0.000000,0.000000
45.110000,0.000000,0.000000,0.000000,0.000000,0.000000,0.000000
45.130000,0.000000,0.000000,0.000000,0.000000,0.000000,0.000000
45.160000,0.000000,0.000000,0.000000,0.000000,0.000000,0.000000
45.180000,0.000000,0.000000,0.000000,0.000000,0.000000,0.000000
45.210000,0.000000,0.000000,0.000000,0.000000,0.000000,0.000000
45.230000,0.000000,0.000000,0.000000,0.000000,0.000000,0.000000
45.250000,0.000000,0.000000,0.000000,0.000000,0.000000,0.000000
45.280000,0.000000,0.000000,0.000000,0.000000,0.000000,0.000000
45.300000,0.000000,0.000000,0.000000,0.000000,0.000000,0.000000
45.330000,0.000000,0.000000,0.000000,0.000000,0.000000,0.000000
45.350000,0.000000,0.000000,0.000000,0.000000,0.000000,0.000000
45.380000,0.000000,0.000000,0.000000,0.000000,0.000000,0.000000
45.400000,0.000000,0.000000,0.000000,0.000000,0.000000,0.000000
45.420000,0.000000,0.000000,0.000000,0.000000,0.000000,0.000000
45.450000,0.000000,0.000000,0.000000,0.000000,0.000000,0.000000
45.470000,0.000000,0.000000,0.000000,0.000000,0.000000,0.000000
45.490000,0.000000,0.000000,0.000000,0.000000,0.000000,0.000000
45.520000,0.000000,0.000000,0.000000,0.000000,0.000000,0.000000
45.540000,0.000000,0.000000,0.000000,0.000000,0.000000,0.000000
45.570000,0.000000,0.000000,0.000000,0.000000,0.000000,0.000000
45.590000,0.000000,0.000000,0.000000,0.000000,0.000000,0.000000
45.610000,0.000000,0.000000,0.000000,0.000000,0.000000,0.000000
45.640000,0.000000,0.000000,0.000000,0.000000,0.000000,0.000000
45.660000,0.000000,0.000000,0.000000,0.000000,0.000000,0.000000
45.690000,0.000000,0.000000,0.000000,0.000000,0.000000,0.000000
45.710000,0.000000,0.000000,0.000000,0.000000,0.000000,0.000000
45.730000,0.000000,0.000000,0.000000,0.000000,0.000000,0.000000
45.760000,0.000000,0.000000,0.000000,0.000000,0.000000,0.000000
45.780000,0.000000,0.000000,0.000000,0.000000,0.000000,0.000000
45.810000,0.000000,0.000000,0.000000,0.000000,0.000000,0.000000
45.830000,0.000000,0.000000,0.000000,0.000000,0.000000,0.000000
45.850000,0.000000,0.000000,0.000000,0.000000,0.000000,0.000000
45.880000,0.000000,0.000000,0.000000,0.000000,0.000000,0.000000
45.900000,0.000000,0.000000,0.000000,0.000000,0.000000,0.000000
45.920000,0.000000,0.000000,0.000000,0.000000,0.000000,0.000000
45.950000,0.000000,0.000000,0.000000,0.000000,0.000000,0.000000
45.970000,0.000000,0.000000,0.000000,0.000000,0.000000,0.000000
46.000000,0.000000,0.000000,0.000000,0.000000,0.000000,0.000000
46.020000,0.000000,0.000000,0.000000,0.000000,0.000000,0.000000
46.040000,0.000000,0.000000,0.000000,0.000000,0.000000,0.000000
46.070000,0.000000,0.000000,0.000000,0.000000,0.000000,0.000000
46.090000,0.000000,0.000000,0.000000,0.000000,0.000000,0.000000
46.120000,0.000000,0.000000,0.000000,0.000000,0.000000,0.000000
46.140000,0.000000,0.000000,0.000000,0.000000,0.000000,0.000000
46.170000,0.000000,0.000000,0.000000,0.000000,0.000000,0.000000
46.190000,0.000000,0.000000,0.000000,0.000000,0.000000,0.000000
46.210000,0.000000,0.000000,0.000000,0.000000,0.000000,0.000000
46.240000,0.000000,0.000000,0.000000,0.000000,0.000000,0.000000
46.260000,0.000000,0.000000,0.000000,0.000000,0.000000,0.000000
46.280000,0.000000,0.000000,0.000000,0.000000,0.000000,0.000000
46.310000,0.000000,0.000000,0.000000,0.000000,0.000000,0.000000
46.330000,0.000000,0.000000,0.000000,0.000000,0.000000,0.000000
46.360000,0.000000,0.000000,0.000000,0.000000,0.000000,0.000000
46.380000,0.000000,0.000000,0.000000,0.000000,0.000000,0.000000
46.410000,0.000000,0.000000,0.000000,0.000000,0.000000,0.000000
46.430000,0.000000,0.000000,0.000000,0.000000,0.000000,0.000000
46.460000,0.000000,0.000000,0.000000,0.000000,0.000000,0.000000
46.480000,0.000000,0.000000,0.000000,0.000000,0.000000,0.000000
46.510000,0.000000,0.000000,0.000000,0.000000,0.000000,0.000000
46.530000,0.000000,0.000000,0.000000,0.000000,0.000000,0.000000
46.560000,0.000000,0.000000,0.000000,0.000000,0.000000,0.000000
46.580000,0.000000,0.000000,0.000000,0.000000,0.000000,0.000000
46.600000,0.000000,0.000000,0.000000,0.000000,0.000000,0.000000
46.630000,0.000000,0.000000,0.000000,0.000000,0.000000,0.000000
46.650000,0.000000,0.000000,0.000000,0.000000,0.000000,0.000000
46.680000,0.000000,0.000000,0.000000,0.000000,0.000000,0.000000
46.700000,0.000000,0.000000,0.000000,0.000000,0.000000,0.000000
46.720000,0.000000,0.000000,0.000000,0.000000,0.000000,0.000000
46.750000,0.000000,0.000000,0.000000,0.000000,0.000000,0.000000
46.770000,0.000000,0.000000,0.000000,0.000000,0.000000,0.000000
46.800000,0.000000,0.000000,0.000000,0.000000,0.000000,0.000000
46.820000,0.000000,0.000000,0.000000,0.000000,0.000000,0.000000
46.840000,0.000000,0.000000,0.000000,0.000000,0.000000,0.000000
46.870000,0.000000,0.000000,0.000000,0.000000,0.000000,0.000000
46.890000,0.000000,0.000000,0.000000,0.000000,0.000000,0.000000
46.920000,0.000000,0.000000,0.000000,0.000000,0.000000,0.000000
46.940000,0.000000,0.000000,0.000000,0.000000,0.000000,0.000000
46.970000,0.000000,0.000000,0.000000,0.000000,0.000000,0.000000
46.990000,0.000000,0.000000,0.000000,0.000000,0.000000,0.000000
47.020000,0.000000,0.000000,0.000000,0.000000,0.000000,0.000000
47.040000,0.000000,0.000000,0.000000,0.000000,0.000000,0.000000
47.060000,0.000000,0.000000,0.000000,0.000000,0.000000,0.000000
47.090000,0.000000,0.000000,0.000000,0.000000,0.000000,0.000000
47.110000,0.000000,0.000000,0.000000,0.000000,0.000000,0.000000
47.140000,0.000000,0.000000,0.000000,0.000000,0.000000,0.000000
47.170000,0.000000,0.000000,0.000000,0.000000,0.000000,0.000000
47.190000,0.000000,0.000000,0.000000,0.000000,0.000000,0.000000
47.220000,0.000000,0.000000,0.000000,0.000000,0.000000,0.000000
47.240000,0.000000,0.000000,0.000000,0.000000,0.000000,0.000000
47.270000,0.000000,0.000000,0.000000,0.000000,0.000000,0.000000
47.290000,0.000000,0.000000,0.000000,0.000000,0.000000,0.000000
47.310000,0.000000,0.000000,0.000000,0.000000,0.000000,0.000000
47.340000,0.000000,0.000000,0.000000,0.000000,0.000000,0.000000
47.370000,0.000000,0.000000,0.000000,0.000000,0.000000,0.000000
47.390000,0.000000,0.000000,0.000000,0.000000,0.000000,0.000000
47.420000,0.000000,0.000000,0.000000,0.000000,0.000000,0.000000
47.440000,0.000000,0.000000,0.000000,0.000000,0.000000,0.000000
47.470000,0.000000,0.000000,0.000000,0.000000,0.000000,0.000000
47.490000,0.000000,0.000000,0.000000,0.000000,0.000000,0.000000
47.510000,0.000000,0.000000,0.000000,0.000000,0.000000,0.000000
47.540000,0.000000,0.000000,0.000000,0.000000,0.000000,0.000000
47.560000,0.000000,0.000000,0.000000,0.000000,0.000000,0.000000
47.590000,0.000000,0.000000,0.000000,0.000000,0.000000,0.000000
47.610000,0.000000,0.000000,0.000000,0.000000,0.000000,0.000000
47.640000,0.000000,0.000000,0.000000,0.000000,0.000000,0.000000
47.660000,0.000000,0.000000,0.000000,0.000000,0.000000,0.000000
47.690000,0.000000,0.000000,0.000000,0.000000,0.000000,0.000000
47.710000,0.000000,0.000000,0.000000,0.000000,0.000000,0.000000
47.730000,0.000000,0.000000,0.000000,0.000000,0.000000,0.000000
47.760000,0.000000,0.000000,0.000000,0.000000,0.000000,0.000000
47.780000,0.000000,0.000000,0.000000,0.000000,0.000000,0.000000
47.800000,0.000000,0.000000,0.000000,0.000000,0.000000,0.000000
47.830000,0.000000,0.000000,0.000000,0.000000,0.000000,0.000000
47.850000,0.000000,0.000000,0.000000,0.000000,0.000000,0.000000
47.870000,0.000000,0.000000,0.000000,0.000000,0.000000,0.000000
47.900000,0.000000,0.000000,0.000000,0.000000,0.000000,0.000000
47.920000,0.000000,0.000000,0.000000,0.000000,0.000000,0.000000
47.950000,0.000000,0.000000,0.000000,0.000000,0.000000,0.000000
47.970000,0.000000,0.000000,0.000000,0.000000,0.000000,0.000000
47.990000,0.000000,0.000000,0.000000,0.000000,0.000000,0.000000
48.020000,0.000000,0.000000,0.000000,0.000000,0.000000,0.000000
48.050000,0.000000,0.000000,0.000000,0.000000,0.000000,0.000000
48.070000,0.000000,0.000000,0.000000,0.000000,0.000000,0.000000
48.100000,0.000000,0.000000,0.000000,0.000000,0.000000,0.000000
48.120000,0.000000,0.000000,0.000000,0.000000,0.000000,0.000000
48.150000,0.000000,0.000000,0.000000,0.000000,0.000000,0.000000
48.170000,0.000000,0.000000,0.000000,0.000000,0.000000,0.000000
48.190000,0.000000,0.000000,0.000000,0.000000,0.000000,0.000000
48.220000,0.000000,0.000000,0.000000,0.000000,0.000000,0.000000
48.240000,0.000000,0.000000,0.000000,0.000000,0.000000,0.000000
48.260000,0.000000,0.000000,0.000000,0.000000,0.000000,0.000000
48.290000,0.000000,0.000000,0.000000,0.000000,0.000000,0.000000
48.310000,0.000000,0.000000,0.000000,0.000000,0.000000,0.000000
48.340000,0.000000,0.000000,0.000000,0.000000,0.000000,0.000000
48.360000,0.000000,0.000000,0.000000,0.000000,0.000000,0.000000
48.380000,0.000000,0.000000,0.000000,0.000000,0.000000,0.000000
48.400000,0.000000,0.000000,0.000000,0.000000,0.000000,0.000000
48.430000,0.000000,0.000000,0.000000,0.000000,0.000000,0.000000
48.450000,0.000000,0.000000,0.000000,0.000000,0.000000,0.000000
48.470000,0.000000,0.000000,0.000000,0.000000,0.000000,0.000000
48.500000,0.000000,0.000000,0.000000,0.000000,0.000000,0.000000
48.520000,0.000000,0.000000,0.000000,0.000000,0.000000,0.000000
48.550000,0.000000,0.000000,0.000000,0.000000,0.000000,0.000000
48.570000,0.000000,0.000000,0.000000,0.000000,0.000000,0.000000
48.590000,0.000000,0.000000,0.000000,0.000000,0.000000,0.000000
48.620000,0.000000,0.000000,0.000000,0.000000,0.000000,0.000000
48.640000,0.000000,0.000000,0.000000,0.000000,0.000000,0.000000
48.670000,0.000000,0.000000,0.000000,0.000000,0.000000,0.000000
48.690000,0.000000,0.000000,0.000000,0.000000,0.000000,0.000000
48.720000,0.000000,0.000000,0.000000,0.000000,0.000000,0.000000
48.740000,0.000000,0.000000,0.000000,0.000000,0.000000,0.000000
48.760000,0.000000,0.000000,0.000000,0.000000,0.000000,0.000000
48.790000,0.000000,0.000000,0.000000,0.000000,0.000000,0.000000
48.810000,0.000000,0.000000,0.000000,0.000000,0.000000,0.000000
48.830000,0.000000,0.000000,0.000000,0.000000,0.000000,0.000000
48.860000,0.000000,0.000000,0.000000,0.000000,0.000000,0.000000
48.890000,0.000000,0.000000,0.000000,0.000000,0.000000,0.000000
48.910000,0.000000,0.000000,0.000000,0.000000,0.000000,0.000000
48.940000,0.000000,0.000000,0.000000,0.000000,0.000000,0.000000
48.960000,0.000000,0.000000,0.000000,0.000000,0.000000,0.000000
48.990000,0.000000,0.000000,0.000000,0.000000,0.000000,0.000000
49.010000,0.000000,0.000000,0.000000,0.000000,0.000000,0.000000
49.030000,0.000000,0.000000,0.000000,0.000000,0.000000,0.000000
49.060000,0.000000,0.000000,0.000000,0.000000,0.000000,0.000000
49.080000,0.000000,0.000000,0.000000,0.000000,0.000000,0.000000
49.100000,0.000000,0.000000,0.000000,0.000000,0.000000,0.000000
49.120000,0.000000,0.000000,0.000000,0.000000,0.000000,0.000000
49.150000,0.000000,0.000000,0.000000,0.000000,0.000000,0.000000
49.170000,0.000000,0.000000,0.000000,0.000000,0.000000,0.000000
49.190000,0.000000,0.000000,0.000000,0.000000,0.000000,0.000000
49.210000,0.000000,0.000000,0.000000,0.000000,0.000000,0.000000
49.240000,0.000000,0.000000,0.000000,0.000000,0.000000,0.000000
49.260000,0.000000,0.000000,0.000000,0.000000,0.000000,0.000000
49.280000,0.000000,0.000000,0.000000,0.000000,0.000000,0.000000
49.300000,0.000000,0.000000,0.000000,0.000000,0.000000,0.000000
49.320000,0.000000,0.000000,0.000000,0.000000,0.000000,0.000000
49.350000,0.000000,0.000000,0.000000,0.000000,0.000000,0.000000
49.370000,0.000000,0.000000,0.000000,0.000000,0.000000,0.000000
49.390000,0.000000,0.000000,0.000000,0.000000,0.000000,0.000000
49.410000,0.000000,0.000000,0.000000,0.000000,0.000000,0.000000
49.440000,0.000000,0.000000,0.000000,0.000000,0.000000,0.000000
49.460000,0.000000,0.000000,0.000000,0.000000,0.000000,0.000000
49.480000,0.000000,0.000000,0.000000,0.000000,0.000000,0.000000
49.500000,0.000000,0.000000,0.000000,0.000000,0.000000,0.000000
49.530000,0.000000,0.000000,0.000000,0.000000,0.000000,0.000000
49.550000,0.000000,0.000000,0.000000,0.000000,0.000000,0.000000
49.580000,0.000000,0.000000,0.000000,0.000000,0.000000,0.000000
49.600000,0.000000,0.000000,0.000000,0.000000,0.000000,0.000000
49.630000,0.000000,0.000000,0.000000,0.000000,0.000000,0.000000
49.650000,0.000000,0.000000,0.000000,0.000000,0.000000,0.000000
49.670000,0.000000,0.000000,0.000000,0.000000,0.000000,0.000000
49.700000,0.000000,0.000000,0.000000,0.000000,0.000000,0.000000
49.720000,0.000000,0.000000,0.000000,0.000000,0.000000,0.000000
49.750000,0.000000,0.000000,0.000000,0.000000,0.000000,0.000000
49.770000,0.000000,0.000000,0.000000,0.000000,0.000000,0.000000
49.790000,0.000000,0.000000,0.000000,0.000000,0.000000,0.000000
49.820000,0.000000,0.000000,0.000000,0.000000,0.000000,0.000000
49.840000,0.000000,0.000000,0.000000,0.000000,0.000000,0.000000
49.870000,0.000000,0.000000,0.000000,0.000000,0.000000,0.000000
49.890000,0.000000,0.000000,0.000000,0.000000,0.000000,0.000000
49.910000,0.000000,0.000000,0.000000,0.000000,0.000000,0.000000
49.940000,0.000000,0.000000,0.000000,0.000000,0.000000,0.000000
49.960000,0.000000,0.000000,0.000000,0.000000,0.000000,0.000000
49.990000,0.000000,0.000000,0.000000,0.000000,0.000000,0.000000
50.010000,0.000000,0.000000,0.000000,0.000000,0.000000,0.000000
50.040000,0.000000,0.000000,0.000000,0.000000,0.000000,0.000000
50.060000,0.000000,0.000000,0.000000,0.000000,0.000000,0.000000
50.080000,0.000000,0.000000,0.000000,0.000000,0.000000,0.000000
50.110000,0.000000,0.000000,0.000000,0.000000,0.000000,0.000000
50.130000,0.000000,0.000000,0.000000,0.000000,0.000000,0.000000
50.150000,0.000000,0.000000,0.000000,0.000000,0.000000,0.000000
50.180000,0.000000,0.000000,0.000000,0.000000,0.000000,0.000000
50.210000,0.000000,0.000000,0.000000,0.000000,0.000000,0.000000
50.230000,0.000000,0.000000,0.000000,0.000000,0.000000,0.000000
50.260000,0.000000,0.000000,0.000000,0.000000,0.000000,0.000000
50.280000,0.000000,0.000000,0.000000,0.000000,0.000000,0.000000
50.310000,0.000000,0.000000,0.000000,0.000000,0.000000,0.000000
50.330000,0.000000,0.000000,0.000000,0.000000,0.000000,0.000000
50.360000,0.000000,0.000000,0.000000,0.000000,0.000000,0.000000
50.380000,0.000000,0.000000,0.000000,0.000000,0.000000,0.000000
50.410000,0.000000,0.000000,0.000000,0.000000,0.000000,0.000000
50.430000,0.000000,0.000000,0.000000,0.000000,0.000000,0.000000
50.450000,0.000000,0.000000,0.000000,0.000000,0.000000,0.000000
50.480000,0.000000,0.000000,0.000000,0.000000,0.000000,0.000000
50.500000,0.000000,0.000000,0.000000,0.000000,0.000000,0.000000
50.530000,0.000000,0.000000,0.000000,0.000000,0.000000,0.000000
50.550000,0.000000,0.000000,0.000000,0.000000,0.000000,0.000000
50.570000,0.000000,0.000000,0.000000,0.000000,0.000000,0.000000
50.600000,0.000000,0.000000,0.000000,0.000000,0.000000,0.000000
50.620000,0.000000,0.000000,0.000000,0.000000,0.000000,0.000000
50.640000,0.000000,0.000000,0.000000,0.000000,0.000000,0.000000
50.670000,0.000000,0.000000,0.000000,0.000000,0.000000,0.000000
50.690000,0.000000,0.000000,0.000000,0.000000,0.000000,0.000000
50.720000,0.000000,0.000000,0.000000,0.000000,0.000000,0.000000
50.740000,0.000000,0.000000,0.000000,0.000000,0.000000,0.000000
50.770000,0.000000,0.000000,0.000000,0.000000,0.000000,0.000000
50.790000,0.000000,0.000000,0.000000,0.000000,0.000000,0.000000
50.820000,0.000000,0.000000,0.000000,0.000000,0.000000,0.000000
50.840000,0.000000,0.000000,0.000000,0.000000,0.000000,0.000000
50.860000,0.000000,0.000000,0.000000,0.000000,0.000000,0.000000
50.890000,0.000000,0.000000,0.000000,0.000000,0.000000,0.000000
50.910000,0.000000,0.000000,0.000000,0.000000,0.000000,0.000000
50.940000,0.000000,0.000000,0.000000,0.000000,0.000000,0.000000
50.960000,0.000000,0.000000,0.000000,0.000000,0.000000,0.000000
50.980000,0.000000,0.000000,0.000000,0.000000,0.000000,0.000000
51.010000,0.000000,0.000000,0.000000,0.000000,0.000000,0.000000
51.030000,0.000000,0.000000,0.000000,0.000000,0.000000,0.000000
51.050000,0.000000,0.000000,0.000000,0.000000,0.000000,0.000000
51.080000,0.000000,0.000000,0.000000,0.000000,0.000000,0.000000
51.110000,0.000000,0.000000,0.000000,0.000000,0.000000,0.000000
51.130000,0.000000,0.000000,0.000000,0.000000,0.000000,0.000000
51.160000,0.000000,0.000000,0.000000,0.000000,0.000000,0.000000
51.180000,0.000000,0.000000,0.000000,0.000000,0.000000,0.000000
51.210000,0.000000,0.000000,0.000000,0.000000,0.000000,0.000000
51.230000,0.000000,0.000000,0.000000,0.000000,0.000000,0.000000
51.250000,0.000000,0.000000,0.000000,0.000000,0.000000,0.000000
51.280000,0.000000,0.000000,0.000000,0.000000,0.000000,0.000000
51.300000,0.000000,0.000000,0.000000,0.000000,0.000000,0.000000
51.330000,0.000000,0.000000,0.000000,0.000000,0.000000,0.000000
51.350000,0.000000,0.000000,0.000000,0.000000,0.000000,0.000000
51.380000,0.000000,0.000000,0.000000,0.000000,0.000000,0.000000
51.400000,0.000000,0.000000,0.000000,0.000000,0.000000,0.000000
51.430000,0.000000,0.000000,0.000000,0.000000,0.000000,0.000000
51.450000,0.000000,0.000000,0.000000,0.000000,0.000000,0.000000
51.480000,0.000000,0.000000,0.000000,0.000000,0.000000,0.000000
51.500000,0.000000,0.000000,0.000000,0.000000,0.000000,0.000000
51.530000,0.000000,0.000000,0.000000,0.000000,0.000000,0.000000
51.550000,0.000000,0.000000,0.000000,0.000000,0.000000,0.000000
51.570000,0.000000,0.000000,0.000000,0.000000,0.000000,0.000000
51.600000,0.000000,0.000000,0.000000,0.000000,0.000000,0.000000
51.620000,0.000000,0.000000,0.000000,0.000000,0.000000,0.000000
51.650000,0.000000,0.000000,0.000000,0.000000,0.000000,0.000000
51.670000,0.000000,0.000000,0.000000,0.000000,0.000000,0.000000
51.690000,0.000000,0.000000,0.000000,0.000000,0.000000,0.000000
51.720000,0.000000,0.000000,0.000000,0.000000,0.000000,0.000000
51.740000,0.000000,0.000000,0.000000,0.000000,0.000000,0.000000
51.770000,0.000000,0.000000,0.000000,0.000000,0.000000,0.000000
51.790000,0.000000,0.000000,0.000000,0.000000,0.000000,0.000000
51.810000,0.000000,0.000000,0.000000,0.000000,0.000000,0.000000
51.840000,0.000000,0.000000,0.000000,0.000000,0.000000,0.000000
51.870000,0.000000,0.000000,0.000000,0.000000,0.000000,0.000000
51.890000,0.000000,0.000000,0.000000,0.000000,0.000000,0.000000
51.920000,0.000000,0.000000,0.000000,0.000000,0.000000,0.000000
51.940000,0.000000,0.000000,0.000000,0.000000,0.000000,0.000000
51.960000,0.000000,0.000000,0.000000,0.000000,0.000000,0.000000
51.990000,0.000000,0.000000,0.000000,0.000000,0.000000,0.000000
52.010000,0.000000,0.000000,0.000000,0.000000,0.000000,0.000000
52.040000,0.000000,0.000000,0.000000,0.000000,0.000000,0.000000
52.060000,0.000000,0.000000,0.000000,0.000000,0.000000,0.000000
52.090000,0.000000,0.000000,0.000000,0.000000,0.000000,0.000000
52.110000,0.000000,0.000000,0.000000,0.000000,0.000000,0.000000
52.130000,0.000000,0.000000,0.000000,0.000000,0.000000,0.000000
52.150000,0.000000,0.000000,0.000000,0.000000,0.000000,0.000000
52.180000,0.000000,0.000000,0.000000,0.000000,0.000000,0.000000
52.200000,0.000000,0.000000,0.000000,0.000000,0.000000,0.000000
52.230000,0.000000,0.000000,0.000000,0.000000,0.000000,0.000000
52.250000,0.000000,0.000000,0.000000,0.000000,0.000000,0.000000
52.280000,0.000000,0.000000,0.000000,0.000000,0.000000,0.000000
52.300000,0.000000,0.000000,0.000000,0.000000,0.000000,0.000000
52.330000,0.000000,0.000000,0.000000,0.000000,0.000000,0.000000
52.350000,0.000000,0.000000,0.000000,0.000000,0.000000,0.000000
52.380000,0.000000,0.000000,0.000000,0.000000,0.000000,0.000000
52.400000,0.000000,0.000000,0.000000,0.000000,0.000000,0.000000
52.420000,0.000000,0.000000,0.000000,0.000000,0.000000,0.000000
52.450000,0.000000,0.000000,0.000000,0.000000,0.000000,0.000000
52.470000,0.000000,0.000000,0.000000,0.000000,0.000000,0.000000
52.500000,0.000000,0.000000,0.000000,0.000000,0.000000,0.000000
52.520000,0.000000,0.000000,0.000000,0.000000,0.000000,0.000000
52.540000,0.000000,0.000000,0.000000,0.000000,0.000000,0.000000
52.570000,0.000000,0.000000,0.000000,0.000000,0.000000,0.000000
52.590000,0.000000,0.000000,0.000000,0.000000,0.000000,0.000000
52.610000,0.000000,0.000000,0.000000,0.000000,0.000000,0.000000
52.630000,0.000000,0.000000,0.000000,0.000000,0.000000,0.000000
52.660000,0.000000,0.000000,0.000000,0.000000,0.000000,0.000000
52.680000,0.000000,0.000000,0.000000,0.000000,0.000000,0.000000
52.710000,0.000000,0.000000,0.000000,0.000000,0.000000,0.000000
52.730000,0.000000,0.000000,0.000000,0.000000,0.000000,0.000000
52.760000,0.000000,0.000000,0.000000,0.000000,0.000000,0.000000
52.780000,0.000000,0.000000,0.000000,0.000000,0.000000,0.000000
52.800000,0.000000,0.000000,0.000000,0.000000,0.000000,0.000000
52.830000,0.000000,0.000000,0.000000,0.000000,0.000000,0.000000
52.850000,0.000000,0.000000,0.000000,0.000000,0.000000,0.000000
52.880000,0.000000,0.000000,0.000000,0.000000,0.000000,0.000000
52.900000,0.000000,0.000000,0.000000,0.000000,0.000000,0.000000
52.930000,0.000000,0.000000,0.000000,0.000000,0.000000,0.000000
52.950000,0.000000,0.000000,0.000000,0.000000,0.000000,0.000000
52.980000,0.000000,0.000000,0.000000,0.000000,0.000000,0.000000
53.000000,0.000000,0.000000,0.000000,0.000000,0.000000,0.000000
53.020000,0.000000,0.000000,0.000000,0.000000,0.000000,0.000000
53.050000,0.000000,0.000000,0.000000,0.000000,0.000000,0.000000
53.070000,0.000000,0.000000,0.000000,0.000000,0.000000,0.000000
53.090000,0.000000,0.000000,0.000000,0.000000,0.000000,0.000000
53.120000,0.000000,0.000000,0.000000,0.000000,0.000000,0.000000
53.140000,0.000000,0.000000,0.000000,0.000000,0.000000,0.000000
53.160000,0.000000,0.000000,0.000000,0.000000,0.000000,0.000000
53.190000,0.000000,0.000000,0.000000,0.000000,0.000000,0.000000
53.210000,0.000000,0.000000,0.000000,0.000000,0.000000,0.000000
53.240000,0.000000,0.000000,0.000000,0.000000,0.000000,0.000000
53.260000,0.000000,0.000000,0.000000,0.000000,0.000000,0.000000
53.290000,0.000000,0.000000,0.000000,0.000000,0.000000,0.000000
53.310000,0.000000,0.000000,0.000000,0.000000,0.000000,0.000000
53.330000,0.000000,0.000000,0.000000,0.000000,0.000000,0.000000
53.360000,0.000000,0.000000,0.000000,0.000000,0.000000,0.000000
53.380000,0.000000,0.000000,0.000000,0.000000,0.000000,0.000000
53.410000,0.000000,0.000000,0.000000,0.000000,0.000000,0.000000
53.430000,0.000000,0.000000,0.000000,0.000000,0.000000,0.000000
53.450000,0.000000,0.000000,0.000000,0.000000,0.000000,0.000000
53.470000,0.000000,0.000000,0.000000,0.000000,0.000000,0.000000
53.500000,0.000000,0.000000,0.000000,0.000000,0.000000,0.000000
53.520000,0.000000,0.000000,0.000000,0.000000,0.000000,0.000000
53.550000,0.000000,0.000000,0.000000,0.000000,0.000000,0.000000
53.570000,0.000000,0.000000,0.000000,0.000000,0.000000,0.000000
53.590000,0.000000,0.000000,0.000000,0.000000,0.000000,0.000000
53.620000,0.000000,0.000000,0.000000,0.000000,0.000000,0.000000
53.640000,0.000000,0.000000,0.000000,0.000000,0.000000,0.000000
53.670000,0.000000,0.000000,0.000000,0.000000,0.000000,0.000000
53.690000,0.000000,0.000000,0.000000,0.000000,0.000000,0.000000
53.720000,0.000000,0.000000,0.000000,0.000000,0.000000,0.000000
53.740000,0.000000,0.000000,0.000000,0.000000,0.000000,0.000000
53.760000,0.000000,0.000000,0.000000,0.000000,0.000000,0.000000
53.790000,0.000000,0.000000,0.000000,0.000000,0.000000,0.000000
53.810000,0.000000,0.000000,0.000000,0.000000,0.000000,0.000000
53.840000,0.000000,0.000000,0.000000,0.000000,0.000000,0.000000
53.860000,0.000000,0.000000,0.000000,0.000000,0.000000,0.000000
53.890000,0.000000,0.000000,0.000000,0.000000,0.000000,0.000000
53.910000,0.000000,0.000000,0.000000,0.000000,0.000000,0.000000
53.940000,0.000000,0.000000,0.000000,0.000000,0.000000,0.000000
53.960000,0.000000,0.000000,0.000000,0.000000,0.000000,0.000000
53.990000,0.000000,0.000000,0.000000,0.000000,0.000000,0.000000
54.010000,0.000000,0.000000,0.000000,0.000000,0.000000,0.000000
54.040000,0.000000,0.000000,0.000000,0.000000,0.000000,0.000000
54.060000,0.000000,0.000000,0.000000,0.000000,0.000000,0.000000
54.080000,0.000000,0.000000,0.000000,0.000000,0.000000,0.000000
54.110000,0.000000,0.000000,0.000000,0.000000,0.000000,0.000000
54.130000,0.000000,0.000000,0.000000,0.000000,0.000000,0.000000
54.160000,0.000000,0.000000,0.000000,0.000000,0.000000,0.000000
54.190000,0.000000,0.000000,0.000000,0.000000,0.000000,0.000000
54.210000,0.000000,0.000000,0.000000,0.000000,0.000000,0.000000
54.240000,0.000000,0.000000,0.000000,0.000000,0.000000,0.000000
54.260000,0.000000,0.000000,0.000000,0.000000,0.000000,0.000000
54.280000,0.000000,0.000000,0.000000,0.000000,0.000000,0.000000
54.310000,0.000000,0.000000,0.000000,0.000000,0.000000,0.000000
54.330000,0.000000,0.000000,0.000000,0.000000,0.000000,0.000000
54.350000,0.000000,0.000000,0.000000,0.000000,0.000000,0.000000
54.370000,0.000000,0.000000,0.000000,0.000000,0.000000,0.000000
54.400000,0.000000,0.000000,0.000000,0.000000,0.000000,0.000000
54.420000,0.000000,0.000000,0.000000,0.000000,0.000000,0.000000
54.450000,0.000000,0.000000,0.000000,0.000000,0.000000,0.000000
54.470000,0.000000,0.000000,0.000000,0.000000,0.000000,0.000000
54.490000,0.000000,0.000000,0.000000,0.000000,0.000000,0.000000
54.520000,0.000000,0.000000,0.000000,0.000000,0.000000,0.000000
54.540000,0.000000,0.000000,0.000000,0.000000,0.000000,0.000000
54.560000,0.000000,0.000000,0.000000,0.000000,0.000000,0.000000
54.590000,0.000000,0.000000,0.000000,0.000000,0.000000,0.000000
54.610000,0.000000,0.000000,0.000000,0.000000,0.000000,0.000000
54.640000,0.000000,0.000000,0.000000,0.000000,0.000000,0.000000
54.660000,0.000000,0.000000,0.000000,0.000000,0.000000,0.000000
54.680000,0.000000,0.000000,0.000000,0.000000,0.000000,0.000000
54.710000,0.000000,0.000000,0.000000,0.000000,0.000000,0.000000
54.730000,0.000000,0.000000,0.000000,0.000000,0.000000,0.000000
54.760000,0.000000,0.000000,0.000000,0.000000,0.000000,0.000000
54.780000,0.000000,0.000000,0.000000,0.000000,0.000000,0.000000
54.810000,0.000000,0.000000,0.000000,0.000000,0.000000,0.000000
54.830000,0.000000,0.000000,0.000000,0.000000,0.000000,0.000000
54.860000,0.000000,0.000000,0.000000,0.000000,0.000000,0.000000
54.880000,0.000000,0.000000,0.000000,0.000000,0.000000,0.000000
54.910000,0.000000,0.000000,0.000000,0.000000,0.000000,0.000000
54.930000,0.000000,0.000000,0.000000,0.000000,0.000000,0.000000
54.950000,0.000000,0.000000,0.000000,0.000000,0.000000,0.000000
54.980000,0.000000,0.000000,0.000000,0.000000,0.000000,0.000000
55.000000,0.000000,0.000000,0.000000,0.000000,0.000000,0.000000
55.020000,0.000000,0.000000,0.000000,0.000000,0.000000,0.000000
55.050000,0.000000,0.000000,0.000000,0.000000,0.000000,0.000000
55.070000,0.000000,0.000000,0.000000,0.000000,0.000000,0.000000
55.090000,0.000000,0.000000,0.000000,0.000000,0.000000,0.000000
55.120000,0.000000,0.000000,0.000000,0.000000,0.000000,0.000000
55.140000,0.000000,0.000000,0.000000,0.000000,0.000000,0.000000
55.170000,0.000000,0.000000,0.000000,0.000000,0.000000,0.000000
55.190000,0.000000,0.000000,0.000000,0.000000,0.000000,0.000000
55.220000,0.000000,0.000000,0.000000,0.000000,0.000000,0.000000
55.240000,0.000000,0.000000,0.000000,0.000000,0.000000,0.000000
55.270000,0.000000,0.000000,0.000000,0.000000,0.000000,0.000000
55.290000,0.000000,0.000000,0.000000,0.000000,0.000000,0.000000
55.320000,0.000000,0.000000,0.000000,0.000000,0.000000,0.000000
55.340000,0.000000,0.000000,0.000000,0.000000,0.000000,0.000000
55.370000,0.000000,0.000000,0.000000,0.000000,0.000000,0.000000
55.390000,0.000000,0.000000,0.000000,0.000000,0.000000,0.000000
55.420000,0.000000,0.000000,0.000000,0.000000,0.000000,0.000000
55.440000,0.000000,0.000000,0.000000,0.000000,0.000000,0.000000
55.470000,0.000000,0.000000,0.000000,0.000000,0.000000,0.000000
55.490000,0.000000,0.000000,0.000000,0.000000,0.000000,0.000000
55.520000,0.000000,0.000000,0.000000,0.000000,0.000000,0.000000
55.550000,0.000000,0.000000,0.000000,0.000000,0.000000,0.000000
55.570000,0.000000,0.000000,0.000000,0.000000,0.000000,0.000000
55.590000,0.000000,0.000000,0.000000,0.000000,0.000000,0.000000
55.620000,0.000000,0.000000,0.000000,0.000000,0.000000,0.000000
55.640000,0.000000,0.000000,0.000000,0.000000,0.000000,0.000000
55.670000,0.000000,0.000000,0.000000,0.000000,0.000000,0.000000
55.690000,0.000000,0.000000,0.000000,0.000000,0.000000,0.000000
55.720000,0.000000,0.000000,0.000000,0.000000,0.000000,0.000000
55.740000,0.000000,0.000000,0.000000,0.000000,0.000000,0.000000
55.770000,0.000000,0.000000,0.000000,0.000000,0.000000,0.000000
55.790000,0.000000,0.000000,0.000000,0.000000,0.000000,0.000000
55.810000,0.000000,0.000000,0.000000,0.000000,0.000000,0.000000
55.840000,0.000000,0.000000,0.000000,0.000000,0.000000,0.000000
55.860000,0.000000,0.000000,0.000000,0.000000,0.000000,0.000000
55.890000,0.000000,0.000000,0.000000,0.000000,0.000000,0.000000
55.910000,0.000000,0.000000,0.000000,0.000000,0.000000,0.000000
55.930000,0.000000,0.000000,0.000000,0.000000,0.000000,0.000000
55.960000,0.000000,0.000000,0.000000,0.000000,0.000000,0.000000
55.980000,0.000000,0.000000,0.000000,0.000000,0.000000,0.000000
56.010000,0.000000,0.000000,0.000000,0.000000,0.000000,0.000000
56.030000,0.000000,0.000000,0.000000,0.000000,0.000000,0.000000
56.060000,0.000000,0.000000,0.000000,0.000000,0.000000,0.000000
56.080000,0.000000,0.000000,0.000000,0.000000,0.000000,0.000000
56.100000,0.000000,0.000000,0.000000,0.000000,0.000000,0.000000
56.130000,0.000000,0.000000,0.000000,0.000000,0.000000,0.000000
56.150000,0.000000,0.000000,0.000000,0.000000,0.000000,0.000000
56.180000,0.000000,0.000000,0.000000,0.000000,0.000000,0.000000
56.200000,0.000000,0.000000,0.000000,0.000000,0.000000,0.000000
56.220000,0.000000,0.000000,0.000000,0.000000,0.000000,0.000000
56.250000,0.000000,0.000000,0.000000,0.000000,0.000000,0.000000
56.270000,0.000000,0.000000,0.000000,0.000000,0.000000,0.000000
56.300000,0.000000,0.000000,0.000000,0.000000,0.000000,0.000000
56.320000,0.000000,0.000000,0.000000,0.000000,0.000000,0.000000
56.350000,0.000000,0.000000,0.000000,0.000000,0.000000,0.000000
56.370000,0.000000,0.000000,0.000000,0.000000,0.000000,0.000000
56.400000,0.000000,0.000000,0.000000,0.000000,0.000000,0.000000
56.420000,0.000000,0.000000,0.000000,0.000000,0.000000,0.000000
56.450000,0.000000,0.000000,0.000000,0.000000,0.000000,0.000000
56.470000,0.000000,0.000000,0.000000,0.000000,0.000000,0.000000
56.500000,0.000000,0.000000,0.000000,0.000000,0.000000,0.000000
56.520000,0.000000,0.000000,0.000000,0.000000,0.000000,0.000000
56.550000,0.000000,0.000000,0.000000,0.000000,0.000000,0.000000
56.570000,0.000000,0.000000,0.000000,0.000000,0.000000,0.000000
56.600000,0.000000,0.000000,0.000000,0.000000,0.000000,0.000000
56.620000,0.000000,0.000000,0.000000,0.000000,0.000000,0.000000
56.650000,0.000000,0.000000,0.000000,0.000000,0.000000,0.000000
56.670000,0.000000,0.000000,0.000000,0.000000,0.000000,0.000000
56.690000,0.000000,0.000000,0.000000,0.000000,0.000000,0.000000
56.720000,0.000000,0.000000,0.000000,0.000000,0.000000,0.000000
56.740000,0.000000,0.000000,0.000000,0.000000,0.000000,0.000000
56.770000,0.000000,0.000000,0.000000,0.000000,0.000000,0.000000
56.790000,0.000000,0.000000,0.000000,0.000000,0.000000,0.000000
56.810000,0.000000,0.000000,0.000000,0.000000,0.000000,0.000000
56.840000,0.000000,0.000000,0.000000,0.000000,0.000000,0.000000
56.860000,0.000000,0.000000,0.000000,0.000000,0.000000,0.000000
56.890000,0.000000,0.000000,0.000000,0.000000,0.000000,0.000000
56.910000,0.000000,0.000000,0.000000,0.000000,0.000000,0.000000
56.930000,0.000000,0.000000,0.000000,0.000000,0.000000,0.000000
56.960000,0.000000,0.000000,0.000000,0.000000,0.000000,0.000000
56.980000,0.000000,0.000000,0.000000,0.000000,0.000000,0.000000
57.010000,0.000000,0.000000,0.000000,0.000000,0.000000,0.000000
57.030000,0.000000,0.000000,0.000000,0.000000,0.000000,0.000000
57.060000,0.000000,0.000000,0.000000,0.000000,0.000000,0.000000
57.080000,0.000000,0.000000,0.000000,0.000000,0.000000,0.000000
57.110000,0.000000,0.000000,0.000000,0.000000,0.000000,0.000000
57.130000,0.000000,0.000000,0.000000,0.000000,0.000000,0.000000
57.150000,0.000000,0.000000,0.000000,0.000000,0.000000,0.000000
57.180000,0.000000,0.000000,0.000000,0.000000,0.000000,0.000000
57.200000,0.000000,0.000000,0.000000,0.000000,0.000000,0.000000
57.230000,0.000000,0.000000,0.000000,0.000000,0.000000,0.000000
57.250000,0.000000,0.000000,0.000000,0.000000,0.000000,0.000000
57.270000,0.000000,0.000000,0.000000,0.000000,0.000000,0.000000
57.300000,0.000000,0.000000,0.000000,0.000000,0.000000,0.000000
57.320000,0.000000,0.000000,0.000000,0.000000,0.000000,0.000000
57.350000,0.000000,0.000000,0.000000,0.000000,0.000000,0.000000
57.370000,0.000000,0.000000,0.000000,0.000000,0.000000,0.000000
57.400000,0.000000,0.000000,0.000000,0.000000,0.000000,0.000000
57.420000,0.000000,0.000000,0.000000,0.000000,0.000000,0.000000
57.440000,0.000000,0.000000,0.000000,0.000000,0.000000,0.000000
57.470000,0.000000,0.000000,0.000000,0.000000,0.000000,0.000000
57.490000,0.000000,0.000000,0.000000,0.000000,0.000000,0.000000
57.510000,0.000000,0.000000,0.000000,0.000000,0.000000,0.000000
57.540000,0.000000,0.000000,0.000000,0.000000,0.000000,0.000000
57.560000,0.000000,0.000000,0.000000,0.000000,0.000000,0.000000
57.580000,0.000000,0.000000,0.000000,0.000000,0.000000,0.000000
57.610000,0.000000,0.000000,0.000000,0.000000,0.000000,0.000000
57.630000,0.000000,0.000000,0.000000,0.000000,0.000000,0.000000
57.660000,0.000000,0.000000,0.000000,0.000000,0.000000,0.000000
57.680000,0.000000,0.000000,0.000000,0.000000,0.000000,0.000000
57.710000,0.000000,0.000000,0.000000,0.000000,0.000000,0.000000
57.730000,0.000000,0.000000,0.000000,0.000000,0.000000,0.000000
57.750000,0.000000,0.000000,0.000000,0.000000,0.000000,0.000000
57.780000,0.000000,0.000000,0.000000,0.000000,0.000000,0.000000
57.800000,0.000000,0.000000,0.000000,0.000000,0.000000,0.000000
57.820000,0.000000,0.000000,0.000000,0.000000,0.000000,0.000000
57.850000,0.000000,0.000000,0.000000,0.000000,0.000000,0.000000
57.870000,0.000000,0.000000,0.000000,0.000000,0.000000,0.000000
57.900000,0.000000,0.000000,0.000000,0.000000,0.000000,0.000000
57.920000,0.000000,0.000000,0.000000,0.000000,0.000000,0.000000
57.950000,0.000000,0.000000,0.000000,0.000000,0.000000,0.000000
57.970000,0.000000,0.000000,0.000000,0.000000,0.000000,0.000000
58.000000,0.000000,0.000000,0.000000,0.000000,0.000000,0.000000
58.020000,0.000000,0.000000,0.000000,0.000000,0.000000,0.000000
58.040000,0.000000,0.000000,0.000000,0.000000,0.000000,0.000000
58.070000,0.000000,0.000000,0.000000,0.000000,0.000000,0.000000
58.090000,0.000000,0.000000,0.000000,0.000000,0.000000,0.000000
58.120000,0.000000,0.000000,0.000000,0.000000,0.000000,0.000000
58.140000,0.000000,0.000000,0.000000,0.000000,0.000000,0.000000
58.160000,0.000000,0.000000,0.000000,0.000000,0.000000,0.000000
58.190000,0.000000,0.000000,0.000000,0.000000,0.000000,0.000000
58.210000,0.000000,0.000000,0.000000,0.000000,0.000000,0.000000
58.240000,0.000000,0.000000,0.000000,0.000000,0.000000,0.000000
58.260000,0.000000,0.000000,0.000000,0.000000,0.000000,0.000000
58.280000,0.000000,0.000000,0.000000,0.000000,0.000000,0.000000
58.310000,0.000000,0.000000,0.000000,0.000000,0.000000,0.000000
58.330000,0.000000,0.000000,0.000000,0.000000,0.000000,0.000000
58.350000,0.000000,0.000000,0.000000,0.000000,0.000000,0.000000
58.380000,0.000000,0.000000,0.000000,0.000000,0.000000,0.000000
58.410000,0.000000,0.000000,0.000000,0.000000,0.000000,0.000000
58.430000,0.000000,0.000000,0.000000,0.000000,0.000000,0.000000
58.450000,0.000000,0.000000,0.000000,0.000000,0.000000,0.000000
58.480000,0.000000,0.000000,0.000000,0.000000,0.000000,0.000000
58.500000,0.000000,0.000000,0.000000,0.000000,0.000000,0.000000
58.530000,0.000000,0.000000,0.000000,0.000000,0.000000,0.000000
58.550000,0.000000,0.000000,0.000000,0.000000,0.000000,0.000000
58.570000,0.000000,0.000000,0.000000,0.000000,0.000000,0.000000
58.590000,0.000000,0.000000,0.000000,0.000000,0.000000,0.000000
58.620000,0.000000,0.000000,0.000000,0.000000,0.000000,0.000000
58.640000,0.000000,0.000000,0.000000,0.000000,0.000000,0.000000
58.670000,0.000000,0.000000,0.000000,0.000000,0.000000,0.000000
58.690000,0.000000,0.000000,0.000000,0.000000,0.000000,0.000000
58.710000,0.000000,0.000000,0.000000,0.000000,0.000000,0.000000
58.740000,0.000000,0.000000,0.000000,0.000000,0.000000,0.000000
58.760000,0.000000,0.000000,0.000000,0.000000,0.000000,0.000000
58.790000,0.000000,0.000000,0.000000,0.000000,0.000000,0.000000
58.810000,0.000000,0.000000,0.000000,0.000000,0.000000,0.000000
58.840000,0.000000,0.000000,0.000000,0.000000,0.000000,0.000000
58.860000,0.000000,0.000000,0.000000,0.000000,0.000000,0.000000
58.880000,0.000000,0.000000,0.000000,0.000000,0.000000,0.000000
58.910000,0.000000,0.000000,0.000000,0.000000,0.000000,0.000000
58.930000,0.000000,0.000000,0.000000,0.000000,0.000000,0.000000
58.960000,0.000000,0.000000,0.000000,0.000000,0.000000,0.000000
58.980000,0.000000,0.000000,0.000000,0.000000,0.000000,0.000000
59.010000,0.000000,0.000000,0.000000,0.000000,0.000000,0.000000
59.030000,0.000000,0.000000,0.000000,0.000000,0.000000,0.000000
59.050000,0.000000,0.000000,0.000000,0.000000,0.000000,0.000000
59.080000,0.000000,0.000000,0.000000,0.000000,0.000000,0.000000
59.100000,0.000000,0.000000,0.000000,0.000000,0.000000,0.000000
59.130000,0.000000,0.000000,0.000000,0.000000,0.000000,0.000000
59.150000,0.000000,0.000000,0.000000,0.000000,0.000000,0.000000
59.170000,0.000000,0.000000,0.000000,0.000000,0.000000,0.000000
59.200000,0.000000,0.000000,0.000000,0.000000,0.000000,0.000000
59.220000,0.000000,0.000000,0.000000,0.000000,0.000000,0.000000
59.250000,0.000000,0.000000,0.000000,0.000000,0.000000,0.000000
59.270000,0.000000,0.000000,0.000000,0.000000,0.000000,0.000000
59.290000,0.000000,0.000000,0.000000,0.000000,0.000000,0.000000
59.320000,0.000000,0.000000,0.000000,0.000000,0.000000,0.000000
59.340000,0.000000,0.000000,0.000000,0.000000,0.000000,0.000000
59.370000,0.000000,0.000000,0.000000,0.000000,0.000000,0.000000
59.390000,0.000000,0.000000,0.000000,0.000000,0.000000,0.000000
59.420000,0.000000,0.000000,0.000000,0.000000,0.000000,0.000000
59.440000,0.000000,0.000000,0.000000,0.000000,0.000000,0.000000
59.460000,0.000000,0.000000,0.000000,0.000000,0.000000,0.000000
59.490000,0.000000,0.000000,0.000000,0.000000,0.000000,0.000000
59.510000,0.000000,0.000000,0.000000,0.000000,0.000000,0.000000
59.540000,0.000000,0.000000,0.000000,0.000000,0.000000,0.000000
59.560000,0.000000,0.000000,0.000000,0.000000,0.000000,0.000000
59.590000,0.000000,0.000000,0.000000,0.000000,0.000000,0.000000
59.610000,0.000000,0.000000,0.000000,0.000000,0.000000,0.000000
59.640000,0.000000,0.000000,0.000000,0.000000,0.000000,0.000000
59.660000,0.000000,0.000000,0.000000,0.000000,0.000000,0.000000
59.690000,0.000000,0.000000,0.000000,0.000000,0.000000,0.000000
59.710000,0.000000,0.000000,0.000000,0.000000,0.000000,0.000000
59.740000,0.000000,0.000000,0.000000,0.000000,0.000000,0.000000
59.760000,0.000000,0.000000,0.000000,0.000000,0.000000,0.000000
59.790000,0.000000,0.000000,0.000000,0.000000,0.000000,0.000000
59.810000,0.000000,0.000000,0.000000,0.000000,0.000000,0.000000
59.840000,0.000000,0.000000,0.000000,0.000000,0.000000,0.000000
59.860000,0.000000,0.000000,0.000000,0.000000,0.000000,0.000000
59.890000,0.000000,0.000000,0.000000,0.000000,0.000000,0.000000
59.910000,0.000000,0.000000,0.000000,0.000000,0.000000,0.000000
59.930000,0.000000,0.000000,0.000000,0.000000,0.000000,0.000000
59.960000,0.000000,0.000000,0.000000,0.000000,0.000000,0.000000
59.980000,0.000000,0.000000,0.000000,0.000000,0.000000,0.000000
60.010000,0.000000,0.000000,0.000000,0.000000,0.000000,0.000000
60.030000,0.000000,0.000000,0.000000,0.000000,0.000000,0.000000
60.050000,0.000000,0.000000,0.000000,0.000000,0.000000,0.000000
60.070000,0.000000,0.000000,0.000000,0.000000,0.000000,0.000000
60.100000,0.000000,0.000000,0.000000,0.000000,0.000000,0.000000
60.120000,0.000000,0.000000,0.000000,0.000000,0.000000,0.000000
60.140000,0.000000,0.000000,0.000000,0.000000,0.000000,0.000000
60.170000,0.000000,0.000000,0.000000,0.000000,0.000000,0.000000
60.190000,0.000000,0.000000,0.000000,0.000000,0.000000,0.000000
60.220000,0.000000,0.000000,0.000000,0.000000,0.000000,0.000000
60.250000,0.000000,0.000000,0.000000,0.000000,0.000000,0.000000
60.270000,0.000000,0.000000,0.000000,0.000000,0.000000,0.000000
60.300000,0.000000,0.000000,0.000000,0.000000,0.000000,0.000000
60.320000,0.000000,0.000000,0.000000,0.000000,0.000000,0.000000
60.340000,0.000000,0.000000,0.000000,0.000000,0.000000,0.000000
60.370000,0.000000,0.000000,0.000000,0.000000,0.000000,0.000000
60.390000,0.000000,0.000000,0.000000,0.000000,0.000000,0.000000
60.410000,0.000000,0.000000,0.000000,0.000000,0.000000,0.000000
60.440000,0.000000,0.000000,0.000000,0.000000,0.000000,0.000000
60.460000,0.000000,0.000000,0.000000,0.000000,0.000000,0.000000
60.480000,0.000000,0.000000,0.000000,0.000000,0.000000,0.000000
60.510000,0.000000,0.000000,0.000000,0.000000,0.000000,0.000000
60.530000,0.000000,0.000000,0.000000,0.000000,0.000000,0.000000
60.560000,0.000000,0.000000,0.000000,0.000000,0.000000,0.000000
60.580000,0.000000,0.000000,0.000000,0.000000,0.000000,0.000000
60.600000,0.000000,0.000000,0.000000,0.000000,0.000000,0.000000
60.630000,0.000000,0.000000,0.000000,0.000000,0.000000,0.000000
60.650000,0.000000,0.000000,0.000000,0.000000,0.000000,0.000000
60.670000,0.000000,0.000000,0.000000,0.000000,0.000000,0.000000
60.700000,0.000000,0.000000,0.000000,0.000000,0.000000,0.000000
60.720000,0.000000,0.000000,0.000000,0.000000,0.000000,0.000000
60.750000,0.000000,0.000000,0.000000,0.000000,0.000000,0.000000
60.770000,0.000000,0.000000,0.000000,0.000000,0.000000,0.000000
60.790000,0.000000,0.000000,0.000000,0.000000,0.000000,0.000000
60.820000,0.000000,0.000000,0.000000,0.000000,0.000000,0.000000
60.840000,0.000000,0.000000,0.000000,0.000000,0.000000,0.000000
60.870000,0.000000,0.000000,0.000000,0.000000,0.000000,0.000000
60.890000,0.000000,0.000000,0.000000,0.000000,0.000000,0.000000
60.910000,0.000000,0.000000,0.000000,0.000000,0.000000,0.000000
60.940000,0.000000,0.000000,0.000000,0.000000,0.000000,0.000000
60.960000,0.000000,0.000000,0.000000,0.000000,0.000000,0.000000
60.990000,0.000000,0.000000,0.000000,0.000000,0.000000,0.000000
61.010000,0.000000,0.000000,0.000000,0.000000,0.000000,0.000000
61.030000,0.000000,0.000000,0.000000,0.000000,0.000000,0.000000
61.060000,0.000000,0.000000,0.000000,0.000000,0.000000,0.000000
61.090000,0.000000,0.000000,0.000000,0.000000,0.000000,0.000000
61.110000,0.000000,0.000000,0.000000,0.000000,0.000000,0.000000
61.140000,0.000000,0.000000,0.000000,0.000000,0.000000,0.000000
61.160000,0.000000,0.000000,0.000000,0.000000,0.000000,0.000000
61.190000,0.000000,0.000000,0.000000,0.000000,0.000000,0.000000
61.210000,0.000000,0.000000,0.000000,0.000000,0.000000,0.000000
61.240000,0.000000,0.000000,0.000000,0.000000,0.000000,0.000000
61.260000,0.000000,0.000000,0.000000,0.000000,0.000000,0.000000
61.290000,0.000000,0.000000,0.000000,0.000000,0.000000,0.000000
61.310000,0.000000,0.000000,0.000000,0.000000,0.000000,0.000000
61.340000,0.000000,0.000000,0.000000,0.000000,0.000000,0.000000
61.360000,0.000000,0.000000,0.000000,0.000000,0.000000,0.000000
61.390000,0.000000,0.000000,0.000000,0.000000,0.000000,0.000000
61.410000,0.000000,0.000000,0.000000,0.000000,0.000000,0.000000
61.440000,0.000000,0.000000,0.000000,0.000000,0.000000,0.000000
61.460000,0.000000,0.000000,0.000000,0.000000,0.000000,0.000000
61.490000,0.000000,0.000000,0.000000,0.000000,0.000000,0.000000
61.510000,0.000000,0.000000,0.000000,0.000000,0.000000,0.000000
61.540000,0.000000,0.000000,0.000000,0.000000,0.000000,0.000000
61.560000,0.000000,0.000000,0.000000,0.000000,0.000000,0.000000
61.580000,0.000000,0.000000,0.000000,0.000000,0.000000,0.000000
61.610000,0.000000,0.000000,0.000000,0.000000,0.000000,0.000000
61.630000,0.000000,0.000000,0.000000,0.000000,0.000000,0.000000
61.660000,0.000000,0.000000,0.000000,0.000000,0.000000,0.000000
61.680000,0.000000,0.000000,0.000000,0.000000,0.000000,0.000000
61.710000,0.000000,0.000000,0.000000,0.000000,0.000000,0.000000
61.730000,0.000000,0.000000,0.000000,0.000000,0.000000,0.000000
61.750000,0.000000,0.000000,0.000000,0.000000,0.000000,0.000000
61.780000,0.000000,0.000000,0.000000,0.000000,0.000000,0.000000
61.800000,0.000000,0.000000,0.000000,0.000000,0.000000,0.000000
61.820000,0.000000,0.000000,0.000000,0.000000,0.000000,0.000000
61.850000,0.000000,0.000000,0.000000,0.000000,0.000000,0.000000
61.870000,0.000000,0.000000,0.000000,0.000000,0.000000,0.000000
61.900000,0.000000,0.000000,0.000000,0.000000,0.000000,0.000000
61.920000,0.000000,0.000000,0.000000,0.000000,0.000000,0.000000
61.940000,0.000000,0.000000,0.000000,0.000000,0.000000,0.000000
61.970000,0.000000,0.000000,0.000000,0.000000,0.000000,0.000000
62.000000,0.000000,0.000000,0.000000,0.000000,0.000000,0.000000
62.020000,0.000000,0.000000,0.000000,0.000000,0.000000,0.000000
62.040000,0.000000,0.000000,0.000000,0.000000,0.000000,0.000000
62.070000,0.000000,0.000000,0.000000,0.000000,0.000000,0.000000
62.090000,0.000000,0.000000,0.000000,0.000000,0.000000,0.000000
62.120000,0.000000,0.000000,0.000000,0.000000,0.000000,0.000000
62.140000,0.000000,0.000000,0.000000,0.000000,0.000000,0.000000
62.170000,0.000000,0.000000,0.000000,0.000000,0.000000,0.000000
62.190000,0.000000,0.000000,0.000000,0.000000,0.000000,0.000000
62.210000,0.000000,0.000000,0.000000,0.000000,0.000000,0.000000
62.240000,0.000000,0.000000,0.000000,0.000000,0.000000,0.000000
62.260000,0.000000,0.000000,0.000000,0.000000,0.000000,0.000000
62.280000,0.000000,0.000000,0.000000,0.000000,0.000000,0.000000
62.310000,0.000000,0.000000,0.000000,0.000000,0.000000,0.000000
62.330000,0.000000,0.000000,0.000000,0.000000,0.000000,0.000000
62.360000,0.000000,0.000000,0.000000,0.000000,0.000000,0.000000
62.380000,0.000000,0.000000,0.000000,0.000000,0.000000,0.000000
62.400000,0.000000,0.000000,0.000000,0.000000,0.000000,0.000000
62.420000,0.000000,0.000000,0.000000,0.000000,0.000000,0.000000
62.450000,0.000000,0.000000,0.000000,0.000000,0.000000,0.000000
62.470000,0.000000,0.000000,0.000000,0.000000,0.000000,0.000000
62.490000,0.000000,0.000000,0.000000,0.000000,0.000000,0.000000
62.510000,0.000000,0.000000,0.000000,0.000000,0.000000,0.000000
62.540000,0.000000,0.000000,0.000000,0.000000,0.000000,0.000000
62.560000,0.000000,0.000000,0.000000,0.000000,0.000000,0.000000
62.580000,0.000000,0.000000,0.000000,0.000000,0.000000,0.000000
62.610000,0.000000,0.000000,0.000000,0.000000,0.000000,0.000000
62.630000,0.000000,0.000000,0.000000,0.000000,0.000000,0.000000
62.660000,0.000000,0.000000,0.000000,0.000000,0.000000,0.000000
62.680000,0.000000,0.000000,0.000000,0.000000,0.000000,0.000000
62.710000,0.000000,0.000000,0.000000,0.000000,0.000000,0.000000
62.730000,0.000000,0.000000,0.000000,0.000000,0.000000,0.000000
62.750000,0.000000,0.000000,0.000000,0.000000,0.000000,0.000000
62.780000,0.000000,0.000000,0.000000,0.000000,0.000000,0.000000
62.800000,0.000000,0.000000,0.000000,0.000000,0.000000,0.000000
62.830000,0.000000,0.000000,0.000000,0.000000,0.000000,0.000000
62.850000,0.000000,0.000000,0.000000,0.000000,0.000000,0.000000
62.870000,0.000000,0.000000,0.000000,0.000000,0.000000,0.000000
62.900000,0.000000,0.000000,0.000000,0.000000,0.000000,0.000000
62.920000,0.000000,0.000000,0.000000,0.000000,0.000000,0.000000
62.950000,0.000000,0.000000,0.000000,0.000000,0.000000,0.000000
62.970000,0.000000,0.000000,0.000000,0.000000,0.000000,0.000000
63.000000,0.000000,0.000000,0.000000,0.000000,0.000000,0.000000
63.020000,0.000000,0.000000,0.000000,0.000000,0.000000,0.000000
63.040000,0.000000,0.000000,0.000000,0.000000,0.000000,0.000000
63.070000,0.000000,0.000000,0.000000,0.000000,0.000000,0.000000
63.090000,0.000000,0.000000,0.000000,0.000000,0.000000,0.000000
63.120000,0.000000,0.000000,0.000000,0.000000,0.000000,0.000000
63.140000,0.000000,0.000000,0.000000,0.000000,0.000000,0.000000
63.170000,0.000000,0.000000,0.000000,0.000000,0.000000,0.000000
63.190000,0.000000,0.000000,0.000000,0.000000,0.000000,0.000000
63.220000,0.000000,0.000000,0.000000,0.000000,0.000000,0.000000
63.240000,0.000000,0.000000,0.000000,0.000000,0.000000,0.000000
63.260000,0.000000,0.000000,0.000000,0.000000,0.000000,0.000000
63.290000,0.000000,0.000000,0.000000,0.000000,0.000000,0.000000
63.310000,0.000000,0.000000,0.000000,0.000000,0.000000,0.000000
63.340000,0.000000,0.000000,0.000000,0.000000,0.000000,0.000000
63.360000,0.000000,0.000000,0.000000,0.000000,0.000000,0.000000
63.390000,0.000000,0.000000,0.000000,0.000000,0.000000,0.000000
63.410000,0.000000,0.000000,0.000000,0.000000,0.000000,0.000000
63.430000,0.000000,0.000000,0.000000,0.000000,0.000000,0.000000
63.460000,0.000000,0.000000,0.000000,0.000000,0.000000,0.000000
63.480000,0.000000,0.000000,0.000000,0.000000,0.000000,0.000000
63.500000,0.000000,0.000000,0.000000,0.000000,0.000000,0.000000
63.530000,0.000000,0.000000,0.000000,0.000000,0.000000,0.000000
63.550000,0.000000,0.000000,0.000000,0.000000,0.000000,0.000000
63.580000,0.000000,0.000000,0.000000,0.000000,0.000000,0.000000
63.600000,0.000000,0.000000,0.000000,0.000000,0.000000,0.000000
63.630000,0.000000,0.000000,0.000000,0.000000,0.000000,0.000000
63.650000,0.000000,0.000000,0.000000,0.000000,0.000000,0.000000
63.680000,0.000000,0.000000,0.000000,0.000000,0.000000,0.000000
63.700000,0.000000,0.000000,0.000000,0.000000,0.000000,0.000000
63.730000,0.000000,0.000000,0.000000,0.000000,0.000000,0.000000
63.750000,0.000000,0.000000,0.000000,0.000000,0.000000,0.000000
63.770000,0.000000,0.000000,0.000000,0.000000,0.000000,0.000000
63.800000,0.000000,0.000000,0.000000,0.000000,0.000000,0.000000
63.820000,0.000000,0.000000,0.000000,0.000000,0.000000,0.000000
63.850000,0.000000,0.000000,0.000000,0.000000,0.000000,0.000000
63.870000,0.000000,0.000000,0.000000,0.000000,0.000000,0.000000
63.900000,0.000000,0.000000,0.000000,0.000000,0.000000,0.000000
63.920000,0.000000,0.000000,0.000000,0.000000,0.000000,0.000000
63.950000,0.000000,0.000000,0.000000,0.000000,0.000000,0.000000
63.970000,0.000000,0.000000,0.000000,0.000000,0.000000,0.000000
64.000000,0.000000,0.000000,0.000000,0.000000,0.000000,0.000000
64.020000,0.000000,0.000000,0.000000,0.000000,0.000000,0.000000
64.040000,0.000000,0.000000,0.000000,0.000000,0.000000,0.000000
64.070000,0.000000,0.000000,0.000000,0.000000,0.000000,0.000000
64.090000,0.000000,0.000000,0.000000,0.000000,0.000000,0.000000
64.110000,0.000000,0.000000,0.000000,0.000000,0.000000,0.000000
64.140000,0.000000,0.000000,0.000000,0.000000,0.000000,0.000000
64.160000,0.000000,0.000000,0.000000,0.000000,0.000000,0.000000
64.180000,0.000000,0.000000,0.000000,0.000000,0.000000,0.000000
64.210000,0.000000,0.000000,0.000000,0.000000,0.000000,0.000000
64.230000,0.000000,0.000000,0.000000,0.000000,0.000000,0.000000
64.250000,0.000000,0.000000,0.000000,0.000000,0.000000,0.000000
64.280000,0.000000,0.000000,0.000000,0.000000,0.000000,0.000000
64.300000,0.000000,0.000000,0.000000,0.000000,0.000000,0.000000
64.330000,0.000000,0.000000,0.000000,0.000000,0.000000,0.000000
64.350000,0.000000,0.000000,0.000000,0.000000,0.000000,0.000000
64.380000,0.000000,0.000000,0.000000,0.000000,0.000000,0.000000
64.400000,0.000000,0.000000,0.000000,0.000000,0.000000,0.000000
64.420000,0.000000,0.000000,0.000000,0.000000,0.000000,0.000000
64.450000,0.000000,0.000000,0.000000,0.000000,0.000000,0.000000
64.470000,0.000000,0.000000,0.000000,0.000000,0.000000,0.000000
64.490000,0.000000,0.000000,0.000000,0.000000,0.000000,0.000000
64.520000,0.000000,0.000000,0.000000,0.000000,0.000000,0.000000
64.540000,0.000000,0.000000,0.000000,0.000000,0.000000,0.000000
64.560000,0.000000,0.000000,0.000000,0.000000,0.000000,0.000000
64.590000,0.000000,0.000000,0.000000,0.000000,0.000000,0.000000
64.610000,0.000000,0.000000,0.000000,0.000000,0.000000,0.000000
64.630000,0.000000,0.000000,0.000000,0.000000,0.000000,0.000000
64.660000,0.000000,0.000000,0.000000,0.000000,0.000000,0.000000
64.680000,0.000000,0.000000,0.000000,0.000000,0.000000,0.000000
64.700000,0.000000,0.000000,0.000000,0.000000,0.000000,0.000000
64.730000,0.000000,0.000000,0.000000,0.000000,0.000000,0.000000
64.750000,0.000000,0.000000,0.000000,0.000000,0.000000,0.000000
64.780000,0.000000,0.000000,0.000000,0.000000,0.000000,0.000000
64.800000,0.000000,0.000000,0.000000,0.000000,0.000000,0.000000
64.830000,0.000000,0.000000,0.000000,0.000000,0.000000,0.000000
64.850000,0.000000,0.000000,0.000000,0.000000,0.000000,0.000000
64.870000,0.000000,0.000000,0.000000,0.000000,0.000000,0.000000
64.900000,0.000000,0.000000,0.000000,0.000000,0.000000,0.000000
64.920000,0.000000,0.000000,0.000000,0.000000,0.000000,0.000000
64.950000,0.000000,0.000000,0.000000,0.000000,0.000000,0.000000
64.970000,0.000000,0.000000,0.000000,0.000000,0.000000,0.000000
64.990000,0.000000,0.000000,0.000000,0.000000,0.000000,0.000000
65.020000,0.000000,0.000000,0.000000,0.000000,0.000000,0.000000
65.040000,0.000000,0.000000,0.000000,0.000000,0.000000,0.000000
65.060000,0.000000,0.000000,0.000000,0.000000,0.000000,0.000000
65.090000,0.000000,0.000000,0.000000,0.000000,0.000000,0.000000
65.110000,0.000000,0.000000,0.000000,0.000000,0.000000,0.000000
65.140000,0.000000,0.000000,0.000000,0.000000,0.000000,0.000000
65.160000,0.000000,0.000000,0.000000,0.000000,0.000000,0.000000
65.180000,0.000000,0.000000,0.000000,0.000000,0.000000,0.000000
65.210000,0.000000,0.000000,0.000000,0.000000,0.000000,0.000000
65.230000,0.000000,0.000000,0.000000,0.000000,0.000000,0.000000
65.260000,0.000000,0.000000,0.000000,0.000000,0.000000,0.000000
65.280000,0.000000,0.000000,0.000000,0.000000,0.000000,0.000000
65.310000,0.000000,0.000000,0.000000,0.000000,0.000000,0.000000
65.330000,0.000000,0.000000,0.000000,0.000000,0.000000,0.000000
65.350000,0.000000,0.000000,0.000000,0.000000,0.000000,0.000000
65.380000,0.000000,0.000000,0.000000,0.000000,0.000000,0.000000
65.400000,0.000000,0.000000,0.000000,0.000000,0.000000,0.000000
65.420000,0.000000,0.000000,0.000000,0.000000,0.000000,0.000000
65.450000,0.000000,0.000000,0.000000,0.000000,0.000000,0.000000
65.470000,0.000000,0.000000,0.000000,0.000000,0.000000,0.000000
65.490000,0.000000,0.000000,0.000000,0.000000,0.000000,0.000000
65.520000,0.000000,0.000000,0.000000,0.000000,0.000000,0.000000
65.540000,0.000000,0.000000,0.000000,0.000000,0.000000,0.000000
65.560000,0.000000,0.000000,0.000000,0.000000,0.000000,0.000000
65.590000,0.000000,0.000000,0.000000,0.000000,0.000000,0.000000
65.610000,0.000000,0.000000,0.000000,0.000000,0.000000,0.000000
65.630000,0.000000,0.000000,0.000000,0.000000,0.000000,0.000000
65.650000,0.000000,0.000000,0.000000,0.000000,0.000000,0.000000
65.680000,0.000000,0.000000,0.000000,0.000000,0.000000,0.000000
65.700000,0.000000,0.000000,0.000000,0.000000,0.000000,0.000000
65.730000,0.000000,0.000000,0.000000,0.000000,0.000000,0.000000
65.750000,0.000000,0.000000,0.000000,0.000000,0.000000,0.000000
65.780000,0.000000,0.000000,0.000000,0.000000,0.000000,0.000000
65.800000,0.000000,0.000000,0.000000,0.000000,0.000000,0.000000
65.820000,0.000000,0.000000,0.000000,0.000000,0.000000,0.000000
65.850000,0.000000,0.000000,0.000000,0.000000,0.000000,0.000000
65.870000,0.000000,0.000000,0.000000,0.000000,0.000000,0.000000
65.890000,0.000000,0.000000,0.000000,0.000000,0.000000,0.000000
65.920000,0.000000,0.000000,0.000000,0.000000,0.000000,0.000000
65.940000,0.000000,0.000000,0.000000,0.000000,0.000000,0.000000
65.970000,0.000000,0.000000,0.000000,0.000000,0.000000,0.000000
65.990000,0.000000,0.000000,0.000000,0.000000,0.000000,0.000000
66.010000,0.000000,0.000000,0.000000,0.000000,0.000000,0.000000
66.040000,0.000000,0.000000,0.000000,0.000000,0.000000,0.000000
66.060000,0.000000,0.000000,0.000000,0.000000,0.000000,0.000000
66.080000,0.000000,0.000000,0.000000,0.000000,0.000000,0.000000
66.110000,0.000000,0.000000,0.000000,0.000000,0.000000,0.000000
66.130000,0.000000,0.000000,0.000000,0.000000,0.000000,0.000000
66.150000,0.000000,0.000000,0.000000,0.000000,0.000000,0.000000
66.180000,0.000000,0.000000,0.000000,0.000000,0.000000,0.000000
66.200000,0.000000,0.000000,0.000000,0.000000,0.000000,0.000000
66.230000,0.000000,0.000000,0.000000,0.000000,0.000000,0.000000
66.250000,0.000000,0.000000,0.000000,0.000000,0.000000,0.000000
66.280000,0.000000,0.000000,0.000000,0.000000,0.000000,0.000000
66.300000,0.000000,0.000000,0.000000,0.000000,0.000000,0.000000
66.330000,0.000000,0.000000,0.000000,0.000000,0.000000,0.000000
66.350000,0.000000,0.000000,0.000000,0.000000,0.000000,0.000000
66.370000,0.000000,0.000000,0.000000,0.000000,0.000000,0.000000
66.400000,0.000000,0.000000,0.000000,0.000000,0.000000,0.000000
66.420000,0.000000,0.000000,0.000000,0.000000,0.000000,0.000000
66.440000,0.000000,0.000000,0.000000,0.000000,0.000000,0.000000
66.470000,0.000000,0.000000,0.000000,0.000000,0.000000,0.000000
66.490000,0.000000,0.000000,0.000000,0.000000,0.000000,0.000000
66.510000,0.000000,0.000000,0.000000,0.000000,0.000000,0.000000
66.540000,0.000000,0.000000,0.000000,0.000000,0.000000,0.000000
66.560000,0.000000,0.000000,0.000000,0.000000,0.000000,0.000000
66.580000,0.000000,0.000000,0.000000,0.000000,0.000000,0.000000
66.610000,0.000000,0.000000,0.000000,0.000000,0.000000,0.000000
66.630000,0.000000,0.000000,0.000000,0.000000,0.000000,0.000000
66.650000,0.000000,0.000000,0.000000,0.000000,0.000000,0.000000
66.680000,0.000000,0.000000,0.000000,0.000000,0.000000,0.000000
66.700000,0.000000,0.000000,0.000000,0.000000,0.000000,0.000000
66.730000,0.000000,0.000000,0.000000,0.000000,0.000000,0.000000
66.750000,0.000000,0.000000,0.000000,0.000000,0.000000,0.000000
66.780000,0.000000,0.000000,0.000000,0.000000,0.000000,0.000000
66.800000,0.000000,0.000000,0.000000,0.000000,0.000000,0.000000
66.830000,0.000000,0.000000,0.000000,0.000000,0.000000,0.000000
66.850000,0.000000,0.000000,0.000000,0.000000,0.000000,0.000000
66.870000,0.000000,0.000000,0.000000,0.000000,0.000000,0.000000
66.900000,0.000000,0.000000,0.000000,0.000000,0.000000,0.000000
66.920000,0.000000,0.000000,0.000000,0.000000,0.000000,0.000000
66.950000,0.000000,0.000000,0.000000,0.000000,0.000000,0.000000
66.970000,0.000000,0.000000,0.000000,0.000000,0.000000,0.000000
66.990000,0.000000,0.000000,0.000000,0.000000,0.000000,0.000000
67.020000,0.000000,0.000000,0.000000,0.000000,0.000000,0.000000
67.040000,0.000000,0.000000,0.000000,0.000000,0.000000,0.000000
67.070000,0.000000,0.000000,0.000000,0.000000,0.000000,0.000000
67.090000,0.000000,0.000000,0.000000,0.000000,0.000000,0.000000
67.110000,0.000000,0.000000,0.000000,0.000000,0.000000,0.000000
67.140000,0.000000,0.000000,0.000000,0.000000,0.000000,0.000000
67.160000,0.000000,0.000000,0.000000,0.000000,0.000000,0.000000
67.180000,0.000000,0.000000,0.000000,0.000000,0.000000,0.000000
67.210000,0.000000,0.000000,0.000000,0.000000,0.000000,0.000000
67.230000,0.000000,0.000000,0.000000,0.000000,0.000000,0.000000
67.250000,0.000000,0.000000,0.000000,0.000000,0.000000,0.000000
67.280000,0.000000,0.000000,0.000000,0.000000,0.000000,0.000000
67.300000,0.000000,0.000000,0.000000,0.000000,0.000000,0.000000
67.330000,0.000000,0.000000,0.000000,0.000000,0.000000,0.000000
67.350000,0.000000,0.000000,0.000000,0.000000,0.000000,0.000000
67.380000,0.000000,0.000000,0.000000,0.000000,0.000000,0.000000
67.400000,0.000000,0.000000,0.000000,0.000000,0.000000,0.000000
67.420000,0.000000,0.000000,0.000000,0.000000,0.000000,0.000000
67.450000,0.000000,0.000000,0.000000,0.000000,0.000000,0.000000
67.470000,0.000000,0.000000,0.000000,0.000000,0.000000,0.000000
67.500000,0.000000,0.000000,0.000000,0.000000,0.000000,0.000000
67.520000,0.000000,0.000000,0.000000,0.000000,0.000000,0.000000
67.540000,0.000000,0.000000,0.000000,0.000000,0.000000,0.000000
67.570000,0.000000,0.000000,0.000000,0.000000,0.000000,0.000000
67.590000,0.000000,0.000000,0.000000,0.000000,0.000000,0.000000
67.610000,0.000000,0.000000,0.000000,0.000000,0.000000,0.000000
67.640000,0.000000,0.000000,0.000000,0.000000,0.000000,0.000000
67.660000,0.000000,0.000000,0.000000,0.000000,0.000000,0.000000
67.690000,0.000000,0.000000,0.000000,0.000000,0.000000,0.000000
67.710000,0.000000,0.000000,0.000000,0.000000,0.000000,0.000000
67.730000,0.000000,0.000000,0.000000,0.000000,0.000000,0.000000
67.760000,0.000000,0.000000,0.000000,0.000000,0.000000,0.000000
67.780000,0.000000,0.000000,0.000000,0.000000,0.000000,0.000000
67.800000,0.000000,0.000000,0.000000,0.000000,0.000000,0.000000
67.830000,0.000000,0.000000,0.000000,0.000000,0.000000,0.000000
67.850000,0.000000,0.000000,0.000000,0.000000,0.000000,0.000000
67.880000,0.000000,0.000000,0.000000,0.000000,0.000000,0.000000
67.900000,0.000000,0.000000,0.000000,0.000000,0.000000,0.000000
67.920000,0.000000,0.000000,0.000000,0.000000,0.000000,0.000000
67.950000,0.000000,0.000000,0.000000,0.000000,0.000000,0.000000
67.970000,0.000000,0.000000,0.000000,0.000000,0.000000,0.000000
68.000000,0.000000,0.000000,0.000000,0.000000,0.000000,0.000000
68.020000,0.000000,0.000000,0.000000,0.000000,0.000000,0.000000
68.040000,0.000000,0.000000,0.000000,0.000000,0.000000,0.000000
68.060000,0.000000,0.000000,0.000000,0.000000,0.000000,0.000000
68.090000,0.000000,0.000000,0.000000,0.000000,0.000000,0.000000
68.110000,0.000000,0.000000,0.000000,0.000000,0.000000,0.000000
68.130000,0.000000,0.000000,0.000000,0.000000,0.000000,0.000000
68.160000,0.000000,0.000000,0.000000,0.000000,0.000000,0.000000
68.180000,0.000000,0.000000,0.000000,0.000000,0.000000,0.000000
68.210000,0.000000,0.000000,0.000000,0.000000,0.000000,0.000000
68.230000,0.000000,0.000000,0.000000,0.000000,0.000000,0.000000
68.250000,0.000000,0.000000,0.000000,0.000000,0.000000,0.000000
68.280000,0.000000,0.000000,0.000000,0.000000,0.000000,0.000000
68.300000,0.000000,0.000000,0.000000,0.000000,0.000000,0.000000
68.330000,0.000000,0.000000,0.000000,0.000000,0.000000,0.000000
68.350000,0.000000,0.000000,0.000000,0.000000,0.000000,0.000000
68.380000,0.000000,0.000000,0.000000,0.000000,0.000000,0.000000
68.400000,0.000000,0.000000,0.000000,0.000000,0.000000,0.000000
68.430000,0.000000,0.000000,0.000000,0.000000,0.000000,0.000000
68.450000,0.000000,0.000000,0.000000,0.000000,0.000000,0.000000
68.480000,0.000000,0.000000,0.000000,0.000000,0.000000,0.000000
68.500000,0.000000,0.000000,0.000000,0.000000,0.000000,0.000000
68.520000,0.000000,0.000000,0.000000,0.000000,0.000000,0.000000
68.550000,0.000000,0.000000,0.000000,0.000000,0.000000,0.000000
68.570000,0.000000,0.000000,0.000000,0.000000,0.000000,0.000000
68.590000,0.000000,0.000000,0.000000,0.000000,0.000000,0.000000
68.620000,0.000000,0.000000,0.000000,0.000000,0.000000,0.000000
68.640000,0.000000,0.000000,0.000000,0.000000,0.000000,0.000000
68.670000,0.000000,0.000000,0.000000,0.000000,0.000000,0.000000
68.690000,0.000000,0.000000,0.000000,0.000000,0.000000,0.000000
68.720000,0.000000,0.000000,0.000000,0.000000,0.000000,0.000000
68.740000,0.000000,0.000000,0.000000,0.000000,0.000000,0.000000
68.760000,0.000000,0.000000,0.000000,0.000000,0.000000,0.000000
68.790000,0.000000,0.000000,0.000000,0.000000,0.000000,0.000000
68.810000,0.000000,0.000000,0.000000,0.000000,0.000000,0.000000
68.830000,0.000000,0.000000,0.000000,0.000000,0.000000,0.000000
68.860000,0.000000,0.000000,0.000000,0.000000,0.000000,0.000000
68.880000,0.000000,0.000000,0.000000,0.000000,0.000000,0.000000
68.900000,0.000000,0.000000,0.000000,0.000000,0.000000,0.000000
68.920000,0.000000,0.000000,0.000000,0.000000,0.000000,0.000000
68.950000,0.000000,0.000000,0.000000,0.000000,0.000000,0.000000
68.970000,0.000000,0.000000,0.000000,0.000000,0.000000,0.000000
69.000000,0.000000,0.000000,0.000000,0.000000,0.000000,0.000000
69.020000,0.000000,0.000000,0.000000,0.000000,0.000000,0.000000
69.040000,0.000000,0.000000,0.000000,0.000000,0.000000,0.000000
69.060000,0.000000,0.000000,0.000000,0.000000,0.000000,0.000000
69.090000,0.000000,0.000000,0.000000,0.000000,0.000000,0.000000
69.110000,0.000000,0.000000,0.000000,0.000000,0.000000,0.000000
69.130000,0.000000,0.000000,0.000000,0.000000,0.000000,0.000000
69.160000,0.000000,0.000000,0.000000,0.000000,0.000000,0.000000
69.180000,0.000000,0.000000,0.000000,0.000000,0.000000,0.000000
69.200000,0.000000,0.000000,0.000000,0.000000,0.000000,0.000000
69.230000,0.000000,0.000000,0.000000,0.000000,0.000000,0.000000
69.250000,0.000000,0.000000,0.000000,0.000000,0.000000,0.000000
69.270000,0.000000,0.000000,0.000000,0.000000,0.000000,0.000000
69.300000,0.000000,0.000000,0.000000,0.000000,0.000000,0.000000
69.320000,0.000000,0.000000,0.000000,0.000000,0.000000,0.000000
69.350000,0.000000,0.000000,0.000000,0.000000,0.000000,0.000000
69.370000,0.000000,0.000000,0.000000,0.000000,0.000000,0.000000
69.400000,0.000000,0.000000,0.000000,0.000000,0.000000,0.000000
69.420000,0.000000,0.000000,0.000000,0.000000,0.000000,0.000000
69.450000,0.000000,0.000000,0.000000,0.000000,0.000000,0.000000
69.470000,0.000000,0.000000,0.000000,0.000000,0.000000,0.000000
69.490000,0.000000,0.000000,0.000000,0.000000,0.000000,0.000000
69.520000,0.000000,0.000000,0.000000,0.000000,0.000000,0.000000
69.540000,0.000000,0.000000,0.000000,0.000000,0.000000,0.000000
69.560000,0.000000,0.000000,0.000000,0.000000,0.000000,0.000000
69.580000,0.000000,0.000000,0.000000,0.000000,0.000000,0.000000
69.610000,0.000000,0.000000,0.000000,0.000000,0.000000,0.000000
69.630000,0.000000,0.000000,0.000000,0.000000,0.000000,0.000000
69.650000,0.000000,0.000000,0.000000,0.000000,0.000000,0.000000
69.680000,0.000000,0.000000,0.000000,0.000000,0.000000,0.000000
69.700000,0.000000,0.000000,0.000000,0.000000,0.000000,0.000000
69.720000,0.000000,0.000000,0.000000,0.000000,0.000000,0.000000
69.750000,0.000000,0.000000,0.000000,0.000000,0.000000,0.000000
69.770000,0.000000,0.000000,0.000000,0.000000,0.000000,0.000000
69.790000,0.000000,0.000000,0.000000,0.000000,0.000000,0.000000
69.820000,0.000000,0.000000,0.000000,0.000000,0.000000,0.000000
69.840000,0.000000,0.000000,0.000000,0.000000,0.000000,0.000000
69.860000,0.000000,0.000000,0.000000,0.000000,0.000000,0.000000
69.880000,0.000000,0.000000,0.000000,0.000000,0.000000,0.000000
69.910000,0.000000,0.000000,0.000000,0.000000,0.000000,0.000000
69.930000,0.000000,0.000000,0.000000,0.000000,0.000000,0.000000
69.950000,0.000000,0.000000,0.000000,0.000000,0.000000,0.000000
69.980000,0.000000,0.000000,0.000000,0.000000,0.000000,0.000000
70.000000,0.000000,0.000000,0.000000,0.000000,0.000000,0.000000
70.020000,0.000000,0.000000,0.000000,0.000000,0.000000,0.000000
70.050000,0.000000,0.000000,0.000000,0.000000,0.000000,0.000000
70.070000,0.000000,0.000000,0.000000,0.000000,0.000000,0.000000
70.090000,0.000000,0.000000,0.000000,0.000000,0.000000,0.000000
70.120000,0.000000,0.000000,0.000000,0.000000,0.000000,0.000000
70.150000,0.000000,0.000000,0.000000,0.000000,0.000000,0.000000
70.170000,0.000000,0.000000,0.000000,0.000000,0.000000,0.000000
70.200000,0.000000,0.000000,0.000000,0.000000,0.000000,0.000000
70.220000,0.000000,0.000000,0.000000,0.000000,0.000000,0.000000
