time,linear_accel_x,linear_accel_y,linear_accel_z,angular_vel_x,angular_vel_y,angular_vel_z
0.209156,0.000000,0.000000,0.000000,0.000000,0.000000,0.000000
0.219156,0.000000,0.000000,0.000000,0.000000,0.000000,0.000000
0.229156,0.000000,0.000000,0.000000,0.000000,0.000000,0.000000
0.239156,0.000000,0.000000,0.000000,0.000000,0.000000,0.000000
0.249156,0.000000,0.000000,0.000000,0.000000,0.000000,0.000000
0.259156,0.000000,0.000000,0.000000,0.000000,0.000000,0.000000
0.269156,0.000000,0.000000,0.000000,0.000000,0.000000,0.000000
0.279156,0.000000,0.000000,0.000000,0.000000,0.000000,0.000000
0.289156,0.000000,0.000000,0.000000,0.000000,0.000000,0.000000
0.299156,0.000000,0.000000,0.000000,0.000000,0.000000,0.000000
0.309156,0.000000,0.000000,0.000000,0.000000,0.000000,0.000000
0.319156,0.000000,0.000000,0.000000,0.000000,0.000000,0.000000
0.329156,0.000000,0.000000,0.000000,0.000000,0.000000,0.000000
0.339156,0.000000,0.000000,0.000000,0.000000,0.000000,0.000000
0.349156,0.000000,0.000000,0.000000,0.000000,0.000000,0.000000
0.359156,0.000000,0.000000,0.000000,0.000000,0.000000,0.000000
0.369156,0.000000,0.000000,0.000000,0.000000,0.000000,0.000000
0.379156,0.000000,0.000000,0.000000,0.000000,0.000000,0.000000
0.389156,0.000000,0.000000,0.000000,0.000000,0.000000,0.000000
0.399156,0.000000,0.000000,0.000000,0.000000,0.000000,0.000000
0.409156,0.000000,0.000000,0.000000,0.000000,0.000000,0.000000
0.419156,0.000000,0.000000,0.000000,0.000000,0.000000,0.000000
0.429156,0.000000,0.000000,0.000000,0.000000,0.000000,0.000000
0.439156,0.000000,0.000000,0.000000,0.000000,0.000000,0.000000
0.449156,0.000000,0.000000,0.000000,0.000000,0.000000,0.000000
0.459156,0.000000,0.000000,0.000000,0.000000,0.000000,0.000000
0.469156,0.000000,0.000000,0.000000,0.000000,0.000000,0.000000
0.479156,0.000000,0.000000,0.000000,0.000000,0.000000,0.000000
0.489156,0.000000,0.000000,0.000000,0.000000,0.000000,0.000000
0.499156,0.000000,0.000000,0.000000,0.000000,0.000000,0.000000
0.509156,0.000000,0.000000,0.000000,0.000000,0.000000,0.000000
0.519156,0.000000,0.000000,0.000000,0.000000,0.000000,0.000000
0.529156,0.000000,0.000000,0.000000,0.000000,0.000000,0.000000
0.539156,0.000000,0.000000,0.000000,0.000000,0.000000,0.000000
0.549156,0.000000,0.000000,0.000000,0.000000,0.000000,0.000000
0.559156,0.000000,0.000000,0.000000,0.000000,0.000000,0.000000
0.569156,0.000000,0.000000,0.000000,0.000000,0.000000,0.000000
0.579156,0.000000,0.000000,0.000000,0.000000,0.000000,0.000000
0.589156,0.000000,0.000000,0.000000,0.000000,0.000000,0.000000
0.599156,0.000000,0.000000,0.000000,0.000000,0.000000,0.000000
0.609156,0.000000,0.000000,0.000000,0.000000,0.000000,0.000000
0.619156,0.000000,0.000000,0.000000,0.000000,0.000000,0.000000
0.629156,0.000000,0.000000,0.000000,0.000000,0.000000,0.000000
0.639156,0.000000,0.000000,0.000000,0.000000,0.000000,0.000000
0.649156,0.000000,0.000000,0.000000,0.000000,0.000000,0.000000
0.659156,0.000000,0.000000,0.000000,0.000000,0.000000,0.000000
0.669156,0.000000,0.000000,0.000000,0.000000,0.000000,0.000000
0.679156,0.000000,0.000000,0.000000,0.000000,0.000000,0.000000
0.689156,0.000000,0.000000,0.000000,0.000000,0.000000,0.000000
0.699156,0.000000,0.000000,0.000000,0.000000,0.000000,0.000000
0.709156,0.000000,0.000000,0.000000,0.000000,0.000000,0.000000
0.719156,0.000000,0.000000,0.000000,0.000000,0.000000,0.000000
0.729156,0.000000,0.000000,0.000000,0.000000,0.000000,0.000000
0.739156,0.000000,0.000000,0.000000,0.000000,0.000000,0.000000
0.749156,0.000000,0.000000,0.000000,0.000000,0.000000,0.000000
0.759156,0.000000,0.000000,0.000000,0.000000,0.000000,0.000000
0.769156,0.000000,0.000000,0.000000,0.000000,0.000000,0.000000
0.779156,0.000000,0.000000,0.000000,0.000000,0.000000,0.000000
0.789156,0.000000,0.000000,0.000000,0.000000,0.000000,0.000000
0.799156,0.000000,0.000000,0.000000,0.000000,0.000000,0.000000
0.809156,0.000000,0.000000,0.000000,0.000000,0.000000,0.000000
0.819156,0.000000,0.000000,0.000000,0.000000,0.000000,0.000000
0.829156,0.000000,0.000000,0.000000,0.000000,0.000000,0.000000
0.839156,0.000000,0.000000,0.000000,0.000000,0.000000,0.000000
0.849156,0.000000,0.000000,0.000000,0.000000,0.000000,0.000000
0.859156,0.000000,0.000000,0.000000,0.000000,0.000000,0.000000
0.869156,0.000000,0.000000,0.000000,0.000000,0.000000,0.000000
0.879156,0.000000,0.000000,0.000000,0.000000,0.000000,0.000000
0.889156,0.000000,0.000000,0.000000,0.000000,0.000000,0.000000
0.899156,0.000000,0.000000,0.000000,0.000000,0.000000,0.000000
0.909156,0.000000,0.000000,0.000000,0.000000,0.000000,0.000000
0.919156,0.000000,0.000000,0.000000,0.000000,0.000000,0.000000
0.929156,0.000000,0.000000,0.000000,0.000000,0.000000,0.000000
0.939156,0.000000,0.000000,0.000000,0.000000,0.000000,0.000000
0.949156,0.000000,0.000000,0.000000,0.000000,0.000000,0.000000
0.959156,0.000000,0.000000,0.000000,0.000000,0.000000,0.000000
0.969156,0.000000,0.000000,0.000000,0.000000,0.000000,0.000000
0.979156,0.000000,0.000000,0.000000,0.000000,0.000000,0.000000
0.989156,0.000000,0.000000,0.000000,0.000000,0.000000,0.000000
0.999156,0.000000,0.000000,0.000000,0.000000,0.000000,0.000000
1.009156,0.000000,0.000000,0.000000,0.000000,0.000000,0.000000
1.019156,0.000000,0.000000,0.000000,0.000000,0.000000,0.000000
1.029156,0.000000,0.000000,0.000000,0.000000,0.000000,0.000000
1.039156,0.000000,0.000000,0.000000,0.000000,0.000000,0.000000
1.049156,0.000000,0.000000,0.000000,0.000000,0.000000,0.000000
1.059156,0.000000,0.000000,0.000000,0.000000,0.000000,0.000000
1.069156,0.000000,0.000000,0.000000,0.000000,0.000000,0.000000
1.079156,0.000000,0.000000,0.000000,0.000000,0.000000,0.000000
1.089156,0.000000,0.000000,0.000000,0.000000,0.000000,0.000000
1.099156,0.000000,0.000000,0.000000,0.000000,0.000000,0.000000
1.109156,0.000000,0.000000,0.000000,0.000000,0.000000,0.000000
1.119156,0.000000,0.000000,0.000000,0.000000,0.000000,0.000000
1.129156,0.000000,0.000000,0.000000,0.000000,0.000000,0.000000
1.139156,0.000000,0.000000,0.000000,0.000000,0.000000,0.000000
1.149156,0.000000,0.000000,0.000000,0.000000,0.000000,0.000000
1.159156,0.000000,0.000000,0.000000,0.000000,0.000000,0.000000
1.169156,0.000000,0.000000,0.000000,0.000000,0.000000,0.000000
1.179156,0.000000,0.000000,0.000000,0.000000,0.000000,0.000000
1.189156,0.000000,0.000000,0.000000,0.000000,0.000000,0.000000
1.199156,0.000000,0.000000,0.000000,0.000000,0.000000,0.000000
1.209156,0.000000,0.000000,0.000000,0.000000,0.000000,0.000000
1.219156,0.000000,0.000000,0.000000,0.000000,0.000000,0.000000
1.229156,0.000000,0.000000,0.000000,0.000000,0.000000,0.000000
1.239156,0.000000,0.000000,0.000000,0.000000,0.000000,0.000000
1.249156,0.000000,0.000000,0.000000,0.000000,0.000000,0.000000
1.259156,0.000000,0.000000,0.000000,0.000000,0.000000,0.000000
1.269156,0.000000,0.000000,0.000000,0.000000,0.000000,0.000000
1.279156,0.000000,0.000000,0.000000,0.000000,0.000000,0.000000
1.289156,0.000000,0.000000,0.000000,0.000000,0.000000,0.000000
1.299156,0.000000,0.000000,0.000000,0.000000,0.000000,0.000000
1.309156,0.000000,0.000000,0.000000,0.000000,0.000000,0.000000
1.319156,0.000000,0.000000,0.000000,0.000000,0.000000,0.000000
1.329156,0.000000,0.000000,0.000000,0.000000,0.000000,0.000000
1.339156,0.000000,0.000000,0.000000,0.000000,0.000000,0.000000
1.349156,0.000000,0.000000,0.000000,0.000000,0.000000,0.000000
1.359156,0.000000,0.000000,0.000000,0.000000,0.000000,0.000000
1.369156,0.000000,0.000000,0.000000,0.000000,0.000000,0.000000
1.379156,0.000000,0.000000,0.000000,0.000000,0.000000,0.000000
1.389156,0.000000,0.000000,0.000000,0.000000,0.000000,0.000000
1.399156,0.000000,0.000000,0.000000,0.000000,0.000000,0.000000
1.409156,0.000000,0.000000,0.000000,0.000000,0.000000,0.000000
1.419156,0.000000,0.000000,0.000000,0.000000,0.000000,0.000000
1.429156,0.000000,0.000000,0.000000,0.000000,0.000000,0.000000
1.439156,0.000000,0.000000,0.000000,0.000000,0.000000,0.000000
1.449156,0.000000,0.000000,0.000000,0.000000,0.000000,0.000000
1.459156,0.000000,0.000000,0.000000,0.000000,0.000000,0.000000
1.469156,0.000000,0.000000,0.000000,0.000000,0.000000,0.000000
1.479156,0.000000,0.000000,0.000000,0.000000,0.000000,0.000000
1.489156,0.000000,0.000000,0.000000,0.000000,0.000000,0.000000
1.499156,0.000000,0.000000,0.000000,0.000000,0.000000,0.000000
1.509156,0.000000,0.000000,0.000000,0.000000,0.000000,0.000000
1.519156,0.000000,0.000000,0.000000,0.000000,0.000000,0.000000
1.529156,0.000000,0.000000,0.000000,0.000000,0.000000,0.000000
1.539156,0.000000,0.000000,0.000000,0.000000,0.000000,0.000000
1.549156,0.000000,0.000000,0.000000,0.000000,0.000000,0.000000
1.559156,0.000000,0.000000,0.000000,0.000000,0.000000,0.000000
1.569156,0.000000,0.000000,0.000000,0.000000,0.000000,0.000000
1.579156,0.000000,0.000000,0.000000,0.000000,0.000000,0.000000
1.589156,0.000000,0.000000,0.000000,0.000000,0.000000,0.000000
1.599156,0.000000,0.000000,0.000000,0.000000,0.000000,0.000000
1.609156,0.000000,0.000000,0.000000,0.000000,0.000000,0.000000
1.619156,0.000000,0.000000,0.000000,0.000000,0.000000,0.000000
1.629156,0.000000,0.000000,0.000000,0.000000,0.000000,0.000000
1.639156,0.000000,0.000000,0.000000,0.000000,0.000000,0.000000
1.649156,0.000000,0.000000,0.000000,0.000000,0.000000,0.000000
1.659156,0.000000,0.000000,0.000000,0.000000,0.000000,0.000000
1.669156,0.000000,0.000000,0.000000,0.000000,0.000000,0.000000
1.679156,0.000000,0.000000,0.000000,0.000000,0.000000,0.000000
1.689156,0.000000,0.000000,0.000000,0.000000,0.000000,0.000000
1.699156,0.000000,0.000000,0.000000,0.000000,0.000000,0.000000
1.709156,0.000000,0.000000,0.000000,0.000000,0.000000,0.000000
1.719156,0.000000,0.000000,0.000000,0.000000,0.000000,0.000000
1.729156,0.000000,0.000000,0.000000,0.000000,0.000000,0.000000
1.739156,0.000000,0.000000,0.000000,0.000000,0.000000,0.000000
1.749156,0.000000,0.000000,0.000000,0.000000,0.000000,0.000000
1.759156,0.000000,0.000000,0.000000,0.000000,0.000000,0.000000
1.769156,0.000000,0.000000,0.000000,0.000000,0.000000,0.000000
1.779156,0.000000,0.000000,0.000000,0.000000,0.000000,0.000000
1.789156,0.000000,0.000000,0.000000,0.000000,0.000000,0.000000
1.799156,0.000000,0.000000,0.000000,0.000000,0.000000,0.000000
1.809156,0.000000,0.000000,0.000000,0.000000,0.000000,0.000000
1.819156,0.000000,0.000000,0.000000,0.000000,0.000000,0.000000
1.829156,0.000000,0.000000,0.000000,0.000000,0.000000,0.000000
1.839156,0.000000,0.000000,0.000000,0.000000,0.000000,0.000000
1.849156,0.000000,0.000000,0.000000,0.000000,0.000000,0.000000
1.859156,0.000000,0.000000,0.000000,0.000000,0.000000,0.000000
1.869156,0.000000,0.000000,0.000000,0.000000,0.000000,0.000000
1.879156,0.000000,0.000000,0.000000,0.000000,0.000000,0.000000
1.889156,0.000000,0.000000,0.000000,0.000000,0.000000,0.000000
1.899156,0.000000,0.000000,0.000000,0.000000,0.000000,0.000000
1.909156,0.000000,0.000000,0.000000,0.000000,0.000000,0.000000
1.919156,0.000000,0.000000,0.000000,0.000000,0.000000,0.000000
1.929156,0.000000,0.000000,0.000000,0.000000,0.000000,0.000000
1.939156,0.000000,0.000000,0.000000,0.000000,0.000000,0.000000
1.949156,0.000000,0.000000,0.000000,0.000000,0.000000,0.000000
1.959156,0.000000,0.000000,0.000000,0.000000,0.000000,0.000000
1.969156,0.000000,0.000000,0.000000,0.000000,0.000000,0.000000
1.979156,0.000000,0.000000,0.000000,0.000000,0.000000,0.000000
1.989156,0.000000,0.000000,0.000000,0.000000,0.000000,0.000000
1.999156,0.000000,0.000000,0.000000,0.000000,0.000000,0.000000
2.009156,0.000000,0.000000,0.000000,0.000000,0.000000,0.000000
2.019156,0.000000,0.000000,0.000000,0.000000,0.000000,0.000000
2.029156,0.000000,0.000000,0.000000,0.000000,0.000000,0.000000
2.039156,0.000000,0.000000,0.000000,0.000000,0.000000,0.000000
2.049156,0.000000,0.000000,0.000000,0.000000,0.000000,0.000000
2.059156,0.000000,0.000000,0.000000,0.000000,0.000000,0.000000
2.069156,0.000000,0.000000,0.000000,0.000000,0.000000,0.000000
2.079156,0.000000,0.000000,0.000000,0.000000,0.000000,0.000000
2.089156,0.000000,0.000000,0.000000,0.000000,0.000000,0.000000
2.099156,0.000000,0.000000,0.000000,0.000000,0.000000,0.000000
2.109156,0.000000,0.000000,0.000000,0.000000,0.000000,0.000000
2.119156,0.000000,0.000000,0.000000,0.000000,0.000000,0.000000
2.129156,0.000000,0.000000,0.000000,0.000000,0.000000,0.000000
2.139156,0.000000,0.000000,0.000000,0.000000,0.000000,0.000000
2.149156,0.000000,0.000000,0.000000,0.000000,0.000000,0.000000
2.159156,0.000000,0.000000,0.000000,0.000000,0.000000,0.000000
2.169156,0.000000,0.000000,0.000000,0.000000,0.000000,0.000000
2.179156,0.000000,0.000000,0.000000,0.000000,0.000000,0.000000
2.189156,0.000000,0.000000,0.000000,0.000000,0.000000,0.000000
2.199156,0.000000,0.000000,0.000000,0.000000,0.000000,0.000000
2.209156,0.000000,0.000000,0.000000,0.000000,0.000000,0.000000
2.219156,0.000000,0.000000,0.000000,0.000000,0.000000,0.000000
2.229156,0.000000,0.000000,0.000000,0.000000,0.000000,0.000000
2.239156,0.000000,0.000000,0.000000,0.000000,0.000000,0.000000
2.249156,0.000000,0.000000,0.000000,0.000000,0.000000,0.000000
2.259156,0.000000,0.000000,0.000000,0.000000,0.000000,0.000000
2.269156,0.000000,0.000000,0.000000,0.000000,0.000000,0.000000
2.279156,0.000000,0.000000,0.000000,0.000000,0.000000,0.000000
2.289156,0.000000,0.000000,0.000000,0.000000,0.000000,0.000000
2.299156,0.000000,0.000000,0.000000,0.000000,0.000000,0.000000
2.309156,0.000000,0.000000,0.000000,0.000000,0.000000,0.000000
2.319156,0.000000,0.000000,0.000000,0.000000,0.000000,0.000000
2.329156,0.000000,0.000000,0.000000,0.000000,0.000000,0.000000
2.339156,0.000000,0.000000,0.000000,0.000000,0.000000,0.000000
2.349156,0.000000,0.000000,0.000000,0.000000,0.000000,0.000000
2.359156,0.000000,0.000000,0.000000,0.000000,0.000000,0.000000
2.369156,0.000000,0.000000,0.000000,0.000000,0.000000,0.000000
2.379156,0.000000,0.000000,0.000000,0.000000,0.000000,0.000000
2.389156,0.000000,0.000000,0.000000,0.000000,0.000000,0.000000
2.399156,0.000000,0.000000,0.000000,0.000000,0.000000,0.000000
2.409156,0.000000,0.000000,0.000000,0.000000,0.000000,0.000000
2.419156,0.000000,0.000000,0.000000,0.000000,0.000000,0.000000
2.429156,0.000000,0.000000,0.000000,0.000000,0.000000,0.000000
2.439156,0.000000,0.000000,0.000000,0.000000,0.000000,0.000000
2.449156,0.000000,0.000000,0.000000,0.000000,0.000000,0.000000
2.459156,0.000000,0.000000,0.000000,0.000000,0.000000,0.000000
2.469156,0.000000,0.000000,0.000000,0.000000,0.000000,0.000000
2.479156,0.000000,0.000000,0.000000,0.000000,0.000000,0.000000
2.489156,0.000000,0.000000,0.000000,0.000000,0.000000,0.000000
2.499156,0.000000,0.000000,0.000000,0.000000,0.000000,0.000000
2.509156,0.000000,0.000000,0.000000,0.000000,0.000000,0.000000
2.519156,0.000000,0.000000,0.000000,0.000000,0.000000,0.000000
2.529156,0.000000,0.000000,0.000000,0.000000,0.000000,0.000000
2.539156,0.000000,0.000000,0.000000,0.000000,0.000000,0.000000
2.549156,0.000000,0.000000,0.000000,0.000000,0.000000,0.000000
2.559156,0.000000,0.000000,0.000000,0.000000,0.000000,0.000000
2.569156,0.000000,0.000000,0.000000,0.000000,0.000000,0.000000
2.579156,0.000000,0.000000,0.000000,0.000000,0.000000,0.000000
2.589156,0.000000,0.000000,0.000000,0.000000,0.000000,0.000000
2.599156,0.000000,0.000000,0.000000,0.000000,0.000000,0.000000
2.609156,0.000000,0.000000,0.000000,0.000000,0.000000,0.000000
2.619156,0.000000,0.000000,0.000000,0.000000,0.000000,0.000000
2.629156,0.000000,0.000000,0.000000,0.000000,0.000000,0.000000
2.639156,0.000000,0.000000,0.000000,0.000000,0.000000,0.000000
2.649156,0.000000,0.000000,0.000000,0.000000,0.000000,0.000000
2.659156,0.000000,0.000000,0.000000,0.000000,0.000000,0.000000
2.669156,0.000000,0.000000,0.000000,0.000000,0.000000,0.000000
2.679156,0.000000,0.000000,0.000000,0.000000,0.000000,0.000000
2.689156,0.000000,0.000000,0.000000,0.000000,0.000000,0.000000
2.699156,0.000000,0.000000,0.000000,0.000000,0.000000,0.000000
2.709156,0.000000,0.000000,0.000000,0.000000,0.000000,0.000000
2.719156,0.000000,0.000000,0.000000,0.000000,0.000000,0.000000
2.729156,0.000000,0.000000,0.000000,0.000000,0.000000,0.000000
2.739156,0.000000,0.000000,0.000000,0.000000,0.000000,0.000000
2.749156,0.000000,0.000000,0.000000,0.000000,0.000000,0.000000
2.759156,0.000000,0.000000,0.000000,0.000000,0.000000,0.000000
2.769156,0.000000,0.000000,0.000000,0.000000,0.000000,0.000000
2.779156,0.000000,0.000000,0.000000,0.000000,0.000000,0.000000
2.789156,0.000000,0.000000,0.000000,0.000000,0.000000,0.000000
2.799156,0.000000,0.000000,0.000000,0.000000,0.000000,0.000000
2.809156,0.000000,0.000000,0.000000,0.000000,0.000000,0.000000
2.819156,0.000000,0.000000,0.000000,0.000000,0.000000,0.000000
2.829156,0.000000,0.000000,0.000000,0.000000,0.000000,0.000000
2.839156,0.000000,0.000000,0.000000,0.000000,0.000000,0.000000
2.849156,0.000000,0.000000,0.000000,0.000000,0.000000,0.000000
2.859156,0.000000,0.000000,0.000000,0.000000,0.000000,0.000000
2.869156,0.000000,0.000000,0.000000,0.000000,0.000000,0.000000
2.879156,0.000000,0.000000,0.000000,0.000000,0.000000,0.000000
2.889156,0.000000,0.000000,0.000000,0.000000,0.000000,0.000000
2.899156,0.000000,0.000000,0.000000,0.000000,0.000000,0.000000
2.909156,0.000000,0.000000,0.000000,0.000000,0.000000,0.000000
2.919156,0.000000,0.000000,0.000000,0.000000,0.000000,0.000000
2.929156,0.000000,0.000000,0.000000,0.000000,0.000000,0.000000
2.939156,0.000000,0.000000,0.000000,0.000000,0.000000,0.000000
2.949156,0.000000,0.000000,0.000000,0.000000,0.000000,0.000000
2.959156,0.000000,0.000000,0.000000,0.000000,0.000000,0.000000
2.969156,0.000000,0.000000,0.000000,0.000000,0.000000,0.000000
2.979156,0.000000,0.000000,0.000000,0.000000,0.000000,0.000000
2.989156,0.000000,0.000000,0.000000,0.000000,0.000000,0.000000
2.999156,0.000000,0.000000,0.000000,0.000000,0.000000,0.000000
3.009156,0.000000,0.000000,0.000000,0.000000,0.000000,0.000000
3.019156,0.000000,0.000000,0.000000,0.000000,0.000000,0.000000
3.029156,0.000000,0.000000,0.000000,0.000000,0.000000,0.000000
3.039156,0.000000,0.000000,0.000000,0.000000,0.000000,0.000000
3.049156,0.000000,0.000000,0.000000,0.000000,0.000000,0.000000
3.059156,0.000000,0.000000,0.000000,0.000000,0.000000,0.000000
3.069156,0.000000,0.000000,0.000000,0.000000,0.000000,0.000000
3.079156,0.000000,0.000000,0.000000,0.000000,0.000000,0.000000
3.089156,0.000000,0.000000,0.000000,0.000000,0.000000,0.000000
3.099156,0.000000,0.000000,0.000000,0.000000,0.000000,0.000000
3.109156,0.000000,0.000000,0.000000,0.000000,0.000000,0.000000
3.119156,0.000000,0.000000,0.000000,0.000000,0.000000,0.000000
3.129156,0.000000,0.000000,0.000000,0.000000,0.000000,0.000000
3.139156,0.000000,0.000000,0.000000,0.000000,0.000000,0.000000
3.149156,0.000000,0.000000,0.000000,0.000000,0.000000,0.000000
3.159156,0.000000,0.000000,0.000000,0.000000,0.000000,0.000000
3.169156,0.000000,0.000000,0.000000,0.000000,0.000000,0.000000
3.179156,0.000000,0.000000,0.000000,0.000000,0.000000,0.000000
3.189156,0.000000,0.000000,0.000000,0.000000,0.000000,0.000000
3.199156,0.000000,0.000000,0.000000,0.000000,0.000000,0.000000
3.209156,0.000000,0.000000,0.000000,0.000000,0.000000,0.000000
3.219156,0.000000,0.000000,0.000000,0.000000,0.000000,0.000000
3.229156,0.000000,0.000000,0.000000,0.000000,0.000000,0.000000
3.239156,0.000000,0.000000,0.000000,0.000000,0.000000,0.000000
3.249156,0.000000,0.000000,0.000000,0.000000,0.000000,0.000000
3.259156,0.000000,0.000000,0.000000,0.000000,0.000000,0.000000
3.269156,0.000000,0.000000,0.000000,0.000000,0.000000,0.000000
3.279156,0.000000,0.000000,0.000000,0.000000,0.000000,0.000000
3.289156,0.000000,0.000000,0.000000,0.000000,0.000000,0.000000
3.299156,0.000000,0.000000,0.000000,0.000000,0.000000,0.000000
3.309156,0.000000,0.000000,0.000000,0.000000,0.000000,0.000000
3.319156,0.000000,0.000000,0.000000,0.000000,0.000000,0.000000
3.329156,0.000000,0.000000,0.000000,0.000000,0.000000,0.000000
3.339156,0.000000,0.000000,0.000000,0.000000,0.000000,0.000000
3.349156,0.000000,0.000000,0.000000,0.000000,0.000000,0.000000
3.359156,0.000000,0.000000,0.000000,0.000000,0.000000,0.000000
3.369156,0.000000,0.000000,0.000000,0.000000,0.000000,0.000000
3.379156,0.000000,0.000000,0.000000,0.000000,0.000000,0.000000
3.389156,0.000000,0.000000,0.000000,0.000000,0.000000,0.000000
3.399156,0.000000,0.000000,0.000000,0.000000,0.000000,0.000000
3.409156,0.000000,0.000000,0.000000,0.000000,0.000000,0.000000
3.419156,0.000000,0.000000,0.000000,0.000000,0.000000,0.000000
3.429156,0.000000,0.000000,0.000000,0.000000,0.000000,0.000000
3.439156,0.000000,0.000000,0.000000,0.000000,0.000000,0.000000
3.449156,0.000000,0.000000,0.000000,0.000000,0.000000,0.000000
3.459156,0.000000,0.000000,0.000000,0.000000,0.000000,0.000000
3.469156,0.000000,0.000000,0.000000,0.000000,0.000000,0.000000
3.479156,0.000000,0.000000,0.000000,0.000000,0.000000,0.000000
3.489156,0.000000,0.000000,0.000000,0.000000,0.000000,0.000000
3.499156,0.000000,0.000000,0.000000,0.000000,0.000000,0.000000
3.509156,0.000000,0.000000,0.000000,0.000000,0.000000,0.000000
3.519156,0.000000,0.000000,0.000000,0.000000,0.000000,0.000000
3.529156,0.000000,0.000000,0.000000,0.000000,0.000000,0.000000
3.539156,0.000000,0.000000,0.000000,0.000000,0.000000,0.000000
3.549156,0.000000,0.000000,0.000000,0.000000,0.000000,0.000000
3.559156,0.000000,0.000000,0.000000,0.000000,0.000000,0.000000
3.569156,0.000000,0.000000,0.000000,0.000000,0.000000,0.000000
3.579156,0.000000,0.000000,0.000000,0.000000,0.000000,0.000000
3.589156,0.000000,0.000000,0.000000,0.000000,0.000000,0.000000
3.599156,0.000000,0.000000,0.000000,0.000000,0.000000,0.000000
3.609156,0.000000,0.000000,0.000000,0.000000,0.000000,0.000000
3.619156,0.000000,0.000000,0.000000,0.000000,0.000000,0.000000
3.629156,0.000000,0.000000,0.000000,0.000000,0.000000,0.000000
3.639156,0.000000,0.000000,0.000000,0.000000,0.000000,0.000000
3.649156,0.000000,0.000000,0.000000,0.000000,0.000000,0.000000
3.659156,0.000000,0.000000,0.000000,0.000000,0.000000,0.000000
3.669156,0.000000,0.000000,0.000000,0.000000,0.000000,0.000000
3.679156,0.000000,0.000000,0.000000,0.000000,0.000000,0.000000
3.689156,0.000000,0.000000,0.000000,0.000000,0.000000,0.000000
3.699156,0.000000,0.000000,0.000000,0.000000,0.000000,0.000000
3.709156,0.000000,0.000000,0.000000,0.000000,0.000000,0.000000
3.719156,0.000000,0.000000,0.000000,0.000000,0.000000,0.000000
3.729156,0.000000,0.000000,0.000000,0.000000,0.000000,0.000000
3.739156,0.000000,0.000000,0.000000,0.000000,0.000000,0.000000
3.749156,0.000000,0.000000,0.000000,0.000000,0.000000,0.000000
3.759156,0.000000,0.000000,0.000000,0.000000,0.000000,0.000000
3.769156,0.000000,0.000000,0.000000,0.000000,0.000000,0.000000
3.779156,0.000000,0.000000,0.000000,0.000000,0.000000,0.000000
3.789156,0.000000,0.000000,0.000000,0.000000,0.000000,0.000000
3.799156,0.000000,0.000000,0.000000,0.000000,0.000000,0.000000
3.809156,0.000000,0.000000,0.000000,0.000000,0.000000,0.000000
3.819156,0.000000,0.000000,0.000000,0.000000,0.000000,0.000000
3.829156,0.000000,0.000000,0.000000,0.000000,0.000000,0.000000
3.839156,0.000000,0.000000,0.000000,0.000000,0.000000,0.000000
3.849156,0.000000,0.000000,0.000000,0.000000,0.000000,0.000000
3.859156,0.000000,0.000000,0.000000,0.000000,0.000000,0.000000
3.869156,0.000000,0.000000,0.000000,0.000000,0.000000,0.000000
3.879156,0.000000,0.000000,0.000000,0.000000,0.000000,0.000000
3.889156,0.000000,0.000000,0.000000,0.000000,0.000000,0.000000
3.899156,0.000000,0.000000,0.000000,0.000000,0.000000,0.000000
3.909156,0.000000,0.000000,0.000000,0.000000,0.000000,0.000000
3.919156,0.000000,0.000000,0.000000,0.000000,0.000000,0.000000
3.929156,0.000000,0.000000,0.000000,0.000000,0.000000,0.000000
3.939156,0.000000,0.000000,0.000000,0.000000,0.000000,0.000000
3.949156,0.000000,0.000000,0.000000,0.000000,0.000000,0.000000
3.959156,0.000000,0.000000,0.000000,0.000000,0.000000,0.000000
3.969156,0.000000,0.000000,0.000000,0.000000,0.000000,0.000000
3.979156,0.000000,0.000000,0.000000,0.000000,0.000000,0.000000
3.989156,0.000000,0.000000,0.000000,0.000000,0.000000,0.000000
3.999156,0.000000,0.000000,0.000000,0.000000,0.000000,0.000000
4.009156,0.000000,0.000000,0.000000,0.000000,0.000000,0.000000
4.019156,0.000000,0.000000,0.000000,0.000000,0.000000,0.000000
4.029156,0.000000,0.000000,0.000000,0.000000,0.000000,0.000000
4.039156,0.000000,0.000000,0.000000,0.000000,0.000000,0.000000
4.049156,0.000000,0.000000,0.000000,0.000000,0.000000,0.000000
4.059156,0.000000,0.000000,0.000000,0.000000,0.000000,0.000000
4.069156,0.000000,0.000000,0.000000,0.000000,0.000000,0.000000
4.079156,0.000000,0.000000,0.000000,0.000000,0.000000,0.000000
4.089156,0.000000,0.000000,0.000000,0.000000,0.000000,0.000000
4.099156,0.000000,0.000000,0.000000,0.000000,0.000000,0.000000
4.109156,0.000000,0.000000,0.000000,0.000000,0.000000,0.000000
4.119156,0.000000,0.000000,0.000000,0.000000,0.000000,0.000000
4.129156,0.000000,0.000000,0.000000,0.000000,0.000000,0.000000
4.139156,0.000000,0.000000,0.000000,0.000000,0.000000,0.000000
4.149156,0.000000,0.000000,0.000000,0.000000,0.000000,0.000000
4.159156,0.000000,0.000000,0.000000,0.000000,0.000000,0.000000
4.169156,0.000000,0.000000,0.000000,0.000000,0.000000,0.000000
4.179156,0.000000,0.000000,0.000000,0.000000,0.000000,0.000000
4.189156,0.000000,0.000000,0.000000,0.000000,0.000000,0.000000
4.199156,0.000000,0.000000,0.000000,0.000000,0.000000,0.000000
4.209156,0.000000,0.000000,0.000000,0.000000,0.000000,0.000000
4.219156,0.000000,0.000000,0.000000,0.000000,0.000000,0.000000
4.229156,0.000000,0.000000,0.000000,0.000000,0.000000,0.000000
4.239156,0.000000,0.000000,0.000000,0.000000,0.000000,0.000000
4.249156,0.000000,0.000000,0.000000,0.000000,0.000000,0.000000
4.259156,0.000000,0.000000,0.000000,0.000000,0.000000,0.000000
4.269156,0.000000,0.000000,0.000000,0.000000,0.000000,0.000000
4.279156,0.000000,0.000000,0.000000,0.000000,0.000000,0.000000
4.289156,0.000000,0.000000,0.000000,0.000000,0.000000,0.000000
4.299156,0.000000,0.000000,0.000000,0.000000,0.000000,0.000000
4.309156,0.000000,0.000000,0.000000,0.000000,0.000000,0.000000
4.319156,0.000000,0.000000,0.000000,0.000000,0.000000,0.000000
4.329156,0.000000,0.000000,0.000000,0.000000,0.000000,0.000000
4.339156,0.000000,0.000000,0.000000,0.000000,0.000000,0.000000
4.349156,0.000000,0.000000,0.000000,0.000000,0.000000,0.000000
4.359156,0.000000,0.000000,0.000000,0.000000,0.000000,0.000000
4.369156,0.000000,0.000000,0.000000,0.000000,0.000000,0.000000
4.379156,0.000000,0.000000,0.000000,0.000000,0.000000,0.000000
4.389156,0.000000,0.000000,0.000000,0.000000,0.000000,0.000000
4.399156,0.000000,0.000000,0.000000,0.000000,0.000000,0.000000
4.409156,0.000000,0.000000,0.000000,0.000000,0.000000,0.000000
4.419156,0.000000,0.000000,0.000000,0.000000,0.000000,0.000000
4.429156,0.000000,0.000000,0.000000,0.000000,0.000000,0.000000
4.439156,0.000000,0.000000,0.000000,0.000000,0.000000,0.000000
4.449156,0.000000,0.000000,0.000000,0.000000,0.000000,0.000000
4.459156,0.000000,0.000000,0.000000,0.000000,0.000000,0.000000
4.469156,0.000000,0.000000,0.000000,0.000000,0.000000,0.000000
4.479156,0.000000,0.000000,0.000000,0.000000,0.000000,0.000000
4.489156,0.000000,0.000000,0.000000,0.000000,0.000000,0.000000
4.499156,0.000000,0.000000,0.000000,0.000000,0.000000,0.000000
4.509156,0.000000,0.000000,0.000000,0.000000,0.000000,0.000000
4.519156,0.000000,0.000000,0.000000,0.000000,0.000000,0.000000
4.529156,0.000000,0.000000,0.000000,0.000000,0.000000,0.000000
4.539156,0.000000,0.000000,0.000000,0.000000,0.000000,0.000000
4.549156,0.000000,0.000000,0.000000,0.000000,0.000000,0.000000
4.559156,0.000000,0.000000,0.000000,0.000000,0.000000,0.000000
4.569156,0.000000,0.000000,0.000000,0.000000,0.000000,0.000000
4.579156,0.000000,0.000000,0.000000,0.000000,0.000000,0.000000
4.589156,0.000000,0.000000,0.000000,0.000000,0.000000,0.000000
4.599156,0.000000,0.000000,0.000000,0.000000,0.000000,0.000000
4.609156,0.000000,0.000000,0.000000,0.000000,0.000000,0.000000
4.619156,0.000000,0.000000,0.000000,0.000000,0.000000,0.000000
4.629156,0.000000,0.000000,0.000000,0.000000,0.000000,0.000000
4.639156,0.000000,0.000000,0.000000,0.000000,0.000000,0.000000
4.649156,0.000000,0.000000,0.000000,0.000000,0.000000,0.000000
4.659156,0.000000,0.000000,0.000000,0.000000,0.000000,0.000000
4.669156,0.000000,0.000000,0.000000,0.000000,0.000000,0.000000
4.679156,0.000000,0.000000,0.000000,0.000000,0.000000,0.000000
4.689156,0.000000,0.000000,0.000000,0.000000,0.000000,0.000000
4.699156,0.000000,0.000000,0.000000,0.000000,0.000000,0.000000
4.709156,0.000000,0.000000,0.000000,0.000000,0.000000,0.000000
4.719156,0.000000,0.000000,0.000000,0.000000,0.000000,0.000000
4.729156,0.000000,0.000000,0.000000,0.000000,0.000000,0.000000
4.739156,0.000000,0.000000,0.000000,0.000000,0.000000,0.000000
4.749156,0.000000,0.000000,0.000000,0.000000,0.000000,0.000000
4.759156,0.000000,0.000000,0.000000,0.000000,0.000000,0.000000
4.769156,0.000000,0.000000,0.000000,0.000000,0.000000,0.000000
4.779156,0.000000,0.000000,0.000000,0.000000,0.000000,0.000000
4.789156,0.000000,0.000000,0.000000,0.000000,0.000000,0.000000
4.799156,0.000000,0.000000,0.000000,0.000000,0.000000,0.000000
4.809156,0.000000,0.000000,0.000000,0.000000,0.000000,0.000000
4.819156,0.000000,0.000000,0.000000,0.000000,0.000000,0.000000
4.829156,0.000000,0.000000,0.000000,0.000000,0.000000,0.000000
4.839156,0.000000,0.000000,0.000000,0.000000,0.000000,0.000000
4.849156,0.000000,0.000000,0.000000,0.000000,0.000000,0.000000
4.859156,0.000000,0.000000,0.000000,0.000000,0.000000,0.000000
4.869156,0.000000,0.000000,0.000000,0.000000,0.000000,0.000000
4.879156,0.000000,0.000000,0.000000,0.000000,0.000000,0.000000
4.889156,0.000000,0.000000,0.000000,0.000000,0.000000,0.000000
4.899156,0.000000,0.000000,0.000000,0.000000,0.000000,0.000000
4.909156,0.000000,0.000000,0.000000,0.000000,0.000000,0.000000
4.919156,0.000000,0.000000,0.000000,0.000000,0.000000,0.000000
4.929156,0.000000,0.000000,0.000000,0.000000,0.000000,0.000000
4.939156,0.000000,0.000000,0.000000,0.000000,0.000000,0.000000
4.949156,0.000000,0.000000,0.000000,0.000000,0.000000,0.000000
4.959156,0.000000,0.000000,0.000000,0.000000,0.000000,0.000000
4.969156,0.000000,0.000000,0.000000,0.000000,0.000000,0.000000
4.979156,0.000000,0.000000,0.000000,0.000000,0.000000,0.000000
4.989156,0.000000,0.000000,0.000000,0.000000,0.000000,0.000000
4.999156,0.000000,0.000000,0.000000,0.000000,0.000000,0.000000
5.009156,0.001500,0.000000,0.000000,0.000000,0.000000,0.000000
5.019156,0.001500,0.000000,0.000000,0.000000,0.000000,0.000000
5.029156,0.001500,0.000000,0.000000,0.000000,0.000000,0.000000
5.039156,0.003000,0.000000,0.000000,0.000000,0.000000,0.000000
5.049156,0.003000,0.000000,0.000000,0.000000,0.000000,0.000000
5.059156,0.003000,0.000000,0.000000,0.000000,0.000000,0.000000
5.069156,0.004500,0.000000,0.000000,0.000000,0.000000,0.000000
5.079156,0.004500,0.000000,0.000000,0.000000,0.000000,0.000000
5.089156,0.004500,0.000000,0.000000,0.000000,0.000000,0.000000
5.099156,0.006000,0.000000,0.000000,0.000000,0.000000,0.000000
5.109156,0.006000,0.000000,0.000000,0.000000,0.000000,0.000000
5.119156,0.006000,0.000000,0.000000,0.000000,0.000000,0.000000
5.129156,0.007500,0.000000,0.000000,0.000000,0.000000,0.000000
5.139156,0.007500,0.000000,0.000000,0.000000,0.000000,0.000000
5.149156,0.007500,0.000000,0.000000,0.000000,0.000000,0.000000
5.159156,0.009000,0.000000,0.000000,0.000000,0.000000,0.000000
5.169156,0.009000,0.000000,0.000000,0.000000,0.000000,0.000000
5.179156,0.009000,0.000000,0.000000,0.000000,0.000000,0.000000
5.189156,0.010000,0.000000,0.000000,0.000000,0.000000,0.000000
5.199156,0.010000,0.000000,0.000000,0.000000,0.000000,0.000000
5.209156,0.011500,0.000000,0.000000,0.000000,0.000000,0.000000
5.219156,0.011500,0.000000,0.000000,0.000000,0.000000,0.000000
5.229156,0.011500,0.000000,0.000000,0.000000,0.000000,0.000000
5.239156,0.013000,0.000000,0.000000,0.000000,0.000000,0.000000
5.249156,0.013000,0.000000,0.000000,0.000000,0.000000,0.000000
5.259156,0.013000,0.000000,0.000000,0.000000,0.000000,0.000000
5.269156,0.014500,0.000000,0.000000,0.000000,0.000000,0.000000
5.279156,0.014500,0.000000,0.000000,0.000000,0.000000,0.000000
5.289156,0.014500,0.000000,0.000000,0.000000,0.000000,0.000000
5.299156,0.016000,0.000000,0.000000,0.000000,0.000000,0.000000
5.309156,0.016000,0.000000,0.000000,0.000000,0.000000,0.000000
5.319156,0.016000,0.000000,0.000000,0.000000,0.000000,0.000000
5.329156,0.017500,0.000000,0.000000,0.000000,0.000000,0.000000
5.339156,0.017500,0.000000,0.000000,0.000000,0.000000,0.000000
5.349156,0.017500,0.000000,0.000000,0.000000,0.000000,0.000000
5.359156,0.019000,0.000000,0.000000,0.000000,0.000000,0.000000
5.369156,0.019000,0.000000,0.000000,0.000000,0.000000,0.000000
5.379156,0.019000,0.000000,0.000000,0.000000,0.000000,0.000000
5.389156,0.020500,0.000000,0.000000,0.000000,0.000000,0.000000
5.399156,0.020500,0.000000,0.000000,0.000000,0.000000,0.000000
5.409156,0.020500,0.000000,0.000000,0.000000,0.000000,0.000000
5.419156,0.022000,0.000000,0.000000,0.000000,0.000000,0.000000
5.429156,0.022000,0.000000,0.000000,0.000000,0.000000,0.000000
5.439156,0.022000,0.000000,0.000000,0.000000,0.000000,0.000000
5.449156,0.023500,0.000000,0.000000,0.000000,0.000000,0.000000
5.459156,0.023500,0.000000,0.000000,0.000000,0.000000,0.000000
5.469156,0.023500,0.000000,0.000000,0.000000,0.000000,0.000000
5.479156,0.025000,0.000000,0.000000,0.000000,0.000000,0.000000
5.489156,0.025000,0.000000,0.000000,0.000000,0.000000,0.000000
5.499156,0.025000,0.000000,0.000000,0.000000,0.000000,0.000000
5.509156,0.026500,0.000000,0.000000,0.000000,0.000000,0.000000
5.519156,0.026500,0.000000,0.000000,0.000000,0.000000,0.000000
5.529156,0.026500,0.000000,0.000000,0.000000,0.000000,0.000000
5.539156,0.026500,0.000000,0.000000,0.000000,0.000000,0.000000
5.549156,0.028000,0.000000,0.000000,0.000000,0.000000,0.000000
5.559156,0.028000,0.000000,0.000000,0.000000,0.000000,0.000000
5.569156,0.029000,0.000000,0.000000,0.000000,0.000000,0.000000
5.579156,0.029000,0.000000,0.000000,0.000000,0.000000,0.000000
5.589156,0.030500,0.000000,0.000000,0.000000,0.000000,0.000000
5.599156,0.030500,0.000000,0.000000,0.000000,0.000000,0.000000
5.609156,0.030500,0.000000,0.000000,0.000000,0.000000,0.000000
5.619156,0.032000,0.000000,0.000000,0.000000,0.000000,0.000000
5.629156,0.032000,0.000000,0.000000,0.000000,0.000000,0.000000
5.639156,0.032000,0.000000,0.000000,0.000000,0.000000,0.000000
5.649156,0.033500,0.000000,0.000000,0.000000,0.000000,0.000000
5.659156,0.033500,0.000000,0.000000,0.000000,0.000000,0.000000
5.669156,0.033500,0.000000,0.000000,0.000000,0.000000,0.000000
5.679156,0.035000,0.000000,0.000000,0.000000,0.000000,0.000000
5.689156,0.035000,0.000000,0.000000,0.000000,0.000000,0.000000
5.699156,0.035000,0.000000,0.000000,0.000000,0.000000,0.000000
5.709156,0.036500,0.000000,0.000000,0.000000,0.000000,0.000000
5.719156,0.036500,0.000000,0.000000,0.000000,0.000000,0.000000
5.729156,0.036500,0.000000,0.000000,0.000000,0.000000,0.000000
5.739156,0.038000,0.000000,0.000000,0.000000,0.000000,0.000000
5.749156,0.038000,0.000000,0.000000,0.000000,0.000000,0.000000
5.759156,0.038000,0.000000,0.000000,0.000000,0.000000,0.000000
5.769156,0.038000,0.000000,0.000000,0.000000,0.000000,0.000000
5.779156,0.039500,0.000000,0.000000,0.000000,0.000000,0.000000
5.789156,0.039500,0.000000,0.000000,0.000000,0.000000,0.000000
5.799156,0.041000,0.000000,0.000000,0.000000,0.000000,0.000000
5.809156,0.041000,0.000000,0.000000,0.000000,0.000000,0.000000
5.819156,0.041000,0.000000,0.000000,0.000000,0.000000,0.000000
5.829156,0.043000,0.000000,0.000000,0.000000,0.000000,0.000000
5.839156,0.043000,0.000000,0.000000,0.000000,0.000000,0.000000
5.849156,0.043000,0.000000,0.000000,0.000000,0.000000,0.000000
5.859156,0.043000,0.000000,0.000000,0.000000,0.000000,0.000000
5.869156,0.044000,0.000000,0.000000,0.000000,0.000000,0.000000
5.879156,0.044000,0.000000,0.000000,0.000000,0.000000,0.000000
5.889156,0.044000,0.000000,0.000000,0.000000,0.000000,0.000000
5.899156,0.045500,0.000000,0.000000,0.000000,0.000000,0.000000
5.909156,0.045500,0.000000,0.000000,0.000000,0.000000,0.000000
5.919156,0.045500,0.000000,0.000000,0.000000,0.000000,0.000000
5.929156,0.047000,0.000000,0.000000,0.000000,0.000000,0.000000
5.939156,0.047000,0.000000,0.000000,0.000000,0.000000,0.000000
5.949156,0.047000,0.000000,0.000000,0.000000,0.000000,0.000000
5.959156,0.048500,0.000000,0.000000,0.000000,0.000000,0.000000
5.969156,0.048500,0.000000,0.000000,0.000000,0.000000,0.000000
5.979156,0.050000,0.000000,0.000000,0.000000,0.000000,0.000000
5.989156,0.050000,0.000000,0.000000,0.000000,0.000000,0.000000
5.999156,0.050000,0.000000,0.000000,0.000000,0.000000,0.000000
6.009156,0.050000,0.000000,0.000000,0.000000,0.000000,0.000000
6.019156,0.051000,0.000000,0.000000,0.000000,0.000000,0.000000
6.029156,0.052500,0.000000,0.000000,0.000000,0.000000,0.000000
6.039156,0.052500,0.000000,0.000000,0.000000,0.000000,0.000000
6.049156,0.052500,0.000000,0.000000,0.000000,0.000000,0.000000
6.059156,0.054000,0.000000,0.000000,0.000000,0.000000,0.000000
6.069156,0.054000,0.000000,0.000000,0.000000,0.000000,0.000000
6.079156,0.054000,0.000000,0.000000,0.000000,0.000000,0.000000
6.089156,0.055500,0.000000,0.000000,0.000000,0.000000,0.000000
6.099156,0.055500,0.000000,0.000000,0.000000,0.000000,0.000000
6.109156,0.055500,0.000000,0.000000,0.000000,0.000000,0.000000
6.119156,0.057000,0.000000,0.000000,0.000000,0.000000,0.000000
6.129156,0.057000,0.000000,0.000000,0.000000,0.000000,0.000000
6.139156,0.057000,0.000000,0.000000,0.000000,0.000000,0.000000
6.149156,0.058500,0.000000,0.000000,0.000000,0.000000,0.000000
6.159156,0.058500,0.000000,0.000000,0.000000,0.000000,0.000000
6.169156,0.058500,0.000000,0.000000,0.000000,0.000000,0.000000
6.179156,0.060000,0.000000,0.000000,0.000000,0.000000,0.000000
6.189156,0.060000,0.000000,0.000000,0.000000,0.000000,0.000000
6.199156,0.060000,0.000000,0.000000,0.000000,0.000000,0.000000
6.209156,0.061500,0.000000,0.000000,0.000000,0.000000,0.000000
6.219156,0.061500,0.000000,0.000000,0.000000,0.000000,0.000000
6.229156,0.061500,0.000000,0.000000,0.000000,0.000000,0.000000
6.239156,0.062500,0.000000,0.000000,0.000000,0.000000,0.000000
6.249156,0.062500,0.000000,0.000000,0.000000,0.000000,0.000000
6.259156,0.064000,0.000000,0.000000,0.000000,0.000000,0.000000
6.269156,0.064000,0.000000,0.000000,0.000000,0.000000,0.000000
6.279156,0.064000,0.000000,0.000000,0.000000,0.000000,0.000000
6.289156,0.065000,0.000000,0.000000,0.000000,0.000000,0.000000
6.299156,0.065000,0.000000,0.000000,0.000000,0.000000,0.000000
6.309156,0.066500,0.000000,0.000000,0.000000,0.000000,0.000000
6.319156,0.066500,0.000000,0.000000,0.000000,0.000000,0.000000
6.329156,0.066500,0.000000,0.000000,0.000000,0.000000,0.000000
6.339156,0.068000,0.000000,0.000000,0.000000,0.000000,0.000000
6.349156,0.068000,0.000000,0.000000,0.000000,0.000000,0.000000
6.359156,0.068000,0.000000,0.000000,0.000000,0.000000,0.000000
6.369156,0.069500,0.000000,0.000000,0.000000,0.000000,0.000000
6.379156,0.069500,0.000000,0.000000,0.000000,0.000000,0.000000
6.389156,0.069500,0.000000,0.000000,0.000000,0.000000,0.000000
6.399156,0.070500,0.000000,0.000000,0.000000,0.000000,0.000000
6.409156,0.070500,0.000000,0.000000,0.000000,0.000000,0.000000
6.419156,0.072000,0.000000,0.000000,0.000000,0.000000,0.000000
6.429156,0.072000,0.000000,0.000000,0.000000,0.000000,0.000000
6.439156,0.072000,0.000000,0.000000,0.000000,0.000000,0.000000
6.449156,0.073500,0.000000,0.000000,0.000000,0.000000,0.000000
6.459156,0.073500,0.000000,0.000000,0.000000,0.000000,0.000000
6.469156,0.073500,0.000000,0.000000,0.000000,0.000000,0.000000
6.479156,0.073500,0.000000,0.000000,0.000000,0.000000,0.000000
6.489156,0.075000,0.000000,0.000000,0.000000,0.000000,0.000000
6.499156,0.075000,0.000000,0.000000,0.000000,0.000000,0.000000
6.509156,0.076500,0.000000,0.000000,0.000000,0.000000,0.000000
6.519156,0.076500,0.000000,0.000000,0.000000,0.000000,0.000000
6.529156,0.076500,0.000000,0.000000,0.000000,0.000000,0.000000
6.539156,0.077500,0.000000,0.000000,0.000000,0.000000,0.000000
6.549156,0.077500,0.000000,0.000000,0.000000,0.000000,0.000000
6.559156,0.079000,0.000000,0.000000,0.000000,0.000000,0.000000
6.569156,0.079000,0.000000,0.000000,0.000000,0.000000,0.000000
6.579156,0.079000,0.000000,0.000000,0.000000,0.000000,0.000000
6.589156,0.079000,0.000000,0.000000,0.000000,0.000000,0.000000
6.599156,0.080500,0.000000,0.000000,0.000000,0.000000,0.000000
6.609156,0.080500,0.000000,0.000000,0.000000,0.000000,0.000000
6.619156,0.082000,0.000000,0.000000,0.000000,0.000000,0.000000
6.629156,0.082000,0.000000,0.000000,0.000000,0.000000,0.000000
6.639156,0.082000,0.000000,0.000000,0.000000,0.000000,0.000000
6.649156,0.083000,0.000000,0.000000,0.000000,0.000000,0.000000
6.659156,0.083000,0.000000,0.000000,0.000000,0.000000,0.000000
6.669156,0.084500,0.000000,0.000000,0.000000,0.000000,0.000000
6.679156,0.084500,0.000000,0.000000,0.000000,0.000000,0.000000
6.689156,0.084500,0.000000,0.000000,0.000000,0.000000,0.000000
6.699156,0.086000,0.000000,0.000000,0.000000,0.000000,0.000000
6.709156,0.086000,0.000000,0.000000,0.000000,0.000000,0.000000
6.719156,0.086000,0.000000,0.000000,0.000000,0.000000,0.000000
6.729156,0.087500,0.000000,0.000000,0.000000,0.000000,0.000000
6.739156,0.087500,0.000000,0.000000,0.000000,0.000000,0.000000
6.749156,0.087500,0.000000,0.000000,0.000000,0.000000,0.000000
6.759156,0.089000,0.000000,0.000000,0.000000,0.000000,0.000000
6.769156,0.089000,0.000000,0.000000,0.000000,0.000000,0.000000
6.779156,0.089000,0.000000,0.000000,0.000000,0.000000,0.000000
6.789156,0.090000,0.000000,0.000000,0.000000,0.000000,0.000000
6.799156,0.090000,0.000000,0.000000,0.000000,0.000000,0.000000
6.809156,0.091500,0.000000,0.000000,0.000000,0.000000,0.000000
6.819156,0.091500,0.000000,0.000000,0.000000,0.000000,0.000000
6.829156,0.091500,0.000000,0.000000,0.000000,0.000000,0.000000
6.839156,0.092500,0.000000,0.000000,0.000000,0.000000,0.000000
6.849156,0.092500,0.000000,0.000000,0.000000,0.000000,0.000000
6.859156,0.094000,0.000000,0.000000,0.000000,0.000000,0.000000
6.869156,0.094000,0.000000,0.000000,0.000000,0.000000,0.000000
6.879156,0.094000,0.000000,0.000000,0.000000,0.000000,0.000000
6.889156,0.095500,0.000000,0.000000,0.000000,0.000000,0.000000
6.899156,0.095500,0.000000,0.000000,0.000000,0.000000,0.000000
6.909156,0.095500,0.000000,0.000000,0.000000,0.000000,0.000000
6.919156,0.096500,0.000000,0.000000,0.000000,0.000000,0.000000
6.929156,0.096500,0.000000,0.000000,0.000000,0.000000,0.000000
6.939156,0.098000,0.000000,0.000000,0.000000,0.000000,0.000000
6.949156,0.098000,0.000000,0.000000,0.000000,0.000000,0.000000
6.959156,0.098000,0.000000,0.000000,0.000000,0.000000,0.000000
6.969156,0.099500,0.000000,0.000000,0.000000,0.000000,0.000000
6.979156,0.099500,0.000000,0.000000,0.000000,0.000000,0.000000
6.989156,0.099500,0.000000,0.000000,0.000000,0.000000,0.000000
6.999156,0.099000,0.000000,0.000000,0.000000,0.000000,0.000000
7.009156,0.099000,0.000000,0.000000,0.000000,0.000000,0.000000
7.019156,0.099000,0.000000,0.000000,0.000000,0.000000,0.000000
7.029156,0.097500,0.000000,0.000000,0.000000,0.000000,0.000000
7.039156,0.097500,0.000000,0.000000,0.000000,0.000000,0.000000
7.049156,0.097500,0.000000,0.000000,0.000000,0.000000,0.000000
7.059156,0.096000,0.000000,0.000000,0.000000,0.000000,0.000000
7.069156,0.096000,0.000000,0.000000,0.000000,0.000000,0.000000
7.079156,0.096000,0.000000,0.000000,0.000000,0.000000,0.000000
7.089156,0.094500,0.000000,0.000000,0.000000,0.000000,0.000000
7.099156,0.094500,0.000000,0.000000,0.000000,0.000000,0.000000
7.109156,0.094500,0.000000,0.000000,0.000000,0.000000,0.000000
7.119156,0.093000,0.000000,0.000000,0.000000,0.000000,0.000000
7.129156,0.093000,0.000000,0.000000,0.000000,0.000000,0.000000
7.139156,0.093000,0.000000,0.000000,0.000000,0.000000,0.000000
7.149156,0.092000,0.000000,0.000000,0.000000,0.000000,0.000000
7.159156,0.092000,0.000000,0.000000,0.000000,0.000000,0.000000
7.169156,0.090500,0.000000,0.000000,0.000000,0.000000,0.000000
7.179156,0.090500,0.000000,0.000000,0.000000,0.000000,0.000000
7.189156,0.090500,0.000000,0.000000,0.000000,0.000000,0.000000
7.199156,0.089000,0.000000,0.000000,0.000000,0.000000,0.000000
7.209156,0.089000,0.000000,0.000000,0.000000,0.000000,0.000000
7.219156,0.089000,0.000000,0.000000,0.000000,0.000000,0.000000
7.229156,0.088000,0.000000,0.000000,0.000000,0.000000,0.000000
7.239156,0.088000,0.000000,0.000000,0.000000,0.000000,0.000000
7.249156,0.086500,0.000000,0.000000,0.000000,0.000000,0.000000
7.259156,0.086500,0.000000,0.000000,0.000000,0.000000,0.000000
7.269156,0.086500,0.000000,0.000000,0.000000,0.000000,0.000000
7.279156,0.085000,0.000000,0.000000,0.000000,0.000000,0.000000
7.289156,0.085000,0.000000,0.000000,0.000000,0.000000,0.000000
7.299156,0.085000,0.000000,0.000000,0.000000,0.000000,0.000000
7.309156,0.083500,0.000000,0.000000,0.000000,0.000000,0.000000
7.319156,0.083500,0.000000,0.000000,0.000000,0.000000,0.000000
7.329156,0.083500,0.000000,0.000000,0.000000,0.000000,0.000000
7.339156,0.082000,0.000000,0.000000,0.000000,0.000000,0.000000
7.349156,0.082000,0.000000,0.000000,0.000000,0.000000,0.000000
7.359156,0.082000,0.000000,0.000000,0.000000,0.000000,0.000000
7.369156,0.080500,0.000000,0.000000,0.000000,0.000000,0.000000
7.379156,0.080500,0.000000,0.000000,0.000000,0.000000,0.000000
7.389156,0.080500,0.000000,0.000000,0.000000,0.000000,0.000000
7.399156,0.079000,0.000000,0.000000,0.000000,0.000000,0.000000
7.409156,0.079000,0.000000,0.000000,0.000000,0.000000,0.000000
7.419156,0.079000,0.000000,0.000000,0.000000,0.000000,0.000000
7.429156,0.077500,0.000000,0.000000,0.000000,0.000000,0.000000
7.439156,0.077500,0.000000,0.000000,0.000000,0.000000,0.000000
7.449156,0.077500,0.000000,0.000000,0.000000,0.000000,0.000000
7.459156,0.077500,0.000000,0.000000,0.000000,0.000000,0.000000
7.469156,0.076000,0.000000,0.000000,0.000000,0.000000,0.000000
7.479156,0.076000,0.000000,0.000000,0.000000,0.000000,0.000000
7.489156,0.076000,0.000000,0.000000,0.000000,0.000000,0.000000
7.499156,0.074500,0.000000,0.000000,0.000000,0.000000,0.000000
7.509156,0.074500,0.000000,0.000000,0.000000,0.000000,0.000000
7.519156,0.074500,0.000000,0.000000,0.000000,0.000000,0.000000
7.529156,0.073500,0.000000,0.000000,0.000000,0.000000,0.000000
7.539156,0.072000,0.000000,0.000000,0.000000,0.000000,0.000000
7.549156,0.072000,0.000000,0.000000,0.000000,0.000000,0.000000
7.559156,0.072000,0.000000,0.000000,0.000000,0.000000,0.000000
7.569156,0.070500,0.000000,0.000000,0.000000,0.000000,0.000000
7.579156,0.070500,0.000000,0.000000,0.000000,0.000000,0.000000
7.589156,0.070500,0.000000,0.000000,0.000000,0.000000,0.000000
7.599156,0.069000,0.000000,0.000000,0.000000,0.000000,0.000000
7.609156,0.069000,0.000000,0.000000,0.000000,0.000000,0.000000
7.619156,0.069000,0.000000,0.000000,0.000000,0.000000,0.000000
7.629156,0.067500,0.000000,0.000000,0.000000,0.000000,0.000000
7.639156,0.067500,0.000000,0.000000,0.000000,0.000000,0.000000
7.649156,0.067500,0.000000,0.000000,0.000000,0.000000,0.000000
7.659156,0.066000,0.000000,0.000000,0.000000,0.000000,0.000000
7.669156,0.066000,0.000000,0.000000,0.000000,0.000000,0.000000
7.679156,0.066000,0.000000,0.000000,0.000000,0.000000,0.000000
7.689156,0.064500,0.000000,0.000000,0.000000,0.000000,0.000000
7.699156,0.064500,0.000000,0.000000,0.000000,0.000000,0.000000
7.709156,0.064500,0.000000,0.000000,0.000000,0.000000,0.000000
7.719156,0.064500,0.000000,0.000000,0.000000,0.000000,0.000000
7.729156,0.063500,0.000000,0.000000,0.000000,0.000000,0.000000
7.739156,0.062000,0.000000,0.000000,0.000000,0.000000,0.000000
7.749156,0.062000,0.000000,0.000000,0.000000,0.000000,0.000000
7.759156,0.062000,0.000000,0.000000,0.000000,0.000000,0.000000
7.769156,0.060500,0.000000,0.000000,0.000000,0.000000,0.000000
7.779156,0.060500,0.000000,0.000000,0.000000,0.000000,0.000000
7.789156,0.060500,0.000000,0.000000,0.000000,0.000000,0.000000
7.799156,0.059000,0.000000,0.000000,0.000000,0.000000,0.000000
7.809156,0.059000,0.000000,0.000000,0.000000,0.000000,0.000000
7.819156,0.059000,0.000000,0.000000,0.000000,0.000000,0.000000
7.829156,0.057500,0.000000,0.000000,0.000000,0.000000,0.000000
7.839156,0.057500,0.000000,0.000000,0.000000,0.000000,0.000000
7.849156,0.057500,0.000000,0.000000,0.000000,0.000000,0.000000
7.859156,0.056000,0.000000,0.000000,0.000000,0.000000,0.000000
7.869156,0.056000,0.000000,0.000000,0.000000,0.000000,0.000000
7.879156,0.056000,0.000000,0.000000,0.000000,0.000000,0.000000
7.889156,0.054500,0.000000,0.000000,0.000000,0.000000,0.000000
7.899156,0.054500,0.000000,0.000000,0.000000,0.000000,0.000000
7.909156,0.054500,0.000000,0.000000,0.000000,0.000000,0.000000
7.919156,0.053500,0.000000,0.000000,0.000000,0.000000,0.000000
7.929156,0.053500,0.000000,0.000000,0.000000,0.000000,0.000000
7.939156,0.052000,0.000000,0.000000,0.000000,0.000000,0.000000
7.949156,0.052000,0.000000,0.000000,0.000000,0.000000,0.000000
7.959156,0.052000,0.000000,0.000000,0.000000,0.000000,0.000000
7.969156,0.050500,0.000000,0.000000,0.000000,0.000000,0.000000
7.979156,0.050500,0.000000,0.000000,0.000000,0.000000,0.000000
7.989156,0.050500,0.000000,0.000000,0.000000,0.000000,0.000000
7.999156,0.050500,0.000000,0.000000,0.000000,0.000000,0.000000
8.009156,0.049500,0.000000,0.000000,0.000000,0.000000,0.000000
8.019156,0.048000,0.000000,0.000000,0.000000,0.000000,0.000000
8.029156,0.048000,0.000000,0.000000,0.000000,0.000000,0.000000
8.039156,0.048000,0.000000,0.000000,0.000000,0.000000,0.000000
8.049156,0.046500,0.000000,0.000000,0.000000,0.000000,0.000000
8.059156,0.046500,0.000000,0.000000,0.000000,0.000000,0.000000
8.069156,0.046500,0.000000,0.000000,0.000000,0.000000,0.000000
8.079156,0.045000,0.000000,0.000000,0.000000,0.000000,0.000000
8.089156,0.045000,0.000000,0.000000,0.000000,0.000000,0.000000
8.099156,0.045000,0.000000,0.000000,0.000000,0.000000,0.000000
8.109156,0.043500,0.000000,0.000000,0.000000,0.000000,0.000000
8.119156,0.043500,0.000000,0.000000,0.000000,0.000000,0.000000
8.129156,0.043500,0.000000,0.000000,0.000000,0.000000,0.000000
8.139156,0.042000,0.000000,0.000000,0.000000,0.000000,0.000000
8.149156,0.042000,0.000000,0.000000,0.000000,0.000000,0.000000
8.159156,0.042000,0.000000,0.000000,0.000000,0.000000,0.000000
8.169156,0.040500,0.000000,0.000000,0.000000,0.000000,0.000000
8.179156,0.040500,0.000000,0.000000,0.000000,0.000000,0.000000
8.189156,0.040500,0.000000,0.000000,0.000000,0.000000,0.000000
8.199156,0.039000,0.000000,0.000000,0.000000,0.000000,0.000000
8.209156,0.039000,0.000000,0.000000,0.000000,0.000000,0.000000
8.219156,0.039000,0.000000,0.000000,0.000000,0.000000,0.000000
8.229156,0.037500,0.000000,0.000000,0.000000,0.000000,0.000000
8.239156,0.037500,0.000000,0.000000,0.000000,0.000000,0.000000
8.249156,0.037500,0.000000,0.000000,0.000000,0.000000,0.000000
8.259156,0.036500,0.000000,0.000000,0.000000,0.000000,0.000000
8.269156,0.036500,0.000000,0.000000,0.000000,0.000000,0.000000
8.279156,0.035000,0.000000,0.000000,0.000000,0.000000,0.000000
8.289156,0.035000,0.000000,0.000000,0.000000,0.000000,0.000000
8.299156,0.035000,0.000000,0.000000,0.000000,0.000000,0.000000
8.309156,0.034000,0.000000,0.000000,0.000000,0.000000,0.000000
8.319156,0.034000,0.000000,0.000000,0.000000,0.000000,0.000000
8.329156,0.032500,0.000000,0.000000,0.000000,0.000000,0.000000
8.339156,0.032500,0.000000,0.000000,0.000000,0.000000,0.000000
8.349156,0.032500,0.000000,0.000000,0.000000,0.000000,0.000000
8.359156,0.032500,0.000000,0.000000,0.000000,0.000000,0.000000
8.369156,0.031000,0.000000,0.000000,0.000000,0.000000,0.000000
8.379156,0.031000,0.000000,0.000000,0.000000,0.000000,0.000000
8.389156,0.029500,0.000000,0.000000,0.000000,0.000000,0.000000
8.399156,0.029500,0.000000,0.000000,0.000000,0.000000,0.000000
8.409156,0.029500,0.000000,0.000000,0.000000,0.000000,0.000000
8.419156,0.028500,0.000000,0.000000,0.000000,0.000000,0.000000
8.429156,0.028500,0.000000,0.000000,0.000000,0.000000,0.000000
8.439156,0.027000,0.000000,0.000000,0.000000,0.000000,0.000000
8.449156,0.027000,0.000000,0.000000,0.000000,0.000000,0.000000
8.459156,0.027000,0.000000,0.000000,0.000000,0.000000,0.000000
8.469156,0.026000,0.000000,0.000000,0.000000,0.000000,0.000000
8.479156,0.026000,0.000000,0.000000,0.000000,0.000000,0.000000
8.489156,0.026000,0.000000,0.000000,0.000000,0.000000,0.000000
8.499156,0.024500,0.000000,0.000000,0.000000,0.000000,0.000000
8.509156,0.024500,0.000000,0.000000,0.000000,0.000000,0.000000
8.519156,0.024500,0.000000,0.000000,0.000000,0.000000,0.000000
8.529156,0.023500,0.000000,0.000000,0.000000,0.000000,0.000000
8.539156,0.022000,0.000000,0.000000,0.000000,0.000000,0.000000
8.549156,0.022000,0.000000,0.000000,0.000000,0.000000,0.000000
8.559156,0.022000,0.000000,0.000000,0.000000,0.000000,0.000000
8.569156,0.020500,0.000000,0.000000,0.000000,0.000000,0.000000
8.579156,0.020500,0.000000,0.000000,0.000000,0.000000,0.000000
8.589156,0.020500,0.000000,0.000000,0.000000,0.000000,0.000000
8.599156,0.019500,0.000000,0.000000,0.000000,0.000000,0.000000
8.609156,0.019500,0.000000,0.000000,0.000000,0.000000,0.000000
8.619156,0.019500,0.000000,0.000000,0.000000,0.000000,0.000000
8.629156,0.017500,0.000000,0.000000,0.000000,0.000000,0.000000
8.639156,0.017500,0.000000,0.000000,0.000000,0.000000,0.000000
8.649156,0.017500,0.000000,0.000000,0.000000,0.000000,0.000000
8.659156,0.016500,0.000000,0.000000,0.000000,0.000000,0.000000
8.669156,0.016500,0.000000,0.000000,0.000000,0.000000,0.000000
8.679156,0.015000,0.000000,0.000000,0.000000,0.000000,0.000000
8.689156,0.015000,0.000000,0.000000,0.000000,0.000000,0.000000
8.699156,0.015000,0.000000,0.000000,0.000000,0.000000,0.000000
8.709156,0.014000,0.000000,0.000000,0.000000,0.000000,0.000000
8.719156,0.014000,0.000000,0.000000,0.000000,0.000000,0.000000
8.729156,0.012500,0.000000,0.000000,0.000000,0.000000,0.000000
8.739156,0.012500,0.000000,0.000000,0.000000,0.000000,0.000000
8.749156,0.012500,0.000000,0.000000,0.000000,0.000000,0.000000
8.759156,0.011000,0.000000,0.000000,0.000000,0.000000,0.000000
8.769156,0.011000,0.000000,0.000000,0.000000,0.000000,0.000000
8.779156,0.011000,0.000000,0.000000,0.000000,0.000000,0.000000
8.789156,0.009500,0.000000,0.000000,0.000000,0.000000,0.000000
8.799156,0.009500,0.000000,0.000000,0.000000,0.000000,0.000000
8.809156,0.009500,0.000000,0.000000,0.000000,0.000000,0.000000
8.819156,0.009500,0.000000,0.000000,0.000000,0.000000,0.000000
8.829156,0.008500,0.000000,0.000000,0.000000,0.000000,0.000000
8.839156,0.007000,0.000000,0.000000,0.000000,0.000000,0.000000
8.849156,0.007000,0.000000,0.000000,0.000000,0.000000,0.000000
8.859156,0.007000,0.000000,0.000000,0.000000,0.000000,0.000000
8.869156,0.005500,0.000000,0.000000,0.000000,0.000000,0.000000
8.879156,0.005500,0.000000,0.000000,0.000000,0.000000,0.000000
8.889156,0.005500,0.000000,0.000000,0.000000,0.000000,0.000000
8.899156,0.005500,0.000000,0.000000,0.000000,0.000000,0.000000
8.909156,0.004000,0.000000,0.000000,0.000000,0.000000,0.000000
8.919156,0.004000,0.000000,0.000000,0.000000,0.000000,0.000000
8.929156,0.004000,0.000000,0.000000,0.000000,0.000000,0.000000
8.939156,0.002500,0.000000,0.000000,0.000000,0.000000,0.000000
8.949156,0.002500,0.000000,0.000000,0.000000,0.000000,0.000000
8.959156,0.001000,0.000000,0.000000,0.000000,0.000000,0.000000
8.969156,0.001000,0.000000,0.000000,0.000000,0.000000,0.000000
8.979156,0.001000,0.000000,0.000000,0.000000,0.000000,0.000000
8.989156,0.000000,0.000000,0.000000,0.000000,0.000000,0.000000
8.999156,0.000000,0.000000,0.000000,0.000000,0.000000,0.000000
9.009156,0.000000,0.000000,0.000000,0.000000,0.000000,0.000000
9.019156,0.000000,0.000000,0.000000,0.000000,0.000000,0.000000
9.029156,0.000000,0.000000,0.000000,0.000000,0.000000,0.000000
9.039156,0.000000,0.000000,0.000000,0.000000,0.000000,0.000000
9.049156,0.000000,0.000000,0.000000,0.000000,0.000000,0.000000
9.059156,0.000000,0.000000,0.000000,0.000000,0.000000,0.000000
9.069156,0.000000,0.000000,0.000000,0.000000,0.000000,0.000000
9.079156,0.000000,0.000000,0.000000,0.000000,0.000000,0.000000
9.089156,0.000000,0.000000,0.000000,0.000000,0.000000,0.000000
9.099156,0.000000,0.000000,0.000000,0.000000,0.000000,0.000000
9.109156,0.000000,0.000000,0.000000,0.000000,0.000000,0.000000
9.119156,0.000000,0.000000,0.000000,0.000000,0.000000,0.000000
9.129156,0.000000,0.000000,0.000000,0.000000,0.000000,0.000000
9.139156,0.000000,0.000000,0.000000,0.000000,0.000000,0.000000
9.149156,0.000000,0.000000,0.000000,0.000000,0.000000,0.000000
9.159156,0.000000,0.000000,0.000000,0.000000,0.000000,0.000000
9.169156,0.000000,0.000000,0.000000,0.000000,0.000000,0.000000
9.179156,0.000000,0.000000,0.000000,0.000000,0.000000,0.000000
9.189156,0.000000,0.000000,0.000000,0.000000,0.000000,0.000000
9.199156,0.000000,0.000000,0.000000,0.000000,0.000000,0.000000
9.209156,0.000000,0.000000,0.000000,0.000000,0.000000,0.000000
9.219156,0.000000,0.000000,0.000000,0.000000,0.000000,0.000000
9.229156,0.000000,0.000000,0.000000,0.000000,0.000000,0.000000
9.239156,0.000000,0.000000,0.000000,0.000000,0.000000,0.000000
9.249156,0.000000,0.000000,0.000000,0.000000,0.000000,0.000000
9.259156,0.000000,0.000000,0.000000,0.000000,0.000000,0.000000
9.269156,0.000000,0.000000,0.000000,0.000000,0.000000,0.000000
9.279156,0.000000,0.000000,0.000000,0.000000,0.000000,0.000000
9.289156,0.000000,0.000000,0.000000,0.000000,0.000000,0.000000
9.299156,0.000000,0.000000,0.000000,0.000000,0.000000,0.000000
9.309156,0.000000,0.000000,0.000000,0.000000,0.000000,0.000000
9.319156,0.000000,0.000000,0.000000,0.000000,0.000000,0.000000
9.329156,0.000000,0.000000,0.000000,0.000000,0.000000,0.000000
9.339156,0.000000,0.000000,0.000000,0.000000,0.000000,0.000000
9.349156,0.000000,0.000000,0.000000,0.000000,0.000000,0.000000
9.359156,0.000000,0.000000,0.000000,0.000000,0.000000,0.000000
9.369156,0.000000,0.000000,0.000000,0.000000,0.000000,0.000000
9.379156,0.000000,0.000000,0.000000,0.000000,0.000000,0.000000
9.389156,0.000000,0.000000,0.000000,0.000000,0.000000,0.000000
9.399156,0.000000,0.000000,0.000000,0.000000,0.000000,0.000000
9.409156,0.000000,0.000000,0.000000,0.000000,0.000000,0.000000
9.419156,0.000000,0.000000,0.000000,0.000000,0.000000,0.000000
9.429156,0.000000,0.000000,0.000000,0.000000,0.000000,0.000000
9.439156,0.000000,0.000000,0.000000,0.000000,0.000000,0.000000
9.449156,0.000000,0.000000,0.000000,0.000000,0.000000,0.000000
9.459156,0.000000,0.000000,0.000000,0.000000,0.000000,0.000000
9.469156,0.000000,0.000000,0.000000,0.000000,0.000000,0.000000
9.479156,0.000000,0.000000,0.000000,0.000000,0.000000,0.000000
9.489156,0.000000,0.000000,0.000000,0.000000,0.000000,0.000000
9.499156,0.000000,0.000000,0.000000,0.000000,0.000000,0.000000
9.509156,0.000000,0.000000,0.000000,0.000000,0.000000,0.000000
9.519156,0.000000,0.000000,0.000000,0.000000,0.000000,0.000000
9.529156,0.000000,0.000000,0.000000,0.000000,0.000000,0.000000
9.539156,0.000000,0.000000,0.000000,0.000000,0.000000,0.000000
9.549156,0.000000,0.000000,0.000000,0.000000,0.000000,0.000000
9.559156,0.000000,0.000000,0.000000,0.000000,0.000000,0.000000
9.569156,0.000000,0.000000,0.000000,0.000000,0.000000,0.000000
9.579156,0.000000,0.000000,0.000000,0.000000,0.000000,0.000000
9.589156,0.000000,0.000000,0.000000,0.000000,0.000000,0.000000
9.599156,0.000000,0.000000,0.000000,0.000000,0.000000,0.000000
9.609156,0.000000,0.000000,0.000000,0.000000,0.000000,0.000000
9.619156,0.000000,0.000000,0.000000,0.000000,0.000000,0.000000
9.629156,0.000000,0.000000,0.000000,0.000000,0.000000,0.000000
9.639156,0.000000,0.000000,0.000000,0.000000,0.000000,0.000000
9.649156,0.000000,0.000000,0.000000,0.000000,0.000000,0.000000
9.659156,0.000000,0.000000,0.000000,0.000000,0.000000,0.000000
9.669156,0.000000,0.000000,0.000000,0.000000,0.000000,0.000000
9.679156,0.000000,0.000000,0.000000,0.000000,0.000000,0.000000
9.689156,0.000000,0.000000,0.000000,0.000000,0.000000,0.000000
9.699156,0.000000,0.000000,0.000000,0.000000,0.000000,0.000000
9.709156,0.000000,0.000000,0.000000,0.000000,0.000000,0.000000
9.719156,0.000000,0.000000,0.000000,0.000000,0.000000,0.000000
9.729156,0.000000,0.000000,0.000000,0.000000,0.000000,0.000000
9.739156,0.000000,0.000000,0.000000,0.000000,0.000000,0.000000
9.749156,0.000000,0.000000,0.000000,0.000000,0.000000,0.000000
9.759156,0.000000,0.000000,0.000000,0.000000,0.000000,0.000000
9.769156,0.000000,0.000000,0.000000,0.000000,0.000000,0.000000
9.779156,0.000000,0.000000,0.000000,0.000000,0.000000,0.000000
9.789156,0.000000,0.000000,0.000000,0.000000,0.000000,0.000000
9.799156,0.000000,0.000000,0.000000,0.000000,0.000000,0.000000
9.809156,0.000000,0.000000,0.000000,0.000000,0.000000,0.000000
9.819156,0.000000,0.000000,0.000000,0.000000,0.000000,0.000000
9.829156,0.000000,0.000000,0.000000,0.000000,0.000000,0.000000
9.839156,0.000000,0.000000,0.000000,0.000000,0.000000,0.000000
9.849156,0.000000,0.000000,0.000000,0.000000,0.000000,0.000000
9.859156,0.000000,0.000000,0.000000,0.000000,0.000000,0.000000
9.869156,0.000000,0.000000,0.000000,0.000000,0.000000,0.000000
9.879156,0.000000,0.000000,0.000000,0.000000,0.000000,0.000000
9.889156,0.000000,0.000000,0.000000,0.000000,0.000000,0.000000
9.899156,0.000000,0.000000,0.000000,0.000000,0.000000,0.000000
9.909156,0.000000,0.000000,0.000000,0.000000,0.000000,0.000000
9.919156,0.000000,0.000000,0.000000,0.000000,0.000000,0.000000
9.929156,0.000000,0.000000,0.000000,0.000000,0.000000,0.000000
9.939156,0.000000,0.000000,0.000000,0.000000,0.000000,0.000000
9.949156,0.000000,0.000000,0.000000,0.000000,0.000000,0.000000
9.959156,0.000000,0.000000,0.000000,0.000000,0.000000,0.000000
9.969156,0.000000,0.000000,0.000000,0.000000,0.000000,0.000000
9.979156,0.000000,0.000000,0.000000,0.000000,0.000000,0.000000
9.989156,0.000000,0.000000,0.000000,0.000000,0.000000,0.000000
9.999156,0.000000,0.000000,0.000000,0.000000,0.000000,0.000000
10.009156,0.000000,0.000000,0.000000,0.000000,0.000000,0.000000
10.019156,0.000000,0.000000,0.000000,0.000000,0.000000,0.000000
10.029156,0.000000,0.000000,0.000000,0.000000,0.000000,0.000000
10.039156,0.000000,0.000000,0.000000,0.000000,0.000000,0.000000
10.049156,0.000000,0.000000,0.000000,0.000000,0.000000,0.000000
10.059156,0.000000,0.000000,0.000000,0.000000,0.000000,0.000000
10.069156,0.000000,0.000000,0.000000,0.000000,0.000000,0.000000
10.079156,0.000000,0.000000,0.000000,0.000000,0.000000,0.000000
10.089156,0.000000,0.000000,0.000000,0.000000,0.000000,0.000000
10.099156,0.000000,0.000000,0.000000,0.000000,0.000000,0.000000
10.109156,0.000000,0.000000,0.000000,0.000000,0.000000,0.000000
10.119156,0.000000,0.000000,0.000000,0.000000,0.000000,0.000000
10.129156,0.000000,0.000000,0.000000,0.000000,0.000000,0.000000
10.139156,0.000000,0.000000,0.000000,0.000000,0.000000,0.000000
10.149156,0.000000,0.000000,0.000000,0.000000,0.000000,0.000000
10.159156,0.000000,0.000000,0.000000,0.000000,0.000000,0.000000
10.169156,0.000000,0.000000,0.000000,0.000000,0.000000,0.000000
10.179156,0.000000,0.000000,0.000000,0.000000,0.000000,0.000000
10.189156,0.000000,0.000000,0.000000,0.000000,0.000000,0.000000
10.199156,0.000000,0.000000,0.000000,0.000000,0.000000,0.000000
10.209156,0.000000,0.000000,0.000000,0.000000,0.000000,0.000000
10.219156,0.000000,0.000000,0.000000,0.000000,0.000000,0.000000
10.229156,0.000000,0.000000,0.000000,0.000000,0.000000,0.000000
10.239156,0.000000,0.000000,0.000000,0.000000,0.000000,0.000000
10.249156,0.000000,0.000000,0.000000,0.000000,0.000000,0.000000
10.259156,0.000000,0.000000,0.000000,0.000000,0.000000,0.000000
10.269156,0.000000,0.000000,0.000000,0.000000,0.000000,0.000000
10.279156,0.000000,0.000000,0.000000,0.000000,0.000000,0.000000
10.289156,0.000000,0.000000,0.000000,0.000000,0.000000,0.000000
10.299156,0.000000,0.000000,0.000000,0.000000,0.000000,0.000000
10.309156,0.000000,0.000000,0.000000,0.000000,0.000000,0.000000
10.319156,0.000000,0.000000,0.000000,0.000000,0.000000,0.000000
10.329156,0.000000,0.000000,0.000000,0.000000,0.000000,0.000000
10.339156,0.000000,0.000000,0.000000,0.000000,0.000000,0.000000
10.349156,0.000000,0.000000,0.000000,0.000000,0.000000,0.000000
10.359156,0.000000,0.000000,0.000000,0.000000,0.000000,0.000000
10.369156,0.000000,0.000000,0.000000,0.000000,0.000000,0.000000
10.379156,0.000000,0.000000,0.000000,0.000000,0.000000,0.000000
10.389156,0.000000,0.000000,0.000000,0.000000,0.000000,0.000000
10.399156,0.000000,0.000000,0.000000,0.000000,0.000000,0.000000
10.409156,0.000000,0.000000,0.000000,0.000000,0.000000,0.000000
10.419156,0.000000,0.000000,0.000000,0.000000,0.000000,0.000000
10.429156,0.000000,0.000000,0.000000,0.000000,0.000000,0.000000
10.439156,0.000000,0.000000,0.000000,0.000000,0.000000,0.000000
10.449156,0.000000,0.000000,0.000000,0.000000,0.000000,0.000000
10.459156,0.000000,0.000000,0.000000,0.000000,0.000000,0.000000
10.469156,0.000000,0.000000,0.000000,0.000000,0.000000,0.000000
10.479156,0.000000,0.000000,0.000000,0.000000,0.000000,0.000000
10.489156,0.000000,0.000000,0.000000,0.000000,0.000000,0.000000
10.499156,0.000000,0.000000,0.000000,0.000000,0.000000,0.000000
10.509156,0.000000,0.000000,0.000000,0.000000,0.000000,0.000000
10.519156,0.000000,0.000000,0.000000,0.000000,0.000000,0.000000
10.529156,0.000000,0.000000,0.000000,0.000000,0.000000,0.000000
10.539156,0.000000,0.000000,0.000000,0.000000,0.000000,0.000000
10.549156,0.000000,0.000000,0.000000,0.000000,0.000000,0.000000
10.559156,0.000000,0.000000,0.000000,0.000000,0.000000,0.000000
10.569156,0.000000,0.000000,0.000000,0.000000,0.000000,0.000000
10.579156,0.000000,0.000000,0.000000,0.000000,0.000000,0.000000
10.589156,0.000000,0.000000,0.000000,0.000000,0.000000,0.000000
10.599156,0.000000,0.000000,0.000000,0.000000,0.000000,0.000000
10.609156,0.000000,0.000000,0.000000,0.000000,0.000000,0.000000
10.619156,0.000000,0.000000,0.000000,0.000000,0.000000,0.000000
10.629156,0.000000,0.000000,0.000000,0.000000,0.000000,0.000000
10.639156,0.000000,0.000000,0.000000,0.000000,0.000000,0.000000
10.649156,0.000000,0.000000,0.000000,0.000000,0.000000,0.000000
10.659156,0.000000,0.000000,0.000000,0.000000,0.000000,0.000000
10.669156,0.000000,0.000000,0.000000,0.000000,0.000000,0.000000
10.679156,0.000000,0.000000,0.000000,0.000000,0.000000,0.000000
10.689156,0.000000,0.000000,0.000000,0.000000,0.000000,0.000000
10.699156,0.000000,0.000000,0.000000,0.000000,0.000000,0.000000
10.709156,0.000000,0.000000,0.000000,0.000000,0.000000,0.000000
10.719156,0.000000,0.000000,0.000000,0.000000,0.000000,0.000000
10.729156,0.000000,0.000000,0.000000,0.000000,0.000000,0.000000
10.739156,0.000000,0.000000,0.000000,0.000000,0.000000,0.000000
10.749156,0.000000,0.000000,0.000000,0.000000,0.000000,0.000000
10.759156,0.000000,0.000000,0.000000,0.000000,0.000000,0.000000
10.769156,0.000000,0.000000,0.000000,0.000000,0.000000,0.000000
10.779156,0.000000,0.000000,0.000000,0.000000,0.000000,0.000000
10.789156,0.000000,0.000000,0.000000,0.000000,0.000000,0.000000
10.799156,0.000000,0.000000,0.000000,0.000000,0.000000,0.000000
10.809156,0.000000,0.000000,0.000000,0.000000,0.000000,0.000000
10.819156,0.000000,0.000000,0.000000,0.000000,0.000000,0.000000
10.829156,0.000000,0.000000,0.000000,0.000000,0.000000,0.000000
10.839156,0.000000,0.000000,0.000000,0.000000,0.000000,0.000000
10.849156,0.000000,0.000000,0.000000,0.000000,0.000000,0.000000
10.859156,0.000000,0.000000,0.000000,0.000000,0.000000,0.000000
10.869156,0.000000,0.000000,0.000000,0.000000,0.000000,0.000000
10.879156,0.000000,0.000000,0.000000,0.000000,0.000000,0.000000
10.889156,0.000000,0.000000,0.000000,0.000000,0.000000,0.000000
10.899156,0.000000,0.000000,0.000000,0.000000,0.000000,0.000000
10.909156,0.000000,0.000000,0.000000,0.000000,0.000000,0.000000
10.919156,0.000000,0.000000,0.000000,0.000000,0.000000,0.000000
10.929156,0.000000,0.000000,0.000000,0.000000,0.000000,0.000000
10.939156,0.000000,0.000000,0.000000,0.000000,0.000000,0.000000
10.949156,0.000000,0.000000,0.000000,0.000000,0.000000,0.000000
10.959156,0.000000,0.000000,0.000000,0.000000,0.000000,0.000000
10.969156,0.000000,0.000000,0.000000,0.000000,0.000000,0.000000
10.979156,0.000000,0.000000,0.000000,0.000000,0.000000,0.000000
10.989156,0.000000,0.000000,0.000000,0.000000,0.000000,0.000000
10.999156,0.000000,0.000000,0.000000,0.000000,0.000000,0.000000
11.009156,0.000000,0.000000,0.000000,0.000000,0.000000,0.000000
11.019156,0.000000,0.000000,0.000000,0.000000,0.000000,0.000000
11.029156,0.000000,0.000000,0.000000,0.000000,0.000000,0.000000
11.039156,0.000000,0.000000,0.000000,0.000000,0.000000,0.000000
11.049156,0.000000,0.000000,0.000000,0.000000,0.000000,0.000000
11.059156,0.000000,0.000000,0.000000,0.000000,0.000000,0.000000
11.069156,0.000000,0.000000,0.000000,0.000000,0.000000,0.000000
11.079156,0.000000,0.000000,0.000000,0.000000,0.000000,0.000000
11.089156,0.000000,0.000000,0.000000,0.000000,0.000000,0.000000
11.099156,0.000000,0.000000,0.000000,0.000000,0.000000,0.000000
11.109156,0.000000,0.000000,0.000000,0.000000,0.000000,0.000000
11.119156,0.000000,0.000000,0.000000,0.000000,0.000000,0.000000
11.129156,0.000000,0.000000,0.000000,0.000000,0.000000,0.000000
11.139156,0.000000,0.000000,0.000000,0.000000,0.000000,0.000000
11.149156,0.000000,0.000000,0.000000,0.000000,0.000000,0.000000
11.159156,0.000000,0.000000,0.000000,0.000000,0.000000,0.000000
11.169156,0.000000,0.000000,0.000000,0.000000,0.000000,0.000000
11.179156,0.000000,0.000000,0.000000,0.000000,0.000000,0.000000
11.189156,0.000000,0.000000,0.000000,0.000000,0.000000,0.000000
11.199156,0.000000,0.000000,0.000000,0.000000,0.000000,0.000000
11.209156,0.000000,0.000000,0.000000,0.000000,0.000000,0.000000
11.219156,0.000000,0.000000,0.000000,0.000000,0.000000,0.000000
11.229156,0.000000,0.000000,0.000000,0.000000,0.000000,0.000000
11.239156,0.000000,0.000000,0.000000,0.000000,0.000000,0.000000
11.249156,0.000000,0.000000,0.000000,0.000000,0.000000,0.000000
11.259156,0.000000,0.000000,0.000000,0.000000,0.000000,0.000000
11.269156,0.000000,0.000000,0.000000,0.000000,0.000000,0.000000
11.279156,0.000000,0.000000,0.000000,0.000000,0.000000,0.000000
11.289156,0.000000,0.000000,0.000000,0.000000,0.000000,0.000000
11.299156,0.000000,0.000000,0.000000,0.000000,0.000000,0.000000
11.309156,0.000000,0.000000,0.000000,0.000000,0.000000,0.000000
11.319156,0.000000,0.000000,0.000000,0.000000,0.000000,0.000000
11.329156,0.000000,0.000000,0.000000,0.000000,0.000000,0.000000
11.339156,0.000000,0.000000,0.000000,0.000000,0.000000,0.000000
11.349156,0.000000,0.000000,0.000000,0.000000,0.000000,0.000000
11.359156,0.000000,0.000000,0.000000,0.000000,0.000000,0.000000
11.369156,0.000000,0.000000,0.000000,0.000000,0.000000,0.000000
11.379156,0.000000,0.000000,0.000000,0.000000,0.000000,0.000000
11.389156,0.000000,0.000000,0.000000,0.000000,0.000000,0.000000
11.399156,0.000000,0.000000,0.000000,0.000000,0.000000,0.000000
11.409156,0.000000,0.000000,0.000000,0.000000,0.000000,0.000000
11.419156,0.000000,0.000000,0.000000,0.000000,0.000000,0.000000
11.429156,0.000000,0.000000,0.000000,0.000000,0.000000,0.000000
11.439156,0.000000,0.000000,0.000000,0.000000,0.000000,0.000000
11.449156,0.000000,0.000000,0.000000,0.000000,0.000000,0.000000
11.459156,0.000000,0.000000,0.000000,0.000000,0.000000,0.000000
11.469156,0.000000,0.000000,0.000000,0.000000,0.000000,0.000000
11.479156,0.000000,0.000000,0.000000,0.000000,0.000000,0.000000
11.489156,0.000000,0.000000,0.000000,0.000000,0.000000,0.000000
11.499156,0.000000,0.000000,0.000000,0.000000,0.000000,0.000000
11.509156,0.000000,0.000000,0.000000,0.000000,0.000000,0.000000
11.519156,0.000000,0.000000,0.000000,0.000000,0.000000,0.000000
11.529156,0.000000,0.000000,0.000000,0.000000,0.000000,0.000000
11.539156,0.000000,0.000000,0.000000,0.000000,0.000000,0.000000
11.549156,0.000000,0.000000,0.000000,0.000000,0.000000,0.000000
11.559156,0.000000,0.000000,0.000000,0.000000,0.000000,0.000000
11.569156,0.000000,0.000000,0.000000,0.000000,0.000000,0.000000
11.579156,0.000000,0.000000,0.000000,0.000000,0.000000,0.000000
11.589156,0.000000,0.000000,0.000000,0.000000,0.000000,0.000000
11.599156,0.000000,0.000000,0.000000,0.000000,0.000000,0.000000
11.609156,0.000000,0.000000,0.000000,0.000000,0.000000,0.000000
11.619156,0.000000,0.000000,0.000000,0.000000,0.000000,0.000000
11.629156,0.000000,0.000000,0.000000,0.000000,0.000000,0.000000
11.639156,0.000000,0.000000,0.000000,0.000000,0.000000,0.000000
11.649156,0.000000,0.000000,0.000000,0.000000,0.000000,0.000000
11.659156,0.000000,0.000000,0.000000,0.000000,0.000000,0.000000
11.669156,0.000000,0.000000,0.000000,0.000000,0.000000,0.000000
11.679156,0.000000,0.000000,0.000000,0.000000,0.000000,0.000000
11.689156,0.000000,0.000000,0.000000,0.000000,0.000000,0.000000
11.699156,0.000000,0.000000,0.000000,0.000000,0.000000,0.000000
11.709156,0.000000,0.000000,0.000000,0.000000,0.000000,0.000000
11.719156,0.000000,0.000000,0.000000,0.000000,0.000000,0.000000
11.729156,0.000000,0.000000,0.000000,0.000000,0.000000,0.000000
11.739156,0.000000,0.000000,0.000000,0.000000,0.000000,0.000000
11.749156,0.000000,0.000000,0.000000,0.000000,0.000000,0.000000
11.759156,0.000000,0.000000,0.000000,0.000000,0.000000,0.000000
11.769156,0.000000,0.000000,0.000000,0.000000,0.000000,0.000000
11.779156,0.000000,0.000000,0.000000,0.000000,0.000000,0.000000
11.789156,0.000000,0.000000,0.000000,0.000000,0.000000,0.000000
11.799156,0.000000,0.000000,0.000000,0.000000,0.000000,0.000000
11.809156,0.000000,0.000000,0.000000,0.000000,0.000000,0.000000
11.819156,0.000000,0.000000,0.000000,0.000000,0.000000,0.000000
11.829156,0.000000,0.000000,0.000000,0.000000,0.000000,0.000000
11.839156,0.000000,0.000000,0.000000,0.000000,0.000000,0.000000
11.849156,0.000000,0.000000,0.000000,0.000000,0.000000,0.000000
11.859156,0.000000,0.000000,0.000000,0.000000,0.000000,0.000000
11.869156,0.000000,0.000000,0.000000,0.000000,0.000000,0.000000
11.879156,0.000000,0.000000,0.000000,0.000000,0.000000,0.000000
11.889156,0.000000,0.000000,0.000000,0.000000,0.000000,0.000000
11.899156,0.000000,0.000000,0.000000,0.000000,0.000000,0.000000
11.909156,0.000000,0.000000,0.000000,0.000000,0.000000,0.000000
11.919156,0.000000,0.000000,0.000000,0.000000,0.000000,0.000000
11.929156,0.000000,0.000000,0.000000,0.000000,0.000000,0.000000
11.939156,0.000000,0.000000,0.000000,0.000000,0.000000,0.000000
11.949156,0.000000,0.000000,0.000000,0.000000,0.000000,0.000000
11.959156,0.000000,0.000000,0.000000,0.000000,0.000000,0.000000
11.969156,0.000000,0.000000,0.000000,0.000000,0.000000,0.000000
11.979156,0.000000,0.000000,0.000000,0.000000,0.000000,0.000000
11.989156,0.000000,0.000000,0.000000,0.000000,0.000000,0.000000
11.999156,0.000000,0.000000,0.000000,0.000000,0.000000,0.000000
12.009156,0.000000,0.000000,0.000000,0.000000,0.000000,0.000000
12.019156,0.000000,0.000000,0.000000,0.000000,0.000000,0.000000
12.029156,0.000000,0.000000,0.000000,0.000000,0.000000,0.000000
12.039156,0.000000,0.000000,0.000000,0.000000,0.000000,0.000000
12.049156,0.000000,0.000000,0.000000,0.000000,0.000000,0.000000
12.059156,0.000000,0.000000,0.000000,0.000000,0.000000,0.000000
12.069156,0.000000,0.000000,0.000000,0.000000,0.000000,0.000000
12.079156,0.000000,0.000000,0.000000,0.000000,0.000000,0.000000
12.089156,0.000000,0.000000,0.000000,0.000000,0.000000,0.000000
12.099156,0.000000,0.000000,0.000000,0.000000,0.000000,0.000000
12.109156,0.000000,0.000000,0.000000,0.000000,0.000000,0.000000
12.119156,0.000000,0.000000,0.000000,0.000000,0.000000,0.000000
12.129156,0.000000,0.000000,0.000000,0.000000,0.000000,0.000000
12.139156,0.000000,0.000000,0.000000,0.000000,0.000000,0.000000
12.149156,0.000000,0.000000,0.000000,0.000000,0.000000,0.000000
12.159156,0.000000,0.000000,0.000000,0.000000,0.000000,0.000000
12.169156,0.000000,0.000000,0.000000,0.000000,0.000000,0.000000
12.179156,0.000000,0.000000,0.000000,0.000000,0.000000,0.000000
12.189156,0.000000,0.000000,0.000000,0.000000,0.000000,0.000000
12.199156,0.000000,0.000000,0.000000,0.000000,0.000000,0.000000
12.209156,0.000000,0.000000,0.000000,0.000000,0.000000,0.000000
12.219156,0.000000,0.000000,0.000000,0.000000,0.000000,0.000000
12.229156,0.000000,0.000000,0.000000,0.000000,0.000000,0.000000
12.239156,0.000000,0.000000,0.000000,0.000000,0.000000,0.000000
12.249156,0.000000,0.000000,0.000000,0.000000,0.000000,0.000000
12.259156,0.000000,0.000000,0.000000,0.000000,0.000000,0.000000
12.269156,0.000000,0.000000,0.000000,0.000000,0.000000,0.000000
12.279156,0.000000,0.000000,0.000000,0.000000,0.000000,0.000000
12.289156,0.000000,0.000000,0.000000,0.000000,0.000000,0.000000
12.299156,0.000000,0.000000,0.000000,0.000000,0.000000,0.000000
12.309156,0.000000,0.000000,0.000000,0.000000,0.000000,0.000000
12.319156,0.000000,0.000000,0.000000,0.000000,0.000000,0.000000
12.329156,0.000000,0.000000,0.000000,0.000000,0.000000,0.000000
12.339156,0.000000,0.000000,0.000000,0.000000,0.000000,0.000000
12.349156,0.000000,0.000000,0.000000,0.000000,0.000000,0.000000
12.359156,0.000000,0.000000,0.000000,0.000000,0.000000,0.000000
12.369156,0.000000,0.000000,0.000000,0.000000,0.000000,0.000000
12.379156,0.000000,0.000000,0.000000,0.000000,0.000000,0.000000
12.389156,0.000000,0.000000,0.000000,0.000000,0.000000,0.000000
12.399156,0.000000,0.000000,0.000000,0.000000,0.000000,0.000000
12.409156,0.000000,0.000000,0.000000,0.000000,0.000000,0.000000
12.419156,0.000000,0.000000,0.000000,0.000000,0.000000,0.000000
12.429156,0.000000,0.000000,0.000000,0.000000,0.000000,0.000000
12.439156,0.000000,0.000000,0.000000,0.000000,0.000000,0.000000
12.449156,0.000000,0.000000,0.000000,0.000000,0.000000,0.000000
12.459156,0.000000,0.000000,0.000000,0.000000,0.000000,0.000000
12.469156,0.000000,0.000000,0.000000,0.000000,0.000000,0.000000
12.479156,0.000000,0.000000,0.000000,0.000000,0.000000,0.000000
12.489156,0.000000,0.000000,0.000000,0.000000,0.000000,0.000000
12.499156,0.000000,0.000000,0.000000,0.000000,0.000000,0.000000
12.509156,0.000000,0.000000,0.000000,0.000000,0.000000,0.000000
12.519156,0.000000,0.000000,0.000000,0.000000,0.000000,0.000000
12.529156,0.000000,0.000000,0.000000,0.000000,0.000000,0.000000
12.539156,0.000000,0.000000,0.000000,0.000000,0.000000,0.000000
12.549156,0.000000,0.000000,0.000000,0.000000,0.000000,0.000000
12.559156,0.000000,0.000000,0.000000,0.000000,0.000000,0.000000
12.569156,0.000000,0.000000,0.000000,0.000000,0.000000,0.000000
12.579156,0.000000,0.000000,0.000000,0.000000,0.000000,0.000000
12.589156,0.000000,0.000000,0.000000,0.000000,0.000000,0.000000
12.599156,0.000000,0.000000,0.000000,0.000000,0.000000,0.000000
12.609156,0.000000,0.000000,0.000000,0.000000,0.000000,0.000000
12.619156,0.000000,0.000000,0.000000,0.000000,0.000000,0.000000
12.629156,0.000000,0.000000,0.000000,0.000000,0.000000,0.000000
12.639156,0.000000,0.000000,0.000000,0.000000,0.000000,0.000000
12.649156,0.000000,0.000000,0.000000,0.000000,0.000000,0.000000
12.659156,0.000000,0.000000,0.000000,0.000000,0.000000,0.000000
12.669156,0.000000,0.000000,0.000000,0.000000,0.000000,0.000000
12.679156,0.000000,0.000000,0.000000,0.000000,0.000000,0.000000
12.689156,0.000000,0.000000,0.000000,0.000000,0.000000,0.000000
12.699156,0.000000,0.000000,0.000000,0.000000,0.000000,0.000000
12.709156,0.000000,0.000000,0.000000,0.000000,0.000000,0.000000
12.719156,0.000000,0.000000,0.000000,0.000000,0.000000,0.000000
12.729156,0.000000,0.000000,0.000000,0.000000,0.000000,0.000000
12.739156,0.000000,0.000000,0.000000,0.000000,0.000000,0.000000
12.749156,0.000000,0.000000,0.000000,0.000000,0.000000,0.000000
12.759156,0.000000,0.000000,0.000000,0.000000,0.000000,0.000000
12.769156,0.000000,0.000000,0.000000,0.000000,0.000000,0.000000
12.779156,0.000000,0.000000,0.000000,0.000000,0.000000,0.000000
12.789156,0.000000,0.000000,0.000000,0.000000,0.000000,0.000000
12.799156,0.000000,0.000000,0.000000,0.000000,0.000000,0.000000
12.809156,0.000000,0.000000,0.000000,0.000000,0.000000,0.000000
12.819156,0.000000,0.000000,0.000000,0.000000,0.000000,0.000000
12.829156,0.000000,0.000000,0.000000,0.000000,0.000000,0.000000
12.839156,0.000000,0.000000,0.000000,0.000000,0.000000,0.000000
12.849156,0.000000,0.000000,0.000000,0.000000,0.000000,0.000000
12.859156,0.000000,0.000000,0.000000,0.000000,0.000000,0.000000
12.869156,0.000000,0.000000,0.000000,0.000000,0.000000,0.000000
12.879156,0.000000,0.000000,0.000000,0.000000,0.000000,0.000000
12.889156,0.000000,0.000000,0.000000,0.000000,0.000000,0.000000
12.899156,0.000000,0.000000,0.000000,0.000000,0.000000,0.000000
12.909156,0.000000,0.000000,0.000000,0.000000,0.000000,0.000000
12.919156,0.000000,0.000000,0.000000,0.000000,0.000000,0.000000
12.929156,0.000000,0.000000,0.000000,0.000000,0.000000,0.000000
12.939156,0.000000,0.000000,0.000000,0.000000,0.000000,0.000000
12.949156,0.000000,0.000000,0.000000,0.000000,0.000000,0.000000
12.959156,0.000000,0.000000,0.000000,0.000000,0.000000,0.000000
12.969156,0.000000,0.000000,0.000000,0.000000,0.000000,0.000000
12.979156,0.000000,0.000000,0.000000,0.000000,0.000000,0.000000
12.989156,0.000000,0.000000,0.000000,0.000000,0.000000,0.000000
12.999156,0.000000,0.000000,0.000000,0.000000,0.000000,0.000000
13.009156,0.000000,0.000000,0.000000,0.000000,0.000000,0.000000
13.019156,0.000000,0.000000,0.000000,0.000000,0.000000,0.000000
13.029156,0.000000,0.000000,0.000000,0.000000,0.000000,0.000000
13.039156,0.000000,0.000000,0.000000,0.000000,0.000000,0.000000
13.049156,0.000000,0.000000,0.000000,0.000000,0.000000,0.000000
13.059156,0.000000,0.000000,0.000000,0.000000,0.000000,0.000000
13.069156,0.000000,0.000000,0.000000,0.000000,0.000000,0.000000
13.079156,0.000000,0.000000,0.000000,0.000000,0.000000,0.000000
13.089156,0.000000,0.000000,0.000000,0.000000,0.000000,0.000000
13.099156,0.000000,0.000000,0.000000,0.000000,0.000000,0.000000
13.109156,0.000000,0.000000,0.000000,0.000000,0.000000,0.000000
13.119156,0.000000,0.000000,0.000000,0.000000,0.000000,0.000000
13.129156,0.000000,0.000000,0.000000,0.000000,0.000000,0.000000
13.139156,0.000000,0.000000,0.000000,0.000000,0.000000,0.000000
13.149156,0.000000,0.000000,0.000000,0.000000,0.000000,0.000000
13.159156,0.000000,0.000000,0.000000,0.000000,0.000000,0.000000
13.169156,0.000000,0.000000,0.000000,0.000000,0.000000,0.000000
13.179156,0.000000,0.000000,0.000000,0.000000,0.000000,0.000000
13.189156,0.000000,0.000000,0.000000,0.000000,0.000000,0.000000
13.199156,0.000000,0.000000,0.000000,0.000000,0.000000,0.000000
13.209156,0.000000,0.000000,0.000000,0.000000,0.000000,0.000000
13.219156,0.000000,0.000000,0.000000,0.000000,0.000000,0.000000
13.229156,0.000000,0.000000,0.000000,0.000000,0.000000,0.000000
13.239156,0.000000,0.000000,0.000000,0.000000,0.000000,0.000000
13.249156,0.000000,0.000000,0.000000,0.000000,0.000000,0.000000
13.259156,0.000000,0.000000,0.000000,0.000000,0.000000,0.000000
13.269156,0.000000,0.000000,0.000000,0.000000,0.000000,0.000000
13.279156,0.000000,0.000000,0.000000,0.000000,0.000000,0.000000
13.289156,0.000000,0.000000,0.000000,0.000000,0.000000,0.000000
13.299156,0.000000,0.000000,0.000000,0.000000,0.000000,0.000000
13.309156,0.000000,0.000000,0.000000,0.000000,0.000000,0.000000
13.319156,0.000000,0.000000,0.000000,0.000000,0.000000,0.000000
13.329156,0.000000,0.000000,0.000000,0.000000,0.000000,0.000000
13.339156,0.000000,0.000000,0.000000,0.000000,0.000000,0.000000
13.349156,0.000000,0.000000,0.000000,0.000000,0.000000,0.000000
13.359156,0.000000,0.000000,0.000000,0.000000,0.000000,0.000000
13.369156,0.000000,0.000000,0.000000,0.000000,0.000000,0.000000
13.379156,0.000000,0.000000,0.000000,0.000000,0.000000,0.000000
13.389156,0.000000,0.000000,0.000000,0.000000,0.000000,0.000000
13.399156,0.000000,0.000000,0.000000,0.000000,0.000000,0.000000
13.409156,0.000000,0.000000,0.000000,0.000000,0.000000,0.000000
13.419156,0.000000,0.000000,0.000000,0.000000,0.000000,0.000000
13.429156,0.000000,0.000000,0.000000,0.000000,0.000000,0.000000
13.439156,0.000000,0.000000,0.000000,0.000000,0.000000,0.000000
13.449156,0.000000,0.000000,0.000000,0.000000,0.000000,0.000000
13.459156,0.000000,0.000000,0.000000,0.000000,0.000000,0.000000
13.469156,0.000000,0.000000,0.000000,0.000000,0.000000,0.000000
13.479156,0.000000,0.000000,0.000000,0.000000,0.000000,0.000000
13.489156,0.000000,0.000000,0.000000,0.000000,0.000000,0.000000
13.499156,0.000000,0.000000,0.000000,0.000000,0.000000,0.000000
13.509156,0.000000,0.000000,0.000000,0.000000,0.000000,0.000000
13.519156,0.000000,0.000000,0.000000,0.000000,0.000000,0.000000
13.529156,0.000000,0.000000,0.000000,0.000000,0.000000,0.000000
13.539156,0.000000,0.000000,0.000000,0.000000,0.000000,0.000000
13.549156,0.000000,0.000000,0.000000,0.000000,0.000000,0.000000
13.559156,0.000000,0.000000,0.000000,0.000000,0.000000,0.000000
13.569156,0.000000,0.000000,0.000000,0.000000,0.000000,0.000000
13.579156,0.000000,0.000000,0.000000,0.000000,0.000000,0.000000
13.589156,0.000000,0.000000,0.000000,0.000000,0.000000,0.000000
13.599156,0.000000,0.000000,0.000000,0.000000,0.000000,0.000000
13.609156,0.000000,0.000000,0.000000,0.000000,0.000000,0.000000
13.619156,0.000000,0.000000,0.000000,0.000000,0.000000,0.000000
13.629156,0.000000,0.000000,0.000000,0.000000,0.000000,0.000000
13.639156,0.000000,0.000000,0.000000,0.000000,0.000000,0.000000
13.649156,0.000000,0.000000,0.000000,0.000000,0.000000,0.000000
13.659156,0.000000,0.000000,0.000000,0.000000,0.000000,0.000000
13.669156,0.000000,0.000000,0.000000,0.000000,0.000000,0.000000
13.679156,0.000000,0.000000,0.000000,0.000000,0.000000,0.000000
13.689156,0.000000,0.000000,0.000000,0.000000,0.000000,0.000000
13.699156,0.000000,0.000000,0.000000,0.000000,0.000000,0.000000
13.709156,0.000000,0.000000,0.000000,0.000000,0.000000,0.000000
13.719156,0.000000,0.000000,0.000000,0.000000,0.000000,0.000000
13.729156,0.000000,0.000000,0.000000,0.000000,0.000000,0.000000
13.739156,0.000000,0.000000,0.000000,0.000000,0.000000,0.000000
13.749156,0.000000,0.000000,0.000000,0.000000,0.000000,0.000000
13.759156,0.000000,0.000000,0.000000,0.000000,0.000000,0.000000
13.769156,0.000000,0.000000,0.000000,0.000000,0.000000,0.000000
13.779156,0.000000,0.000000,0.000000,0.000000,0.000000,0.000000
13.789156,0.000000,0.000000,0.000000,0.000000,0.000000,0.000000
13.799156,0.000000,0.000000,0.000000,0.000000,0.000000,0.000000
13.809156,0.000000,0.000000,0.000000,0.000000,0.000000,0.000000
13.819156,0.000000,0.000000,0.000000,0.000000,0.000000,0.000000
13.829156,0.000000,0.000000,0.000000,0.000000,0.000000,0.000000
13.839156,0.000000,0.000000,0.000000,0.000000,0.000000,0.000000
13.849156,0.000000,0.000000,0.000000,0.000000,0.000000,0.000000
13.859156,0.000000,0.000000,0.000000,0.000000,0.000000,0.000000
13.869156,0.000000,0.000000,0.000000,0.000000,0.000000,0.000000
13.879156,0.000000,0.000000,0.000000,0.000000,0.000000,0.000000
13.889156,0.000000,0.000000,0.000000,0.000000,0.000000,0.000000
13.899156,0.000000,0.000000,0.000000,0.000000,0.000000,0.000000
13.909156,0.000000,0.000000,0.000000,0.000000,0.000000,0.000000
13.919156,0.000000,0.000000,0.000000,0.000000,0.000000,0.000000
13.929156,0.000000,0.000000,0.000000,0.000000,0.000000,0.000000
13.939156,0.000000,0.000000,0.000000,0.000000,0.000000,0.000000
13.949156,0.000000,0.000000,0.000000,0.000000,0.000000,0.000000
13.959156,0.000000,0.000000,0.000000,0.000000,0.000000,0.000000
13.969156,0.000000,0.000000,0.000000,0.000000,0.000000,0.000000
13.979156,0.000000,0.000000,0.000000,0.000000,0.000000,0.000000
13.989156,0.000000,0.000000,0.000000,0.000000,0.000000,0.000000
13.999156,0.000000,0.000000,0.000000,0.000000,0.000000,0.000000
14.009156,0.000000,0.000000,0.000000,0.000000,0.000000,0.000000
14.019156,0.000000,0.000000,0.000000,0.000000,0.000000,0.000000
14.029156,0.000000,0.000000,0.000000,0.000000,0.000000,0.000000
14.039156,0.000000,0.000000,0.000000,0.000000,0.000000,0.000000
14.049156,0.000000,0.000000,0.000000,0.000000,0.000000,0.000000
14.059156,0.000000,0.000000,0.000000,0.000000,0.000000,0.000000
14.069156,0.000000,0.000000,0.000000,0.000000,0.000000,0.000000
14.079156,0.000000,0.000000,0.000000,0.000000,0.000000,0.000000
14.089156,0.000000,0.000000,0.000000,0.000000,0.000000,0.000000
14.099156,0.000000,0.000000,0.000000,0.000000,0.000000,0.000000
14.109156,0.000000,0.000000,0.000000,0.000000,0.000000,0.000000
14.119156,0.000000,0.000000,0.000000,0.000000,0.000000,0.000000
14.129156,0.000000,0.000000,0.000000,0.000000,0.000000,0.000000
14.139156,0.000000,0.000000,0.000000,0.000000,0.000000,0.000000
14.149156,0.000000,0.000000,0.000000,0.000000,0.000000,0.000000
14.159156,0.000000,0.000000,0.000000,0.000000,0.000000,0.000000
14.169156,0.000000,0.000000,0.000000,0.000000,0.000000,0.000000
14.179156,0.000000,0.000000,0.000000,0.000000,0.000000,0.000000
14.189156,0.000000,0.000000,0.000000,0.000000,0.000000,0.000000
14.199156,0.000000,0.000000,0.000000,0.000000,0.000000,0.000000
14.209156,0.000000,0.000000,0.000000,0.000000,0.000000,0.000000
14.219156,0.000000,0.000000,0.000000,0.000000,0.000000,0.000000
14.229156,0.000000,0.000000,0.000000,0.000000,0.000000,0.000000
14.239156,0.000000,0.000000,0.000000,0.000000,0.000000,0.000000
14.249156,0.000000,0.000000,0.000000,0.000000,0.000000,0.000000
14.259156,0.000000,0.000000,0.000000,0.000000,0.000000,0.000000
14.269156,0.000000,0.000000,0.000000,0.000000,0.000000,0.000000
14.279156,0.000000,0.000000,0.000000,0.000000,0.000000,0.000000
14.289156,0.000000,0.000000,0.000000,0.000000,0.000000,0.000000
14.299156,0.000000,0.000000,0.000000,0.000000,0.000000,0.000000
14.309156,0.000000,0.000000,0.000000,0.000000,0.000000,0.000000
14.319156,0.000000,0.000000,0.000000,0.000000,0.000000,0.000000
14.329156,0.000000,0.000000,0.000000,0.000000,0.000000,0.000000
14.339156,0.000000,0.000000,0.000000,0.000000,0.000000,0.000000
14.349156,0.000000,0.000000,0.000000,0.000000,0.000000,0.000000
14.359156,0.000000,0.000000,0.000000,0.000000,0.000000,0.000000
14.369156,0.000000,0.000000,0.000000,0.000000,0.000000,0.000000
14.379156,0.000000,0.000000,0.000000,0.000000,0.000000,0.000000
14.389156,0.000000,0.000000,0.000000,0.000000,0.000000,0.000000
14.399156,0.000000,0.000000,0.000000,0.000000,0.000000,0.000000
14.409156,0.000000,0.000000,0.000000,0.000000,0.000000,0.000000
14.419156,0.000000,0.000000,0.000000,0.000000,0.000000,0.000000
14.429156,0.000000,0.000000,0.000000,0.000000,0.000000,0.000000
14.439156,0.000000,0.000000,0.000000,0.000000,0.000000,0.000000
14.449156,0.000000,0.000000,0.000000,0.000000,0.000000,0.000000
14.459156,0.000000,0.000000,0.000000,0.000000,0.000000,0.000000
14.469156,0.000000,0.000000,0.000000,0.000000,0.000000,0.000000
14.479156,0.000000,0.000000,0.000000,0.000000,0.000000,0.000000
14.489156,0.000000,0.000000,0.000000,0.000000,0.000000,0.000000
14.499156,0.000000,0.000000,0.000000,0.000000,0.000000,0.000000
14.509156,0.000000,0.000000,0.000000,0.000000,0.000000,0.000000
14.519156,0.000000,0.000000,0.000000,0.000000,0.000000,0.000000
14.529156,0.000000,0.000000,0.000000,0.000000,0.000000,0.000000
14.539156,0.000000,0.000000,0.000000,0.000000,0.000000,0.000000
14.549156,0.000000,0.000000,0.000000,0.000000,0.000000,0.000000
14.559156,0.000000,0.000000,0.000000,0.000000,0.000000,0.000000
14.569156,0.000000,0.000000,0.000000,0.000000,0.000000,0.000000
14.579156,0.000000,0.000000,0.000000,0.000000,0.000000,0.000000
14.589156,0.000000,0.000000,0.000000,0.000000,0.000000,0.000000
14.599156,0.000000,0.000000,0.000000,0.000000,0.000000,0.000000
14.609156,0.000000,0.000000,0.000000,0.000000,0.000000,0.000000
14.619156,0.000000,0.000000,0.000000,0.000000,0.000000,0.000000
14.629156,0.000000,0.000000,0.000000,0.000000,0.000000,0.000000
14.639156,0.000000,0.000000,0.000000,0.000000,0.000000,0.000000
14.649156,0.000000,0.000000,0.000000,0.000000,0.000000,0.000000
14.659156,0.000000,0.000000,0.000000,0.000000,0.000000,0.000000
14.669156,0.000000,0.000000,0.000000,0.000000,0.000000,0.000000
14.679156,0.000000,0.000000,0.000000,0.000000,0.000000,0.000000
14.689156,0.000000,0.000000,0.000000,0.000000,0.000000,0.000000
14.699156,0.000000,0.000000,0.000000,0.000000,0.000000,0.000000
14.709156,0.000000,0.000000,0.000000,0.000000,0.000000,0.000000
14.719156,0.000000,0.000000,0.000000,0.000000,0.000000,0.000000
14.729156,0.000000,0.000000,0.000000,0.000000,0.000000,0.000000
14.739156,0.000000,0.000000,0.000000,0.000000,0.000000,0.000000
14.749156,0.000000,0.000000,0.000000,0.000000,0.000000,0.000000
14.759156,0.000000,0.000000,0.000000,0.000000,0.000000,0.000000
14.769156,0.000000,0.000000,0.000000,0.000000,0.000000,0.000000
14.779156,0.000000,0.000000,0.000000,0.000000,0.000000,0.000000
14.789156,0.000000,0.000000,0.000000,0.000000,0.000000,0.000000
14.799156,0.000000,0.000000,0.000000,0.000000,0.000000,0.000000
14.809156,0.000000,0.000000,0.000000,0.000000,0.000000,0.000000
14.819156,0.000000,0.000000,0.000000,0.000000,0.000000,0.000000
14.829156,0.000000,0.000000,0.000000,0.000000,0.000000,0.000000
14.839156,0.000000,0.000000,0.000000,0.000000,0.000000,0.000000
14.849156,0.000000,0.000000,0.000000,0.000000,0.000000,0.000000
14.859156,0.000000,0.000000,0.000000,0.000000,0.000000,0.000000
14.869156,0.000000,0.000000,0.000000,0.000000,0.000000,0.000000
14.879156,0.000000,0.000000,0.000000,0.000000,0.000000,0.000000
14.889156,0.000000,0.000000,0.000000,0.000000,0.000000,0.000000
14.899156,0.000000,0.000000,0.000000,0.000000,0.000000,0.000000
14.909156,0.000000,0.000000,0.000000,0.000000,0.000000,0.000000
14.919156,0.000000,0.000000,0.000000,0.000000,0.000000,0.000000
14.929156,0.000000,0.000000,0.000000,0.000000,0.000000,0.000000
14.939156,0.000000,0.000000,0.000000,0.000000,0.000000,0.000000
14.949156,0.000000,0.000000,0.000000,0.000000,0.000000,0.000000
14.959156,0.000000,0.000000,0.000000,0.000000,0.000000,0.000000
14.969156,0.000000,0.000000,0.000000,0.000000,0.000000,0.000000
14.979156,0.000000,0.000000,0.000000,0.000000,0.000000,0.000000
14.989156,0.000000,0.000000,0.000000,0.000000,0.000000,0.000000
14.999156,0.000000,0.000000,0.000000,0.000000,0.000000,0.000000
15.009156,-0.001000,0.000000,0.000000,0.000000,0.000000,0.000000
15.019156,-0.001000,0.000000,0.000000,0.000000,0.000000,0.000000
15.029156,-0.002500,0.000000,0.000000,0.000000,0.000000,0.000000
15.039156,-0.002500,0.000000,0.000000,0.000000,0.000000,0.000000
15.049156,-0.002500,0.000000,0.000000,0.000000,0.000000,0.000000
15.059156,-0.004000,0.000000,0.000000,0.000000,0.000000,0.000000
15.069156,-0.004000,0.000000,0.000000,0.000000,0.000000,0.000000
15.079156,-0.004000,0.000000,0.000000,0.000000,0.000000,0.000000
15.089156,-0.005500,0.000000,0.000000,0.000000,0.000000,0.000000
15.099156,-0.005500,0.000000,0.000000,0.000000,0.000000,0.000000
15.109156,-0.005500,0.000000,0.000000,0.000000,0.000000,0.000000
15.119156,-0.007000,0.000000,0.000000,0.000000,0.000000,0.000000
15.129156,-0.007000,0.000000,0.000000,0.000000,0.000000,0.000000
15.139156,-0.007000,0.000000,0.000000,0.000000,0.000000,0.000000
15.149156,-0.008500,0.000000,0.000000,0.000000,0.000000,0.000000
15.159156,-0.008500,0.000000,0.000000,0.000000,0.000000,0.000000
15.169156,-0.008500,0.000000,0.000000,0.000000,0.000000,0.000000
15.179156,-0.009500,0.000000,0.000000,0.000000,0.000000,0.000000
15.189156,-0.009500,0.000000,0.000000,0.000000,0.000000,0.000000
15.199156,-0.009500,0.000000,0.000000,0.000000,0.000000,0.000000
15.209156,-0.011000,0.000000,0.000000,0.000000,0.000000,0.000000
15.219156,-0.011000,0.000000,0.000000,0.000000,0.000000,0.000000
15.229156,-0.012500,0.000000,0.000000,0.000000,0.000000,0.000000
15.239156,-0.012500,0.000000,0.000000,0.000000,0.000000,0.000000
15.249156,-0.012500,0.000000,0.000000,0.000000,0.000000,0.000000
15.259156,-0.012500,0.000000,0.000000,0.000000,0.000000,0.000000
15.269156,-0.013500,0.000000,0.000000,0.000000,0.000000,0.000000
15.279156,-0.015500,0.000000,0.000000,0.000000,0.000000,0.000000
15.289156,-0.015500,0.000000,0.000000,0.000000,0.000000,0.000000
15.299156,-0.015500,0.000000,0.000000,0.000000,0.000000,0.000000
15.309156,-0.015500,0.000000,0.000000,0.000000,0.000000,0.000000
15.319156,-0.016500,0.000000,0.000000,0.000000,0.000000,0.000000
15.329156,-0.016500,0.000000,0.000000,0.000000,0.000000,0.000000
15.339156,-0.018000,0.000000,0.000000,0.000000,0.000000,0.000000
15.349156,-0.018000,0.000000,0.000000,0.000000,0.000000,0.000000
15.359156,-0.018000,0.000000,0.000000,0.000000,0.000000,0.000000
15.369156,-0.019500,0.000000,0.000000,0.000000,0.000000,0.000000
15.379156,-0.019500,0.000000,0.000000,0.000000,0.000000,0.000000
15.389156,-0.019500,0.000000,0.000000,0.000000,0.000000,0.000000
15.399156,-0.021000,0.000000,0.000000,0.000000,0.000000,0.000000
15.409156,-0.021000,0.000000,0.000000,0.000000,0.000000,0.000000
15.419156,-0.021000,0.000000,0.000000,0.000000,0.000000,0.000000
15.429156,-0.022500,0.000000,0.000000,0.000000,0.000000,0.000000
15.439156,-0.022500,0.000000,0.000000,0.000000,0.000000,0.000000
15.449156,-0.022500,0.000000,0.000000,0.000000,0.000000,0.000000
15.459156,-0.024000,0.000000,0.000000,0.000000,0.000000,0.000000
15.469156,-0.024000,0.000000,0.000000,0.000000,0.000000,0.000000
15.479156,-0.024000,0.000000,0.000000,0.000000,0.000000,0.000000
15.489156,-0.025500,0.000000,0.000000,0.000000,0.000000,0.000000
15.499156,-0.025500,0.000000,0.000000,0.000000,0.000000,0.000000
15.509156,-0.025500,0.000000,0.000000,0.000000,0.000000,0.000000
15.519156,-0.026500,0.000000,0.000000,0.000000,0.000000,0.000000
15.529156,-0.026500,0.000000,0.000000,0.000000,0.000000,0.000000
15.539156,-0.028000,0.000000,0.000000,0.000000,0.000000,0.000000
15.549156,-0.028000,0.000000,0.000000,0.000000,0.000000,0.000000
15.559156,-0.028000,0.000000,0.000000,0.000000,0.000000,0.000000
15.569156,-0.029500,0.000000,0.000000,0.000000,0.000000,0.000000
15.579156,-0.029500,0.000000,0.000000,0.000000,0.000000,0.000000
15.589156,-0.029500,0.000000,0.000000,0.000000,0.000000,0.000000
15.599156,-0.031000,0.000000,0.000000,0.000000,0.000000,0.000000
15.609156,-0.031000,0.000000,0.000000,0.000000,0.000000,0.000000
15.619156,-0.031000,0.000000,0.000000,0.000000,0.000000,0.000000
15.629156,-0.032000,0.000000,0.000000,0.000000,0.000000,0.000000
15.639156,-0.032000,0.000000,0.000000,0.000000,0.000000,0.000000
15.649156,-0.033500,0.000000,0.000000,0.000000,0.000000,0.000000
15.659156,-0.033500,0.000000,0.000000,0.000000,0.000000,0.000000
15.669156,-0.033500,0.000000,0.000000,0.000000,0.000000,0.000000
15.679156,-0.035000,0.000000,0.000000,0.000000,0.000000,0.000000
15.689156,-0.035000,0.000000,0.000000,0.000000,0.000000,0.000000
15.699156,-0.035000,0.000000,0.000000,0.000000,0.000000,0.000000
15.709156,-0.036000,0.000000,0.000000,0.000000,0.000000,0.000000
15.719156,-0.036000,0.000000,0.000000,0.000000,0.000000,0.000000
15.729156,-0.037500,0.000000,0.000000,0.000000,0.000000,0.000000
15.739156,-0.037500,0.000000,0.000000,0.000000,0.000000,0.000000
15.749156,-0.037500,0.000000,0.000000,0.000000,0.000000,0.000000
15.759156,-0.039000,0.000000,0.000000,0.000000,0.000000,0.000000
15.769156,-0.039000,0.000000,0.000000,0.000000,0.000000,0.000000
15.779156,-0.039000,0.000000,0.000000,0.000000,0.000000,0.000000
15.789156,-0.040500,0.000000,0.000000,0.000000,0.000000,0.000000
15.799156,-0.040500,0.000000,0.000000,0.000000,0.000000,0.000000
15.809156,-0.040500,0.000000,0.000000,0.000000,0.000000,0.000000
15.819156,-0.042000,0.000000,0.000000,0.000000,0.000000,0.000000
15.829156,-0.042000,0.000000,0.000000,0.000000,0.000000,0.000000
15.839156,-0.042000,0.000000,0.000000,0.000000,0.000000,0.000000
15.849156,-0.043500,0.000000,0.000000,0.000000,0.000000,0.000000
15.859156,-0.043500,0.000000,0.000000,0.000000,0.000000,0.000000
15.869156,-0.043500,0.000000,0.000000,0.000000,0.000000,0.000000
15.879156,-0.045000,0.000000,0.000000,0.000000,0.000000,0.000000
15.889156,-0.045000,0.000000,0.000000,0.000000,0.000000,0.000000
15.899156,-0.045000,0.000000,0.000000,0.000000,0.000000,0.000000
15.909156,-0.046500,0.000000,0.000000,0.000000,0.000000,0.000000
15.919156,-0.046500,0.000000,0.000000,0.000000,0.000000,0.000000
15.929156,-0.046500,0.000000,0.000000,0.000000,0.000000,0.000000
15.939156,-0.047500,0.000000,0.000000,0.000000,0.000000,0.000000
15.949156,-0.047500,0.000000,0.000000,0.000000,0.000000,0.000000
15.959156,-0.049000,0.000000,0.000000,0.000000,0.000000,0.000000
15.969156,-0.049000,0.000000,0.000000,0.000000,0.000000,0.000000
15.979156,-0.049000,0.000000,0.000000,0.000000,0.000000,0.000000
15.989156,-0.050500,0.000000,0.000000,0.000000,0.000000,0.000000
15.999156,-0.050500,0.000000,0.000000,0.000000,0.000000,0.000000
16.009156,-0.050500,0.000000,0.000000,0.000000,0.000000,0.000000
16.019156,-0.052000,0.000000,0.000000,0.000000,0.000000,0.000000
16.029156,-0.052000,0.000000,0.000000,0.000000,0.000000,0.000000
16.039156,-0.052000,0.000000,0.000000,0.000000,0.000000,0.000000
16.049156,-0.053500,0.000000,0.000000,0.000000,0.000000,0.000000
16.059156,-0.053500,0.000000,0.000000,0.000000,0.000000,0.000000
16.069156,-0.053500,0.000000,0.000000,0.000000,0.000000,0.000000
16.079156,-0.055000,0.000000,0.000000,0.000000,0.000000,0.000000
16.089156,-0.055000,0.000000,0.000000,0.000000,0.000000,0.000000
16.099156,-0.055000,0.000000,0.000000,0.000000,0.000000,0.000000
16.109156,-0.056500,0.000000,0.000000,0.000000,0.000000,0.000000
16.119156,-0.056500,0.000000,0.000000,0.000000,0.000000,0.000000
16.129156,-0.056500,0.000000,0.000000,0.000000,0.000000,0.000000
16.139156,-0.058500,0.000000,0.000000,0.000000,0.000000,0.000000
16.149156,-0.058500,0.000000,0.000000,0.000000,0.000000,0.000000
16.159156,-0.058500,0.000000,0.000000,0.000000,0.000000,0.000000
16.169156,-0.058500,0.000000,0.000000,0.000000,0.000000,0.000000
16.179156,-0.060000,0.000000,0.000000,0.000000,0.000000,0.000000
16.189156,-0.060000,0.000000,0.000000,0.000000,0.000000,0.000000
16.199156,-0.060000,0.000000,0.000000,0.000000,0.000000,0.000000
16.209156,-0.061500,0.000000,0.000000,0.000000,0.000000,0.000000
16.219156,-0.061500,0.000000,0.000000,0.000000,0.000000,0.000000
16.229156,-0.061500,0.000000,0.000000,0.000000,0.000000,0.000000
16.239156,-0.061500,0.000000,0.000000,0.000000,0.000000,0.000000
16.249156,-0.062500,0.000000,0.000000,0.000000,0.000000,0.000000
16.259156,-0.064000,0.000000,0.000000,0.000000,0.000000,0.000000
16.269156,-0.064000,0.000000,0.000000,0.000000,0.000000,0.000000
16.279156,-0.064000,0.000000,0.000000,0.000000,0.000000,0.000000
16.289156,-0.065500,0.000000,0.000000,0.000000,0.000000,0.000000
16.299156,-0.065500,0.000000,0.000000,0.000000,0.000000,0.000000
16.309156,-0.065500,0.000000,0.000000,0.000000,0.000000,0.000000
16.319156,-0.067000,0.000000,0.000000,0.000000,0.000000,0.000000
16.329156,-0.067000,0.000000,0.000000,0.000000,0.000000,0.000000
16.339156,-0.067000,0.000000,0.000000,0.000000,0.000000,0.000000
16.349156,-0.068500,0.000000,0.000000,0.000000,0.000000,0.000000
16.359156,-0.068500,0.000000,0.000000,0.000000,0.000000,0.000000
16.369156,-0.068500,0.000000,0.000000,0.000000,0.000000,0.000000
16.379156,-0.070000,0.000000,0.000000,0.000000,0.000000,0.000000
16.389156,-0.070000,0.000000,0.000000,0.000000,0.000000,0.000000
16.399156,-0.070000,0.000000,0.000000,0.000000,0.000000,0.000000
16.409156,-0.070000,0.000000,0.000000,0.000000,0.000000,0.000000
16.419156,-0.071500,0.000000,0.000000,0.000000,0.000000,0.000000
16.429156,-0.071500,0.000000,0.000000,0.000000,0.000000,0.000000
16.439156,-0.072500,0.000000,0.000000,0.000000,0.000000,0.000000
16.449156,-0.072500,0.000000,0.000000,0.000000,0.000000,0.000000
16.459156,-0.074000,0.000000,0.000000,0.000000,0.000000,0.000000
16.469156,-0.074000,0.000000,0.000000,0.000000,0.000000,0.000000
16.479156,-0.074000,0.000000,0.000000,0.000000,0.000000,0.000000
16.489156,-0.075500,0.000000,0.000000,0.000000,0.000000,0.000000
16.499156,-0.075500,0.000000,0.000000,0.000000,0.000000,0.000000
16.509156,-0.075500,0.000000,0.000000,0.000000,0.000000,0.000000
16.519156,-0.076500,0.000000,0.000000,0.000000,0.000000,0.000000
16.529156,-0.076500,0.000000,0.000000,0.000000,0.000000,0.000000
16.539156,-0.078000,0.000000,0.000000,0.000000,0.000000,0.000000
16.549156,-0.078000,0.000000,0.000000,0.000000,0.000000,0.000000
16.559156,-0.078000,0.000000,0.000000,0.000000,0.000000,0.000000
16.569156,-0.079500,0.000000,0.000000,0.000000,0.000000,0.000000
16.579156,-0.079500,0.000000,0.000000,0.000000,0.000000,0.000000
16.589156,-0.079500,0.000000,0.000000,0.000000,0.000000,0.000000
16.599156,-0.081000,0.000000,0.000000,0.000000,0.000000,0.000000
16.609156,-0.081000,0.000000,0.000000,0.000000,0.000000,0.000000
16.619156,-0.081000,0.000000,0.000000,0.000000,0.000000,0.000000
16.629156,-0.082000,0.000000,0.000000,0.000000,0.000000,0.000000
16.639156,-0.082000,0.000000,0.000000,0.000000,0.000000,0.000000
16.649156,-0.083500,0.000000,0.000000,0.000000,0.000000,0.000000
16.659156,-0.083500,0.000000,0.000000,0.000000,0.000000,0.000000
16.669156,-0.083500,0.000000,0.000000,0.000000,0.000000,0.000000
16.679156,-0.084500,0.000000,0.000000,0.000000,0.000000,0.000000
16.689156,-0.084500,0.000000,0.000000,0.000000,0.000000,0.000000
16.699156,-0.086000,0.000000,0.000000,0.000000,0.000000,0.000000
16.709156,-0.086000,0.000000,0.000000,0.000000,0.000000,0.000000
16.719156,-0.086000,0.000000,0.000000,0.000000,0.000000,0.000000
16.729156,-0.087500,0.000000,0.000000,0.000000,0.000000,0.000000
16.739156,-0.087500,0.000000,0.000000,0.000000,0.000000,0.000000
16.749156,-0.087500,0.000000,0.000000,0.000000,0.000000,0.000000
16.759156,-0.089000,0.000000,0.000000,0.000000,0.000000,0.000000
16.769156,-0.089000,0.000000,0.000000,0.000000,0.000000,0.000000
16.779156,-0.089000,0.000000,0.000000,0.000000,0.000000,0.000000
16.789156,-0.090500,0.000000,0.000000,0.000000,0.000000,0.000000
16.799156,-0.090500,0.000000,0.000000,0.000000,0.000000,0.000000
16.809156,-0.090500,0.000000,0.000000,0.000000,0.000000,0.000000
16.819156,-0.092000,0.000000,0.000000,0.000000,0.000000,0.000000
16.829156,-0.092000,0.000000,0.000000,0.000000,0.000000,0.000000
16.839156,-0.092000,0.000000,0.000000,0.000000,0.000000,0.000000
16.849156,-0.093500,0.000000,0.000000,0.000000,0.000000,0.000000
16.859156,-0.093500,0.000000,0.000000,0.000000,0.000000,0.000000
16.869156,-0.093500,0.000000,0.000000,0.000000,0.000000,0.000000
16.879156,-0.095000,0.000000,0.000000,0.000000,0.000000,0.000000
16.889156,-0.095000,0.000000,0.000000,0.000000,0.000000,0.000000
16.899156,-0.095000,0.000000,0.000000,0.000000,0.000000,0.000000
16.909156,-0.096500,0.000000,0.000000,0.000000,0.000000,0.000000
16.919156,-0.096500,0.000000,0.000000,0.000000,0.000000,0.000000
16.929156,-0.096500,0.000000,0.000000,0.000000,0.000000,0.000000
16.939156,-0.098000,0.000000,0.000000,0.000000,0.000000,0.000000
16.949156,-0.098000,0.000000,0.000000,0.000000,0.000000,0.000000
16.959156,-0.098000,0.000000,0.000000,0.000000,0.000000,0.000000
16.969156,-0.099500,0.000000,0.000000,0.000000,0.000000,0.000000
16.979156,-0.099500,0.000000,0.000000,0.000000,0.000000,0.000000
16.989156,-0.099500,0.000000,0.000000,0.000000,0.000000,0.000000
16.999156,-0.099000,0.000000,0.000000,0.000000,0.000000,0.000000
17.009156,-0.099000,0.000000,0.000000,0.000000,0.000000,0.000000
17.019156,-0.099000,0.000000,0.000000,0.000000,0.000000,0.000000
17.029156,-0.098000,0.000000,0.000000,0.000000,0.000000,0.000000
17.039156,-0.098000,0.000000,0.000000,0.000000,0.000000,0.000000
17.049156,-0.096500,0.000000,0.000000,0.000000,0.000000,0.000000
17.059156,-0.096500,0.000000,0.000000,0.000000,0.000000,0.000000
17.069156,-0.096500,0.000000,0.000000,0.000000,0.000000,0.000000
17.079156,-0.095500,0.000000,0.000000,0.000000,0.000000,0.000000
17.089156,-0.095500,0.000000,0.000000,0.000000,0.000000,0.000000
17.099156,-0.094000,0.000000,0.000000,0.000000,0.000000,0.000000
17.109156,-0.094000,0.000000,0.000000,0.000000,0.000000,0.000000
17.119156,-0.094000,0.000000,0.000000,0.000000,0.000000,0.000000
17.129156,-0.092500,0.000000,0.000000,0.000000,0.000000,0.000000
17.139156,-0.092500,0.000000,0.000000,0.000000,0.000000,0.000000
17.149156,-0.092500,0.000000,0.000000,0.000000,0.000000,0.000000
17.159156,-0.091000,0.000000,0.000000,0.000000,0.000000,0.000000
17.169156,-0.091000,0.000000,0.000000,0.000000,0.000000,0.000000
17.179156,-0.091000,0.000000,0.000000,0.000000,0.000000,0.000000
17.189156,-0.089500,0.000000,0.000000,0.000000,0.000000,0.000000
17.199156,-0.089500,0.000000,0.000000,0.000000,0.000000,0.000000
17.209156,-0.089500,0.000000,0.000000,0.000000,0.000000,0.000000
17.219156,-0.088000,0.000000,0.000000,0.000000,0.000000,0.000000
17.229156,-0.088000,0.000000,0.000000,0.000000,0.000000,0.000000
17.239156,-0.088000,0.000000,0.000000,0.000000,0.000000,0.000000
17.249156,-0.087000,0.000000,0.000000,0.000000,0.000000,0.000000
17.259156,-0.087000,0.000000,0.000000,0.000000,0.000000,0.000000
17.269156,-0.085500,0.000000,0.000000,0.000000,0.000000,0.000000
17.279156,-0.085500,0.000000,0.000000,0.000000,0.000000,0.000000
17.289156,-0.085500,0.000000,0.000000,0.000000,0.000000,0.000000
17.299156,-0.084000,0.000000,0.000000,0.000000,0.000000,0.000000
17.309156,-0.084000,0.000000,0.000000,0.000000,0.000000,0.000000
17.319156,-0.084000,0.000000,0.000000,0.000000,0.000000,0.000000
17.329156,-0.082500,0.000000,0.000000,0.000000,0.000000,0.000000
17.339156,-0.082500,0.000000,0.000000,0.000000,0.000000,0.000000
17.349156,-0.082500,0.000000,0.000000,0.000000,0.000000,0.000000
17.359156,-0.081000,0.000000,0.000000,0.000000,0.000000,0.000000
17.369156,-0.081000,0.000000,0.000000,0.000000,0.000000,0.000000
17.379156,-0.081000,0.000000,0.000000,0.000000,0.000000,0.000000
17.389156,-0.080000,0.000000,0.000000,0.000000,0.000000,0.000000
17.399156,-0.080000,0.000000,0.000000,0.000000,0.000000,0.000000
17.409156,-0.078500,0.000000,0.000000,0.000000,0.000000,0.000000
17.419156,-0.078500,0.000000,0.000000,0.000000,0.000000,0.000000
17.429156,-0.078500,0.000000,0.000000,0.000000,0.000000,0.000000
17.439156,-0.078500,0.000000,0.000000,0.000000,0.000000,0.000000
17.449156,-0.076500,0.000000,0.000000,0.000000,0.000000,0.000000
17.459156,-0.076500,0.000000,0.000000,0.000000,0.000000,0.000000
17.469156,-0.076500,0.000000,0.000000,0.000000,0.000000,0.000000
17.479156,-0.075000,0.000000,0.000000,0.000000,0.000000,0.000000
17.489156,-0.075000,0.000000,0.000000,0.000000,0.000000,0.000000
17.499156,-0.075000,0.000000,0.000000,0.000000,0.000000,0.000000
17.509156,-0.074000,0.000000,0.000000,0.000000,0.000000,0.000000
17.519156,-0.074000,0.000000,0.000000,0.000000,0.000000,0.000000
17.529156,-0.072500,0.000000,0.000000,0.000000,0.000000,0.000000
17.539156,-0.072500,0.000000,0.000000,0.000000,0.000000,0.000000
17.549156,-0.072500,0.000000,0.000000,0.000000,0.000000,0.000000
17.559156,-0.071000,0.000000,0.000000,0.000000,0.000000,0.000000
17.569156,-0.071000,0.000000,0.000000,0.000000,0.000000,0.000000
17.579156,-0.071000,0.000000,0.000000,0.000000,0.000000,0.000000
17.589156,-0.069500,0.000000,0.000000,0.000000,0.000000,0.000000
17.599156,-0.069500,0.000000,0.000000,0.000000,0.000000,0.000000
17.609156,-0.069500,0.000000,0.000000,0.000000,0.000000,0.000000
17.619156,-0.068500,0.000000,0.000000,0.000000,0.000000,0.000000
17.629156,-0.068500,0.000000,0.000000,0.000000,0.000000,0.000000
17.639156,-0.067000,0.000000,0.000000,0.000000,0.000000,0.000000
17.649156,-0.067000,0.000000,0.000000,0.000000,0.000000,0.000000
17.659156,-0.067000,0.000000,0.000000,0.000000,0.000000,0.000000
17.669156,-0.065500,0.000000,0.000000,0.000000,0.000000,0.000000
17.679156,-0.065500,0.000000,0.000000,0.000000,0.000000,0.000000
17.689156,-0.065500,0.000000,0.000000,0.000000,0.000000,0.000000
17.699156,-0.064500,0.000000,0.000000,0.000000,0.000000,0.000000
17.709156,-0.064500,0.000000,0.000000,0.000000,0.000000,0.000000
17.719156,-0.063000,0.000000,0.000000,0.000000,0.000000,0.000000
17.729156,-0.063000,0.000000,0.000000,0.000000,0.000000,0.000000
17.739156,-0.063000,0.000000,0.000000,0.000000,0.000000,0.000000
17.749156,-0.061500,0.000000,0.000000,0.000000,0.000000,0.000000
17.759156,-0.061500,0.000000,0.000000,0.000000,0.000000,0.000000
17.769156,-0.061500,0.000000,0.000000,0.000000,0.000000,0.000000
17.779156,-0.060000,0.000000,0.000000,0.000000,0.000000,0.000000
17.789156,-0.060000,0.000000,0.000000,0.000000,0.000000,0.000000
17.799156,-0.060000,0.000000,0.000000,0.000000,0.000000,0.000000
17.809156,-0.058500,0.000000,0.000000,0.000000,0.000000,0.000000
17.819156,-0.058500,0.000000,0.000000,0.000000,0.000000,0.000000
17.829156,-0.058500,0.000000,0.000000,0.000000,0.000000,0.000000
17.839156,-0.058500,0.000000,0.000000,0.000000,0.000000,0.000000
17.849156,-0.057000,0.000000,0.000000,0.000000,0.000000,0.000000
17.859156,-0.057000,0.000000,0.000000,0.000000,0.000000,0.000000
17.869156,-0.055500,0.000000,0.000000,0.000000,0.000000,0.000000
17.879156,-0.055500,0.000000,0.000000,0.000000,0.000000,0.000000
17.889156,-0.055500,0.000000,0.000000,0.000000,0.000000,0.000000
17.899156,-0.054500,0.000000,0.000000,0.000000,0.000000,0.000000
17.909156,-0.054500,0.000000,0.000000,0.000000,0.000000,0.000000
17.919156,-0.053000,0.000000,0.000000,0.000000,0.000000,0.000000
17.929156,-0.053000,0.000000,0.000000,0.000000,0.000000,0.000000
17.939156,-0.053000,0.000000,0.000000,0.000000,0.000000,0.000000
17.949156,-0.051500,0.000000,0.000000,0.000000,0.000000,0.000000
17.959156,-0.051500,0.000000,0.000000,0.000000,0.000000,0.000000
17.969156,-0.051500,0.000000,0.000000,0.000000,0.000000,0.000000
17.979156,-0.050000,0.000000,0.000000,0.000000,0.000000,0.000000
17.989156,-0.050000,0.000000,0.000000,0.000000,0.000000,0.000000
17.999156,-0.050000,0.000000,0.000000,0.000000,0.000000,0.000000
18.009156,-0.048500,0.000000,0.000000,0.000000,0.000000,0.000000
18.019156,-0.048500,0.000000,0.000000,0.000000,0.000000,0.000000
18.029156,-0.048500,0.000000,0.000000,0.000000,0.000000,0.000000
18.039156,-0.047000,0.000000,0.000000,0.000000,0.000000,0.000000
18.049156,-0.047000,0.000000,0.000000,0.000000,0.000000,0.000000
18.059156,-0.047000,0.000000,0.000000,0.000000,0.000000,0.000000
18.069156,-0.045500,0.000000,0.000000,0.000000,0.000000,0.000000
18.079156,-0.045500,0.000000,0.000000,0.000000,0.000000,0.000000
18.089156,-0.045500,0.000000,0.000000,0.000000,0.000000,0.000000
18.099156,-0.044000,0.000000,0.000000,0.000000,0.000000,0.000000
18.109156,-0.044000,0.000000,0.000000,0.000000,0.000000,0.000000
18.119156,-0.044000,0.000000,0.000000,0.000000,0.000000,0.000000
18.129156,-0.044000,0.000000,0.000000,0.000000,0.000000,0.000000
18.139156,-0.042500,0.000000,0.000000,0.000000,0.000000,0.000000
18.149156,-0.042500,0.000000,0.000000,0.000000,0.000000,0.000000
18.159156,-0.042500,0.000000,0.000000,0.000000,0.000000,0.000000
18.169156,-0.041000,0.000000,0.000000,0.000000,0.000000,0.000000
18.179156,-0.041000,0.000000,0.000000,0.000000,0.000000,0.000000
18.189156,-0.040000,0.000000,0.000000,0.000000,0.000000,0.000000
18.199156,-0.040000,0.000000,0.000000,0.000000,0.000000,0.000000
18.209156,-0.038500,0.000000,0.000000,0.000000,0.000000,0.000000
18.219156,-0.038500,0.000000,0.000000,0.000000,0.000000,0.000000
18.229156,-0.038500,0.000000,0.000000,0.000000,0.000000,0.000000
18.239156,-0.037000,0.000000,0.000000,0.000000,0.000000,0.000000
18.249156,-0.037000,0.000000,0.000000,0.000000,0.000000,0.000000
18.259156,-0.037000,0.000000,0.000000,0.000000,0.000000,0.000000
18.269156,-0.036000,0.000000,0.000000,0.000000,0.000000,0.000000
18.279156,-0.036000,0.000000,0.000000,0.000000,0.000000,0.000000
18.289156,-0.034500,0.000000,0.000000,0.000000,0.000000,0.000000
18.299156,-0.034500,0.000000,0.000000,0.000000,0.000000,0.000000
18.309156,-0.034500,0.000000,0.000000,0.000000,0.000000,0.000000
18.319156,-0.033500,0.000000,0.000000,0.000000,0.000000,0.000000
18.329156,-0.033500,0.000000,0.000000,0.000000,0.000000,0.000000
18.339156,-0.032000,0.000000,0.000000,0.000000,0.000000,0.000000
18.349156,-0.032000,0.000000,0.000000,0.000000,0.000000,0.000000
18.359156,-0.032000,0.000000,0.000000,0.000000,0.000000,0.000000
18.369156,-0.031000,0.000000,0.000000,0.000000,0.000000,0.000000
18.379156,-0.031000,0.000000,0.000000,0.000000,0.000000,0.000000
18.389156,-0.029500,0.000000,0.000000,0.000000,0.000000,0.000000
18.399156,-0.029500,0.000000,0.000000,0.000000,0.000000,0.000000
18.409156,-0.029500,0.000000,0.000000,0.000000,0.000000,0.000000
18.419156,-0.029500,0.000000,0.000000,0.000000,0.000000,0.000000
18.429156,-0.028000,0.000000,0.000000,0.000000,0.000000,0.000000
18.439156,-0.028000,0.000000,0.000000,0.000000,0.000000,0.000000
18.449156,-0.026500,0.000000,0.000000,0.000000,0.000000,0.000000
18.459156,-0.026500,0.000000,0.000000,0.000000,0.000000,0.000000
18.469156,-0.026500,0.000000,0.000000,0.000000,0.000000,0.000000
18.479156,-0.025000,0.000000,0.000000,0.000000,0.000000,0.000000
18.489156,-0.025000,0.000000,0.000000,0.000000,0.000000,0.000000
18.499156,-0.025000,0.000000,0.000000,0.000000,0.000000,0.000000
18.509156,-0.023500,0.000000,0.000000,0.000000,0.000000,0.000000
18.519156,-0.023500,0.000000,0.000000,0.000000,0.000000,0.000000
18.529156,-0.023500,0.000000,0.000000,0.000000,0.000000,0.000000
18.539156,-0.022000,0.000000,0.000000,0.000000,0.000000,0.000000
18.549156,-0.022000,0.000000,0.000000,0.000000,0.000000,0.000000
18.559156,-0.022000,0.000000,0.000000,0.000000,0.000000,0.000000
18.569156,-0.021000,0.000000,0.000000,0.000000,0.000000,0.000000
18.579156,-0.021000,0.000000,0.000000,0.000000,0.000000,0.000000
18.589156,-0.019500,0.000000,0.000000,0.000000,0.000000,0.000000
18.599156,-0.019500,0.000000,0.000000,0.000000,0.000000,0.000000
18.609156,-0.019500,0.000000,0.000000,0.000000,0.000000,0.000000
18.619156,-0.018000,0.000000,0.000000,0.000000,0.000000,0.000000
18.629156,-0.018000,0.000000,0.000000,0.000000,0.000000,0.000000
18.639156,-0.018000,0.000000,0.000000,0.000000,0.000000,0.000000
18.649156,-0.017000,0.000000,0.000000,0.000000,0.000000,0.000000
18.659156,-0.017000,0.000000,0.000000,0.000000,0.000000,0.000000
18.669156,-0.015500,0.000000,0.000000,0.000000,0.000000,0.000000
18.679156,-0.015500,0.000000,0.000000,0.000000,0.000000,0.000000
18.689156,-0.015500,0.000000,0.000000,0.000000,0.000000,0.000000
18.699156,-0.014000,0.000000,0.000000,0.000000,0.000000,0.000000
18.709156,-0.014000,0.000000,0.000000,0.000000,0.000000,0.000000
18.719156,-0.014000,0.000000,0.000000,0.000000,0.000000,0.000000
18.729156,-0.012500,0.000000,0.000000,0.000000,0.000000,0.000000
18.739156,-0.012500,0.000000,0.000000,0.000000,0.000000,0.000000
18.749156,-0.012500,0.000000,0.000000,0.000000,0.000000,0.000000
18.759156,-0.011000,0.000000,0.000000,0.000000,0.000000,0.000000
18.769156,-0.011000,0.000000,0.000000,0.000000,0.000000,0.000000
18.779156,-0.011000,0.000000,0.000000,0.000000,0.000000,0.000000
18.789156,-0.009500,0.000000,0.000000,0.000000,0.000000,0.000000
18.799156,-0.009500,0.000000,0.000000,0.000000,0.000000,0.000000
18.809156,-0.009500,0.000000,0.000000,0.000000,0.000000,0.000000
18.819156,-0.008000,0.000000,0.000000,0.000000,0.000000,0.000000
18.829156,-0.008000,0.000000,0.000000,0.000000,0.000000,0.000000
18.839156,-0.008000,0.000000,0.000000,0.000000,0.000000,0.000000
18.849156,-0.006500,0.000000,0.000000,0.000000,0.000000,0.000000
18.859156,-0.006500,0.000000,0.000000,0.000000,0.000000,0.000000
18.869156,-0.006500,0.000000,0.000000,0.000000,0.000000,0.000000
18.879156,-0.005500,0.000000,0.000000,0.000000,0.000000,0.000000
18.889156,-0.005500,0.000000,0.000000,0.000000,0.000000,0.000000
18.899156,-0.004000,0.000000,0.000000,0.000000,0.000000,0.000000
18.909156,-0.004000,0.000000,0.000000,0.000000,0.000000,0.000000
18.919156,-0.004000,0.000000,0.000000,0.000000,0.000000,0.000000
18.929156,-0.002500,0.000000,0.000000,0.000000,0.000000,0.000000
18.939156,-0.002500,0.000000,0.000000,0.000000,0.000000,0.000000
18.949156,-0.002500,0.000000,0.000000,0.000000,0.000000,0.000000
18.959156,-0.001500,0.000000,0.000000,0.000000,0.000000,0.000000
18.969156,-0.001500,0.000000,0.000000,0.000000,0.000000,0.000000
18.979156,0.000000,0.000000,0.000000,0.000000,0.000000,0.000000
18.989156,0.000000,0.000000,0.000000,0.000000,0.000000,0.000000
18.999156,0.000000,0.000000,0.000000,0.000000,0.000000,0.000000
19.009156,0.000000,0.000000,0.000000,0.000000,0.000000,0.000000
19.019156,0.000000,0.000000,0.000000,0.000000,0.000000,0.000000
19.029156,0.000000,0.000000,0.000000,0.000000,0.000000,0.000000
19.039156,0.000000,0.000000,0.000000,0.000000,0.000000,0.000000
19.049156,0.000000,0.000000,0.000000,0.000000,0.000000,0.000000
19.059156,0.000000,0.000000,0.000000,0.000000,0.000000,0.000000
19.069156,0.000000,0.000000,0.000000,0.000000,0.000000,0.000000
19.079156,0.000000,0.000000,0.000000,0.000000,0.000000,0.000000
19.089156,0.000000,0.000000,0.000000,0.000000,0.000000,0.000000
19.099156,0.000000,0.000000,0.000000,0.000000,0.000000,0.000000
19.109156,0.000000,0.000000,0.000000,0.000000,0.000000,0.000000
19.119156,0.000000,0.000000,0.000000,0.000000,0.000000,0.000000
19.129156,0.000000,0.000000,0.000000,0.000000,0.000000,0.000000
19.139156,0.000000,0.000000,0.000000,0.000000,0.000000,0.000000
19.149156,0.000000,0.000000,0.000000,0.000000,0.000000,0.000000
19.159156,0.000000,0.000000,0.000000,0.000000,0.000000,0.000000
19.169156,0.000000,0.000000,0.000000,0.000000,0.000000,0.000000
19.179156,0.000000,0.000000,0.000000,0.000000,0.000000,0.000000
19.189156,0.000000,0.000000,0.000000,0.000000,0.000000,0.000000
19.199156,0.000000,0.000000,0.000000,0.000000,0.000000,0.000000
19.209156,0.000000,0.000000,0.000000,0.000000,0.000000,0.000000
19.219156,0.000000,0.000000,0.000000,0.000000,0.000000,0.000000
19.229156,0.000000,0.000000,0.000000,0.000000,0.000000,0.000000
19.239156,0.000000,0.000000,0.000000,0.000000,0.000000,0.000000
19.249156,0.000000,0.000000,0.000000,0.000000,0.000000,0.000000
19.259156,0.000000,0.000000,0.000000,0.000000,0.000000,0.000000
19.269156,0.000000,0.000000,0.000000,0.000000,0.000000,0.000000
19.279156,0.000000,0.000000,0.000000,0.000000,0.000000,0.000000
19.289156,0.000000,0.000000,0.000000,0.000000,0.000000,0.000000
19.299156,0.000000,0.000000,0.000000,0.000000,0.000000,0.000000
19.309156,0.000000,0.000000,0.000000,0.000000,0.000000,0.000000
19.319156,0.000000,0.000000,0.000000,0.000000,0.000000,0.000000
19.329156,0.000000,0.000000,0.000000,0.000000,0.000000,0.000000
19.339156,0.000000,0.000000,0.000000,0.000000,0.000000,0.000000
19.349156,0.000000,0.000000,0.000000,0.000000,0.000000,0.000000
19.359156,0.000000,0.000000,0.000000,0.000000,0.000000,0.000000
19.369156,0.000000,0.000000,0.000000,0.000000,0.000000,0.000000
19.379156,0.000000,0.000000,0.000000,0.000000,0.000000,0.000000
19.389156,0.000000,0.000000,0.000000,0.000000,0.000000,0.000000
19.399156,0.000000,0.000000,0.000000,0.000000,0.000000,0.000000
19.409156,0.000000,0.000000,0.000000,0.000000,0.000000,0.000000
19.419156,0.000000,0.000000,0.000000,0.000000,0.000000,0.000000
19.429156,0.000000,0.000000,0.000000,0.000000,0.000000,0.000000
19.439156,0.000000,0.000000,0.000000,0.000000,0.000000,0.000000
19.449156,0.000000,0.000000,0.000000,0.000000,0.000000,0.000000
19.459156,0.000000,0.000000,0.000000,0.000000,0.000000,0.000000
19.469156,0.000000,0.000000,0.000000,0.000000,0.000000,0.000000
19.479156,0.000000,0.000000,0.000000,0.000000,0.000000,0.000000
19.489156,0.000000,0.000000,0.000000,0.000000,0.000000,0.000000
19.499156,0.000000,0.000000,0.000000,0.000000,0.000000,0.000000
19.509156,0.000000,0.000000,0.000000,0.000000,0.000000,0.000000
19.519156,0.000000,0.000000,0.000000,0.000000,0.000000,0.000000
19.529156,0.000000,0.000000,0.000000,0.000000,0.000000,0.000000
19.539156,0.000000,0.000000,0.000000,0.000000,0.000000,0.000000
19.549156,0.000000,0.000000,0.000000,0.000000,0.000000,0.000000
19.559156,0.000000,0.000000,0.000000,0.000000,0.000000,0.000000
19.569156,0.000000,0.000000,0.000000,0.000000,0.000000,0.000000
19.579156,0.000000,0.000000,0.000000,0.000000,0.000000,0.000000
19.589156,0.000000,0.000000,0.000000,0.000000,0.000000,0.000000
19.599156,0.000000,0.000000,0.000000,0.000000,0.000000,0.000000
19.609156,0.000000,0.000000,0.000000,0.000000,0.000000,0.000000
19.619156,0.000000,0.000000,0.000000,0.000000,0.000000,0.000000
19.629156,0.000000,0.000000,0.000000,0.000000,0.000000,0.000000
19.639156,0.000000,0.000000,0.000000,0.000000,0.000000,0.000000
19.649156,0.000000,0.000000,0.000000,0.000000,0.000000,0.000000
19.659156,0.000000,0.000000,0.000000,0.000000,0.000000,0.000000
19.669156,0.000000,0.000000,0.000000,0.000000,0.000000,0.000000
19.679156,0.000000,0.000000,0.000000,0.000000,0.000000,0.000000
19.689156,0.000000,0.000000,0.000000,0.000000,0.000000,0.000000
19.699156,0.000000,0.000000,0.000000,0.000000,0.000000,0.000000
19.709156,0.000000,0.000000,0.000000,0.000000,0.000000,0.000000
19.719156,0.000000,0.000000,0.000000,0.000000,0.000000,0.000000
19.729156,0.000000,0.000000,0.000000,0.000000,0.000000,0.000000
19.739156,0.000000,0.000000,0.000000,0.000000,0.000000,0.000000
19.749156,0.000000,0.000000,0.000000,0.000000,0.000000,0.000000
19.759156,0.000000,0.000000,0.000000,0.000000,0.000000,0.000000
19.769156,0.000000,0.000000,0.000000,0.000000,0.000000,0.000000
19.779156,0.000000,0.000000,0.000000,0.000000,0.000000,0.000000
19.789156,0.000000,0.000000,0.000000,0.000000,0.000000,0.000000
19.799156,0.000000,0.000000,0.000000,0.000000,0.000000,0.000000
19.809156,0.000000,0.000000,0.000000,0.000000,0.000000,0.000000
19.819156,0.000000,0.000000,0.000000,0.000000,0.000000,0.000000
19.829156,0.000000,0.000000,0.000000,0.000000,0.000000,0.000000
19.839156,0.000000,0.000000,0.000000,0.000000,0.000000,0.000000
19.849156,0.000000,0.000000,0.000000,0.000000,0.000000,0.000000
19.859156,0.000000,0.000000,0.000000,0.000000,0.000000,0.000000
19.869156,0.000000,0.000000,0.000000,0.000000,0.000000,0.000000
19.879156,0.000000,0.000000,0.000000,0.000000,0.000000,0.000000
19.889156,0.000000,0.000000,0.000000,0.000000,0.000000,0.000000
19.899156,0.000000,0.000000,0.000000,0.000000,0.000000,0.000000
19.909156,0.000000,0.000000,0.000000,0.000000,0.000000,0.000000
19.919156,0.000000,0.000000,0.000000,0.000000,0.000000,0.000000
19.929156,0.000000,0.000000,0.000000,0.000000,0.000000,0.000000
19.939156,0.000000,0.000000,0.000000,0.000000,0.000000,0.000000
19.949156,0.000000,0.000000,0.000000,0.000000,0.000000,0.000000
19.959156,0.000000,0.000000,0.000000,0.000000,0.000000,0.000000
19.969156,0.000000,0.000000,0.000000,0.000000,0.000000,0.000000
19.979156,0.000000,0.000000,0.000000,0.000000,0.000000,0.000000
19.989156,0.000000,0.000000,0.000000,0.000000,0.000000,0.000000
19.999156,0.000000,0.000000,0.000000,0.000000,0.000000,0.000000
20.009156,0.000000,0.000000,0.000000,0.000000,0.000000,0.000000
20.019156,0.000000,0.000000,0.000000,0.000000,0.000000,0.000000
20.029156,0.000000,0.000000,0.000000,0.000000,0.000000,0.000000
20.039156,0.000000,0.000000,0.000000,0.000000,0.000000,0.000000
20.049156,0.000000,0.000000,0.000000,0.000000,0.000000,0.000000
20.059156,0.000000,0.000000,0.000000,0.000000,0.000000,0.000000
20.069156,0.000000,0.000000,0.000000,0.000000,0.000000,0.000000
20.079156,0.000000,0.000000,0.000000,0.000000,0.000000,0.000000
20.089156,0.000000,0.000000,0.000000,0.000000,0.000000,0.000000
20.099156,0.000000,0.000000,0.000000,0.000000,0.000000,0.000000
20.109156,0.000000,0.000000,0.000000,0.000000,0.000000,0.000000
20.119156,0.000000,0.000000,0.000000,0.000000,0.000000,0.000000
20.129156,0.000000,0.000000,0.000000,0.000000,0.000000,0.000000
20.139156,0.000000,0.000000,0.000000,0.000000,0.000000,0.000000
20.149156,0.000000,0.000000,0.000000,0.000000,0.000000,0.000000
20.159156,0.000000,0.000000,0.000000,0.000000,0.000000,0.000000
20.169156,0.000000,0.000000,0.000000,0.000000,0.000000,0.000000
20.179156,0.000000,0.000000,0.000000,0.000000,0.000000,0.000000
20.189156,0.000000,0.000000,0.000000,0.000000,0.000000,0.000000
20.199156,0.000000,0.000000,0.000000,0.000000,0.000000,0.000000
20.209156,0.000000,0.000000,0.000000,0.000000,0.000000,0.000000
20.219156,0.000000,0.000000,0.000000,0.000000,0.000000,0.000000
20.229156,0.000000,0.000000,0.000000,0.000000,0.000000,0.000000
20.239156,0.000000,0.000000,0.000000,0.000000,0.000000,0.000000
20.249156,0.000000,0.000000,0.000000,0.000000,0.000000,0.000000
20.259156,0.000000,0.000000,0.000000,0.000000,0.000000,0.000000
20.269156,0.000000,0.000000,0.000000,0.000000,0.000000,0.000000
20.279156,0.000000,0.000000,0.000000,0.000000,0.000000,0.000000
20.289156,0.000000,0.000000,0.000000,0.000000,0.000000,0.000000
20.299156,0.000000,0.000000,0.000000,0.000000,0.000000,0.000000
20.309156,0.000000,0.000000,0.000000,0.000000,0.000000,0.000000
20.319156,0.000000,0.000000,0.000000,0.000000,0.000000,0.000000
20.329156,0.000000,0.000000,0.000000,0.000000,0.000000,0.000000
20.339156,0.000000,0.000000,0.000000,0.000000,0.000000,0.000000
20.349156,0.000000,0.000000,0.000000,0.000000,0.000000,0.000000
20.359156,0.000000,0.000000,0.000000,0.000000,0.000000,0.000000
20.369156,0.000000,0.000000,0.000000,0.000000,0.000000,0.000000
20.379156,0.000000,0.000000,0.000000,0.000000,0.000000,0.000000
20.389156,0.000000,0.000000,0.000000,0.000000,0.000000,0.000000
20.399156,0.000000,0.000000,0.000000,0.000000,0.000000,0.000000
20.409156,0.000000,0.000000,0.000000,0.000000,0.000000,0.000000
20.419156,0.000000,0.000000,0.000000,0.000000,0.000000,0.000000
20.429156,0.000000,0.000000,0.000000,0.000000,0.000000,0.000000
20.439156,0.000000,0.000000,0.000000,0.000000,0.000000,0.000000
20.449156,0.000000,0.000000,0.000000,0.000000,0.000000,0.000000
20.459156,0.000000,0.000000,0.000000,0.000000,0.000000,0.000000
20.469156,0.000000,0.000000,0.000000,0.000000,0.000000,0.000000
20.479156,0.000000,0.000000,0.000000,0.000000,0.000000,0.000000
20.489156,0.000000,0.000000,0.000000,0.000000,0.000000,0.000000
20.499156,0.000000,0.000000,0.000000,0.000000,0.000000,0.000000
20.509156,0.000000,0.000000,0.000000,0.000000,0.000000,0.000000
20.519156,0.000000,0.000000,0.000000,0.000000,0.000000,0.000000
20.529156,0.000000,0.000000,0.000000,0.000000,0.000000,0.000000
20.539156,0.000000,0.000000,0.000000,0.000000,0.000000,0.000000
20.549156,0.000000,0.000000,0.000000,0.000000,0.000000,0.000000
20.559156,0.000000,0.000000,0.000000,0.000000,0.000000,0.000000
20.569156,0.000000,0.000000,0.000000,0.000000,0.000000,0.000000
20.579156,0.000000,0.000000,0.000000,0.000000,0.000000,0.000000
20.589156,0.000000,0.000000,0.000000,0.000000,0.000000,0.000000
20.599156,0.000000,0.000000,0.000000,0.000000,0.000000,0.000000
20.609156,0.000000,0.000000,0.000000,0.000000,0.000000,0.000000
20.619156,0.000000,0.000000,0.000000,0.000000,0.000000,0.000000
20.629156,0.000000,0.000000,0.000000,0.000000,0.000000,0.000000
20.639156,0.000000,0.000000,0.000000,0.000000,0.000000,0.000000
20.649156,0.000000,0.000000,0.000000,0.000000,0.000000,0.000000
20.659156,0.000000,0.000000,0.000000,0.000000,0.000000,0.000000
20.669156,0.000000,0.000000,0.000000,0.000000,0.000000,0.000000
20.679156,0.000000,0.000000,0.000000,0.000000,0.000000,0.000000
20.689156,0.000000,0.000000,0.000000,0.000000,0.000000,0.000000
20.699156,0.000000,0.000000,0.000000,0.000000,0.000000,0.000000
20.709156,0.000000,0.000000,0.000000,0.000000,0.000000,0.000000
20.719156,0.000000,0.000000,0.000000,0.000000,0.000000,0.000000
20.729156,0.000000,0.000000,0.000000,0.000000,0.000000,0.000000
20.739156,0.000000,0.000000,0.000000,0.000000,0.000000,0.000000
20.749156,0.000000,0.000000,0.000000,0.000000,0.000000,0.000000
20.759156,0.000000,0.000000,0.000000,0.000000,0.000000,0.000000
20.769156,0.000000,0.000000,0.000000,0.000000,0.000000,0.000000
20.779156,0.000000,0.000000,0.000000,0.000000,0.000000,0.000000
20.789156,0.000000,0.000000,0.000000,0.000000,0.000000,0.000000
20.799156,0.000000,0.000000,0.000000,0.000000,0.000000,0.000000
20.809156,0.000000,0.000000,0.000000,0.000000,0.000000,0.000000
20.819156,0.000000,0.000000,0.000000,0.000000,0.000000,0.000000
20.829156,0.000000,0.000000,0.000000,0.000000,0.000000,0.000000
20.839156,0.000000,0.000000,0.000000,0.000000,0.000000,0.000000
20.849156,0.000000,0.000000,0.000000,0.000000,0.000000,0.000000
20.859156,0.000000,0.000000,0.000000,0.000000,0.000000,0.000000
20.869156,0.000000,0.000000,0.000000,0.000000,0.000000,0.000000
20.879156,0.000000,0.000000,0.000000,0.000000,0.000000,0.000000
20.889156,0.000000,0.000000,0.000000,0.000000,0.000000,0.000000
20.899156,0.000000,0.000000,0.000000,0.000000,0.000000,0.000000
20.909156,0.000000,0.000000,0.000000,0.000000,0.000000,0.000000
20.919156,0.000000,0.000000,0.000000,0.000000,0.000000,0.000000
20.929156,0.000000,0.000000,0.000000,0.000000,0.000000,0.000000
20.939156,0.000000,0.000000,0.000000,0.000000,0.000000,0.000000
20.949156,0.000000,0.000000,0.000000,0.000000,0.000000,0.000000
20.959156,0.000000,0.000000,0.000000,0.000000,0.000000,0.000000
20.969156,0.000000,0.000000,0.000000,0.000000,0.000000,0.000000
20.979156,0.000000,0.000000,0.000000,0.000000,0.000000,0.000000
20.989156,0.000000,0.000000,0.000000,0.000000,0.000000,0.000000
20.999156,0.000000,0.000000,0.000000,0.000000,0.000000,0.000000
21.009156,0.000000,0.000000,0.000000,0.000000,0.000000,0.000000
21.019156,0.000000,0.000000,0.000000,0.000000,0.000000,0.000000
21.029156,0.000000,0.000000,0.000000,0.000000,0.000000,0.000000
21.039156,0.000000,0.000000,0.000000,0.000000,0.000000,0.000000
21.049156,0.000000,0.000000,0.000000,0.000000,0.000000,0.000000
21.059156,0.000000,0.000000,0.000000,0.000000,0.000000,0.000000
21.069156,0.000000,0.000000,0.000000,0.000000,0.000000,0.000000
21.079156,0.000000,0.000000,0.000000,0.000000,0.000000,0.000000
21.089156,0.000000,0.000000,0.000000,0.000000,0.000000,0.000000
21.099156,0.000000,0.000000,0.000000,0.000000,0.000000,0.000000
21.109156,0.000000,0.000000,0.000000,0.000000,0.000000,0.000000
21.119156,0.000000,0.000000,0.000000,0.000000,0.000000,0.000000
21.129156,0.000000,0.000000,0.000000,0.000000,0.000000,0.000000
21.139156,0.000000,0.000000,0.000000,0.000000,0.000000,0.000000
21.149156,0.000000,0.000000,0.000000,0.000000,0.000000,0.000000
21.159156,0.000000,0.000000,0.000000,0.000000,0.000000,0.000000
21.169156,0.000000,0.000000,0.000000,0.000000,0.000000,0.000000
21.179156,0.000000,0.000000,0.000000,0.000000,0.000000,0.000000
21.189156,0.000000,0.000000,0.000000,0.000000,0.000000,0.000000
21.199156,0.000000,0.000000,0.000000,0.000000,0.000000,0.000000
21.209156,0.000000,0.000000,0.000000,0.000000,0.000000,0.000000
21.219156,0.000000,0.000000,0.000000,0.000000,0.000000,0.000000
21.229156,0.000000,0.000000,0.000000,0.000000,0.000000,0.000000
21.239156,0.000000,0.000000,0.000000,0.000000,0.000000,0.000000
21.249156,0.000000,0.000000,0.000000,0.000000,0.000000,0.000000
21.259156,0.000000,0.000000,0.000000,0.000000,0.000000,0.000000
21.269156,0.000000,0.000000,0.000000,0.000000,0.000000,0.000000
21.279156,0.000000,0.000000,0.000000,0.000000,0.000000,0.000000
21.289156,0.000000,0.000000,0.000000,0.000000,0.000000,0.000000
21.299156,0.000000,0.000000,0.000000,0.000000,0.000000,0.000000
21.309156,0.000000,0.000000,0.000000,0.000000,0.000000,0.000000
21.319156,0.000000,0.000000,0.000000,0.000000,0.000000,0.000000
21.329156,0.000000,0.000000,0.000000,0.000000,0.000000,0.000000
21.339156,0.000000,0.000000,0.000000,0.000000,0.000000,0.000000
21.349156,0.000000,0.000000,0.000000,0.000000,0.000000,0.000000
21.359156,0.000000,0.000000,0.000000,0.000000,0.000000,0.000000
21.369156,0.000000,0.000000,0.000000,0.000000,0.000000,0.000000
21.379156,0.000000,0.000000,0.000000,0.000000,0.000000,0.000000
21.389156,0.000000,0.000000,0.000000,0.000000,0.000000,0.000000
21.399156,0.000000,0.000000,0.000000,0.000000,0.000000,0.000000
21.409156,0.000000,0.000000,0.000000,0.000000,0.000000,0.000000
21.419156,0.000000,0.000000,0.000000,0.000000,0.000000,0.000000
21.429156,0.000000,0.000000,0.000000,0.000000,0.000000,0.000000
21.439156,0.000000,0.000000,0.000000,0.000000,0.000000,0.000000
21.449156,0.000000,0.000000,0.000000,0.000000,0.000000,0.000000
21.459156,0.000000,0.000000,0.000000,0.000000,0.000000,0.000000
21.469156,0.000000,0.000000,0.000000,0.000000,0.000000,0.000000
21.479156,0.000000,0.000000,0.000000,0.000000,0.000000,0.000000
21.489156,0.000000,0.000000,0.000000,0.000000,0.000000,0.000000
21.499156,0.000000,0.000000,0.000000,0.000000,0.000000,0.000000
21.509156,0.000000,0.000000,0.000000,0.000000,0.000000,0.000000
21.519156,0.000000,0.000000,0.000000,0.000000,0.000000,0.000000
21.529156,0.000000,0.000000,0.000000,0.000000,0.000000,0.000000
21.539156,0.000000,0.000000,0.000000,0.000000,0.000000,0.000000
21.549156,0.000000,0.000000,0.000000,0.000000,0.000000,0.000000
21.559156,0.000000,0.000000,0.000000,0.000000,0.000000,0.000000
21.569156,0.000000,0.000000,0.000000,0.000000,0.000000,0.000000
21.579156,0.000000,0.000000,0.000000,0.000000,0.000000,0.000000
21.589156,0.000000,0.000000,0.000000,0.000000,0.000000,0.000000
21.599156,0.000000,0.000000,0.000000,0.000000,0.000000,0.000000
21.609156,0.000000,0.000000,0.000000,0.000000,0.000000,0.000000
21.619156,0.000000,0.000000,0.000000,0.000000,0.000000,0.000000
21.629156,0.000000,0.000000,0.000000,0.000000,0.000000,0.000000
21.639156,0.000000,0.000000,0.000000,0.000000,0.000000,0.000000
21.649156,0.000000,0.000000,0.000000,0.000000,0.000000,0.000000
21.659156,0.000000,0.000000,0.000000,0.000000,0.000000,0.000000
21.669156,0.000000,0.000000,0.000000,0.000000,0.000000,0.000000
21.679156,0.000000,0.000000,0.000000,0.000000,0.000000,0.000000
21.689156,0.000000,0.000000,0.000000,0.000000,0.000000,0.000000
21.699156,0.000000,0.000000,0.000000,0.000000,0.000000,0.000000
21.709156,0.000000,0.000000,0.000000,0.000000,0.000000,0.000000
21.719156,0.000000,0.000000,0.000000,0.000000,0.000000,0.000000
21.729156,0.000000,0.000000,0.000000,0.000000,0.000000,0.000000
21.739156,0.000000,0.000000,0.000000,0.000000,0.000000,0.000000
21.749156,0.000000,0.000000,0.000000,0.000000,0.000000,0.000000
21.759156,0.000000,0.000000,0.000000,0.000000,0.000000,0.000000
21.769156,0.000000,0.000000,0.000000,0.000000,0.000000,0.000000
21.779156,0.000000,0.000000,0.000000,0.000000,0.000000,0.000000
21.789156,0.000000,0.000000,0.000000,0.000000,0.000000,0.000000
21.799156,0.000000,0.000000,0.000000,0.000000,0.000000,0.000000
