time,linear_accel_x,linear_accel_y,linear_accel_z,angular_vel_x,angular_vel_y,angular_vel_z
0.303447,0.000000,0.000000,0.000000,0.000000,0.000000,0.000000
0.313447,0.000000,0.000000,0.000000,0.000000,0.000000,0.000000
0.323447,0.000000,0.000000,0.000000,0.000000,0.000000,0.000000
0.333447,0.000000,0.000000,0.000000,0.000000,0.000000,0.000000
0.343447,0.000000,0.000000,0.000000,0.000000,0.000000,0.000000
0.353447,0.000000,0.000000,0.000000,0.000000,0.000000,0.000000
0.363447,0.000000,0.000000,0.000000,0.000000,0.000000,0.000000
0.373447,0.000000,0.000000,0.000000,0.000000,0.000000,0.000000
0.383447,0.000000,0.000000,0.000000,0.000000,0.000000,0.000000
0.393447,0.000000,0.000000,0.000000,0.000000,0.000000,0.000000
0.403447,0.000000,0.000000,0.000000,0.000000,0.000000,0.000000
0.413447,0.000000,0.000000,0.000000,0.000000,0.000000,0.000000
0.423447,0.000000,0.000000,0.000000,0.000000,0.000000,0.000000
0.433447,0.000000,0.000000,0.000000,0.000000,0.000000,0.000000
0.443447,0.000000,0.000000,0.000000,0.000000,0.000000,0.000000
0.453447,0.000000,0.000000,0.000000,0.000000,0.000000,0.000000
0.463447,0.000000,0.000000,0.000000,0.000000,0.000000,0.000000
0.473447,0.000000,0.000000,0.000000,0.000000,0.000000,0.000000
0.483447,0.000000,0.000000,0.000000,0.000000,0.000000,0.000000
0.493447,0.000000,0.000000,0.000000,0.000000,0.000000,0.000000
0.503447,0.000000,0.000000,0.000000,0.000000,0.000000,0.000000
0.513447,0.000000,0.000000,0.000000,0.000000,0.000000,0.000000
0.523447,0.000000,0.000000,0.000000,0.000000,0.000000,0.000000
0.533447,0.000000,0.000000,0.000000,0.000000,0.000000,0.000000
0.543447,0.000000,0.000000,0.000000,0.000000,0.000000,0.000000
0.553447,0.000000,0.000000,0.000000,0.000000,0.000000,0.000000
0.563447,0.000000,0.000000,0.000000,0.000000,0.000000,0.000000
0.573447,0.000000,0.000000,0.000000,0.000000,0.000000,0.000000
0.583447,0.000000,0.000000,0.000000,0.000000,0.000000,0.000000
0.593447,0.000000,0.000000,0.000000,0.000000,0.000000,0.000000
0.603447,0.000000,0.000000,0.000000,0.000000,0.000000,0.000000
0.613447,0.000000,0.000000,0.000000,0.000000,0.000000,0.000000
0.623447,0.000000,0.000000,0.000000,0.000000,0.000000,0.000000
0.633447,0.000000,0.000000,0.000000,0.000000,0.000000,0.000000
0.643447,0.000000,0.000000,0.000000,0.000000,0.000000,0.000000
0.653447,0.000000,0.000000,0.000000,0.000000,0.000000,0.000000
0.663447,0.000000,0.000000,0.000000,0.000000,0.000000,0.000000
0.673447,0.000000,0.000000,0.000000,0.000000,0.000000,0.000000
0.683447,0.000000,0.000000,0.000000,0.000000,0.000000,0.000000
0.693447,0.000000,0.000000,0.000000,0.000000,0.000000,0.000000
0.703447,0.000000,0.000000,0.000000,0.000000,0.000000,0.000000
0.713447,0.000000,0.000000,0.000000,0.000000,0.000000,0.000000
0.723447,0.000000,0.000000,0.000000,0.000000,0.000000,0.000000
0.733447,0.000000,0.000000,0.000000,0.000000,0.000000,0.000000
0.743447,0.000000,0.000000,0.000000,0.000000,0.000000,0.000000
0.753447,0.000000,0.000000,0.000000,0.000000,0.000000,0.000000
0.763447,0.000000,0.000000,0.000000,0.000000,0.000000,0.000000
0.773447,0.000000,0.000000,0.000000,0.000000,0.000000,0.000000
0.783447,0.000000,0.000000,0.000000,0.000000,0.000000,0.000000
0.793447,0.000000,0.000000,0.000000,0.000000,0.000000,0.000000
0.803447,0.000000,0.000000,0.000000,0.000000,0.000000,0.000000
0.813447,0.000000,0.000000,0.000000,0.000000,0.000000,0.000000
0.823447,0.000000,0.000000,0.000000,0.000000,0.000000,0.000000
0.833447,0.000000,0.000000,0.000000,0.000000,0.000000,0.000000
0.843447,0.000000,0.000000,0.000000,0.000000,0.000000,0.000000
0.853447,0.000000,0.000000,0.000000,0.000000,0.000000,0.000000
0.863447,0.000000,0.000000,0.000000,0.000000,0.000000,0.000000
0.873447,0.000000,0.000000,0.000000,0.000000,0.000000,0.000000
0.883447,0.000000,0.000000,0.000000,0.000000,0.000000,0.000000
0.893447,0.000000,0.000000,0.000000,0.000000,0.000000,0.000000
0.903447,0.000000,0.000000,0.000000,0.000000,0.000000,0.000000
0.913447,0.000000,0.000000,0.000000,0.000000,0.000000,0.000000
0.923447,0.000000,0.000000,0.000000,0.000000,0.000000,0.000000
0.933447,0.000000,0.000000,0.000000,0.000000,0.000000,0.000000
0.943447,0.000000,0.000000,0.000000,0.000000,0.000000,0.000000
0.953447,0.000000,0.000000,0.000000,0.000000,0.000000,0.000000
0.963447,0.000000,0.000000,0.000000,0.000000,0.000000,0.000000
0.973447,0.000000,0.000000,0.000000,0.000000,0.000000,0.000000
0.983447,0.000000,0.000000,0.000000,0.000000,0.000000,0.000000
0.993447,0.000000,0.000000,0.000000,0.000000,0.000000,0.000000
1.003447,0.000000,0.000000,0.000000,0.000000,0.000000,0.000000
1.013447,0.000000,0.000000,0.000000,0.000000,0.000000,0.000000
1.023447,0.000000,0.000000,0.000000,0.000000,0.000000,0.000000
1.033447,0.000000,0.000000,0.000000,0.000000,0.000000,0.000000
1.043447,0.000000,0.000000,0.000000,0.000000,0.000000,0.000000
1.053447,0.000000,0.000000,0.000000,0.000000,0.000000,0.000000
1.063447,0.000000,0.000000,0.000000,0.000000,0.000000,0.000000
1.073447,0.000000,0.000000,0.000000,0.000000,0.000000,0.000000
1.083447,0.000000,0.000000,0.000000,0.000000,0.000000,0.000000
1.093447,0.000000,0.000000,0.000000,0.000000,0.000000,0.000000
1.103447,0.000000,0.000000,0.000000,0.000000,0.000000,0.000000
1.113447,0.000000,0.000000,0.000000,0.000000,0.000000,0.000000
1.123447,0.000000,0.000000,0.000000,0.000000,0.000000,0.000000
1.133447,0.000000,0.000000,0.000000,0.000000,0.000000,0.000000
1.143447,0.000000,0.000000,0.000000,0.000000,0.000000,0.000000
1.153447,0.000000,0.000000,0.000000,0.000000,0.000000,0.000000
1.163447,0.000000,0.000000,0.000000,0.000000,0.000000,0.000000
1.173447,0.000000,0.000000,0.000000,0.000000,0.000000,0.000000
1.183447,0.000000,0.000000,0.000000,0.000000,0.000000,0.000000
1.193447,0.000000,0.000000,0.000000,0.000000,0.000000,0.000000
1.203447,0.000000,0.000000,0.000000,0.000000,0.000000,0.000000
1.213447,0.000000,0.000000,0.000000,0.000000,0.000000,0.000000
1.223447,0.000000,0.000000,0.000000,0.000000,0.000000,0.000000
1.233447,0.000000,0.000000,0.000000,0.000000,0.000000,0.000000
1.243447,0.000000,0.000000,0.000000,0.000000,0.000000,0.000000
1.253447,0.000000,0.000000,0.000000,0.000000,0.000000,0.000000
1.263447,0.000000,0.000000,0.000000,0.000000,0.000000,0.000000
1.273447,0.000000,0.000000,0.000000,0.000000,0.000000,0.000000
1.283447,0.000000,0.000000,0.000000,0.000000,0.000000,0.000000
1.293447,0.000000,0.000000,0.000000,0.000000,0.000000,0.000000
1.303447,0.000000,0.000000,0.000000,0.000000,0.000000,0.000000
1.313447,0.000000,0.000000,0.000000,0.000000,0.000000,0.000000
1.323447,0.000000,0.000000,0.000000,0.000000,0.000000,0.000000
1.333447,0.000000,0.000000,0.000000,0.000000,0.000000,0.000000
1.343447,0.000000,0.000000,0.000000,0.000000,0.000000,0.000000
1.353447,0.000000,0.000000,0.000000,0.000000,0.000000,0.000000
1.363447,0.000000,0.000000,0.000000,0.000000,0.000000,0.000000
1.373447,0.000000,0.000000,0.000000,0.000000,0.000000,0.000000
1.383447,0.000000,0.000000,0.000000,0.000000,0.000000,0.000000
1.393447,0.000000,0.000000,0.000000,0.000000,0.000000,0.000000
1.403447,0.000000,0.000000,0.000000,0.000000,0.000000,0.000000
1.413447,0.000000,0.000000,0.000000,0.000000,0.000000,0.000000
1.423447,0.000000,0.000000,0.000000,0.000000,0.000000,0.000000
1.433447,0.000000,0.000000,0.000000,0.000000,0.000000,0.000000
1.443447,0.000000,0.000000,0.000000,0.000000,0.000000,0.000000
1.453447,0.000000,0.000000,0.000000,0.000000,0.000000,0.000000
1.463447,0.000000,0.000000,0.000000,0.000000,0.000000,0.000000
1.473447,0.000000,0.000000,0.000000,0.000000,0.000000,0.000000
1.483447,0.000000,0.000000,0.000000,0.000000,0.000000,0.000000
1.493447,0.000000,0.000000,0.000000,0.000000,0.000000,0.000000
1.503447,0.000000,0.000000,0.000000,0.000000,0.000000,0.000000
1.513447,0.000000,0.000000,0.000000,0.000000,0.000000,0.000000
1.523447,0.000000,0.000000,0.000000,0.000000,0.000000,0.000000
1.533447,0.000000,0.000000,0.000000,0.000000,0.000000,0.000000
1.543447,0.000000,0.000000,0.000000,0.000000,0.000000,0.000000
1.553447,0.000000,0.000000,0.000000,0.000000,0.000000,0.000000
1.563447,0.000000,0.000000,0.000000,0.000000,0.000000,0.000000
1.573447,0.000000,0.000000,0.000000,0.000000,0.000000,0.000000
1.583447,0.000000,0.000000,0.000000,0.000000,0.000000,0.000000
1.593447,0.000000,0.000000,0.000000,0.000000,0.000000,0.000000
1.603447,0.000000,0.000000,0.000000,0.000000,0.000000,0.000000
1.613447,0.000000,0.000000,0.000000,0.000000,0.000000,0.000000
1.623447,0.000000,0.000000,0.000000,0.000000,0.000000,0.000000
1.633447,0.000000,0.000000,0.000000,0.000000,0.000000,0.000000
1.643447,0.000000,0.000000,0.000000,0.000000,0.000000,0.000000
1.653447,0.000000,0.000000,0.000000,0.000000,0.000000,0.000000
1.663447,0.000000,0.000000,0.000000,0.000000,0.000000,0.000000
1.673447,0.000000,0.000000,0.000000,0.000000,0.000000,0.000000
1.683447,0.000000,0.000000,0.000000,0.000000,0.000000,0.000000
1.693447,0.000000,0.000000,0.000000,0.000000,0.000000,0.000000
1.703447,0.000000,0.000000,0.000000,0.000000,0.000000,0.000000
1.713447,0.000000,0.000000,0.000000,0.000000,0.000000,0.000000
1.723447,0.000000,0.000000,0.000000,0.000000,0.000000,0.000000
1.733447,0.000000,0.000000,0.000000,0.000000,0.000000,0.000000
1.743447,0.000000,0.000000,0.000000,0.000000,0.000000,0.000000
1.753447,0.000000,0.000000,0.000000,0.000000,0.000000,0.000000
1.763447,0.000000,0.000000,0.000000,0.000000,0.000000,0.000000
1.773447,0.000000,0.000000,0.000000,0.000000,0.000000,0.000000
1.783447,0.000000,0.000000,0.000000,0.000000,0.000000,0.000000
1.793447,0.000000,0.000000,0.000000,0.000000,0.000000,0.000000
1.803447,0.000000,0.000000,0.000000,0.000000,0.000000,0.000000
1.813447,0.000000,0.000000,0.000000,0.000000,0.000000,0.000000
1.823447,0.000000,0.000000,0.000000,0.000000,0.000000,0.000000
1.833447,0.000000,0.000000,0.000000,0.000000,0.000000,0.000000
1.843447,0.000000,0.000000,0.000000,0.000000,0.000000,0.000000
1.853447,0.000000,0.000000,0.000000,0.000000,0.000000,0.000000
1.863447,0.000000,0.000000,0.000000,0.000000,0.000000,0.000000
1.873447,0.000000,0.000000,0.000000,0.000000,0.000000,0.000000
1.883447,0.000000,0.000000,0.000000,0.000000,0.000000,0.000000
1.893447,0.000000,0.000000,0.000000,0.000000,0.000000,0.000000
1.903447,0.000000,0.000000,0.000000,0.000000,0.000000,0.000000
1.913447,0.000000,0.000000,0.000000,0.000000,0.000000,0.000000
1.923447,0.000000,0.000000,0.000000,0.000000,0.000000,0.000000
1.933447,0.000000,0.000000,0.000000,0.000000,0.000000,0.000000
1.943447,0.000000,0.000000,0.000000,0.000000,0.000000,0.000000
1.953447,0.000000,0.000000,0.000000,0.000000,0.000000,0.000000
1.963447,0.000000,0.000000,0.000000,0.000000,0.000000,0.000000
1.973447,0.000000,0.000000,0.000000,0.000000,0.000000,0.000000
1.983447,0.000000,0.000000,0.000000,0.000000,0.000000,0.000000
1.993447,0.000000,0.000000,0.000000,0.000000,0.000000,0.000000
2.003447,0.000000,0.000000,0.000000,0.000000,0.000000,0.000000
2.013447,0.000000,0.000000,0.000000,0.000000,0.000000,0.000000
2.023447,0.000000,0.000000,0.000000,0.000000,0.000000,0.000000
2.033447,0.000000,0.000000,0.000000,0.000000,0.000000,0.000000
2.043447,0.000000,0.000000,0.000000,0.000000,0.000000,0.000000
2.053447,0.000000,0.000000,0.000000,0.000000,0.000000,0.000000
2.063447,0.000000,0.000000,0.000000,0.000000,0.000000,0.000000
2.073447,0.000000,0.000000,0.000000,0.000000,0.000000,0.000000
2.083447,0.000000,0.000000,0.000000,0.000000,0.000000,0.000000
2.093447,0.000000,0.000000,0.000000,0.000000,0.000000,0.000000
2.103447,0.000000,0.000000,0.000000,0.000000,0.000000,0.000000
2.113447,0.000000,0.000000,0.000000,0.000000,0.000000,0.000000
2.123447,0.000000,0.000000,0.000000,0.000000,0.000000,0.000000
2.133447,0.000000,0.000000,0.000000,0.000000,0.000000,0.000000
2.143447,0.000000,0.000000,0.000000,0.000000,0.000000,0.000000
2.153447,0.000000,0.000000,0.000000,0.000000,0.000000,0.000000
2.163447,0.000000,0.000000,0.000000,0.000000,0.000000,0.000000
2.173447,0.000000,0.000000,0.000000,0.000000,0.000000,0.000000
2.183447,0.000000,0.000000,0.000000,0.000000,0.000000,0.000000
2.193447,0.000000,0.000000,0.000000,0.000000,0.000000,0.000000
2.203447,0.000000,0.000000,0.000000,0.000000,0.000000,0.000000
2.213447,0.000000,0.000000,0.000000,0.000000,0.000000,0.000000
2.223447,0.000000,0.000000,0.000000,0.000000,0.000000,0.000000
2.233447,0.000000,0.000000,0.000000,0.000000,0.000000,0.000000
2.243447,0.000000,0.000000,0.000000,0.000000,0.000000,0.000000
2.253447,0.000000,0.000000,0.000000,0.000000,0.000000,0.000000
2.263447,0.000000,0.000000,0.000000,0.000000,0.000000,0.000000
2.273447,0.000000,0.000000,0.000000,0.000000,0.000000,0.000000
2.283447,0.000000,0.000000,0.000000,0.000000,0.000000,0.000000
2.293447,0.000000,0.000000,0.000000,0.000000,0.000000,0.000000
2.303447,0.000000,0.000000,0.000000,0.000000,0.000000,0.000000
2.313447,0.000000,0.000000,0.000000,0.000000,0.000000,0.000000
2.323447,0.000000,0.000000,0.000000,0.000000,0.000000,0.000000
2.333447,0.000000,0.000000,0.000000,0.000000,0.000000,0.000000
2.343447,0.000000,0.000000,0.000000,0.000000,0.000000,0.000000
2.353447,0.000000,0.000000,0.000000,0.000000,0.000000,0.000000
2.363447,0.000000,0.000000,0.000000,0.000000,0.000000,0.000000
2.373447,0.000000,0.000000,0.000000,0.000000,0.000000,0.000000
2.383447,0.000000,0.000000,0.000000,0.000000,0.000000,0.000000
2.393447,0.000000,0.000000,0.000000,0.000000,0.000000,0.000000
2.403447,0.000000,0.000000,0.000000,0.000000,0.000000,0.000000
2.413447,0.000000,0.000000,0.000000,0.000000,0.000000,0.000000
2.423447,0.000000,0.000000,0.000000,0.000000,0.000000,0.000000
2.433447,0.000000,0.000000,0.000000,0.000000,0.000000,0.000000
2.443447,0.000000,0.000000,0.000000,0.000000,0.000000,0.000000
2.453447,0.000000,0.000000,0.000000,0.000000,0.000000,0.000000
2.463447,0.000000,0.000000,0.000000,0.000000,0.000000,0.000000
2.473447,0.000000,0.000000,0.000000,0.000000,0.000000,0.000000
2.483447,0.000000,0.000000,0.000000,0.000000,0.000000,0.000000
2.493447,0.000000,0.000000,0.000000,0.000000,0.000000,0.000000
2.503447,0.000000,0.000000,0.000000,0.000000,0.000000,0.000000
2.513447,0.000000,0.000000,0.000000,0.000000,0.000000,0.000000
2.523447,0.000000,0.000000,0.000000,0.000000,0.000000,0.000000
2.533447,0.000000,0.000000,0.000000,0.000000,0.000000,0.000000
2.543447,0.000000,0.000000,0.000000,0.000000,0.000000,0.000000
2.553447,0.000000,0.000000,0.000000,0.000000,0.000000,0.000000
2.563447,0.000000,0.000000,0.000000,0.000000,0.000000,0.000000
2.573447,0.000000,0.000000,0.000000,0.000000,0.000000,0.000000
2.583447,0.000000,0.000000,0.000000,0.000000,0.000000,0.000000
2.593447,0.000000,0.000000,0.000000,0.000000,0.000000,0.000000
2.603447,0.000000,0.000000,0.000000,0.000000,0.000000,0.000000
2.613447,0.000000,0.000000,0.000000,0.000000,0.000000,0.000000
2.623447,0.000000,0.000000,0.000000,0.000000,0.000000,0.000000
2.633447,0.000000,0.000000,0.000000,0.000000,0.000000,0.000000
2.643447,0.000000,0.000000,0.000000,0.000000,0.000000,0.000000
2.653447,0.000000,0.000000,0.000000,0.000000,0.000000,0.000000
2.663447,0.000000,0.000000,0.000000,0.000000,0.000000,0.000000
2.673447,0.000000,0.000000,0.000000,0.000000,0.000000,0.000000
2.683447,0.000000,0.000000,0.000000,0.000000,0.000000,0.000000
2.693447,0.000000,0.000000,0.000000,0.000000,0.000000,0.000000
2.703447,0.000000,0.000000,0.000000,0.000000,0.000000,0.000000
2.713447,0.000000,0.000000,0.000000,0.000000,0.000000,0.000000
2.723447,0.000000,0.000000,0.000000,0.000000,0.000000,0.000000
2.733447,0.000000,0.000000,0.000000,0.000000,0.000000,0.000000
2.743447,0.000000,0.000000,0.000000,0.000000,0.000000,0.000000
2.753447,0.000000,0.000000,0.000000,0.000000,0.000000,0.000000
2.763447,0.000000,0.000000,0.000000,0.000000,0.000000,0.000000
2.773447,0.000000,0.000000,0.000000,0.000000,0.000000,0.000000
2.783447,0.000000,0.000000,0.000000,0.000000,0.000000,0.000000
2.793447,0.000000,0.000000,0.000000,0.000000,0.000000,0.000000
2.803447,0.000000,0.000000,0.000000,0.000000,0.000000,0.000000
2.813447,0.000000,0.000000,0.000000,0.000000,0.000000,0.000000
2.823447,0.000000,0.000000,0.000000,0.000000,0.000000,0.000000
2.833447,0.000000,0.000000,0.000000,0.000000,0.000000,0.000000
2.843447,0.000000,0.000000,0.000000,0.000000,0.000000,0.000000
2.853447,0.000000,0.000000,0.000000,0.000000,0.000000,0.000000
2.863447,0.000000,0.000000,0.000000,0.000000,0.000000,0.000000
2.873447,0.000000,0.000000,0.000000,0.000000,0.000000,0.000000
2.883447,0.000000,0.000000,0.000000,0.000000,0.000000,0.000000
2.893447,0.000000,0.000000,0.000000,0.000000,0.000000,0.000000
2.903447,0.000000,0.000000,0.000000,0.000000,0.000000,0.000000
2.913447,0.000000,0.000000,0.000000,0.000000,0.000000,0.000000
2.923447,0.000000,0.000000,0.000000,0.000000,0.000000,0.000000
2.933447,0.000000,0.000000,0.000000,0.000000,0.000000,0.000000
2.943447,0.000000,0.000000,0.000000,0.000000,0.000000,0.000000
2.953447,0.000000,0.000000,0.000000,0.000000,0.000000,0.000000
2.963447,0.000000,0.000000,0.000000,0.000000,0.000000,0.000000
2.973447,0.000000,0.000000,0.000000,0.000000,0.000000,0.000000
2.983447,0.000000,0.000000,0.000000,0.000000,0.000000,0.000000
2.993447,0.000000,0.000000,0.000000,0.000000,0.000000,0.000000
3.003447,0.000000,0.000000,0.000000,0.000000,0.000000,0.000000
3.013447,0.000000,0.000000,0.000000,0.000000,0.000000,0.000000
3.023447,0.000000,0.000000,0.000000,0.000000,0.000000,0.000000
3.033447,0.000000,0.000000,0.000000,0.000000,0.000000,0.000000
3.043447,0.000000,0.000000,0.000000,0.000000,0.000000,0.000000
3.053447,0.000000,0.000000,0.000000,0.000000,0.000000,0.000000
3.063447,0.000000,0.000000,0.000000,0.000000,0.000000,0.000000
3.073447,0.000000,0.000000,0.000000,0.000000,0.000000,0.000000
3.083447,0.000000,0.000000,0.000000,0.000000,0.000000,0.000000
3.093447,0.000000,0.000000,0.000000,0.000000,0.000000,0.000000
3.103447,0.000000,0.000000,0.000000,0.000000,0.000000,0.000000
3.113447,0.000000,0.000000,0.000000,0.000000,0.000000,0.000000
3.123447,0.000000,0.000000,0.000000,0.000000,0.000000,0.000000
3.133447,0.000000,0.000000,0.000000,0.000000,0.000000,0.000000
3.143447,0.000000,0.000000,0.000000,0.000000,0.000000,0.000000
3.153447,0.000000,0.000000,0.000000,0.000000,0.000000,0.000000
3.163447,0.000000,0.000000,0.000000,0.000000,0.000000,0.000000
3.173447,0.000000,0.000000,0.000000,0.000000,0.000000,0.000000
3.183447,0.000000,0.000000,0.000000,0.000000,0.000000,0.000000
3.193447,0.000000,0.000000,0.000000,0.000000,0.000000,0.000000
3.203447,0.000000,0.000000,0.000000,0.000000,0.000000,0.000000
3.213447,0.000000,0.000000,0.000000,0.000000,0.000000,0.000000
3.223447,0.000000,0.000000,0.000000,0.000000,0.000000,0.000000
3.233447,0.000000,0.000000,0.000000,0.000000,0.000000,0.000000
3.243447,0.000000,0.000000,0.000000,0.000000,0.000000,0.000000
3.253447,0.000000,0.000000,0.000000,0.000000,0.000000,0.000000
3.263447,0.000000,0.000000,0.000000,0.000000,0.000000,0.000000
3.273447,0.000000,0.000000,0.000000,0.000000,0.000000,0.000000
3.283447,0.000000,0.000000,0.000000,0.000000,0.000000,0.000000
3.293447,0.000000,0.000000,0.000000,0.000000,0.000000,0.000000
3.303447,0.000000,0.000000,0.000000,0.000000,0.000000,0.000000
3.313447,0.000000,0.000000,0.000000,0.000000,0.000000,0.000000
3.323447,0.000000,0.000000,0.000000,0.000000,0.000000,0.000000
3.333447,0.000000,0.000000,0.000000,0.000000,0.000000,0.000000
3.343447,0.000000,0.000000,0.000000,0.000000,0.000000,0.000000
3.353447,0.000000,0.000000,0.000000,0.000000,0.000000,0.000000
3.363447,0.000000,0.000000,0.000000,0.000000,0.000000,0.000000
3.373447,0.000000,0.000000,0.000000,0.000000,0.000000,0.000000
3.383447,0.000000,0.000000,0.000000,0.000000,0.000000,0.000000
3.393447,0.000000,0.000000,0.000000,0.000000,0.000000,0.000000
3.403447,0.000000,0.000000,0.000000,0.000000,0.000000,0.000000
3.413447,0.000000,0.000000,0.000000,0.000000,0.000000,0.000000
3.423447,0.000000,0.000000,0.000000,0.000000,0.000000,0.000000
3.433447,0.000000,0.000000,0.000000,0.000000,0.000000,0.000000
3.443447,0.000000,0.000000,0.000000,0.000000,0.000000,0.000000
3.453447,0.000000,0.000000,0.000000,0.000000,0.000000,0.000000
3.463447,0.000000,0.000000,0.000000,0.000000,0.000000,0.000000
3.473447,0.000000,0.000000,0.000000,0.000000,0.000000,0.000000
3.483447,0.000000,0.000000,0.000000,0.000000,0.000000,0.000000
3.493447,0.000000,0.000000,0.000000,0.000000,0.000000,0.000000
3.503447,0.000000,0.000000,0.000000,0.000000,0.000000,0.000000
3.513447,0.000000,0.000000,0.000000,0.000000,0.000000,0.000000
3.523447,0.000000,0.000000,0.000000,0.000000,0.000000,0.000000
3.533447,0.000000,0.000000,0.000000,0.000000,0.000000,0.000000
3.543447,0.000000,0.000000,0.000000,0.000000,0.000000,0.000000
3.553447,0.000000,0.000000,0.000000,0.000000,0.000000,0.000000
3.563447,0.000000,0.000000,0.000000,0.000000,0.000000,0.000000
3.573447,0.000000,0.000000,0.000000,0.000000,0.000000,0.000000
3.583447,0.000000,0.000000,0.000000,0.000000,0.000000,0.000000
3.593447,0.000000,0.000000,0.000000,0.000000,0.000000,0.000000
3.603447,0.000000,0.000000,0.000000,0.000000,0.000000,0.000000
3.613447,0.000000,0.000000,0.000000,0.000000,0.000000,0.000000
3.623447,0.000000,0.000000,0.000000,0.000000,0.000000,0.000000
3.633447,0.000000,0.000000,0.000000,0.000000,0.000000,0.000000
3.643447,0.000000,0.000000,0.000000,0.000000,0.000000,0.000000
3.653447,0.000000,0.000000,0.000000,0.000000,0.000000,0.000000
3.663447,0.000000,0.000000,0.000000,0.000000,0.000000,0.000000
3.673447,0.000000,0.000000,0.000000,0.000000,0.000000,0.000000
3.683447,0.000000,0.000000,0.000000,0.000000,0.000000,0.000000
3.693447,0.000000,0.000000,0.000000,0.000000,0.000000,0.000000
3.703447,0.000000,0.000000,0.000000,0.000000,0.000000,0.000000
3.713447,0.000000,0.000000,0.000000,0.000000,0.000000,0.000000
3.723447,0.000000,0.000000,0.000000,0.000000,0.000000,0.000000
3.733447,0.000000,0.000000,0.000000,0.000000,0.000000,0.000000
3.743447,0.000000,0.000000,0.000000,0.000000,0.000000,0.000000
3.753447,0.000000,0.000000,0.000000,0.000000,0.000000,0.000000
3.763447,0.000000,0.000000,0.000000,0.000000,0.000000,0.000000
3.773447,0.000000,0.000000,0.000000,0.000000,0.000000,0.000000
3.783447,0.000000,0.000000,0.000000,0.000000,0.000000,0.000000
3.793447,0.000000,0.000000,0.000000,0.000000,0.000000,0.000000
3.803447,0.000000,0.000000,0.000000,0.000000,0.000000,0.000000
3.813447,0.000000,0.000000,0.000000,0.000000,0.000000,0.000000
3.823447,0.000000,0.000000,0.000000,0.000000,0.000000,0.000000
3.833447,0.000000,0.000000,0.000000,0.000000,0.000000,0.000000
3.843447,0.000000,0.000000,0.000000,0.000000,0.000000,0.000000
3.853447,0.000000,0.000000,0.000000,0.000000,0.000000,0.000000
3.863447,0.000000,0.000000,0.000000,0.000000,0.000000,0.000000
3.873447,0.000000,0.000000,0.000000,0.000000,0.000000,0.000000
3.883447,0.000000,0.000000,0.000000,0.000000,0.000000,0.000000
3.893447,0.000000,0.000000,0.000000,0.000000,0.000000,0.000000
3.903447,0.000000,0.000000,0.000000,0.000000,0.000000,0.000000
3.913447,0.000000,0.000000,0.000000,0.000000,0.000000,0.000000
3.923447,0.000000,0.000000,0.000000,0.000000,0.000000,0.000000
3.933447,0.000000,0.000000,0.000000,0.000000,0.000000,0.000000
3.943447,0.000000,0.000000,0.000000,0.000000,0.000000,0.000000
3.953447,0.000000,0.000000,0.000000,0.000000,0.000000,0.000000
3.963447,0.000000,0.000000,0.000000,0.000000,0.000000,0.000000
3.973447,0.000000,0.000000,0.000000,0.000000,0.000000,0.000000
3.983447,0.000000,0.000000,0.000000,0.000000,0.000000,0.000000
3.993447,0.000000,0.000000,0.000000,0.000000,0.000000,0.000000
4.003447,0.000000,0.000000,0.000000,0.000000,0.000000,0.000000
4.013447,0.000000,0.000000,0.000000,0.000000,0.000000,0.000000
4.023447,0.000000,0.000000,0.000000,0.000000,0.000000,0.000000
4.033447,0.000000,0.000000,0.000000,0.000000,0.000000,0.000000
4.043447,0.000000,0.000000,0.000000,0.000000,0.000000,0.000000
4.053447,0.000000,0.000000,0.000000,0.000000,0.000000,0.000000
4.063447,0.000000,0.000000,0.000000,0.000000,0.000000,0.000000
4.073447,0.000000,0.000000,0.000000,0.000000,0.000000,0.000000
4.083447,0.000000,0.000000,0.000000,0.000000,0.000000,0.000000
4.093447,0.000000,0.000000,0.000000,0.000000,0.000000,0.000000
4.103447,0.000000,0.000000,0.000000,0.000000,0.000000,0.000000
4.113447,0.000000,0.000000,0.000000,0.000000,0.000000,0.000000
4.123447,0.000000,0.000000,0.000000,0.000000,0.000000,0.000000
4.133447,0.000000,0.000000,0.000000,0.000000,0.000000,0.000000
4.143447,0.000000,0.000000,0.000000,0.000000,0.000000,0.000000
4.153447,0.000000,0.000000,0.000000,0.000000,0.000000,0.000000
4.163447,0.000000,0.000000,0.000000,0.000000,0.000000,0.000000
4.173447,0.000000,0.000000,0.000000,0.000000,0.000000,0.000000
4.183447,0.000000,0.000000,0.000000,0.000000,0.000000,0.000000
4.193447,0.000000,0.000000,0.000000,0.000000,0.000000,0.000000
4.203447,0.000000,0.000000,0.000000,0.000000,0.000000,0.000000
4.213447,0.000000,0.000000,0.000000,0.000000,0.000000,0.000000
4.223447,0.000000,0.000000,0.000000,0.000000,0.000000,0.000000
4.233447,0.000000,0.000000,0.000000,0.000000,0.000000,0.000000
4.243447,0.000000,0.000000,0.000000,0.000000,0.000000,0.000000
4.253447,0.000000,0.000000,0.000000,0.000000,0.000000,0.000000
4.263447,0.000000,0.000000,0.000000,0.000000,0.000000,0.000000
4.273447,0.000000,0.000000,0.000000,0.000000,0.000000,0.000000
4.283447,0.000000,0.000000,0.000000,0.000000,0.000000,0.000000
4.293447,0.000000,0.000000,0.000000,0.000000,0.000000,0.000000
4.303447,0.000000,0.000000,0.000000,0.000000,0.000000,0.000000
4.313447,0.000000,0.000000,0.000000,0.000000,0.000000,0.000000
4.323447,0.000000,0.000000,0.000000,0.000000,0.000000,0.000000
4.333447,0.000000,0.000000,0.000000,0.000000,0.000000,0.000000
4.343447,0.000000,0.000000,0.000000,0.000000,0.000000,0.000000
4.353447,0.000000,0.000000,0.000000,0.000000,0.000000,0.000000
4.363447,0.000000,0.000000,0.000000,0.000000,0.000000,0.000000
4.373447,0.000000,0.000000,0.000000,0.000000,0.000000,0.000000
4.383447,0.000000,0.000000,0.000000,0.000000,0.000000,0.000000
4.393447,0.000000,0.000000,0.000000,0.000000,0.000000,0.000000
4.403447,0.000000,0.000000,0.000000,0.000000,0.000000,0.000000
4.413447,0.000000,0.000000,0.000000,0.000000,0.000000,0.000000
4.423447,0.000000,0.000000,0.000000,0.000000,0.000000,0.000000
4.433447,0.000000,0.000000,0.000000,0.000000,0.000000,0.000000
4.443447,0.000000,0.000000,0.000000,0.000000,0.000000,0.000000
4.453447,0.000000,0.000000,0.000000,0.000000,0.000000,0.000000
4.463447,0.000000,0.000000,0.000000,0.000000,0.000000,0.000000
4.473447,0.000000,0.000000,0.000000,0.000000,0.000000,0.000000
4.483447,0.000000,0.000000,0.000000,0.000000,0.000000,0.000000
4.493447,0.000000,0.000000,0.000000,0.000000,0.000000,0.000000
4.503447,0.000000,0.000000,0.000000,0.000000,0.000000,0.000000
4.513447,0.000000,0.000000,0.000000,0.000000,0.000000,0.000000
4.523447,0.000000,0.000000,0.000000,0.000000,0.000000,0.000000
4.533447,0.000000,0.000000,0.000000,0.000000,0.000000,0.000000
4.543447,0.000000,0.000000,0.000000,0.000000,0.000000,0.000000
4.553447,0.000000,0.000000,0.000000,0.000000,0.000000,0.000000
4.563447,0.000000,0.000000,0.000000,0.000000,0.000000,0.000000
4.573447,0.000000,0.000000,0.000000,0.000000,0.000000,0.000000
4.583447,0.000000,0.000000,0.000000,0.000000,0.000000,0.000000
4.593447,0.000000,0.000000,0.000000,0.000000,0.000000,0.000000
4.603447,0.000000,0.000000,0.000000,0.000000,0.000000,0.000000
4.613447,0.000000,0.000000,0.000000,0.000000,0.000000,0.000000
4.623447,0.000000,0.000000,0.000000,0.000000,0.000000,0.000000
4.633447,0.000000,0.000000,0.000000,0.000000,0.000000,0.000000
4.643447,0.000000,0.000000,0.000000,0.000000,0.000000,0.000000
4.653447,0.000000,0.000000,0.000000,0.000000,0.000000,0.000000
4.663447,0.000000,0.000000,0.000000,0.000000,0.000000,0.000000
4.673447,0.000000,0.000000,0.000000,0.000000,0.000000,0.000000
4.683447,0.000000,0.000000,0.000000,0.000000,0.000000,0.000000
4.693447,0.000000,0.000000,0.000000,0.000000,0.000000,0.000000
4.703447,0.000000,0.000000,0.000000,0.000000,0.000000,0.000000
4.713447,0.000000,0.000000,0.000000,0.000000,0.000000,0.000000
4.723447,0.000000,0.000000,0.000000,0.000000,0.000000,0.000000
4.733447,0.000000,0.000000,0.000000,0.000000,0.000000,0.000000
4.743447,0.000000,0.000000,0.000000,0.000000,0.000000,0.000000
4.753447,0.000000,0.000000,0.000000,0.000000,0.000000,0.000000
4.763447,0.000000,0.000000,0.000000,0.000000,0.000000,0.000000
4.773447,0.000000,0.000000,0.000000,0.000000,0.000000,0.000000
4.783447,0.000000,0.000000,0.000000,0.000000,0.000000,0.000000
4.793447,0.000000,0.000000,0.000000,0.000000,0.000000,0.000000
4.803447,0.000000,0.000000,0.000000,0.000000,0.000000,0.000000
4.813447,0.000000,0.000000,0.000000,0.000000,0.000000,0.000000
4.823447,0.000000,0.000000,0.000000,0.000000,0.000000,0.000000
4.833447,0.000000,0.000000,0.000000,0.000000,0.000000,0.000000
4.843447,0.000000,0.000000,0.000000,0.000000,0.000000,0.000000
4.853447,0.000000,0.000000,0.000000,0.000000,0.000000,0.000000
4.863447,0.000000,0.000000,0.000000,0.000000,0.000000,0.000000
4.873447,0.000000,0.000000,0.000000,0.000000,0.000000,0.000000
4.883447,0.000000,0.000000,0.000000,0.000000,0.000000,0.000000
4.893447,0.000000,0.000000,0.000000,0.000000,0.000000,0.000000
4.903447,0.000000,0.000000,0.000000,0.000000,0.000000,0.000000
4.913447,0.000000,0.000000,0.000000,0.000000,0.000000,0.000000
4.923447,0.000000,0.000000,0.000000,0.000000,0.000000,0.000000
4.933447,0.000000,0.000000,0.000000,0.000000,0.000000,0.000000
4.943447,0.000000,0.000000,0.000000,0.000000,0.000000,0.000000
4.953447,0.000000,0.000000,0.000000,0.000000,0.000000,0.000000
4.963447,0.000000,0.000000,0.000000,0.000000,0.000000,0.000000
4.973447,0.000000,0.000000,0.000000,0.000000,0.000000,0.000000
4.983447,0.000000,0.000000,0.000000,0.000000,0.000000,0.000000
4.993447,0.000000,0.000000,0.000000,0.000000,0.000000,0.000000
5.003447,0.000000,0.000000,0.000000,0.000000,0.000000,0.000000
5.013447,0.000000,0.000000,0.000000,0.000000,0.000000,0.000000
5.023447,0.000000,0.000000,0.000000,0.000000,0.000000,0.000000
5.033447,0.000000,0.000000,0.000000,0.000000,0.000000,0.000000
5.043447,0.000000,0.000000,0.000000,0.000000,0.000000,0.000000
5.053447,0.000000,0.000000,0.000000,0.000000,0.000000,0.000000
5.063447,0.000000,0.000000,0.000000,0.000000,0.000000,0.000000
5.073447,0.000000,0.000000,0.000000,0.000000,0.000000,0.000000
5.083447,0.000000,0.000000,0.000000,0.000000,0.000000,0.000000
5.093447,0.100000,0.000000,0.000000,0.000000,0.000000,0.000000
5.103447,0.100000,0.000000,0.000000,0.000000,0.000000,0.000000
5.113447,0.100000,0.000000,0.000000,0.000000,0.000000,0.000000
5.123447,0.100000,0.000000,0.000000,0.000000,0.000000,0.000000
5.133447,0.100000,0.000000,0.000000,0.000000,0.000000,0.000000
5.143447,0.100000,0.000000,0.000000,0.000000,0.000000,0.000000
5.153447,0.100000,0.000000,0.000000,0.000000,0.000000,0.000000
5.163447,0.100000,0.000000,0.000000,0.000000,0.000000,0.000000
5.173447,0.100000,0.000000,0.000000,0.000000,0.000000,0.000000
5.183447,0.100000,0.000000,0.000000,0.000000,0.000000,0.000000
5.193447,0.100000,0.000000,0.000000,0.000000,0.000000,0.000000
5.203447,0.100000,0.000000,0.000000,0.000000,0.000000,0.000000
5.213447,0.100000,0.000000,0.000000,0.000000,0.000000,0.000000
5.223447,0.100000,0.000000,0.000000,0.000000,0.000000,0.000000
5.233447,0.100000,0.000000,0.000000,0.000000,0.000000,0.000000
5.243447,0.100000,0.000000,0.000000,0.000000,0.000000,0.000000
5.253447,0.100000,0.000000,0.000000,0.000000,0.000000,0.000000
5.263447,0.100000,0.000000,0.000000,0.000000,0.000000,0.000000
5.273447,0.100000,0.000000,0.000000,0.000000,0.000000,0.000000
5.283447,0.100000,0.000000,0.000000,0.000000,0.000000,0.000000
5.293447,0.100000,0.000000,0.000000,0.000000,0.000000,0.000000
5.303447,0.100000,0.000000,0.000000,0.000000,0.000000,0.000000
5.313447,0.100000,0.000000,0.000000,0.000000,0.000000,0.000000
5.323447,0.100000,0.000000,0.000000,0.000000,0.000000,0.000000
5.333447,0.100000,0.000000,0.000000,0.000000,0.000000,0.000000
5.343447,0.100000,0.000000,0.000000,0.000000,0.000000,0.000000
5.353447,0.100000,0.000000,0.000000,0.000000,0.000000,0.000000
5.363447,0.100000,0.000000,0.000000,0.000000,0.000000,0.000000
5.373447,0.100000,0.000000,0.000000,0.000000,0.000000,0.000000
5.383447,0.100000,0.000000,0.000000,0.000000,0.000000,0.000000
5.393447,0.100000,0.000000,0.000000,0.000000,0.000000,0.000000
5.403447,0.100000,0.000000,0.000000,0.000000,0.000000,0.000000
5.413447,0.100000,0.000000,0.000000,0.000000,0.000000,0.000000
5.423447,0.100000,0.000000,0.000000,0.000000,0.000000,0.000000
5.433447,0.100000,0.000000,0.000000,0.000000,0.000000,0.000000
5.443447,0.100000,0.000000,0.000000,0.000000,0.000000,0.000000
5.453447,0.100000,0.000000,0.000000,0.000000,0.000000,0.000000
5.463447,0.100000,0.000000,0.000000,0.000000,0.000000,0.000000
5.473447,0.100000,0.000000,0.000000,0.000000,0.000000,0.000000
5.483447,0.100000,0.000000,0.000000,0.000000,0.000000,0.000000
5.493447,0.100000,0.000000,0.000000,0.000000,0.000000,0.000000
5.503447,0.100000,0.000000,0.000000,0.000000,0.000000,0.000000
5.513447,0.100000,0.000000,0.000000,0.000000,0.000000,0.000000
5.523447,0.100000,0.000000,0.000000,0.000000,0.000000,0.000000
5.533447,0.100000,0.000000,0.000000,0.000000,0.000000,0.000000
5.543447,0.100000,0.000000,0.000000,0.000000,0.000000,0.000000
5.553447,0.100000,0.000000,0.000000,0.000000,0.000000,0.000000
5.563447,0.100000,0.000000,0.000000,0.000000,0.000000,0.000000
5.573447,0.100000,0.000000,0.000000,0.000000,0.000000,0.000000
5.583447,0.100000,0.000000,0.000000,0.000000,0.000000,0.000000
5.593447,0.100000,0.000000,0.000000,0.000000,0.000000,0.000000
5.603447,0.100000,0.000000,0.000000,0.000000,0.000000,0.000000
5.613447,0.100000,0.000000,0.000000,0.000000,0.000000,0.000000
5.623447,0.100000,0.000000,0.000000,0.000000,0.000000,0.000000
5.633447,0.100000,0.000000,0.000000,0.000000,0.000000,0.000000
5.643447,0.100000,0.000000,0.000000,0.000000,0.000000,0.000000
5.653447,0.100000,0.000000,0.000000,0.000000,0.000000,0.000000
5.663447,0.100000,0.000000,0.000000,0.000000,0.000000,0.000000
5.673447,0.100000,0.000000,0.000000,0.000000,0.000000,0.000000
5.683447,0.100000,0.000000,0.000000,0.000000,0.000000,0.000000
5.693447,0.100000,0.000000,0.000000,0.000000,0.000000,0.000000
5.703447,0.100000,0.000000,0.000000,0.000000,0.000000,0.000000
5.713447,0.100000,0.000000,0.000000,0.000000,0.000000,0.000000
5.723447,0.100000,0.000000,0.000000,0.000000,0.000000,0.000000
5.733447,0.100000,0.000000,0.000000,0.000000,0.000000,0.000000
5.743447,0.100000,0.000000,0.000000,0.000000,0.000000,0.000000
5.753447,0.100000,0.000000,0.000000,0.000000,0.000000,0.000000
5.763447,0.100000,0.000000,0.000000,0.000000,0.000000,0.000000
5.773447,0.100000,0.000000,0.000000,0.000000,0.000000,0.000000
5.783447,0.100000,0.000000,0.000000,0.000000,0.000000,0.000000
5.793447,0.100000,0.000000,0.000000,0.000000,0.000000,0.000000
5.803447,0.100000,0.000000,0.000000,0.000000,0.000000,0.000000
5.813447,0.100000,0.000000,0.000000,0.000000,0.000000,0.000000
5.823447,0.100000,0.000000,0.000000,0.000000,0.000000,0.000000
5.833447,0.100000,0.000000,0.000000,0.000000,0.000000,0.000000
5.843447,0.100000,0.000000,0.000000,0.000000,0.000000,0.000000
5.853447,0.100000,0.000000,0.000000,0.000000,0.000000,0.000000
5.863447,0.100000,0.000000,0.000000,0.000000,0.000000,0.000000
5.873447,0.100000,0.000000,0.000000,0.000000,0.000000,0.000000
5.883447,0.100000,0.000000,0.000000,0.000000,0.000000,0.000000
5.893447,0.100000,0.000000,0.000000,0.000000,0.000000,0.000000
5.903447,0.100000,0.000000,0.000000,0.000000,0.000000,0.000000
5.913447,0.100000,0.000000,0.000000,0.000000,0.000000,0.000000
5.923447,0.100000,0.000000,0.000000,0.000000,0.000000,0.000000
5.933447,0.100000,0.000000,0.000000,0.000000,0.000000,0.000000
5.943447,0.100000,0.000000,0.000000,0.000000,0.000000,0.000000
5.953447,0.100000,0.000000,0.000000,0.000000,0.000000,0.000000
5.963447,0.100000,0.000000,0.000000,0.000000,0.000000,0.000000
5.973447,0.100000,0.000000,0.000000,0.000000,0.000000,0.000000
5.983447,0.100000,0.000000,0.000000,0.000000,0.000000,0.000000
5.993447,0.100000,0.000000,0.000000,0.000000,0.000000,0.000000
6.003447,0.100000,0.000000,0.000000,0.000000,0.000000,0.000000
6.013447,0.100000,0.000000,0.000000,0.000000,0.000000,0.000000
6.023447,0.100000,0.000000,0.000000,0.000000,0.000000,0.000000
6.033447,0.100000,0.000000,0.000000,0.000000,0.000000,0.000000
6.043447,0.100000,0.000000,0.000000,0.000000,0.000000,0.000000
6.053447,0.100000,0.000000,0.000000,0.000000,0.000000,0.000000
6.063447,0.100000,0.000000,0.000000,0.000000,0.000000,0.000000
6.073447,0.100000,0.000000,0.000000,0.000000,0.000000,0.000000
6.083447,0.100000,0.000000,0.000000,0.000000,0.000000,0.000000
6.093447,0.100000,0.000000,0.000000,0.000000,0.000000,0.000000
6.103447,0.100000,0.000000,0.000000,0.000000,0.000000,0.000000
6.113447,0.100000,0.000000,0.000000,0.000000,0.000000,0.000000
6.123447,0.100000,0.000000,0.000000,0.000000,0.000000,0.000000
6.133447,0.100000,0.000000,0.000000,0.000000,0.000000,0.000000
6.143447,0.100000,0.000000,0.000000,0.000000,0.000000,0.000000
6.153447,0.100000,0.000000,0.000000,0.000000,0.000000,0.000000
6.163447,0.100000,0.000000,0.000000,0.000000,0.000000,0.000000
6.173447,0.100000,0.000000,0.000000,0.000000,0.000000,0.000000
6.183447,0.100000,0.000000,0.000000,0.000000,0.000000,0.000000
6.193447,0.100000,0.000000,0.000000,0.000000,0.000000,0.000000
6.203447,0.100000,0.000000,0.000000,0.000000,0.000000,0.000000
6.213447,0.100000,0.000000,0.000000,0.000000,0.000000,0.000000
6.223447,0.100000,0.000000,0.000000,0.000000,0.000000,0.000000
6.233447,0.100000,0.000000,0.000000,0.000000,0.000000,0.000000
6.243447,0.100000,0.000000,0.000000,0.000000,0.000000,0.000000
6.253447,0.100000,0.000000,0.000000,0.000000,0.000000,0.000000
6.263447,0.100000,0.000000,0.000000,0.000000,0.000000,0.000000
6.273447,0.100000,0.000000,0.000000,0.000000,0.000000,0.000000
6.283447,0.100000,0.000000,0.000000,0.000000,0.000000,0.000000
6.293447,0.100000,0.000000,0.000000,0.000000,0.000000,0.000000
6.303447,0.100000,0.000000,0.000000,0.000000,0.000000,0.000000
6.313447,0.100000,0.000000,0.000000,0.000000,0.000000,0.000000
6.323447,0.100000,0.000000,0.000000,0.000000,0.000000,0.000000
6.333447,0.100000,0.000000,0.000000,0.000000,0.000000,0.000000
6.343447,0.100000,0.000000,0.000000,0.000000,0.000000,0.000000
6.353447,0.100000,0.000000,0.000000,0.000000,0.000000,0.000000
6.363447,0.100000,0.000000,0.000000,0.000000,0.000000,0.000000
6.373447,0.100000,0.000000,0.000000,0.000000,0.000000,0.000000
6.383447,0.100000,0.000000,0.000000,0.000000,0.000000,0.000000
6.393447,0.100000,0.000000,0.000000,0.000000,0.000000,0.000000
6.403447,0.100000,0.000000,0.000000,0.000000,0.000000,0.000000
6.413447,0.100000,0.000000,0.000000,0.000000,0.000000,0.000000
6.423447,0.100000,0.000000,0.000000,0.000000,0.000000,0.000000
6.433447,0.100000,0.000000,0.000000,0.000000,0.000000,0.000000
6.443447,0.100000,0.000000,0.000000,0.000000,0.000000,0.000000
6.453447,0.100000,0.000000,0.000000,0.000000,0.000000,0.000000
6.463447,0.100000,0.000000,0.000000,0.000000,0.000000,0.000000
6.473447,0.100000,0.000000,0.000000,0.000000,0.000000,0.000000
6.483447,0.100000,0.000000,0.000000,0.000000,0.000000,0.000000
6.493447,0.100000,0.000000,0.000000,0.000000,0.000000,0.000000
6.503447,0.100000,0.000000,0.000000,0.000000,0.000000,0.000000
6.513447,0.100000,0.000000,0.000000,0.000000,0.000000,0.000000
6.523447,0.100000,0.000000,0.000000,0.000000,0.000000,0.000000
6.533447,0.100000,0.000000,0.000000,0.000000,0.000000,0.000000
6.543447,0.100000,0.000000,0.000000,0.000000,0.000000,0.000000
6.553447,0.100000,0.000000,0.000000,0.000000,0.000000,0.000000
6.563447,0.100000,0.000000,0.000000,0.000000,0.000000,0.000000
6.573447,0.100000,0.000000,0.000000,0.000000,0.000000,0.000000
6.583447,0.100000,0.000000,0.000000,0.000000,0.000000,0.000000
6.593447,0.100000,0.000000,0.000000,0.000000,0.000000,0.000000
6.603447,0.100000,0.000000,0.000000,0.000000,0.000000,0.000000
6.613447,0.100000,0.000000,0.000000,0.000000,0.000000,0.000000
6.623447,0.100000,0.000000,0.000000,0.000000,0.000000,0.000000
6.633447,0.100000,0.000000,0.000000,0.000000,0.000000,0.000000
6.643447,0.100000,0.000000,0.000000,0.000000,0.000000,0.000000
6.653447,0.100000,0.000000,0.000000,0.000000,0.000000,0.000000
6.663447,0.100000,0.000000,0.000000,0.000000,0.000000,0.000000
6.673447,0.100000,0.000000,0.000000,0.000000,0.000000,0.000000
6.683447,0.100000,0.000000,0.000000,0.000000,0.000000,0.000000
6.693447,0.100000,0.000000,0.000000,0.000000,0.000000,0.000000
6.703447,0.100000,0.000000,0.000000,0.000000,0.000000,0.000000
6.713447,0.100000,0.000000,0.000000,0.000000,0.000000,0.000000
6.723447,0.100000,0.000000,0.000000,0.000000,0.000000,0.000000
6.733447,0.100000,0.000000,0.000000,0.000000,0.000000,0.000000
6.743447,0.100000,0.000000,0.000000,0.000000,0.000000,0.000000
6.753447,0.100000,0.000000,0.000000,0.000000,0.000000,0.000000
6.763447,0.100000,0.000000,0.000000,0.000000,0.000000,0.000000
6.773447,0.100000,0.000000,0.000000,0.000000,0.000000,0.000000
6.783447,0.100000,0.000000,0.000000,0.000000,0.000000,0.000000
6.793447,0.100000,0.000000,0.000000,0.000000,0.000000,0.000000
6.803447,0.100000,0.000000,0.000000,0.000000,0.000000,0.000000
6.813447,0.100000,0.000000,0.000000,0.000000,0.000000,0.000000
6.823447,0.100000,0.000000,0.000000,0.000000,0.000000,0.000000
6.833447,0.100000,0.000000,0.000000,0.000000,0.000000,0.000000
6.843447,0.100000,0.000000,0.000000,0.000000,0.000000,0.000000
6.853447,0.100000,0.000000,0.000000,0.000000,0.000000,0.000000
6.863447,0.100000,0.000000,0.000000,0.000000,0.000000,0.000000
6.873447,0.100000,0.000000,0.000000,0.000000,0.000000,0.000000
6.883447,0.100000,0.000000,0.000000,0.000000,0.000000,0.000000
6.893447,0.100000,0.000000,0.000000,0.000000,0.000000,0.000000
6.903447,0.100000,0.000000,0.000000,0.000000,0.000000,0.000000
6.913447,0.100000,0.000000,0.000000,0.000000,0.000000,0.000000
6.923447,0.100000,0.000000,0.000000,0.000000,0.000000,0.000000
6.933447,0.100000,0.000000,0.000000,0.000000,0.000000,0.000000
6.943447,0.100000,0.000000,0.000000,0.000000,0.000000,0.000000
6.953447,0.100000,0.000000,0.000000,0.000000,0.000000,0.000000
6.963447,0.100000,0.000000,0.000000,0.000000,0.000000,0.000000
6.973447,0.100000,0.000000,0.000000,0.000000,0.000000,0.000000
6.983447,0.100000,0.000000,0.000000,0.000000,0.000000,0.000000
6.993447,0.100000,0.000000,0.000000,0.000000,0.000000,0.000000
7.003447,0.100000,0.000000,0.000000,0.000000,0.000000,0.000000
7.013447,0.100000,0.000000,0.000000,0.000000,0.000000,0.000000
7.023447,0.100000,0.000000,0.000000,0.000000,0.000000,0.000000
7.033447,0.100000,0.000000,0.000000,0.000000,0.000000,0.000000
7.043447,0.100000,0.000000,0.000000,0.000000,0.000000,0.000000
7.053447,0.100000,0.000000,0.000000,0.000000,0.000000,0.000000
7.063447,0.100000,0.000000,0.000000,0.000000,0.000000,0.000000
7.073447,0.100000,0.000000,0.000000,0.000000,0.000000,0.000000
7.083447,0.100000,0.000000,0.000000,0.000000,0.000000,0.000000
7.093447,0.100000,0.000000,0.000000,0.000000,0.000000,0.000000
7.103447,0.100000,0.000000,0.000000,0.000000,0.000000,0.000000
7.113447,0.100000,0.000000,0.000000,0.000000,0.000000,0.000000
7.123447,0.100000,0.000000,0.000000,0.000000,0.000000,0.000000
7.133447,0.100000,0.000000,0.000000,0.000000,0.000000,0.000000
7.143447,0.100000,0.000000,0.000000,0.000000,0.000000,0.000000
7.153447,0.100000,0.000000,0.000000,0.000000,0.000000,0.000000
7.163447,0.100000,0.000000,0.000000,0.000000,0.000000,0.000000
7.173447,0.100000,0.000000,0.000000,0.000000,0.000000,0.000000
7.183447,0.100000,0.000000,0.000000,0.000000,0.000000,0.000000
7.193447,0.100000,0.000000,0.000000,0.000000,0.000000,0.000000
7.203447,0.100000,0.000000,0.000000,0.000000,0.000000,0.000000
7.213447,0.100000,0.000000,0.000000,0.000000,0.000000,0.000000
7.223447,0.100000,0.000000,0.000000,0.000000,0.000000,0.000000
7.233447,0.100000,0.000000,0.000000,0.000000,0.000000,0.000000
7.243447,0.100000,0.000000,0.000000,0.000000,0.000000,0.000000
7.253447,0.100000,0.000000,0.000000,0.000000,0.000000,0.000000
7.263447,0.100000,0.000000,0.000000,0.000000,0.000000,0.000000
7.273447,0.100000,0.000000,0.000000,0.000000,0.000000,0.000000
7.283447,0.100000,0.000000,0.000000,0.000000,0.000000,0.000000
7.293447,0.100000,0.000000,0.000000,0.000000,0.000000,0.000000
7.303447,0.100000,0.000000,0.000000,0.000000,0.000000,0.000000
7.313447,0.100000,0.000000,0.000000,0.000000,0.000000,0.000000
7.323447,0.100000,0.000000,0.000000,0.000000,0.000000,0.000000
7.333447,0.100000,0.000000,0.000000,0.000000,0.000000,0.000000
7.343447,0.100000,0.000000,0.000000,0.000000,0.000000,0.000000
7.353447,0.100000,0.000000,0.000000,0.000000,0.000000,0.000000
7.363447,0.100000,0.000000,0.000000,0.000000,0.000000,0.000000
7.373447,0.100000,0.000000,0.000000,0.000000,0.000000,0.000000
7.383447,0.100000,0.000000,0.000000,0.000000,0.000000,0.000000
7.393447,0.100000,0.000000,0.000000,0.000000,0.000000,0.000000
7.403447,0.100000,0.000000,0.000000,0.000000,0.000000,0.000000
7.413447,0.100000,0.000000,0.000000,0.000000,0.000000,0.000000
7.423447,0.100000,0.000000,0.000000,0.000000,0.000000,0.000000
7.433447,0.100000,0.000000,0.000000,0.000000,0.000000,0.000000
7.443447,0.100000,0.000000,0.000000,0.000000,0.000000,0.000000
7.453447,0.100000,0.000000,0.000000,0.000000,0.000000,0.000000
7.463447,0.100000,0.000000,0.000000,0.000000,0.000000,0.000000
7.473447,0.100000,0.000000,0.000000,0.000000,0.000000,0.000000
7.483447,0.100000,0.000000,0.000000,0.000000,0.000000,0.000000
7.493447,0.100000,0.000000,0.000000,0.000000,0.000000,0.000000
7.503447,0.100000,0.000000,0.000000,0.000000,0.000000,0.000000
7.513447,0.100000,0.000000,0.000000,0.000000,0.000000,0.000000
7.523447,0.100000,0.000000,0.000000,0.000000,0.000000,0.000000
7.533447,0.100000,0.000000,0.000000,0.000000,0.000000,0.000000
7.543447,0.100000,0.000000,0.000000,0.000000,0.000000,0.000000
7.553447,0.100000,0.000000,0.000000,0.000000,0.000000,0.000000
7.563447,0.100000,0.000000,0.000000,0.000000,0.000000,0.000000
7.573447,0.100000,0.000000,0.000000,0.000000,0.000000,0.000000
7.583447,0.100000,0.000000,0.000000,0.000000,0.000000,0.000000
7.593447,0.100000,0.000000,0.000000,0.000000,0.000000,0.000000
7.603447,0.100000,0.000000,0.000000,0.000000,0.000000,0.000000
7.613447,0.100000,0.000000,0.000000,0.000000,0.000000,0.000000
7.623447,0.100000,0.000000,0.000000,0.000000,0.000000,0.000000
7.633447,0.100000,0.000000,0.000000,0.000000,0.000000,0.000000
7.643447,0.100000,0.000000,0.000000,0.000000,0.000000,0.000000
7.653447,0.100000,0.000000,0.000000,0.000000,0.000000,0.000000
7.663447,0.100000,0.000000,0.000000,0.000000,0.000000,0.000000
7.673447,0.100000,0.000000,0.000000,0.000000,0.000000,0.000000
7.683447,0.100000,0.000000,0.000000,0.000000,0.000000,0.000000
7.693447,0.100000,0.000000,0.000000,0.000000,0.000000,0.000000
7.703447,0.100000,0.000000,0.000000,0.000000,0.000000,0.000000
7.713447,0.100000,0.000000,0.000000,0.000000,0.000000,0.000000
7.723447,0.100000,0.000000,0.000000,0.000000,0.000000,0.000000
7.733447,0.100000,0.000000,0.000000,0.000000,0.000000,0.000000
7.743447,0.100000,0.000000,0.000000,0.000000,0.000000,0.000000
7.753447,0.100000,0.000000,0.000000,0.000000,0.000000,0.000000
7.763447,0.100000,0.000000,0.000000,0.000000,0.000000,0.000000
7.773447,0.100000,0.000000,0.000000,0.000000,0.000000,0.000000
7.783447,0.100000,0.000000,0.000000,0.000000,0.000000,0.000000
7.793447,0.100000,0.000000,0.000000,0.000000,0.000000,0.000000
7.803447,0.100000,0.000000,0.000000,0.000000,0.000000,0.000000
7.813447,0.100000,0.000000,0.000000,0.000000,0.000000,0.000000
7.823447,0.100000,0.000000,0.000000,0.000000,0.000000,0.000000
7.833447,0.100000,0.000000,0.000000,0.000000,0.000000,0.000000
7.843447,0.100000,0.000000,0.000000,0.000000,0.000000,0.000000
7.853447,0.100000,0.000000,0.000000,0.000000,0.000000,0.000000
7.863447,0.100000,0.000000,0.000000,0.000000,0.000000,0.000000
7.873447,0.100000,0.000000,0.000000,0.000000,0.000000,0.000000
7.883447,0.100000,0.000000,0.000000,0.000000,0.000000,0.000000
7.893447,0.100000,0.000000,0.000000,0.000000,0.000000,0.000000
7.903447,0.100000,0.000000,0.000000,0.000000,0.000000,0.000000
7.913447,0.100000,0.000000,0.000000,0.000000,0.000000,0.000000
7.923447,0.100000,0.000000,0.000000,0.000000,0.000000,0.000000
7.933447,0.100000,0.000000,0.000000,0.000000,0.000000,0.000000
7.943447,0.100000,0.000000,0.000000,0.000000,0.000000,0.000000
7.953447,0.100000,0.000000,0.000000,0.000000,0.000000,0.000000
7.963447,0.100000,0.000000,0.000000,0.000000,0.000000,0.000000
7.973447,0.100000,0.000000,0.000000,0.000000,0.000000,0.000000
7.983447,0.100000,0.000000,0.000000,0.000000,0.000000,0.000000
7.993447,0.100000,0.000000,0.000000,0.000000,0.000000,0.000000
8.003447,0.100000,0.000000,0.000000,0.000000,0.000000,0.000000
8.013447,0.100000,0.000000,0.000000,0.000000,0.000000,0.000000
8.023447,0.100000,0.000000,0.000000,0.000000,0.000000,0.000000
8.033447,0.100000,0.000000,0.000000,0.000000,0.000000,0.000000
8.043447,0.100000,0.000000,0.000000,0.000000,0.000000,0.000000
8.053447,0.100000,0.000000,0.000000,0.000000,0.000000,0.000000
8.063447,0.100000,0.000000,0.000000,0.000000,0.000000,0.000000
8.073447,0.100000,0.000000,0.000000,0.000000,0.000000,0.000000
8.083447,0.100000,0.000000,0.000000,0.000000,0.000000,0.000000
8.093447,0.100000,0.000000,0.000000,0.000000,0.000000,0.000000
8.103447,0.100000,0.000000,0.000000,0.000000,0.000000,0.000000
8.113447,0.100000,0.000000,0.000000,0.000000,0.000000,0.000000
8.123447,0.100000,0.000000,0.000000,0.000000,0.000000,0.000000
8.133447,0.100000,0.000000,0.000000,0.000000,0.000000,0.000000
8.143447,0.100000,0.000000,0.000000,0.000000,0.000000,0.000000
8.153447,0.100000,0.000000,0.000000,0.000000,0.000000,0.000000
8.163447,0.100000,0.000000,0.000000,0.000000,0.000000,0.000000
8.173447,0.100000,0.000000,0.000000,0.000000,0.000000,0.000000
8.183447,0.100000,0.000000,0.000000,0.000000,0.000000,0.000000
8.193447,0.100000,0.000000,0.000000,0.000000,0.000000,0.000000
8.203447,0.100000,0.000000,0.000000,0.000000,0.000000,0.000000
8.213447,0.100000,0.000000,0.000000,0.000000,0.000000,0.000000
8.223447,0.100000,0.000000,0.000000,0.000000,0.000000,0.000000
8.233447,0.100000,0.000000,0.000000,0.000000,0.000000,0.000000
8.243447,0.100000,0.000000,0.000000,0.000000,0.000000,0.000000
8.253447,0.100000,0.000000,0.000000,0.000000,0.000000,0.000000
8.263447,0.100000,0.000000,0.000000,0.000000,0.000000,0.000000
8.273447,0.100000,0.000000,0.000000,0.000000,0.000000,0.000000
8.283447,0.100000,0.000000,0.000000,0.000000,0.000000,0.000000
8.293447,0.100000,0.000000,0.000000,0.000000,0.000000,0.000000
8.303447,0.100000,0.000000,0.000000,0.000000,0.000000,0.000000
8.313447,0.100000,0.000000,0.000000,0.000000,0.000000,0.000000
8.323447,0.100000,0.000000,0.000000,0.000000,0.000000,0.000000
8.333447,0.100000,0.000000,0.000000,0.000000,0.000000,0.000000
8.343447,0.100000,0.000000,0.000000,0.000000,0.000000,0.000000
8.353447,0.100000,0.000000,0.000000,0.000000,0.000000,0.000000
8.363447,0.100000,0.000000,0.000000,0.000000,0.000000,0.000000
8.373447,0.100000,0.000000,0.000000,0.000000,0.000000,0.000000
8.383447,0.100000,0.000000,0.000000,0.000000,0.000000,0.000000
8.393447,0.100000,0.000000,0.000000,0.000000,0.000000,0.000000
8.403447,0.100000,0.000000,0.000000,0.000000,0.000000,0.000000
8.413447,0.100000,0.000000,0.000000,0.000000,0.000000,0.000000
8.423447,0.100000,0.000000,0.000000,0.000000,0.000000,0.000000
8.433447,0.100000,0.000000,0.000000,0.000000,0.000000,0.000000
8.443447,0.100000,0.000000,0.000000,0.000000,0.000000,0.000000
8.453447,0.100000,0.000000,0.000000,0.000000,0.000000,0.000000
8.463447,0.100000,0.000000,0.000000,0.000000,0.000000,0.000000
8.473447,0.100000,0.000000,0.000000,0.000000,0.000000,0.000000
8.483447,0.100000,0.000000,0.000000,0.000000,0.000000,0.000000
8.493447,0.100000,0.000000,0.000000,0.000000,0.000000,0.000000
8.503447,0.100000,0.000000,0.000000,0.000000,0.000000,0.000000
8.513447,0.100000,0.000000,0.000000,0.000000,0.000000,0.000000
8.523447,0.100000,0.000000,0.000000,0.000000,0.000000,0.000000
8.533447,0.100000,0.000000,0.000000,0.000000,0.000000,0.000000
8.543447,0.100000,0.000000,0.000000,0.000000,0.000000,0.000000
8.553447,0.100000,0.000000,0.000000,0.000000,0.000000,0.000000
8.563447,0.100000,0.000000,0.000000,0.000000,0.000000,0.000000
8.573447,0.100000,0.000000,0.000000,0.000000,0.000000,0.000000
8.583447,0.100000,0.000000,0.000000,0.000000,0.000000,0.000000
8.593447,0.100000,0.000000,0.000000,0.000000,0.000000,0.000000
8.603447,0.100000,0.000000,0.000000,0.000000,0.000000,0.000000
8.613447,0.100000,0.000000,0.000000,0.000000,0.000000,0.000000
8.623447,0.100000,0.000000,0.000000,0.000000,0.000000,0.000000
8.633447,0.100000,0.000000,0.000000,0.000000,0.000000,0.000000
8.643447,0.100000,0.000000,0.000000,0.000000,0.000000,0.000000
8.653447,0.100000,0.000000,0.000000,0.000000,0.000000,0.000000
8.663447,0.100000,0.000000,0.000000,0.000000,0.000000,0.000000
8.673447,0.100000,0.000000,0.000000,0.000000,0.000000,0.000000
8.683447,0.100000,0.000000,0.000000,0.000000,0.000000,0.000000
8.693447,0.100000,0.000000,0.000000,0.000000,0.000000,0.000000
8.703447,0.100000,0.000000,0.000000,0.000000,0.000000,0.000000
8.713447,0.100000,0.000000,0.000000,0.000000,0.000000,0.000000
8.723447,0.100000,0.000000,0.000000,0.000000,0.000000,0.000000
8.733447,0.100000,0.000000,0.000000,0.000000,0.000000,0.000000
8.743447,0.100000,0.000000,0.000000,0.000000,0.000000,0.000000
8.753447,0.100000,0.000000,0.000000,0.000000,0.000000,0.000000
8.763447,0.100000,0.000000,0.000000,0.000000,0.000000,0.000000
8.773447,0.100000,0.000000,0.000000,0.000000,0.000000,0.000000
8.783447,0.100000,0.000000,0.000000,0.000000,0.000000,0.000000
8.793447,0.100000,0.000000,0.000000,0.000000,0.000000,0.000000
8.803447,0.100000,0.000000,0.000000,0.000000,0.000000,0.000000
8.813447,0.100000,0.000000,0.000000,0.000000,0.000000,0.000000
8.823447,0.100000,0.000000,0.000000,0.000000,0.000000,0.000000
8.833447,0.100000,0.000000,0.000000,0.000000,0.000000,0.000000
8.843447,0.100000,0.000000,0.000000,0.000000,0.000000,0.000000
8.853447,0.100000,0.000000,0.000000,0.000000,0.000000,0.000000
8.863447,0.100000,0.000000,0.000000,0.000000,0.000000,0.000000
8.873447,0.100000,0.000000,0.000000,0.000000,0.000000,0.000000
8.883447,0.100000,0.000000,0.000000,0.000000,0.000000,0.000000
8.893447,0.100000,0.000000,0.000000,0.000000,0.000000,0.000000
8.903447,0.100000,0.000000,0.000000,0.000000,0.000000,0.000000
8.913447,0.100000,0.000000,0.000000,0.000000,0.000000,0.000000
8.923447,0.100000,0.000000,0.000000,0.000000,0.000000,0.000000
8.933447,0.100000,0.000000,0.000000,0.000000,0.000000,0.000000
8.943447,0.100000,0.000000,0.000000,0.000000,0.000000,0.000000
8.953447,0.100000,0.000000,0.000000,0.000000,0.000000,0.000000
8.963447,0.100000,0.000000,0.000000,0.000000,0.000000,0.000000
8.973447,0.100000,0.000000,0.000000,0.000000,0.000000,0.000000
8.983447,0.100000,0.000000,0.000000,0.000000,0.000000,0.000000
8.993447,0.100000,0.000000,0.000000,0.000000,0.000000,0.000000
9.003447,0.100000,0.000000,0.000000,0.000000,0.000000,0.000000
9.013447,0.100000,0.000000,0.000000,0.000000,0.000000,0.000000
9.023447,0.100000,0.000000,0.000000,0.000000,0.000000,0.000000
9.033447,0.100000,0.000000,0.000000,0.000000,0.000000,0.000000
9.043447,0.100000,0.000000,0.000000,0.000000,0.000000,0.000000
9.053447,0.100000,0.000000,0.000000,0.000000,0.000000,0.000000
9.063447,0.100000,0.000000,0.000000,0.000000,0.000000,0.000000
9.073447,0.100000,0.000000,0.000000,0.000000,0.000000,0.000000
9.083447,0.100000,0.000000,0.000000,0.000000,0.000000,0.000000
9.093447,0.000000,0.000000,0.000000,0.000000,0.000000,0.000000
9.103447,0.000000,0.000000,0.000000,0.000000,0.000000,0.000000
9.113447,0.000000,0.000000,0.000000,0.000000,0.000000,0.000000
9.123447,0.000000,0.000000,0.000000,0.000000,0.000000,0.000000
9.133447,0.000000,0.000000,0.000000,0.000000,0.000000,0.000000
9.143447,0.000000,0.000000,0.000000,0.000000,0.000000,0.000000
9.153447,0.000000,0.000000,0.000000,0.000000,0.000000,0.000000
9.163447,0.000000,0.000000,0.000000,0.000000,0.000000,0.000000
9.173447,0.000000,0.000000,0.000000,0.000000,0.000000,0.000000
9.183447,0.000000,0.000000,0.000000,0.000000,0.000000,0.000000
9.193447,0.000000,0.000000,0.000000,0.000000,0.000000,0.000000
9.203447,0.000000,0.000000,0.000000,0.000000,0.000000,0.000000
9.213447,0.000000,0.000000,0.000000,0.000000,0.000000,0.000000
9.223447,0.000000,0.000000,0.000000,0.000000,0.000000,0.000000
9.233447,0.000000,0.000000,0.000000,0.000000,0.000000,0.000000
9.243447,0.000000,0.000000,0.000000,0.000000,0.000000,0.000000
9.253447,0.000000,0.000000,0.000000,0.000000,0.000000,0.000000
9.263447,0.000000,0.000000,0.000000,0.000000,0.000000,0.000000
9.273447,0.000000,0.000000,0.000000,0.000000,0.000000,0.000000
9.283447,0.000000,0.000000,0.000000,0.000000,0.000000,0.000000
9.293447,0.000000,0.000000,0.000000,0.000000,0.000000,0.000000
9.303447,0.000000,0.000000,0.000000,0.000000,0.000000,0.000000
9.313447,0.000000,0.000000,0.000000,0.000000,0.000000,0.000000
9.323447,0.000000,0.000000,0.000000,0.000000,0.000000,0.000000
9.333447,0.000000,0.000000,0.000000,0.000000,0.000000,0.000000
9.343447,0.000000,0.000000,0.000000,0.000000,0.000000,0.000000
9.353447,0.000000,0.000000,0.000000,0.000000,0.000000,0.000000
9.363447,0.000000,0.000000,0.000000,0.000000,0.000000,0.000000
9.373447,0.000000,0.000000,0.000000,0.000000,0.000000,0.000000
9.383447,0.000000,0.000000,0.000000,0.000000,0.000000,0.000000
9.393447,0.000000,0.000000,0.000000,0.000000,0.000000,0.000000
9.403447,0.000000,0.000000,0.000000,0.000000,0.000000,0.000000
9.413447,0.000000,0.000000,0.000000,0.000000,0.000000,0.000000
9.423447,0.000000,0.000000,0.000000,0.000000,0.000000,0.000000
9.433447,0.000000,0.000000,0.000000,0.000000,0.000000,0.000000
9.443447,0.000000,0.000000,0.000000,0.000000,0.000000,0.000000
9.453447,0.000000,0.000000,0.000000,0.000000,0.000000,0.000000
9.463447,0.000000,0.000000,0.000000,0.000000,0.000000,0.000000
9.473447,0.000000,0.000000,0.000000,0.000000,0.000000,0.000000
9.483447,0.000000,0.000000,0.000000,0.000000,0.000000,0.000000
9.493447,0.000000,0.000000,0.000000,0.000000,0.000000,0.000000
9.503447,0.000000,0.000000,0.000000,0.000000,0.000000,0.000000
9.513447,0.000000,0.000000,0.000000,0.000000,0.000000,0.000000
9.523447,0.000000,0.000000,0.000000,0.000000,0.000000,0.000000
9.533447,0.000000,0.000000,0.000000,0.000000,0.000000,0.000000
9.543447,0.000000,0.000000,0.000000,0.000000,0.000000,0.000000
9.553447,0.000000,0.000000,0.000000,0.000000,0.000000,0.000000
9.563447,0.000000,0.000000,0.000000,0.000000,0.000000,0.000000
9.573447,0.000000,0.000000,0.000000,0.000000,0.000000,0.000000
9.583447,0.000000,0.000000,0.000000,0.000000,0.000000,0.000000
9.593447,0.000000,0.000000,0.000000,0.000000,0.000000,0.000000
9.603447,0.000000,0.000000,0.000000,0.000000,0.000000,0.000000
9.613447,0.000000,0.000000,0.000000,0.000000,0.000000,0.000000
9.623447,0.000000,0.000000,0.000000,0.000000,0.000000,0.000000
9.633447,0.000000,0.000000,0.000000,0.000000,0.000000,0.000000
9.643447,0.000000,0.000000,0.000000,0.000000,0.000000,0.000000
9.653447,0.000000,0.000000,0.000000,0.000000,0.000000,0.000000
9.663447,0.000000,0.000000,0.000000,0.000000,0.000000,0.000000
9.673447,0.000000,0.000000,0.000000,0.000000,0.000000,0.000000
9.683447,0.000000,0.000000,0.000000,0.000000,0.000000,0.000000
9.693447,0.000000,0.000000,0.000000,0.000000,0.000000,0.000000
9.703447,0.000000,0.000000,0.000000,0.000000,0.000000,0.000000
9.713447,0.000000,0.000000,0.000000,0.000000,0.000000,0.000000
9.723447,0.000000,0.000000,0.000000,0.000000,0.000000,0.000000
9.733447,0.000000,0.000000,0.000000,0.000000,0.000000,0.000000
9.743447,0.000000,0.000000,0.000000,0.000000,0.000000,0.000000
9.753447,0.000000,0.000000,0.000000,0.000000,0.000000,0.000000
9.763447,0.000000,0.000000,0.000000,0.000000,0.000000,0.000000
9.773447,0.000000,0.000000,0.000000,0.000000,0.000000,0.000000
9.783447,0.000000,0.000000,0.000000,0.000000,0.000000,0.000000
9.793447,0.000000,0.000000,0.000000,0.000000,0.000000,0.000000
9.803447,0.000000,0.000000,0.000000,0.000000,0.000000,0.000000
9.813447,0.000000,0.000000,0.000000,0.000000,0.000000,0.000000
9.823447,0.000000,0.000000,0.000000,0.000000,0.000000,0.000000
9.833447,0.000000,0.000000,0.000000,0.000000,0.000000,0.000000
9.843447,0.000000,0.000000,0.000000,0.000000,0.000000,0.000000
9.853447,0.000000,0.000000,0.000000,0.000000,0.000000,0.000000
9.863447,0.000000,0.000000,0.000000,0.000000,0.000000,0.000000
9.873447,0.000000,0.000000,0.000000,0.000000,0.000000,0.000000
9.883447,0.000000,0.000000,0.000000,0.000000,0.000000,0.000000
9.893447,0.000000,0.000000,0.000000,0.000000,0.000000,0.000000
9.903447,0.000000,0.000000,0.000000,0.000000,0.000000,0.000000
9.913447,0.000000,0.000000,0.000000,0.000000,0.000000,0.000000
9.923447,0.000000,0.000000,0.000000,0.000000,0.000000,0.000000
9.933447,0.000000,0.000000,0.000000,0.000000,0.000000,0.000000
9.943447,0.000000,0.000000,0.000000,0.000000,0.000000,0.000000
9.953447,0.000000,0.000000,0.000000,0.000000,0.000000,0.000000
9.963447,0.000000,0.000000,0.000000,0.000000,0.000000,0.000000
9.973447,0.000000,0.000000,0.000000,0.000000,0.000000,0.000000
9.983447,0.000000,0.000000,0.000000,0.000000,0.000000,0.000000
9.993447,0.000000,0.000000,0.000000,0.000000,0.000000,0.000000
10.003447,0.000000,0.000000,0.000000,0.000000,0.000000,0.000000
10.013447,0.000000,0.000000,0.000000,0.000000,0.000000,0.000000
10.023447,0.000000,0.000000,0.000000,0.000000,0.000000,0.000000
10.033447,0.000000,0.000000,0.000000,0.000000,0.000000,0.000000
10.043447,0.000000,0.000000,0.000000,0.000000,0.000000,0.000000
10.053447,0.000000,0.000000,0.000000,0.000000,0.000000,0.000000
10.063447,0.000000,0.000000,0.000000,0.000000,0.000000,0.000000
10.073447,0.000000,0.000000,0.000000,0.000000,0.000000,0.000000
10.083447,0.000000,0.000000,0.000000,0.000000,0.000000,0.000000
10.093447,0.000000,0.000000,0.000000,0.000000,0.000000,0.000000
10.103447,0.000000,0.000000,0.000000,0.000000,0.000000,0.000000
10.113447,0.000000,0.000000,0.000000,0.000000,0.000000,0.000000
10.123447,0.000000,0.000000,0.000000,0.000000,0.000000,0.000000
10.133447,0.000000,0.000000,0.000000,0.000000,0.000000,0.000000
10.143447,0.000000,0.000000,0.000000,0.000000,0.000000,0.000000
10.153447,0.000000,0.000000,0.000000,0.000000,0.000000,0.000000
10.163447,0.000000,0.000000,0.000000,0.000000,0.000000,0.000000
10.173447,0.000000,0.000000,0.000000,0.000000,0.000000,0.000000
10.183447,0.000000,0.000000,0.000000,0.000000,0.000000,0.000000
10.193447,0.000000,0.000000,0.000000,0.000000,0.000000,0.000000
10.203447,0.000000,0.000000,0.000000,0.000000,0.000000,0.000000
10.213447,0.000000,0.000000,0.000000,0.000000,0.000000,0.000000
10.223447,0.000000,0.000000,0.000000,0.000000,0.000000,0.000000
10.233447,0.000000,0.000000,0.000000,0.000000,0.000000,0.000000
10.243447,0.000000,0.000000,0.000000,0.000000,0.000000,0.000000
10.253447,0.000000,0.000000,0.000000,0.000000,0.000000,0.000000
10.263447,0.000000,0.000000,0.000000,0.000000,0.000000,0.000000
10.273447,0.000000,0.000000,0.000000,0.000000,0.000000,0.000000
10.283447,0.000000,0.000000,0.000000,0.000000,0.000000,0.000000
10.293447,0.000000,0.000000,0.000000,0.000000,0.000000,0.000000
10.303447,0.000000,0.000000,0.000000,0.000000,0.000000,0.000000
10.313447,0.000000,0.000000,0.000000,0.000000,0.000000,0.000000
10.323447,0.000000,0.000000,0.000000,0.000000,0.000000,0.000000
10.333447,0.000000,0.000000,0.000000,0.000000,0.000000,0.000000
10.343447,0.000000,0.000000,0.000000,0.000000,0.000000,0.000000
10.353447,0.000000,0.000000,0.000000,0.000000,0.000000,0.000000
10.363447,0.000000,0.000000,0.000000,0.000000,0.000000,0.000000
10.373447,0.000000,0.000000,0.000000,0.000000,0.000000,0.000000
10.383447,0.000000,0.000000,0.000000,0.000000,0.000000,0.000000
10.393447,0.000000,0.000000,0.000000,0.000000,0.000000,0.000000
10.403447,0.000000,0.000000,0.000000,0.000000,0.000000,0.000000
10.413447,0.000000,0.000000,0.000000,0.000000,0.000000,0.000000
10.423447,0.000000,0.000000,0.000000,0.000000,0.000000,0.000000
10.433447,0.000000,0.000000,0.000000,0.000000,0.000000,0.000000
10.443447,0.000000,0.000000,0.000000,0.000000,0.000000,0.000000
10.453447,0.000000,0.000000,0.000000,0.000000,0.000000,0.000000
10.463447,0.000000,0.000000,0.000000,0.000000,0.000000,0.000000
10.473447,0.000000,0.000000,0.000000,0.000000,0.000000,0.000000
10.483447,0.000000,0.000000,0.000000,0.000000,0.000000,0.000000
10.493447,0.000000,0.000000,0.000000,0.000000,0.000000,0.000000
10.503447,0.000000,0.000000,0.000000,0.000000,0.000000,0.000000
10.513447,0.000000,0.000000,0.000000,0.000000,0.000000,0.000000
10.523447,0.000000,0.000000,0.000000,0.000000,0.000000,0.000000
10.533447,0.000000,0.000000,0.000000,0.000000,0.000000,0.000000
10.543447,0.000000,0.000000,0.000000,0.000000,0.000000,0.000000
10.553447,0.000000,0.000000,0.000000,0.000000,0.000000,0.000000
10.563447,0.000000,0.000000,0.000000,0.000000,0.000000,0.000000
10.573447,0.000000,0.000000,0.000000,0.000000,0.000000,0.000000
10.583447,0.000000,0.000000,0.000000,0.000000,0.000000,0.000000
10.593447,0.000000,0.000000,0.000000,0.000000,0.000000,0.000000
10.603447,0.000000,0.000000,0.000000,0.000000,0.000000,0.000000
10.613447,0.000000,0.000000,0.000000,0.000000,0.000000,0.000000
10.623447,0.000000,0.000000,0.000000,0.000000,0.000000,0.000000
10.633447,0.000000,0.000000,0.000000,0.000000,0.000000,0.000000
10.643447,0.000000,0.000000,0.000000,0.000000,0.000000,0.000000
10.653447,0.000000,0.000000,0.000000,0.000000,0.000000,0.000000
10.663447,0.000000,0.000000,0.000000,0.000000,0.000000,0.000000
10.673447,0.000000,0.000000,0.000000,0.000000,0.000000,0.000000
10.683447,0.000000,0.000000,0.000000,0.000000,0.000000,0.000000
10.693447,0.000000,0.000000,0.000000,0.000000,0.000000,0.000000
10.703447,0.000000,0.000000,0.000000,0.000000,0.000000,0.000000
10.713447,0.000000,0.000000,0.000000,0.000000,0.000000,0.000000
10.723447,0.000000,0.000000,0.000000,0.000000,0.000000,0.000000
10.733447,0.000000,0.000000,0.000000,0.000000,0.000000,0.000000
10.743447,0.000000,0.000000,0.000000,0.000000,0.000000,0.000000
10.753447,0.000000,0.000000,0.000000,0.000000,0.000000,0.000000
10.763447,0.000000,0.000000,0.000000,0.000000,0.000000,0.000000
10.773447,0.000000,0.000000,0.000000,0.000000,0.000000,0.000000
10.783447,0.000000,0.000000,0.000000,0.000000,0.000000,0.000000
10.793447,0.000000,0.000000,0.000000,0.000000,0.000000,0.000000
10.803447,0.000000,0.000000,0.000000,0.000000,0.000000,0.000000
10.813447,0.000000,0.000000,0.000000,0.000000,0.000000,0.000000
10.823447,0.000000,0.000000,0.000000,0.000000,0.000000,0.000000
10.833447,0.000000,0.000000,0.000000,0.000000,0.000000,0.000000
10.843447,0.000000,0.000000,0.000000,0.000000,0.000000,0.000000
10.853447,0.000000,0.000000,0.000000,0.000000,0.000000,0.000000
10.863447,0.000000,0.000000,0.000000,0.000000,0.000000,0.000000
10.873447,0.000000,0.000000,0.000000,0.000000,0.000000,0.000000
10.883447,0.000000,0.000000,0.000000,0.000000,0.000000,0.000000
10.893447,0.000000,0.000000,0.000000,0.000000,0.000000,0.000000
10.903447,0.000000,0.000000,0.000000,0.000000,0.000000,0.000000
10.913447,0.000000,0.000000,0.000000,0.000000,0.000000,0.000000
10.923447,0.000000,0.000000,0.000000,0.000000,0.000000,0.000000
10.933447,0.000000,0.000000,0.000000,0.000000,0.000000,0.000000
10.943447,0.000000,0.000000,0.000000,0.000000,0.000000,0.000000
10.953447,0.000000,0.000000,0.000000,0.000000,0.000000,0.000000
10.963447,0.000000,0.000000,0.000000,0.000000,0.000000,0.000000
10.973447,0.000000,0.000000,0.000000,0.000000,0.000000,0.000000
10.983447,0.000000,0.000000,0.000000,0.000000,0.000000,0.000000
10.993447,0.000000,0.000000,0.000000,0.000000,0.000000,0.000000
11.003447,0.000000,0.000000,0.000000,0.000000,0.000000,0.000000
11.013447,0.000000,0.000000,0.000000,0.000000,0.000000,0.000000
11.023447,0.000000,0.000000,0.000000,0.000000,0.000000,0.000000
11.033447,0.000000,0.000000,0.000000,0.000000,0.000000,0.000000
11.043447,0.000000,0.000000,0.000000,0.000000,0.000000,0.000000
11.053447,0.000000,0.000000,0.000000,0.000000,0.000000,0.000000
11.063447,0.000000,0.000000,0.000000,0.000000,0.000000,0.000000
11.073447,0.000000,0.000000,0.000000,0.000000,0.000000,0.000000
11.083447,0.000000,0.000000,0.000000,0.000000,0.000000,0.000000
11.093447,0.000000,0.000000,0.000000,0.000000,0.000000,0.000000
11.103447,0.000000,0.000000,0.000000,0.000000,0.000000,0.000000
11.113447,0.000000,0.000000,0.000000,0.000000,0.000000,0.000000
11.123447,0.000000,0.000000,0.000000,0.000000,0.000000,0.000000
11.133447,0.000000,0.000000,0.000000,0.000000,0.000000,0.000000
11.143447,0.000000,0.000000,0.000000,0.000000,0.000000,0.000000
11.153447,0.000000,0.000000,0.000000,0.000000,0.000000,0.000000
11.163447,0.000000,0.000000,0.000000,0.000000,0.000000,0.000000
11.173447,0.000000,0.000000,0.000000,0.000000,0.000000,0.000000
11.183447,0.000000,0.000000,0.000000,0.000000,0.000000,0.000000
11.193447,0.000000,0.000000,0.000000,0.000000,0.000000,0.000000
11.203447,0.000000,0.000000,0.000000,0.000000,0.000000,0.000000
11.213447,0.000000,0.000000,0.000000,0.000000,0.000000,0.000000
11.223447,0.000000,0.000000,0.000000,0.000000,0.000000,0.000000
11.233447,0.000000,0.000000,0.000000,0.000000,0.000000,0.000000
11.243447,0.000000,0.000000,0.000000,0.000000,0.000000,0.000000
11.253447,0.000000,0.000000,0.000000,0.000000,0.000000,0.000000
11.263447,0.000000,0.000000,0.000000,0.000000,0.000000,0.000000
11.273447,0.000000,0.000000,0.000000,0.000000,0.000000,0.000000
11.283447,0.000000,0.000000,0.000000,0.000000,0.000000,0.000000
11.293447,0.000000,0.000000,0.000000,0.000000,0.000000,0.000000
11.303447,0.000000,0.000000,0.000000,0.000000,0.000000,0.000000
11.313447,0.000000,0.000000,0.000000,0.000000,0.000000,0.000000
11.323447,0.000000,0.000000,0.000000,0.000000,0.000000,0.000000
11.333447,0.000000,0.000000,0.000000,0.000000,0.000000,0.000000
11.343447,0.000000,0.000000,0.000000,0.000000,0.000000,0.000000
11.353447,0.000000,0.000000,0.000000,0.000000,0.000000,0.000000
11.363447,0.000000,0.000000,0.000000,0.000000,0.000000,0.000000
11.373447,0.000000,0.000000,0.000000,0.000000,0.000000,0.000000
11.383447,0.000000,0.000000,0.000000,0.000000,0.000000,0.000000
11.393447,0.000000,0.000000,0.000000,0.000000,0.000000,0.000000
11.403447,0.000000,0.000000,0.000000,0.000000,0.000000,0.000000
11.413447,0.000000,0.000000,0.000000,0.000000,0.000000,0.000000
11.423447,0.000000,0.000000,0.000000,0.000000,0.000000,0.000000
11.433447,0.000000,0.000000,0.000000,0.000000,0.000000,0.000000
11.443447,0.000000,0.000000,0.000000,0.000000,0.000000,0.000000
11.453447,0.000000,0.000000,0.000000,0.000000,0.000000,0.000000
11.463447,0.000000,0.000000,0.000000,0.000000,0.000000,0.000000
11.473447,0.000000,0.000000,0.000000,0.000000,0.000000,0.000000
11.483447,0.000000,0.000000,0.000000,0.000000,0.000000,0.000000
11.493447,0.000000,0.000000,0.000000,0.000000,0.000000,0.000000
11.503447,0.000000,0.000000,0.000000,0.000000,0.000000,0.000000
11.513447,0.000000,0.000000,0.000000,0.000000,0.000000,0.000000
11.523447,0.000000,0.000000,0.000000,0.000000,0.000000,0.000000
11.533447,0.000000,0.000000,0.000000,0.000000,0.000000,0.000000
11.543447,0.000000,0.000000,0.000000,0.000000,0.000000,0.000000
11.553447,0.000000,0.000000,0.000000,0.000000,0.000000,0.000000
11.563447,0.000000,0.000000,0.000000,0.000000,0.000000,0.000000
11.573447,0.000000,0.000000,0.000000,0.000000,0.000000,0.000000
11.583447,0.000000,0.000000,0.000000,0.000000,0.000000,0.000000
11.593447,0.000000,0.000000,0.000000,0.000000,0.000000,0.000000
11.603447,0.000000,0.000000,0.000000,0.000000,0.000000,0.000000
11.613447,0.000000,0.000000,0.000000,0.000000,0.000000,0.000000
11.623447,0.000000,0.000000,0.000000,0.000000,0.000000,0.000000
11.633447,0.000000,0.000000,0.000000,0.000000,0.000000,0.000000
11.643447,0.000000,0.000000,0.000000,0.000000,0.000000,0.000000
11.653447,0.000000,0.000000,0.000000,0.000000,0.000000,0.000000
11.663447,0.000000,0.000000,0.000000,0.000000,0.000000,0.000000
11.673447,0.000000,0.000000,0.000000,0.000000,0.000000,0.000000
11.683447,0.000000,0.000000,0.000000,0.000000,0.000000,0.000000
11.693447,0.000000,0.000000,0.000000,0.000000,0.000000,0.000000
11.703447,0.000000,0.000000,0.000000,0.000000,0.000000,0.000000
11.713447,0.000000,0.000000,0.000000,0.000000,0.000000,0.000000
11.723447,0.000000,0.000000,0.000000,0.000000,0.000000,0.000000
11.733447,0.000000,0.000000,0.000000,0.000000,0.000000,0.000000
11.743447,0.000000,0.000000,0.000000,0.000000,0.000000,0.000000
11.753447,0.000000,0.000000,0.000000,0.000000,0.000000,0.000000
11.763447,0.000000,0.000000,0.000000,0.000000,0.000000,0.000000
11.773447,0.000000,0.000000,0.000000,0.000000,0.000000,0.000000
11.783447,0.000000,0.000000,0.000000,0.000000,0.000000,0.000000
11.793447,0.000000,0.000000,0.000000,0.000000,0.000000,0.000000
11.803447,0.000000,0.000000,0.000000,0.000000,0.000000,0.000000
11.813447,0.000000,0.000000,0.000000,0.000000,0.000000,0.000000
11.823447,0.000000,0.000000,0.000000,0.000000,0.000000,0.000000
11.833447,0.000000,0.000000,0.000000,0.000000,0.000000,0.000000
11.843447,0.000000,0.000000,0.000000,0.000000,0.000000,0.000000
11.853447,0.000000,0.000000,0.000000,0.000000,0.000000,0.000000
11.863447,0.000000,0.000000,0.000000,0.000000,0.000000,0.000000
11.873447,0.000000,0.000000,0.000000,0.000000,0.000000,0.000000
11.883447,0.000000,0.000000,0.000000,0.000000,0.000000,0.000000
11.893447,0.000000,0.000000,0.000000,0.000000,0.000000,0.000000
11.903447,0.000000,0.000000,0.000000,0.000000,0.000000,0.000000
11.913447,0.000000,0.000000,0.000000,0.000000,0.000000,0.000000
11.923447,0.000000,0.000000,0.000000,0.000000,0.000000,0.000000
11.933447,0.000000,0.000000,0.000000,0.000000,0.000000,0.000000
11.943447,0.000000,0.000000,0.000000,0.000000,0.000000,0.000000
11.953447,0.000000,0.000000,0.000000,0.000000,0.000000,0.000000
11.963447,0.000000,0.000000,0.000000,0.000000,0.000000,0.000000
11.973447,0.000000,0.000000,0.000000,0.000000,0.000000,0.000000
11.983447,0.000000,0.000000,0.000000,0.000000,0.000000,0.000000
11.993447,0.000000,0.000000,0.000000,0.000000,0.000000,0.000000
12.003447,0.000000,0.000000,0.000000,0.000000,0.000000,0.000000
12.013447,0.000000,0.000000,0.000000,0.000000,0.000000,0.000000
12.023447,0.000000,0.000000,0.000000,0.000000,0.000000,0.000000
12.033447,0.000000,0.000000,0.000000,0.000000,0.000000,0.000000
12.043447,0.000000,0.000000,0.000000,0.000000,0.000000,0.000000
12.053447,0.000000,0.000000,0.000000,0.000000,0.000000,0.000000
12.063447,0.000000,0.000000,0.000000,0.000000,0.000000,0.000000
12.073447,0.000000,0.000000,0.000000,0.000000,0.000000,0.000000
12.083447,0.000000,0.000000,0.000000,0.000000,0.000000,0.000000
12.093447,0.000000,0.000000,0.000000,0.000000,0.000000,0.000000
12.103447,0.000000,0.000000,0.000000,0.000000,0.000000,0.000000
12.113447,0.000000,0.000000,0.000000,0.000000,0.000000,0.000000
12.123447,0.000000,0.000000,0.000000,0.000000,0.000000,0.000000
12.133447,0.000000,0.000000,0.000000,0.000000,0.000000,0.000000
12.143447,0.000000,0.000000,0.000000,0.000000,0.000000,0.000000
12.153447,0.000000,0.000000,0.000000,0.000000,0.000000,0.000000
12.163447,0.000000,0.000000,0.000000,0.000000,0.000000,0.000000
12.173447,0.000000,0.000000,0.000000,0.000000,0.000000,0.000000
12.183447,0.000000,0.000000,0.000000,0.000000,0.000000,0.000000
12.193447,0.000000,0.000000,0.000000,0.000000,0.000000,0.000000
12.203447,0.000000,0.000000,0.000000,0.000000,0.000000,0.000000
12.213447,0.000000,0.000000,0.000000,0.000000,0.000000,0.000000
12.223447,0.000000,0.000000,0.000000,0.000000,0.000000,0.000000
12.233447,0.000000,0.000000,0.000000,0.000000,0.000000,0.000000
12.243447,0.000000,0.000000,0.000000,0.000000,0.000000,0.000000
12.253447,0.000000,0.000000,0.000000,0.000000,0.000000,0.000000
12.263447,0.000000,0.000000,0.000000,0.000000,0.000000,0.000000
12.273447,0.000000,0.000000,0.000000,0.000000,0.000000,0.000000
12.283447,0.000000,0.000000,0.000000,0.000000,0.000000,0.000000
12.293447,0.000000,0.000000,0.000000,0.000000,0.000000,0.000000
12.303447,0.000000,0.000000,0.000000,0.000000,0.000000,0.000000
12.313447,0.000000,0.000000,0.000000,0.000000,0.000000,0.000000
12.323447,0.000000,0.000000,0.000000,0.000000,0.000000,0.000000
12.333447,0.000000,0.000000,0.000000,0.000000,0.000000,0.000000
12.343447,0.000000,0.000000,0.000000,0.000000,0.000000,0.000000
12.353447,0.000000,0.000000,0.000000,0.000000,0.000000,0.000000
12.363447,0.000000,0.000000,0.000000,0.000000,0.000000,0.000000
12.373447,0.000000,0.000000,0.000000,0.000000,0.000000,0.000000
12.383447,0.000000,0.000000,0.000000,0.000000,0.000000,0.000000
12.393447,0.000000,0.000000,0.000000,0.000000,0.000000,0.000000
12.403447,0.000000,0.000000,0.000000,0.000000,0.000000,0.000000
12.413447,0.000000,0.000000,0.000000,0.000000,0.000000,0.000000
12.423447,0.000000,0.000000,0.000000,0.000000,0.000000,0.000000
12.433447,0.000000,0.000000,0.000000,0.000000,0.000000,0.000000
12.443447,0.000000,0.000000,0.000000,0.000000,0.000000,0.000000
12.453447,0.000000,0.000000,0.000000,0.000000,0.000000,0.000000
12.463447,0.000000,0.000000,0.000000,0.000000,0.000000,0.000000
12.473447,0.000000,0.000000,0.000000,0.000000,0.000000,0.000000
12.483447,0.000000,0.000000,0.000000,0.000000,0.000000,0.000000
12.493447,0.000000,0.000000,0.000000,0.000000,0.000000,0.000000
12.503447,0.000000,0.000000,0.000000,0.000000,0.000000,0.000000
12.513447,0.000000,0.000000,0.000000,0.000000,0.000000,0.000000
12.523447,0.000000,0.000000,0.000000,0.000000,0.000000,0.000000
12.533447,0.000000,0.000000,0.000000,0.000000,0.000000,0.000000
12.543447,0.000000,0.000000,0.000000,0.000000,0.000000,0.000000
12.553447,0.000000,0.000000,0.000000,0.000000,0.000000,0.000000
12.563447,0.000000,0.000000,0.000000,0.000000,0.000000,0.000000
12.573447,0.000000,0.000000,0.000000,0.000000,0.000000,0.000000
12.583447,0.000000,0.000000,0.000000,0.000000,0.000000,0.000000
12.593447,0.000000,0.000000,0.000000,0.000000,0.000000,0.000000
12.603447,0.000000,0.000000,0.000000,0.000000,0.000000,0.000000
12.613447,0.000000,0.000000,0.000000,0.000000,0.000000,0.000000
12.623447,0.000000,0.000000,0.000000,0.000000,0.000000,0.000000
12.633447,0.000000,0.000000,0.000000,0.000000,0.000000,0.000000
12.643447,0.000000,0.000000,0.000000,0.000000,0.000000,0.000000
12.653447,0.000000,0.000000,0.000000,0.000000,0.000000,0.000000
12.663447,0.000000,0.000000,0.000000,0.000000,0.000000,0.000000
12.673447,0.000000,0.000000,0.000000,0.000000,0.000000,0.000000
12.683447,0.000000,0.000000,0.000000,0.000000,0.000000,0.000000
12.693447,0.000000,0.000000,0.000000,0.000000,0.000000,0.000000
12.703447,0.000000,0.000000,0.000000,0.000000,0.000000,0.000000
12.713447,0.000000,0.000000,0.000000,0.000000,0.000000,0.000000
12.723447,0.000000,0.000000,0.000000,0.000000,0.000000,0.000000
12.733447,0.000000,0.000000,0.000000,0.000000,0.000000,0.000000
12.743447,0.000000,0.000000,0.000000,0.000000,0.000000,0.000000
12.753447,0.000000,0.000000,0.000000,0.000000,0.000000,0.000000
12.763447,0.000000,0.000000,0.000000,0.000000,0.000000,0.000000
12.773447,0.000000,0.000000,0.000000,0.000000,0.000000,0.000000
12.783447,0.000000,0.000000,0.000000,0.000000,0.000000,0.000000
12.793447,0.000000,0.000000,0.000000,0.000000,0.000000,0.000000
12.803447,0.000000,0.000000,0.000000,0.000000,0.000000,0.000000
12.813447,0.000000,0.000000,0.000000,0.000000,0.000000,0.000000
12.823447,0.000000,0.000000,0.000000,0.000000,0.000000,0.000000
12.833447,0.000000,0.000000,0.000000,0.000000,0.000000,0.000000
12.843447,0.000000,0.000000,0.000000,0.000000,0.000000,0.000000
12.853447,0.000000,0.000000,0.000000,0.000000,0.000000,0.000000
12.863447,0.000000,0.000000,0.000000,0.000000,0.000000,0.000000
12.873447,0.000000,0.000000,0.000000,0.000000,0.000000,0.000000
12.883447,0.000000,0.000000,0.000000,0.000000,0.000000,0.000000
12.893447,0.000000,0.000000,0.000000,0.000000,0.000000,0.000000
12.903447,0.000000,0.000000,0.000000,0.000000,0.000000,0.000000
12.913447,0.000000,0.000000,0.000000,0.000000,0.000000,0.000000
12.923447,0.000000,0.000000,0.000000,0.000000,0.000000,0.000000
12.933447,0.000000,0.000000,0.000000,0.000000,0.000000,0.000000
12.943447,0.000000,0.000000,0.000000,0.000000,0.000000,0.000000
12.953447,0.000000,0.000000,0.000000,0.000000,0.000000,0.000000
12.963447,0.000000,0.000000,0.000000,0.000000,0.000000,0.000000
12.973447,0.000000,0.000000,0.000000,0.000000,0.000000,0.000000
12.983447,0.000000,0.000000,0.000000,0.000000,0.000000,0.000000
12.993447,0.000000,0.000000,0.000000,0.000000,0.000000,0.000000
13.003447,0.000000,0.000000,0.000000,0.000000,0.000000,0.000000
13.013447,0.000000,0.000000,0.000000,0.000000,0.000000,0.000000
13.023447,0.000000,0.000000,0.000000,0.000000,0.000000,0.000000
13.033447,0.000000,0.000000,0.000000,0.000000,0.000000,0.000000
13.043447,0.000000,0.000000,0.000000,0.000000,0.000000,0.000000
13.053447,0.000000,0.000000,0.000000,0.000000,0.000000,0.000000
13.063447,0.000000,0.000000,0.000000,0.000000,0.000000,0.000000
13.073447,0.000000,0.000000,0.000000,0.000000,0.000000,0.000000
13.083447,0.000000,0.000000,0.000000,0.000000,0.000000,0.000000
13.093447,0.000000,0.000000,0.000000,0.000000,0.000000,0.000000
13.103447,0.000000,0.000000,0.000000,0.000000,0.000000,0.000000
13.113447,0.000000,0.000000,0.000000,0.000000,0.000000,0.000000
13.123447,0.000000,0.000000,0.000000,0.000000,0.000000,0.000000
13.133447,0.000000,0.000000,0.000000,0.000000,0.000000,0.000000
13.143447,0.000000,0.000000,0.000000,0.000000,0.000000,0.000000
13.153447,0.000000,0.000000,0.000000,0.000000,0.000000,0.000000
13.163447,0.000000,0.000000,0.000000,0.000000,0.000000,0.000000
13.173447,0.000000,0.000000,0.000000,0.000000,0.000000,0.000000
13.183447,0.000000,0.000000,0.000000,0.000000,0.000000,0.000000
13.193447,0.000000,0.000000,0.000000,0.000000,0.000000,0.000000
13.203447,0.000000,0.000000,0.000000,0.000000,0.000000,0.000000
13.213447,0.000000,0.000000,0.000000,0.000000,0.000000,0.000000
13.223447,0.000000,0.000000,0.000000,0.000000,0.000000,0.000000
13.233447,0.000000,0.000000,0.000000,0.000000,0.000000,0.000000
13.243447,0.000000,0.000000,0.000000,0.000000,0.000000,0.000000
13.253447,0.000000,0.000000,0.000000,0.000000,0.000000,0.000000
13.263447,0.000000,0.000000,0.000000,0.000000,0.000000,0.000000
13.273447,0.000000,0.000000,0.000000,0.000000,0.000000,0.000000
13.283447,0.000000,0.000000,0.000000,0.000000,0.000000,0.000000
13.293447,0.000000,0.000000,0.000000,0.000000,0.000000,0.000000
13.303447,0.000000,0.000000,0.000000,0.000000,0.000000,0.000000
13.313447,0.000000,0.000000,0.000000,0.000000,0.000000,0.000000
13.323447,0.000000,0.000000,0.000000,0.000000,0.000000,0.000000
13.333447,0.000000,0.000000,0.000000,0.000000,0.000000,0.000000
13.343447,0.000000,0.000000,0.000000,0.000000,0.000000,0.000000
13.353447,0.000000,0.000000,0.000000,0.000000,0.000000,0.000000
13.363447,0.000000,0.000000,0.000000,0.000000,0.000000,0.000000
13.373447,0.000000,0.000000,0.000000,0.000000,0.000000,0.000000
13.383447,0.000000,0.000000,0.000000,0.000000,0.000000,0.000000
13.393447,0.000000,0.000000,0.000000,0.000000,0.000000,0.000000
13.403447,0.000000,0.000000,0.000000,0.000000,0.000000,0.000000
13.413447,0.000000,0.000000,0.000000,0.000000,0.000000,0.000000
13.423447,0.000000,0.000000,0.000000,0.000000,0.000000,0.000000
13.433447,0.000000,0.000000,0.000000,0.000000,0.000000,0.000000
13.443447,0.000000,0.000000,0.000000,0.000000,0.000000,0.000000
13.453447,0.000000,0.000000,0.000000,0.000000,0.000000,0.000000
13.463447,0.000000,0.000000,0.000000,0.000000,0.000000,0.000000
13.473447,0.000000,0.000000,0.000000,0.000000,0.000000,0.000000
13.483447,0.000000,0.000000,0.000000,0.000000,0.000000,0.000000
13.493447,0.000000,0.000000,0.000000,0.000000,0.000000,0.000000
13.503447,0.000000,0.000000,0.000000,0.000000,0.000000,0.000000
13.513447,0.000000,0.000000,0.000000,0.000000,0.000000,0.000000
13.523447,0.000000,0.000000,0.000000,0.000000,0.000000,0.000000
13.533447,0.000000,0.000000,0.000000,0.000000,0.000000,0.000000
13.543447,0.000000,0.000000,0.000000,0.000000,0.000000,0.000000
13.553447,0.000000,0.000000,0.000000,0.000000,0.000000,0.000000
13.563447,0.000000,0.000000,0.000000,0.000000,0.000000,0.000000
13.573447,0.000000,0.000000,0.000000,0.000000,0.000000,0.000000
13.583447,0.000000,0.000000,0.000000,0.000000,0.000000,0.000000
13.593447,0.000000,0.000000,0.000000,0.000000,0.000000,0.000000
13.603447,0.000000,0.000000,0.000000,0.000000,0.000000,0.000000
13.613447,0.000000,0.000000,0.000000,0.000000,0.000000,0.000000
13.623447,0.000000,0.000000,0.000000,0.000000,0.000000,0.000000
13.633447,0.000000,0.000000,0.000000,0.000000,0.000000,0.000000
13.643447,0.000000,0.000000,0.000000,0.000000,0.000000,0.000000
13.653447,0.000000,0.000000,0.000000,0.000000,0.000000,0.000000
13.663447,0.000000,0.000000,0.000000,0.000000,0.000000,0.000000
13.673447,0.000000,0.000000,0.000000,0.000000,0.000000,0.000000
13.683447,0.000000,0.000000,0.000000,0.000000,0.000000,0.000000
13.693447,0.000000,0.000000,0.000000,0.000000,0.000000,0.000000
13.703447,0.000000,0.000000,0.000000,0.000000,0.000000,0.000000
13.713447,0.000000,0.000000,0.000000,0.000000,0.000000,0.000000
13.723447,0.000000,0.000000,0.000000,0.000000,0.000000,0.000000
13.733447,0.000000,0.000000,0.000000,0.000000,0.000000,0.000000
13.743447,0.000000,0.000000,0.000000,0.000000,0.000000,0.000000
13.753447,0.000000,0.000000,0.000000,0.000000,0.000000,0.000000
13.763447,0.000000,0.000000,0.000000,0.000000,0.000000,0.000000
13.773447,0.000000,0.000000,0.000000,0.000000,0.000000,0.000000
13.783447,0.000000,0.000000,0.000000,0.000000,0.000000,0.000000
13.793447,0.000000,0.000000,0.000000,0.000000,0.000000,0.000000
13.803447,0.000000,0.000000,0.000000,0.000000,0.000000,0.000000
13.813447,0.000000,0.000000,0.000000,0.000000,0.000000,0.000000
13.823447,0.000000,0.000000,0.000000,0.000000,0.000000,0.000000
13.833447,0.000000,0.000000,0.000000,0.000000,0.000000,0.000000
13.843447,0.000000,0.000000,0.000000,0.000000,0.000000,0.000000
13.853447,0.000000,0.000000,0.000000,0.000000,0.000000,0.000000
13.863447,0.000000,0.000000,0.000000,0.000000,0.000000,0.000000
13.873447,0.000000,0.000000,0.000000,0.000000,0.000000,0.000000
13.883447,0.000000,0.000000,0.000000,0.000000,0.000000,0.000000
13.893447,0.000000,0.000000,0.000000,0.000000,0.000000,0.000000
13.903447,0.000000,0.000000,0.000000,0.000000,0.000000,0.000000
13.913447,0.000000,0.000000,0.000000,0.000000,0.000000,0.000000
13.923447,0.000000,0.000000,0.000000,0.000000,0.000000,0.000000
13.933447,0.000000,0.000000,0.000000,0.000000,0.000000,0.000000
13.943447,0.000000,0.000000,0.000000,0.000000,0.000000,0.000000
13.953447,0.000000,0.000000,0.000000,0.000000,0.000000,0.000000
13.963447,0.000000,0.000000,0.000000,0.000000,0.000000,0.000000
13.973447,0.000000,0.000000,0.000000,0.000000,0.000000,0.000000
13.983447,0.000000,0.000000,0.000000,0.000000,0.000000,0.000000
13.993447,0.000000,0.000000,0.000000,0.000000,0.000000,0.000000
14.003447,0.000000,0.000000,0.000000,0.000000,0.000000,0.000000
14.013447,0.000000,0.000000,0.000000,0.000000,0.000000,0.000000
14.023447,0.000000,0.000000,0.000000,0.000000,0.000000,0.000000
14.033447,0.000000,0.000000,0.000000,0.000000,0.000000,0.000000
14.043447,0.000000,0.000000,0.000000,0.000000,0.000000,0.000000
14.053447,0.000000,0.000000,0.000000,0.000000,0.000000,0.000000
14.063447,0.000000,0.000000,0.000000,0.000000,0.000000,0.000000
14.073447,0.000000,0.000000,0.000000,0.000000,0.000000,0.000000
14.083447,0.000000,0.000000,0.000000,0.000000,0.000000,0.000000
14.093447,0.000000,0.000000,0.000000,0.000000,0.000000,0.000000
14.103447,0.000000,0.000000,0.000000,0.000000,0.000000,0.000000
14.113447,0.000000,0.000000,0.000000,0.000000,0.000000,0.000000
14.123447,0.000000,0.000000,0.000000,0.000000,0.000000,0.000000
14.133447,0.000000,0.000000,0.000000,0.000000,0.000000,0.000000
14.143447,0.000000,0.000000,0.000000,0.000000,0.000000,0.000000
14.153447,0.000000,0.000000,0.000000,0.000000,0.000000,0.000000
14.163447,0.000000,0.000000,0.000000,0.000000,0.000000,0.000000
14.173447,0.000000,0.000000,0.000000,0.000000,0.000000,0.000000
14.183447,0.000000,0.000000,0.000000,0.000000,0.000000,0.000000
14.193447,0.000000,0.000000,0.000000,0.000000,0.000000,0.000000
14.203447,0.000000,0.000000,0.000000,0.000000,0.000000,0.000000
14.213447,0.000000,0.000000,0.000000,0.000000,0.000000,0.000000
14.223447,0.000000,0.000000,0.000000,0.000000,0.000000,0.000000
14.233447,0.000000,0.000000,0.000000,0.000000,0.000000,0.000000
14.243447,0.000000,0.000000,0.000000,0.000000,0.000000,0.000000
14.253447,0.000000,0.000000,0.000000,0.000000,0.000000,0.000000
14.263447,0.000000,0.000000,0.000000,0.000000,0.000000,0.000000
14.273447,0.000000,0.000000,0.000000,0.000000,0.000000,0.000000
14.283447,0.000000,0.000000,0.000000,0.000000,0.000000,0.000000
14.293447,0.000000,0.000000,0.000000,0.000000,0.000000,0.000000
14.303447,0.000000,0.000000,0.000000,0.000000,0.000000,0.000000
14.313447,0.000000,0.000000,0.000000,0.000000,0.000000,0.000000
14.323447,0.000000,0.000000,0.000000,0.000000,0.000000,0.000000
14.333447,0.000000,0.000000,0.000000,0.000000,0.000000,0.000000
14.343447,0.000000,0.000000,0.000000,0.000000,0.000000,0.000000
14.353447,0.000000,0.000000,0.000000,0.000000,0.000000,0.000000
14.363447,0.000000,0.000000,0.000000,0.000000,0.000000,0.000000
14.373447,0.000000,0.000000,0.000000,0.000000,0.000000,0.000000
14.383447,0.000000,0.000000,0.000000,0.000000,0.000000,0.000000
14.393447,0.000000,0.000000,0.000000,0.000000,0.000000,0.000000
14.403447,0.000000,0.000000,0.000000,0.000000,0.000000,0.000000
14.413447,0.000000,0.000000,0.000000,0.000000,0.000000,0.000000
14.423447,0.000000,0.000000,0.000000,0.000000,0.000000,0.000000
14.433447,0.000000,0.000000,0.000000,0.000000,0.000000,0.000000
14.443447,0.000000,0.000000,0.000000,0.000000,0.000000,0.000000
14.453447,0.000000,0.000000,0.000000,0.000000,0.000000,0.000000
14.463447,0.000000,0.000000,0.000000,0.000000,0.000000,0.000000
14.473447,0.000000,0.000000,0.000000,0.000000,0.000000,0.000000
14.483447,0.000000,0.000000,0.000000,0.000000,0.000000,0.000000
14.493447,0.000000,0.000000,0.000000,0.000000,0.000000,0.000000
14.503447,0.000000,0.000000,0.000000,0.000000,0.000000,0.000000
14.513447,0.000000,0.000000,0.000000,0.000000,0.000000,0.000000
14.523447,0.000000,0.000000,0.000000,0.000000,0.000000,0.000000
14.533447,0.000000,0.000000,0.000000,0.000000,0.000000,0.000000
14.543447,0.000000,0.000000,0.000000,0.000000,0.000000,0.000000
14.553447,0.000000,0.000000,0.000000,0.000000,0.000000,0.000000
14.563447,0.000000,0.000000,0.000000,0.000000,0.000000,0.000000
14.573447,0.000000,0.000000,0.000000,0.000000,0.000000,0.000000
14.583447,0.000000,0.000000,0.000000,0.000000,0.000000,0.000000
14.593447,0.000000,0.000000,0.000000,0.000000,0.000000,0.000000
14.603447,0.000000,0.000000,0.000000,0.000000,0.000000,0.000000
14.613447,0.000000,0.000000,0.000000,0.000000,0.000000,0.000000
14.623447,0.000000,0.000000,0.000000,0.000000,0.000000,0.000000
14.633447,0.000000,0.000000,0.000000,0.000000,0.000000,0.000000
14.643447,0.000000,0.000000,0.000000,0.000000,0.000000,0.000000
14.653447,0.000000,0.000000,0.000000,0.000000,0.000000,0.000000
14.663447,0.000000,0.000000,0.000000,0.000000,0.000000,0.000000
14.673447,0.000000,0.000000,0.000000,0.000000,0.000000,0.000000
14.683447,0.000000,0.000000,0.000000,0.000000,0.000000,0.000000
14.693447,0.000000,0.000000,0.000000,0.000000,0.000000,0.000000
14.703447,0.000000,0.000000,0.000000,0.000000,0.000000,0.000000
14.713447,0.000000,0.000000,0.000000,0.000000,0.000000,0.000000
14.723447,0.000000,0.000000,0.000000,0.000000,0.000000,0.000000
14.733447,0.000000,0.000000,0.000000,0.000000,0.000000,0.000000
14.743447,0.000000,0.000000,0.000000,0.000000,0.000000,0.000000
14.753447,0.000000,0.000000,0.000000,0.000000,0.000000,0.000000
14.763447,0.000000,0.000000,0.000000,0.000000,0.000000,0.000000
14.773447,0.000000,0.000000,0.000000,0.000000,0.000000,0.000000
14.783447,0.000000,0.000000,0.000000,0.000000,0.000000,0.000000
14.793447,0.000000,0.000000,0.000000,0.000000,0.000000,0.000000
14.803447,0.000000,0.000000,0.000000,0.000000,0.000000,0.000000
14.813447,0.000000,0.000000,0.000000,0.000000,0.000000,0.000000
14.823447,0.000000,0.000000,0.000000,0.000000,0.000000,0.000000
14.833447,0.000000,0.000000,0.000000,0.000000,0.000000,0.000000
14.843447,0.000000,0.000000,0.000000,0.000000,0.000000,0.000000
14.853447,0.000000,0.000000,0.000000,0.000000,0.000000,0.000000
14.863447,0.000000,0.000000,0.000000,0.000000,0.000000,0.000000
14.873447,0.000000,0.000000,0.000000,0.000000,0.000000,0.000000
14.883447,0.000000,0.000000,0.000000,0.000000,0.000000,0.000000
14.893447,0.000000,0.000000,0.000000,0.000000,0.000000,0.000000
14.903447,0.000000,0.000000,0.000000,0.000000,0.000000,0.000000
14.913447,0.000000,0.000000,0.000000,0.000000,0.000000,0.000000
14.923447,0.000000,0.000000,0.000000,0.000000,0.000000,0.000000
14.933447,0.000000,0.000000,0.000000,0.000000,0.000000,0.000000
14.943447,0.000000,0.000000,0.000000,0.000000,0.000000,0.000000
14.953447,0.000000,0.000000,0.000000,0.000000,0.000000,0.000000
14.963447,0.000000,0.000000,0.000000,0.000000,0.000000,0.000000
14.973447,0.000000,0.000000,0.000000,0.000000,0.000000,0.000000
14.983447,0.000000,0.000000,0.000000,0.000000,0.000000,0.000000
14.993447,0.000000,0.000000,0.000000,0.000000,0.000000,0.000000
15.003447,0.000000,0.000000,0.000000,0.000000,0.000000,0.000000
15.013447,0.000000,0.000000,0.000000,0.000000,0.000000,0.000000
15.023447,0.000000,0.000000,0.000000,0.000000,0.000000,0.000000
15.033447,0.000000,0.000000,0.000000,0.000000,0.000000,0.000000
15.043447,0.000000,0.000000,0.000000,0.000000,0.000000,0.000000
15.053447,0.000000,0.000000,0.000000,0.000000,0.000000,0.000000
15.063447,0.000000,0.000000,0.000000,0.000000,0.000000,0.000000
15.073447,0.000000,0.000000,0.000000,0.000000,0.000000,0.000000
15.083447,0.000000,0.000000,0.000000,0.000000,0.000000,0.000000
15.093447,-0.100000,0.000000,0.000000,0.000000,0.000000,0.000000
15.103447,-0.100000,0.000000,0.000000,0.000000,0.000000,0.000000
15.113447,-0.100000,0.000000,0.000000,0.000000,0.000000,0.000000
15.123447,-0.100000,0.000000,0.000000,0.000000,0.000000,0.000000
15.133447,-0.100000,0.000000,0.000000,0.000000,0.000000,0.000000
15.143447,-0.100000,0.000000,0.000000,0.000000,0.000000,0.000000
15.153447,-0.100000,0.000000,0.000000,0.000000,0.000000,0.000000
15.163447,-0.100000,0.000000,0.000000,0.000000,0.000000,0.000000
15.173447,-0.100000,0.000000,0.000000,0.000000,0.000000,0.000000
15.183447,-0.100000,0.000000,0.000000,0.000000,0.000000,0.000000
15.193447,-0.100000,0.000000,0.000000,0.000000,0.000000,0.000000
15.203447,-0.100000,0.000000,0.000000,0.000000,0.000000,0.000000
15.213447,-0.100000,0.000000,0.000000,0.000000,0.000000,0.000000
15.223447,-0.100000,0.000000,0.000000,0.000000,0.000000,0.000000
15.233447,-0.100000,0.000000,0.000000,0.000000,0.000000,0.000000
15.243447,-0.100000,0.000000,0.000000,0.000000,0.000000,0.000000
15.253447,-0.100000,0.000000,0.000000,0.000000,0.000000,0.000000
15.263447,-0.100000,0.000000,0.000000,0.000000,0.000000,0.000000
15.273447,-0.100000,0.000000,0.000000,0.000000,0.000000,0.000000
15.283447,-0.100000,0.000000,0.000000,0.000000,0.000000,0.000000
15.293447,-0.100000,0.000000,0.000000,0.000000,0.000000,0.000000
15.303447,-0.100000,0.000000,0.000000,0.000000,0.000000,0.000000
15.313447,-0.100000,0.000000,0.000000,0.000000,0.000000,0.000000
15.323447,-0.100000,0.000000,0.000000,0.000000,0.000000,0.000000
15.333447,-0.100000,0.000000,0.000000,0.000000,0.000000,0.000000
15.343447,-0.100000,0.000000,0.000000,0.000000,0.000000,0.000000
15.353447,-0.100000,0.000000,0.000000,0.000000,0.000000,0.000000
15.363447,-0.100000,0.000000,0.000000,0.000000,0.000000,0.000000
15.373447,-0.100000,0.000000,0.000000,0.000000,0.000000,0.000000
15.383447,-0.100000,0.000000,0.000000,0.000000,0.000000,0.000000
15.393447,-0.100000,0.000000,0.000000,0.000000,0.000000,0.000000
15.403447,-0.100000,0.000000,0.000000,0.000000,0.000000,0.000000
15.413447,-0.100000,0.000000,0.000000,0.000000,0.000000,0.000000
15.423447,-0.100000,0.000000,0.000000,0.000000,0.000000,0.000000
15.433447,-0.100000,0.000000,0.000000,0.000000,0.000000,0.000000
15.443447,-0.100000,0.000000,0.000000,0.000000,0.000000,0.000000
15.453447,-0.100000,0.000000,0.000000,0.000000,0.000000,0.000000
15.463447,-0.100000,0.000000,0.000000,0.000000,0.000000,0.000000
15.473447,-0.100000,0.000000,0.000000,0.000000,0.000000,0.000000
15.483447,-0.100000,0.000000,0.000000,0.000000,0.000000,0.000000
15.493447,-0.100000,0.000000,0.000000,0.000000,0.000000,0.000000
15.503447,-0.100000,0.000000,0.000000,0.000000,0.000000,0.000000
15.513447,-0.100000,0.000000,0.000000,0.000000,0.000000,0.000000
15.523447,-0.100000,0.000000,0.000000,0.000000,0.000000,0.000000
15.533447,-0.100000,0.000000,0.000000,0.000000,0.000000,0.000000
15.543447,-0.100000,0.000000,0.000000,0.000000,0.000000,0.000000
15.553447,-0.100000,0.000000,0.000000,0.000000,0.000000,0.000000
15.563447,-0.100000,0.000000,0.000000,0.000000,0.000000,0.000000
15.573447,-0.100000,0.000000,0.000000,0.000000,0.000000,0.000000
15.583447,-0.100000,0.000000,0.000000,0.000000,0.000000,0.000000
15.593447,-0.100000,0.000000,0.000000,0.000000,0.000000,0.000000
15.603447,-0.100000,0.000000,0.000000,0.000000,0.000000,0.000000
15.613447,-0.100000,0.000000,0.000000,0.000000,0.000000,0.000000
15.623447,-0.100000,0.000000,0.000000,0.000000,0.000000,0.000000
15.633447,-0.100000,0.000000,0.000000,0.000000,0.000000,0.000000
15.643447,-0.100000,0.000000,0.000000,0.000000,0.000000,0.000000
15.653447,-0.100000,0.000000,0.000000,0.000000,0.000000,0.000000
15.663447,-0.100000,0.000000,0.000000,0.000000,0.000000,0.000000
15.673447,-0.100000,0.000000,0.000000,0.000000,0.000000,0.000000
15.683447,-0.100000,0.000000,0.000000,0.000000,0.000000,0.000000
15.693447,-0.100000,0.000000,0.000000,0.000000,0.000000,0.000000
15.703447,-0.100000,0.000000,0.000000,0.000000,0.000000,0.000000
15.713447,-0.100000,0.000000,0.000000,0.000000,0.000000,0.000000
15.723447,-0.100000,0.000000,0.000000,0.000000,0.000000,0.000000
15.733447,-0.100000,0.000000,0.000000,0.000000,0.000000,0.000000
15.743447,-0.100000,0.000000,0.000000,0.000000,0.000000,0.000000
15.753447,-0.100000,0.000000,0.000000,0.000000,0.000000,0.000000
15.763447,-0.100000,0.000000,0.000000,0.000000,0.000000,0.000000
15.773447,-0.100000,0.000000,0.000000,0.000000,0.000000,0.000000
15.783447,-0.100000,0.000000,0.000000,0.000000,0.000000,0.000000
15.793447,-0.100000,0.000000,0.000000,0.000000,0.000000,0.000000
15.803447,-0.100000,0.000000,0.000000,0.000000,0.000000,0.000000
15.813447,-0.100000,0.000000,0.000000,0.000000,0.000000,0.000000
15.823447,-0.100000,0.000000,0.000000,0.000000,0.000000,0.000000
15.833447,-0.100000,0.000000,0.000000,0.000000,0.000000,0.000000
15.843447,-0.100000,0.000000,0.000000,0.000000,0.000000,0.000000
15.853447,-0.100000,0.000000,0.000000,0.000000,0.000000,0.000000
15.863447,-0.100000,0.000000,0.000000,0.000000,0.000000,0.000000
15.873447,-0.100000,0.000000,0.000000,0.000000,0.000000,0.000000
15.883447,-0.100000,0.000000,0.000000,0.000000,0.000000,0.000000
15.893447,-0.100000,0.000000,0.000000,0.000000,0.000000,0.000000
15.903447,-0.100000,0.000000,0.000000,0.000000,0.000000,0.000000
15.913447,-0.100000,0.000000,0.000000,0.000000,0.000000,0.000000
15.923447,-0.100000,0.000000,0.000000,0.000000,0.000000,0.000000
15.933447,-0.100000,0.000000,0.000000,0.000000,0.000000,0.000000
15.943447,-0.100000,0.000000,0.000000,0.000000,0.000000,0.000000
15.953447,-0.100000,0.000000,0.000000,0.000000,0.000000,0.000000
15.963447,-0.100000,0.000000,0.000000,0.000000,0.000000,0.000000
15.973447,-0.100000,0.000000,0.000000,0.000000,0.000000,0.000000
15.983447,-0.100000,0.000000,0.000000,0.000000,0.000000,0.000000
15.993447,-0.100000,0.000000,0.000000,0.000000,0.000000,0.000000
16.003447,-0.100000,0.000000,0.000000,0.000000,0.000000,0.000000
16.013447,-0.100000,0.000000,0.000000,0.000000,0.000000,0.000000
16.023447,-0.100000,0.000000,0.000000,0.000000,0.000000,0.000000
16.033447,-0.100000,0.000000,0.000000,0.000000,0.000000,0.000000
16.043447,-0.100000,0.000000,0.000000,0.000000,0.000000,0.000000
16.053447,-0.100000,0.000000,0.000000,0.000000,0.000000,0.000000
16.063447,-0.100000,0.000000,0.000000,0.000000,0.000000,0.000000
16.073447,-0.100000,0.000000,0.000000,0.000000,0.000000,0.000000
16.083447,-0.100000,0.000000,0.000000,0.000000,0.000000,0.000000
16.093447,-0.100000,0.000000,0.000000,0.000000,0.000000,0.000000
16.103447,-0.100000,0.000000,0.000000,0.000000,0.000000,0.000000
16.113447,-0.100000,0.000000,0.000000,0.000000,0.000000,0.000000
16.123447,-0.100000,0.000000,0.000000,0.000000,0.000000,0.000000
16.133447,-0.100000,0.000000,0.000000,0.000000,0.000000,0.000000
16.143447,-0.100000,0.000000,0.000000,0.000000,0.000000,0.000000
16.153447,-0.100000,0.000000,0.000000,0.000000,0.000000,0.000000
16.163447,-0.100000,0.000000,0.000000,0.000000,0.000000,0.000000
16.173447,-0.100000,0.000000,0.000000,0.000000,0.000000,0.000000
16.183447,-0.100000,0.000000,0.000000,0.000000,0.000000,0.000000
16.193447,-0.100000,0.000000,0.000000,0.000000,0.000000,0.000000
16.203447,-0.100000,0.000000,0.000000,0.000000,0.000000,0.000000
16.213447,-0.100000,0.000000,0.000000,0.000000,0.000000,0.000000
16.223447,-0.100000,0.000000,0.000000,0.000000,0.000000,0.000000
16.233447,-0.100000,0.000000,0.000000,0.000000,0.000000,0.000000
16.243447,-0.100000,0.000000,0.000000,0.000000,0.000000,0.000000
16.253447,-0.100000,0.000000,0.000000,0.000000,0.000000,0.000000
16.263447,-0.100000,0.000000,0.000000,0.000000,0.000000,0.000000
16.273447,-0.100000,0.000000,0.000000,0.000000,0.000000,0.000000
16.283447,-0.100000,0.000000,0.000000,0.000000,0.000000,0.000000
16.293447,-0.100000,0.000000,0.000000,0.000000,0.000000,0.000000
16.303447,-0.100000,0.000000,0.000000,0.000000,0.000000,0.000000
16.313447,-0.100000,0.000000,0.000000,0.000000,0.000000,0.000000
16.323447,-0.100000,0.000000,0.000000,0.000000,0.000000,0.000000
16.333447,-0.100000,0.000000,0.000000,0.000000,0.000000,0.000000
16.343447,-0.100000,0.000000,0.000000,0.000000,0.000000,0.000000
16.353447,-0.100000,0.000000,0.000000,0.000000,0.000000,0.000000
16.363447,-0.100000,0.000000,0.000000,0.000000,0.000000,0.000000
16.373447,-0.100000,0.000000,0.000000,0.000000,0.000000,0.000000
16.383447,-0.100000,0.000000,0.000000,0.000000,0.000000,0.000000
16.393447,-0.100000,0.000000,0.000000,0.000000,0.000000,0.000000
16.403447,-0.100000,0.000000,0.000000,0.000000,0.000000,0.000000
16.413447,-0.100000,0.000000,0.000000,0.000000,0.000000,0.000000
16.423447,-0.100000,0.000000,0.000000,0.000000,0.000000,0.000000
16.433447,-0.100000,0.000000,0.000000,0.000000,0.000000,0.000000
16.443447,-0.100000,0.000000,0.000000,0.000000,0.000000,0.000000
16.453447,-0.100000,0.000000,0.000000,0.000000,0.000000,0.000000
16.463447,-0.100000,0.000000,0.000000,0.000000,0.000000,0.000000
16.473447,-0.100000,0.000000,0.000000,0.000000,0.000000,0.000000
16.483447,-0.100000,0.000000,0.000000,0.000000,0.000000,0.000000
16.493447,-0.100000,0.000000,0.000000,0.000000,0.000000,0.000000
16.503447,-0.100000,0.000000,0.000000,0.000000,0.000000,0.000000
16.513447,-0.100000,0.000000,0.000000,0.000000,0.000000,0.000000
16.523447,-0.100000,0.000000,0.000000,0.000000,0.000000,0.000000
16.533447,-0.100000,0.000000,0.000000,0.000000,0.000000,0.000000
16.543447,-0.100000,0.000000,0.000000,0.000000,0.000000,0.000000
16.553447,-0.100000,0.000000,0.000000,0.000000,0.000000,0.000000
16.563447,-0.100000,0.000000,0.000000,0.000000,0.000000,0.000000
16.573447,-0.100000,0.000000,0.000000,0.000000,0.000000,0.000000
16.583447,-0.100000,0.000000,0.000000,0.000000,0.000000,0.000000
16.593447,-0.100000,0.000000,0.000000,0.000000,0.000000,0.000000
16.603447,-0.100000,0.000000,0.000000,0.000000,0.000000,0.000000
16.613447,-0.100000,0.000000,0.000000,0.000000,0.000000,0.000000
16.623447,-0.100000,0.000000,0.000000,0.000000,0.000000,0.000000
16.633447,-0.100000,0.000000,0.000000,0.000000,0.000000,0.000000
16.643447,-0.100000,0.000000,0.000000,0.000000,0.000000,0.000000
16.653447,-0.100000,0.000000,0.000000,0.000000,0.000000,0.000000
16.663447,-0.100000,0.000000,0.000000,0.000000,0.000000,0.000000
16.673447,-0.100000,0.000000,0.000000,0.000000,0.000000,0.000000
16.683447,-0.100000,0.000000,0.000000,0.000000,0.000000,0.000000
16.693447,-0.100000,0.000000,0.000000,0.000000,0.000000,0.000000
16.703447,-0.100000,0.000000,0.000000,0.000000,0.000000,0.000000
16.713447,-0.100000,0.000000,0.000000,0.000000,0.000000,0.000000
16.723447,-0.100000,0.000000,0.000000,0.000000,0.000000,0.000000
16.733447,-0.100000,0.000000,0.000000,0.000000,0.000000,0.000000
16.743447,-0.100000,0.000000,0.000000,0.000000,0.000000,0.000000
16.753447,-0.100000,0.000000,0.000000,0.000000,0.000000,0.000000
16.763447,-0.100000,0.000000,0.000000,0.000000,0.000000,0.000000
16.773447,-0.100000,0.000000,0.000000,0.000000,0.000000,0.000000
16.783447,-0.100000,0.000000,0.000000,0.000000,0.000000,0.000000
16.793447,-0.100000,0.000000,0.000000,0.000000,0.000000,0.000000
16.803447,-0.100000,0.000000,0.000000,0.000000,0.000000,0.000000
16.813447,-0.100000,0.000000,0.000000,0.000000,0.000000,0.000000
16.823447,-0.100000,0.000000,0.000000,0.000000,0.000000,0.000000
16.833447,-0.100000,0.000000,0.000000,0.000000,0.000000,0.000000
16.843447,-0.100000,0.000000,0.000000,0.000000,0.000000,0.000000
16.853447,-0.100000,0.000000,0.000000,0.000000,0.000000,0.000000
16.863447,-0.100000,0.000000,0.000000,0.000000,0.000000,0.000000
16.873447,-0.100000,0.000000,0.000000,0.000000,0.000000,0.000000
16.883447,-0.100000,0.000000,0.000000,0.000000,0.000000,0.000000
16.893447,-0.100000,0.000000,0.000000,0.000000,0.000000,0.000000
16.903447,-0.100000,0.000000,0.000000,0.000000,0.000000,0.000000
16.913447,-0.100000,0.000000,0.000000,0.000000,0.000000,0.000000
16.923447,-0.100000,0.000000,0.000000,0.000000,0.000000,0.000000
16.933447,-0.100000,0.000000,0.000000,0.000000,0.000000,0.000000
16.943447,-0.100000,0.000000,0.000000,0.000000,0.000000,0.000000
16.953447,-0.100000,0.000000,0.000000,0.000000,0.000000,0.000000
16.963447,-0.100000,0.000000,0.000000,0.000000,0.000000,0.000000
16.973447,-0.100000,0.000000,0.000000,0.000000,0.000000,0.000000
16.983447,-0.100000,0.000000,0.000000,0.000000,0.000000,0.000000
16.993447,-0.100000,0.000000,0.000000,0.000000,0.000000,0.000000
17.003447,-0.100000,0.000000,0.000000,0.000000,0.000000,0.000000
17.013447,-0.100000,0.000000,0.000000,0.000000,0.000000,0.000000
17.023447,-0.100000,0.000000,0.000000,0.000000,0.000000,0.000000
17.033447,-0.100000,0.000000,0.000000,0.000000,0.000000,0.000000
17.043447,-0.100000,0.000000,0.000000,0.000000,0.000000,0.000000
17.053447,-0.100000,0.000000,0.000000,0.000000,0.000000,0.000000
17.063447,-0.100000,0.000000,0.000000,0.000000,0.000000,0.000000
17.073447,-0.100000,0.000000,0.000000,0.000000,0.000000,0.000000
17.083447,-0.100000,0.000000,0.000000,0.000000,0.000000,0.000000
17.093447,-0.100000,0.000000,0.000000,0.000000,0.000000,0.000000
17.103447,-0.100000,0.000000,0.000000,0.000000,0.000000,0.000000
17.113447,-0.100000,0.000000,0.000000,0.000000,0.000000,0.000000
17.123447,-0.100000,0.000000,0.000000,0.000000,0.000000,0.000000
17.133447,-0.100000,0.000000,0.000000,0.000000,0.000000,0.000000
17.143447,-0.100000,0.000000,0.000000,0.000000,0.000000,0.000000
17.153447,-0.100000,0.000000,0.000000,0.000000,0.000000,0.000000
17.163447,-0.100000,0.000000,0.000000,0.000000,0.000000,0.000000
17.173447,-0.100000,0.000000,0.000000,0.000000,0.000000,0.000000
17.183447,-0.100000,0.000000,0.000000,0.000000,0.000000,0.000000
17.193447,-0.100000,0.000000,0.000000,0.000000,0.000000,0.000000
17.203447,-0.100000,0.000000,0.000000,0.000000,0.000000,0.000000
17.213447,-0.100000,0.000000,0.000000,0.000000,0.000000,0.000000
17.223447,-0.100000,0.000000,0.000000,0.000000,0.000000,0.000000
17.233447,-0.100000,0.000000,0.000000,0.000000,0.000000,0.000000
17.243447,-0.100000,0.000000,0.000000,0.000000,0.000000,0.000000
17.253447,-0.100000,0.000000,0.000000,0.000000,0.000000,0.000000
17.263447,-0.100000,0.000000,0.000000,0.000000,0.000000,0.000000
17.273447,-0.100000,0.000000,0.000000,0.000000,0.000000,0.000000
17.283447,-0.100000,0.000000,0.000000,0.000000,0.000000,0.000000
17.293447,-0.100000,0.000000,0.000000,0.000000,0.000000,0.000000
17.303447,-0.100000,0.000000,0.000000,0.000000,0.000000,0.000000
17.313447,-0.100000,0.000000,0.000000,0.000000,0.000000,0.000000
17.323447,-0.100000,0.000000,0.000000,0.000000,0.000000,0.000000
17.333447,-0.100000,0.000000,0.000000,0.000000,0.000000,0.000000
17.343447,-0.100000,0.000000,0.000000,0.000000,0.000000,0.000000
17.353447,-0.100000,0.000000,0.000000,0.000000,0.000000,0.000000
17.363447,-0.100000,0.000000,0.000000,0.000000,0.000000,0.000000
17.373447,-0.100000,0.000000,0.000000,0.000000,0.000000,0.000000
17.383447,-0.100000,0.000000,0.000000,0.000000,0.000000,0.000000
17.393447,-0.100000,0.000000,0.000000,0.000000,0.000000,0.000000
17.403447,-0.100000,0.000000,0.000000,0.000000,0.000000,0.000000
17.413447,-0.100000,0.000000,0.000000,0.000000,0.000000,0.000000
17.423447,-0.100000,0.000000,0.000000,0.000000,0.000000,0.000000
17.433447,-0.100000,0.000000,0.000000,0.000000,0.000000,0.000000
17.443447,-0.100000,0.000000,0.000000,0.000000,0.000000,0.000000
17.453447,-0.100000,0.000000,0.000000,0.000000,0.000000,0.000000
17.463447,-0.100000,0.000000,0.000000,0.000000,0.000000,0.000000
17.473447,-0.100000,0.000000,0.000000,0.000000,0.000000,0.000000
17.483447,-0.100000,0.000000,0.000000,0.000000,0.000000,0.000000
17.493447,-0.100000,0.000000,0.000000,0.000000,0.000000,0.000000
17.503447,-0.100000,0.000000,0.000000,0.000000,0.000000,0.000000
17.513447,-0.100000,0.000000,0.000000,0.000000,0.000000,0.000000
17.523447,-0.100000,0.000000,0.000000,0.000000,0.000000,0.000000
17.533447,-0.100000,0.000000,0.000000,0.000000,0.000000,0.000000
17.543447,-0.100000,0.000000,0.000000,0.000000,0.000000,0.000000
17.553447,-0.100000,0.000000,0.000000,0.000000,0.000000,0.000000
17.563447,-0.100000,0.000000,0.000000,0.000000,0.000000,0.000000
17.573447,-0.100000,0.000000,0.000000,0.000000,0.000000,0.000000
17.583447,-0.100000,0.000000,0.000000,0.000000,0.000000,0.000000
17.593447,-0.100000,0.000000,0.000000,0.000000,0.000000,0.000000
17.603447,-0.100000,0.000000,0.000000,0.000000,0.000000,0.000000
17.613447,-0.100000,0.000000,0.000000,0.000000,0.000000,0.000000
17.623447,-0.100000,0.000000,0.000000,0.000000,0.000000,0.000000
17.633447,-0.100000,0.000000,0.000000,0.000000,0.000000,0.000000
17.643447,-0.100000,0.000000,0.000000,0.000000,0.000000,0.000000
17.653447,-0.100000,0.000000,0.000000,0.000000,0.000000,0.000000
17.663447,-0.100000,0.000000,0.000000,0.000000,0.000000,0.000000
17.673447,-0.100000,0.000000,0.000000,0.000000,0.000000,0.000000
17.683447,-0.100000,0.000000,0.000000,0.000000,0.000000,0.000000
17.693447,-0.100000,0.000000,0.000000,0.000000,0.000000,0.000000
17.703447,-0.100000,0.000000,0.000000,0.000000,0.000000,0.000000
17.713447,-0.100000,0.000000,0.000000,0.000000,0.000000,0.000000
17.723447,-0.100000,0.000000,0.000000,0.000000,0.000000,0.000000
17.733447,-0.100000,0.000000,0.000000,0.000000,0.000000,0.000000
17.743447,-0.100000,0.000000,0.000000,0.000000,0.000000,0.000000
17.753447,-0.100000,0.000000,0.000000,0.000000,0.000000,0.000000
17.763447,-0.100000,0.000000,0.000000,0.000000,0.000000,0.000000
17.773447,-0.100000,0.000000,0.000000,0.000000,0.000000,0.000000
17.783447,-0.100000,0.000000,0.000000,0.000000,0.000000,0.000000
17.793447,-0.100000,0.000000,0.000000,0.000000,0.000000,0.000000
17.803447,-0.100000,0.000000,0.000000,0.000000,0.000000,0.000000
17.813447,-0.100000,0.000000,0.000000,0.000000,0.000000,0.000000
17.823447,-0.100000,0.000000,0.000000,0.000000,0.000000,0.000000
17.833447,-0.100000,0.000000,0.000000,0.000000,0.000000,0.000000
17.843447,-0.100000,0.000000,0.000000,0.000000,0.000000,0.000000
17.853447,-0.100000,0.000000,0.000000,0.000000,0.000000,0.000000
17.863447,-0.100000,0.000000,0.000000,0.000000,0.000000,0.000000
17.873447,-0.100000,0.000000,0.000000,0.000000,0.000000,0.000000
17.883447,-0.100000,0.000000,0.000000,0.000000,0.000000,0.000000
17.893447,-0.100000,0.000000,0.000000,0.000000,0.000000,0.000000
17.903447,-0.100000,0.000000,0.000000,0.000000,0.000000,0.000000
17.913447,-0.100000,0.000000,0.000000,0.000000,0.000000,0.000000
17.923447,-0.100000,0.000000,0.000000,0.000000,0.000000,0.000000
17.933447,-0.100000,0.000000,0.000000,0.000000,0.000000,0.000000
17.943447,-0.100000,0.000000,0.000000,0.000000,0.000000,0.000000
17.953447,-0.100000,0.000000,0.000000,0.000000,0.000000,0.000000
17.963447,-0.100000,0.000000,0.000000,0.000000,0.000000,0.000000
17.973447,-0.100000,0.000000,0.000000,0.000000,0.000000,0.000000
17.983447,-0.100000,0.000000,0.000000,0.000000,0.000000,0.000000
17.993447,-0.100000,0.000000,0.000000,0.000000,0.000000,0.000000
18.003447,-0.100000,0.000000,0.000000,0.000000,0.000000,0.000000
18.013447,-0.100000,0.000000,0.000000,0.000000,0.000000,0.000000
18.023447,-0.100000,0.000000,0.000000,0.000000,0.000000,0.000000
18.033447,-0.100000,0.000000,0.000000,0.000000,0.000000,0.000000
18.043447,-0.100000,0.000000,0.000000,0.000000,0.000000,0.000000
18.053447,-0.100000,0.000000,0.000000,0.000000,0.000000,0.000000
18.063447,-0.100000,0.000000,0.000000,0.000000,0.000000,0.000000
18.073447,-0.100000,0.000000,0.000000,0.000000,0.000000,0.000000
18.083447,-0.100000,0.000000,0.000000,0.000000,0.000000,0.000000
18.093447,-0.100000,0.000000,0.000000,0.000000,0.000000,0.000000
18.103447,-0.100000,0.000000,0.000000,0.000000,0.000000,0.000000
18.113447,-0.100000,0.000000,0.000000,0.000000,0.000000,0.000000
18.123447,-0.100000,0.000000,0.000000,0.000000,0.000000,0.000000
18.133447,-0.100000,0.000000,0.000000,0.000000,0.000000,0.000000
18.143447,-0.100000,0.000000,0.000000,0.000000,0.000000,0.000000
18.153447,-0.100000,0.000000,0.000000,0.000000,0.000000,0.000000
18.163447,-0.100000,0.000000,0.000000,0.000000,0.000000,0.000000
18.173447,-0.100000,0.000000,0.000000,0.000000,0.000000,0.000000
18.183447,-0.100000,0.000000,0.000000,0.000000,0.000000,0.000000
18.193447,-0.100000,0.000000,0.000000,0.000000,0.000000,0.000000
18.203447,-0.100000,0.000000,0.000000,0.000000,0.000000,0.000000
18.213447,-0.100000,0.000000,0.000000,0.000000,0.000000,0.000000
18.223447,-0.100000,0.000000,0.000000,0.000000,0.000000,0.000000
18.233447,-0.100000,0.000000,0.000000,0.000000,0.000000,0.000000
18.243447,-0.100000,0.000000,0.000000,0.000000,0.000000,0.000000
18.253447,-0.100000,0.000000,0.000000,0.000000,0.000000,0.000000
18.263447,-0.100000,0.000000,0.000000,0.000000,0.000000,0.000000
18.273447,-0.100000,0.000000,0.000000,0.000000,0.000000,0.000000
18.283447,-0.100000,0.000000,0.000000,0.000000,0.000000,0.000000
18.293447,-0.100000,0.000000,0.000000,0.000000,0.000000,0.000000
18.303447,-0.100000,0.000000,0.000000,0.000000,0.000000,0.000000
18.313447,-0.100000,0.000000,0.000000,0.000000,0.000000,0.000000
18.323447,-0.100000,0.000000,0.000000,0.000000,0.000000,0.000000
18.333447,-0.100000,0.000000,0.000000,0.000000,0.000000,0.000000
18.343447,-0.100000,0.000000,0.000000,0.000000,0.000000,0.000000
18.353447,-0.100000,0.000000,0.000000,0.000000,0.000000,0.000000
18.363447,-0.100000,0.000000,0.000000,0.000000,0.000000,0.000000
18.373447,-0.100000,0.000000,0.000000,0.000000,0.000000,0.000000
18.383447,-0.100000,0.000000,0.000000,0.000000,0.000000,0.000000
18.393447,-0.100000,0.000000,0.000000,0.000000,0.000000,0.000000
18.403447,-0.100000,0.000000,0.000000,0.000000,0.000000,0.000000
18.413447,-0.100000,0.000000,0.000000,0.000000,0.000000,0.000000
18.423447,-0.100000,0.000000,0.000000,0.000000,0.000000,0.000000
18.433447,-0.100000,0.000000,0.000000,0.000000,0.000000,0.000000
18.443447,-0.100000,0.000000,0.000000,0.000000,0.000000,0.000000
18.453447,-0.100000,0.000000,0.000000,0.000000,0.000000,0.000000
18.463447,-0.100000,0.000000,0.000000,0.000000,0.000000,0.000000
18.473447,-0.100000,0.000000,0.000000,0.000000,0.000000,0.000000
18.483447,-0.100000,0.000000,0.000000,0.000000,0.000000,0.000000
18.493447,-0.100000,0.000000,0.000000,0.000000,0.000000,0.000000
18.503447,-0.100000,0.000000,0.000000,0.000000,0.000000,0.000000
18.513447,-0.100000,0.000000,0.000000,0.000000,0.000000,0.000000
18.523447,-0.100000,0.000000,0.000000,0.000000,0.000000,0.000000
18.533447,-0.100000,0.000000,0.000000,0.000000,0.000000,0.000000
18.543447,-0.100000,0.000000,0.000000,0.000000,0.000000,0.000000
18.553447,-0.100000,0.000000,0.000000,0.000000,0.000000,0.000000
18.563447,-0.100000,0.000000,0.000000,0.000000,0.000000,0.000000
18.573447,-0.100000,0.000000,0.000000,0.000000,0.000000,0.000000
18.583447,-0.100000,0.000000,0.000000,0.000000,0.000000,0.000000
18.593447,-0.100000,0.000000,0.000000,0.000000,0.000000,0.000000
18.603447,-0.100000,0.000000,0.000000,0.000000,0.000000,0.000000
18.613447,-0.100000,0.000000,0.000000,0.000000,0.000000,0.000000
18.623447,-0.100000,0.000000,0.000000,0.000000,0.000000,0.000000
18.633447,-0.100000,0.000000,0.000000,0.000000,0.000000,0.000000
18.643447,-0.100000,0.000000,0.000000,0.000000,0.000000,0.000000
18.653447,-0.100000,0.000000,0.000000,0.000000,0.000000,0.000000
18.663447,-0.100000,0.000000,0.000000,0.000000,0.000000,0.000000
18.673447,-0.100000,0.000000,0.000000,0.000000,0.000000,0.000000
18.683447,-0.100000,0.000000,0.000000,0.000000,0.000000,0.000000
18.693447,-0.100000,0.000000,0.000000,0.000000,0.000000,0.000000
18.703447,-0.100000,0.000000,0.000000,0.000000,0.000000,0.000000
18.713447,-0.100000,0.000000,0.000000,0.000000,0.000000,0.000000
18.723447,-0.100000,0.000000,0.000000,0.000000,0.000000,0.000000
18.733447,-0.100000,0.000000,0.000000,0.000000,0.000000,0.000000
18.743447,-0.100000,0.000000,0.000000,0.000000,0.000000,0.000000
18.753447,-0.100000,0.000000,0.000000,0.000000,0.000000,0.000000
18.763447,-0.100000,0.000000,0.000000,0.000000,0.000000,0.000000
18.773447,-0.100000,0.000000,0.000000,0.000000,0.000000,0.000000
18.783447,-0.100000,0.000000,0.000000,0.000000,0.000000,0.000000
18.793447,-0.100000,0.000000,0.000000,0.000000,0.000000,0.000000
18.803447,-0.100000,0.000000,0.000000,0.000000,0.000000,0.000000
18.813447,-0.100000,0.000000,0.000000,0.000000,0.000000,0.000000
18.823447,-0.100000,0.000000,0.000000,0.000000,0.000000,0.000000
18.833447,-0.100000,0.000000,0.000000,0.000000,0.000000,0.000000
18.843447,-0.100000,0.000000,0.000000,0.000000,0.000000,0.000000
18.853447,-0.100000,0.000000,0.000000,0.000000,0.000000,0.000000
18.863447,-0.100000,0.000000,0.000000,0.000000,0.000000,0.000000
18.873447,-0.100000,0.000000,0.000000,0.000000,0.000000,0.000000
18.883447,-0.100000,0.000000,0.000000,0.000000,0.000000,0.000000
18.893447,-0.100000,0.000000,0.000000,0.000000,0.000000,0.000000
18.903447,-0.100000,0.000000,0.000000,0.000000,0.000000,0.000000
18.913447,-0.100000,0.000000,0.000000,0.000000,0.000000,0.000000
18.923447,-0.100000,0.000000,0.000000,0.000000,0.000000,0.000000
18.933447,-0.100000,0.000000,0.000000,0.000000,0.000000,0.000000
18.943447,-0.100000,0.000000,0.000000,0.000000,0.000000,0.000000
18.953447,-0.100000,0.000000,0.000000,0.000000,0.000000,0.000000
18.963447,-0.100000,0.000000,0.000000,0.000000,0.000000,0.000000
18.973447,-0.100000,0.000000,0.000000,0.000000,0.000000,0.000000
18.983447,-0.100000,0.000000,0.000000,0.000000,0.000000,0.000000
18.993447,0.000000,0.000000,0.000000,0.000000,0.000000,0.000000
19.003447,0.000000,0.000000,0.000000,0.000000,0.000000,0.000000
19.013447,0.000000,0.000000,0.000000,0.000000,0.000000,0.000000
19.023447,0.000000,0.000000,0.000000,0.000000,0.000000,0.000000
19.033447,0.000000,0.000000,0.000000,0.000000,0.000000,0.000000
19.043447,0.000000,0.000000,0.000000,0.000000,0.000000,0.000000
19.053447,0.000000,0.000000,0.000000,0.000000,0.000000,0.000000
19.063447,0.000000,0.000000,0.000000,0.000000,0.000000,0.000000
19.073447,0.000000,0.000000,0.000000,0.000000,0.000000,0.000000
19.083447,0.000000,0.000000,0.000000,0.000000,0.000000,0.000000
19.093447,0.000000,0.000000,0.000000,0.000000,0.000000,0.000000
19.103447,0.000000,0.000000,0.000000,0.000000,0.000000,0.000000
19.113447,0.000000,0.000000,0.000000,0.000000,0.000000,0.000000
19.123447,0.000000,0.000000,0.000000,0.000000,0.000000,0.000000
19.133447,0.000000,0.000000,0.000000,0.000000,0.000000,0.000000
19.143447,0.000000,0.000000,0.000000,0.000000,0.000000,0.000000
19.153447,0.000000,0.000000,0.000000,0.000000,0.000000,0.000000
19.163447,0.000000,0.000000,0.000000,0.000000,0.000000,0.000000
19.173447,0.000000,0.000000,0.000000,0.000000,0.000000,0.000000
19.183447,0.000000,0.000000,0.000000,0.000000,0.000000,0.000000
19.193447,0.000000,0.000000,0.000000,0.000000,0.000000,0.000000
19.203447,0.000000,0.000000,0.000000,0.000000,0.000000,0.000000
19.213447,0.000000,0.000000,0.000000,0.000000,0.000000,0.000000
19.223447,0.000000,0.000000,0.000000,0.000000,0.000000,0.000000
19.233447,0.000000,0.000000,0.000000,0.000000,0.000000,0.000000
19.243447,0.000000,0.000000,0.000000,0.000000,0.000000,0.000000
19.253447,0.000000,0.000000,0.000000,0.000000,0.000000,0.000000
19.263447,0.000000,0.000000,0.000000,0.000000,0.000000,0.000000
19.273447,0.000000,0.000000,0.000000,0.000000,0.000000,0.000000
19.283447,0.000000,0.000000,0.000000,0.000000,0.000000,0.000000
19.293447,0.000000,0.000000,0.000000,0.000000,0.000000,0.000000
19.303447,0.000000,0.000000,0.000000,0.000000,0.000000,0.000000
19.313447,0.000000,0.000000,0.000000,0.000000,0.000000,0.000000
19.323447,0.000000,0.000000,0.000000,0.000000,0.000000,0.000000
19.333447,0.000000,0.000000,0.000000,0.000000,0.000000,0.000000
19.343447,0.000000,0.000000,0.000000,0.000000,0.000000,0.000000
19.353447,0.000000,0.000000,0.000000,0.000000,0.000000,0.000000
19.363447,0.000000,0.000000,0.000000,0.000000,0.000000,0.000000
19.373447,0.000000,0.000000,0.000000,0.000000,0.000000,0.000000
19.383447,0.000000,0.000000,0.000000,0.000000,0.000000,0.000000
19.393447,0.000000,0.000000,0.000000,0.000000,0.000000,0.000000
19.403447,0.000000,0.000000,0.000000,0.000000,0.000000,0.000000
19.413447,0.000000,0.000000,0.000000,0.000000,0.000000,0.000000
19.423447,0.000000,0.000000,0.000000,0.000000,0.000000,0.000000
19.433447,0.000000,0.000000,0.000000,0.000000,0.000000,0.000000
19.443447,0.000000,0.000000,0.000000,0.000000,0.000000,0.000000
19.453447,0.000000,0.000000,0.000000,0.000000,0.000000,0.000000
19.463447,0.000000,0.000000,0.000000,0.000000,0.000000,0.000000
19.473447,0.000000,0.000000,0.000000,0.000000,0.000000,0.000000
19.483447,0.000000,0.000000,0.000000,0.000000,0.000000,0.000000
19.493447,0.000000,0.000000,0.000000,0.000000,0.000000,0.000000
19.503447,0.000000,0.000000,0.000000,0.000000,0.000000,0.000000
19.513447,0.000000,0.000000,0.000000,0.000000,0.000000,0.000000
19.523447,0.000000,0.000000,0.000000,0.000000,0.000000,0.000000
19.533447,0.000000,0.000000,0.000000,0.000000,0.000000,0.000000
19.543447,0.000000,0.000000,0.000000,0.000000,0.000000,0.000000
19.553447,0.000000,0.000000,0.000000,0.000000,0.000000,0.000000
19.563447,0.000000,0.000000,0.000000,0.000000,0.000000,0.000000
19.573447,0.000000,0.000000,0.000000,0.000000,0.000000,0.000000
19.583447,0.000000,0.000000,0.000000,0.000000,0.000000,0.000000
19.593447,0.000000,0.000000,0.000000,0.000000,0.000000,0.000000
19.603447,0.000000,0.000000,0.000000,0.000000,0.000000,0.000000
19.613447,0.000000,0.000000,0.000000,0.000000,0.000000,0.000000
19.623447,0.000000,0.000000,0.000000,0.000000,0.000000,0.000000
19.633447,0.000000,0.000000,0.000000,0.000000,0.000000,0.000000
19.643447,0.000000,0.000000,0.000000,0.000000,0.000000,0.000000
19.653447,0.000000,0.000000,0.000000,0.000000,0.000000,0.000000
19.663447,0.000000,0.000000,0.000000,0.000000,0.000000,0.000000
19.673447,0.000000,0.000000,0.000000,0.000000,0.000000,0.000000
19.683447,0.000000,0.000000,0.000000,0.000000,0.000000,0.000000
19.693447,0.000000,0.000000,0.000000,0.000000,0.000000,0.000000
19.703447,0.000000,0.000000,0.000000,0.000000,0.000000,0.000000
19.713447,0.000000,0.000000,0.000000,0.000000,0.000000,0.000000
19.723447,0.000000,0.000000,0.000000,0.000000,0.000000,0.000000
19.733447,0.000000,0.000000,0.000000,0.000000,0.000000,0.000000
19.743447,0.000000,0.000000,0.000000,0.000000,0.000000,0.000000
19.753447,0.000000,0.000000,0.000000,0.000000,0.000000,0.000000
19.763447,0.000000,0.000000,0.000000,0.000000,0.000000,0.000000
19.773447,0.000000,0.000000,0.000000,0.000000,0.000000,0.000000
19.783447,0.000000,0.000000,0.000000,0.000000,0.000000,0.000000
19.793447,0.000000,0.000000,0.000000,0.000000,0.000000,0.000000
19.803447,0.000000,0.000000,0.000000,0.000000,0.000000,0.000000
19.813447,0.000000,0.000000,0.000000,0.000000,0.000000,0.000000
19.823447,0.000000,0.000000,0.000000,0.000000,0.000000,0.000000
19.833447,0.000000,0.000000,0.000000,0.000000,0.000000,0.000000
19.843447,0.000000,0.000000,0.000000,0.000000,0.000000,0.000000
19.853447,0.000000,0.000000,0.000000,0.000000,0.000000,0.000000
19.863447,0.000000,0.000000,0.000000,0.000000,0.000000,0.000000
19.873447,0.000000,0.000000,0.000000,0.000000,0.000000,0.000000
19.883447,0.000000,0.000000,0.000000,0.000000,0.000000,0.000000
19.893447,0.000000,0.000000,0.000000,0.000000,0.000000,0.000000
19.903447,0.000000,0.000000,0.000000,0.000000,0.000000,0.000000
19.913447,0.000000,0.000000,0.000000,0.000000,0.000000,0.000000
19.923447,0.000000,0.000000,0.000000,0.000000,0.000000,0.000000
19.933447,0.000000,0.000000,0.000000,0.000000,0.000000,0.000000
19.943447,0.000000,0.000000,0.000000,0.000000,0.000000,0.000000
19.953447,0.000000,0.000000,0.000000,0.000000,0.000000,0.000000
19.963447,0.000000,0.000000,0.000000,0.000000,0.000000,0.000000
19.973447,0.000000,0.000000,0.000000,0.000000,0.000000,0.000000
19.983447,0.000000,0.000000,0.000000,0.000000,0.000000,0.000000
19.993447,0.000000,0.000000,0.000000,0.000000,0.000000,0.000000
20.003447,0.000000,0.000000,0.000000,0.000000,0.000000,0.000000
20.013447,0.000000,0.000000,0.000000,0.000000,0.000000,0.000000
20.023447,0.000000,0.000000,0.000000,0.000000,0.000000,0.000000
20.033447,0.000000,0.000000,0.000000,0.000000,0.000000,0.000000
20.043447,0.000000,0.000000,0.000000,0.000000,0.000000,0.000000
20.053447,0.000000,0.000000,0.000000,0.000000,0.000000,0.000000
20.063447,0.000000,0.000000,0.000000,0.000000,0.000000,0.000000
20.073447,0.000000,0.000000,0.000000,0.000000,0.000000,0.000000
20.083447,0.000000,0.000000,0.000000,0.000000,0.000000,0.000000
20.093447,0.000000,0.000000,0.000000,0.000000,0.000000,0.000000
20.103447,0.000000,0.000000,0.000000,0.000000,0.000000,0.000000
20.113447,0.000000,0.000000,0.000000,0.000000,0.000000,0.000000
20.123447,0.000000,0.000000,0.000000,0.000000,0.000000,0.000000
20.133447,0.000000,0.000000,0.000000,0.000000,0.000000,0.000000
20.143447,0.000000,0.000000,0.000000,0.000000,0.000000,0.000000
20.153447,0.000000,0.000000,0.000000,0.000000,0.000000,0.000000
20.163447,0.000000,0.000000,0.000000,0.000000,0.000000,0.000000
20.173447,0.000000,0.000000,0.000000,0.000000,0.000000,0.000000
20.183447,0.000000,0.000000,0.000000,0.000000,0.000000,0.000000
20.193447,0.000000,0.000000,0.000000,0.000000,0.000000,0.000000
20.203447,0.000000,0.000000,0.000000,0.000000,0.000000,0.000000
20.213447,0.000000,0.000000,0.000000,0.000000,0.000000,0.000000
20.223447,0.000000,0.000000,0.000000,0.000000,0.000000,0.000000
20.233447,0.000000,0.000000,0.000000,0.000000,0.000000,0.000000
20.243447,0.000000,0.000000,0.000000,0.000000,0.000000,0.000000
20.253447,0.000000,0.000000,0.000000,0.000000,0.000000,0.000000
20.263447,0.000000,0.000000,0.000000,0.000000,0.000000,0.000000
20.273447,0.000000,0.000000,0.000000,0.000000,0.000000,0.000000
20.283447,0.000000,0.000000,0.000000,0.000000,0.000000,0.000000
20.293447,0.000000,0.000000,0.000000,0.000000,0.000000,0.000000
20.303447,0.000000,0.000000,0.000000,0.000000,0.000000,0.000000
20.313447,0.000000,0.000000,0.000000,0.000000,0.000000,0.000000
20.323447,0.000000,0.000000,0.000000,0.000000,0.000000,0.000000
20.333447,0.000000,0.000000,0.000000,0.000000,0.000000,0.000000
20.343447,0.000000,0.000000,0.000000,0.000000,0.000000,0.000000
20.353447,0.000000,0.000000,0.000000,0.000000,0.000000,0.000000
20.363447,0.000000,0.000000,0.000000,0.000000,0.000000,0.000000
20.373447,0.000000,0.000000,0.000000,0.000000,0.000000,0.000000
20.383447,0.000000,0.000000,0.000000,0.000000,0.000000,0.000000
20.393447,0.000000,0.000000,0.000000,0.000000,0.000000,0.000000
20.403447,0.000000,0.000000,0.000000,0.000000,0.000000,0.000000
20.413447,0.000000,0.000000,0.000000,0.000000,0.000000,0.000000
20.423447,0.000000,0.000000,0.000000,0.000000,0.000000,0.000000
20.433447,0.000000,0.000000,0.000000,0.000000,0.000000,0.000000
20.443447,0.000000,0.000000,0.000000,0.000000,0.000000,0.000000
20.453447,0.000000,0.000000,0.000000,0.000000,0.000000,0.000000
20.463447,0.000000,0.000000,0.000000,0.000000,0.000000,0.000000
20.473447,0.000000,0.000000,0.000000,0.000000,0.000000,0.000000
20.483447,0.000000,0.000000,0.000000,0.000000,0.000000,0.000000
20.493447,0.000000,0.000000,0.000000,0.000000,0.000000,0.000000
20.503447,0.000000,0.000000,0.000000,0.000000,0.000000,0.000000
20.513447,0.000000,0.000000,0.000000,0.000000,0.000000,0.000000
20.523447,0.000000,0.000000,0.000000,0.000000,0.000000,0.000000
20.533447,0.000000,0.000000,0.000000,0.000000,0.000000,0.000000
20.543447,0.000000,0.000000,0.000000,0.000000,0.000000,0.000000
20.553447,0.000000,0.000000,0.000000,0.000000,0.000000,0.000000
20.563447,0.000000,0.000000,0.000000,0.000000,0.000000,0.000000
20.573447,0.000000,0.000000,0.000000,0.000000,0.000000,0.000000
20.583447,0.000000,0.000000,0.000000,0.000000,0.000000,0.000000
20.593447,0.000000,0.000000,0.000000,0.000000,0.000000,0.000000
20.603447,0.000000,0.000000,0.000000,0.000000,0.000000,0.000000
20.613447,0.000000,0.000000,0.000000,0.000000,0.000000,0.000000
20.623447,0.000000,0.000000,0.000000,0.000000,0.000000,0.000000
20.633447,0.000000,0.000000,0.000000,0.000000,0.000000,0.000000
20.643447,0.000000,0.000000,0.000000,0.000000,0.000000,0.000000
20.653447,0.000000,0.000000,0.000000,0.000000,0.000000,0.000000
20.663447,0.000000,0.000000,0.000000,0.000000,0.000000,0.000000
20.673447,0.000000,0.000000,0.000000,0.000000,0.000000,0.000000
20.683447,0.000000,0.000000,0.000000,0.000000,0.000000,0.000000
20.693447,0.000000,0.000000,0.000000,0.000000,0.000000,0.000000
20.703447,0.000000,0.000000,0.000000,0.000000,0.000000,0.000000
20.713447,0.000000,0.000000,0.000000,0.000000,0.000000,0.000000
20.723447,0.000000,0.000000,0.000000,0.000000,0.000000,0.000000
20.733447,0.000000,0.000000,0.000000,0.000000,0.000000,0.000000
20.743447,0.000000,0.000000,0.000000,0.000000,0.000000,0.000000
20.753447,0.000000,0.000000,0.000000,0.000000,0.000000,0.000000
20.763447,0.000000,0.000000,0.000000,0.000000,0.000000,0.000000
20.773447,0.000000,0.000000,0.000000,0.000000,0.000000,0.000000
20.783447,0.000000,0.000000,0.000000,0.000000,0.000000,0.000000
20.793447,0.000000,0.000000,0.000000,0.000000,0.000000,0.000000
20.803447,0.000000,0.000000,0.000000,0.000000,0.000000,0.000000
20.813447,0.000000,0.000000,0.000000,0.000000,0.000000,0.000000
20.823447,0.000000,0.000000,0.000000,0.000000,0.000000,0.000000
20.833447,0.000000,0.000000,0.000000,0.000000,0.000000,0.000000
20.843447,0.000000,0.000000,0.000000,0.000000,0.000000,0.000000
20.853447,0.000000,0.000000,0.000000,0.000000,0.000000,0.000000
20.863447,0.000000,0.000000,0.000000,0.000000,0.000000,0.000000
20.873447,0.000000,0.000000,0.000000,0.000000,0.000000,0.000000
20.883447,0.000000,0.000000,0.000000,0.000000,0.000000,0.000000
20.893447,0.000000,0.000000,0.000000,0.000000,0.000000,0.000000
20.903447,0.000000,0.000000,0.000000,0.000000,0.000000,0.000000
20.913447,0.000000,0.000000,0.000000,0.000000,0.000000,0.000000
20.923447,0.000000,0.000000,0.000000,0.000000,0.000000,0.000000
20.933447,0.000000,0.000000,0.000000,0.000000,0.000000,0.000000
20.943447,0.000000,0.000000,0.000000,0.000000,0.000000,0.000000
20.953447,0.000000,0.000000,0.000000,0.000000,0.000000,0.000000
20.963447,0.000000,0.000000,0.000000,0.000000,0.000000,0.000000
20.973447,0.000000,0.000000,0.000000,0.000000,0.000000,0.000000
20.983447,0.000000,0.000000,0.000000,0.000000,0.000000,0.000000
20.993447,0.000000,0.000000,0.000000,0.000000,0.000000,0.000000
21.003447,0.000000,0.000000,0.000000,0.000000,0.000000,0.000000
21.013447,0.000000,0.000000,0.000000,0.000000,0.000000,0.000000
21.023447,0.000000,0.000000,0.000000,0.000000,0.000000,0.000000
21.033447,0.000000,0.000000,0.000000,0.000000,0.000000,0.000000
21.043447,0.000000,0.000000,0.000000,0.000000,0.000000,0.000000
21.053447,0.000000,0.000000,0.000000,0.000000,0.000000,0.000000
21.063447,0.000000,0.000000,0.000000,0.000000,0.000000,0.000000
21.073447,0.000000,0.000000,0.000000,0.000000,0.000000,0.000000
21.083447,0.000000,0.000000,0.000000,0.000000,0.000000,0.000000
21.093447,0.000000,0.000000,0.000000,0.000000,0.000000,0.000000
21.103447,0.000000,0.000000,0.000000,0.000000,0.000000,0.000000
21.113447,0.000000,0.000000,0.000000,0.000000,0.000000,0.000000
21.123447,0.000000,0.000000,0.000000,0.000000,0.000000,0.000000
21.133447,0.000000,0.000000,0.000000,0.000000,0.000000,0.000000
21.143447,0.000000,0.000000,0.000000,0.000000,0.000000,0.000000
21.153447,0.000000,0.000000,0.000000,0.000000,0.000000,0.000000
21.163447,0.000000,0.000000,0.000000,0.000000,0.000000,0.000000
21.173447,0.000000,0.000000,0.000000,0.000000,0.000000,0.000000
21.183447,0.000000,0.000000,0.000000,0.000000,0.000000,0.000000
21.193447,0.000000,0.000000,0.000000,0.000000,0.000000,0.000000
21.203447,0.000000,0.000000,0.000000,0.000000,0.000000,0.000000
21.213447,0.000000,0.000000,0.000000,0.000000,0.000000,0.000000
21.223447,0.000000,0.000000,0.000000,0.000000,0.000000,0.000000
21.233447,0.000000,0.000000,0.000000,0.000000,0.000000,0.000000
21.243447,0.000000,0.000000,0.000000,0.000000,0.000000,0.000000
21.253447,0.000000,0.000000,0.000000,0.000000,0.000000,0.000000
21.263447,0.000000,0.000000,0.000000,0.000000,0.000000,0.000000
21.273447,0.000000,0.000000,0.000000,0.000000,0.000000,0.000000
21.283447,0.000000,0.000000,0.000000,0.000000,0.000000,0.000000
21.293447,0.000000,0.000000,0.000000,0.000000,0.000000,0.000000
21.303447,0.000000,0.000000,0.000000,0.000000,0.000000,0.000000
21.313447,0.000000,0.000000,0.000000,0.000000,0.000000,0.000000
21.323447,0.000000,0.000000,0.000000,0.000000,0.000000,0.000000
21.333447,0.000000,0.000000,0.000000,0.000000,0.000000,0.000000
21.343447,0.000000,0.000000,0.000000,0.000000,0.000000,0.000000
21.353447,0.000000,0.000000,0.000000,0.000000,0.000000,0.000000
21.363447,0.000000,0.000000,0.000000,0.000000,0.000000,0.000000
21.373447,0.000000,0.000000,0.000000,0.000000,0.000000,0.000000
21.383447,0.000000,0.000000,0.000000,0.000000,0.000000,0.000000
21.393447,0.000000,0.000000,0.000000,0.000000,0.000000,0.000000
21.403447,0.000000,0.000000,0.000000,0.000000,0.000000,0.000000
21.413447,0.000000,0.000000,0.000000,0.000000,0.000000,0.000000
21.423447,0.000000,0.000000,0.000000,0.000000,0.000000,0.000000
21.433447,0.000000,0.000000,0.000000,0.000000,0.000000,0.000000
21.443447,0.000000,0.000000,0.000000,0.000000,0.000000,0.000000
21.453447,0.000000,0.000000,0.000000,0.000000,0.000000,0.000000
21.463447,0.000000,0.000000,0.000000,0.000000,0.000000,0.000000
21.473447,0.000000,0.000000,0.000000,0.000000,0.000000,0.000000
21.483447,0.000000,0.000000,0.000000,0.000000,0.000000,0.000000
21.493447,0.000000,0.000000,0.000000,0.000000,0.000000,0.000000
21.503447,0.000000,0.000000,0.000000,0.000000,0.000000,0.000000
21.513447,0.000000,0.000000,0.000000,0.000000,0.000000,0.000000
21.523447,0.000000,0.000000,0.000000,0.000000,0.000000,0.000000
21.533447,0.000000,0.000000,0.000000,0.000000,0.000000,0.000000
21.543447,0.000000,0.000000,0.000000,0.000000,0.000000,0.000000
21.553447,0.000000,0.000000,0.000000,0.000000,0.000000,0.000000
21.563447,0.000000,0.000000,0.000000,0.000000,0.000000,0.000000
21.573447,0.000000,0.000000,0.000000,0.000000,0.000000,0.000000
21.583447,0.000000,0.000000,0.000000,0.000000,0.000000,0.000000
21.593447,0.000000,0.000000,0.000000,0.000000,0.000000,0.000000
21.603447,0.000000,0.000000,0.000000,0.000000,0.000000,0.000000
21.613447,0.000000,0.000000,0.000000,0.000000,0.000000,0.000000
21.623447,0.000000,0.000000,0.000000,0.000000,0.000000,0.000000
21.633447,0.000000,0.000000,0.000000,0.000000,0.000000,0.000000
21.643447,0.000000,0.000000,0.000000,0.000000,0.000000,0.000000
21.653447,0.000000,0.000000,0.000000,0.000000,0.000000,0.000000
21.663447,0.000000,0.000000,0.000000,0.000000,0.000000,0.000000
21.673447,0.000000,0.000000,0.000000,0.000000,0.000000,0.000000
21.683447,0.000000,0.000000,0.000000,0.000000,0.000000,0.000000
21.693447,0.000000,0.000000,0.000000,0.000000,0.000000,0.000000
21.703447,0.000000,0.000000,0.000000,0.000000,0.000000,0.000000
21.713447,0.000000,0.000000,0.000000,0.000000,0.000000,0.000000
21.723447,0.000000,0.000000,0.000000,0.000000,0.000000,0.000000
21.733447,0.000000,0.000000,0.000000,0.000000,0.000000,0.000000
21.743447,0.000000,0.000000,0.000000,0.000000,0.000000,0.000000
21.753447,0.000000,0.000000,0.000000,0.000000,0.000000,0.000000
21.763447,0.000000,0.000000,0.000000,0.000000,0.000000,0.000000
21.773447,0.000000,0.000000,0.000000,0.000000,0.000000,0.000000
21.783447,0.000000,0.000000,0.000000,0.000000,0.000000,0.000000
