time,linear_accel_x,linear_accel_y,linear_accel_z,angular_vel_x,angular_vel_y,angular_vel_z
0.100000,0.000000,0.000000,0.000000,0.000000,0.000000,0.000000
0.110000,0.000000,0.000000,0.000000,0.000000,0.000000,0.000000
0.120000,0.000000,0.000000,0.000000,0.000000,0.000000,0.000000
0.130000,0.000000,0.000000,0.000000,0.000000,0.000000,0.000000
0.150000,0.000000,0.000000,0.000000,0.000000,0.000000,0.000000
0.170000,0.000000,0.000000,0.000000,0.000000,0.000000,0.000000
0.200000,0.000000,0.000000,0.000000,0.000000,0.000000,0.000000
0.220000,0.000000,0.000000,0.000000,0.000000,0.000000,0.000000
0.250000,0.000000,0.000000,0.000000,0.000000,0.000000,0.000000
0.270000,0.000000,0.000000,0.000000,0.000000,0.000000,0.000000
0.300000,0.000000,0.000000,0.000000,0.000000,0.000000,0.000000
0.320000,0.000000,0.000000,0.000000,0.000000,0.000000,0.000000
0.350000,0.000000,0.000000,0.000000,0.000000,0.000000,0.000000
0.370000,0.000000,0.000000,0.000000,0.000000,0.000000,0.000000
0.390000,0.000000,0.000000,0.000000,0.000000,0.000000,0.000000
0.420000,0.000000,0.000000,0.000000,0.000000,0.000000,0.000000
0.440000,0.000000,0.000000,0.000000,0.000000,0.000000,0.000000
0.460000,0.000000,0.000000,0.000000,0.000000,0.000000,0.000000
0.490000,0.000000,0.000000,0.000000,0.000000,0.000000,0.000000
0.510000,0.000000,0.000000,0.000000,0.000000,0.000000,0.000000
0.540000,0.000000,0.000000,0.000000,0.000000,0.000000,0.000000
0.560000,0.000000,0.000000,0.000000,0.000000,0.000000,0.000000
0.580000,0.000000,0.000000,0.000000,0.000000,0.000000,0.000000
0.600000,0.000000,0.000000,0.000000,0.000000,0.000000,0.000000
0.620000,0.000000,0.000000,0.000000,0.000000,0.000000,0.000000
0.650000,0.000000,0.000000,0.000000,0.000000,0.000000,0.000000
0.670000,0.000000,0.000000,0.000000,0.000000,0.000000,0.000000
0.690000,0.000000,0.000000,0.000000,0.000000,0.000000,0.000000
0.710000,0.000000,0.000000,0.000000,0.000000,0.000000,0.000000
0.740000,0.000000,0.000000,0.000000,0.000000,0.000000,0.000000
0.760000,0.000000,0.000000,0.000000,0.000000,0.000000,0.000000
0.790000,0.000000,0.000000,0.000000,0.000000,0.000000,0.000000
0.810000,0.000000,0.000000,0.000000,0.000000,0.000000,0.000000
0.830000,0.000000,0.000000,0.000000,0.000000,0.000000,0.000000
0.850000,0.000000,0.000000,0.000000,0.000000,0.000000,0.000000
0.870000,0.000000,0.000000,0.000000,0.000000,0.000000,0.000000
0.900000,0.000000,0.000000,0.000000,0.000000,0.000000,0.000000
0.920000,0.000000,0.000000,0.000000,0.000000,0.000000,0.000000
0.940000,0.000000,0.000000,0.000000,0.000000,0.000000,0.000000
0.960000,0.000000,0.000000,0.000000,0.000000,0.000000,0.000000
0.980000,0.000000,0.000000,0.000000,0.000000,0.000000,0.000000
1.010000,0.000000,0.000000,0.000000,0.000000,0.000000,0.000000
1.030000,0.000000,0.000000,0.000000,0.000000,0.000000,0.000000
1.060000,0.000000,0.000000,0.000000,0.000000,0.000000,0.000000
1.080000,0.000000,0.000000,0.000000,0.000000,0.000000,0.000000
1.100000,0.000000,0.000000,0.000000,0.000000,0.000000,0.000000
1.130000,0.000000,0.000000,0.000000,0.000000,0.000000,0.000000
1.150000,0.000000,0.000000,0.000000,0.000000,0.000000,0.000000
1.180000,0.000000,0.000000,0.000000,0.000000,0.000000,0.000000
1.210000,0.000000,0.000000,0.000000,0.000000,0.000000,0.000000
1.230000,0.000000,0.000000,0.000000,0.000000,0.000000,0.000000
1.250000,0.000000,0.000000,0.000000,0.000000,0.000000,0.000000
1.280000,0.000000,0.000000,0.000000,0.000000,0.000000,0.000000
1.300000,0.000000,0.000000,0.000000,0.000000,0.000000,0.000000
1.330000,0.000000,0.000000,0.000000,0.000000,0.000000,0.000000
1.350000,0.000000,0.000000,0.000000,0.000000,0.000000,0.000000
1.380000,0.000000,0.000000,0.000000,0.000000,0.000000,0.000000
1.400000,0.000000,0.000000,0.000000,0.000000,0.000000,0.000000
1.430000,0.000000,0.000000,0.000000,0.000000,0.000000,0.000000
1.450000,0.000000,0.000000,0.000000,0.000000,0.000000,0.000000
1.480000,0.000000,0.000000,0.000000,0.000000,0.000000,0.000000
1.500000,0.000000,0.000000,0.000000,0.000000,0.000000,0.000000
1.530000,0.000000,0.000000,0.000000,0.000000,0.000000,0.000000
1.550000,0.000000,0.000000,0.000000,0.000000,0.000000,0.000000
1.570000,0.000000,0.000000,0.000000,0.000000,0.000000,0.000000
1.600000,0.000000,0.000000,0.000000,0.000000,0.000000,0.000000
1.620000,0.000000,0.000000,0.000000,0.000000,0.000000,0.000000
1.650000,0.000000,0.000000,0.000000,0.000000,0.000000,0.000000
1.670000,0.000000,0.000000,0.000000,0.000000,0.000000,0.000000
1.700000,0.000000,0.000000,0.000000,0.000000,0.000000,0.000000
1.720000,0.000000,0.000000,0.000000,0.000000,0.000000,0.000000
1.740000,0.000000,0.000000,0.000000,0.000000,0.000000,0.000000
1.770000,0.000000,0.000000,0.000000,0.000000,0.000000,0.000000
1.800000,0.000000,0.000000,0.000000,0.000000,0.000000,0.000000
1.820000,0.000000,0.000000,0.000000,0.000000,0.000000,0.000000
1.850000,0.000000,0.000000,0.000000,0.000000,0.000000,0.000000
1.870000,0.000000,0.000000,0.000000,0.000000,0.000000,0.000000
1.890000,0.000000,0.000000,0.000000,0.000000,0.000000,0.000000
1.920000,0.000000,0.000000,0.000000,0.000000,0.000000,0.000000
1.940000,0.000000,0.000000,0.000000,0.000000,0.000000,0.000000
1.960000,0.000000,0.000000,0.000000,0.000000,0.000000,0.000000
1.980000,0.000000,0.000000,0.000000,0.000000,0.000000,0.000000
2.010000,0.000000,0.000000,0.000000,0.000000,0.000000,0.000000
2.030000,0.000000,0.000000,0.000000,0.000000,0.000000,0.000000
2.050000,0.000000,0.000000,0.000000,0.000000,0.000000,0.000000
2.080000,0.000000,0.000000,0.000000,0.000000,0.000000,0.000000
2.100000,0.000000,0.000000,0.000000,0.000000,0.000000,0.000000
2.120000,0.000000,0.000000,0.000000,0.000000,0.000000,0.000000
2.150000,0.000000,0.000000,0.000000,0.000000,0.000000,0.000000
2.170000,0.000000,0.000000,0.000000,0.000000,0.000000,0.000000
2.190000,0.000000,0.000000,0.000000,0.000000,0.000000,0.000000
2.220000,0.000000,0.000000,0.000000,0.000000,0.000000,0.000000
2.250000,0.000000,0.000000,0.000000,0.000000,0.000000,0.000000
2.270000,0.000000,0.000000,0.000000,0.000000,0.000000,0.000000
2.300000,0.000000,0.000000,0.000000,0.000000,0.000000,0.000000
2.320000,0.000000,0.000000,0.000000,0.000000,0.000000,0.000000
2.340000,0.000000,0.000000,0.000000,0.000000,0.000000,0.000000
2.370000,0.000000,0.000000,0.000000,0.000000,0.000000,0.000000
2.390000,0.000000,0.000000,0.000000,0.000000,0.000000,0.000000
2.410000,0.000000,0.000000,0.000000,0.000000,0.000000,0.000000
2.440000,0.000000,0.000000,0.000000,0.000000,0.000000,0.000000
2.460000,0.000000,0.000000,0.000000,0.000000,0.000000,0.000000
2.480000,0.000000,0.000000,0.000000,0.000000,0.000000,0.000000
2.510000,0.000000,0.000000,0.000000,0.000000,0.000000,0.000000
2.530000,0.000000,0.000000,0.000000,0.000000,0.000000,0.000000
2.560000,0.000000,0.000000,0.000000,0.000000,0.000000,0.000000
2.580000,0.000000,0.000000,0.000000,0.000000,0.000000,0.000000
2.600000,0.000000,0.000000,0.000000,0.000000,0.000000,0.000000
2.630000,0.000000,0.000000,0.000000,0.000000,0.000000,0.000000
2.650000,0.000000,0.000000,0.000000,0.000000,0.000000,0.000000
2.670000,0.000000,0.000000,0.000000,0.000000,0.000000,0.000000
2.690000,0.000000,0.000000,0.000000,0.000000,0.000000,0.000000
2.720000,0.000000,0.000000,0.000000,0.000000,0.000000,0.000000
2.740000,0.000000,0.000000,0.000000,0.000000,0.000000,0.000000
2.760000,0.000000,0.000000,0.000000,0.000000,0.000000,0.000000
2.790000,0.000000,0.000000,0.000000,0.000000,0.000000,0.000000
2.810000,0.000000,0.000000,0.000000,0.000000,0.000000,0.000000
2.840000,0.000000,0.000000,0.000000,0.000000,0.000000,0.000000
2.860000,0.000000,0.000000,0.000000,0.000000,0.000000,0.000000
2.880000,0.000000,0.000000,0.000000,0.000000,0.000000,0.000000
2.910000,0.000000,0.000000,0.000000,0.000000,0.000000,0.000000
2.930000,0.000000,0.000000,0.000000,0.000000,0.000000,0.000000
2.950000,0.000000,0.000000,0.000000,0.000000,0.000000,0.000000
2.980000,0.000000,0.000000,0.000000,0.000000,0.000000,0.000000
3.000000,0.000000,0.000000,0.000000,0.000000,0.000000,0.000000
3.020000,0.000000,0.000000,0.000000,0.000000,0.000000,0.000000
3.050000,0.000000,0.000000,0.000000,0.000000,0.000000,0.000000
3.070000,0.000000,0.000000,0.000000,0.000000,0.000000,0.000000
3.090000,0.000000,0.000000,0.000000,0.000000,0.000000,0.000000
3.120000,0.000000,0.000000,0.000000,0.000000,0.000000,0.000000
3.140000,0.000000,0.000000,0.000000,0.000000,0.000000,0.000000
3.160000,0.000000,0.000000,0.000000,0.000000,0.000000,0.000000
3.180000,0.000000,0.000000,0.000000,0.000000,0.000000,0.000000
3.210000,0.000000,0.000000,0.000000,0.000000,0.000000,0.000000
3.230000,0.000000,0.000000,0.000000,0.000000,0.000000,0.000000
3.250000,0.000000,0.000000,0.000000,0.000000,0.000000,0.000000
3.280000,0.000000,0.000000,0.000000,0.000000,0.000000,0.000000
3.300000,0.000000,0.000000,0.000000,0.000000,0.000000,0.000000
3.330000,0.000000,0.000000,0.000000,0.000000,0.000000,0.000000
3.350000,0.000000,0.000000,0.000000,0.000000,0.000000,0.000000
3.370000,0.000000,0.000000,0.000000,0.000000,0.000000,0.000000
3.400000,0.000000,0.000000,0.000000,0.000000,0.000000,0.000000
3.420000,0.000000,0.000000,0.000000,0.000000,0.000000,0.000000
3.450000,0.000000,0.000000,0.000000,0.000000,0.000000,0.000000
3.470000,0.000000,0.000000,0.000000,0.000000,0.000000,0.000000
3.490000,0.000000,0.000000,0.000000,0.000000,0.000000,0.000000
3.520000,0.000000,0.000000,0.000000,0.000000,0.000000,0.000000
3.540000,0.000000,0.000000,0.000000,0.000000,0.000000,0.000000
3.570000,0.000000,0.000000,0.000000,0.000000,0.000000,0.000000
3.590000,0.000000,0.000000,0.000000,0.000000,0.000000,0.000000
3.620000,0.000000,0.000000,0.000000,0.000000,0.000000,0.000000
3.640000,0.000000,0.000000,0.000000,0.000000,0.000000,0.000000
3.660000,0.000000,0.000000,0.000000,0.000000,0.000000,0.000000
3.690000,0.000000,0.000000,0.000000,0.000000,0.000000,0.000000
3.710000,0.000000,0.000000,0.000000,0.000000,0.000000,0.000000
3.730000,0.000000,0.000000,0.000000,0.000000,0.000000,0.000000
3.750000,0.000000,0.000000,0.000000,0.000000,0.000000,0.000000
3.780000,0.000000,0.000000,0.000000,0.000000,0.000000,0.000000
3.810000,0.000000,0.000000,0.000000,0.000000,0.000000,0.000000
3.830000,0.000000,0.000000,0.000000,0.000000,0.000000,0.000000
3.860000,0.000000,0.000000,0.000000,0.000000,0.000000,0.000000
3.880000,0.000000,0.000000,0.000000,0.000000,0.000000,0.000000
3.900000,0.000000,0.000000,0.000000,0.000000,0.000000,0.000000
3.930000,0.000000,0.000000,0.000000,0.000000,0.000000,0.000000
3.950000,0.000000,0.000000,0.000000,0.000000,0.000000,0.000000
3.980000,0.000000,0.000000,0.000000,0.000000,0.000000,0.000000
4.000000,0.000000,0.000000,0.000000,0.000000,0.000000,0.000000
4.020000,0.000000,0.000000,0.000000,0.000000,0.000000,0.000000
4.050000,0.000000,0.000000,0.000000,0.000000,0.000000,0.000000
4.070000,0.000000,0.000000,0.000000,0.000000,0.000000,0.000000
4.090000,0.000000,0.000000,0.000000,0.000000,0.000000,0.000000
4.120000,0.000000,0.000000,0.000000,0.000000,0.000000,0.000000
4.140000,0.000000,0.000000,0.000000,0.000000,0.000000,0.000000
4.160000,0.000000,0.000000,0.000000,0.000000,0.000000,0.000000
4.190000,0.000000,0.000000,0.000000,0.000000,0.000000,0.000000
4.210000,0.000000,0.000000,0.000000,0.000000,0.000000,0.000000
4.240000,0.000000,0.000000,0.000000,0.000000,0.000000,0.000000
4.260000,0.000000,0.000000,0.000000,0.000000,0.000000,0.000000
4.290000,0.000000,0.000000,0.000000,0.000000,0.000000,0.000000
4.310000,0.000000,0.000000,0.000000,0.000000,0.000000,0.000000
4.340000,0.000000,0.000000,0.000000,0.000000,0.000000,0.000000
4.360000,0.000000,0.000000,0.000000,0.000000,0.000000,0.000000
4.380000,0.000000,0.000000,0.000000,0.000000,0.000000,0.000000
4.410000,0.000000,0.000000,0.000000,0.000000,0.000000,0.000000
4.430000,0.000000,0.000000,0.000000,0.000000,0.000000,0.000000
4.450000,0.000000,0.000000,0.000000,0.000000,0.000000,0.000000
4.480000,0.000000,0.000000,0.000000,0.000000,0.000000,0.000000
4.500000,0.000000,0.000000,0.000000,0.000000,0.000000,0.000000
4.530000,0.000000,0.000000,0.000000,0.000000,0.000000,0.000000
4.550000,0.000000,0.000000,0.000000,0.000000,0.000000,0.000000
4.570000,0.000000,0.000000,0.000000,0.000000,0.000000,0.000000
4.600000,0.000000,0.000000,0.000000,0.000000,0.000000,0.000000
4.620000,0.000000,0.000000,0.000000,0.000000,0.000000,0.000000
4.640000,0.000000,0.000000,0.000000,0.000000,0.000000,0.000000
4.670000,0.000000,0.000000,0.000000,0.000000,0.000000,0.000000
4.690000,0.000000,0.000000,0.000000,0.000000,0.000000,0.000000
4.710000,0.000000,0.000000,0.000000,0.000000,0.000000,0.000000
4.740000,0.000000,0.000000,0.000000,0.000000,0.000000,0.000000
4.760000,0.000000,0.000000,0.000000,0.000000,0.000000,0.000000
4.790000,0.000000,0.000000,0.000000,0.000000,0.000000,0.000000
4.810000,0.000000,0.000000,0.000000,0.000000,0.000000,0.000000
4.840000,0.000000,0.000000,0.000000,0.000000,0.000000,0.000000
4.860000,0.000000,0.000000,0.000000,0.000000,0.000000,0.000000
4.880000,0.000000,0.000000,0.000000,0.000000,0.000000,0.000000
4.910000,0.000000,0.000000,0.000000,0.000000,0.000000,0.000000
4.930000,0.000000,0.000000,0.000000,0.000000,0.000000,0.000000
4.960000,0.000000,0.000000,0.000000,0.000000,0.000000,0.000000
4.980000,0.000000,0.000000,0.000000,0.000000,0.000000,0.000000
5.010000,0.000997,0.000000,0.000000,0.000000,0.000000,0.000000
5.030000,0.002977,0.000000,0.000000,0.000000,0.000000,0.000000
5.050000,0.004937,0.000000,0.000000,0.000000,0.000000,0.000000
5.080000,0.007840,0.000000,0.000000,0.000000,0.000000,0.000000
5.100000,0.009750,0.000000,0.000000,0.000000,0.000000,0.000000
5.130000,0.012577,0.000000,0.000000,0.000000,0.000000,0.000000
5.150000,0.014437,0.000000,0.000000,0.000000,0.000000,0.000000
5.170000,0.016277,0.000000,0.000000,0.000000,0.000000,0.000000
5.200000,0.019000,0.000000,0.000000,0.000000,0.000000,0.000000
5.220000,0.020790,0.000000,0.000000,0.000000,0.000000,0.000000
5.240000,0.022560,0.000000,0.000000,0.000000,0.000000,0.000000
5.270000,0.025177,0.000000,0.000000,0.000000,0.000000,0.000000
5.290000,0.026897,0.000000,0.000000,0.000000,0.000000,0.000000
5.320000,0.029440,0.000000,0.000000,0.000000,0.000000,0.000000
5.340000,0.031110,0.000000,0.000000,0.000000,0.000000,0.000000
5.360000,0.032760,0.000000,0.000000,0.000000,0.000000,0.000000
5.380000,0.034390,0.000000,0.000000,0.000000,0.000000,0.000000
5.410000,0.036797,0.000000,0.000000,0.000000,0.000000,0.000000
5.430000,0.038377,0.000000,0.000000,0.000000,0.000000,0.000000
5.450000,0.039937,0.000000,0.000000,0.000000,0.000000,0.000000
5.470000,0.041477,0.000000,0.000000,0.000000,0.000000,0.000000
5.490000,0.042997,0.000000,0.000000,0.000000,0.000000,0.000000
5.520000,0.045240,0.000000,0.000000,0.000000,0.000000,0.000000
5.540000,0.046710,0.000000,0.000000,0.000000,0.000000,0.000000
5.570000,0.048877,0.000000,0.000000,0.000000,0.000000,0.000000
5.590000,0.050297,0.000000,0.000000,0.000000,0.000000,0.000000
5.610000,0.051697,0.000000,0.000000,0.000000,0.000000,0.000000
5.640000,0.053760,0.000000,0.000000,0.000000,0.000000,0.000000
5.660000,0.055110,0.000000,0.000000,0.000000,0.000000,0.000000
5.680000,0.056440,0.000000,0.000000,0.000000,0.000000,0.000000
5.710000,0.058397,0.000000,0.000000,0.000000,0.000000,0.000000
5.730000,0.059677,0.000000,0.000000,0.000000,0.000000,0.000000
5.760000,0.061560,0.000000,0.000000,0.000000,0.000000,0.000000
5.780000,0.062790,0.000000,0.000000,0.000000,0.000000,0.000000
5.810000,0.064597,0.000000,0.000000,0.000000,0.000000,0.000000
5.840000,0.066360,0.000000,0.000000,0.000000,0.000000,0.000000
5.860000,0.067510,0.000000,0.000000,0.000000,0.000000,0.000000
5.880000,0.068640,0.000000,0.000000,0.000000,0.000000,0.000000
5.910000,0.070297,0.000000,0.000000,0.000000,0.000000,0.000000
5.930000,0.071377,0.000000,0.000000,0.000000,0.000000,0.000000
5.950000,0.072437,0.000000,0.000000,0.000000,0.000000,0.000000
5.970000,0.073477,0.000000,0.000000,0.000000,0.000000,0.000000
5.990000,0.074497,0.000000,0.000000,0.000000,0.000000,0.000000
6.020000,0.075990,0.000000,0.000000,0.000000,0.000000,0.000000
6.040000,0.076960,0.000000,0.000000,0.000000,0.000000,0.000000
6.060000,0.077910,0.000000,0.000000,0.000000,0.000000,0.000000
6.080000,0.078840,0.000000,0.000000,0.000000,0.000000,0.000000
6.110000,0.080197,0.000000,0.000000,0.000000,0.000000,0.000000
6.130000,0.081077,0.000000,0.000000,0.000000,0.000000,0.000000
6.160000,0.082360,0.000000,0.000000,0.000000,0.000000,0.000000
6.180000,0.083190,0.000000,0.000000,0.000000,0.000000,0.000000
6.210000,0.084397,0.000000,0.000000,0.000000,0.000000,0.000000
6.230000,0.085177,0.000000,0.000000,0.000000,0.000000,0.000000
6.250000,0.085937,0.000000,0.000000,0.000000,0.000000,0.000000
6.280000,0.087040,0.000000,0.000000,0.000000,0.000000,0.000000
6.300000,0.087750,0.000000,0.000000,0.000000,0.000000,0.000000
6.320000,0.088440,0.000000,0.000000,0.000000,0.000000,0.000000
6.350000,0.089437,0.000000,0.000000,0.000000,0.000000,0.000000
6.370000,0.090077,0.000000,0.000000,0.000000,0.000000,0.000000
6.390000,0.090697,0.000000,0.000000,0.000000,0.000000,0.000000
6.420000,0.091590,0.000000,0.000000,0.000000,0.000000,0.000000
6.440000,0.092160,0.000000,0.000000,0.000000,0.000000,0.000000
6.460000,0.092710,0.000000,0.000000,0.000000,0.000000,0.000000
6.490000,0.093497,0.000000,0.000000,0.000000,0.000000,0.000000
6.510000,0.093997,0.000000,0.000000,0.000000,0.000000,0.000000
6.530000,0.094477,0.000000,0.000000,0.000000,0.000000,0.000000
6.560000,0.095160,0.000000,0.000000,0.000000,0.000000,0.000000
6.580000,0.095590,0.000000,0.000000,0.000000,0.000000,0.000000
6.600000,0.096000,0.000000,0.000000,0.000000,0.000000,0.000000
6.620000,0.096390,0.000000,0.000000,0.000000,0.000000,0.000000
6.650000,0.096937,0.000000,0.000000,0.000000,0.000000,0.000000
6.670000,0.097277,0.000000,0.000000,0.000000,0.000000,0.000000
6.690000,0.097597,0.000000,0.000000,0.000000,0.000000,0.000000
6.710000,0.097897,0.000000,0.000000,0.000000,0.000000,0.000000
6.730000,0.098177,0.000000,0.000000,0.000000,0.000000,0.000000
6.760000,0.098560,0.000000,0.000000,0.000000,0.000000,0.000000
6.780000,0.098790,0.000000,0.000000,0.000000,0.000000,0.000000
6.810000,0.099097,0.000000,0.000000,0.000000,0.000000,0.000000
6.830000,0.099277,0.000000,0.000000,0.000000,0.000000,0.000000
6.860000,0.099510,0.000000,0.000000,0.000000,0.000000,0.000000
6.880000,0.099640,0.000000,0.000000,0.000000,0.000000,0.000000
6.900000,0.099750,0.000000,0.000000,0.000000,0.000000,0.000000
6.930000,0.099877,0.000000,0.000000,0.000000,0.000000,0.000000
6.950000,0.099937,0.000000,0.000000,0.000000,0.000000,0.000000
6.970000,0.099977,0.000000,0.000000,0.000000,0.000000,0.000000
7.000000,0.100000,0.000000,0.000000,0.000000,0.000000,0.000000
7.020000,0.099990,0.000000,0.000000,0.000000,0.000000,0.000000
7.050000,0.099938,0.000000,0.000000,0.000000,0.000000,0.000000
7.070000,0.099878,0.000000,0.000000,0.000000,0.000000,0.000000
7.090000,0.099798,0.000000,0.000000,0.000000,0.000000,0.000000
7.110000,0.099698,0.000000,0.000000,0.000000,0.000000,0.000000
7.140000,0.099510,0.000000,0.000000,0.000000,0.000000,0.000000
7.160000,0.099360,0.000000,0.000000,0.000000,0.000000,0.000000
7.180000,0.099190,0.000000,0.000000,0.000000,0.000000,0.000000
7.200000,0.099000,0.000000,0.000000,0.000000,0.000000,0.000000
7.230000,0.098678,0.000000,0.000000,0.000000,0.000000,0.000000
7.250000,0.098438,0.000000,0.000000,0.000000,0.000000,0.000000
7.280000,0.098040,0.000000,0.000000,0.000000,0.000000,0.000000
7.310000,0.097598,0.000000,0.000000,0.000000,0.000000,0.000000
7.330000,0.097278,0.000000,0.000000,0.000000,0.000000,0.000000
7.350000,0.096938,0.000000,0.000000,0.000000,0.000000,0.000000
7.380000,0.096390,0.000000,0.000000,0.000000,0.000000,0.000000
7.400000,0.096000,0.000000,0.000000,0.000000,0.000000,0.000000
7.420000,0.095590,0.000000,0.000000,0.000000,0.000000,0.000000
7.450000,0.094938,0.000000,0.000000,0.000000,0.000000,0.000000
7.470000,0.094478,0.000000,0.000000,0.000000,0.000000,0.000000
7.500000,0.093750,0.000000,0.000000,0.000000,0.000000,0.000000
7.520000,0.093240,0.000000,0.000000,0.000000,0.000000,0.000000
7.550000,0.092438,0.000000,0.000000,0.000000,0.000000,0.000000
7.570000,0.091878,0.000000,0.000000,0.000000,0.000000,0.000000
7.590000,0.091298,0.000000,0.000000,0.000000,0.000000,0.000000
7.620000,0.090390,0.000000,0.000000,0.000000,0.000000,0.000000
7.640000,0.089760,0.000000,0.000000,0.000000,0.000000,0.000000
7.670000,0.088778,0.000000,0.000000,0.000000,0.000000,0.000000
7.690000,0.088098,0.000000,0.000000,0.000000,0.000000,0.000000
7.710000,0.087398,0.000000,0.000000,0.000000,0.000000,0.000000
7.730000,0.086678,0.000000,0.000000,0.000000,0.000000,0.000000
7.760000,0.085560,0.000000,0.000000,0.000000,0.000000,0.000000
7.780000,0.084790,0.000000,0.000000,0.000000,0.000000,0.000000
7.810000,0.083598,0.000000,0.000000,0.000000,0.000000,0.000000
7.830000,0.082778,0.000000,0.000000,0.000000,0.000000,0.000000
7.860000,0.081510,0.000000,0.000000,0.000000,0.000000,0.000000
7.880000,0.080640,0.000000,0.000000,0.000000,0.000000,0.000000
7.910000,0.079298,0.000000,0.000000,0.000000,0.000000,0.000000
7.930000,0.078378,0.000000,0.000000,0.000000,0.000000,0.000000
7.960000,0.076960,0.000000,0.000000,0.000000,0.000000,0.000000
7.980000,0.075990,0.000000,0.000000,0.000000,0.000000,0.000000
8.000000,0.075000,0.000000,0.000000,0.000000,0.000000,0.000000
8.030000,0.073478,0.000000,0.000000,0.000000,0.000000,0.000000
8.050000,0.072438,0.000000,0.000000,0.000000,0.000000,0.000000
8.070000,0.071378,0.000000,0.000000,0.000000,0.000000,0.000000
8.100000,0.069750,0.000000,0.000000,0.000000,0.000000,0.000000
8.120000,0.068640,0.000000,0.000000,0.000000,0.000000,0.000000
8.140000,0.067510,0.000000,0.000000,0.000000,0.000000,0.000000
8.170000,0.065778,0.000000,0.000000,0.000000,0.000000,0.000000
8.190000,0.064598,0.000000,0.000000,0.000000,0.000000,0.000000
8.220000,0.062790,0.000000,0.000000,0.000000,0.000000,0.000000
8.240000,0.061560,0.000000,0.000000,0.000000,0.000000,0.000000
8.270000,0.059678,0.000000,0.000000,0.000000,0.000000,0.000000
8.290000,0.058398,0.000000,0.000000,0.000000,0.000000,0.000000
8.320000,0.056440,0.000000,0.000000,0.000000,0.000000,0.000000
8.340000,0.055110,0.000000,0.000000,0.000000,0.000000,0.000000
8.360000,0.053760,0.000000,0.000000,0.000000,0.000000,0.000000
8.380000,0.052390,0.000000,0.000000,0.000000,0.000000,0.000000
8.410000,0.050298,0.000000,0.000000,0.000000,0.000000,0.000000
8.430000,0.048878,0.000000,0.000000,0.000000,0.000000,0.000000
8.450000,0.047438,0.000000,0.000000,0.000000,0.000000,0.000000
8.470000,0.045978,0.000000,0.000000,0.000000,0.000000,0.000000
8.490000,0.044498,0.000000,0.000000,0.000000,0.000000,0.000000
8.520000,0.042240,0.000000,0.000000,0.000000,0.000000,0.000000
8.540000,0.040710,0.000000,0.000000,0.000000,0.000000,0.000000
8.560000,0.039160,0.000000,0.000000,0.000000,0.000000,0.000000
8.580000,0.037590,0.000000,0.000000,0.000000,0.000000,0.000000
8.610000,0.035198,0.000000,0.000000,0.000000,0.000000,0.000000
8.630000,0.033578,0.000000,0.000000,0.000000,0.000000,0.000000
8.650000,0.031938,0.000000,0.000000,0.000000,0.000000,0.000000
8.670000,0.030278,0.000000,0.000000,0.000000,0.000000,0.000000
8.700000,0.027750,0.000000,0.000000,0.000000,0.000000,0.000000
8.720000,0.026040,0.000000,0.000000,0.000000,0.000000,0.000000
8.750000,0.023438,0.000000,0.000000,0.000000,0.000000,0.000000
8.770000,0.021678,0.000000,0.000000,0.000000,0.000000,0.000000
8.800000,0.019000,0.000000,0.000000,0.000000,0.000000,0.000000
8.820000,0.017190,0.000000,0.000000,0.000000,0.000000,0.000000
8.850000,0.014438,0.000000,0.000000,0.000000,0.000000,0.000000
8.880000,0.011640,0.000000,0.000000,0.000000,0.000000,0.000000
8.900000,0.009750,0.000000,0.000000,0.000000,0.000000,0.000000
8.920000,0.007840,0.000000,0.000000,0.000000,0.000000,0.000000
8.950000,0.004938,0.000000,0.000000,0.000000,0.000000,0.000000
8.970000,0.002978,0.000000,0.000000,0.000000,0.000000,0.000000
8.990000,0.000998,0.000000,0.000000,0.000000,0.000000,0.000000
9.010000,0.000000,0.000000,0.000000,0.000000,0.000000,0.000000
9.040000,0.000000,0.000000,0.000000,0.000000,0.000000,0.000000
9.060000,0.000000,0.000000,0.000000,0.000000,0.000000,0.000000
9.090000,0.000000,0.000000,0.000000,0.000000,0.000000,0.000000
9.110000,0.000000,0.000000,0.000000,0.000000,0.000000,0.000000
9.130000,0.000000,0.000000,0.000000,0.000000,0.000000,0.000000
9.160000,0.000000,0.000000,0.000000,0.000000,0.000000,0.000000
9.180000,0.000000,0.000000,0.000000,0.000000,0.000000,0.000000
9.200000,0.000000,0.000000,0.000000,0.000000,0.000000,0.000000
9.230000,0.000000,0.000000,0.000000,0.000000,0.000000,0.000000
9.250000,0.000000,0.000000,0.000000,0.000000,0.000000,0.000000
9.280000,0.000000,0.000000,0.000000,0.000000,0.000000,0.000000
9.300000,0.000000,0.000000,0.000000,0.000000,0.000000,0.000000
9.330000,0.000000,0.000000,0.000000,0.000000,0.000000,0.000000
9.350000,0.000000,0.000000,0.000000,0.000000,0.000000,0.000000
9.380000,0.000000,0.000000,0.000000,0.000000,0.000000,0.000000
9.400000,0.000000,0.000000,0.000000,0.000000,0.000000,0.000000
9.420000,0.000000,0.000000,0.000000,0.000000,0.000000,0.000000
9.450000,0.000000,0.000000,0.000000,0.000000,0.000000,0.000000
9.470000,0.000000,0.000000,0.000000,0.000000,0.000000,0.000000
9.500000,0.000000,0.000000,0.000000,0.000000,0.000000,0.000000
9.520000,0.000000,0.000000,0.000000,0.000000,0.000000,0.000000
9.550000,0.000000,0.000000,0.000000,0.000000,0.000000,0.000000
9.570000,0.000000,0.000000,0.000000,0.000000,0.000000,0.000000
9.590000,0.000000,0.000000,0.000000,0.000000,0.000000,0.000000
9.610000,0.000000,0.000000,0.000000,0.000000,0.000000,0.000000
9.640000,0.000000,0.000000,0.000000,0.000000,0.000000,0.000000
9.660000,0.000000,0.000000,0.000000,0.000000,0.000000,0.000000
9.680000,0.000000,0.000000,0.000000,0.000000,0.000000,0.000000
9.710000,0.000000,0.000000,0.000000,0.000000,0.000000,0.000000
9.730000,0.000000,0.000000,0.000000,0.000000,0.000000,0.000000
9.750000,0.000000,0.000000,0.000000,0.000000,0.000000,0.000000
9.780000,0.000000,0.000000,0.000000,0.000000,0.000000,0.000000
9.800000,0.000000,0.000000,0.000000,0.000000,0.000000,0.000000
9.830000,0.000000,0.000000,0.000000,0.000000,0.000000,0.000000
9.850000,0.000000,0.000000,0.000000,0.000000,0.000000,0.000000
9.870000,0.000000,0.000000,0.000000,0.000000,0.000000,0.000000
9.900000,0.000000,0.000000,0.000000,0.000000,0.000000,0.000000
9.920000,0.000000,0.000000,0.000000,0.000000,0.000000,0.000000
9.940000,0.000000,0.000000,0.000000,0.000000,0.000000,0.000000
9.970000,0.000000,0.000000,0.000000,0.000000,0.000000,0.000000
9.990000,0.000000,0.000000,0.000000,0.000000,0.000000,0.000000
10.010000,0.000000,0.000000,0.000000,0.000000,0.000000,0.000000
10.040000,0.000000,0.000000,0.000000,0.000000,0.000000,0.000000
10.060000,0.000000,0.000000,0.000000,0.000000,0.000000,0.000000
10.080000,0.000000,0.000000,0.000000,0.000000,0.000000,0.000000
10.110000,0.000000,0.000000,0.000000,0.000000,0.000000,0.000000
10.130000,0.000000,0.000000,0.000000,0.000000,0.000000,0.000000
10.150000,0.000000,0.000000,0.000000,0.000000,0.000000,0.000000
10.180000,0.000000,0.000000,0.000000,0.000000,0.000000,0.000000
10.200000,0.000000,0.000000,0.000000,0.000000,0.000000,0.000000
10.220000,0.000000,0.000000,0.000000,0.000000,0.000000,0.000000
10.250000,0.000000,0.000000,0.000000,0.000000,0.000000,0.000000
10.270000,0.000000,0.000000,0.000000,0.000000,0.000000,0.000000
10.290000,0.000000,0.000000,0.000000,0.000000,0.000000,0.000000
10.320000,0.000000,0.000000,0.000000,0.000000,0.000000,0.000000
10.340000,0.000000,0.000000,0.000000,0.000000,0.000000,0.000000
10.370000,0.000000,0.000000,0.000000,0.000000,0.000000,0.000000
10.390000,0.000000,0.000000,0.000000,0.000000,0.000000,0.000000
10.410000,0.000000,0.000000,0.000000,0.000000,0.000000,0.000000
10.440000,0.000000,0.000000,0.000000,0.000000,0.000000,0.000000
10.460000,0.000000,0.000000,0.000000,0.000000,0.000000,0.000000
10.480000,0.000000,0.000000,0.000000,0.000000,0.000000,0.000000
10.510000,0.000000,0.000000,0.000000,0.000000,0.000000,0.000000
10.530000,0.000000,0.000000,0.000000,0.000000,0.000000,0.000000
10.560000,0.000000,0.000000,0.000000,0.000000,0.000000,0.000000
10.580000,0.000000,0.000000,0.000000,0.000000,0.000000,0.000000
10.600000,0.000000,0.000000,0.000000,0.000000,0.000000,0.000000
10.630000,0.000000,0.000000,0.000000,0.000000,0.000000,0.000000
10.650000,0.000000,0.000000,0.000000,0.000000,0.000000,0.000000
10.680000,0.000000,0.000000,0.000000,0.000000,0.000000,0.000000
10.700000,0.000000,0.000000,0.000000,0.000000,0.000000,0.000000
10.720000,0.000000,0.000000,0.000000,0.000000,0.000000,0.000000
10.750000,0.000000,0.000000,0.000000,0.000000,0.000000,0.000000
10.780000,0.000000,0.000000,0.000000,0.000000,0.000000,0.000000
10.800000,0.000000,0.000000,0.000000,0.000000,0.000000,0.000000
10.820000,0.000000,0.000000,0.000000,0.000000,0.000000,0.000000
10.850000,0.000000,0.000000,0.000000,0.000000,0.000000,0.000000
10.870000,0.000000,0.000000,0.000000,0.000000,0.000000,0.000000
10.890000,0.000000,0.000000,0.000000,0.000000,0.000000,0.000000
10.920000,0.000000,0.000000,0.000000,0.000000,0.000000,0.000000
10.940000,0.000000,0.000000,0.000000,0.000000,0.000000,0.000000
10.960000,0.000000,0.000000,0.000000,0.000000,0.000000,0.000000
10.980000,0.000000,0.000000,0.000000,0.000000,0.000000,0.000000
11.010000,0.000000,0.000000,0.000000,0.000000,0.000000,0.000000
11.030000,0.000000,0.000000,0.000000,0.000000,0.000000,0.000000
11.050000,0.000000,0.000000,0.000000,0.000000,0.000000,0.000000
11.080000,0.000000,0.000000,0.000000,0.000000,0.000000,0.000000
11.100000,0.000000,0.000000,0.000000,0.000000,0.000000,0.000000
11.120000,0.000000,0.000000,0.000000,0.000000,0.000000,0.000000
11.150000,0.000000,0.000000,0.000000,0.000000,0.000000,0.000000
11.170000,0.000000,0.000000,0.000000,0.000000,0.000000,0.000000
11.200000,0.000000,0.000000,0.000000,0.000000,0.000000,0.000000
11.220000,0.000000,0.000000,0.000000,0.000000,0.000000,0.000000
11.240000,0.000000,0.000000,0.000000,0.000000,0.000000,0.000000
11.270000,0.000000,0.000000,0.000000,0.000000,0.000000,0.000000
11.290000,0.000000,0.000000,0.000000,0.000000,0.000000,0.000000
11.310000,0.000000,0.000000,0.000000,0.000000,0.000000,0.000000
11.330000,0.000000,0.000000,0.000000,0.000000,0.000000,0.000000
11.360000,0.000000,0.000000,0.000000,0.000000,0.000000,0.000000
11.380000,0.000000,0.000000,0.000000,0.000000,0.000000,0.000000
11.410000,0.000000,0.000000,0.000000,0.000000,0.000000,0.000000
11.430000,0.000000,0.000000,0.000000,0.000000,0.000000,0.000000
11.450000,0.000000,0.000000,0.000000,0.000000,0.000000,0.000000
11.470000,0.000000,0.000000,0.000000,0.000000,0.000000,0.000000
11.500000,0.000000,0.000000,0.000000,0.000000,0.000000,0.000000
11.520000,0.000000,0.000000,0.000000,0.000000,0.000000,0.000000
11.540000,0.000000,0.000000,0.000000,0.000000,0.000000,0.000000
11.570000,0.000000,0.000000,0.000000,0.000000,0.000000,0.000000
11.590000,0.000000,0.000000,0.000000,0.000000,0.000000,0.000000
11.610000,0.000000,0.000000,0.000000,0.000000,0.000000,0.000000
11.640000,0.000000,0.000000,0.000000,0.000000,0.000000,0.000000
11.660000,0.000000,0.000000,0.000000,0.000000,0.000000,0.000000
11.680000,0.000000,0.000000,0.000000,0.000000,0.000000,0.000000
11.700000,0.000000,0.000000,0.000000,0.000000,0.000000,0.000000
11.730000,0.000000,0.000000,0.000000,0.000000,0.000000,0.000000
11.750000,0.000000,0.000000,0.000000,0.000000,0.000000,0.000000
11.770000,0.000000,0.000000,0.000000,0.000000,0.000000,0.000000
11.790000,0.000000,0.000000,0.000000,0.000000,0.000000,0.000000
11.810000,0.000000,0.000000,0.000000,0.000000,0.000000,0.000000
11.840000,0.000000,0.000000,0.000000,0.000000,0.000000,0.000000
11.860000,0.000000,0.000000,0.000000,0.000000,0.000000,0.000000
11.890000,0.000000,0.000000,0.000000,0.000000,0.000000,0.000000
11.910000,0.000000,0.000000,0.000000,0.000000,0.000000,0.000000
11.940000,0.000000,0.000000,0.000000,0.000000,0.000000,0.000000
11.960000,0.000000,0.000000,0.000000,0.000000,0.000000,0.000000
11.980000,0.000000,0.000000,0.000000,0.000000,0.000000,0.000000
12.010000,0.000000,0.000000,0.000000,0.000000,0.000000,0.000000
12.030000,0.000000,0.000000,0.000000,0.000000,0.000000,0.000000
12.060000,0.000000,0.000000,0.000000,0.000000,0.000000,0.000000
12.080000,0.000000,0.000000,0.000000,0.000000,0.000000,0.000000
12.100000,0.000000,0.000000,0.000000,0.000000,0.000000,0.000000
12.120000,0.000000,0.000000,0.000000,0.000000,0.000000,0.000000
12.150000,0.000000,0.000000,0.000000,0.000000,0.000000,0.000000
12.170000,0.000000,0.000000,0.000000,0.000000,0.000000,0.000000
12.190000,0.000000,0.000000,0.000000,0.000000,0.000000,0.000000
12.220000,0.000000,0.000000,0.000000,0.000000,0.000000,0.000000
12.240000,0.000000,0.000000,0.000000,0.000000,0.000000,0.000000
12.270000,0.000000,0.000000,0.000000,0.000000,0.000000,0.000000
12.290000,0.000000,0.000000,0.000000,0.000000,0.000000,0.000000
12.320000,0.000000,0.000000,0.000000,0.000000,0.000000,0.000000
12.340000,0.000000,0.000000,0.000000,0.000000,0.000000,0.000000
12.360000,0.000000,0.000000,0.000000,0.000000,0.000000,0.000000
12.380000,0.000000,0.000000,0.000000,0.000000,0.000000,0.000000
12.410000,0.000000,0.000000,0.000000,0.000000,0.000000,0.000000
12.430000,0.000000,0.000000,0.000000,0.000000,0.000000,0.000000
12.450000,0.000000,0.000000,0.000000,0.000000,0.000000,0.000000
12.470000,0.000000,0.000000,0.000000,0.000000,0.000000,0.000000
12.490000,0.000000,0.000000,0.000000,0.000000,0.000000,0.000000
12.520000,0.000000,0.000000,0.000000,0.000000,0.000000,0.000000
12.540000,0.000000,0.000000,0.000000,0.000000,0.000000,0.000000
12.570000,0.000000,0.000000,0.000000,0.000000,0.000000,0.000000
12.590000,0.000000,0.000000,0.000000,0.000000,0.000000,0.000000
12.610000,0.000000,0.000000,0.000000,0.000000,0.000000,0.000000
12.630000,0.000000,0.000000,0.000000,0.000000,0.000000,0.000000
12.650000,0.000000,0.000000,0.000000,0.000000,0.000000,0.000000
12.670000,0.000000,0.000000,0.000000,0.000000,0.000000,0.000000
12.700000,0.000000,0.000000,0.000000,0.000000,0.000000,0.000000
12.720000,0.000000,0.000000,0.000000,0.000000,0.000000,0.000000
12.750000,0.000000,0.000000,0.000000,0.000000,0.000000,0.000000
12.770000,0.000000,0.000000,0.000000,0.000000,0.000000,0.000000
12.800000,0.000000,0.000000,0.000000,0.000000,0.000000,0.000000
12.820000,0.000000,0.000000,0.000000,0.000000,0.000000,0.000000
12.840000,0.000000,0.000000,0.000000,0.000000,0.000000,0.000000
12.870000,0.000000,0.000000,0.000000,0.000000,0.000000,0.000000
12.890000,0.000000,0.000000,0.000000,0.000000,0.000000,0.000000
12.910000,0.000000,0.000000,0.000000,0.000000,0.000000,0.000000
12.940000,0.000000,0.000000,0.000000,0.000000,0.000000,0.000000
12.960000,0.000000,0.000000,0.000000,0.000000,0.000000,0.000000
12.980000,0.000000,0.000000,0.000000,0.000000,0.000000,0.000000
13.010000,0.000000,0.000000,0.000000,0.000000,0.000000,0.000000
13.030000,0.000000,0.000000,0.000000,0.000000,0.000000,0.000000
13.060000,0.000000,0.000000,0.000000,0.000000,0.000000,0.000000
13.080000,0.000000,0.000000,0.000000,0.000000,0.000000,0.000000
13.100000,0.000000,0.000000,0.000000,0.000000,0.000000,0.000000
13.120000,0.000000,0.000000,0.000000,0.000000,0.000000,0.000000
13.150000,0.000000,0.000000,0.000000,0.000000,0.000000,0.000000
13.170000,0.000000,0.000000,0.000000,0.000000,0.000000,0.000000
13.190000,0.000000,0.000000,0.000000,0.000000,0.000000,0.000000
13.210000,0.000000,0.000000,0.000000,0.000000,0.000000,0.000000
13.230000,0.000000,0.000000,0.000000,0.000000,0.000000,0.000000
13.260000,0.000000,0.000000,0.000000,0.000000,0.000000,0.000000
13.280000,0.000000,0.000000,0.000000,0.000000,0.000000,0.000000
13.310000,0.000000,0.000000,0.000000,0.000000,0.000000,0.000000
13.330000,0.000000,0.000000,0.000000,0.000000,0.000000,0.000000
13.350000,0.000000,0.000000,0.000000,0.000000,0.000000,0.000000
13.370000,0.000000,0.000000,0.000000,0.000000,0.000000,0.000000
13.400000,0.000000,0.000000,0.000000,0.000000,0.000000,0.000000
13.420000,0.000000,0.000000,0.000000,0.000000,0.000000,0.000000
13.450000,0.000000,0.000000,0.000000,0.000000,0.000000,0.000000
13.470000,0.000000,0.000000,0.000000,0.000000,0.000000,0.000000
13.490000,0.000000,0.000000,0.000000,0.000000,0.000000,0.000000
13.520000,0.000000,0.000000,0.000000,0.000000,0.000000,0.000000
13.540000,0.000000,0.000000,0.000000,0.000000,0.000000,0.000000
13.570000,0.000000,0.000000,0.000000,0.000000,0.000000,0.000000
13.590000,0.000000,0.000000,0.000000,0.000000,0.000000,0.000000
13.610000,0.000000,0.000000,0.000000,0.000000,0.000000,0.000000
13.640000,0.000000,0.000000,0.000000,0.000000,0.000000,0.000000
13.660000,0.000000,0.000000,0.000000,0.000000,0.000000,0.000000
13.680000,0.000000,0.000000,0.000000,0.000000,0.000000,0.000000
13.710000,0.000000,0.000000,0.000000,0.000000,0.000000,0.000000
13.730000,0.000000,0.000000,0.000000,0.000000,0.000000,0.000000
13.750000,0.000000,0.000000,0.000000,0.000000,0.000000,0.000000
13.780000,0.000000,0.000000,0.000000,0.000000,0.000000,0.000000
13.800000,0.000000,0.000000,0.000000,0.000000,0.000000,0.000000
13.820000,0.000000,0.000000,0.000000,0.000000,0.000000,0.000000
13.840000,0.000000,0.000000,0.000000,0.000000,0.000000,0.000000
13.860000,0.000000,0.000000,0.000000,0.000000,0.000000,0.000000
13.890000,0.000000,0.000000,0.000000,0.000000,0.000000,0.000000
13.910000,0.000000,0.000000,0.000000,0.000000,0.000000,0.000000
13.940000,0.000000,0.000000,0.000000,0.000000,0.000000,0.000000
13.960000,0.000000,0.000000,0.000000,0.000000,0.000000,0.000000
13.980000,0.000000,0.000000,0.000000,0.000000,0.000000,0.000000
14.010000,0.000000,0.000000,0.000000,0.000000,0.000000,0.000000
14.030000,0.000000,0.000000,0.000000,0.000000,0.000000,0.000000
14.050000,0.000000,0.000000,0.000000,0.000000,0.000000,0.000000
14.070000,0.000000,0.000000,0.000000,0.000000,0.000000,0.000000
14.090000,0.000000,0.000000,0.000000,0.000000,0.000000,0.000000
14.120000,0.000000,0.000000,0.000000,0.000000,0.000000,0.000000
14.140000,0.000000,0.000000,0.000000,0.000000,0.000000,0.000000
14.160000,0.000000,0.000000,0.000000,0.000000,0.000000,0.000000
14.180000,0.000000,0.000000,0.000000,0.000000,0.000000,0.000000
14.210000,0.000000,0.000000,0.000000,0.000000,0.000000,0.000000
14.230000,0.000000,0.000000,0.000000,0.000000,0.000000,0.000000
14.250000,0.000000,0.000000,0.000000,0.000000,0.000000,0.000000
14.270000,0.000000,0.000000,0.000000,0.000000,0.000000,0.000000
14.300000,0.000000,0.000000,0.000000,0.000000,0.000000,0.000000
14.320000,0.000000,0.000000,0.000000,0.000000,0.000000,0.000000
14.350000,0.000000,0.000000,0.000000,0.000000,0.000000,0.000000
14.370000,0.000000,0.000000,0.000000,0.000000,0.000000,0.000000
14.390000,0.000000,0.000000,0.000000,0.000000,0.000000,0.000000
14.420000,0.000000,0.000000,0.000000,0.000000,0.000000,0.000000
14.440000,0.000000,0.000000,0.000000,0.000000,0.000000,0.000000
14.460000,0.000000,0.000000,0.000000,0.000000,0.000000,0.000000
14.480000,0.000000,0.000000,0.000000,0.000000,0.000000,0.000000
14.510000,0.000000,0.000000,0.000000,0.000000,0.000000,0.000000
14.530000,0.000000,0.000000,0.000000,0.000000,0.000000,0.000000
14.550000,0.000000,0.000000,0.000000,0.000000,0.000000,0.000000
14.570000,0.000000,0.000000,0.000000,0.000000,0.000000,0.000000
14.590000,0.000000,0.000000,0.000000,0.000000,0.000000,0.000000
14.620000,0.000000,0.000000,0.000000,0.000000,0.000000,0.000000
14.640000,0.000000,0.000000,0.000000,0.000000,0.000000,0.000000
14.660000,0.000000,0.000000,0.000000,0.000000,0.000000,0.000000
14.680000,0.000000,0.000000,0.000000,0.000000,0.000000,0.000000
14.700000,0.000000,0.000000,0.000000,0.000000,0.000000,0.000000
14.730000,0.000000,0.000000,0.000000,0.000000,0.000000,0.000000
14.750000,0.000000,0.000000,0.000000,0.000000,0.000000,0.000000
14.770000,0.000000,0.000000,0.000000,0.000000,0.000000,0.000000
14.800000,0.000000,0.000000,0.000000,0.000000,0.000000,0.000000
14.820000,0.000000,0.000000,0.000000,0.000000,0.000000,0.000000
14.850000,0.000000,0.000000,0.000000,0.000000,0.000000,0.000000
14.870000,0.000000,0.000000,0.000000,0.000000,0.000000,0.000000
14.900000,0.000000,0.000000,0.000000,0.000000,0.000000,0.000000
14.920000,0.000000,0.000000,0.000000,0.000000,0.000000,0.000000
14.940000,0.000000,0.000000,0.000000,0.000000,0.000000,0.000000
14.970000,0.000000,0.000000,0.000000,0.000000,0.000000,0.000000
14.990000,0.000000,0.000000,0.000000,0.000000,0.000000,0.000000
15.010000,-0.000997,0.000000,0.000000,0.000000,0.000000,0.000000
15.030000,-0.002977,0.000000,0.000000,0.000000,0.000000,0.000000
15.060000,-0.005910,0.000000,0.000000,0.000000,0.000000,0.000000
15.080000,-0.007840,0.000000,0.000000,0.000000,0.000000,0.000000
15.100000,-0.009750,0.000000,0.000000,0.000000,0.000000,0.000000
15.120000,-0.011640,0.000000,0.000000,0.000000,0.000000,0.000000
15.150000,-0.014437,0.000000,0.000000,0.000000,0.000000,0.000000
15.170000,-0.016277,0.000000,0.000000,0.000000,0.000000,0.000000
15.190000,-0.018097,0.000000,0.000000,0.000000,0.000000,0.000000
15.220000,-0.020790,0.000000,0.000000,0.000000,0.000000,0.000000
15.240000,-0.022560,0.000000,0.000000,0.000000,0.000000,0.000000
15.260000,-0.024310,0.000000,0.000000,0.000000,0.000000,0.000000
15.290000,-0.026897,0.000000,0.000000,0.000000,0.000000,0.000000
15.310000,-0.028597,0.000000,0.000000,0.000000,0.000000,0.000000
15.330000,-0.030277,0.000000,0.000000,0.000000,0.000000,0.000000
15.360000,-0.032760,0.000000,0.000000,0.000000,0.000000,0.000000
15.380000,-0.034390,0.000000,0.000000,0.000000,0.000000,0.000000
15.400000,-0.036000,0.000000,0.000000,0.000000,0.000000,0.000000
15.430000,-0.038377,0.000000,0.000000,0.000000,0.000000,0.000000
15.450000,-0.039937,0.000000,0.000000,0.000000,0.000000,0.000000
15.470000,-0.041477,0.000000,0.000000,0.000000,0.000000,0.000000
15.500000,-0.043750,0.000000,0.000000,0.000000,0.000000,0.000000
15.520000,-0.045240,0.000000,0.000000,0.000000,0.000000,0.000000
15.540000,-0.046710,0.000000,0.000000,0.000000,0.000000,0.000000
15.570000,-0.048877,0.000000,0.000000,0.000000,0.000000,0.000000
15.590000,-0.050297,0.000000,0.000000,0.000000,0.000000,0.000000
15.610000,-0.051697,0.000000,0.000000,0.000000,0.000000,0.000000
15.630000,-0.053077,0.000000,0.000000,0.000000,0.000000,0.000000
15.660000,-0.055110,0.000000,0.000000,0.000000,0.000000,0.000000
15.680000,-0.056440,0.000000,0.000000,0.000000,0.000000,0.000000
15.700000,-0.057750,0.000000,0.000000,0.000000,0.000000,0.000000
15.730000,-0.059677,0.000000,0.000000,0.000000,0.000000,0.000000
15.750000,-0.060937,0.000000,0.000000,0.000000,0.000000,0.000000
15.770000,-0.062177,0.000000,0.000000,0.000000,0.000000,0.000000
15.790000,-0.063397,0.000000,0.000000,0.000000,0.000000,0.000000
15.820000,-0.065190,0.000000,0.000000,0.000000,0.000000,0.000000
15.840000,-0.066360,0.000000,0.000000,0.000000,0.000000,0.000000
15.860000,-0.067510,0.000000,0.000000,0.000000,0.000000,0.000000
15.890000,-0.069197,0.000000,0.000000,0.000000,0.000000,0.000000
15.910000,-0.070297,0.000000,0.000000,0.000000,0.000000,0.000000
15.930000,-0.071377,0.000000,0.000000,0.000000,0.000000,0.000000
15.950000,-0.072437,0.000000,0.000000,0.000000,0.000000,0.000000
15.980000,-0.073990,0.000000,0.000000,0.000000,0.000000,0.000000
16.000000,-0.075000,0.000000,0.000000,0.000000,0.000000,0.000000
16.020000,-0.075990,0.000000,0.000000,0.000000,0.000000,0.000000
16.040000,-0.076960,0.000000,0.000000,0.000000,0.000000,0.000000
16.060000,-0.077910,0.000000,0.000000,0.000000,0.000000,0.000000
16.090000,-0.079297,0.000000,0.000000,0.000000,0.000000,0.000000
16.110000,-0.080197,0.000000,0.000000,0.000000,0.000000,0.000000
16.130000,-0.081077,0.000000,0.000000,0.000000,0.000000,0.000000
16.150000,-0.081937,0.000000,0.000000,0.000000,0.000000,0.000000
16.170000,-0.082777,0.000000,0.000000,0.000000,0.000000,0.000000
16.200000,-0.084000,0.000000,0.000000,0.000000,0.000000,0.000000
16.220000,-0.084790,0.000000,0.000000,0.000000,0.000000,0.000000
16.240000,-0.085560,0.000000,0.000000,0.000000,0.000000,0.000000
16.260000,-0.086310,0.000000,0.000000,0.000000,0.000000,0.000000
16.290000,-0.087397,0.000000,0.000000,0.000000,0.000000,0.000000
16.310000,-0.088097,0.000000,0.000000,0.000000,0.000000,0.000000
16.330000,-0.088777,0.000000,0.000000,0.000000,0.000000,0.000000
16.350000,-0.089437,0.000000,0.000000,0.000000,0.000000,0.000000
16.380000,-0.090390,0.000000,0.000000,0.000000,0.000000,0.000000
16.400000,-0.091000,0.000000,0.000000,0.000000,0.000000,0.000000
16.420000,-0.091590,0.000000,0.000000,0.000000,0.000000,0.000000
16.450000,-0.092437,0.000000,0.000000,0.000000,0.000000,0.000000
16.470000,-0.092977,0.000000,0.000000,0.000000,0.000000,0.000000
16.490000,-0.093497,0.000000,0.000000,0.000000,0.000000,0.000000
16.520000,-0.094240,0.000000,0.000000,0.000000,0.000000,0.000000
16.540000,-0.094710,0.000000,0.000000,0.000000,0.000000,0.000000
16.560000,-0.095160,0.000000,0.000000,0.000000,0.000000,0.000000
16.580000,-0.095590,0.000000,0.000000,0.000000,0.000000,0.000000
16.600000,-0.096000,0.000000,0.000000,0.000000,0.000000,0.000000
16.630000,-0.096577,0.000000,0.000000,0.000000,0.000000,0.000000
16.650000,-0.096937,0.000000,0.000000,0.000000,0.000000,0.000000
16.670000,-0.097277,0.000000,0.000000,0.000000,0.000000,0.000000
16.690000,-0.097597,0.000000,0.000000,0.000000,0.000000,0.000000
16.720000,-0.098040,0.000000,0.000000,0.000000,0.000000,0.000000
16.740000,-0.098310,0.000000,0.000000,0.000000,0.000000,0.000000
16.760000,-0.098560,0.000000,0.000000,0.000000,0.000000,0.000000
16.790000,-0.098897,0.000000,0.000000,0.000000,0.000000,0.000000
16.810000,-0.099097,0.000000,0.000000,0.000000,0.000000,0.000000
16.830000,-0.099277,0.000000,0.000000,0.000000,0.000000,0.000000
16.860000,-0.099510,0.000000,0.000000,0.000000,0.000000,0.000000
16.880000,-0.099640,0.000000,0.000000,0.000000,0.000000,0.000000
16.900000,-0.099750,0.000000,0.000000,0.000000,0.000000,0.000000
16.920000,-0.099840,0.000000,0.000000,0.000000,0.000000,0.000000
16.950000,-0.099937,0.000000,0.000000,0.000000,0.000000,0.000000
16.970000,-0.099977,0.000000,0.000000,0.000000,0.000000,0.000000
16.990000,-0.099997,0.000000,0.000000,0.000000,0.000000,0.000000
17.010000,-0.099998,0.000000,0.000000,0.000000,0.000000,0.000000
17.040000,-0.099960,0.000000,0.000000,0.000000,0.000000,0.000000
17.060000,-0.099910,0.000000,0.000000,0.000000,0.000000,0.000000
17.080000,-0.099840,0.000000,0.000000,0.000000,0.000000,0.000000
17.100000,-0.099750,0.000000,0.000000,0.000000,0.000000,0.000000
17.120000,-0.099640,0.000000,0.000000,0.000000,0.000000,0.000000
17.150000,-0.099438,0.000000,0.000000,0.000000,0.000000,0.000000
17.170000,-0.099278,0.000000,0.000000,0.000000,0.000000,0.000000
17.190000,-0.099098,0.000000,0.000000,0.000000,0.000000,0.000000
17.220000,-0.098790,0.000000,0.000000,0.000000,0.000000,0.000000
17.240000,-0.098560,0.000000,0.000000,0.000000,0.000000,0.000000
17.260000,-0.098310,0.000000,0.000000,0.000000,0.000000,0.000000
17.290000,-0.097898,0.000000,0.000000,0.000000,0.000000,0.000000
17.310000,-0.097598,0.000000,0.000000,0.000000,0.000000,0.000000
17.340000,-0.097110,0.000000,0.000000,0.000000,0.000000,0.000000
17.360000,-0.096760,0.000000,0.000000,0.000000,0.000000,0.000000
17.380000,-0.096390,0.000000,0.000000,0.000000,0.000000,0.000000
17.410000,-0.095798,0.000000,0.000000,0.000000,0.000000,0.000000
17.430000,-0.095378,0.000000,0.000000,0.000000,0.000000,0.000000
17.450000,-0.094938,0.000000,0.000000,0.000000,0.000000,0.000000
17.480000,-0.094240,0.000000,0.000000,0.000000,0.000000,0.000000
17.500000,-0.093750,0.000000,0.000000,0.000000,0.000000,0.000000
17.520000,-0.093240,0.000000,0.000000,0.000000,0.000000,0.000000
17.540000,-0.092710,0.000000,0.000000,0.000000,0.000000,0.000000
17.570000,-0.091878,0.000000,0.000000,0.000000,0.000000,0.000000
17.590000,-0.091298,0.000000,0.000000,0.000000,0.000000,0.000000
17.610000,-0.090698,0.000000,0.000000,0.000000,0.000000,0.000000
17.630000,-0.090078,0.000000,0.000000,0.000000,0.000000,0.000000
17.650000,-0.089438,0.000000,0.000000,0.000000,0.000000,0.000000
17.670000,-0.088778,0.000000,0.000000,0.000000,0.000000,0.000000
17.700000,-0.087750,0.000000,0.000000,0.000000,0.000000,0.000000
17.720000,-0.087040,0.000000,0.000000,0.000000,0.000000,0.000000
17.740000,-0.086310,0.000000,0.000000,0.000000,0.000000,0.000000
17.760000,-0.085560,0.000000,0.000000,0.000000,0.000000,0.000000
17.780000,-0.084790,0.000000,0.000000,0.000000,0.000000,0.000000
17.810000,-0.083598,0.000000,0.000000,0.000000,0.000000,0.000000
17.830000,-0.082778,0.000000,0.000000,0.000000,0.000000,0.000000
17.850000,-0.081938,0.000000,0.000000,0.000000,0.000000,0.000000
17.880000,-0.080640,0.000000,0.000000,0.000000,0.000000,0.000000
17.900000,-0.079750,0.000000,0.000000,0.000000,0.000000,0.000000
17.930000,-0.078377,0.000000,0.000000,0.000000,0.000000,0.000000
17.950000,-0.077437,0.000000,0.000000,0.000000,0.000000,0.000000
17.970000,-0.076477,0.000000,0.000000,0.000000,0.000000,0.000000
18.000000,-0.075000,0.000000,0.000000,0.000000,0.000000,0.000000
18.020000,-0.073990,0.000000,0.000000,0.000000,0.000000,0.000000
18.040000,-0.072960,0.000000,0.000000,0.000000,0.000000,0.000000
18.070000,-0.071377,0.000000,0.000000,0.000000,0.000000,0.000000
18.090000,-0.070297,0.000000,0.000000,0.000000,0.000000,0.000000
18.110000,-0.069197,0.000000,0.000000,0.000000,0.000000,0.000000
18.140000,-0.067510,0.000000,0.000000,0.000000,0.000000,0.000000
18.160000,-0.066360,0.000000,0.000000,0.000000,0.000000,0.000000
18.180000,-0.065190,0.000000,0.000000,0.000000,0.000000,0.000000
18.210000,-0.063397,0.000000,0.000000,0.000000,0.000000,0.000000
18.230000,-0.062177,0.000000,0.000000,0.000000,0.000000,0.000000
18.250000,-0.060937,0.000000,0.000000,0.000000,0.000000,0.000000
18.280000,-0.059040,0.000000,0.000000,0.000000,0.000000,0.000000
18.300000,-0.057750,0.000000,0.000000,0.000000,0.000000,0.000000
18.320000,-0.056440,0.000000,0.000000,0.000000,0.000000,0.000000
18.340000,-0.055110,0.000000,0.000000,0.000000,0.000000,0.000000
18.370000,-0.053077,0.000000,0.000000,0.000000,0.000000,0.000000
18.390000,-0.051697,0.000000,0.000000,0.000000,0.000000,0.000000
18.410000,-0.050297,0.000000,0.000000,0.000000,0.000000,0.000000
18.430000,-0.048877,0.000000,0.000000,0.000000,0.000000,0.000000
18.450000,-0.047437,0.000000,0.000000,0.000000,0.000000,0.000000
18.470000,-0.045977,0.000000,0.000000,0.000000,0.000000,0.000000
18.500000,-0.043750,0.000000,0.000000,0.000000,0.000000,0.000000
18.520000,-0.042240,0.000000,0.000000,0.000000,0.000000,0.000000
18.540000,-0.040710,0.000000,0.000000,0.000000,0.000000,0.000000
18.560000,-0.039160,0.000000,0.000000,0.000000,0.000000,0.000000
18.580000,-0.037590,0.000000,0.000000,0.000000,0.000000,0.000000
18.600000,-0.036000,0.000000,0.000000,0.000000,0.000000,0.000000
18.630000,-0.033577,0.000000,0.000000,0.000000,0.000000,0.000000
18.650000,-0.031937,0.000000,0.000000,0.000000,0.000000,0.000000
18.670000,-0.030277,0.000000,0.000000,0.000000,0.000000,0.000000
18.700000,-0.027750,0.000000,0.000000,0.000000,0.000000,0.000000
18.720000,-0.026040,0.000000,0.000000,0.000000,0.000000,0.000000
18.750000,-0.023437,0.000000,0.000000,0.000000,0.000000,0.000000
18.770000,-0.021677,0.000000,0.000000,0.000000,0.000000,0.000000
18.790000,-0.019897,0.000000,0.000000,0.000000,0.000000,0.000000
18.810000,-0.018097,0.000000,0.000000,0.000000,0.000000,0.000000
18.840000,-0.015360,0.000000,0.000000,0.000000,0.000000,0.000000
18.860000,-0.013510,0.000000,0.000000,0.000000,0.000000,0.000000
18.890000,-0.010697,0.000000,0.000000,0.000000,0.000000,0.000000
18.910000,-0.008797,0.000000,0.000000,0.000000,0.000000,0.000000
18.930000,-0.006877,0.000000,0.000000,0.000000,0.000000,0.000000
18.950000,-0.004937,0.000000,0.000000,0.000000,0.000000,0.000000
18.980000,-0.001990,0.000000,0.000000,0.000000,0.000000,0.000000
19.000000,0.000000,0.000000,0.000000,0.000000,0.000000,0.000000
19.020000,0.000000,0.000000,0.000000,0.000000,0.000000,0.000000
19.040000,0.000000,0.000000,0.000000,0.000000,0.000000,0.000000
19.060000,0.000000,0.000000,0.000000,0.000000,0.000000,0.000000
19.090000,0.000000,0.000000,0.000000,0.000000,0.000000,0.000000
19.110000,0.000000,0.000000,0.000000,0.000000,0.000000,0.000000
19.130000,0.000000,0.000000,0.000000,0.000000,0.000000,0.000000
19.160000,0.000000,0.000000,0.000000,0.000000,0.000000,0.000000
19.180000,0.000000,0.000000,0.000000,0.000000,0.000000,0.000000
19.200000,0.000000,0.000000,0.000000,0.000000,0.000000,0.000000
19.230000,0.000000,0.000000,0.000000,0.000000,0.000000,0.000000
19.250000,0.000000,0.000000,0.000000,0.000000,0.000000,0.000000
19.280000,0.000000,0.000000,0.000000,0.000000,0.000000,0.000000
19.300000,0.000000,0.000000,0.000000,0.000000,0.000000,0.000000
19.320000,0.000000,0.000000,0.000000,0.000000,0.000000,0.000000
19.350000,0.000000,0.000000,0.000000,0.000000,0.000000,0.000000
19.370000,0.000000,0.000000,0.000000,0.000000,0.000000,0.000000
19.400000,0.000000,0.000000,0.000000,0.000000,0.000000,0.000000
19.420000,0.000000,0.000000,0.000000,0.000000,0.000000,0.000000
19.440000,0.000000,0.000000,0.000000,0.000000,0.000000,0.000000
19.470000,0.000000,0.000000,0.000000,0.000000,0.000000,0.000000
19.490000,0.000000,0.000000,0.000000,0.000000,0.000000,0.000000
19.510000,0.000000,0.000000,0.000000,0.000000,0.000000,0.000000
19.530000,0.000000,0.000000,0.000000,0.000000,0.000000,0.000000
19.560000,0.000000,0.000000,0.000000,0.000000,0.000000,0.000000
19.580000,0.000000,0.000000,0.000000,0.000000,0.000000,0.000000
19.600000,0.000000,0.000000,0.000000,0.000000,0.000000,0.000000
19.620000,0.000000,0.000000,0.000000,0.000000,0.000000,0.000000
19.650000,0.000000,0.000000,0.000000,0.000000,0.000000,0.000000
19.670000,0.000000,0.000000,0.000000,0.000000,0.000000,0.000000
19.690000,0.000000,0.000000,0.000000,0.000000,0.000000,0.000000
19.720000,0.000000,0.000000,0.000000,0.000000,0.000000,0.000000
19.740000,0.000000,0.000000,0.000000,0.000000,0.000000,0.000000
19.770000,0.000000,0.000000,0.000000,0.000000,0.000000,0.000000
19.790000,0.000000,0.000000,0.000000,0.000000,0.000000,0.000000
19.810000,0.000000,0.000000,0.000000,0.000000,0.000000,0.000000
19.840000,0.000000,0.000000,0.000000,0.000000,0.000000,0.000000
19.860000,0.000000,0.000000,0.000000,0.000000,0.000000,0.000000
19.880000,0.000000,0.000000,0.000000,0.000000,0.000000,0.000000
19.910000,0.000000,0.000000,0.000000,0.000000,0.000000,0.000000
19.930000,0.000000,0.000000,0.000000,0.000000,0.000000,0.000000
19.950000,0.000000,0.000000,0.000000,0.000000,0.000000,0.000000
19.980000,0.000000,0.000000,0.000000,0.000000,0.000000,0.000000
20.000000,0.000000,0.000000,0.000000,0.000000,0.000000,0.000000
20.020000,0.000000,0.000000,0.000000,0.000000,0.000000,0.000000
20.050000,0.000000,0.000000,0.000000,0.000000,0.000000,0.000000
20.070000,0.000000,0.000000,0.000000,0.000000,0.000000,0.000000
20.090000,0.000000,0.000000,0.000000,0.000000,0.000000,0.000000
20.110000,0.000000,0.000000,0.000000,0.000000,0.000000,0.000000
20.140000,0.000000,0.000000,0.000000,0.000000,0.000000,0.000000
20.160000,0.000000,0.000000,0.000000,0.000000,0.000000,0.000000
20.180000,0.000000,0.000000,0.000000,0.000000,0.000000,0.000000
20.210000,0.000000,0.000000,0.000000,0.000000,0.000000,0.000000
20.230000,0.000000,0.000000,0.000000,0.000000,0.000000,0.000000
20.250000,0.000000,0.000000,0.000000,0.000000,0.000000,0.000000
20.280000,0.000000,0.000000,0.000000,0.000000,0.000000,0.000000
20.300000,0.000000,0.000000,0.000000,0.000000,0.000000,0.000000
20.320000,0.000000,0.000000,0.000000,0.000000,0.000000,0.000000
20.350000,0.000000,0.000000,0.000000,0.000000,0.000000,0.000000
20.370000,0.000000,0.000000,0.000000,0.000000,0.000000,0.000000
20.390000,0.000000,0.000000,0.000000,0.000000,0.000000,0.000000
20.410000,0.000000,0.000000,0.000000,0.000000,0.000000,0.000000
20.440000,0.000000,0.000000,0.000000,0.000000,0.000000,0.000000
20.460000,0.000000,0.000000,0.000000,0.000000,0.000000,0.000000
20.480000,0.000000,0.000000,0.000000,0.000000,0.000000,0.000000
20.500000,0.000000,0.000000,0.000000,0.000000,0.000000,0.000000
20.520000,0.000000,0.000000,0.000000,0.000000,0.000000,0.000000
20.550000,0.000000,0.000000,0.000000,0.000000,0.000000,0.000000
20.570000,0.000000,0.000000,0.000000,0.000000,0.000000,0.000000
20.590000,0.000000,0.000000,0.000000,0.000000,0.000000,0.000000
20.610000,0.000000,0.000000,0.000000,0.000000,0.000000,0.000000
20.640000,0.000000,0.000000,0.000000,0.000000,0.000000,0.000000
20.660000,0.000000,0.000000,0.000000,0.000000,0.000000,0.000000
20.680000,0.000000,0.000000,0.000000,0.000000,0.000000,0.000000
20.710000,0.000000,0.000000,0.000000,0.000000,0.000000,0.000000
20.730000,0.000000,0.000000,0.000000,0.000000,0.000000,0.000000
20.750000,0.000000,0.000000,0.000000,0.000000,0.000000,0.000000
20.770000,0.000000,0.000000,0.000000,0.000000,0.000000,0.000000
20.800000,0.000000,0.000000,0.000000,0.000000,0.000000,0.000000
20.820000,0.000000,0.000000,0.000000,0.000000,0.000000,0.000000
20.840000,0.000000,0.000000,0.000000,0.000000,0.000000,0.000000
20.870000,0.000000,0.000000,0.000000,0.000000,0.000000,0.000000
20.890000,0.000000,0.000000,0.000000,0.000000,0.000000,0.000000
20.910000,0.000000,0.000000,0.000000,0.000000,0.000000,0.000000
20.930000,0.000000,0.000000,0.000000,0.000000,0.000000,0.000000
20.960000,0.000000,0.000000,0.000000,0.000000,0.000000,0.000000
20.980000,0.000000,0.000000,0.000000,0.000000,0.000000,0.000000
21.000000,0.000000,0.000000,0.000000,0.000000,0.000000,0.000000
21.030000,0.000000,0.000000,0.000000,0.000000,0.000000,0.000000
21.050000,0.000000,0.000000,0.000000,0.000000,0.000000,0.000000
21.070000,0.000000,0.000000,0.000000,0.000000,0.000000,0.000000
21.090000,0.000000,0.000000,0.000000,0.000000,0.000000,0.000000
21.120000,0.000000,0.000000,0.000000,0.000000,0.000000,0.000000
21.140000,0.000000,0.000000,0.000000,0.000000,0.000000,0.000000
21.160000,0.000000,0.000000,0.000000,0.000000,0.000000,0.000000
21.190000,0.000000,0.000000,0.000000,0.000000,0.000000,0.000000
21.210000,0.000000,0.000000,0.000000,0.000000,0.000000,0.000000
21.240000,0.000000,0.000000,0.000000,0.000000,0.000000,0.000000
21.260000,0.000000,0.000000,0.000000,0.000000,0.000000,0.000000
21.280000,0.000000,0.000000,0.000000,0.000000,0.000000,0.000000
21.310000,0.000000,0.000000,0.000000,0.000000,0.000000,0.000000
21.330000,0.000000,0.000000,0.000000,0.000000,0.000000,0.000000
21.350000,0.000000,0.000000,0.000000,0.000000,0.000000,0.000000
21.380000,0.000000,0.000000,0.000000,0.000000,0.000000,0.000000
21.400000,0.000000,0.000000,0.000000,0.000000,0.000000,0.000000
21.420000,0.000000,0.000000,0.000000,0.000000,0.000000,0.000000
21.440000,0.000000,0.000000,0.000000,0.000000,0.000000,0.000000
21.470000,0.000000,0.000000,0.000000,0.000000,0.000000,0.000000
21.490000,0.000000,0.000000,0.000000,0.000000,0.000000,0.000000
21.510000,0.000000,0.000000,0.000000,0.000000,0.000000,0.000000
21.530000,0.000000,0.000000,0.000000,0.000000,0.000000,0.000000
21.550000,0.000000,0.000000,0.000000,0.000000,0.000000,0.000000
21.580000,0.000000,0.000000,0.000000,0.000000,0.000000,0.000000
21.600000,0.000000,0.000000,0.000000,0.000000,0.000000,0.000000
21.630000,0.000000,0.000000,0.000000,0.000000,0.000000,0.000000
21.650000,0.000000,0.000000,0.000000,0.000000,0.000000,0.000000
21.670000,0.000000,0.000000,0.000000,0.000000,0.000000,0.000000
21.690000,0.000000,0.000000,0.000000,0.000000,0.000000,0.000000
21.720000,0.000000,0.000000,0.000000,0.000000,0.000000,0.000000
21.740000,0.000000,0.000000,0.000000,0.000000,0.000000,0.000000
21.760000,0.000000,0.000000,0.000000,0.000000,0.000000,0.000000
21.790000,0.000000,0.000000,0.000000,0.000000,0.000000,0.000000
21.810000,0.000000,0.000000,0.000000,0.000000,0.000000,0.000000
21.830000,0.000000,0.000000,0.000000,0.000000,0.000000,0.000000
21.850000,0.000000,0.000000,0.000000,0.000000,0.000000,0.000000
21.870000,0.000000,0.000000,0.000000,0.000000,0.000000,0.000000
21.900000,0.000000,0.000000,0.000000,0.000000,0.000000,0.000000
21.920000,0.000000,0.000000,0.000000,0.000000,0.000000,0.000000
21.940000,0.000000,0.000000,0.000000,0.000000,0.000000,0.000000
21.970000,0.000000,0.000000,0.000000,0.000000,0.000000,0.000000
21.990000,0.000000,0.000000,0.000000,0.000000,0.000000,0.000000
22.010000,0.000000,0.000000,0.000000,0.000000,0.000000,0.000000
22.030000,0.000000,0.000000,0.000000,0.000000,0.000000,0.000000
22.050000,0.000000,0.000000,0.000000,0.000000,0.000000,0.000000
22.080000,0.000000,0.000000,0.000000,0.000000,0.000000,0.000000
22.100000,0.000000,0.000000,0.000000,0.000000,0.000000,0.000000
22.120000,0.000000,0.000000,0.000000,0.000000,0.000000,0.000000
22.150000,0.000000,0.000000,0.000000,0.000000,0.000000,0.000000
22.170000,0.000000,0.000000,0.000000,0.000000,0.000000,0.000000
22.190000,0.000000,0.000000,0.000000,0.000000,0.000000,0.000000
22.210000,0.000000,0.000000,0.000000,0.000000,0.000000,0.000000
22.240000,0.000000,0.000000,0.000000,0.000000,0.000000,0.000000
22.260000,0.000000,0.000000,0.000000,0.000000,0.000000,0.000000
22.280000,0.000000,0.000000,0.000000,0.000000,0.000000,0.000000
22.300000,0.000000,0.000000,0.000000,0.000000,0.000000,0.000000
22.330000,0.000000,0.000000,0.000000,0.000000,0.000000,0.000000
22.350000,0.000000,0.000000,0.000000,0.000000,0.000000,0.000000
22.370000,0.000000,0.000000,0.000000,0.000000,0.000000,0.000000
22.400000,0.000000,0.000000,0.000000,0.000000,0.000000,0.000000
22.420000,0.000000,0.000000,0.000000,0.000000,0.000000,0.000000
22.440000,0.000000,0.000000,0.000000,0.000000,0.000000,0.000000
22.460000,0.000000,0.000000,0.000000,0.000000,0.000000,0.000000
22.480000,0.000000,0.000000,0.000000,0.000000,0.000000,0.000000
22.500000,0.000000,0.000000,0.000000,0.000000,0.000000,0.000000
22.530000,0.000000,0.000000,0.000000,0.000000,0.000000,0.000000
22.550000,0.000000,0.000000,0.000000,0.000000,0.000000,0.000000
22.570000,0.000000,0.000000,0.000000,0.000000,0.000000,0.000000
22.600000,0.000000,0.000000,0.000000,0.000000,0.000000,0.000000
22.620000,0.000000,0.000000,0.000000,0.000000,0.000000,0.000000
22.640000,0.000000,0.000000,0.000000,0.000000,0.000000,0.000000
22.660000,0.000000,0.000000,0.000000,0.000000,0.000000,0.000000
22.680000,0.000000,0.000000,0.000000,0.000000,0.000000,0.000000
22.710000,0.000000,0.000000,0.000000,0.000000,0.000000,0.000000
22.730000,0.000000,0.000000,0.000000,0.000000,0.000000,0.000000
22.750000,0.000000,0.000000,0.000000,0.000000,0.000000,0.000000
22.780000,0.000000,0.000000,0.000000,0.000000,0.000000,0.000000
22.800000,0.000000,0.000000,0.000000,0.000000,0.000000,0.000000
22.830000,0.000000,0.000000,0.000000,0.000000,0.000000,0.000000
22.850000,0.000000,0.000000,0.000000,0.000000,0.000000,0.000000
22.880000,0.000000,0.000000,0.000000,0.000000,0.000000,0.000000
22.900000,0.000000,0.000000,0.000000,0.000000,0.000000,0.000000
22.920000,0.000000,0.000000,0.000000,0.000000,0.000000,0.000000
22.950000,0.000000,0.000000,0.000000,0.000000,0.000000,0.000000
22.970000,0.000000,0.000000,0.000000,0.000000,0.000000,0.000000
23.000000,0.000000,0.000000,0.000000,0.000000,0.000000,0.000000
23.030000,0.000000,0.000000,0.000000,0.000000,0.000000,0.000000
23.050000,0.000000,0.000000,0.000000,0.000000,0.000000,0.000000
23.070000,0.000000,0.000000,0.000000,0.000000,0.000000,0.000000
23.100000,0.000000,0.000000,0.000000,0.000000,0.000000,0.000000
23.120000,0.000000,0.000000,0.000000,0.000000,0.000000,0.000000
23.140000,0.000000,0.000000,0.000000,0.000000,0.000000,0.000000
23.160000,0.000000,0.000000,0.000000,0.000000,0.000000,0.000000
23.190000,0.000000,0.000000,0.000000,0.000000,0.000000,0.000000
23.210000,0.000000,0.000000,0.000000,0.000000,0.000000,0.000000
23.230000,0.000000,0.000000,0.000000,0.000000,0.000000,0.000000
23.250000,0.000000,0.000000,0.000000,0.000000,0.000000,0.000000
23.280000,0.000000,0.000000,0.000000,0.000000,0.000000,0.000000
23.300000,0.000000,0.000000,0.000000,0.000000,0.000000,0.000000
23.320000,0.000000,0.000000,0.000000,0.000000,0.000000,0.000000
23.350000,0.000000,0.000000,0.000000,0.000000,0.000000,0.000000
23.370000,0.000000,0.000000,0.000000,0.000000,0.000000,0.000000
23.400000,0.000000,0.000000,0.000000,0.000000,0.000000,0.000000
23.420000,0.000000,0.000000,0.000000,0.000000,0.000000,0.000000
23.440000,0.000000,0.000000,0.000000,0.000000,0.000000,0.000000
23.470000,0.000000,0.000000,0.000000,0.000000,0.000000,0.000000
23.490000,0.000000,0.000000,0.000000,0.000000,0.000000,0.000000
23.520000,0.000000,0.000000,0.000000,0.000000,0.000000,0.000000
23.540000,0.000000,0.000000,0.000000,0.000000,0.000000,0.000000
23.560000,0.000000,0.000000,0.000000,0.000000,0.000000,0.000000
23.590000,0.000000,0.000000,0.000000,0.000000,0.000000,0.000000
23.610000,0.000000,0.000000,0.000000,0.000000,0.000000,0.000000
23.630000,0.000000,0.000000,0.000000,0.000000,0.000000,0.000000
23.660000,0.000000,0.000000,0.000000,0.000000,0.000000,0.000000
23.680000,0.000000,0.000000,0.000000,0.000000,0.000000,0.000000
23.710000,0.000000,0.000000,0.000000,0.000000,0.000000,0.000000
23.730000,0.000000,0.000000,0.000000,0.000000,0.000000,0.000000
23.750000,0.000000,0.000000,0.000000,0.000000,0.000000,0.000000
23.780000,0.000000,0.000000,0.000000,0.000000,0.000000,0.000000
23.800000,0.000000,0.000000,0.000000,0.000000,0.000000,0.000000
23.830000,0.000000,0.000000,0.000000,0.000000,0.000000,0.000000
23.850000,0.000000,0.000000,0.000000,0.000000,0.000000,0.000000
23.870000,0.000000,0.000000,0.000000,0.000000,0.000000,0.000000
23.900000,0.000000,0.000000,0.000000,0.000000,0.000000,0.000000
23.920000,0.000000,0.000000,0.000000,0.000000,0.000000,0.000000
23.940000,0.000000,0.000000,0.000000,0.000000,0.000000,0.000000
23.970000,0.000000,0.000000,0.000000,0.000000,0.000000,0.000000
23.990000,0.000000,0.000000,0.000000,0.000000,0.000000,0.000000
24.020000,0.000000,0.000000,0.000000,0.000000,0.000000,0.000000
24.040000,0.000000,0.000000,0.000000,0.000000,0.000000,0.000000
24.060000,0.000000,0.000000,0.000000,0.000000,0.000000,0.000000
24.090000,0.000000,0.000000,0.000000,0.000000,0.000000,0.000000
24.110000,0.000000,0.000000,0.000000,0.000000,0.000000,0.000000
24.130000,0.000000,0.000000,0.000000,0.000000,0.000000,0.000000
24.160000,0.000000,0.000000,0.000000,0.000000,0.000000,0.000000
24.180000,0.000000,0.000000,0.000000,0.000000,0.000000,0.000000
24.200000,0.000000,0.000000,0.000000,0.000000,0.000000,0.000000
24.230000,0.000000,0.000000,0.000000,0.000000,0.000000,0.000000
24.250000,0.000000,0.000000,0.000000,0.000000,0.000000,0.000000
24.280000,0.000000,0.000000,0.000000,0.000000,0.000000,0.000000
24.300000,0.000000,0.000000,0.000000,0.000000,0.000000,0.000000
24.330000,0.000000,0.000000,0.000000,0.000000,0.000000,0.000000
24.350000,0.000000,0.000000,0.000000,0.000000,0.000000,0.000000
24.370000,0.000000,0.000000,0.000000,0.000000,0.000000,0.000000
24.390000,0.000000,0.000000,0.000000,0.000000,0.000000,0.000000
24.420000,0.000000,0.000000,0.000000,0.000000,0.000000,0.000000
24.440000,0.000000,0.000000,0.000000,0.000000,0.000000,0.000000
24.460000,0.000000,0.000000,0.000000,0.000000,0.000000,0.000000
24.490000,0.000000,0.000000,0.000000,0.000000,0.000000,0.000000
24.510000,0.000000,0.000000,0.000000,0.000000,0.000000,0.000000
24.530000,0.000000,0.000000,0.000000,0.000000,0.000000,0.000000
24.560000,0.000000,0.000000,0.000000,0.000000,0.000000,0.000000
24.580000,0.000000,0.000000,0.000000,0.000000,0.000000,0.000000
24.610000,0.000000,0.000000,0.000000,0.000000,0.000000,0.000000
24.630000,0.000000,0.000000,0.000000,0.000000,0.000000,0.000000
24.650000,0.000000,0.000000,0.000000,0.000000,0.000000,0.000000
24.680000,0.000000,0.000000,0.000000,0.000000,0.000000,0.000000
24.700000,0.000000,0.000000,0.000000,0.000000,0.000000,0.000000
24.720000,0.000000,0.000000,0.000000,0.000000,0.000000,0.000000
24.750000,0.000000,0.000000,0.000000,0.000000,0.000000,0.000000
24.770000,0.000000,0.000000,0.000000,0.000000,0.000000,0.000000
24.790000,0.000000,0.000000,0.000000,0.000000,0.000000,0.000000
24.820000,0.000000,0.000000,0.000000,0.000000,0.000000,0.000000
24.840000,0.000000,0.000000,0.000000,0.000000,0.000000,0.000000
24.860000,0.000000,0.000000,0.000000,0.000000,0.000000,0.000000
24.880000,0.000000,0.000000,0.000000,0.000000,0.000000,0.000000
24.910000,0.000000,0.000000,0.000000,0.000000,0.000000,0.000000
24.930000,0.000000,0.000000,0.000000,0.000000,0.000000,0.000000
24.950000,0.000000,0.000000,0.000000,0.000000,0.000000,0.000000
24.980000,0.000000,0.000000,0.000000,0.000000,0.000000,0.000000
25.000000,0.000000,0.000000,0.000000,0.000000,0.000000,0.000000
25.020000,0.000000,0.000000,0.000000,0.000000,0.000000,0.000000
25.050000,0.000000,0.000000,0.000000,0.000000,0.000000,0.000000
25.070000,0.000000,0.000000,0.000000,0.000000,0.000000,0.000000
25.100000,0.000000,0.000000,0.000000,0.000000,0.000000,0.000000
25.120000,0.000000,0.000000,0.000000,0.000000,0.000000,0.000000
25.140000,0.000000,0.000000,0.000000,0.000000,0.000000,0.000000
25.160000,0.000000,0.000000,0.000000,0.000000,0.000000,0.000000
25.190000,0.000000,0.000000,0.000000,0.000000,0.000000,0.000000
25.210000,0.000000,0.000000,0.000000,0.000000,0.000000,0.000000
25.230000,0.000000,0.000000,0.000000,0.000000,0.000000,0.000000
25.260000,0.000000,0.000000,0.000000,0.000000,0.000000,0.000000
25.280000,0.000000,0.000000,0.000000,0.000000,0.000000,0.000000
25.300000,0.000000,0.000000,0.000000,0.000000,0.000000,0.000000
25.330000,0.000000,0.000000,0.000000,0.000000,0.000000,0.000000
25.350000,0.000000,0.000000,0.000000,0.000000,0.000000,0.000000
25.370000,0.000000,0.000000,0.000000,0.000000,0.000000,0.000000
25.400000,0.000000,0.000000,0.000000,0.000000,0.000000,0.000000
25.420000,0.000000,0.000000,0.000000,0.000000,0.000000,0.000000
25.450000,0.000000,0.000000,0.000000,0.000000,0.000000,0.000000
25.470000,0.000000,0.000000,0.000000,0.000000,0.000000,0.000000
25.490000,0.000000,0.000000,0.000000,0.000000,0.000000,0.000000
25.520000,0.000000,0.000000,0.000000,0.000000,0.000000,0.000000
25.540000,0.000000,0.000000,0.000000,0.000000,0.000000,0.000000
25.570000,0.000000,0.000000,0.000000,0.000000,0.000000,0.000000
25.590000,0.000000,0.000000,0.000000,0.000000,0.000000,0.000000
25.610000,0.000000,0.000000,0.000000,0.000000,0.000000,0.000000
25.640000,0.000000,0.000000,0.000000,0.000000,0.000000,0.000000
25.660000,0.000000,0.000000,0.000000,0.000000,0.000000,0.000000
25.690000,0.000000,0.000000,0.000000,0.000000,0.000000,0.000000
25.710000,0.000000,0.000000,0.000000,0.000000,0.000000,0.000000
25.730000,0.000000,0.000000,0.000000,0.000000,0.000000,0.000000
25.760000,0.000000,0.000000,0.000000,0.000000,0.000000,0.000000
25.780000,0.000000,0.000000,0.000000,0.000000,0.000000,0.000000
25.810000,0.000000,0.000000,0.000000,0.000000,0.000000,0.000000
25.830000,0.000000,0.000000,0.000000,0.000000,0.000000,0.000000
25.860000,0.000000,0.000000,0.000000,0.000000,0.000000,0.000000
25.880000,0.000000,0.000000,0.000000,0.000000,0.000000,0.000000
25.900000,0.000000,0.000000,0.000000,0.000000,0.000000,0.000000
25.930000,0.000000,0.000000,0.000000,0.000000,0.000000,0.000000
25.950000,0.000000,0.000000,0.000000,0.000000,0.000000,0.000000
25.970000,0.000000,0.000000,0.000000,0.000000,0.000000,0.000000
26.000000,0.000000,0.000000,0.000000,0.000000,0.000000,0.000000
26.020000,0.000000,0.000000,0.000000,0.000000,0.000000,0.000000
26.040000,0.000000,0.000000,0.000000,0.000000,0.000000,0.000000
26.070000,0.000000,0.000000,0.000000,0.000000,0.000000,0.000000
26.090000,0.000000,0.000000,0.000000,0.000000,0.000000,0.000000
26.120000,0.000000,0.000000,0.000000,0.000000,0.000000,0.000000
26.140000,0.000000,0.000000,0.000000,0.000000,0.000000,0.000000
26.170000,0.000000,0.000000,0.000000,0.000000,0.000000,0.000000
26.190000,0.000000,0.000000,0.000000,0.000000,0.000000,0.000000
26.210000,0.000000,0.000000,0.000000,0.000000,0.000000,0.000000
26.240000,0.000000,0.000000,0.000000,0.000000,0.000000,0.000000
26.260000,0.000000,0.000000,0.000000,0.000000,0.000000,0.000000
26.280000,0.000000,0.000000,0.000000,0.000000,0.000000,0.000000
26.310000,0.000000,0.000000,0.000000,0.000000,0.000000,0.000000
26.330000,0.000000,0.000000,0.000000,0.000000,0.000000,0.000000
26.360000,0.000000,0.000000,0.000000,0.000000,0.000000,0.000000
26.380000,0.000000,0.000000,0.000000,0.000000,0.000000,0.000000
26.400000,0.000000,0.000000,0.000000,0.000000,0.000000,0.000000
26.430000,0.000000,0.000000,0.000000,0.000000,0.000000,0.000000
26.450000,0.000000,0.000000,0.000000,0.000000,0.000000,0.000000
26.470000,0.000000,0.000000,0.000000,0.000000,0.000000,0.000000
26.500000,0.000000,0.000000,0.000000,0.000000,0.000000,0.000000
26.520000,0.000000,0.000000,0.000000,0.000000,0.000000,0.000000
26.550000,0.000000,0.000000,0.000000,0.000000,0.000000,0.000000
26.570000,0.000000,0.000000,0.000000,0.000000,0.000000,0.000000
26.590000,0.000000,0.000000,0.000000,0.000000,0.000000,0.000000
26.620000,0.000000,0.000000,0.000000,0.000000,0.000000,0.000000
26.640000,0.000000,0.000000,0.000000,0.000000,0.000000,0.000000
26.670000,0.000000,0.000000,0.000000,0.000000,0.000000,0.000000
26.690000,0.000000,0.000000,0.000000,0.000000,0.000000,0.000000
26.710000,0.000000,0.000000,0.000000,0.000000,0.000000,0.000000
26.740000,0.000000,0.000000,0.000000,0.000000,0.000000,0.000000
26.760000,0.000000,0.000000,0.000000,0.000000,0.000000,0.000000
26.780000,0.000000,0.000000,0.000000,0.000000,0.000000,0.000000
26.810000,0.000000,0.000000,0.000000,0.000000,0.000000,0.000000
26.830000,0.000000,0.000000,0.000000,0.000000,0.000000,0.000000
26.860000,0.000000,0.000000,0.000000,0.000000,0.000000,0.000000
26.880000,0.000000,0.000000,0.000000,0.000000,0.000000,0.000000
26.910000,0.000000,0.000000,0.000000,0.000000,0.000000,0.000000
26.930000,0.000000,0.000000,0.000000,0.000000,0.000000,0.000000
26.950000,0.000000,0.000000,0.000000,0.000000,0.000000,0.000000
26.980000,0.000000,0.000000,0.000000,0.000000,0.000000,0.000000
27.000000,0.000000,0.000000,0.000000,0.000000,0.000000,0.000000
27.020000,0.000000,0.000000,0.000000,0.000000,0.000000,0.000000
27.050000,0.000000,0.000000,0.000000,0.000000,0.000000,0.000000
27.070000,0.000000,0.000000,0.000000,0.000000,0.000000,0.000000
27.090000,0.000000,0.000000,0.000000,0.000000,0.000000,0.000000
27.120000,0.000000,0.000000,0.000000,0.000000,0.000000,0.000000
27.140000,0.000000,0.000000,0.000000,0.000000,0.000000,0.000000
27.160000,0.000000,0.000000,0.000000,0.000000,0.000000,0.000000
27.190000,0.000000,0.000000,0.000000,0.000000,0.000000,0.000000
27.210000,0.000000,0.000000,0.000000,0.000000,0.000000,0.000000
27.240000,0.000000,0.000000,0.000000,0.000000,0.000000,0.000000
27.260000,0.000000,0.000000,0.000000,0.000000,0.000000,0.000000
27.290000,0.000000,0.000000,0.000000,0.000000,0.000000,0.000000
27.310000,0.000000,0.000000,0.000000,0.000000,0.000000,0.000000
27.340000,0.000000,0.000000,0.000000,0.000000,0.000000,0.000000
27.360000,0.000000,0.000000,0.000000,0.000000,0.000000,0.000000
27.390000,0.000000,0.000000,0.000000,0.000000,0.000000,0.000000
27.410000,0.000000,0.000000,0.000000,0.000000,0.000000,0.000000
27.430000,0.000000,0.000000,0.000000,0.000000,0.000000,0.000000
27.450000,0.000000,0.000000,0.000000,0.000000,0.000000,0.000000
27.480000,0.000000,0.000000,0.000000,0.000000,0.000000,0.000000
27.500000,0.000000,0.000000,0.000000,0.000000,0.000000,0.000000
27.520000,0.000000,0.000000,0.000000,0.000000,0.000000,0.000000
27.550000,0.000000,0.000000,0.000000,0.000000,0.000000,0.000000
27.570000,0.000000,0.000000,0.000000,0.000000,0.000000,0.000000
27.590000,0.000000,0.000000,0.000000,0.000000,0.000000,0.000000
27.620000,0.000000,0.000000,0.000000,0.000000,0.000000,0.000000
27.640000,0.000000,0.000000,0.000000,0.000000,0.000000,0.000000
27.660000,0.000000,0.000000,0.000000,0.000000,0.000000,0.000000
27.680000,0.000000,0.000000,0.000000,0.000000,0.000000,0.000000
27.710000,0.000000,0.000000,0.000000,0.000000,0.000000,0.000000
27.730000,0.000000,0.000000,0.000000,0.000000,0.000000,0.000000
27.750000,0.000000,0.000000,0.000000,0.000000,0.000000,0.000000
27.770000,0.000000,0.000000,0.000000,0.000000,0.000000,0.000000
27.790000,0.000000,0.000000,0.000000,0.000000,0.000000,0.000000
27.820000,0.000000,0.000000,0.000000,0.000000,0.000000,0.000000
27.840000,0.000000,0.000000,0.000000,0.000000,0.000000,0.000000
27.860000,0.000000,0.000000,0.000000,0.000000,0.000000,0.000000
27.880000,0.000000,0.000000,0.000000,0.000000,0.000000,0.000000
27.900000,0.000000,0.000000,0.000000,0.000000,0.000000,0.000000
27.930000,0.000000,0.000000,0.000000,0.000000,0.000000,0.000000
27.950000,0.000000,0.000000,0.000000,0.000000,0.000000,0.000000
27.970000,0.000000,0.000000,0.000000,0.000000,0.000000,0.000000
27.990000,0.000000,0.000000,0.000000,0.000000,0.000000,0.000000
28.010000,0.000000,0.000000,0.000000,0.000000,0.000000,0.000000
28.040000,0.000000,0.000000,0.000000,0.000000,0.000000,0.000000
28.060000,0.000000,0.000000,0.000000,0.000000,0.000000,0.000000
28.080000,0.000000,0.000000,0.000000,0.000000,0.000000,0.000000
28.100000,0.000000,0.000000,0.000000,0.000000,0.000000,0.000000
28.130000,0.000000,0.000000,0.000000,0.000000,0.000000,0.000000
28.150000,0.000000,0.000000,0.000000,0.000000,0.000000,0.000000
28.170000,0.000000,0.000000,0.000000,0.000000,0.000000,0.000000
28.190000,0.000000,0.000000,0.000000,0.000000,0.000000,0.000000
28.210000,0.000000,0.000000,0.000000,0.000000,0.000000,0.000000
28.230000,0.000000,0.000000,0.000000,0.000000,0.000000,0.000000
28.250000,0.000000,0.000000,0.000000,0.000000,0.000000,0.000000
28.280000,0.000000,0.000000,0.000000,0.000000,0.000000,0.000000
28.300000,0.000000,0.000000,0.000000,0.000000,0.000000,0.000000
28.320000,0.000000,0.000000,0.000000,0.000000,0.000000,0.000000
28.350000,0.000000,0.000000,0.000000,0.000000,0.000000,0.000000
28.380000,0.000000,0.000000,0.000000,0.000000,0.000000,0.000000
28.400000,0.000000,0.000000,0.000000,0.000000,0.000000,0.000000
28.420000,0.000000,0.000000,0.000000,0.000000,0.000000,0.000000
28.450000,0.000000,0.000000,0.000000,0.000000,0.000000,0.000000
28.470000,0.000000,0.000000,0.000000,0.000000,0.000000,0.000000
28.500000,0.000000,0.000000,0.000000,0.000000,0.000000,0.000000
28.520000,0.000000,0.000000,0.000000,0.000000,0.000000,0.000000
28.540000,0.000000,0.000000,0.000000,0.000000,0.000000,0.000000
28.570000,0.000000,0.000000,0.000000,0.000000,0.000000,0.000000
28.590000,0.000000,0.000000,0.000000,0.000000,0.000000,0.000000
28.610000,0.000000,0.000000,0.000000,0.000000,0.000000,0.000000
28.640000,0.000000,0.000000,0.000000,0.000000,0.000000,0.000000
28.660000,0.000000,0.000000,0.000000,0.000000,0.000000,0.000000
28.680000,0.000000,0.000000,0.000000,0.000000,0.000000,0.000000
28.710000,0.000000,0.000000,0.000000,0.000000,0.000000,0.000000
28.730000,0.000000,0.000000,0.000000,0.000000,0.000000,0.000000
28.750000,0.000000,0.000000,0.000000,0.000000,0.000000,0.000000
28.770000,0.000000,0.000000,0.000000,0.000000,0.000000,0.000000
28.800000,0.000000,0.000000,0.000000,0.000000,0.000000,0.000000
28.820000,0.000000,0.000000,0.000000,0.000000,0.000000,0.000000
28.840000,0.000000,0.000000,0.000000,0.000000,0.000000,0.000000
28.870000,0.000000,0.000000,0.000000,0.000000,0.000000,0.000000
28.890000,0.000000,0.000000,0.000000,0.000000,0.000000,0.000000
28.920000,0.000000,0.000000,0.000000,0.000000,0.000000,0.000000
28.940000,0.000000,0.000000,0.000000,0.000000,0.000000,0.000000
28.960000,0.000000,0.000000,0.000000,0.000000,0.000000,0.000000
28.990000,0.000000,0.000000,0.000000,0.000000,0.000000,0.000000
29.010000,0.000000,0.000000,0.000000,0.000000,0.000000,0.000000
29.030000,0.000000,0.000000,0.000000,0.000000,0.000000,0.000000
29.060000,0.000000,0.000000,0.000000,0.000000,0.000000,0.000000
29.080000,0.000000,0.000000,0.000000,0.000000,0.000000,0.000000
29.100000,0.000000,0.000000,0.000000,0.000000,0.000000,0.000000
29.130000,0.000000,0.000000,0.000000,0.000000,0.000000,0.000000
29.150000,0.000000,0.000000,0.000000,0.000000,0.000000,0.000000
29.170000,0.000000,0.000000,0.000000,0.000000,0.000000,0.000000
29.200000,0.000000,0.000000,0.000000,0.000000,0.000000,0.000000
29.220000,0.000000,0.000000,0.000000,0.000000,0.000000,0.000000
29.240000,0.000000,0.000000,0.000000,0.000000,0.000000,0.000000
29.270000,0.000000,0.000000,0.000000,0.000000,0.000000,0.000000
29.290000,0.000000,0.000000,0.000000,0.000000,0.000000,0.000000
29.310000,0.000000,0.000000,0.000000,0.000000,0.000000,0.000000
29.340000,0.000000,0.000000,0.000000,0.000000,0.000000,0.000000
29.360000,0.000000,0.000000,0.000000,0.000000,0.000000,0.000000
29.380000,0.000000,0.000000,0.000000,0.000000,0.000000,0.000000
29.410000,0.000000,0.000000,0.000000,0.000000,0.000000,0.000000
29.430000,0.000000,0.000000,0.000000,0.000000,0.000000,0.000000
29.450000,0.000000,0.000000,0.000000,0.000000,0.000000,0.000000
29.480000,0.000000,0.000000,0.000000,0.000000,0.000000,0.000000
29.500000,0.000000,0.000000,0.000000,0.000000,0.000000,0.000000
29.530000,0.000000,0.000000,0.000000,0.000000,0.000000,0.000000
29.550000,0.000000,0.000000,0.000000,0.000000,0.000000,0.000000
29.580000,0.000000,0.000000,0.000000,0.000000,0.000000,0.000000
29.600000,0.000000,0.000000,0.000000,0.000000,0.000000,0.000000
29.620000,0.000000,0.000000,0.000000,0.000000,0.000000,0.000000
29.640000,0.000000,0.000000,0.000000,0.000000,0.000000,0.000000
29.660000,0.000000,0.000000,0.000000,0.000000,0.000000,0.000000
29.690000,0.000000,0.000000,0.000000,0.000000,0.000000,0.000000
29.710000,0.000000,0.000000,0.000000,0.000000,0.000000,0.000000
29.730000,0.000000,0.000000,0.000000,0.000000,0.000000,0.000000
29.750000,0.000000,0.000000,0.000000,0.000000,0.000000,0.000000
29.780000,0.000000,0.000000,0.000000,0.000000,0.000000,0.000000
29.800000,0.000000,0.000000,0.000000,0.000000,0.000000,0.000000
29.820000,0.000000,0.000000,0.000000,0.000000,0.000000,0.000000
29.850000,0.000000,0.000000,0.000000,0.000000,0.000000,0.000000
29.870000,0.000000,0.000000,0.000000,0.000000,0.000000,0.000000
29.900000,0.000000,0.000000,0.000000,0.000000,0.000000,0.000000
29.920000,0.000000,0.000000,0.000000,0.000000,0.000000,0.000000
29.940000,0.000000,0.000000,0.000000,0.000000,0.000000,0.000000
29.970000,0.000000,0.000000,0.000000,0.000000,0.000000,0.000000
29.990000,0.000000,0.000000,0.000000,0.000000,0.000000,0.000000
30.010000,0.000000,0.000000,0.000000,0.000000,0.000000,0.000000
30.040000,0.000000,0.000000,0.000000,0.000000,0.000000,0.000000
30.060000,0.000000,0.000000,0.000000,0.000000,0.000000,0.000000
30.080000,0.000000,0.000000,0.000000,0.000000,0.000000,0.000000
30.110000,0.000000,0.000000,0.000000,0.000000,0.000000,0.000000
30.130000,0.000000,0.000000,0.000000,0.000000,0.000000,0.000000
30.160000,0.000000,0.000000,0.000000,0.000000,0.000000,0.000000
30.180000,0.000000,0.000000,0.000000,0.000000,0.000000,0.000000
30.210000,0.000000,0.000000,0.000000,0.000000,0.000000,0.000000
30.230000,0.000000,0.000000,0.000000,0.000000,0.000000,0.000000
30.250000,0.000000,0.000000,0.000000,0.000000,0.000000,0.000000
30.280000,0.000000,0.000000,0.000000,0.000000,0.000000,0.000000
30.300000,0.000000,0.000000,0.000000,0.000000,0.000000,0.000000
30.330000,0.000000,0.000000,0.000000,0.000000,0.000000,0.000000
30.350000,0.000000,0.000000,0.000000,0.000000,0.000000,0.000000
30.380000,0.000000,0.000000,0.000000,0.000000,0.000000,0.000000
30.400000,0.000000,0.000000,0.000000,0.000000,0.000000,0.000000
30.420000,0.000000,0.000000,0.000000,0.000000,0.000000,0.000000
30.450000,0.000000,0.000000,0.000000,0.000000,0.000000,0.000000
30.470000,0.000000,0.000000,0.000000,0.000000,0.000000,0.000000
30.500000,0.000000,0.000000,0.000000,0.000000,0.000000,0.000000
30.520000,0.000000,0.000000,0.000000,0.000000,0.000000,0.000000
30.540000,0.000000,0.000000,0.000000,0.000000,0.000000,0.000000
30.570000,0.000000,0.000000,0.000000,0.000000,0.000000,0.000000
30.590000,0.000000,0.000000,0.000000,0.000000,0.000000,0.000000
30.620000,0.000000,0.000000,0.000000,0.000000,0.000000,0.000000
30.640000,0.000000,0.000000,0.000000,0.000000,0.000000,0.000000
30.660000,0.000000,0.000000,0.000000,0.000000,0.000000,0.000000
30.690000,0.000000,0.000000,0.000000,0.000000,0.000000,0.000000
30.710000,0.000000,0.000000,0.000000,0.000000,0.000000,0.000000
30.730000,0.000000,0.000000,0.000000,0.000000,0.000000,0.000000
30.760000,0.000000,0.000000,0.000000,0.000000,0.000000,0.000000
30.780000,0.000000,0.000000,0.000000,0.000000,0.000000,0.000000
30.800000,0.000000,0.000000,0.000000,0.000000,0.000000,0.000000
30.830000,0.000000,0.000000,0.000000,0.000000,0.000000,0.000000
30.850000,0.000000,0.000000,0.000000,0.000000,0.000000,0.000000
30.870000,0.000000,0.000000,0.000000,0.000000,0.000000,0.000000
30.890000,0.000000,0.000000,0.000000,0.000000,0.000000,0.000000
30.910000,0.000000,0.000000,0.000000,0.000000,0.000000,0.000000
30.940000,0.000000,0.000000,0.000000,0.000000,0.000000,0.000000
30.960000,0.000000,0.000000,0.000000,0.000000,0.000000,0.000000
30.980000,0.000000,0.000000,0.000000,0.000000,0.000000,0.000000
31.000000,0.000000,0.000000,0.000000,0.000000,0.000000,0.000000
31.030000,0.000000,0.000000,0.000000,0.000000,0.000000,0.000000
31.050000,0.000000,0.000000,0.000000,0.000000,0.000000,0.000000
31.070000,0.000000,0.000000,0.000000,0.000000,0.000000,0.000000
31.090000,0.000000,0.000000,0.000000,0.000000,0.000000,0.000000
31.120000,0.000000,0.000000,0.000000,0.000000,0.000000,0.000000
31.140000,0.000000,0.000000,0.000000,0.000000,0.000000,0.000000
31.160000,0.000000,0.000000,0.000000,0.000000,0.000000,0.000000
31.190000,0.000000,0.000000,0.000000,0.000000,0.000000,0.000000
31.210000,0.000000,0.000000,0.000000,0.000000,0.000000,0.000000
31.230000,0.000000,0.000000,0.000000,0.000000,0.000000,0.000000
31.250000,0.000000,0.000000,0.000000,0.000000,0.000000,0.000000
31.270000,0.000000,0.000000,0.000000,0.000000,0.000000,0.000000
31.300000,0.000000,0.000000,0.000000,0.000000,0.000000,0.000000
31.320000,0.000000,0.000000,0.000000,0.000000,0.000000,0.000000
31.340000,0.000000,0.000000,0.000000,0.000000,0.000000,0.000000
31.370000,0.000000,0.000000,0.000000,0.000000,0.000000,0.000000
31.390000,0.000000,0.000000,0.000000,0.000000,0.000000,0.000000
31.410000,0.000000,0.000000,0.000000,0.000000,0.000000,0.000000
31.430000,0.000000,0.000000,0.000000,0.000000,0.000000,0.000000
31.460000,0.000000,0.000000,0.000000,0.000000,0.000000,0.000000
31.480000,0.000000,0.000000,0.000000,0.000000,0.000000,0.000000
31.500000,0.000000,0.000000,0.000000,0.000000,0.000000,0.000000
31.530000,0.000000,0.000000,0.000000,0.000000,0.000000,0.000000
31.550000,0.000000,0.000000,0.000000,0.000000,0.000000,0.000000
31.570000,0.000000,0.000000,0.000000,0.000000,0.000000,0.000000
31.600000,0.000000,0.000000,0.000000,0.000000,0.000000,0.000000
31.620000,0.000000,0.000000,0.000000,0.000000,0.000000,0.000000
31.650000,0.000000,0.000000,0.000000,0.000000,0.000000,0.000000
31.670000,0.000000,0.000000,0.000000,0.000000,0.000000,0.000000
31.690000,0.000000,0.000000,0.000000,0.000000,0.000000,0.000000
31.720000,0.000000,0.000000,0.000000,0.000000,0.000000,0.000000
31.740000,0.000000,0.000000,0.000000,0.000000,0.000000,0.000000
31.770000,0.000000,0.000000,0.000000,0.000000,0.000000,0.000000
31.790000,0.000000,0.000000,0.000000,0.000000,0.000000,0.000000
31.810000,0.000000,0.000000,0.000000,0.000000,0.000000,0.000000
31.840000,0.000000,0.000000,0.000000,0.000000,0.000000,0.000000
31.860000,0.000000,0.000000,0.000000,0.000000,0.000000,0.000000
31.880000,0.000000,0.000000,0.000000,0.000000,0.000000,0.000000
31.910000,0.000000,0.000000,0.000000,0.000000,0.000000,0.000000
31.930000,0.000000,0.000000,0.000000,0.000000,0.000000,0.000000
31.950000,0.000000,0.000000,0.000000,0.000000,0.000000,0.000000
31.980000,0.000000,0.000000,0.000000,0.000000,0.000000,0.000000
32.000000,0.000000,0.000000,0.000000,0.000000,0.000000,0.000000
32.020000,0.000000,0.000000,0.000000,0.000000,0.000000,0.000000
32.040000,0.000000,0.000000,0.000000,0.000000,0.000000,0.000000
32.060000,0.000000,0.000000,0.000000,0.000000,0.000000,0.000000
32.090000,0.000000,0.000000,0.000000,0.000000,0.000000,0.000000
32.110000,0.000000,0.000000,0.000000,0.000000,0.000000,0.000000
32.130000,0.000000,0.000000,0.000000,0.000000,0.000000,0.000000
32.150000,0.000000,0.000000,0.000000,0.000000,0.000000,0.000000
32.180000,0.000000,0.000000,0.000000,0.000000,0.000000,0.000000
32.200000,0.000000,0.000000,0.000000,0.000000,0.000000,0.000000
32.230000,0.000000,0.000000,0.000000,0.000000,0.000000,0.000000
32.250000,0.000000,0.000000,0.000000,0.000000,0.000000,0.000000
32.270000,0.000000,0.000000,0.000000,0.000000,0.000000,0.000000
32.300000,0.000000,0.000000,0.000000,0.000000,0.000000,0.000000
32.320000,0.000000,0.000000,0.000000,0.000000,0.000000,0.000000
32.350000,0.000000,0.000000,0.000000,0.000000,0.000000,0.000000
32.370000,0.000000,0.000000,0.000000,0.000000,0.000000,0.000000
32.390000,0.000000,0.000000,0.000000,0.000000,0.000000,0.000000
32.410000,0.000000,0.000000,0.000000,0.000000,0.000000,0.000000
32.440000,0.000000,0.000000,0.000000,0.000000,0.000000,0.000000
32.460000,0.000000,0.000000,0.000000,0.000000,0.000000,0.000000
32.490000,0.000000,0.000000,0.000000,0.000000,0.000000,0.000000
32.510000,0.000000,0.000000,0.000000,0.000000,0.000000,0.000000
32.530000,0.000000,0.000000,0.000000,0.000000,0.000000,0.000000
32.560000,0.000000,0.000000,0.000000,0.000000,0.000000,0.000000
32.580000,0.000000,0.000000,0.000000,0.000000,0.000000,0.000000
32.600000,0.000000,0.000000,0.000000,0.000000,0.000000,0.000000
32.620000,0.000000,0.000000,0.000000,0.000000,0.000000,0.000000
32.650000,0.000000,0.000000,0.000000,0.000000,0.000000,0.000000
32.670000,0.000000,0.000000,0.000000,0.000000,0.000000,0.000000
32.690000,0.000000,0.000000,0.000000,0.000000,0.000000,0.000000
32.720000,0.000000,0.000000,0.000000,0.000000,0.000000,0.000000
32.740000,0.000000,0.000000,0.000000,0.000000,0.000000,0.000000
32.760000,0.000000,0.000000,0.000000,0.000000,0.000000,0.000000
32.790000,0.000000,0.000000,0.000000,0.000000,0.000000,0.000000
32.810000,0.000000,0.000000,0.000000,0.000000,0.000000,0.000000
32.830000,0.000000,0.000000,0.000000,0.000000,0.000000,0.000000
32.860000,0.000000,0.000000,0.000000,0.000000,0.000000,0.000000
32.880000,0.000000,0.000000,0.000000,0.000000,0.000000,0.000000
32.900000,0.000000,0.000000,0.000000,0.000000,0.000000,0.000000
32.930000,0.000000,0.000000,0.000000,0.000000,0.000000,0.000000
32.950000,0.000000,0.000000,0.000000,0.000000,0.000000,0.000000
32.980000,0.000000,0.000000,0.000000,0.000000,0.000000,0.000000
33.000000,0.000000,0.000000,0.000000,0.000000,0.000000,0.000000
33.020000,0.000000,0.000000,0.000000,0.000000,0.000000,0.000000
33.040000,0.000000,0.000000,0.000000,0.000000,0.000000,0.000000
33.070000,0.000000,0.000000,0.000000,0.000000,0.000000,0.000000
33.090000,0.000000,0.000000,0.000000,0.000000,0.000000,0.000000
33.110000,0.000000,0.000000,0.000000,0.000000,0.000000,0.000000
33.140000,0.000000,0.000000,0.000000,0.000000,0.000000,0.000000
33.160000,0.000000,0.000000,0.000000,0.000000,0.000000,0.000000
33.180000,0.000000,0.000000,0.000000,0.000000,0.000000,0.000000
33.210000,0.000000,0.000000,0.000000,0.000000,0.000000,0.000000
33.230000,0.000000,0.000000,0.000000,0.000000,0.000000,0.000000
33.250000,0.000000,0.000000,0.000000,0.000000,0.000000,0.000000
33.280000,0.000000,0.000000,0.000000,0.000000,0.000000,0.000000
33.300000,0.000000,0.000000,0.000000,0.000000,0.000000,0.000000
33.330000,0.000000,0.000000,0.000000,0.000000,0.000000,0.000000
33.350000,0.000000,0.000000,0.000000,0.000000,0.000000,0.000000
33.370000,0.000000,0.000000,0.000000,0.000000,0.000000,0.000000
33.400000,0.000000,0.000000,0.000000,0.000000,0.000000,0.000000
33.420000,0.000000,0.000000,0.000000,0.000000,0.000000,0.000000
33.440000,0.000000,0.000000,0.000000,0.000000,0.000000,0.000000
33.470000,0.000000,0.000000,0.000000,0.000000,0.000000,0.000000
33.490000,0.000000,0.000000,0.000000,0.000000,0.000000,0.000000
33.510000,0.000000,0.000000,0.000000,0.000000,0.000000,0.000000
33.540000,0.000000,0.000000,0.000000,0.000000,0.000000,0.000000
33.570000,0.000000,0.000000,0.000000,0.000000,0.000000,0.000000
33.590000,0.000000,0.000000,0.000000,0.000000,0.000000,0.000000
33.610000,0.000000,0.000000,0.000000,0.000000,0.000000,0.000000
33.640000,0.000000,0.000000,0.000000,0.000000,0.000000,0.000000
33.660000,0.000000,0.000000,0.000000,0.000000,0.000000,0.000000
33.690000,0.000000,0.000000,0.000000,0.000000,0.000000,0.000000
33.710000,0.000000,0.000000,0.000000,0.000000,0.000000,0.000000
33.730000,0.000000,0.000000,0.000000,0.000000,0.000000,0.000000
33.760000,0.000000,0.000000,0.000000,0.000000,0.000000,0.000000
33.780000,0.000000,0.000000,0.000000,0.000000,0.000000,0.000000
33.800000,0.000000,0.000000,0.000000,0.000000,0.000000,0.000000
33.830000,0.000000,0.000000,0.000000,0.000000,0.000000,0.000000
33.850000,0.000000,0.000000,0.000000,0.000000,0.000000,0.000000
33.880000,0.000000,0.000000,0.000000,0.000000,0.000000,0.000000
33.900000,0.000000,0.000000,0.000000,0.000000,0.000000,0.000000
33.920000,0.000000,0.000000,0.000000,0.000000,0.000000,0.000000
33.950000,0.000000,0.000000,0.000000,0.000000,0.000000,0.000000
33.970000,0.000000,0.000000,0.000000,0.000000,0.000000,0.000000
33.990000,0.000000,0.000000,0.000000,0.000000,0.000000,0.000000
34.020000,0.000000,0.000000,0.000000,0.000000,0.000000,0.000000
34.040000,0.000000,0.000000,0.000000,0.000000,0.000000,0.000000
34.060000,0.000000,0.000000,0.000000,0.000000,0.000000,0.000000
34.080000,0.000000,0.000000,0.000000,0.000000,0.000000,0.000000
34.110000,0.000000,0.000000,0.000000,0.000000,0.000000,0.000000
34.130000,0.000000,0.000000,0.000000,0.000000,0.000000,0.000000
34.150000,0.000000,0.000000,0.000000,0.000000,0.000000,0.000000
34.180000,0.000000,0.000000,0.000000,0.000000,0.000000,0.000000
34.200000,0.000000,0.000000,0.000000,0.000000,0.000000,0.000000
34.220000,0.000000,0.000000,0.000000,0.000000,0.000000,0.000000
34.250000,0.000000,0.000000,0.000000,0.000000,0.000000,0.000000
34.270000,0.000000,0.000000,0.000000,0.000000,0.000000,0.000000
34.290000,0.000000,0.000000,0.000000,0.000000,0.000000,0.000000
34.320000,0.000000,0.000000,0.000000,0.000000,0.000000,0.000000
34.340000,0.000000,0.000000,0.000000,0.000000,0.000000,0.000000
34.360000,0.000000,0.000000,0.000000,0.000000,0.000000,0.000000
34.390000,0.000000,0.000000,0.000000,0.000000,0.000000,0.000000
34.410000,0.000000,0.000000,0.000000,0.000000,0.000000,0.000000
34.430000,0.000000,0.000000,0.000000,0.000000,0.000000,0.000000
34.460000,0.000000,0.000000,0.000000,0.000000,0.000000,0.000000
34.480000,0.000000,0.000000,0.000000,0.000000,0.000000,0.000000
34.500000,0.000000,0.000000,0.000000,0.000000,0.000000,0.000000
34.530000,0.000000,0.000000,0.000000,0.000000,0.000000,0.000000
34.550000,0.000000,0.000000,0.000000,0.000000,0.000000,0.000000
34.570000,0.000000,0.000000,0.000000,0.000000,0.000000,0.000000
34.600000,0.000000,0.000000,0.000000,0.000000,0.000000,0.000000
34.620000,0.000000,0.000000,0.000000,0.000000,0.000000,0.000000
34.650000,0.000000,0.000000,0.000000,0.000000,0.000000,0.000000
34.670000,0.000000,0.000000,0.000000,0.000000,0.000000,0.000000
34.690000,0.000000,0.000000,0.000000,0.000000,0.000000,0.000000
34.720000,0.000000,0.000000,0.000000,0.000000,0.000000,0.000000
34.740000,0.000000,0.000000,0.000000,0.000000,0.000000,0.000000
34.770000,0.000000,0.000000,0.000000,0.000000,0.000000,0.000000
34.790000,0.000000,0.000000,0.000000,0.000000,0.000000,0.000000
34.820000,0.000000,0.000000,0.000000,0.000000,0.000000,0.000000
34.840000,0.000000,0.000000,0.000000,0.000000,0.000000,0.000000
34.870000,0.000000,0.000000,0.000000,0.000000,0.000000,0.000000
34.890000,0.000000,0.000000,0.000000,0.000000,0.000000,0.000000
34.910000,0.000000,0.000000,0.000000,0.000000,0.000000,0.000000
34.940000,0.000000,0.000000,0.000000,0.000000,0.000000,0.000000
34.960000,0.000000,0.000000,0.000000,0.000000,0.000000,0.000000
34.980000,0.000000,0.000000,0.000000,0.000000,0.000000,0.000000
35.010000,0.000000,0.000000,0.000000,0.000000,0.000000,0.000000
35.030000,0.000000,0.000000,0.000000,0.000000,0.000000,0.000000
35.060000,0.000000,0.000000,0.000000,0.000000,0.000000,0.000000
35.080000,0.000000,0.000000,0.000000,0.000000,0.000000,0.000000
35.100000,0.000000,0.000000,0.000000,0.000000,0.000000,0.000000
35.130000,0.000000,0.000000,0.000000,0.000000,0.000000,0.000000
35.150000,0.000000,0.000000,0.000000,0.000000,0.000000,0.000000
35.170000,0.000000,0.000000,0.000000,0.000000,0.000000,0.000000
35.200000,0.000000,0.000000,0.000000,0.000000,0.000000,0.000000
35.220000,0.000000,0.000000,0.000000,0.000000,0.000000,0.000000
35.250000,0.000000,0.000000,0.000000,0.000000,0.000000,0.000000
35.270000,0.000000,0.000000,0.000000,0.000000,0.000000,0.000000
35.300000,0.000000,0.000000,0.000000,0.000000,0.000000,0.000000
35.320000,0.000000,0.000000,0.000000,0.000000,0.000000,0.000000
35.340000,0.000000,0.000000,0.000000,0.000000,0.000000,0.000000
35.370000,0.000000,0.000000,0.000000,0.000000,0.000000,0.000000
35.390000,0.000000,0.000000,0.000000,0.000000,0.000000,0.000000
35.410000,0.000000,0.000000,0.000000,0.000000,0.000000,0.000000
35.440000,0.000000,0.000000,0.000000,0.000000,0.000000,0.000000
35.460000,0.000000,0.000000,0.000000,0.000000,0.000000,0.000000
35.480000,0.000000,0.000000,0.000000,0.000000,0.000000,0.000000
35.510000,0.000000,0.000000,0.000000,0.000000,0.000000,0.000000
35.530000,0.000000,0.000000,0.000000,0.000000,0.000000,0.000000
35.550000,0.000000,0.000000,0.000000,0.000000,0.000000,0.000000
35.580000,0.000000,0.000000,0.000000,0.000000,0.000000,0.000000
35.600000,0.000000,0.000000,0.000000,0.000000,0.000000,0.000000
35.620000,0.000000,0.000000,0.000000,0.000000,0.000000,0.000000
35.650000,0.000000,0.000000,0.000000,0.000000,0.000000,0.000000
35.670000,0.000000,0.000000,0.000000,0.000000,0.000000,0.000000
35.690000,0.000000,0.000000,0.000000,0.000000,0.000000,0.000000
35.710000,0.000000,0.000000,0.000000,0.000000,0.000000,0.000000
35.740000,0.000000,0.000000,0.000000,0.000000,0.000000,0.000000
35.760000,0.000000,0.000000,0.000000,0.000000,0.000000,0.000000
35.780000,0.000000,0.000000,0.000000,0.000000,0.000000,0.000000
35.800000,0.000000,0.000000,0.000000,0.000000,0.000000,0.000000
35.830000,0.000000,0.000000,0.000000,0.000000,0.000000,0.000000
35.850000,0.000000,0.000000,0.000000,0.000000,0.000000,0.000000
35.870000,0.000000,0.000000,0.000000,0.000000,0.000000,0.000000
35.900000,0.000000,0.000000,0.000000,0.000000,0.000000,0.000000
35.920000,0.000000,0.000000,0.000000,0.000000,0.000000,0.000000
35.940000,0.000000,0.000000,0.000000,0.000000,0.000000,0.000000
35.960000,0.000000,0.000000,0.000000,0.000000,0.000000,0.000000
35.990000,0.000000,0.000000,0.000000,0.000000,0.000000,0.000000
36.010000,0.000000,0.000000,0.000000,0.000000,0.000000,0.000000
36.030000,0.000000,0.000000,0.000000,0.000000,0.000000,0.000000
36.050000,0.000000,0.000000,0.000000,0.000000,0.000000,0.000000
36.080000,0.000000,0.000000,0.000000,0.000000,0.000000,0.000000
36.100000,0.000000,0.000000,0.000000,0.000000,0.000000,0.000000
36.120000,0.000000,0.000000,0.000000,0.000000,0.000000,0.000000
36.150000,0.000000,0.000000,0.000000,0.000000,0.000000,0.000000
36.170000,0.000000,0.000000,0.000000,0.000000,0.000000,0.000000
36.190000,0.000000,0.000000,0.000000,0.000000,0.000000,0.000000
36.210000,0.000000,0.000000,0.000000,0.000000,0.000000,0.000000
36.230000,0.000000,0.000000,0.000000,0.000000,0.000000,0.000000
36.260000,0.000000,0.000000,0.000000,0.000000,0.000000,0.000000
36.280000,0.000000,0.000000,0.000000,0.000000,0.000000,0.000000
36.300000,0.000000,0.000000,0.000000,0.000000,0.000000,0.000000
36.320000,0.000000,0.000000,0.000000,0.000000,0.000000,0.000000
36.340000,0.000000,0.000000,0.000000,0.000000,0.000000,0.000000
36.370000,0.000000,0.000000,0.000000,0.000000,0.000000,0.000000
36.390000,0.000000,0.000000,0.000000,0.000000,0.000000,0.000000
36.410000,0.000000,0.000000,0.000000,0.000000,0.000000,0.000000
36.440000,0.000000,0.000000,0.000000,0.000000,0.000000,0.000000
36.460000,0.000000,0.000000,0.000000,0.000000,0.000000,0.000000
36.480000,0.000000,0.000000,0.000000,0.000000,0.000000,0.000000
36.500000,0.000000,0.000000,0.000000,0.000000,0.000000,0.000000
36.520000,0.000000,0.000000,0.000000,0.000000,0.000000,0.000000
36.540000,0.000000,0.000000,0.000000,0.000000,0.000000,0.000000
36.570000,0.000000,0.000000,0.000000,0.000000,0.000000,0.000000
36.590000,0.000000,0.000000,0.000000,0.000000,0.000000,0.000000
36.610000,0.000000,0.000000,0.000000,0.000000,0.000000,0.000000
36.630000,0.000000,0.000000,0.000000,0.000000,0.000000,0.000000
36.650000,0.000000,0.000000,0.000000,0.000000,0.000000,0.000000
36.680000,0.000000,0.000000,0.000000,0.000000,0.000000,0.000000
36.700000,0.000000,0.000000,0.000000,0.000000,0.000000,0.000000
36.720000,0.000000,0.000000,0.000000,0.000000,0.000000,0.000000
36.740000,0.000000,0.000000,0.000000,0.000000,0.000000,0.000000
36.770000,0.000000,0.000000,0.000000,0.000000,0.000000,0.000000
36.790000,0.000000,0.000000,0.000000,0.000000,0.000000,0.000000
36.810000,0.000000,0.000000,0.000000,0.000000,0.000000,0.000000
36.830000,0.000000,0.000000,0.000000,0.000000,0.000000,0.000000
36.860000,0.000000,0.000000,0.000000,0.000000,0.000000,0.000000
36.880000,0.000000,0.000000,0.000000,0.000000,0.000000,0.000000
36.900000,0.000000,0.000000,0.000000,0.000000,0.000000,0.000000
36.930000,0.000000,0.000000,0.000000,0.000000,0.000000,0.000000
36.950000,0.000000,0.000000,0.000000,0.000000,0.000000,0.000000
36.970000,0.000000,0.000000,0.000000,0.000000,0.000000,0.000000
36.990000,0.000000,0.000000,0.000000,0.000000,0.000000,0.000000
37.020000,0.000000,0.000000,0.000000,0.000000,0.000000,0.000000
37.040000,0.000000,0.000000,0.000000,0.000000,0.000000,0.000000
37.060000,0.000000,0.000000,0.000000,0.000000,0.000000,0.000000
37.080000,0.000000,0.000000,0.000000,0.000000,0.000000,0.000000
37.100000,0.000000,0.000000,0.000000,0.000000,0.000000,0.000000
37.120000,0.000000,0.000000,0.000000,0.000000,0.000000,0.000000
37.150000,0.000000,0.000000,0.000000,0.000000,0.000000,0.000000
37.170000,0.000000,0.000000,0.000000,0.000000,0.000000,0.000000
37.200000,0.000000,0.000000,0.000000,0.000000,0.000000,0.000000
37.220000,0.000000,0.000000,0.000000,0.000000,0.000000,0.000000
37.250000,0.000000,0.000000,0.000000,0.000000,0.000000,0.000000
37.270000,0.000000,0.000000,0.000000,0.000000,0.000000,0.000000
37.300000,0.000000,0.000000,0.000000,0.000000,0.000000,0.000000
37.320000,0.000000,0.000000,0.000000,0.000000,0.000000,0.000000
37.340000,0.000000,0.000000,0.000000,0.000000,0.000000,0.000000
37.360000,0.000000,0.000000,0.000000,0.000000,0.000000,0.000000
37.390000,0.000000,0.000000,0.000000,0.000000,0.000000,0.000000
37.410000,0.000000,0.000000,0.000000,0.000000,0.000000,0.000000
37.430000,0.000000,0.000000,0.000000,0.000000,0.000000,0.000000
37.450000,0.000000,0.000000,0.000000,0.000000,0.000000,0.000000
37.480000,0.000000,0.000000,0.000000,0.000000,0.000000,0.000000
37.500000,0.000000,0.000000,0.000000,0.000000,0.000000,0.000000
37.530000,0.000000,0.000000,0.000000,0.000000,0.000000,0.000000
37.550000,0.000000,0.000000,0.000000,0.000000,0.000000,0.000000
37.580000,0.000000,0.000000,0.000000,0.000000,0.000000,0.000000
37.600000,0.000000,0.000000,0.000000,0.000000,0.000000,0.000000
37.620000,0.000000,0.000000,0.000000,0.000000,0.000000,0.000000
37.650000,0.000000,0.000000,0.000000,0.000000,0.000000,0.000000
37.670000,0.000000,0.000000,0.000000,0.000000,0.000000,0.000000
37.690000,0.000000,0.000000,0.000000,0.000000,0.000000,0.000000
37.710000,0.000000,0.000000,0.000000,0.000000,0.000000,0.000000
37.740000,0.000000,0.000000,0.000000,0.000000,0.000000,0.000000
37.760000,0.000000,0.000000,0.000000,0.000000,0.000000,0.000000
37.790000,0.000000,0.000000,0.000000,0.000000,0.000000,0.000000
37.810000,0.000000,0.000000,0.000000,0.000000,0.000000,0.000000
37.830000,0.000000,0.000000,0.000000,0.000000,0.000000,0.000000
37.860000,0.000000,0.000000,0.000000,0.000000,0.000000,0.000000
37.890000,0.000000,0.000000,0.000000,0.000000,0.000000,0.000000
37.910000,0.000000,0.000000,0.000000,0.000000,0.000000,0.000000
37.940000,0.000000,0.000000,0.000000,0.000000,0.000000,0.000000
37.960000,0.000000,0.000000,0.000000,0.000000,0.000000,0.000000
37.980000,0.000000,0.000000,0.000000,0.000000,0.000000,0.000000
38.000000,0.000000,0.000000,0.000000,0.000000,0.000000,0.000000
38.030000,0.000000,0.000000,0.000000,0.000000,0.000000,0.000000
38.050000,0.000000,0.000000,0.000000,0.000000,0.000000,0.000000
38.070000,0.000000,0.000000,0.000000,0.000000,0.000000,0.000000
38.100000,0.000000,0.000000,0.000000,0.000000,0.000000,0.000000
38.120000,0.000000,0.000000,0.000000,0.000000,0.000000,0.000000
38.150000,0.000000,0.000000,0.000000,0.000000,0.000000,0.000000
38.170000,0.000000,0.000000,0.000000,0.000000,0.000000,0.000000
38.190000,0.000000,0.000000,0.000000,0.000000,0.000000,0.000000
38.220000,0.000000,0.000000,0.000000,0.000000,0.000000,0.000000
38.240000,0.000000,0.000000,0.000000,0.000000,0.000000,0.000000
38.260000,0.000000,0.000000,0.000000,0.000000,0.000000,0.000000
38.280000,0.000000,0.000000,0.000000,0.000000,0.000000,0.000000
38.300000,0.000000,0.000000,0.000000,0.000000,0.000000,0.000000
38.330000,0.000000,0.000000,0.000000,0.000000,0.000000,0.000000
38.350000,0.000000,0.000000,0.000000,0.000000,0.000000,0.000000
38.370000,0.000000,0.000000,0.000000,0.000000,0.000000,0.000000
38.410000,0.000000,0.000000,0.000000,0.000000,0.000000,0.000000
38.430000,0.000000,0.000000,0.000000,0.000000,0.000000,0.000000
38.450000,0.000000,0.000000,0.000000,0.000000,0.000000,0.000000
38.470000,0.000000,0.000000,0.000000,0.000000,0.000000,0.000000
38.500000,0.000000,0.000000,0.000000,0.000000,0.000000,0.000000
38.520000,0.000000,0.000000,0.000000,0.000000,0.000000,0.000000
38.540000,0.000000,0.000000,0.000000,0.000000,0.000000,0.000000
38.570000,0.000000,0.000000,0.000000,0.000000,0.000000,0.000000
38.590000,0.000000,0.000000,0.000000,0.000000,0.000000,0.000000
38.610000,0.000000,0.000000,0.000000,0.000000,0.000000,0.000000
38.630000,0.000000,0.000000,0.000000,0.000000,0.000000,0.000000
38.650000,0.000000,0.000000,0.000000,0.000000,0.000000,0.000000
38.680000,0.000000,0.000000,0.000000,0.000000,0.000000,0.000000
38.700000,0.000000,0.000000,0.000000,0.000000,0.000000,0.000000
38.720000,0.000000,0.000000,0.000000,0.000000,0.000000,0.000000
38.740000,0.000000,0.000000,0.000000,0.000000,0.000000,0.000000
38.770000,0.000000,0.000000,0.000000,0.000000,0.000000,0.000000
38.790000,0.000000,0.000000,0.000000,0.000000,0.000000,0.000000
38.810000,0.000000,0.000000,0.000000,0.000000,0.000000,0.000000
38.830000,0.000000,0.000000,0.000000,0.000000,0.000000,0.000000
38.850000,0.000000,0.000000,0.000000,0.000000,0.000000,0.000000
38.880000,0.000000,0.000000,0.000000,0.000000,0.000000,0.000000
38.900000,0.000000,0.000000,0.000000,0.000000,0.000000,0.000000
38.930000,0.000000,0.000000,0.000000,0.000000,0.000000,0.000000
38.950000,0.000000,0.000000,0.000000,0.000000,0.000000,0.000000
38.970000,0.000000,0.000000,0.000000,0.000000,0.000000,0.000000
38.990000,0.000000,0.000000,0.000000,0.000000,0.000000,0.000000
39.020000,0.000000,0.000000,0.000000,0.000000,0.000000,0.000000
39.040000,0.000000,0.000000,0.000000,0.000000,0.000000,0.000000
39.060000,0.000000,0.000000,0.000000,0.000000,0.000000,0.000000
39.090000,0.000000,0.000000,0.000000,0.000000,0.000000,0.000000
39.110000,0.000000,0.000000,0.000000,0.000000,0.000000,0.000000
39.130000,0.000000,0.000000,0.000000,0.000000,0.000000,0.000000
39.150000,0.000000,0.000000,0.000000,0.000000,0.000000,0.000000
39.180000,0.000000,0.000000,0.000000,0.000000,0.000000,0.000000
39.200000,0.000000,0.000000,0.000000,0.000000,0.000000,0.000000
39.240000,0.000000,0.000000,0.000000,0.000000,0.000000,0.000000
39.260000,0.000000,0.000000,0.000000,0.000000,0.000000,0.000000
39.280000,0.000000,0.000000,0.000000,0.000000,0.000000,0.000000
39.310000,0.000000,0.000000,0.000000,0.000000,0.000000,0.000000
39.330000,0.000000,0.000000,0.000000,0.000000,0.000000,0.000000
39.350000,0.000000,0.000000,0.000000,0.000000,0.000000,0.000000
39.380000,0.000000,0.000000,0.000000,0.000000,0.000000,0.000000
39.400000,0.000000,0.000000,0.000000,0.000000,0.000000,0.000000
39.430000,0.000000,0.000000,0.000000,0.000000,0.000000,0.000000
39.450000,0.000000,0.000000,0.000000,0.000000,0.000000,0.000000
39.470000,0.000000,0.000000,0.000000,0.000000,0.000000,0.000000
39.500000,0.000000,0.000000,0.000000,0.000000,0.000000,0.000000
39.520000,0.000000,0.000000,0.000000,0.000000,0.000000,0.000000
39.540000,0.000000,0.000000,0.000000,0.000000,0.000000,0.000000
39.570000,0.000000,0.000000,0.000000,0.000000,0.000000,0.000000
39.590000,0.000000,0.000000,0.000000,0.000000,0.000000,0.000000
39.610000,0.000000,0.000000,0.000000,0.000000,0.000000,0.000000
39.640000,0.000000,0.000000,0.000000,0.000000,0.000000,0.000000
39.660000,0.000000,0.000000,0.000000,0.000000,0.000000,0.000000
39.680000,0.000000,0.000000,0.000000,0.000000,0.000000,0.000000
39.710000,0.000000,0.000000,0.000000,0.000000,0.000000,0.000000
39.730000,0.000000,0.000000,0.000000,0.000000,0.000000,0.000000
39.760000,0.000000,0.000000,0.000000,0.000000,0.000000,0.000000
39.780000,0.000000,0.000000,0.000000,0.000000,0.000000,0.000000
39.800000,0.000000,0.000000,0.000000,0.000000,0.000000,0.000000
39.830000,0.000000,0.000000,0.000000,0.000000,0.000000,0.000000
39.850000,0.000000,0.000000,0.000000,0.000000,0.000000,0.000000
39.880000,0.000000,0.000000,0.000000,0.000000,0.000000,0.000000
39.900000,0.000000,0.000000,0.000000,0.000000,0.000000,0.000000
39.920000,0.000000,0.000000,0.000000,0.000000,0.000000,0.000000
39.950000,0.000000,0.000000,0.000000,0.000000,0.000000,0.000000
39.980000,0.000000,0.000000,0.000000,0.000000,0.000000,0.000000
40.000000,0.000000,0.000000,0.000000,0.000000,0.000000,0.000000
40.020000,0.000000,0.000000,0.000000,0.000000,0.000000,0.000000
40.040000,0.000000,0.000000,0.000000,0.000000,0.000000,0.000000
40.070000,0.000000,0.000000,0.000000,0.000000,0.000000,0.000000
40.090000,0.000000,0.000000,0.000000,0.000000,0.000000,0.000000
40.110000,0.000000,0.000000,0.000000,0.000000,0.000000,0.000000
40.140000,0.000000,0.000000,0.000000,0.000000,0.000000,0.000000
40.160000,0.000000,0.000000,0.000000,0.000000,0.000000,0.000000
40.180000,0.000000,0.000000,0.000000,0.000000,0.000000,0.000000
40.200000,0.000000,0.000000,0.000000,0.000000,0.000000,0.000000
40.230000,0.000000,0.000000,0.000000,0.000000,0.000000,0.000000
40.250000,0.000000,0.000000,0.000000,0.000000,0.000000,0.000000
40.270000,0.000000,0.000000,0.000000,0.000000,0.000000,0.000000
40.290000,0.000000,0.000000,0.000000,0.000000,0.000000,0.000000
40.310000,0.000000,0.000000,0.000000,0.000000,0.000000,0.000000
40.340000,0.000000,0.000000,0.000000,0.000000,0.000000,0.000000
40.360000,0.000000,0.000000,0.000000,0.000000,0.000000,0.000000
40.390000,0.000000,0.000000,0.000000,0.000000,0.000000,0.000000
40.410000,0.000000,0.000000,0.000000,0.000000,0.000000,0.000000
40.430000,0.000000,0.000000,0.000000,0.000000,0.000000,0.000000
40.450000,0.000000,0.000000,0.000000,0.000000,0.000000,0.000000
40.480000,0.000000,0.000000,0.000000,0.000000,0.000000,0.000000
40.500000,0.000000,0.000000,0.000000,0.000000,0.000000,0.000000
40.520000,0.000000,0.000000,0.000000,0.000000,0.000000,0.000000
40.550000,0.000000,0.000000,0.000000,0.000000,0.000000,0.000000
40.570000,0.000000,0.000000,0.000000,0.000000,0.000000,0.000000
40.590000,0.000000,0.000000,0.000000,0.000000,0.000000,0.000000
40.610000,0.000000,0.000000,0.000000,0.000000,0.000000,0.000000
40.640000,0.000000,0.000000,0.000000,0.000000,0.000000,0.000000
40.660000,0.000000,0.000000,0.000000,0.000000,0.000000,0.000000
40.680000,0.000000,0.000000,0.000000,0.000000,0.000000,0.000000
40.700000,0.000000,0.000000,0.000000,0.000000,0.000000,0.000000
40.730000,0.000000,0.000000,0.000000,0.000000,0.000000,0.000000
40.750000,0.000000,0.000000,0.000000,0.000000,0.000000,0.000000
40.770000,0.000000,0.000000,0.000000,0.000000,0.000000,0.000000
40.800000,0.000000,0.000000,0.000000,0.000000,0.000000,0.000000
40.820000,0.000000,0.000000,0.000000,0.000000,0.000000,0.000000
40.850000,0.000000,0.000000,0.000000,0.000000,0.000000,0.000000
40.870000,0.000000,0.000000,0.000000,0.000000,0.000000,0.000000
40.890000,0.000000,0.000000,0.000000,0.000000,0.000000,0.000000
40.920000,0.000000,0.000000,0.000000,0.000000,0.000000,0.000000
40.940000,0.000000,0.000000,0.000000,0.000000,0.000000,0.000000
40.960000,0.000000,0.000000,0.000000,0.000000,0.000000,0.000000
40.990000,0.000000,0.000000,0.000000,0.000000,0.000000,0.000000
41.010000,0.000000,0.000000,0.000000,0.000000,0.000000,0.000000
41.030000,0.000000,0.000000,0.000000,0.000000,0.000000,0.000000
41.060000,0.000000,0.000000,0.000000,0.000000,0.000000,0.000000
41.080000,0.000000,0.000000,0.000000,0.000000,0.000000,0.000000
41.100000,0.000000,0.000000,0.000000,0.000000,0.000000,0.000000
41.130000,0.000000,0.000000,0.000000,0.000000,0.000000,0.000000
41.150000,0.000000,0.000000,0.000000,0.000000,0.000000,0.000000
41.180000,0.000000,0.000000,0.000000,0.000000,0.000000,0.000000
41.200000,0.000000,0.000000,0.000000,0.000000,0.000000,0.000000
41.220000,0.000000,0.000000,0.000000,0.000000,0.000000,0.000000
41.250000,0.000000,0.000000,0.000000,0.000000,0.000000,0.000000
41.270000,0.000000,0.000000,0.000000,0.000000,0.000000,0.000000
41.290000,0.000000,0.000000,0.000000,0.000000,0.000000,0.000000
41.320000,0.000000,0.000000,0.000000,0.000000,0.000000,0.000000
41.340000,0.000000,0.000000,0.000000,0.000000,0.000000,0.000000
41.360000,0.000000,0.000000,0.000000,0.000000,0.000000,0.000000
41.390000,0.000000,0.000000,0.000000,0.000000,0.000000,0.000000
41.410000,0.000000,0.000000,0.000000,0.000000,0.000000,0.000000
41.430000,0.000000,0.000000,0.000000,0.000000,0.000000,0.000000
41.460000,0.000000,0.000000,0.000000,0.000000,0.000000,0.000000
41.480000,0.000000,0.000000,0.000000,0.000000,0.000000,0.000000
41.510000,0.000000,0.000000,0.000000,0.000000,0.000000,0.000000
41.530000,0.000000,0.000000,0.000000,0.000000,0.000000,0.000000
41.550000,0.000000,0.000000,0.000000,0.000000,0.000000,0.000000
41.580000,0.000000,0.000000,0.000000,0.000000,0.000000,0.000000
41.600000,0.000000,0.000000,0.000000,0.000000,0.000000,0.000000
41.620000,0.000000,0.000000,0.000000,0.000000,0.000000,0.000000
41.650000,0.000000,0.000000,0.000000,0.000000,0.000000,0.000000
41.670000,0.000000,0.000000,0.000000,0.000000,0.000000,0.000000
41.700000,0.000000,0.000000,0.000000,0.000000,0.000000,0.000000
41.720000,0.000000,0.000000,0.000000,0.000000,0.000000,0.000000
41.750000,0.000000,0.000000,0.000000,0.000000,0.000000,0.000000
41.770000,0.000000,0.000000,0.000000,0.000000,0.000000,0.000000
41.790000,0.000000,0.000000,0.000000,0.000000,0.000000,0.000000
41.820000,0.000000,0.000000,0.000000,0.000000,0.000000,0.000000
41.840000,0.000000,0.000000,0.000000,0.000000,0.000000,0.000000
41.870000,0.000000,0.000000,0.000000,0.000000,0.000000,0.000000
41.890000,0.000000,0.000000,0.000000,0.000000,0.000000,0.000000
41.910000,0.000000,0.000000,0.000000,0.000000,0.000000,0.000000
41.940000,0.000000,0.000000,0.000000,0.000000,0.000000,0.000000
41.960000,0.000000,0.000000,0.000000,0.000000,0.000000,0.000000
41.980000,0.000000,0.000000,0.000000,0.000000,0.000000,0.000000
42.010000,0.000000,0.000000,0.000000,0.000000,0.000000,0.000000
42.030000,0.000000,0.000000,0.000000,0.000000,0.000000,0.000000
42.060000,0.000000,0.000000,0.000000,0.000000,0.000000,0.000000
42.080000,0.000000,0.000000,0.000000,0.000000,0.000000,0.000000
42.100000,0.000000,0.000000,0.000000,0.000000,0.000000,0.000000
42.130000,0.000000,0.000000,0.000000,0.000000,0.000000,0.000000
42.150000,0.000000,0.000000,0.000000,0.000000,0.000000,0.000000
42.170000,0.000000,0.000000,0.000000,0.000000,0.000000,0.000000
42.200000,0.000000,0.000000,0.000000,0.000000,0.000000,0.000000
42.220000,0.000000,0.000000,0.000000,0.000000,0.000000,0.000000
42.240000,0.000000,0.000000,0.000000,0.000000,0.000000,0.000000
42.270000,0.000000,0.000000,0.000000,0.000000,0.000000,0.000000
42.290000,0.000000,0.000000,0.000000,0.000000,0.000000,0.000000
42.320000,0.000000,0.000000,0.000000,0.000000,0.000000,0.000000
42.340000,0.000000,0.000000,0.000000,0.000000,0.000000,0.000000
42.360000,0.000000,0.000000,0.000000,0.000000,0.000000,0.000000
42.390000,0.000000,0.000000,0.000000,0.000000,0.000000,0.000000
42.410000,0.000000,0.000000,0.000000,0.000000,0.000000,0.000000
42.440000,0.000000,0.000000,0.000000,0.000000,0.000000,0.000000
42.460000,0.000000,0.000000,0.000000,0.000000,0.000000,0.000000
42.480000,0.000000,0.000000,0.000000,0.000000,0.000000,0.000000
42.510000,0.000000,0.000000,0.000000,0.000000,0.000000,0.000000
42.530000,0.000000,0.000000,0.000000,0.000000,0.000000,0.000000
42.550000,0.000000,0.000000,0.000000,0.000000,0.000000,0.000000
42.580000,0.000000,0.000000,0.000000,0.000000,0.000000,0.000000
42.600000,0.000000,0.000000,0.000000,0.000000,0.000000,0.000000
42.630000,0.000000,0.000000,0.000000,0.000000,0.000000,0.000000
42.650000,0.000000,0.000000,0.000000,0.000000,0.000000,0.000000
42.670000,0.000000,0.000000,0.000000,0.000000,0.000000,0.000000
42.700000,0.000000,0.000000,0.000000,0.000000,0.000000,0.000000
42.720000,0.000000,0.000000,0.000000,0.000000,0.000000,0.000000
42.740000,0.000000,0.000000,0.000000,0.000000,0.000000,0.000000
42.770000,0.000000,0.000000,0.000000,0.000000,0.000000,0.000000
42.790000,0.000000,0.000000,0.000000,0.000000,0.000000,0.000000
42.810000,0.000000,0.000000,0.000000,0.000000,0.000000,0.000000
42.840000,0.000000,0.000000,0.000000,0.000000,0.000000,0.000000
42.860000,0.000000,0.000000,0.000000,0.000000,0.000000,0.000000
42.890000,0.000000,0.000000,0.000000,0.000000,0.000000,0.000000
42.920000,0.000000,0.000000,0.000000,0.000000,0.000000,0.000000
42.940000,0.000000,0.000000,0.000000,0.000000,0.000000,0.000000
42.960000,0.000000,0.000000,0.000000,0.000000,0.000000,0.000000
42.990000,0.000000,0.000000,0.000000,0.000000,0.000000,0.000000
43.010000,0.000000,0.000000,0.000000,0.000000,0.000000,0.000000
43.030000,0.000000,0.000000,0.000000,0.000000,0.000000,0.000000
43.060000,0.000000,0.000000,0.000000,0.000000,0.000000,0.000000
43.080000,0.000000,0.000000,0.000000,0.000000,0.000000,0.000000
43.100000,0.000000,0.000000,0.000000,0.000000,0.000000,0.000000
43.130000,0.000000,0.000000,0.000000,0.000000,0.000000,0.000000
43.150000,0.000000,0.000000,0.000000,0.000000,0.000000,0.000000
43.170000,0.000000,0.000000,0.000000,0.000000,0.000000,0.000000
43.200000,0.000000,0.000000,0.000000,0.000000,0.000000,0.000000
43.220000,0.000000,0.000000,0.000000,0.000000,0.000000,0.000000
43.240000,0.000000,0.000000,0.000000,0.000000,0.000000,0.000000
43.270000,0.000000,0.000000,0.000000,0.000000,0.000000,0.000000
43.290000,0.000000,0.000000,0.000000,0.000000,0.000000,0.000000
43.320000,0.000000,0.000000,0.000000,0.000000,0.000000,0.000000
43.340000,0.000000,0.000000,0.000000,0.000000,0.000000,0.000000
43.360000,0.000000,0.000000,0.000000,0.000000,0.000000,0.000000
43.390000,0.000000,0.000000,0.000000,0.000000,0.000000,0.000000
43.410000,0.000000,0.000000,0.000000,0.000000,0.000000,0.000000
43.440000,0.000000,0.000000,0.000000,0.000000,0.000000,0.000000
43.460000,0.000000,0.000000,0.000000,0.000000,0.000000,0.000000
43.490000,0.000000,0.000000,0.000000,0.000000,0.000000,0.000000
43.510000,0.000000,0.000000,0.000000,0.000000,0.000000,0.000000
43.540000,0.000000,0.000000,0.000000,0.000000,0.000000,0.000000
43.560000,0.000000,0.000000,0.000000,0.000000,0.000000,0.000000
43.590000,0.000000,0.000000,0.000000,0.000000,0.000000,0.000000
43.610000,0.000000,0.000000,0.000000,0.000000,0.000000,0.000000
43.630000,0.000000,0.000000,0.000000,0.000000,0.000000,0.000000
43.660000,0.000000,0.000000,0.000000,0.000000,0.000000,0.000000
43.680000,0.000000,0.000000,0.000000,0.000000,0.000000,0.000000
43.700000,0.000000,0.000000,0.000000,0.000000,0.000000,0.000000
43.730000,0.000000,0.000000,0.000000,0.000000,0.000000,0.000000
43.750000,0.000000,0.000000,0.000000,0.000000,0.000000,0.000000
43.770000,0.000000,0.000000,0.000000,0.000000,0.000000,0.000000
43.790000,0.000000,0.000000,0.000000,0.000000,0.000000,0.000000
43.820000,0.000000,0.000000,0.000000,0.000000,0.000000,0.000000
43.840000,0.000000,0.000000,0.000000,0.000000,0.000000,0.000000
43.870000,0.000000,0.000000,0.000000,0.000000,0.000000,0.000000
43.890000,0.000000,0.000000,0.000000,0.000000,0.000000,0.000000
43.910000,0.000000,0.000000,0.000000,0.000000,0.000000,0.000000
43.940000,0.000000,0.000000,0.000000,0.000000,0.000000,0.000000
43.960000,0.000000,0.000000,0.000000,0.000000,0.000000,0.000000
43.980000,0.000000,0.000000,0.000000,0.000000,0.000000,0.000000
44.010000,0.000000,0.000000,0.000000,0.000000,0.000000,0.000000
44.030000,0.000000,0.000000,0.000000,0.000000,0.000000,0.000000
44.050000,0.000000,0.000000,0.000000,0.000000,0.000000,0.000000
44.070000,0.000000,0.000000,0.000000,0.000000,0.000000,0.000000
44.100000,0.000000,0.000000,0.000000,0.000000,0.000000,0.000000
44.130000,0.000000,0.000000,0.000000,0.000000,0.000000,0.000000
44.150000,0.000000,0.000000,0.000000,0.000000,0.000000,0.000000
44.170000,0.000000,0.000000,0.000000,0.000000,0.000000,0.000000
44.200000,0.000000,0.000000,0.000000,0.000000,0.000000,0.000000
44.220000,0.000000,0.000000,0.000000,0.000000,0.000000,0.000000
44.250000,0.000000,0.000000,0.000000,0.000000,0.000000,0.000000
44.270000,0.000000,0.000000,0.000000,0.000000,0.000000,0.000000
44.300000,0.000000,0.000000,0.000000,0.000000,0.000000,0.000000
44.320000,0.000000,0.000000,0.000000,0.000000,0.000000,0.000000
44.340000,0.000000,0.000000,0.000000,0.000000,0.000000,0.000000
44.360000,0.000000,0.000000,0.000000,0.000000,0.000000,0.000000
44.390000,0.000000,0.000000,0.000000,0.000000,0.000000,0.000000
44.410000,0.000000,0.000000,0.000000,0.000000,0.000000,0.000000
44.440000,0.000000,0.000000,0.000000,0.000000,0.000000,0.000000
44.460000,0.000000,0.000000,0.000000,0.000000,0.000000,0.000000
44.480000,0.000000,0.000000,0.000000,0.000000,0.000000,0.000000
44.510000,0.000000,0.000000,0.000000,0.000000,0.000000,0.000000
44.530000,0.000000,0.000000,0.000000,0.000000,0.000000,0.000000
44.550000,0.000000,0.000000,0.000000,0.000000,0.000000,0.000000
44.570000,0.000000,0.000000,0.000000,0.000000,0.000000,0.000000
44.600000,0.000000,0.000000,0.000000,0.000000,0.000000,0.000000
44.620000,0.000000,0.000000,0.000000,0.000000,0.000000,0.000000
44.640000,0.000000,0.000000,0.000000,0.000000,0.000000,0.000000
44.670000,0.000000,0.000000,0.000000,0.000000,0.000000,0.000000
44.690000,0.000000,0.000000,0.000000,0.000000,0.000000,0.000000
44.710000,0.000000,0.000000,0.000000,0.000000,0.000000,0.000000
44.740000,0.000000,0.000000,0.000000,0.000000,0.000000,0.000000
44.760000,0.000000,0.000000,0.000000,0.000000,0.000000,0.000000
44.780000,0.000000,0.000000,0.000000,0.000000,0.000000,0.000000
44.800000,0.000000,0.000000,0.000000,0.000000,0.000000,0.000000
44.830000,0.000000,0.000000,0.000000,0.000000,0.000000,0.000000
44.850000,0.000000,0.000000,0.000000,0.000000,0.000000,0.000000
44.870000,0.000000,0.000000,0.000000,0.000000,0.000000,0.000000
44.890000,0.000000,0.000000,0.000000,0.000000,0.000000,0.000000
44.910000,0.000000,0.000000,0.000000,0.000000,0.000000,0.000000
44.940000,0.000000,0.000000,0.000000,0.000000,0.000000,0.000000
44.960000,0.000000,0.000000,0.000000,0.000000,0.000000,0.000000
44.980000,0.000000,0.000000,0.000000,0.000000,0.000000,0.000000
45.000000,0.000000,0.000000,0.000000,0.000000,0.000000,0.000000
45.030000,0.000000,0.000000,0.000000,0.000000,0.000000,0.000000
45.050000,0.000000,0.000000,0.000000,0.000000,0.000000,0.000000
45.070000,0.000000,0.000000,0.000000,0.000000,0.000000,0.000000
45.100000,0.000000,0.000000,0.000000,0.000000,0.000000,0.000000
45.120000,0.000000,0.000000,0.000000,0.000000,0.000000,0.000000
45.140000,0.000000,0.000000,0.000000,0.000000,0.000000,0.000000
45.160000,0.000000,0.000000,0.000000,0.000000,0.000000,0.000000
45.190000,0.000000,0.000000,0.000000,0.000000,0.000000,0.000000
45.210000,0.000000,0.000000,0.000000,0.000000,0.000000,0.000000
45.230000,0.000000,0.000000,0.000000,0.000000,0.000000,0.000000
45.250000,0.000000,0.000000,0.000000,0.000000,0.000000,0.000000
45.280000,0.000000,0.000000,0.000000,0.000000,0.000000,0.000000
45.300000,0.000000,0.000000,0.000000,0.000000,0.000000,0.000000
45.320000,0.000000,0.000000,0.000000,0.000000,0.000000,0.000000
45.350000,0.000000,0.000000,0.000000,0.000000,0.000000,0.000000
45.370000,0.000000,0.000000,0.000000,0.000000,0.000000,0.000000
45.390000,0.000000,0.000000,0.000000,0.000000,0.000000,0.000000
45.420000,0.000000,0.000000,0.000000,0.000000,0.000000,0.000000
45.440000,0.000000,0.000000,0.000000,0.000000,0.000000,0.000000
45.460000,0.000000,0.000000,0.000000,0.000000,0.000000,0.000000
45.490000,0.000000,0.000000,0.000000,0.000000,0.000000,0.000000
45.510000,0.000000,0.000000,0.000000,0.000000,0.000000,0.000000
45.530000,0.000000,0.000000,0.000000,0.000000,0.000000,0.000000
45.550000,0.000000,0.000000,0.000000,0.000000,0.000000,0.000000
45.580000,0.000000,0.000000,0.000000,0.000000,0.000000,0.000000
45.600000,0.000000,0.000000,0.000000,0.000000,0.000000,0.000000
45.620000,0.000000,0.000000,0.000000,0.000000,0.000000,0.000000
45.640000,0.000000,0.000000,0.000000,0.000000,0.000000,0.000000
45.660000,0.000000,0.000000,0.000000,0.000000,0.000000,0.000000
45.690000,0.000000,0.000000,0.000000,0.000000,0.000000,0.000000
45.710000,0.000000,0.000000,0.000000,0.000000,0.000000,0.000000
45.730000,0.000000,0.000000,0.000000,0.000000,0.000000,0.000000
45.750000,0.000000,0.000000,0.000000,0.000000,0.000000,0.000000
45.780000,0.000000,0.000000,0.000000,0.000000,0.000000,0.000000
45.800000,0.000000,0.000000,0.000000,0.000000,0.000000,0.000000
45.820000,0.000000,0.000000,0.000000,0.000000,0.000000,0.000000
45.840000,0.000000,0.000000,0.000000,0.000000,0.000000,0.000000
45.870000,0.000000,0.000000,0.000000,0.000000,0.000000,0.000000
45.890000,0.000000,0.000000,0.000000,0.000000,0.000000,0.000000
45.910000,0.000000,0.000000,0.000000,0.000000,0.000000,0.000000
45.940000,0.000000,0.000000,0.000000,0.000000,0.000000,0.000000
45.960000,0.000000,0.000000,0.000000,0.000000,0.000000,0.000000
45.980000,0.000000,0.000000,0.000000,0.000000,0.000000,0.000000
46.010000,0.000000,0.000000,0.000000,0.000000,0.000000,0.000000
46.030000,0.000000,0.000000,0.000000,0.000000,0.000000,0.000000
46.050000,0.000000,0.000000,0.000000,0.000000,0.000000,0.000000
46.070000,0.000000,0.000000,0.000000,0.000000,0.000000,0.000000
46.090000,0.000000,0.000000,0.000000,0.000000,0.000000,0.000000
46.120000,0.000000,0.000000,0.000000,0.000000,0.000000,0.000000
46.140000,0.000000,0.000000,0.000000,0.000000,0.000000,0.000000
46.160000,0.000000,0.000000,0.000000,0.000000,0.000000,0.000000
46.190000,0.000000,0.000000,0.000000,0.000000,0.000000,0.000000
46.210000,0.000000,0.000000,0.000000,0.000000,0.000000,0.000000
46.240000,0.000000,0.000000,0.000000,0.000000,0.000000,0.000000
46.260000,0.000000,0.000000,0.000000,0.000000,0.000000,0.000000
46.280000,0.000000,0.000000,0.000000,0.000000,0.000000,0.000000
46.300000,0.000000,0.000000,0.000000,0.000000,0.000000,0.000000
46.330000,0.000000,0.000000,0.000000,0.000000,0.000000,0.000000
46.350000,0.000000,0.000000,0.000000,0.000000,0.000000,0.000000
46.370000,0.000000,0.000000,0.000000,0.000000,0.000000,0.000000
46.390000,0.000000,0.000000,0.000000,0.000000,0.000000,0.000000
46.410000,0.000000,0.000000,0.000000,0.000000,0.000000,0.000000
46.440000,0.000000,0.000000,0.000000,0.000000,0.000000,0.000000
46.460000,0.000000,0.000000,0.000000,0.000000,0.000000,0.000000
46.480000,0.000000,0.000000,0.000000,0.000000,0.000000,0.000000
46.500000,0.000000,0.000000,0.000000,0.000000,0.000000,0.000000
46.530000,0.000000,0.000000,0.000000,0.000000,0.000000,0.000000
46.550000,0.000000,0.000000,0.000000,0.000000,0.000000,0.000000
46.570000,0.000000,0.000000,0.000000,0.000000,0.000000,0.000000
46.590000,0.000000,0.000000,0.000000,0.000000,0.000000,0.000000
46.610000,0.000000,0.000000,0.000000,0.000000,0.000000,0.000000
46.640000,0.000000,0.000000,0.000000,0.000000,0.000000,0.000000
46.660000,0.000000,0.000000,0.000000,0.000000,0.000000,0.000000
46.680000,0.000000,0.000000,0.000000,0.000000,0.000000,0.000000
46.700000,0.000000,0.000000,0.000000,0.000000,0.000000,0.000000
46.730000,0.000000,0.000000,0.000000,0.000000,0.000000,0.000000
46.750000,0.000000,0.000000,0.000000,0.000000,0.000000,0.000000
46.770000,0.000000,0.000000,0.000000,0.000000,0.000000,0.000000
46.790000,0.000000,0.000000,0.000000,0.000000,0.000000,0.000000
46.820000,0.000000,0.000000,0.000000,0.000000,0.000000,0.000000
46.840000,0.000000,0.000000,0.000000,0.000000,0.000000,0.000000
46.860000,0.000000,0.000000,0.000000,0.000000,0.000000,0.000000
46.880000,0.000000,0.000000,0.000000,0.000000,0.000000,0.000000
46.900000,0.000000,0.000000,0.000000,0.000000,0.000000,0.000000
46.930000,0.000000,0.000000,0.000000,0.000000,0.000000,0.000000
46.950000,0.000000,0.000000,0.000000,0.000000,0.000000,0.000000
46.970000,0.000000,0.000000,0.000000,0.000000,0.000000,0.000000
47.000000,0.000000,0.000000,0.000000,0.000000,0.000000,0.000000
47.020000,0.000000,0.000000,0.000000,0.000000,0.000000,0.000000
47.040000,0.000000,0.000000,0.000000,0.000000,0.000000,0.000000
47.070000,0.000000,0.000000,0.000000,0.000000,0.000000,0.000000
47.090000,0.000000,0.000000,0.000000,0.000000,0.000000,0.000000
47.110000,0.000000,0.000000,0.000000,0.000000,0.000000,0.000000
47.130000,0.000000,0.000000,0.000000,0.000000,0.000000,0.000000
47.150000,0.000000,0.000000,0.000000,0.000000,0.000000,0.000000
47.180000,0.000000,0.000000,0.000000,0.000000,0.000000,0.000000
47.200000,0.000000,0.000000,0.000000,0.000000,0.000000,0.000000
47.240000,0.000000,0.000000,0.000000,0.000000,0.000000,0.000000
47.260000,0.000000,0.000000,0.000000,0.000000,0.000000,0.000000
47.280000,0.000000,0.000000,0.000000,0.000000,0.000000,0.000000
47.300000,0.000000,0.000000,0.000000,0.000000,0.000000,0.000000
47.330000,0.000000,0.000000,0.000000,0.000000,0.000000,0.000000
47.350000,0.000000,0.000000,0.000000,0.000000,0.000000,0.000000
47.370000,0.000000,0.000000,0.000000,0.000000,0.000000,0.000000
47.400000,0.000000,0.000000,0.000000,0.000000,0.000000,0.000000
47.420000,0.000000,0.000000,0.000000,0.000000,0.000000,0.000000
47.450000,0.000000,0.000000,0.000000,0.000000,0.000000,0.000000
47.470000,0.000000,0.000000,0.000000,0.000000,0.000000,0.000000
47.490000,0.000000,0.000000,0.000000,0.000000,0.000000,0.000000
47.520000,0.000000,0.000000,0.000000,0.000000,0.000000,0.000000
47.540000,0.000000,0.000000,0.000000,0.000000,0.000000,0.000000
47.560000,0.000000,0.000000,0.000000,0.000000,0.000000,0.000000
47.590000,0.000000,0.000000,0.000000,0.000000,0.000000,0.000000
47.610000,0.000000,0.000000,0.000000,0.000000,0.000000,0.000000
47.630000,0.000000,0.000000,0.000000,0.000000,0.000000,0.000000
47.660000,0.000000,0.000000,0.000000,0.000000,0.000000,0.000000
47.680000,0.000000,0.000000,0.000000,0.000000,0.000000,0.000000
47.710000,0.000000,0.000000,0.000000,0.000000,0.000000,0.000000
47.730000,0.000000,0.000000,0.000000,0.000000,0.000000,0.000000
47.750000,0.000000,0.000000,0.000000,0.000000,0.000000,0.000000
47.780000,0.000000,0.000000,0.000000,0.000000,0.000000,0.000000
47.800000,0.000000,0.000000,0.000000,0.000000,0.000000,0.000000
47.820000,0.000000,0.000000,0.000000,0.000000,0.000000,0.000000
47.850000,0.000000,0.000000,0.000000,0.000000,0.000000,0.000000
47.870000,0.000000,0.000000,0.000000,0.000000,0.000000,0.000000
47.890000,0.000000,0.000000,0.000000,0.000000,0.000000,0.000000
47.910000,0.000000,0.000000,0.000000,0.000000,0.000000,0.000000
47.930000,0.000000,0.000000,0.000000,0.000000,0.000000,0.000000
47.960000,0.000000,0.000000,0.000000,0.000000,0.000000,0.000000
47.980000,0.000000,0.000000,0.000000,0.000000,0.000000,0.000000
48.000000,0.000000,0.000000,0.000000,0.000000,0.000000,0.000000
48.030000,0.000000,0.000000,0.000000,0.000000,0.000000,0.000000
48.050000,0.000000,0.000000,0.000000,0.000000,0.000000,0.000000
48.080000,0.000000,0.000000,0.000000,0.000000,0.000000,0.000000
48.100000,0.000000,0.000000,0.000000,0.000000,0.000000,0.000000
48.120000,0.000000,0.000000,0.000000,0.000000,0.000000,0.000000
48.150000,0.000000,0.000000,0.000000,0.000000,0.000000,0.000000
48.170000,0.000000,0.000000,0.000000,0.000000,0.000000,0.000000
48.190000,0.000000,0.000000,0.000000,0.000000,0.000000,0.000000
48.220000,0.000000,0.000000,0.000000,0.000000,0.000000,0.000000
48.240000,0.000000,0.000000,0.000000,0.000000,0.000000,0.000000
48.260000,0.000000,0.000000,0.000000,0.000000,0.000000,0.000000
48.290000,0.000000,0.000000,0.000000,0.000000,0.000000,0.000000
48.310000,0.000000,0.000000,0.000000,0.000000,0.000000,0.000000
48.340000,0.000000,0.000000,0.000000,0.000000,0.000000,0.000000
48.360000,0.000000,0.000000,0.000000,0.000000,0.000000,0.000000
48.380000,0.000000,0.000000,0.000000,0.000000,0.000000,0.000000
48.410000,0.000000,0.000000,0.000000,0.000000,0.000000,0.000000
48.430000,0.000000,0.000000,0.000000,0.000000,0.000000,0.000000
48.460000,0.000000,0.000000,0.000000,0.000000,0.000000,0.000000
48.480000,0.000000,0.000000,0.000000,0.000000,0.000000,0.000000
48.500000,0.000000,0.000000,0.000000,0.000000,0.000000,0.000000
48.530000,0.000000,0.000000,0.000000,0.000000,0.000000,0.000000
48.550000,0.000000,0.000000,0.000000,0.000000,0.000000,0.000000
48.570000,0.000000,0.000000,0.000000,0.000000,0.000000,0.000000
48.590000,0.000000,0.000000,0.000000,0.000000,0.000000,0.000000
48.620000,0.000000,0.000000,0.000000,0.000000,0.000000,0.000000
48.640000,0.000000,0.000000,0.000000,0.000000,0.000000,0.000000
48.660000,0.000000,0.000000,0.000000,0.000000,0.000000,0.000000
48.690000,0.000000,0.000000,0.000000,0.000000,0.000000,0.000000
48.710000,0.000000,0.000000,0.000000,0.000000,0.000000,0.000000
48.730000,0.000000,0.000000,0.000000,0.000000,0.000000,0.000000
48.760000,0.000000,0.000000,0.000000,0.000000,0.000000,0.000000
48.780000,0.000000,0.000000,0.000000,0.000000,0.000000,0.000000
48.800000,0.000000,0.000000,0.000000,0.000000,0.000000,0.000000
48.830000,0.000000,0.000000,0.000000,0.000000,0.000000,0.000000
48.850000,0.000000,0.000000,0.000000,0.000000,0.000000,0.000000
48.870000,0.000000,0.000000,0.000000,0.000000,0.000000,0.000000
48.900000,0.000000,0.000000,0.000000,0.000000,0.000000,0.000000
48.920000,0.000000,0.000000,0.000000,0.000000,0.000000,0.000000
48.950000,0.000000,0.000000,0.000000,0.000000,0.000000,0.000000
48.970000,0.000000,0.000000,0.000000,0.000000,0.000000,0.000000
48.990000,0.000000,0.000000,0.000000,0.000000,0.000000,0.000000
49.010000,0.000000,0.000000,0.000000,0.000000,0.000000,0.000000
49.040000,0.000000,0.000000,0.000000,0.000000,0.000000,0.000000
49.060000,0.000000,0.000000,0.000000,0.000000,0.000000,0.000000
49.080000,0.000000,0.000000,0.000000,0.000000,0.000000,0.000000
49.100000,0.000000,0.000000,0.000000,0.000000,0.000000,0.000000
49.130000,0.000000,0.000000,0.000000,0.000000,0.000000,0.000000
49.150000,0.000000,0.000000,0.000000,0.000000,0.000000,0.000000
49.170000,0.000000,0.000000,0.000000,0.000000,0.000000,0.000000
49.200000,0.000000,0.000000,0.000000,0.000000,0.000000,0.000000
49.220000,0.000000,0.000000,0.000000,0.000000,0.000000,0.000000
49.250000,0.000000,0.000000,0.000000,0.000000,0.000000,0.000000
49.270000,0.000000,0.000000,0.000000,0.000000,0.000000,0.000000
49.290000,0.000000,0.000000,0.000000,0.000000,0.000000,0.000000
49.320000,0.000000,0.000000,0.000000,0.000000,0.000000,0.000000
49.340000,0.000000,0.000000,0.000000,0.000000,0.000000,0.000000
49.360000,0.000000,0.000000,0.000000,0.000000,0.000000,0.000000
49.390000,0.000000,0.000000,0.000000,0.000000,0.000000,0.000000
49.410000,0.000000,0.000000,0.000000,0.000000,0.000000,0.000000
49.430000,0.000000,0.000000,0.000000,0.000000,0.000000,0.000000
49.460000,0.000000,0.000000,0.000000,0.000000,0.000000,0.000000
49.480000,0.000000,0.000000,0.000000,0.000000,0.000000,0.000000
49.500000,0.000000,0.000000,0.000000,0.000000,0.000000,0.000000
49.530000,0.000000,0.000000,0.000000,0.000000,0.000000,0.000000
49.550000,0.000000,0.000000,0.000000,0.000000,0.000000,0.000000
49.580000,0.000000,0.000000,0.000000,0.000000,0.000000,0.000000
49.600000,0.000000,0.000000,0.000000,0.000000,0.000000,0.000000
49.620000,0.000000,0.000000,0.000000,0.000000,0.000000,0.000000
49.640000,0.000000,0.000000,0.000000,0.000000,0.000000,0.000000
49.670000,0.000000,0.000000,0.000000,0.000000,0.000000,0.000000
49.690000,0.000000,0.000000,0.000000,0.000000,0.000000,0.000000
49.710000,0.000000,0.000000,0.000000,0.000000,0.000000,0.000000
49.740000,0.000000,0.000000,0.000000,0.000000,0.000000,0.000000
49.760000,0.000000,0.000000,0.000000,0.000000,0.000000,0.000000
49.790000,0.000000,0.000000,0.000000,0.000000,0.000000,0.000000
49.810000,0.000000,0.000000,0.000000,0.000000,0.000000,0.000000
49.840000,0.000000,0.000000,0.000000,0.000000,0.000000,0.000000
49.860000,0.000000,0.000000,0.000000,0.000000,0.000000,0.000000
49.880000,0.000000,0.000000,0.000000,0.000000,0.000000,0.000000
49.900000,0.000000,0.000000,0.000000,0.000000,0.000000,0.000000
49.930000,0.000000,0.000000,0.000000,0.000000,0.000000,0.000000
49.950000,0.000000,0.000000,0.000000,0.000000,0.000000,0.000000
49.970000,0.000000,0.000000,0.000000,0.000000,0.000000,0.000000
50.000000,0.000000,0.000000,0.000000,0.000000,0.000000,0.000000
50.020000,0.000000,0.000000,0.000000,0.000000,0.000000,0.000000
50.050000,0.000000,0.000000,0.000000,0.000000,0.000000,0.000000
50.070000,0.000000,0.000000,0.000000,0.000000,0.000000,0.000000
50.090000,0.000000,0.000000,0.000000,0.000000,0.000000,0.000000
50.120000,0.000000,0.000000,0.000000,0.000000,0.000000,0.000000
50.140000,0.000000,0.000000,0.000000,0.000000,0.000000,0.000000
50.160000,0.000000,0.000000,0.000000,0.000000,0.000000,0.000000
50.190000,0.000000,0.000000,0.000000,0.000000,0.000000,0.000000
50.210000,0.000000,0.000000,0.000000,0.000000,0.000000,0.000000
50.230000,0.000000,0.000000,0.000000,0.000000,0.000000,0.000000
50.250000,0.000000,0.000000,0.000000,0.000000,0.000000,0.000000
50.280000,0.000000,0.000000,0.000000,0.000000,0.000000,0.000000
50.300000,0.000000,0.000000,0.000000,0.000000,0.000000,0.000000
50.320000,0.000000,0.000000,0.000000,0.000000,0.000000,0.000000
50.340000,0.000000,0.000000,0.000000,0.000000,0.000000,0.000000
50.370000,0.000000,0.000000,0.000000,0.000000,0.000000,0.000000
50.390000,0.000000,0.000000,0.000000,0.000000,0.000000,0.000000
50.410000,0.000000,0.000000,0.000000,0.000000,0.000000,0.000000
50.440000,0.000000,0.000000,0.000000,0.000000,0.000000,0.000000
50.460000,0.000000,0.000000,0.000000,0.000000,0.000000,0.000000
50.490000,0.000000,0.000000,0.000000,0.000000,0.000000,0.000000
50.510000,0.000000,0.000000,0.000000,0.000000,0.000000,0.000000
50.530000,0.000000,0.000000,0.000000,0.000000,0.000000,0.000000
50.560000,0.000000,0.000000,0.000000,0.000000,0.000000,0.000000
50.580000,0.000000,0.000000,0.000000,0.000000,0.000000,0.000000
50.610000,0.000000,0.000000,0.000000,0.000000,0.000000,0.000000
50.630000,0.000000,0.000000,0.000000,0.000000,0.000000,0.000000
50.660000,0.000000,0.000000,0.000000,0.000000,0.000000,0.000000
50.680000,0.000000,0.000000,0.000000,0.000000,0.000000,0.000000
50.710000,0.000000,0.000000,0.000000,0.000000,0.000000,0.000000
50.730000,0.000000,0.000000,0.000000,0.000000,0.000000,0.000000
50.750000,0.000000,0.000000,0.000000,0.000000,0.000000,0.000000
50.780000,0.000000,0.000000,0.000000,0.000000,0.000000,0.000000
50.800000,0.000000,0.000000,0.000000,0.000000,0.000000,0.000000
50.830000,0.000000,0.000000,0.000000,0.000000,0.000000,0.000000
50.850000,0.000000,0.000000,0.000000,0.000000,0.000000,0.000000
50.880000,0.000000,0.000000,0.000000,0.000000,0.000000,0.000000
50.900000,0.000000,0.000000,0.000000,0.000000,0.000000,0.000000
50.920000,0.000000,0.000000,0.000000,0.000000,0.000000,0.000000
50.950000,0.000000,0.000000,0.000000,0.000000,0.000000,0.000000
50.970000,0.000000,0.000000,0.000000,0.000000,0.000000,0.000000
50.990000,0.000000,0.000000,0.000000,0.000000,0.000000,0.000000
51.020000,0.000000,0.000000,0.000000,0.000000,0.000000,0.000000
51.040000,0.000000,0.000000,0.000000,0.000000,0.000000,0.000000
51.070000,0.000000,0.000000,0.000000,0.000000,0.000000,0.000000
51.090000,0.000000,0.000000,0.000000,0.000000,0.000000,0.000000
51.110000,0.000000,0.000000,0.000000,0.000000,0.000000,0.000000
51.140000,0.000000,0.000000,0.000000,0.000000,0.000000,0.000000
51.160000,0.000000,0.000000,0.000000,0.000000,0.000000,0.000000
51.180000,0.000000,0.000000,0.000000,0.000000,0.000000,0.000000
51.210000,0.000000,0.000000,0.000000,0.000000,0.000000,0.000000
51.230000,0.000000,0.000000,0.000000,0.000000,0.000000,0.000000
51.250000,0.000000,0.000000,0.000000,0.000000,0.000000,0.000000
51.280000,0.000000,0.000000,0.000000,0.000000,0.000000,0.000000
51.300000,0.000000,0.000000,0.000000,0.000000,0.000000,0.000000
51.320000,0.000000,0.000000,0.000000,0.000000,0.000000,0.000000
51.340000,0.000000,0.000000,0.000000,0.000000,0.000000,0.000000
51.370000,0.000000,0.000000,0.000000,0.000000,0.000000,0.000000
51.390000,0.000000,0.000000,0.000000,0.000000,0.000000,0.000000
51.410000,0.000000,0.000000,0.000000,0.000000,0.000000,0.000000
51.440000,0.000000,0.000000,0.000000,0.000000,0.000000,0.000000
51.460000,0.000000,0.000000,0.000000,0.000000,0.000000,0.000000
51.480000,0.000000,0.000000,0.000000,0.000000,0.000000,0.000000
51.510000,0.000000,0.000000,0.000000,0.000000,0.000000,0.000000
51.530000,0.000000,0.000000,0.000000,0.000000,0.000000,0.000000
51.550000,0.000000,0.000000,0.000000,0.000000,0.000000,0.000000
51.580000,0.000000,0.000000,0.000000,0.000000,0.000000,0.000000
51.600000,0.000000,0.000000,0.000000,0.000000,0.000000,0.000000
51.620000,0.000000,0.000000,0.000000,0.000000,0.000000,0.000000
51.640000,0.000000,0.000000,0.000000,0.000000,0.000000,0.000000
51.670000,0.000000,0.000000,0.000000,0.000000,0.000000,0.000000
51.690000,0.000000,0.000000,0.000000,0.000000,0.000000,0.000000
51.720000,0.000000,0.000000,0.000000,0.000000,0.000000,0.000000
51.740000,0.000000,0.000000,0.000000,0.000000,0.000000,0.000000
51.760000,0.000000,0.000000,0.000000,0.000000,0.000000,0.000000
51.790000,0.000000,0.000000,0.000000,0.000000,0.000000,0.000000
51.810000,0.000000,0.000000,0.000000,0.000000,0.000000,0.000000
51.830000,0.000000,0.000000,0.000000,0.000000,0.000000,0.000000
51.860000,0.000000,0.000000,0.000000,0.000000,0.000000,0.000000
51.880000,0.000000,0.000000,0.000000,0.000000,0.000000,0.000000
51.910000,0.000000,0.000000,0.000000,0.000000,0.000000,0.000000
51.930000,0.000000,0.000000,0.000000,0.000000,0.000000,0.000000
51.960000,0.000000,0.000000,0.000000,0.000000,0.000000,0.000000
51.980000,0.000000,0.000000,0.000000,0.000000,0.000000,0.000000
52.000000,0.000000,0.000000,0.000000,0.000000,0.000000,0.000000
52.030000,0.000000,0.000000,0.000000,0.000000,0.000000,0.000000
52.050000,0.000000,0.000000,0.000000,0.000000,0.000000,0.000000
52.070000,0.000000,0.000000,0.000000,0.000000,0.000000,0.000000
52.100000,0.000000,0.000000,0.000000,0.000000,0.000000,0.000000
52.120000,0.000000,0.000000,0.000000,0.000000,0.000000,0.000000
52.150000,0.000000,0.000000,0.000000,0.000000,0.000000,0.000000
52.170000,0.000000,0.000000,0.000000,0.000000,0.000000,0.000000
52.190000,0.000000,0.000000,0.000000,0.000000,0.000000,0.000000
52.220000,0.000000,0.000000,0.000000,0.000000,0.000000,0.000000
52.240000,0.000000,0.000000,0.000000,0.000000,0.000000,0.000000
52.270000,0.000000,0.000000,0.000000,0.000000,0.000000,0.000000
52.290000,0.000000,0.000000,0.000000,0.000000,0.000000,0.000000
52.310000,0.000000,0.000000,0.000000,0.000000,0.000000,0.000000
52.340000,0.000000,0.000000,0.000000,0.000000,0.000000,0.000000
52.360000,0.000000,0.000000,0.000000,0.000000,0.000000,0.000000
52.380000,0.000000,0.000000,0.000000,0.000000,0.000000,0.000000
52.400000,0.000000,0.000000,0.000000,0.000000,0.000000,0.000000
52.430000,0.000000,0.000000,0.000000,0.000000,0.000000,0.000000
52.450000,0.000000,0.000000,0.000000,0.000000,0.000000,0.000000
52.470000,0.000000,0.000000,0.000000,0.000000,0.000000,0.000000
52.500000,0.000000,0.000000,0.000000,0.000000,0.000000,0.000000
52.520000,0.000000,0.000000,0.000000,0.000000,0.000000,0.000000
52.540000,0.000000,0.000000,0.000000,0.000000,0.000000,0.000000
52.570000,0.000000,0.000000,0.000000,0.000000,0.000000,0.000000
52.590000,0.000000,0.000000,0.000000,0.000000,0.000000,0.000000
52.620000,0.000000,0.000000,0.000000,0.000000,0.000000,0.000000
52.640000,0.000000,0.000000,0.000000,0.000000,0.000000,0.000000
52.660000,0.000000,0.000000,0.000000,0.000000,0.000000,0.000000
52.690000,0.000000,0.000000,0.000000,0.000000,0.000000,0.000000
52.710000,0.000000,0.000000,0.000000,0.000000,0.000000,0.000000
52.730000,0.000000,0.000000,0.000000,0.000000,0.000000,0.000000
52.760000,0.000000,0.000000,0.000000,0.000000,0.000000,0.000000
52.780000,0.000000,0.000000,0.000000,0.000000,0.000000,0.000000
52.810000,0.000000,0.000000,0.000000,0.000000,0.000000,0.000000
52.830000,0.000000,0.000000,0.000000,0.000000,0.000000,0.000000
52.860000,0.000000,0.000000,0.000000,0.000000,0.000000,0.000000
52.880000,0.000000,0.000000,0.000000,0.000000,0.000000,0.000000
52.910000,0.000000,0.000000,0.000000,0.000000,0.000000,0.000000
52.930000,0.000000,0.000000,0.000000,0.000000,0.000000,0.000000
52.950000,0.000000,0.000000,0.000000,0.000000,0.000000,0.000000
52.980000,0.000000,0.000000,0.000000,0.000000,0.000000,0.000000
53.000000,0.000000,0.000000,0.000000,0.000000,0.000000,0.000000
53.020000,0.000000,0.000000,0.000000,0.000000,0.000000,0.000000
53.050000,0.000000,0.000000,0.000000,0.000000,0.000000,0.000000
53.070000,0.000000,0.000000,0.000000,0.000000,0.000000,0.000000
53.100000,0.000000,0.000000,0.000000,0.000000,0.000000,0.000000
53.120000,0.000000,0.000000,0.000000,0.000000,0.000000,0.000000
53.140000,0.000000,0.000000,0.000000,0.000000,0.000000,0.000000
53.170000,0.000000,0.000000,0.000000,0.000000,0.000000,0.000000
53.190000,0.000000,0.000000,0.000000,0.000000,0.000000,0.000000
53.220000,0.000000,0.000000,0.000000,0.000000,0.000000,0.000000
53.240000,0.000000,0.000000,0.000000,0.000000,0.000000,0.000000
53.260000,0.000000,0.000000,0.000000,0.000000,0.000000,0.000000
53.280000,0.000000,0.000000,0.000000,0.000000,0.000000,0.000000
53.310000,0.000000,0.000000,0.000000,0.000000,0.000000,0.000000
53.330000,0.000000,0.000000,0.000000,0.000000,0.000000,0.000000
53.350000,0.000000,0.000000,0.000000,0.000000,0.000000,0.000000
53.380000,0.000000,0.000000,0.000000,0.000000,0.000000,0.000000
53.400000,0.000000,0.000000,0.000000,0.000000,0.000000,0.000000
53.420000,0.000000,0.000000,0.000000,0.000000,0.000000,0.000000
53.440000,0.000000,0.000000,0.000000,0.000000,0.000000,0.000000
53.460000,0.000000,0.000000,0.000000,0.000000,0.000000,0.000000
53.490000,0.000000,0.000000,0.000000,0.000000,0.000000,0.000000
53.510000,0.000000,0.000000,0.000000,0.000000,0.000000,0.000000
53.540000,0.000000,0.000000,0.000000,0.000000,0.000000,0.000000
53.560000,0.000000,0.000000,0.000000,0.000000,0.000000,0.000000
53.580000,0.000000,0.000000,0.000000,0.000000,0.000000,0.000000
53.600000,0.000000,0.000000,0.000000,0.000000,0.000000,0.000000
53.620000,0.000000,0.000000,0.000000,0.000000,0.000000,0.000000
53.650000,0.000000,0.000000,0.000000,0.000000,0.000000,0.000000
53.670000,0.000000,0.000000,0.000000,0.000000,0.000000,0.000000
53.690000,0.000000,0.000000,0.000000,0.000000,0.000000,0.000000
53.710000,0.000000,0.000000,0.000000,0.000000,0.000000,0.000000
53.730000,0.000000,0.000000,0.000000,0.000000,0.000000,0.000000
53.760000,0.000000,0.000000,0.000000,0.000000,0.000000,0.000000
53.780000,0.000000,0.000000,0.000000,0.000000,0.000000,0.000000
53.800000,0.000000,0.000000,0.000000,0.000000,0.000000,0.000000
53.820000,0.000000,0.000000,0.000000,0.000000,0.000000,0.000000
53.850000,0.000000,0.000000,0.000000,0.000000,0.000000,0.000000
53.870000,0.000000,0.000000,0.000000,0.000000,0.000000,0.000000
53.890000,0.000000,0.000000,0.000000,0.000000,0.000000,0.000000
53.920000,0.000000,0.000000,0.000000,0.000000,0.000000,0.000000
53.940000,0.000000,0.000000,0.000000,0.000000,0.000000,0.000000
53.970000,0.000000,0.000000,0.000000,0.000000,0.000000,0.000000
54.000000,0.000000,0.000000,0.000000,0.000000,0.000000,0.000000
54.020000,0.000000,0.000000,0.000000,0.000000,0.000000,0.000000
54.050000,0.000000,0.000000,0.000000,0.000000,0.000000,0.000000
54.070000,0.000000,0.000000,0.000000,0.000000,0.000000,0.000000
54.090000,0.000000,0.000000,0.000000,0.000000,0.000000,0.000000
54.120000,0.000000,0.000000,0.000000,0.000000,0.000000,0.000000
54.140000,0.000000,0.000000,0.000000,0.000000,0.000000,0.000000
54.160000,0.000000,0.000000,0.000000,0.000000,0.000000,0.000000
54.190000,0.000000,0.000000,0.000000,0.000000,0.000000,0.000000
54.210000,0.000000,0.000000,0.000000,0.000000,0.000000,0.000000
54.230000,0.000000,0.000000,0.000000,0.000000,0.000000,0.000000
54.260000,0.000000,0.000000,0.000000,0.000000,0.000000,0.000000
54.280000,0.000000,0.000000,0.000000,0.000000,0.000000,0.000000
54.300000,0.000000,0.000000,0.000000,0.000000,0.000000,0.000000
54.330000,0.000000,0.000000,0.000000,0.000000,0.000000,0.000000
54.350000,0.000000,0.000000,0.000000,0.000000,0.000000,0.000000
54.370000,0.000000,0.000000,0.000000,0.000000,0.000000,0.000000
54.400000,0.000000,0.000000,0.000000,0.000000,0.000000,0.000000
54.420000,0.000000,0.000000,0.000000,0.000000,0.000000,0.000000
54.450000,0.000000,0.000000,0.000000,0.000000,0.000000,0.000000
54.470000,0.000000,0.000000,0.000000,0.000000,0.000000,0.000000
54.500000,0.000000,0.000000,0.000000,0.000000,0.000000,0.000000
54.520000,0.000000,0.000000,0.000000,0.000000,0.000000,0.000000
54.540000,0.000000,0.000000,0.000000,0.000000,0.000000,0.000000
54.570000,0.000000,0.000000,0.000000,0.000000,0.000000,0.000000
54.590000,0.000000,0.000000,0.000000,0.000000,0.000000,0.000000
54.610000,0.000000,0.000000,0.000000,0.000000,0.000000,0.000000
54.630000,0.000000,0.000000,0.000000,0.000000,0.000000,0.000000
54.650000,0.000000,0.000000,0.000000,0.000000,0.000000,0.000000
54.690000,0.000000,0.000000,0.000000,0.000000,0.000000,0.000000
54.710000,0.000000,0.000000,0.000000,0.000000,0.000000,0.000000
54.740000,0.000000,0.000000,0.000000,0.000000,0.000000,0.000000
54.760000,0.000000,0.000000,0.000000,0.000000,0.000000,0.000000
54.780000,0.000000,0.000000,0.000000,0.000000,0.000000,0.000000
54.810000,0.000000,0.000000,0.000000,0.000000,0.000000,0.000000
54.830000,0.000000,0.000000,0.000000,0.000000,0.000000,0.000000
54.850000,0.000000,0.000000,0.000000,0.000000,0.000000,0.000000
54.870000,0.000000,0.000000,0.000000,0.000000,0.000000,0.000000
54.900000,0.000000,0.000000,0.000000,0.000000,0.000000,0.000000
54.920000,0.000000,0.000000,0.000000,0.000000,0.000000,0.000000
54.950000,0.000000,0.000000,0.000000,0.000000,0.000000,0.000000
54.970000,0.000000,0.000000,0.000000,0.000000,0.000000,0.000000
54.990000,0.000000,0.000000,0.000000,0.000000,0.000000,0.000000
55.020000,0.000000,0.000000,0.000000,0.000000,0.000000,0.000000
55.040000,0.000000,0.000000,0.000000,0.000000,0.000000,0.000000
55.070000,0.000000,0.000000,0.000000,0.000000,0.000000,0.000000
55.090000,0.000000,0.000000,0.000000,0.000000,0.000000,0.000000
55.110000,0.000000,0.000000,0.000000,0.000000,0.000000,0.000000
55.140000,0.000000,0.000000,0.000000,0.000000,0.000000,0.000000
55.160000,0.000000,0.000000,0.000000,0.000000,0.000000,0.000000
55.180000,0.000000,0.000000,0.000000,0.000000,0.000000,0.000000
55.210000,0.000000,0.000000,0.000000,0.000000,0.000000,0.000000
55.230000,0.000000,0.000000,0.000000,0.000000,0.000000,0.000000
55.260000,0.000000,0.000000,0.000000,0.000000,0.000000,0.000000
55.280000,0.000000,0.000000,0.000000,0.000000,0.000000,0.000000
55.300000,0.000000,0.000000,0.000000,0.000000,0.000000,0.000000
55.320000,0.000000,0.000000,0.000000,0.000000,0.000000,0.000000
55.350000,0.000000,0.000000,0.000000,0.000000,0.000000,0.000000
55.370000,0.000000,0.000000,0.000000,0.000000,0.000000,0.000000
55.400000,0.000000,0.000000,0.000000,0.000000,0.000000,0.000000
55.420000,0.000000,0.000000,0.000000,0.000000,0.000000,0.000000
55.450000,0.000000,0.000000,0.000000,0.000000,0.000000,0.000000
55.470000,0.000000,0.000000,0.000000,0.000000,0.000000,0.000000
55.500000,0.000000,0.000000,0.000000,0.000000,0.000000,0.000000
55.520000,0.000000,0.000000,0.000000,0.000000,0.000000,0.000000
55.540000,0.000000,0.000000,0.000000,0.000000,0.000000,0.000000
55.570000,0.000000,0.000000,0.000000,0.000000,0.000000,0.000000
55.590000,0.000000,0.000000,0.000000,0.000000,0.000000,0.000000
55.610000,0.000000,0.000000,0.000000,0.000000,0.000000,0.000000
55.640000,0.000000,0.000000,0.000000,0.000000,0.000000,0.000000
55.660000,0.000000,0.000000,0.000000,0.000000,0.000000,0.000000
55.680000,0.000000,0.000000,0.000000,0.000000,0.000000,0.000000
55.710000,0.000000,0.000000,0.000000,0.000000,0.000000,0.000000
55.730000,0.000000,0.000000,0.000000,0.000000,0.000000,0.000000
55.760000,0.000000,0.000000,0.000000,0.000000,0.000000,0.000000
55.780000,0.000000,0.000000,0.000000,0.000000,0.000000,0.000000
55.800000,0.000000,0.000000,0.000000,0.000000,0.000000,0.000000
55.830000,0.000000,0.000000,0.000000,0.000000,0.000000,0.000000
55.850000,0.000000,0.000000,0.000000,0.000000,0.000000,0.000000
55.880000,0.000000,0.000000,0.000000,0.000000,0.000000,0.000000
55.900000,0.000000,0.000000,0.000000,0.000000,0.000000,0.000000
55.920000,0.000000,0.000000,0.000000,0.000000,0.000000,0.000000
55.950000,0.000000,0.000000,0.000000,0.000000,0.000000,0.000000
55.970000,0.000000,0.000000,0.000000,0.000000,0.000000,0.000000
56.000000,0.000000,0.000000,0.000000,0.000000,0.000000,0.000000
56.020000,0.000000,0.000000,0.000000,0.000000,0.000000,0.000000
56.040000,0.000000,0.000000,0.000000,0.000000,0.000000,0.000000
56.070000,0.000000,0.000000,0.000000,0.000000,0.000000,0.000000
56.090000,0.000000,0.000000,0.000000,0.000000,0.000000,0.000000
56.110000,0.000000,0.000000,0.000000,0.000000,0.000000,0.000000
56.140000,0.000000,0.000000,0.000000,0.000000,0.000000,0.000000
56.160000,0.000000,0.000000,0.000000,0.000000,0.000000,0.000000
56.180000,0.000000,0.000000,0.000000,0.000000,0.000000,0.000000
56.210000,0.000000,0.000000,0.000000,0.000000,0.000000,0.000000
56.230000,0.000000,0.000000,0.000000,0.000000,0.000000,0.000000
56.260000,0.000000,0.000000,0.000000,0.000000,0.000000,0.000000
56.280000,0.000000,0.000000,0.000000,0.000000,0.000000,0.000000
56.300000,0.000000,0.000000,0.000000,0.000000,0.000000,0.000000
56.320000,0.000000,0.000000,0.000000,0.000000,0.000000,0.000000
56.350000,0.000000,0.000000,0.000000,0.000000,0.000000,0.000000
56.370000,0.000000,0.000000,0.000000,0.000000,0.000000,0.000000
56.390000,0.000000,0.000000,0.000000,0.000000,0.000000,0.000000
56.420000,0.000000,0.000000,0.000000,0.000000,0.000000,0.000000
56.440000,0.000000,0.000000,0.000000,0.000000,0.000000,0.000000
56.470000,0.000000,0.000000,0.000000,0.000000,0.000000,0.000000
56.490000,0.000000,0.000000,0.000000,0.000000,0.000000,0.000000
56.520000,0.000000,0.000000,0.000000,0.000000,0.000000,0.000000
56.540000,0.000000,0.000000,0.000000,0.000000,0.000000,0.000000
56.570000,0.000000,0.000000,0.000000,0.000000,0.000000,0.000000
56.590000,0.000000,0.000000,0.000000,0.000000,0.000000,0.000000
56.610000,0.000000,0.000000,0.000000,0.000000,0.000000,0.000000
56.640000,0.000000,0.000000,0.000000,0.000000,0.000000,0.000000
56.660000,0.000000,0.000000,0.000000,0.000000,0.000000,0.000000
56.690000,0.000000,0.000000,0.000000,0.000000,0.000000,0.000000
56.710000,0.000000,0.000000,0.000000,0.000000,0.000000,0.000000
56.730000,0.000000,0.000000,0.000000,0.000000,0.000000,0.000000
56.760000,0.000000,0.000000,0.000000,0.000000,0.000000,0.000000
56.780000,0.000000,0.000000,0.000000,0.000000,0.000000,0.000000
56.800000,0.000000,0.000000,0.000000,0.000000,0.000000,0.000000
56.820000,0.000000,0.000000,0.000000,0.000000,0.000000,0.000000
56.850000,0.000000,0.000000,0.000000,0.000000,0.000000,0.000000
56.870000,0.000000,0.000000,0.000000,0.000000,0.000000,0.000000
56.900000,0.000000,0.000000,0.000000,0.000000,0.000000,0.000000
56.920000,0.000000,0.000000,0.000000,0.000000,0.000000,0.000000
56.940000,0.000000,0.000000,0.000000,0.000000,0.000000,0.000000
56.980000,0.000000,0.000000,0.000000,0.000000,0.000000,0.000000
57.000000,0.000000,0.000000,0.000000,0.000000,0.000000,0.000000
57.030000,0.000000,0.000000,0.000000,0.000000,0.000000,0.000000
57.050000,0.000000,0.000000,0.000000,0.000000,0.000000,0.000000
57.070000,0.000000,0.000000,0.000000,0.000000,0.000000,0.000000
57.100000,0.000000,0.000000,0.000000,0.000000,0.000000,0.000000
57.120000,0.000000,0.000000,0.000000,0.000000,0.000000,0.000000
57.140000,0.000000,0.000000,0.000000,0.000000,0.000000,0.000000
57.170000,0.000000,0.000000,0.000000,0.000000,0.000000,0.000000
57.190000,0.000000,0.000000,0.000000,0.000000,0.000000,0.000000
57.220000,0.000000,0.000000,0.000000,0.000000,0.000000,0.000000
57.240000,0.000000,0.000000,0.000000,0.000000,0.000000,0.000000
57.260000,0.000000,0.000000,0.000000,0.000000,0.000000,0.000000
57.290000,0.000000,0.000000,0.000000,0.000000,0.000000,0.000000
57.310000,0.000000,0.000000,0.000000,0.000000,0.000000,0.000000
57.340000,0.000000,0.000000,0.000000,0.000000,0.000000,0.000000
57.360000,0.000000,0.000000,0.000000,0.000000,0.000000,0.000000
57.380000,0.000000,0.000000,0.000000,0.000000,0.000000,0.000000
57.410000,0.000000,0.000000,0.000000,0.000000,0.000000,0.000000
57.430000,0.000000,0.000000,0.000000,0.000000,0.000000,0.000000
57.460000,0.000000,0.000000,0.000000,0.000000,0.000000,0.000000
57.480000,0.000000,0.000000,0.000000,0.000000,0.000000,0.000000
57.500000,0.000000,0.000000,0.000000,0.000000,0.000000,0.000000
57.530000,0.000000,0.000000,0.000000,0.000000,0.000000,0.000000
57.550000,0.000000,0.000000,0.000000,0.000000,0.000000,0.000000
57.580000,0.000000,0.000000,0.000000,0.000000,0.000000,0.000000
57.600000,0.000000,0.000000,0.000000,0.000000,0.000000,0.000000
57.620000,0.000000,0.000000,0.000000,0.000000,0.000000,0.000000
57.640000,0.000000,0.000000,0.000000,0.000000,0.000000,0.000000
57.660000,0.000000,0.000000,0.000000,0.000000,0.000000,0.000000
57.690000,0.000000,0.000000,0.000000,0.000000,0.000000,0.000000
57.710000,0.000000,0.000000,0.000000,0.000000,0.000000,0.000000
57.730000,0.000000,0.000000,0.000000,0.000000,0.000000,0.000000
57.760000,0.000000,0.000000,0.000000,0.000000,0.000000,0.000000
57.780000,0.000000,0.000000,0.000000,0.000000,0.000000,0.000000
57.810000,0.000000,0.000000,0.000000,0.000000,0.000000,0.000000
57.840000,0.000000,0.000000,0.000000,0.000000,0.000000,0.000000
57.860000,0.000000,0.000000,0.000000,0.000000,0.000000,0.000000
57.890000,0.000000,0.000000,0.000000,0.000000,0.000000,0.000000
57.920000,0.000000,0.000000,0.000000,0.000000,0.000000,0.000000
57.940000,0.000000,0.000000,0.000000,0.000000,0.000000,0.000000
57.960000,0.000000,0.000000,0.000000,0.000000,0.000000,0.000000
57.990000,0.000000,0.000000,0.000000,0.000000,0.000000,0.000000
58.010000,0.000000,0.000000,0.000000,0.000000,0.000000,0.000000
58.040000,0.000000,0.000000,0.000000,0.000000,0.000000,0.000000
58.060000,0.000000,0.000000,0.000000,0.000000,0.000000,0.000000
58.080000,0.000000,0.000000,0.000000,0.000000,0.000000,0.000000
58.100000,0.000000,0.000000,0.000000,0.000000,0.000000,0.000000
58.130000,0.000000,0.000000,0.000000,0.000000,0.000000,0.000000
58.150000,0.000000,0.000000,0.000000,0.000000,0.000000,0.000000
58.180000,0.000000,0.000000,0.000000,0.000000,0.000000,0.000000
58.200000,0.000000,0.000000,0.000000,0.000000,0.000000,0.000000
58.220000,0.000000,0.000000,0.000000,0.000000,0.000000,0.000000
58.240000,0.000000,0.000000,0.000000,0.000000,0.000000,0.000000
58.260000,0.000000,0.000000,0.000000,0.000000,0.000000,0.000000
58.290000,0.000000,0.000000,0.000000,0.000000,0.000000,0.000000
58.310000,0.000000,0.000000,0.000000,0.000000,0.000000,0.000000
58.330000,0.000000,0.000000,0.000000,0.000000,0.000000,0.000000
58.360000,0.000000,0.000000,0.000000,0.000000,0.000000,0.000000
58.380000,0.000000,0.000000,0.000000,0.000000,0.000000,0.000000
58.400000,0.000000,0.000000,0.000000,0.000000,0.000000,0.000000
58.430000,0.000000,0.000000,0.000000,0.000000,0.000000,0.000000
58.460000,0.000000,0.000000,0.000000,0.000000,0.000000,0.000000
58.480000,0.000000,0.000000,0.000000,0.000000,0.000000,0.000000
58.500000,0.000000,0.000000,0.000000,0.000000,0.000000,0.000000
58.530000,0.000000,0.000000,0.000000,0.000000,0.000000,0.000000
58.550000,0.000000,0.000000,0.000000,0.000000,0.000000,0.000000
58.580000,0.000000,0.000000,0.000000,0.000000,0.000000,0.000000
58.600000,0.000000,0.000000,0.000000,0.000000,0.000000,0.000000
58.620000,0.000000,0.000000,0.000000,0.000000,0.000000,0.000000
58.640000,0.000000,0.000000,0.000000,0.000000,0.000000,0.000000
58.670000,0.000000,0.000000,0.000000,0.000000,0.000000,0.000000
58.690000,0.000000,0.000000,0.000000,0.000000,0.000000,0.000000
58.710000,0.000000,0.000000,0.000000,0.000000,0.000000,0.000000
58.740000,0.000000,0.000000,0.000000,0.000000,0.000000,0.000000
58.760000,0.000000,0.000000,0.000000,0.000000,0.000000,0.000000
58.780000,0.000000,0.000000,0.000000,0.000000,0.000000,0.000000
58.810000,0.000000,0.000000,0.000000,0.000000,0.000000,0.000000
58.830000,0.000000,0.000000,0.000000,0.000000,0.000000,0.000000
58.850000,0.000000,0.000000,0.000000,0.000000,0.000000,0.000000
58.880000,0.000000,0.000000,0.000000,0.000000,0.000000,0.000000
58.900000,0.000000,0.000000,0.000000,0.000000,0.000000,0.000000
58.920000,0.000000,0.000000,0.000000,0.000000,0.000000,0.000000
58.950000,0.000000,0.000000,0.000000,0.000000,0.000000,0.000000
58.970000,0.000000,0.000000,0.000000,0.000000,0.000000,0.000000
59.000000,0.000000,0.000000,0.000000,0.000000,0.000000,0.000000
59.020000,0.000000,0.000000,0.000000,0.000000,0.000000,0.000000
59.040000,0.000000,0.000000,0.000000,0.000000,0.000000,0.000000
59.070000,0.000000,0.000000,0.000000,0.000000,0.000000,0.000000
59.090000,0.000000,0.000000,0.000000,0.000000,0.000000,0.000000
59.120000,0.000000,0.000000,0.000000,0.000000,0.000000,0.000000
59.140000,0.000000,0.000000,0.000000,0.000000,0.000000,0.000000
59.170000,0.000000,0.000000,0.000000,0.000000,0.000000,0.000000
59.190000,0.000000,0.000000,0.000000,0.000000,0.000000,0.000000
59.210000,0.000000,0.000000,0.000000,0.000000,0.000000,0.000000
59.240000,0.000000,0.000000,0.000000,0.000000,0.000000,0.000000
59.260000,0.000000,0.000000,0.000000,0.000000,0.000000,0.000000
59.290000,0.000000,0.000000,0.000000,0.000000,0.000000,0.000000
59.310000,0.000000,0.000000,0.000000,0.000000,0.000000,0.000000
59.340000,0.000000,0.000000,0.000000,0.000000,0.000000,0.000000
59.360000,0.000000,0.000000,0.000000,0.000000,0.000000,0.000000
59.380000,0.000000,0.000000,0.000000,0.000000,0.000000,0.000000
59.410000,0.000000,0.000000,0.000000,0.000000,0.000000,0.000000
59.430000,0.000000,0.000000,0.000000,0.000000,0.000000,0.000000
59.460000,0.000000,0.000000,0.000000,0.000000,0.000000,0.000000
59.480000,0.000000,0.000000,0.000000,0.000000,0.000000,0.000000
59.510000,0.000000,0.000000,0.000000,0.000000,0.000000,0.000000
59.530000,0.000000,0.000000,0.000000,0.000000,0.000000,0.000000
59.550000,0.000000,0.000000,0.000000,0.000000,0.000000,0.000000
59.570000,0.000000,0.000000,0.000000,0.000000,0.000000,0.000000
59.590000,0.000000,0.000000,0.000000,0.000000,0.000000,0.000000
59.620000,0.000000,0.000000,0.000000,0.000000,0.000000,0.000000
59.640000,0.000000,0.000000,0.000000,0.000000,0.000000,0.000000
59.660000,0.000000,0.000000,0.000000,0.000000,0.000000,0.000000
59.680000,0.000000,0.000000,0.000000,0.000000,0.000000,0.000000
59.700000,0.000000,0.000000,0.000000,0.000000,0.000000,0.000000
59.730000,0.000000,0.000000,0.000000,0.000000,0.000000,0.000000
59.750000,0.000000,0.000000,0.000000,0.000000,0.000000,0.000000
59.770000,0.000000,0.000000,0.000000,0.000000,0.000000,0.000000
59.790000,0.000000,0.000000,0.000000,0.000000,0.000000,0.000000
59.810000,0.000000,0.000000,0.000000,0.000000,0.000000,0.000000
59.840000,0.000000,0.000000,0.000000,0.000000,0.000000,0.000000
59.860000,0.000000,0.000000,0.000000,0.000000,0.000000,0.000000
59.880000,0.000000,0.000000,0.000000,0.000000,0.000000,0.000000
59.900000,0.000000,0.000000,0.000000,0.000000,0.000000,0.000000
59.920000,0.000000,0.000000,0.000000,0.000000,0.000000,0.000000
59.950000,0.000000,0.000000,0.000000,0.000000,0.000000,0.000000
59.970000,0.000000,0.000000,0.000000,0.000000,0.000000,0.000000
59.990000,0.000000,0.000000,0.000000,0.000000,0.000000,0.000000
60.010000,0.000000,0.000000,0.000000,0.000000,0.000000,0.000000
60.040000,0.000000,0.000000,0.000000,0.000000,0.000000,0.000000
60.060000,0.000000,0.000000,0.000000,0.000000,0.000000,0.000000
60.080000,0.000000,0.000000,0.000000,0.000000,0.000000,0.000000
60.100000,0.000000,0.000000,0.000000,0.000000,0.000000,0.000000
60.130000,0.000000,0.000000,0.000000,0.000000,0.000000,0.000000
60.150000,0.000000,0.000000,0.000000,0.000000,0.000000,0.000000
60.170000,0.000000,0.000000,0.000000,0.000000,0.000000,0.000000
60.190000,0.000000,0.000000,0.000000,0.000000,0.000000,0.000000
60.210000,0.000000,0.000000,0.000000,0.000000,0.000000,0.000000
60.240000,0.000000,0.000000,0.000000,0.000000,0.000000,0.000000
60.260000,0.000000,0.000000,0.000000,0.000000,0.000000,0.000000
60.290000,0.000000,0.000000,0.000000,0.000000,0.000000,0.000000
60.310000,0.000000,0.000000,0.000000,0.000000,0.000000,0.000000
60.330000,0.000000,0.000000,0.000000,0.000000,0.000000,0.000000
60.360000,0.000000,0.000000,0.000000,0.000000,0.000000,0.000000
60.380000,0.000000,0.000000,0.000000,0.000000,0.000000,0.000000
60.400000,0.000000,0.000000,0.000000,0.000000,0.000000,0.000000
60.420000,0.000000,0.000000,0.000000,0.000000,0.000000,0.000000
60.450000,0.000000,0.000000,0.000000,0.000000,0.000000,0.000000
60.470000,0.000000,0.000000,0.000000,0.000000,0.000000,0.000000
60.500000,0.000000,0.000000,0.000000,0.000000,0.000000,0.000000
60.520000,0.000000,0.000000,0.000000,0.000000,0.000000,0.000000
60.550000,0.000000,0.000000,0.000000,0.000000,0.000000,0.000000
60.570000,0.000000,0.000000,0.000000,0.000000,0.000000,0.000000
60.590000,0.000000,0.000000,0.000000,0.000000,0.000000,0.000000
60.620000,0.000000,0.000000,0.000000,0.000000,0.000000,0.000000
60.640000,0.000000,0.000000,0.000000,0.000000,0.000000,0.000000
60.660000,0.000000,0.000000,0.000000,0.000000,0.000000,0.000000
60.690000,0.000000,0.000000,0.000000,0.000000,0.000000,0.000000
60.710000,0.000000,0.000000,0.000000,0.000000,0.000000,0.000000
60.730000,0.000000,0.000000,0.000000,0.000000,0.000000,0.000000
60.760000,0.000000,0.000000,0.000000,0.000000,0.000000,0.000000
60.780000,0.000000,0.000000,0.000000,0.000000,0.000000,0.000000
60.800000,0.000000,0.000000,0.000000,0.000000,0.000000,0.000000
60.830000,0.000000,0.000000,0.000000,0.000000,0.000000,0.000000
60.850000,0.000000,0.000000,0.000000,0.000000,0.000000,0.000000
60.880000,0.000000,0.000000,0.000000,0.000000,0.000000,0.000000
60.900000,0.000000,0.000000,0.000000,0.000000,0.000000,0.000000
60.930000,0.000000,0.000000,0.000000,0.000000,0.000000,0.000000
60.950000,0.000000,0.000000,0.000000,0.000000,0.000000,0.000000
60.970000,0.000000,0.000000,0.000000,0.000000,0.000000,0.000000
60.990000,0.000000,0.000000,0.000000,0.000000,0.000000,0.000000
61.020000,0.000000,0.000000,0.000000,0.000000,0.000000,0.000000
61.040000,0.000000,0.000000,0.000000,0.000000,0.000000,0.000000
61.070000,0.000000,0.000000,0.000000,0.000000,0.000000,0.000000
61.090000,0.000000,0.000000,0.000000,0.000000,0.000000,0.000000
61.110000,0.000000,0.000000,0.000000,0.000000,0.000000,0.000000
61.140000,0.000000,0.000000,0.000000,0.000000,0.000000,0.000000
61.160000,0.000000,0.000000,0.000000,0.000000,0.000000,0.000000
61.180000,0.000000,0.000000,0.000000,0.000000,0.000000,0.000000
61.210000,0.000000,0.000000,0.000000,0.000000,0.000000,0.000000
61.230000,0.000000,0.000000,0.000000,0.000000,0.000000,0.000000
61.260000,0.000000,0.000000,0.000000,0.000000,0.000000,0.000000
61.280000,0.000000,0.000000,0.000000,0.000000,0.000000,0.000000
61.300000,0.000000,0.000000,0.000000,0.000000,0.000000,0.000000
61.330000,0.000000,0.000000,0.000000,0.000000,0.000000,0.000000
61.350000,0.000000,0.000000,0.000000,0.000000,0.000000,0.000000
61.370000,0.000000,0.000000,0.000000,0.000000,0.000000,0.000000
61.400000,0.000000,0.000000,0.000000,0.000000,0.000000,0.000000
61.430000,0.000000,0.000000,0.000000,0.000000,0.000000,0.000000
61.450000,0.000000,0.000000,0.000000,0.000000,0.000000,0.000000
61.470000,0.000000,0.000000,0.000000,0.000000,0.000000,0.000000
61.490000,0.000000,0.000000,0.000000,0.000000,0.000000,0.000000
61.520000,0.000000,0.000000,0.000000,0.000000,0.000000,0.000000
61.540000,0.000000,0.000000,0.000000,0.000000,0.000000,0.000000
61.560000,0.000000,0.000000,0.000000,0.000000,0.000000,0.000000
61.590000,0.000000,0.000000,0.000000,0.000000,0.000000,0.000000
61.610000,0.000000,0.000000,0.000000,0.000000,0.000000,0.000000
61.630000,0.000000,0.000000,0.000000,0.000000,0.000000,0.000000
61.650000,0.000000,0.000000,0.000000,0.000000,0.000000,0.000000
61.680000,0.000000,0.000000,0.000000,0.000000,0.000000,0.000000
61.700000,0.000000,0.000000,0.000000,0.000000,0.000000,0.000000
61.720000,0.000000,0.000000,0.000000,0.000000,0.000000,0.000000
61.740000,0.000000,0.000000,0.000000,0.000000,0.000000,0.000000
61.770000,0.000000,0.000000,0.000000,0.000000,0.000000,0.000000
61.790000,0.000000,0.000000,0.000000,0.000000,0.000000,0.000000
61.810000,0.000000,0.000000,0.000000,0.000000,0.000000,0.000000
61.830000,0.000000,0.000000,0.000000,0.000000,0.000000,0.000000
61.850000,0.000000,0.000000,0.000000,0.000000,0.000000,0.000000
61.880000,0.000000,0.000000,0.000000,0.000000,0.000000,0.000000
61.900000,0.000000,0.000000,0.000000,0.000000,0.000000,0.000000
61.930000,0.000000,0.000000,0.000000,0.000000,0.000000,0.000000
61.950000,0.000000,0.000000,0.000000,0.000000,0.000000,0.000000
61.980000,0.000000,0.000000,0.000000,0.000000,0.000000,0.000000
62.000000,0.000000,0.000000,0.000000,0.000000,0.000000,0.000000
62.020000,0.000000,0.000000,0.000000,0.000000,0.000000,0.000000
62.050000,0.000000,0.000000,0.000000,0.000000,0.000000,0.000000
62.070000,0.000000,0.000000,0.000000,0.000000,0.000000,0.000000
62.100000,0.000000,0.000000,0.000000,0.000000,0.000000,0.000000
62.120000,0.000000,0.000000,0.000000,0.000000,0.000000,0.000000
62.140000,0.000000,0.000000,0.000000,0.000000,0.000000,0.000000
62.160000,0.000000,0.000000,0.000000,0.000000,0.000000,0.000000
62.190000,0.000000,0.000000,0.000000,0.000000,0.000000,0.000000
62.210000,0.000000,0.000000,0.000000,0.000000,0.000000,0.000000
62.230000,0.000000,0.000000,0.000000,0.000000,0.000000,0.000000
62.250000,0.000000,0.000000,0.000000,0.000000,0.000000,0.000000
62.280000,0.000000,0.000000,0.000000,0.000000,0.000000,0.000000
62.300000,0.000000,0.000000,0.000000,0.000000,0.000000,0.000000
62.320000,0.000000,0.000000,0.000000,0.000000,0.000000,0.000000
62.340000,0.000000,0.000000,0.000000,0.000000,0.000000,0.000000
62.360000,0.000000,0.000000,0.000000,0.000000,0.000000,0.000000
62.390000,0.000000,0.000000,0.000000,0.000000,0.000000,0.000000
62.410000,0.000000,0.000000,0.000000,0.000000,0.000000,0.000000
62.430000,0.000000,0.000000,0.000000,0.000000,0.000000,0.000000
62.460000,0.000000,0.000000,0.000000,0.000000,0.000000,0.000000
62.480000,0.000000,0.000000,0.000000,0.000000,0.000000,0.000000
62.500000,0.000000,0.000000,0.000000,0.000000,0.000000,0.000000
62.530000,0.000000,0.000000,0.000000,0.000000,0.000000,0.000000
62.550000,0.000000,0.000000,0.000000,0.000000,0.000000,0.000000
62.580000,0.000000,0.000000,0.000000,0.000000,0.000000,0.000000
62.600000,0.000000,0.000000,0.000000,0.000000,0.000000,0.000000
62.620000,0.000000,0.000000,0.000000,0.000000,0.000000,0.000000
62.640000,0.000000,0.000000,0.000000,0.000000,0.000000,0.000000
62.670000,0.000000,0.000000,0.000000,0.000000,0.000000,0.000000
62.690000,0.000000,0.000000,0.000000,0.000000,0.000000,0.000000
62.710000,0.000000,0.000000,0.000000,0.000000,0.000000,0.000000
62.730000,0.000000,0.000000,0.000000,0.000000,0.000000,0.000000
62.760000,0.000000,0.000000,0.000000,0.000000,0.000000,0.000000
62.780000,0.000000,0.000000,0.000000,0.000000,0.000000,0.000000
62.800000,0.000000,0.000000,0.000000,0.000000,0.000000,0.000000
62.830000,0.000000,0.000000,0.000000,0.000000,0.000000,0.000000
62.850000,0.000000,0.000000,0.000000,0.000000,0.000000,0.000000
62.870000,0.000000,0.000000,0.000000,0.000000,0.000000,0.000000
62.890000,0.000000,0.000000,0.000000,0.000000,0.000000,0.000000
62.920000,0.000000,0.000000,0.000000,0.000000,0.000000,0.000000
62.950000,0.000000,0.000000,0.000000,0.000000,0.000000,0.000000
62.970000,0.000000,0.000000,0.000000,0.000000,0.000000,0.000000
62.990000,0.000000,0.000000,0.000000,0.000000,0.000000,0.000000
63.010000,0.000000,0.000000,0.000000,0.000000,0.000000,0.000000
63.040000,0.000000,0.000000,0.000000,0.000000,0.000000,0.000000
63.060000,0.000000,0.000000,0.000000,0.000000,0.000000,0.000000
63.080000,0.000000,0.000000,0.000000,0.000000,0.000000,0.000000
63.110000,0.000000,0.000000,0.000000,0.000000,0.000000,0.000000
63.130000,0.000000,0.000000,0.000000,0.000000,0.000000,0.000000
63.160000,0.000000,0.000000,0.000000,0.000000,0.000000,0.000000
63.180000,0.000000,0.000000,0.000000,0.000000,0.000000,0.000000
63.200000,0.000000,0.000000,0.000000,0.000000,0.000000,0.000000
63.220000,0.000000,0.000000,0.000000,0.000000,0.000000,0.000000
63.250000,0.000000,0.000000,0.000000,0.000000,0.000000,0.000000
63.270000,0.000000,0.000000,0.000000,0.000000,0.000000,0.000000
63.290000,0.000000,0.000000,0.000000,0.000000,0.000000,0.000000
63.310000,0.000000,0.000000,0.000000,0.000000,0.000000,0.000000
63.340000,0.000000,0.000000,0.000000,0.000000,0.000000,0.000000
63.360000,0.000000,0.000000,0.000000,0.000000,0.000000,0.000000
63.380000,0.000000,0.000000,0.000000,0.000000,0.000000,0.000000
63.400000,0.000000,0.000000,0.000000,0.000000,0.000000,0.000000
63.430000,0.000000,0.000000,0.000000,0.000000,0.000000,0.000000
63.450000,0.000000,0.000000,0.000000,0.000000,0.000000,0.000000
63.480000,0.000000,0.000000,0.000000,0.000000,0.000000,0.000000
63.500000,0.000000,0.000000,0.000000,0.000000,0.000000,0.000000
63.520000,0.000000,0.000000,0.000000,0.000000,0.000000,0.000000
63.550000,0.000000,0.000000,0.000000,0.000000,0.000000,0.000000
63.570000,0.000000,0.000000,0.000000,0.000000,0.000000,0.000000
63.590000,0.000000,0.000000,0.000000,0.000000,0.000000,0.000000
63.610000,0.000000,0.000000,0.000000,0.000000,0.000000,0.000000
63.640000,0.000000,0.000000,0.000000,0.000000,0.000000,0.000000
63.660000,0.000000,0.000000,0.000000,0.000000,0.000000,0.000000
63.680000,0.000000,0.000000,0.000000,0.000000,0.000000,0.000000
63.700000,0.000000,0.000000,0.000000,0.000000,0.000000,0.000000
63.730000,0.000000,0.000000,0.000000,0.000000,0.000000,0.000000
63.750000,0.000000,0.000000,0.000000,0.000000,0.000000,0.000000
63.770000,0.000000,0.000000,0.000000,0.000000,0.000000,0.000000
63.790000,0.000000,0.000000,0.000000,0.000000,0.000000,0.000000
63.810000,0.000000,0.000000,0.000000,0.000000,0.000000,0.000000
63.840000,0.000000,0.000000,0.000000,0.000000,0.000000,0.000000
63.860000,0.000000,0.000000,0.000000,0.000000,0.000000,0.000000
63.880000,0.000000,0.000000,0.000000,0.000000,0.000000,0.000000
63.910000,0.000000,0.000000,0.000000,0.000000,0.000000,0.000000
63.940000,0.000000,0.000000,0.000000,0.000000,0.000000,0.000000
63.960000,0.000000,0.000000,0.000000,0.000000,0.000000,0.000000
63.980000,0.000000,0.000000,0.000000,0.000000,0.000000,0.000000
64.000000,0.000000,0.000000,0.000000,0.000000,0.000000,0.000000
64.030000,0.000000,0.000000,0.000000,0.000000,0.000000,0.000000
64.050000,0.000000,0.000000,0.000000,0.000000,0.000000,0.000000
64.080000,0.000000,0.000000,0.000000,0.000000,0.000000,0.000000
64.100000,0.000000,0.000000,0.000000,0.000000,0.000000,0.000000
64.140000,0.000000,0.000000,0.000000,0.000000,0.000000,0.000000
64.160000,0.000000,0.000000,0.000000,0.000000,0.000000,0.000000
64.190000,0.000000,0.000000,0.000000,0.000000,0.000000,0.000000
64.210000,0.000000,0.000000,0.000000,0.000000,0.000000,0.000000
64.230000,0.000000,0.000000,0.000000,0.000000,0.000000,0.000000
64.250000,0.000000,0.000000,0.000000,0.000000,0.000000,0.000000
64.280000,0.000000,0.000000,0.000000,0.000000,0.000000,0.000000
64.300000,0.000000,0.000000,0.000000,0.000000,0.000000,0.000000
64.330000,0.000000,0.000000,0.000000,0.000000,0.000000,0.000000
64.350000,0.000000,0.000000,0.000000,0.000000,0.000000,0.000000
64.370000,0.000000,0.000000,0.000000,0.000000,0.000000,0.000000
64.390000,0.000000,0.000000,0.000000,0.000000,0.000000,0.000000
64.420000,0.000000,0.000000,0.000000,0.000000,0.000000,0.000000
64.440000,0.000000,0.000000,0.000000,0.000000,0.000000,0.000000
64.460000,0.000000,0.000000,0.000000,0.000000,0.000000,0.000000
64.490000,0.000000,0.000000,0.000000,0.000000,0.000000,0.000000
64.510000,0.000000,0.000000,0.000000,0.000000,0.000000,0.000000
64.530000,0.000000,0.000000,0.000000,0.000000,0.000000,0.000000
64.560000,0.000000,0.000000,0.000000,0.000000,0.000000,0.000000
64.580000,0.000000,0.000000,0.000000,0.000000,0.000000,0.000000
64.600000,0.000000,0.000000,0.000000,0.000000,0.000000,0.000000
64.630000,0.000000,0.000000,0.000000,0.000000,0.000000,0.000000
64.650000,0.000000,0.000000,0.000000,0.000000,0.000000,0.000000
64.680000,0.000000,0.000000,0.000000,0.000000,0.000000,0.000000
64.700000,0.000000,0.000000,0.000000,0.000000,0.000000,0.000000
64.720000,0.000000,0.000000,0.000000,0.000000,0.000000,0.000000
64.740000,0.000000,0.000000,0.000000,0.000000,0.000000,0.000000
64.770000,0.000000,0.000000,0.000000,0.000000,0.000000,0.000000
64.790000,0.000000,0.000000,0.000000,0.000000,0.000000,0.000000
64.810000,0.000000,0.000000,0.000000,0.000000,0.000000,0.000000
64.830000,0.000000,0.000000,0.000000,0.000000,0.000000,0.000000
64.850000,0.000000,0.000000,0.000000,0.000000,0.000000,0.000000
64.880000,0.000000,0.000000,0.000000,0.000000,0.000000,0.000000
64.900000,0.000000,0.000000,0.000000,0.000000,0.000000,0.000000
64.920000,0.000000,0.000000,0.000000,0.000000,0.000000,0.000000
64.950000,0.000000,0.000000,0.000000,0.000000,0.000000,0.000000
64.970000,0.000000,0.000000,0.000000,0.000000,0.000000,0.000000
64.990000,0.000000,0.000000,0.000000,0.000000,0.000000,0.000000
65.010000,0.000000,0.000000,0.000000,0.000000,0.000000,0.000000
65.040000,0.000000,0.000000,0.000000,0.000000,0.000000,0.000000
65.070000,0.000000,0.000000,0.000000,0.000000,0.000000,0.000000
65.090000,0.000000,0.000000,0.000000,0.000000,0.000000,0.000000
65.110000,0.000000,0.000000,0.000000,0.000000,0.000000,0.000000
65.140000,0.000000,0.000000,0.000000,0.000000,0.000000,0.000000
65.160000,0.000000,0.000000,0.000000,0.000000,0.000000,0.000000
65.190000,0.000000,0.000000,0.000000,0.000000,0.000000,0.000000
65.210000,0.000000,0.000000,0.000000,0.000000,0.000000,0.000000
65.230000,0.000000,0.000000,0.000000,0.000000,0.000000,0.000000
65.250000,0.000000,0.000000,0.000000,0.000000,0.000000,0.000000
65.270000,0.000000,0.000000,0.000000,0.000000,0.000000,0.000000
65.300000,0.000000,0.000000,0.000000,0.000000,0.000000,0.000000
65.320000,0.000000,0.000000,0.000000,0.000000,0.000000,0.000000
65.340000,0.000000,0.000000,0.000000,0.000000,0.000000,0.000000
65.370000,0.000000,0.000000,0.000000,0.000000,0.000000,0.000000
65.390000,0.000000,0.000000,0.000000,0.000000,0.000000,0.000000
65.410000,0.000000,0.000000,0.000000,0.000000,0.000000,0.000000
65.440000,0.000000,0.000000,0.000000,0.000000,0.000000,0.000000
65.460000,0.000000,0.000000,0.000000,0.000000,0.000000,0.000000
65.480000,0.000000,0.000000,0.000000,0.000000,0.000000,0.000000
65.510000,0.000000,0.000000,0.000000,0.000000,0.000000,0.000000
65.530000,0.000000,0.000000,0.000000,0.000000,0.000000,0.000000
65.550000,0.000000,0.000000,0.000000,0.000000,0.000000,0.000000
65.580000,0.000000,0.000000,0.000000,0.000000,0.000000,0.000000
65.600000,0.000000,0.000000,0.000000,0.000000,0.000000,0.000000
65.620000,0.000000,0.000000,0.000000,0.000000,0.000000,0.000000
65.650000,0.000000,0.000000,0.000000,0.000000,0.000000,0.000000
65.670000,0.000000,0.000000,0.000000,0.000000,0.000000,0.000000
65.690000,0.000000,0.000000,0.000000,0.000000,0.000000,0.000000
65.720000,0.000000,0.000000,0.000000,0.000000,0.000000,0.000000
65.740000,0.000000,0.000000,0.000000,0.000000,0.000000,0.000000
65.770000,0.000000,0.000000,0.000000,0.000000,0.000000,0.000000
65.790000,0.000000,0.000000,0.000000,0.000000,0.000000,0.000000
65.820000,0.000000,0.000000,0.000000,0.000000,0.000000,0.000000
65.840000,0.000000,0.000000,0.000000,0.000000,0.000000,0.000000
65.860000,0.000000,0.000000,0.000000,0.000000,0.000000,0.000000
65.890000,0.000000,0.000000,0.000000,0.000000,0.000000,0.000000
65.910000,0.000000,0.000000,0.000000,0.000000,0.000000,0.000000
65.930000,0.000000,0.000000,0.000000,0.000000,0.000000,0.000000
65.960000,0.000000,0.000000,0.000000,0.000000,0.000000,0.000000
65.980000,0.000000,0.000000,0.000000,0.000000,0.000000,0.000000
66.000000,0.000000,0.000000,0.000000,0.000000,0.000000,0.000000
66.020000,0.000000,0.000000,0.000000,0.000000,0.000000,0.000000
66.040000,0.000000,0.000000,0.000000,0.000000,0.000000,0.000000
66.070000,0.000000,0.000000,0.000000,0.000000,0.000000,0.000000
66.090000,0.000000,0.000000,0.000000,0.000000,0.000000,0.000000
66.120000,0.000000,0.000000,0.000000,0.000000,0.000000,0.000000
66.140000,0.000000,0.000000,0.000000,0.000000,0.000000,0.000000
66.160000,0.000000,0.000000,0.000000,0.000000,0.000000,0.000000
66.190000,0.000000,0.000000,0.000000,0.000000,0.000000,0.000000
66.220000,0.000000,0.000000,0.000000,0.000000,0.000000,0.000000
66.240000,0.000000,0.000000,0.000000,0.000000,0.000000,0.000000
66.260000,0.000000,0.000000,0.000000,0.000000,0.000000,0.000000
66.290000,0.000000,0.000000,0.000000,0.000000,0.000000,0.000000
66.310000,0.000000,0.000000,0.000000,0.000000,0.000000,0.000000
66.340000,0.000000,0.000000,0.000000,0.000000,0.000000,0.000000
66.360000,0.000000,0.000000,0.000000,0.000000,0.000000,0.000000
66.380000,0.000000,0.000000,0.000000,0.000000,0.000000,0.000000
66.410000,0.000000,0.000000,0.000000,0.000000,0.000000,0.000000
66.440000,0.000000,0.000000,0.000000,0.000000,0.000000,0.000000
66.460000,0.000000,0.000000,0.000000,0.000000,0.000000,0.000000
66.490000,0.000000,0.000000,0.000000,0.000000,0.000000,0.000000
66.510000,0.000000,0.000000,0.000000,0.000000,0.000000,0.000000
66.530000,0.000000,0.000000,0.000000,0.000000,0.000000,0.000000
66.560000,0.000000,0.000000,0.000000,0.000000,0.000000,0.000000
66.580000,0.000000,0.000000,0.000000,0.000000,0.000000,0.000000
66.600000,0.000000,0.000000,0.000000,0.000000,0.000000,0.000000
66.630000,0.000000,0.000000,0.000000,0.000000,0.000000,0.000000
66.650000,0.000000,0.000000,0.000000,0.000000,0.000000,0.000000
66.670000,0.000000,0.000000,0.000000,0.000000,0.000000,0.000000
66.700000,0.000000,0.000000,0.000000,0.000000,0.000000,0.000000
66.720000,0.000000,0.000000,0.000000,0.000000,0.000000,0.000000
66.740000,0.000000,0.000000,0.000000,0.000000,0.000000,0.000000
66.770000,0.000000,0.000000,0.000000,0.000000,0.000000,0.000000
66.790000,0.000000,0.000000,0.000000,0.000000,0.000000,0.000000
66.820000,0.000000,0.000000,0.000000,0.000000,0.000000,0.000000
66.840000,0.000000,0.000000,0.000000,0.000000,0.000000,0.000000
66.860000,0.000000,0.000000,0.000000,0.000000,0.000000,0.000000
66.890000,0.000000,0.000000,0.000000,0.000000,0.000000,0.000000
66.910000,0.000000,0.000000,0.000000,0.000000,0.000000,0.000000
66.930000,0.000000,0.000000,0.000000,0.000000,0.000000,0.000000
66.950000,0.000000,0.000000,0.000000,0.000000,0.000000,0.000000
66.980000,0.000000,0.000000,0.000000,0.000000,0.000000,0.000000
67.000000,0.000000,0.000000,0.000000,0.000000,0.000000,0.000000
67.030000,0.000000,0.000000,0.000000,0.000000,0.000000,0.000000
67.050000,0.000000,0.000000,0.000000,0.000000,0.000000,0.000000
67.070000,0.000000,0.000000,0.000000,0.000000,0.000000,0.000000
67.090000,0.000000,0.000000,0.000000,0.000000,0.000000,0.000000
67.120000,0.000000,0.000000,0.000000,0.000000,0.000000,0.000000
67.140000,0.000000,0.000000,0.000000,0.000000,0.000000,0.000000
67.160000,0.000000,0.000000,0.000000,0.000000,0.000000,0.000000
67.180000,0.000000,0.000000,0.000000,0.000000,0.000000,0.000000
67.200000,0.000000,0.000000,0.000000,0.000000,0.000000,0.000000
67.230000,0.000000,0.000000,0.000000,0.000000,0.000000,0.000000
67.250000,0.000000,0.000000,0.000000,0.000000,0.000000,0.000000
67.270000,0.000000,0.000000,0.000000,0.000000,0.000000,0.000000
67.300000,0.000000,0.000000,0.000000,0.000000,0.000000,0.000000
67.320000,0.000000,0.000000,0.000000,0.000000,0.000000,0.000000
67.340000,0.000000,0.000000,0.000000,0.000000,0.000000,0.000000
67.370000,0.000000,0.000000,0.000000,0.000000,0.000000,0.000000
67.390000,0.000000,0.000000,0.000000,0.000000,0.000000,0.000000
67.410000,0.000000,0.000000,0.000000,0.000000,0.000000,0.000000
67.440000,0.000000,0.000000,0.000000,0.000000,0.000000,0.000000
67.460000,0.000000,0.000000,0.000000,0.000000,0.000000,0.000000
67.480000,0.000000,0.000000,0.000000,0.000000,0.000000,0.000000
67.500000,0.000000,0.000000,0.000000,0.000000,0.000000,0.000000
67.530000,0.000000,0.000000,0.000000,0.000000,0.000000,0.000000
67.560000,0.000000,0.000000,0.000000,0.000000,0.000000,0.000000
67.580000,0.000000,0.000000,0.000000,0.000000,0.000000,0.000000
67.600000,0.000000,0.000000,0.000000,0.000000,0.000000,0.000000
67.630000,0.000000,0.000000,0.000000,0.000000,0.000000,0.000000
67.650000,0.000000,0.000000,0.000000,0.000000,0.000000,0.000000
67.670000,0.000000,0.000000,0.000000,0.000000,0.000000,0.000000
67.690000,0.000000,0.000000,0.000000,0.000000,0.000000,0.000000
67.720000,0.000000,0.000000,0.000000,0.000000,0.000000,0.000000
67.740000,0.000000,0.000000,0.000000,0.000000,0.000000,0.000000
67.760000,0.000000,0.000000,0.000000,0.000000,0.000000,0.000000
67.790000,0.000000,0.000000,0.000000,0.000000,0.000000,0.000000
67.810000,0.000000,0.000000,0.000000,0.000000,0.000000,0.000000
67.830000,0.000000,0.000000,0.000000,0.000000,0.000000,0.000000
67.850000,0.000000,0.000000,0.000000,0.000000,0.000000,0.000000
67.880000,0.000000,0.000000,0.000000,0.000000,0.000000,0.000000
67.900000,0.000000,0.000000,0.000000,0.000000,0.000000,0.000000
67.920000,0.000000,0.000000,0.000000,0.000000,0.000000,0.000000
67.950000,0.000000,0.000000,0.000000,0.000000,0.000000,0.000000
67.970000,0.000000,0.000000,0.000000,0.000000,0.000000,0.000000
68.000000,0.000000,0.000000,0.000000,0.000000,0.000000,0.000000
68.020000,0.000000,0.000000,0.000000,0.000000,0.000000,0.000000
68.040000,0.000000,0.000000,0.000000,0.000000,0.000000,0.000000
68.070000,0.000000,0.000000,0.000000,0.000000,0.000000,0.000000
68.090000,0.000000,0.000000,0.000000,0.000000,0.000000,0.000000
68.120000,0.000000,0.000000,0.000000,0.000000,0.000000,0.000000
68.140000,0.000000,0.000000,0.000000,0.000000,0.000000,0.000000
68.160000,0.000000,0.000000,0.000000,0.000000,0.000000,0.000000
68.190000,0.000000,0.000000,0.000000,0.000000,0.000000,0.000000
68.210000,0.000000,0.000000,0.000000,0.000000,0.000000,0.000000
68.230000,0.000000,0.000000,0.000000,0.000000,0.000000,0.000000
68.250000,0.000000,0.000000,0.000000,0.000000,0.000000,0.000000
68.270000,0.000000,0.000000,0.000000,0.000000,0.000000,0.000000
68.300000,0.000000,0.000000,0.000000,0.000000,0.000000,0.000000
68.320000,0.000000,0.000000,0.000000,0.000000,0.000000,0.000000
68.340000,0.000000,0.000000,0.000000,0.000000,0.000000,0.000000
68.370000,0.000000,0.000000,0.000000,0.000000,0.000000,0.000000
68.390000,0.000000,0.000000,0.000000,0.000000,0.000000,0.000000
68.410000,0.000000,0.000000,0.000000,0.000000,0.000000,0.000000
68.440000,0.000000,0.000000,0.000000,0.000000,0.000000,0.000000
68.460000,0.000000,0.000000,0.000000,0.000000,0.000000,0.000000
68.490000,0.000000,0.000000,0.000000,0.000000,0.000000,0.000000
68.510000,0.000000,0.000000,0.000000,0.000000,0.000000,0.000000
68.540000,0.000000,0.000000,0.000000,0.000000,0.000000,0.000000
68.560000,0.000000,0.000000,0.000000,0.000000,0.000000,0.000000
68.580000,0.000000,0.000000,0.000000,0.000000,0.000000,0.000000
68.610000,0.000000,0.000000,0.000000,0.000000,0.000000,0.000000
68.630000,0.000000,0.000000,0.000000,0.000000,0.000000,0.000000
68.660000,0.000000,0.000000,0.000000,0.000000,0.000000,0.000000
68.680000,0.000000,0.000000,0.000000,0.000000,0.000000,0.000000
68.700000,0.000000,0.000000,0.000000,0.000000,0.000000,0.000000
68.720000,0.000000,0.000000,0.000000,0.000000,0.000000,0.000000
68.740000,0.000000,0.000000,0.000000,0.000000,0.000000,0.000000
68.760000,0.000000,0.000000,0.000000,0.000000,0.000000,0.000000
68.790000,0.000000,0.000000,0.000000,0.000000,0.000000,0.000000
68.810000,0.000000,0.000000,0.000000,0.000000,0.000000,0.000000
68.830000,0.000000,0.000000,0.000000,0.000000,0.000000,0.000000
68.850000,0.000000,0.000000,0.000000,0.000000,0.000000,0.000000
68.870000,0.000000,0.000000,0.000000,0.000000,0.000000,0.000000
68.890000,0.000000,0.000000,0.000000,0.000000,0.000000,0.000000
68.920000,0.000000,0.000000,0.000000,0.000000,0.000000,0.000000
68.940000,0.000000,0.000000,0.000000,0.000000,0.000000,0.000000
68.960000,0.000000,0.000000,0.000000,0.000000,0.000000,0.000000
68.980000,0.000000,0.000000,0.000000,0.000000,0.000000,0.000000
69.010000,0.000000,0.000000,0.000000,0.000000,0.000000,0.000000
69.030000,0.000000,0.000000,0.000000,0.000000,0.000000,0.000000
69.060000,0.000000,0.000000,0.000000,0.000000,0.000000,0.000000
69.080000,0.000000,0.000000,0.000000,0.000000,0.000000,0.000000
69.100000,0.000000,0.000000,0.000000,0.000000,0.000000,0.000000
69.120000,0.000000,0.000000,0.000000,0.000000,0.000000,0.000000
69.150000,0.000000,0.000000,0.000000,0.000000,0.000000,0.000000
69.170000,0.000000,0.000000,0.000000,0.000000,0.000000,0.000000
69.190000,0.000000,0.000000,0.000000,0.000000,0.000000,0.000000
69.220000,0.000000,0.000000,0.000000,0.000000,0.000000,0.000000
69.250000,0.000000,0.000000,0.000000,0.000000,0.000000,0.000000
69.270000,0.000000,0.000000,0.000000,0.000000,0.000000,0.000000
69.290000,0.000000,0.000000,0.000000,0.000000,0.000000,0.000000
69.320000,0.000000,0.000000,0.000000,0.000000,0.000000,0.000000
69.340000,0.000000,0.000000,0.000000,0.000000,0.000000,0.000000
69.370000,0.000000,0.000000,0.000000,0.000000,0.000000,0.000000
69.390000,0.000000,0.000000,0.000000,0.000000,0.000000,0.000000
69.410000,0.000000,0.000000,0.000000,0.000000,0.000000,0.000000
69.440000,0.000000,0.000000,0.000000,0.000000,0.000000,0.000000
69.460000,0.000000,0.000000,0.000000,0.000000,0.000000,0.000000
69.480000,0.000000,0.000000,0.000000,0.000000,0.000000,0.000000
69.510000,0.000000,0.000000,0.000000,0.000000,0.000000,0.000000
69.530000,0.000000,0.000000,0.000000,0.000000,0.000000,0.000000
69.550000,0.000000,0.000000,0.000000,0.000000,0.000000,0.000000
69.570000,0.000000,0.000000,0.000000,0.000000,0.000000,0.000000
69.600000,0.000000,0.000000,0.000000,0.000000,0.000000,0.000000
69.620000,0.000000,0.000000,0.000000,0.000000,0.000000,0.000000
69.640000,0.000000,0.000000,0.000000,0.000000,0.000000,0.000000
69.660000,0.000000,0.000000,0.000000,0.000000,0.000000,0.000000
69.690000,0.000000,0.000000,0.000000,0.000000,0.000000,0.000000
69.710000,0.000000,0.000000,0.000000,0.000000,0.000000,0.000000
69.730000,0.000000,0.000000,0.000000,0.000000,0.000000,0.000000
69.760000,0.000000,0.000000,0.000000,0.000000,0.000000,0.000000
69.780000,0.000000,0.000000,0.000000,0.000000,0.000000,0.000000
69.800000,0.000000,0.000000,0.000000,0.000000,0.000000,0.000000
69.830000,0.000000,0.000000,0.000000,0.000000,0.000000,0.000000
69.850000,0.000000,0.000000,0.000000,0.000000,0.000000,0.000000
69.870000,0.000000,0.000000,0.000000,0.000000,0.000000,0.000000
69.890000,0.000000,0.000000,0.000000,0.000000,0.000000,0.000000
69.910000,0.000000,0.000000,0.000000,0.000000,0.000000,0.000000
69.940000,0.000000,0.000000,0.000000,0.000000,0.000000,0.000000
69.960000,0.000000,0.000000,0.000000,0.000000,0.000000,0.000000
69.980000,0.000000,0.000000,0.000000,0.000000,0.000000,0.000000
70.000000,0.000000,0.000000,0.000000,0.000000,0.000000,0.000000
70.030000,0.000000,0.000000,0.000000,0.000000,0.000000,0.000000
70.050000,0.000000,0.000000,0.000000,0.000000,0.000000,0.000000
70.070000,0.000000,0.000000,0.000000,0.000000,0.000000,0.000000
70.090000,0.000000,0.000000,0.000000,0.000000,0.000000,0.000000
70.120000,0.000000,0.000000,0.000000,0.000000,0.000000,0.000000
70.140000,0.000000,0.000000,0.000000,0.000000,0.000000,0.000000
70.160000,0.000000,0.000000,0.000000,0.000000,0.000000,0.000000
70.190000,0.000000,0.000000,0.000000,0.000000,0.000000,0.000000
70.210000,0.000000,0.000000,0.000000,0.000000,0.000000,0.000000
70.230000,0.000000,0.000000,0.000000,0.000000,0.000000,0.000000
70.260000,0.000000,0.000000,0.000000,0.000000,0.000000,0.000000
70.280000,0.000000,0.000000,0.000000,0.000000,0.000000,0.000000
70.300000,0.000000,0.000000,0.000000,0.000000,0.000000,0.000000
70.330000,0.000000,0.000000,0.000000,0.000000,0.000000,0.000000
70.350000,0.000000,0.000000,0.000000,0.000000,0.000000,0.000000
70.370000,0.000000,0.000000,0.000000,0.000000,0.000000,0.000000
70.400000,0.000000,0.000000,0.000000,0.000000,0.000000,0.000000
70.420000,0.000000,0.000000,0.000000,0.000000,0.000000,0.000000
70.450000,0.000000,0.000000,0.000000,0.000000,0.000000,0.000000
70.470000,0.000000,0.000000,0.000000,0.000000,0.000000,0.000000
70.500000,0.000000,0.000000,0.000000,0.000000,0.000000,0.000000
70.520000,0.000000,0.000000,0.000000,0.000000,0.000000,0.000000
70.540000,0.000000,0.000000,0.000000,0.000000,0.000000,0.000000
70.570000,0.000000,0.000000,0.000000,0.000000,0.000000,0.000000
70.590000,0.000000,0.000000,0.000000,0.000000,0.000000,0.000000
70.620000,0.000000,0.000000,0.000000,0.000000,0.000000,0.000000
70.640000,0.000000,0.000000,0.000000,0.000000,0.000000,0.000000
70.660000,0.000000,0.000000,0.000000,0.000000,0.000000,0.000000
70.690000,0.000000,0.000000,0.000000,0.000000,0.000000,0.000000
70.710000,0.000000,0.000000,0.000000,0.000000,0.000000,0.000000
70.730000,0.000000,0.000000,0.000000,0.000000,0.000000,0.000000
70.760000,0.000000,0.000000,0.000000,0.000000,0.000000,0.000000
70.780000,0.000000,0.000000,0.000000,0.000000,0.000000,0.000000
70.800000,0.000000,0.000000,0.000000,0.000000,0.000000,0.000000
70.820000,0.000000,0.000000,0.000000,0.000000,0.000000,0.000000
70.850000,0.000000,0.000000,0.000000,0.000000,0.000000,0.000000
70.870000,0.000000,0.000000,0.000000,0.000000,0.000000,0.000000
70.890000,0.000000,0.000000,0.000000,0.000000,0.000000,0.000000
70.910000,0.000000,0.000000,0.000000,0.000000,0.000000,0.000000
70.940000,0.000000,0.000000,0.000000,0.000000,0.000000,0.000000
70.960000,0.000000,0.000000,0.000000,0.000000,0.000000,0.000000
70.980000,0.000000,0.000000,0.000000,0.000000,0.000000,0.000000
71.010000,0.000000,0.000000,0.000000,0.000000,0.000000,0.000000
71.030000,0.000000,0.000000,0.000000,0.000000,0.000000,0.000000
71.050000,0.000000,0.000000,0.000000,0.000000,0.000000,0.000000
71.070000,0.000000,0.000000,0.000000,0.000000,0.000000,0.000000
71.100000,0.000000,0.000000,0.000000,0.000000,0.000000,0.000000
71.120000,0.000000,0.000000,0.000000,0.000000,0.000000,0.000000
71.140000,0.000000,0.000000,0.000000,0.000000,0.000000,0.000000
71.170000,0.000000,0.000000,0.000000,0.000000,0.000000,0.000000
71.190000,0.000000,0.000000,0.000000,0.000000,0.000000,0.000000
71.210000,0.000000,0.000000,0.000000,0.000000,0.000000,0.000000
71.240000,0.000000,0.000000,0.000000,0.000000,0.000000,0.000000
71.260000,0.000000,0.000000,0.000000,0.000000,0.000000,0.000000
71.290000,0.000000,0.000000,0.000000,0.000000,0.000000,0.000000
71.310000,0.000000,0.000000,0.000000,0.000000,0.000000,0.000000
71.330000,0.000000,0.000000,0.000000,0.000000,0.000000,0.000000
71.360000,0.000000,0.000000,0.000000,0.000000,0.000000,0.000000
71.380000,0.000000,0.000000,0.000000,0.000000,0.000000,0.000000
71.410000,0.000000,0.000000,0.000000,0.000000,0.000000,0.000000
71.430000,0.000000,0.000000,0.000000,0.000000,0.000000,0.000000
71.450000,0.000000,0.000000,0.000000,0.000000,0.000000,0.000000
71.480000,0.000000,0.000000,0.000000,0.000000,0.000000,0.000000
71.500000,0.000000,0.000000,0.000000,0.000000,0.000000,0.000000
71.520000,0.000000,0.000000,0.000000,0.000000,0.000000,0.000000
71.550000,0.000000,0.000000,0.000000,0.000000,0.000000,0.000000
71.570000,0.000000,0.000000,0.000000,0.000000,0.000000,0.000000
71.590000,0.000000,0.000000,0.000000,0.000000,0.000000,0.000000
71.620000,0.000000,0.000000,0.000000,0.000000,0.000000,0.000000
71.640000,0.000000,0.000000,0.000000,0.000000,0.000000,0.000000
71.670000,0.000000,0.000000,0.000000,0.000000,0.000000,0.000000
71.690000,0.000000,0.000000,0.000000,0.000000,0.000000,0.000000
71.710000,0.000000,0.000000,0.000000,0.000000,0.000000,0.000000
71.740000,0.000000,0.000000,0.000000,0.000000,0.000000,0.000000
71.760000,0.000000,0.000000,0.000000,0.000000,0.000000,0.000000
71.790000,0.000000,0.000000,0.000000,0.000000,0.000000,0.000000
71.810000,0.000000,0.000000,0.000000,0.000000,0.000000,0.000000
71.840000,0.000000,0.000000,0.000000,0.000000,0.000000,0.000000
71.860000,0.000000,0.000000,0.000000,0.000000,0.000000,0.000000
71.890000,0.000000,0.000000,0.000000,0.000000,0.000000,0.000000
71.910000,0.000000,0.000000,0.000000,0.000000,0.000000,0.000000
71.930000,0.000000,0.000000,0.000000,0.000000,0.000000,0.000000
71.960000,0.000000,0.000000,0.000000,0.000000,0.000000,0.000000
71.980000,0.000000,0.000000,0.000000,0.000000,0.000000,0.000000
72.000000,0.000000,0.000000,0.000000,0.000000,0.000000,0.000000
72.030000,0.000000,0.000000,0.000000,0.000000,0.000000,0.000000
72.050000,0.000000,0.000000,0.000000,0.000000,0.000000,0.000000
72.080000,0.000000,0.000000,0.000000,0.000000,0.000000,0.000000
72.100000,0.000000,0.000000,0.000000,0.000000,0.000000,0.000000
72.120000,0.000000,0.000000,0.000000,0.000000,0.000000,0.000000
72.150000,0.000000,0.000000,0.000000,0.000000,0.000000,0.000000
72.170000,0.000000,0.000000,0.000000,0.000000,0.000000,0.000000
72.190000,0.000000,0.000000,0.000000,0.000000,0.000000,0.000000
72.220000,0.000000,0.000000,0.000000,0.000000,0.000000,0.000000
72.240000,0.000000,0.000000,0.000000,0.000000,0.000000,0.000000
72.270000,0.000000,0.000000,0.000000,0.000000,0.000000,0.000000
72.290000,0.000000,0.000000,0.000000,0.000000,0.000000,0.000000
72.310000,0.000000,0.000000,0.000000,0.000000,0.000000,0.000000
72.330000,0.000000,0.000000,0.000000,0.000000,0.000000,0.000000
72.360000,0.000000,0.000000,0.000000,0.000000,0.000000,0.000000
72.380000,0.000000,0.000000,0.000000,0.000000,0.000000,0.000000
72.400000,0.000000,0.000000,0.000000,0.000000,0.000000,0.000000
72.430000,0.000000,0.000000,0.000000,0.000000,0.000000,0.000000
72.450000,0.000000,0.000000,0.000000,0.000000,0.000000,0.000000
72.470000,0.000000,0.000000,0.000000,0.000000,0.000000,0.000000
72.490000,0.000000,0.000000,0.000000,0.000000,0.000000,0.000000
72.520000,0.000000,0.000000,0.000000,0.000000,0.000000,0.000000
72.540000,0.000000,0.000000,0.000000,0.000000,0.000000,0.000000
72.560000,0.000000,0.000000,0.000000,0.000000,0.000000,0.000000
72.580000,0.000000,0.000000,0.000000,0.000000,0.000000,0.000000
72.610000,0.000000,0.000000,0.000000,0.000000,0.000000,0.000000
72.630000,0.000000,0.000000,0.000000,0.000000,0.000000,0.000000
72.650000,0.000000,0.000000,0.000000,0.000000,0.000000,0.000000
72.680000,0.000000,0.000000,0.000000,0.000000,0.000000,0.000000
72.700000,0.000000,0.000000,0.000000,0.000000,0.000000,0.000000
72.720000,0.000000,0.000000,0.000000,0.000000,0.000000,0.000000
72.740000,0.000000,0.000000,0.000000,0.000000,0.000000,0.000000
72.770000,0.000000,0.000000,0.000000,0.000000,0.000000,0.000000
72.790000,0.000000,0.000000,0.000000,0.000000,0.000000,0.000000
72.810000,0.000000,0.000000,0.000000,0.000000,0.000000,0.000000
72.830000,0.000000,0.000000,0.000000,0.000000,0.000000,0.000000
72.860000,0.000000,0.000000,0.000000,0.000000,0.000000,0.000000
72.880000,0.000000,0.000000,0.000000,0.000000,0.000000,0.000000
72.900000,0.000000,0.000000,0.000000,0.000000,0.000000,0.000000
72.930000,0.000000,0.000000,0.000000,0.000000,0.000000,0.000000
72.950000,0.000000,0.000000,0.000000,0.000000,0.000000,0.000000
72.980000,0.000000,0.000000,0.000000,0.000000,0.000000,0.000000
73.000000,0.000000,0.000000,0.000000,0.000000,0.000000,0.000000
73.020000,0.000000,0.000000,0.000000,0.000000,0.000000,0.000000
73.040000,0.000000,0.000000,0.000000,0.000000,0.000000,0.000000
73.070000,0.000000,0.000000,0.000000,0.000000,0.000000,0.000000
73.090000,0.000000,0.000000,0.000000,0.000000,0.000000,0.000000
73.110000,0.000000,0.000000,0.000000,0.000000,0.000000,0.000000
73.140000,0.000000,0.000000,0.000000,0.000000,0.000000,0.000000
73.160000,0.000000,0.000000,0.000000,0.000000,0.000000,0.000000
73.190000,0.000000,0.000000,0.000000,0.000000,0.000000,0.000000
73.210000,0.000000,0.000000,0.000000,0.000000,0.000000,0.000000
73.230000,0.000000,0.000000,0.000000,0.000000,0.000000,0.000000
73.260000,0.000000,0.000000,0.000000,0.000000,0.000000,0.000000
73.280000,0.000000,0.000000,0.000000,0.000000,0.000000,0.000000
73.300000,0.000000,0.000000,0.000000,0.000000,0.000000,0.000000
73.330000,0.000000,0.000000,0.000000,0.000000,0.000000,0.000000
73.350000,0.000000,0.000000,0.000000,0.000000,0.000000,0.000000
73.380000,0.000000,0.000000,0.000000,0.000000,0.000000,0.000000
73.400000,0.000000,0.000000,0.000000,0.000000,0.000000,0.000000
73.420000,0.000000,0.000000,0.000000,0.000000,0.000000,0.000000
73.450000,0.000000,0.000000,0.000000,0.000000,0.000000,0.000000
73.470000,0.000000,0.000000,0.000000,0.000000,0.000000,0.000000
73.500000,0.000000,0.000000,0.000000,0.000000,0.000000,0.000000
73.520000,0.000000,0.000000,0.000000,0.000000,0.000000,0.000000
73.550000,0.000000,0.000000,0.000000,0.000000,0.000000,0.000000
73.570000,0.000000,0.000000,0.000000,0.000000,0.000000,0.000000
73.590000,0.000000,0.000000,0.000000,0.000000,0.000000,0.000000
73.620000,0.000000,0.000000,0.000000,0.000000,0.000000,0.000000
73.640000,0.000000,0.000000,0.000000,0.000000,0.000000,0.000000
73.660000,0.000000,0.000000,0.000000,0.000000,0.000000,0.000000
73.690000,0.000000,0.000000,0.000000,0.000000,0.000000,0.000000
73.710000,0.000000,0.000000,0.000000,0.000000,0.000000,0.000000
73.740000,0.000000,0.000000,0.000000,0.000000,0.000000,0.000000
73.760000,0.000000,0.000000,0.000000,0.000000,0.000000,0.000000
73.780000,0.000000,0.000000,0.000000,0.000000,0.000000,0.000000
73.810000,0.000000,0.000000,0.000000,0.000000,0.000000,0.000000
73.830000,0.000000,0.000000,0.000000,0.000000,0.000000,0.000000
73.860000,0.000000,0.000000,0.000000,0.000000,0.000000,0.000000
73.880000,0.000000,0.000000,0.000000,0.000000,0.000000,0.000000
73.900000,0.000000,0.000000,0.000000,0.000000,0.000000,0.000000
73.930000,0.000000,0.000000,0.000000,0.000000,0.000000,0.000000
73.950000,0.000000,0.000000,0.000000,0.000000,0.000000,0.000000
73.970000,0.000000,0.000000,0.000000,0.000000,0.000000,0.000000
74.000000,0.000000,0.000000,0.000000,0.000000,0.000000,0.000000
74.020000,0.000000,0.000000,0.000000,0.000000,0.000000,0.000000
74.040000,0.000000,0.000000,0.000000,0.000000,0.000000,0.000000
74.070000,0.000000,0.000000,0.000000,0.000000,0.000000,0.000000
74.090000,0.000000,0.000000,0.000000,0.000000,0.000000,0.000000
74.110000,0.000000,0.000000,0.000000,0.000000,0.000000,0.000000
74.140000,0.000000,0.000000,0.000000,0.000000,0.000000,0.000000
74.160000,0.000000,0.000000,0.000000,0.000000,0.000000,0.000000
74.180000,0.000000,0.000000,0.000000,0.000000,0.000000,0.000000
74.210000,0.000000,0.000000,0.000000,0.000000,0.000000,0.000000
74.230000,0.000000,0.000000,0.000000,0.000000,0.000000,0.000000
74.260000,0.000000,0.000000,0.000000,0.000000,0.000000,0.000000
74.280000,0.000000,0.000000,0.000000,0.000000,0.000000,0.000000
74.300000,0.000000,0.000000,0.000000,0.000000,0.000000,0.000000
74.330000,0.000000,0.000000,0.000000,0.000000,0.000000,0.000000
74.350000,0.000000,0.000000,0.000000,0.000000,0.000000,0.000000
74.370000,0.000000,0.000000,0.000000,0.000000,0.000000,0.000000
74.400000,0.000000,0.000000,0.000000,0.000000,0.000000,0.000000
74.420000,0.000000,0.000000,0.000000,0.000000,0.000000,0.000000
74.440000,0.000000,0.000000,0.000000,0.000000,0.000000,0.000000
74.460000,0.000000,0.000000,0.000000,0.000000,0.000000,0.000000
74.490000,0.000000,0.000000,0.000000,0.000000,0.000000,0.000000
74.510000,0.000000,0.000000,0.000000,0.000000,0.000000,0.000000
74.530000,0.000000,0.000000,0.000000,0.000000,0.000000,0.000000
74.550000,0.000000,0.000000,0.000000,0.000000,0.000000,0.000000
74.570000,0.000000,0.000000,0.000000,0.000000,0.000000,0.000000
74.600000,0.000000,0.000000,0.000000,0.000000,0.000000,0.000000
74.620000,0.000000,0.000000,0.000000,0.000000,0.000000,0.000000
74.640000,0.000000,0.000000,0.000000,0.000000,0.000000,0.000000
74.660000,0.000000,0.000000,0.000000,0.000000,0.000000,0.000000
74.680000,0.000000,0.000000,0.000000,0.000000,0.000000,0.000000
74.710000,0.000000,0.000000,0.000000,0.000000,0.000000,0.000000
74.730000,0.000000,0.000000,0.000000,0.000000,0.000000,0.000000
74.750000,0.000000,0.000000,0.000000,0.000000,0.000000,0.000000
74.770000,0.000000,0.000000,0.000000,0.000000,0.000000,0.000000
74.800000,0.000000,0.000000,0.000000,0.000000,0.000000,0.000000
74.820000,0.000000,0.000000,0.000000,0.000000,0.000000,0.000000
74.840000,0.000000,0.000000,0.000000,0.000000,0.000000,0.000000
74.860000,0.000000,0.000000,0.000000,0.000000,0.000000,0.000000
74.880000,0.000000,0.000000,0.000000,0.000000,0.000000,0.000000
74.910000,0.000000,0.000000,0.000000,0.000000,0.000000,0.000000
74.930000,0.000000,0.000000,0.000000,0.000000,0.000000,0.000000
74.960000,0.000000,0.000000,0.000000,0.000000,0.000000,0.000000
74.980000,0.000000,0.000000,0.000000,0.000000,0.000000,0.000000
75.000000,0.000000,0.000000,0.000000,0.000000,0.000000,0.000000
75.030000,0.000000,0.000000,0.000000,0.000000,0.000000,0.000000
75.050000,0.000000,0.000000,0.000000,0.000000,0.000000,0.000000
75.070000,0.000000,0.000000,0.000000,0.000000,0.000000,0.000000
75.100000,0.000000,0.000000,0.000000,0.000000,0.000000,0.000000
75.120000,0.000000,0.000000,0.000000,0.000000,0.000000,0.000000
75.140000,0.000000,0.000000,0.000000,0.000000,0.000000,0.000000
75.160000,0.000000,0.000000,0.000000,0.000000,0.000000,0.000000
75.190000,0.000000,0.000000,0.000000,0.000000,0.000000,0.000000
75.210000,0.000000,0.000000,0.000000,0.000000,0.000000,0.000000
75.230000,0.000000,0.000000,0.000000,0.000000,0.000000,0.000000
75.250000,0.000000,0.000000,0.000000,0.000000,0.000000,0.000000
75.280000,0.000000,0.000000,0.000000,0.000000,0.000000,0.000000
75.300000,0.000000,0.000000,0.000000,0.000000,0.000000,0.000000
75.320000,0.000000,0.000000,0.000000,0.000000,0.000000,0.000000
75.340000,0.000000,0.000000,0.000000,0.000000,0.000000,0.000000
75.360000,0.000000,0.000000,0.000000,0.000000,0.000000,0.000000
75.390000,0.000000,0.000000,0.000000,0.000000,0.000000,0.000000
75.410000,0.000000,0.000000,0.000000,0.000000,0.000000,0.000000
75.430000,0.000000,0.000000,0.000000,0.000000,0.000000,0.000000
75.460000,0.000000,0.000000,0.000000,0.000000,0.000000,0.000000
75.490000,0.000000,0.000000,0.000000,0.000000,0.000000,0.000000
75.510000,0.000000,0.000000,0.000000,0.000000,0.000000,0.000000
75.530000,0.000000,0.000000,0.000000,0.000000,0.000000,0.000000
75.550000,0.000000,0.000000,0.000000,0.000000,0.000000,0.000000
75.580000,0.000000,0.000000,0.000000,0.000000,0.000000,0.000000
75.600000,0.000000,0.000000,0.000000,0.000000,0.000000,0.000000
75.620000,0.000000,0.000000,0.000000,0.000000,0.000000,0.000000
75.650000,0.000000,0.000000,0.000000,0.000000,0.000000,0.000000
75.670000,0.000000,0.000000,0.000000,0.000000,0.000000,0.000000
75.690000,0.000000,0.000000,0.000000,0.000000,0.000000,0.000000
75.710000,0.000000,0.000000,0.000000,0.000000,0.000000,0.000000
75.740000,0.000000,0.000000,0.000000,0.000000,0.000000,0.000000
75.760000,0.000000,0.000000,0.000000,0.000000,0.000000,0.000000
75.790000,0.000000,0.000000,0.000000,0.000000,0.000000,0.000000
75.810000,0.000000,0.000000,0.000000,0.000000,0.000000,0.000000
75.830000,0.000000,0.000000,0.000000,0.000000,0.000000,0.000000
75.860000,0.000000,0.000000,0.000000,0.000000,0.000000,0.000000
75.880000,0.000000,0.000000,0.000000,0.000000,0.000000,0.000000
75.910000,0.000000,0.000000,0.000000,0.000000,0.000000,0.000000
75.930000,0.000000,0.000000,0.000000,0.000000,0.000000,0.000000
75.950000,0.000000,0.000000,0.000000,0.000000,0.000000,0.000000
75.980000,0.000000,0.000000,0.000000,0.000000,0.000000,0.000000
76.000000,0.000000,0.000000,0.000000,0.000000,0.000000,0.000000
76.020000,0.000000,0.000000,0.000000,0.000000,0.000000,0.000000
76.050000,0.000000,0.000000,0.000000,0.000000,0.000000,0.000000
76.070000,0.000000,0.000000,0.000000,0.000000,0.000000,0.000000
76.090000,0.000000,0.000000,0.000000,0.000000,0.000000,0.000000
76.110000,0.000000,0.000000,0.000000,0.000000,0.000000,0.000000
76.140000,0.000000,0.000000,0.000000,0.000000,0.000000,0.000000
76.160000,0.000000,0.000000,0.000000,0.000000,0.000000,0.000000
76.180000,0.000000,0.000000,0.000000,0.000000,0.000000,0.000000
76.210000,0.000000,0.000000,0.000000,0.000000,0.000000,0.000000
76.230000,0.000000,0.000000,0.000000,0.000000,0.000000,0.000000
76.250000,0.000000,0.000000,0.000000,0.000000,0.000000,0.000000
76.280000,0.000000,0.000000,0.000000,0.000000,0.000000,0.000000
76.300000,0.000000,0.000000,0.000000,0.000000,0.000000,0.000000
76.330000,0.000000,0.000000,0.000000,0.000000,0.000000,0.000000
76.350000,0.000000,0.000000,0.000000,0.000000,0.000000,0.000000
76.390000,0.000000,0.000000,0.000000,0.000000,0.000000,0.000000
76.410000,0.000000,0.000000,0.000000,0.000000,0.000000,0.000000
76.440000,0.000000,0.000000,0.000000,0.000000,0.000000,0.000000
76.460000,0.000000,0.000000,0.000000,0.000000,0.000000,0.000000
76.490000,0.000000,0.000000,0.000000,0.000000,0.000000,0.000000
76.510000,0.000000,0.000000,0.000000,0.000000,0.000000,0.000000
76.530000,0.000000,0.000000,0.000000,0.000000,0.000000,0.000000
76.560000,0.000000,0.000000,0.000000,0.000000,0.000000,0.000000
76.580000,0.000000,0.000000,0.000000,0.000000,0.000000,0.000000
76.600000,0.000000,0.000000,0.000000,0.000000,0.000000,0.000000
76.630000,0.000000,0.000000,0.000000,0.000000,0.000000,0.000000
76.650000,0.000000,0.000000,0.000000,0.000000,0.000000,0.000000
76.680000,0.000000,0.000000,0.000000,0.000000,0.000000,0.000000
76.700000,0.000000,0.000000,0.000000,0.000000,0.000000,0.000000
76.720000,0.000000,0.000000,0.000000,0.000000,0.000000,0.000000
76.750000,0.000000,0.000000,0.000000,0.000000,0.000000,0.000000
76.770000,0.000000,0.000000,0.000000,0.000000,0.000000,0.000000
76.790000,0.000000,0.000000,0.000000,0.000000,0.000000,0.000000
76.810000,0.000000,0.000000,0.000000,0.000000,0.000000,0.000000
76.840000,0.000000,0.000000,0.000000,0.000000,0.000000,0.000000
76.860000,0.000000,0.000000,0.000000,0.000000,0.000000,0.000000
76.880000,0.000000,0.000000,0.000000,0.000000,0.000000,0.000000
76.910000,0.000000,0.000000,0.000000,0.000000,0.000000,0.000000
76.930000,0.000000,0.000000,0.000000,0.000000,0.000000,0.000000
76.950000,0.000000,0.000000,0.000000,0.000000,0.000000,0.000000
76.970000,0.000000,0.000000,0.000000,0.000000,0.000000,0.000000
77.000000,0.000000,0.000000,0.000000,0.000000,0.000000,0.000000
77.020000,0.000000,0.000000,0.000000,0.000000,0.000000,0.000000
77.040000,0.000000,0.000000,0.000000,0.000000,0.000000,0.000000
77.070000,0.000000,0.000000,0.000000,0.000000,0.000000,0.000000
77.100000,0.000000,0.000000,0.000000,0.000000,0.000000,0.000000
77.130000,0.000000,0.000000,0.000000,0.000000,0.000000,0.000000
77.150000,0.000000,0.000000,0.000000,0.000000,0.000000,0.000000
77.170000,0.000000,0.000000,0.000000,0.000000,0.000000,0.000000
77.200000,0.000000,0.000000,0.000000,0.000000,0.000000,0.000000
77.220000,0.000000,0.000000,0.000000,0.000000,0.000000,0.000000
77.250000,0.000000,0.000000,0.000000,0.000000,0.000000,0.000000
77.270000,0.000000,0.000000,0.000000,0.000000,0.000000,0.000000
77.300000,0.000000,0.000000,0.000000,0.000000,0.000000,0.000000
77.320000,0.000000,0.000000,0.000000,0.000000,0.000000,0.000000
77.340000,0.000000,0.000000,0.000000,0.000000,0.000000,0.000000
77.370000,0.000000,0.000000,0.000000,0.000000,0.000000,0.000000
77.390000,0.000000,0.000000,0.000000,0.000000,0.000000,0.000000
77.420000,0.000000,0.000000,0.000000,0.000000,0.000000,0.000000
77.440000,0.000000,0.000000,0.000000,0.000000,0.000000,0.000000
77.470000,0.000000,0.000000,0.000000,0.000000,0.000000,0.000000
77.490000,0.000000,0.000000,0.000000,0.000000,0.000000,0.000000
77.510000,0.000000,0.000000,0.000000,0.000000,0.000000,0.000000
77.540000,0.000000,0.000000,0.000000,0.000000,0.000000,0.000000
77.560000,0.000000,0.000000,0.000000,0.000000,0.000000,0.000000
77.590000,0.000000,0.000000,0.000000,0.000000,0.000000,0.000000
77.610000,0.000000,0.000000,0.000000,0.000000,0.000000,0.000000
77.640000,0.000000,0.000000,0.000000,0.000000,0.000000,0.000000
77.660000,0.000000,0.000000,0.000000,0.000000,0.000000,0.000000
77.680000,0.000000,0.000000,0.000000,0.000000,0.000000,0.000000
77.710000,0.000000,0.000000,0.000000,0.000000,0.000000,0.000000
77.730000,0.000000,0.000000,0.000000,0.000000,0.000000,0.000000
77.750000,0.000000,0.000000,0.000000,0.000000,0.000000,0.000000
77.780000,0.000000,0.000000,0.000000,0.000000,0.000000,0.000000
77.800000,0.000000,0.000000,0.000000,0.000000,0.000000,0.000000
77.820000,0.000000,0.000000,0.000000,0.000000,0.000000,0.000000
77.850000,0.000000,0.000000,0.000000,0.000000,0.000000,0.000000
77.870000,0.000000,0.000000,0.000000,0.000000,0.000000,0.000000
77.890000,0.000000,0.000000,0.000000,0.000000,0.000000,0.000000
77.920000,0.000000,0.000000,0.000000,0.000000,0.000000,0.000000
77.940000,0.000000,0.000000,0.000000,0.000000,0.000000,0.000000
77.970000,0.000000,0.000000,0.000000,0.000000,0.000000,0.000000
77.990000,0.000000,0.000000,0.000000,0.000000,0.000000,0.000000
78.010000,0.000000,0.000000,0.000000,0.000000,0.000000,0.000000
78.040000,0.000000,0.000000,0.000000,0.000000,0.000000,0.000000
78.060000,0.000000,0.000000,0.000000,0.000000,0.000000,0.000000
78.090000,0.000000,0.000000,0.000000,0.000000,0.000000,0.000000
78.110000,0.000000,0.000000,0.000000,0.000000,0.000000,0.000000
78.140000,0.000000,0.000000,0.000000,0.000000,0.000000,0.000000
78.160000,0.000000,0.000000,0.000000,0.000000,0.000000,0.000000
78.180000,0.000000,0.000000,0.000000,0.000000,0.000000,0.000000
78.210000,0.000000,0.000000,0.000000,0.000000,0.000000,0.000000
78.230000,0.000000,0.000000,0.000000,0.000000,0.000000,0.000000
78.260000,0.000000,0.000000,0.000000,0.000000,0.000000,0.000000
78.280000,0.000000,0.000000,0.000000,0.000000,0.000000,0.000000
78.300000,0.000000,0.000000,0.000000,0.000000,0.000000,0.000000
78.330000,0.000000,0.000000,0.000000,0.000000,0.000000,0.000000
78.350000,0.000000,0.000000,0.000000,0.000000,0.000000,0.000000
78.370000,0.000000,0.000000,0.000000,0.000000,0.000000,0.000000
78.390000,0.000000,0.000000,0.000000,0.000000,0.000000,0.000000
78.410000,0.000000,0.000000,0.000000,0.000000,0.000000,0.000000
78.440000,0.000000,0.000000,0.000000,0.000000,0.000000,0.000000
78.460000,0.000000,0.000000,0.000000,0.000000,0.000000,0.000000
78.480000,0.000000,0.000000,0.000000,0.000000,0.000000,0.000000
78.500000,0.000000,0.000000,0.000000,0.000000,0.000000,0.000000
78.530000,0.000000,0.000000,0.000000,0.000000,0.000000,0.000000
78.550000,0.000000,0.000000,0.000000,0.000000,0.000000,0.000000
78.580000,0.000000,0.000000,0.000000,0.000000,0.000000,0.000000
78.600000,0.000000,0.000000,0.000000,0.000000,0.000000,0.000000
78.620000,0.000000,0.000000,0.000000,0.000000,0.000000,0.000000
78.650000,0.000000,0.000000,0.000000,0.000000,0.000000,0.000000
78.670000,0.000000,0.000000,0.000000,0.000000,0.000000,0.000000
78.690000,0.000000,0.000000,0.000000,0.000000,0.000000,0.000000
78.720000,0.000000,0.000000,0.000000,0.000000,0.000000,0.000000
78.740000,0.000000,0.000000,0.000000,0.000000,0.000000,0.000000
78.770000,0.000000,0.000000,0.000000,0.000000,0.000000,0.000000
78.790000,0.000000,0.000000,0.000000,0.000000,0.000000,0.000000
78.810000,0.000000,0.000000,0.000000,0.000000,0.000000,0.000000
78.840000,0.000000,0.000000,0.000000,0.000000,0.000000,0.000000
78.860000,0.000000,0.000000,0.000000,0.000000,0.000000,0.000000
78.890000,0.000000,0.000000,0.000000,0.000000,0.000000,0.000000
78.910000,0.000000,0.000000,0.000000,0.000000,0.000000,0.000000
78.940000,0.000000,0.000000,0.000000,0.000000,0.000000,0.000000
78.960000,0.000000,0.000000,0.000000,0.000000,0.000000,0.000000
78.980000,0.000000,0.000000,0.000000,0.000000,0.000000,0.000000
79.010000,0.000000,0.000000,0.000000,0.000000,0.000000,0.000000
79.030000,0.000000,0.000000,0.000000,0.000000,0.000000,0.000000
79.050000,0.000000,0.000000,0.000000,0.000000,0.000000,0.000000
79.070000,0.000000,0.000000,0.000000,0.000000,0.000000,0.000000
79.100000,0.000000,0.000000,0.000000,0.000000,0.000000,0.000000
79.120000,0.000000,0.000000,0.000000,0.000000,0.000000,0.000000
79.140000,0.000000,0.000000,0.000000,0.000000,0.000000,0.000000
79.160000,0.000000,0.000000,0.000000,0.000000,0.000000,0.000000
79.190000,0.000000,0.000000,0.000000,0.000000,0.000000,0.000000
79.210000,0.000000,0.000000,0.000000,0.000000,0.000000,0.000000
79.230000,0.000000,0.000000,0.000000,0.000000,0.000000,0.000000
79.250000,0.000000,0.000000,0.000000,0.000000,0.000000,0.000000
79.280000,0.000000,0.000000,0.000000,0.000000,0.000000,0.000000
79.300000,0.000000,0.000000,0.000000,0.000000,0.000000,0.000000
79.320000,0.000000,0.000000,0.000000,0.000000,0.000000,0.000000
79.340000,0.000000,0.000000,0.000000,0.000000,0.000000,0.000000
79.370000,0.000000,0.000000,0.000000,0.000000,0.000000,0.000000
79.390000,0.000000,0.000000,0.000000,0.000000,0.000000,0.000000
79.410000,0.000000,0.000000,0.000000,0.000000,0.000000,0.000000
79.440000,0.000000,0.000000,0.000000,0.000000,0.000000,0.000000
79.460000,0.000000,0.000000,0.000000,0.000000,0.000000,0.000000
79.480000,0.000000,0.000000,0.000000,0.000000,0.000000,0.000000
79.510000,0.000000,0.000000,0.000000,0.000000,0.000000,0.000000
79.530000,0.000000,0.000000,0.000000,0.000000,0.000000,0.000000
79.550000,0.000000,0.000000,0.000000,0.000000,0.000000,0.000000
79.580000,0.000000,0.000000,0.000000,0.000000,0.000000,0.000000
79.600000,0.000000,0.000000,0.000000,0.000000,0.000000,0.000000
79.630000,0.000000,0.000000,0.000000,0.000000,0.000000,0.000000
79.650000,0.000000,0.000000,0.000000,0.000000,0.000000,0.000000
79.670000,0.000000,0.000000,0.000000,0.000000,0.000000,0.000000
79.700000,0.000000,0.000000,0.000000,0.000000,0.000000,0.000000
79.720000,0.000000,0.000000,0.000000,0.000000,0.000000,0.000000
79.750000,0.000000,0.000000,0.000000,0.000000,0.000000,0.000000
79.770000,0.000000,0.000000,0.000000,0.000000,0.000000,0.000000
79.790000,0.000000,0.000000,0.000000,0.000000,0.000000,0.000000
79.820000,0.000000,0.000000,0.000000,0.000000,0.000000,0.000000
79.840000,0.000000,0.000000,0.000000,0.000000,0.000000,0.000000
79.870000,0.000000,0.000000,0.000000,0.000000,0.000000,0.000000
79.890000,0.000000,0.000000,0.000000,0.000000,0.000000,0.000000
79.910000,0.000000,0.000000,0.000000,0.000000,0.000000,0.000000
79.940000,0.000000,0.000000,0.000000,0.000000,0.000000,0.000000
79.960000,0.000000,0.000000,0.000000,0.000000,0.000000,0.000000
79.990000,0.000000,0.000000,0.000000,0.000000,0.000000,0.000000
80.010000,0.000000,0.000000,0.000000,0.000000,0.000000,0.000000
80.030000,0.000000,0.000000,0.000000,0.000000,0.000000,0.000000
80.050000,0.000000,0.000000,0.000000,0.000000,0.000000,0.000000
80.080000,0.000000,0.000000,0.000000,0.000000,0.000000,0.000000
80.100000,0.000000,0.000000,0.000000,0.000000,0.000000,0.000000
80.120000,0.000000,0.000000,0.000000,0.000000,0.000000,0.000000
80.150000,0.000000,0.000000,0.000000,0.000000,0.000000,0.000000
80.170000,0.000000,0.000000,0.000000,0.000000,0.000000,0.000000
80.190000,0.000000,0.000000,0.000000,0.000000,0.000000,0.000000
80.220000,0.000000,0.000000,0.000000,0.000000,0.000000,0.000000
80.240000,0.000000,0.000000,0.000000,0.000000,0.000000,0.000000
80.260000,0.000000,0.000000,0.000000,0.000000,0.000000,0.000000
80.290000,0.000000,0.000000,0.000000,0.000000,0.000000,0.000000
80.310000,0.000000,0.000000,0.000000,0.000000,0.000000,0.000000
80.340000,0.000000,0.000000,0.000000,0.000000,0.000000,0.000000
80.360000,0.000000,0.000000,0.000000,0.000000,0.000000,0.000000
80.380000,0.000000,0.000000,0.000000,0.000000,0.000000,0.000000
80.410000,0.000000,0.000000,0.000000,0.000000,0.000000,0.000000
80.430000,0.000000,0.000000,0.000000,0.000000,0.000000,0.000000
80.450000,0.000000,0.000000,0.000000,0.000000,0.000000,0.000000
80.470000,0.000000,0.000000,0.000000,0.000000,0.000000,0.000000
80.500000,0.000000,0.000000,0.000000,0.000000,0.000000,0.000000
80.520000,0.000000,0.000000,0.000000,0.000000,0.000000,0.000000
80.550000,0.000000,0.000000,0.000000,0.000000,0.000000,0.000000
80.570000,0.000000,0.000000,0.000000,0.000000,0.000000,0.000000
80.600000,0.000000,0.000000,0.000000,0.000000,0.000000,0.000000
80.620000,0.000000,0.000000,0.000000,0.000000,0.000000,0.000000
80.640000,0.000000,0.000000,0.000000,0.000000,0.000000,0.000000
80.670000,0.000000,0.000000,0.000000,0.000000,0.000000,0.000000
80.690000,0.000000,0.000000,0.000000,0.000000,0.000000,0.000000
80.710000,0.000000,0.000000,0.000000,0.000000,0.000000,0.000000
80.730000,0.000000,0.000000,0.000000,0.000000,0.000000,0.000000
80.760000,0.000000,0.000000,0.000000,0.000000,0.000000,0.000000
80.780000,0.000000,0.000000,0.000000,0.000000,0.000000,0.000000
80.800000,0.000000,0.000000,0.000000,0.000000,0.000000,0.000000
80.820000,0.000000,0.000000,0.000000,0.000000,0.000000,0.000000
80.850000,0.000000,0.000000,0.000000,0.000000,0.000000,0.000000
80.880000,0.000000,0.000000,0.000000,0.000000,0.000000,0.000000
80.900000,0.000000,0.000000,0.000000,0.000000,0.000000,0.000000
80.920000,0.000000,0.000000,0.000000,0.000000,0.000000,0.000000
80.940000,0.000000,0.000000,0.000000,0.000000,0.000000,0.000000
80.970000,0.000000,0.000000,0.000000,0.000000,0.000000,0.000000
80.990000,0.000000,0.000000,0.000000,0.000000,0.000000,0.000000
81.010000,0.000000,0.000000,0.000000,0.000000,0.000000,0.000000
81.040000,0.000000,0.000000,0.000000,0.000000,0.000000,0.000000
81.060000,0.000000,0.000000,0.000000,0.000000,0.000000,0.000000
81.080000,0.000000,0.000000,0.000000,0.000000,0.000000,0.000000
81.110000,0.000000,0.000000,0.000000,0.000000,0.000000,0.000000
81.130000,0.000000,0.000000,0.000000,0.000000,0.000000,0.000000
81.160000,0.000000,0.000000,0.000000,0.000000,0.000000,0.000000
81.180000,0.000000,0.000000,0.000000,0.000000,0.000000,0.000000
81.200000,0.000000,0.000000,0.000000,0.000000,0.000000,0.000000
81.230000,0.000000,0.000000,0.000000,0.000000,0.000000,0.000000
81.250000,0.000000,0.000000,0.000000,0.000000,0.000000,0.000000
81.280000,0.000000,0.000000,0.000000,0.000000,0.000000,0.000000
81.300000,0.000000,0.000000,0.000000,0.000000,0.000000,0.000000
81.320000,0.000000,0.000000,0.000000,0.000000,0.000000,0.000000
81.350000,0.000000,0.000000,0.000000,0.000000,0.000000,0.000000
81.370000,0.000000,0.000000,0.000000,0.000000,0.000000,0.000000
81.390000,0.000000,0.000000,0.000000,0.000000,0.000000,0.000000
81.420000,0.000000,0.000000,0.000000,0.000000,0.000000,0.000000
81.440000,0.000000,0.000000,0.000000,0.000000,0.000000,0.000000
81.460000,0.000000,0.000000,0.000000,0.000000,0.000000,0.000000
81.490000,0.000000,0.000000,0.000000,0.000000,0.000000,0.000000
81.510000,0.000000,0.000000,0.000000,0.000000,0.000000,0.000000
81.530000,0.000000,0.000000,0.000000,0.000000,0.000000,0.000000
81.560000,0.000000,0.000000,0.000000,0.000000,0.000000,0.000000
81.580000,0.000000,0.000000,0.000000,0.000000,0.000000,0.000000
81.600000,0.000000,0.000000,0.000000,0.000000,0.000000,0.000000
81.630000,0.000000,0.000000,0.000000,0.000000,0.000000,0.000000
81.650000,0.000000,0.000000,0.000000,0.000000,0.000000,0.000000
81.680000,0.000000,0.000000,0.000000,0.000000,0.000000,0.000000
81.700000,0.000000,0.000000,0.000000,0.000000,0.000000,0.000000
81.720000,0.000000,0.000000,0.000000,0.000000,0.000000,0.000000
81.750000,0.000000,0.000000,0.000000,0.000000,0.000000,0.000000
81.770000,0.000000,0.000000,0.000000,0.000000,0.000000,0.000000
81.790000,0.000000,0.000000,0.000000,0.000000,0.000000,0.000000
81.810000,0.000000,0.000000,0.000000,0.000000,0.000000,0.000000
81.830000,0.000000,0.000000,0.000000,0.000000,0.000000,0.000000
81.860000,0.000000,0.000000,0.000000,0.000000,0.000000,0.000000
81.880000,0.000000,0.000000,0.000000,0.000000,0.000000,0.000000
81.900000,0.000000,0.000000,0.000000,0.000000,0.000000,0.000000
81.920000,0.000000,0.000000,0.000000,0.000000,0.000000,0.000000
81.950000,0.000000,0.000000,0.000000,0.000000,0.000000,0.000000
81.970000,0.000000,0.000000,0.000000,0.000000,0.000000,0.000000
82.000000,0.000000,0.000000,0.000000,0.000000,0.000000,0.000000
82.020000,0.000000,0.000000,0.000000,0.000000,0.000000,0.000000
82.040000,0.000000,0.000000,0.000000,0.000000,0.000000,0.000000
82.070000,0.000000,0.000000,0.000000,0.000000,0.000000,0.000000
82.090000,0.000000,0.000000,0.000000,0.000000,0.000000,0.000000
82.120000,0.000000,0.000000,0.000000,0.000000,0.000000,0.000000
82.140000,0.000000,0.000000,0.000000,0.000000,0.000000,0.000000
82.160000,0.000000,0.000000,0.000000,0.000000,0.000000,0.000000
82.190000,0.000000,0.000000,0.000000,0.000000,0.000000,0.000000
82.210000,0.000000,0.000000,0.000000,0.000000,0.000000,0.000000
82.240000,0.000000,0.000000,0.000000,0.000000,0.000000,0.000000
82.260000,0.000000,0.000000,0.000000,0.000000,0.000000,0.000000
82.280000,0.000000,0.000000,0.000000,0.000000,0.000000,0.000000
82.310000,0.000000,0.000000,0.000000,0.000000,0.000000,0.000000
82.330000,0.000000,0.000000,0.000000,0.000000,0.000000,0.000000
82.350000,0.000000,0.000000,0.000000,0.000000,0.000000,0.000000
82.370000,0.000000,0.000000,0.000000,0.000000,0.000000,0.000000
82.400000,0.000000,0.000000,0.000000,0.000000,0.000000,0.000000
82.430000,0.000000,0.000000,0.000000,0.000000,0.000000,0.000000
82.450000,0.000000,0.000000,0.000000,0.000000,0.000000,0.000000
82.480000,0.000000,0.000000,0.000000,0.000000,0.000000,0.000000
82.500000,0.000000,0.000000,0.000000,0.000000,0.000000,0.000000
82.530000,0.000000,0.000000,0.000000,0.000000,0.000000,0.000000
82.550000,0.000000,0.000000,0.000000,0.000000,0.000000,0.000000
82.570000,0.000000,0.000000,0.000000,0.000000,0.000000,0.000000
82.600000,0.000000,0.000000,0.000000,0.000000,0.000000,0.000000
82.620000,0.000000,0.000000,0.000000,0.000000,0.000000,0.000000
82.640000,0.000000,0.000000,0.000000,0.000000,0.000000,0.000000
82.670000,0.000000,0.000000,0.000000,0.000000,0.000000,0.000000
82.690000,0.000000,0.000000,0.000000,0.000000,0.000000,0.000000
82.720000,0.000000,0.000000,0.000000,0.000000,0.000000,0.000000
82.740000,0.000000,0.000000,0.000000,0.000000,0.000000,0.000000
82.770000,0.000000,0.000000,0.000000,0.000000,0.000000,0.000000
82.790000,0.000000,0.000000,0.000000,0.000000,0.000000,0.000000
82.810000,0.000000,0.000000,0.000000,0.000000,0.000000,0.000000
82.840000,0.000000,0.000000,0.000000,0.000000,0.000000,0.000000
82.860000,0.000000,0.000000,0.000000,0.000000,0.000000,0.000000
82.880000,0.000000,0.000000,0.000000,0.000000,0.000000,0.000000
82.910000,0.000000,0.000000,0.000000,0.000000,0.000000,0.000000
82.930000,0.000000,0.000000,0.000000,0.000000,0.000000,0.000000
82.950000,0.000000,0.000000,0.000000,0.000000,0.000000,0.000000
82.980000,0.000000,0.000000,0.000000,0.000000,0.000000,0.000000
83.000000,0.000000,0.000000,0.000000,0.000000,0.000000,0.000000
83.020000,0.000000,0.000000,0.000000,0.000000,0.000000,0.000000
83.050000,0.000000,0.000000,0.000000,0.000000,0.000000,0.000000
83.070000,0.000000,0.000000,0.000000,0.000000,0.000000,0.000000
83.100000,0.000000,0.000000,0.000000,0.000000,0.000000,0.000000
83.120000,0.000000,0.000000,0.000000,0.000000,0.000000,0.000000
83.140000,0.000000,0.000000,0.000000,0.000000,0.000000,0.000000
83.170000,0.000000,0.000000,0.000000,0.000000,0.000000,0.000000
83.190000,0.000000,0.000000,0.000000,0.000000,0.000000,0.000000
83.210000,0.000000,0.000000,0.000000,0.000000,0.000000,0.000000
83.240000,0.000000,0.000000,0.000000,0.000000,0.000000,0.000000
83.260000,0.000000,0.000000,0.000000,0.000000,0.000000,0.000000
83.280000,0.000000,0.000000,0.000000,0.000000,0.000000,0.000000
83.300000,0.000000,0.000000,0.000000,0.000000,0.000000,0.000000
83.330000,0.000000,0.000000,0.000000,0.000000,0.000000,0.000000
83.350000,0.000000,0.000000,0.000000,0.000000,0.000000,0.000000
83.370000,0.000000,0.000000,0.000000,0.000000,0.000000,0.000000
83.400000,0.000000,0.000000,0.000000,0.000000,0.000000,0.000000
83.420000,0.000000,0.000000,0.000000,0.000000,0.000000,0.000000
83.440000,0.000000,0.000000,0.000000,0.000000,0.000000,0.000000
83.470000,0.000000,0.000000,0.000000,0.000000,0.000000,0.000000
83.490000,0.000000,0.000000,0.000000,0.000000,0.000000,0.000000
83.520000,0.000000,0.000000,0.000000,0.000000,0.000000,0.000000
83.540000,0.000000,0.000000,0.000000,0.000000,0.000000,0.000000
83.560000,0.000000,0.000000,0.000000,0.000000,0.000000,0.000000
83.580000,0.000000,0.000000,0.000000,0.000000,0.000000,0.000000
83.610000,0.000000,0.000000,0.000000,0.000000,0.000000,0.000000
83.630000,0.000000,0.000000,0.000000,0.000000,0.000000,0.000000
83.650000,0.000000,0.000000,0.000000,0.000000,0.000000,0.000000
83.680000,0.000000,0.000000,0.000000,0.000000,0.000000,0.000000
83.700000,0.000000,0.000000,0.000000,0.000000,0.000000,0.000000
83.720000,0.000000,0.000000,0.000000,0.000000,0.000000,0.000000
83.750000,0.000000,0.000000,0.000000,0.000000,0.000000,0.000000
83.770000,0.000000,0.000000,0.000000,0.000000,0.000000,0.000000
83.790000,0.000000,0.000000,0.000000,0.000000,0.000000,0.000000
83.820000,0.000000,0.000000,0.000000,0.000000,0.000000,0.000000
83.840000,0.000000,0.000000,0.000000,0.000000,0.000000,0.000000
83.870000,0.000000,0.000000,0.000000,0.000000,0.000000,0.000000
83.890000,0.000000,0.000000,0.000000,0.000000,0.000000,0.000000
83.910000,0.000000,0.000000,0.000000,0.000000,0.000000,0.000000
83.940000,0.000000,0.000000,0.000000,0.000000,0.000000,0.000000
83.960000,0.000000,0.000000,0.000000,0.000000,0.000000,0.000000
83.990000,0.000000,0.000000,0.000000,0.000000,0.000000,0.000000
84.010000,0.000000,0.000000,0.000000,0.000000,0.000000,0.000000
84.030000,0.000000,0.000000,0.000000,0.000000,0.000000,0.000000
84.060000,0.000000,0.000000,0.000000,0.000000,0.000000,0.000000
84.080000,0.000000,0.000000,0.000000,0.000000,0.000000,0.000000
84.110000,0.000000,0.000000,0.000000,0.000000,0.000000,0.000000
84.130000,0.000000,0.000000,0.000000,0.000000,0.000000,0.000000
84.160000,0.000000,0.000000,0.000000,0.000000,0.000000,0.000000
84.180000,0.000000,0.000000,0.000000,0.000000,0.000000,0.000000
84.200000,0.000000,0.000000,0.000000,0.000000,0.000000,0.000000
84.230000,0.000000,0.000000,0.000000,0.000000,0.000000,0.000000
84.250000,0.000000,0.000000,0.000000,0.000000,0.000000,0.000000
84.270000,0.000000,0.000000,0.000000,0.000000,0.000000,0.000000
84.300000,0.000000,0.000000,0.000000,0.000000,0.000000,0.000000
84.320000,0.000000,0.000000,0.000000,0.000000,0.000000,0.000000
84.350000,0.000000,0.000000,0.000000,0.000000,0.000000,0.000000
84.370000,0.000000,0.000000,0.000000,0.000000,0.000000,0.000000
84.390000,0.000000,0.000000,0.000000,0.000000,0.000000,0.000000
84.420000,0.000000,0.000000,0.000000,0.000000,0.000000,0.000000
84.440000,0.000000,0.000000,0.000000,0.000000,0.000000,0.000000
84.460000,0.000000,0.000000,0.000000,0.000000,0.000000,0.000000
84.490000,0.000000,0.000000,0.000000,0.000000,0.000000,0.000000
84.510000,0.000000,0.000000,0.000000,0.000000,0.000000,0.000000
84.530000,0.000000,0.000000,0.000000,0.000000,0.000000,0.000000
84.560000,0.000000,0.000000,0.000000,0.000000,0.000000,0.000000
84.580000,0.000000,0.000000,0.000000,0.000000,0.000000,0.000000
84.600000,0.000000,0.000000,0.000000,0.000000,0.000000,0.000000
84.630000,0.000000,0.000000,0.000000,0.000000,0.000000,0.000000
84.650000,0.000000,0.000000,0.000000,0.000000,0.000000,0.000000
84.680000,0.000000,0.000000,0.000000,0.000000,0.000000,0.000000
84.700000,0.000000,0.000000,0.000000,0.000000,0.000000,0.000000
84.720000,0.000000,0.000000,0.000000,0.000000,0.000000,0.000000
84.750000,0.000000,0.000000,0.000000,0.000000,0.000000,0.000000
84.770000,0.000000,0.000000,0.000000,0.000000,0.000000,0.000000
84.800000,0.000000,0.000000,0.000000,0.000000,0.000000,0.000000
84.820000,0.000000,0.000000,0.000000,0.000000,0.000000,0.000000
84.850000,0.000000,0.000000,0.000000,0.000000,0.000000,0.000000
84.870000,0.000000,0.000000,0.000000,0.000000,0.000000,0.000000
84.900000,0.000000,0.000000,0.000000,0.000000,0.000000,0.000000
84.920000,0.000000,0.000000,0.000000,0.000000,0.000000,0.000000
84.950000,0.000000,0.000000,0.000000,0.000000,0.000000,0.000000
84.970000,0.000000,0.000000,0.000000,0.000000,0.000000,0.000000
84.990000,0.000000,0.000000,0.000000,0.000000,0.000000,0.000000
85.020000,0.000000,0.000000,0.000000,0.000000,0.000000,0.000000
85.040000,0.000000,0.000000,0.000000,0.000000,0.000000,0.000000
85.060000,0.000000,0.000000,0.000000,0.000000,0.000000,0.000000
85.090000,0.000000,0.000000,0.000000,0.000000,0.000000,0.000000
85.110000,0.000000,0.000000,0.000000,0.000000,0.000000,0.000000
85.130000,0.000000,0.000000,0.000000,0.000000,0.000000,0.000000
85.160000,0.000000,0.000000,0.000000,0.000000,0.000000,0.000000
85.180000,0.000000,0.000000,0.000000,0.000000,0.000000,0.000000
85.210000,0.000000,0.000000,0.000000,0.000000,0.000000,0.000000
85.230000,0.000000,0.000000,0.000000,0.000000,0.000000,0.000000
85.250000,0.000000,0.000000,0.000000,0.000000,0.000000,0.000000
85.280000,0.000000,0.000000,0.000000,0.000000,0.000000,0.000000
85.300000,0.000000,0.000000,0.000000,0.000000,0.000000,0.000000
85.330000,0.000000,0.000000,0.000000,0.000000,0.000000,0.000000
85.350000,0.000000,0.000000,0.000000,0.000000,0.000000,0.000000
85.370000,0.000000,0.000000,0.000000,0.000000,0.000000,0.000000
85.390000,0.000000,0.000000,0.000000,0.000000,0.000000,0.000000
85.420000,0.000000,0.000000,0.000000,0.000000,0.000000,0.000000
85.440000,0.000000,0.000000,0.000000,0.000000,0.000000,0.000000
85.470000,0.000000,0.000000,0.000000,0.000000,0.000000,0.000000
85.500000,0.000000,0.000000,0.000000,0.000000,0.000000,0.000000
85.530000,0.000000,0.000000,0.000000,0.000000,0.000000,0.000000
85.550000,0.000000,0.000000,0.000000,0.000000,0.000000,0.000000
85.580000,0.000000,0.000000,0.000000,0.000000,0.000000,0.000000
85.600000,0.000000,0.000000,0.000000,0.000000,0.000000,0.000000
85.630000,0.000000,0.000000,0.000000,0.000000,0.000000,0.000000
85.650000,0.000000,0.000000,0.000000,0.000000,0.000000,0.000000
85.670000,0.000000,0.000000,0.000000,0.000000,0.000000,0.000000
85.700000,0.000000,0.000000,0.000000,0.000000,0.000000,0.000000
85.720000,0.000000,0.000000,0.000000,0.000000,0.000000,0.000000
85.750000,0.000000,0.000000,0.000000,0.000000,0.000000,0.000000
85.780000,0.000000,0.000000,0.000000,0.000000,0.000000,0.000000
85.800000,0.000000,0.000000,0.000000,0.000000,0.000000,0.000000
85.820000,0.000000,0.000000,0.000000,0.000000,0.000000,0.000000
85.830000,0.000000,0.000000,0.000000,0.000000,0.000000,0.000000
85.840000,0.000000,0.000000,0.000000,0.000000,0.000000,0.000000
85.850000,0.000000,0.000000,0.000000,0.000000,0.000000,0.000000
85.860000,0.000000,0.000000,0.000000,0.000000,0.000000,0.000000
85.870000,0.000000,0.000000,0.000000,0.000000,0.000000,0.000000
85.880000,0.000000,0.000000,0.000000,0.000000,0.000000,0.000000
85.890000,0.000000,0.000000,0.000000,0.000000,0.000000,0.000000
85.900000,0.000000,0.000000,0.000000,0.000000,0.000000,0.000000
85.910000,0.000000,0.000000,0.000000,0.000000,0.000000,0.000000
85.920000,0.000000,0.000000,0.000000,0.000000,0.000000,0.000000
85.930000,0.000000,0.000000,0.000000,0.000000,0.000000,0.000000
85.940000,0.000000,0.000000,0.000000,0.000000,0.000000,0.000000
85.950000,0.000000,0.000000,0.000000,0.000000,0.000000,0.000000
85.960000,0.000000,0.000000,0.000000,0.000000,0.000000,0.000000
85.970000,0.000000,0.000000,0.000000,0.000000,0.000000,0.000000
85.980000,0.000000,0.000000,0.000000,0.000000,0.000000,0.000000
85.990000,0.000000,0.000000,0.000000,0.000000,0.000000,0.000000
86.000000,0.000000,0.000000,0.000000,0.000000,0.000000,0.000000
86.010000,0.000000,0.000000,0.000000,0.000000,0.000000,0.000000
86.020000,0.000000,0.000000,0.000000,0.000000,0.000000,0.000000
86.030000,0.000000,0.000000,0.000000,0.000000,0.000000,0.000000
86.040000,0.000000,0.000000,0.000000,0.000000,0.000000,0.000000
86.050000,0.000000,0.000000,0.000000,0.000000,0.000000,0.000000
86.060000,0.000000,0.000000,0.000000,0.000000,0.000000,0.000000
86.070000,0.000000,0.000000,0.000000,0.000000,0.000000,0.000000
86.080000,0.000000,0.000000,0.000000,0.000000,0.000000,0.000000
86.090000,0.000000,0.000000,0.000000,0.000000,0.000000,0.000000
86.100000,0.000000,0.000000,0.000000,0.000000,0.000000,0.000000
86.110000,0.000000,0.000000,0.000000,0.000000,0.000000,0.000000
86.120000,0.000000,0.000000,0.000000,0.000000,0.000000,0.000000
86.130000,0.000000,0.000000,0.000000,0.000000,0.000000,0.000000
86.140000,0.000000,0.000000,0.000000,0.000000,0.000000,0.000000
86.150000,0.000000,0.000000,0.000000,0.000000,0.000000,0.000000
86.160000,0.000000,0.000000,0.000000,0.000000,0.000000,0.000000
86.170000,0.000000,0.000000,0.000000,0.000000,0.000000,0.000000
86.180000,0.000000,0.000000,0.000000,0.000000,0.000000,0.000000
86.190000,0.000000,0.000000,0.000000,0.000000,0.000000,0.000000
86.200000,0.000000,0.000000,0.000000,0.000000,0.000000,0.000000
86.210000,0.000000,0.000000,0.000000,0.000000,0.000000,0.000000
86.220000,0.000000,0.000000,0.000000,0.000000,0.000000,0.000000
86.230000,0.000000,0.000000,0.000000,0.000000,0.000000,0.000000
86.240000,0.000000,0.000000,0.000000,0.000000,0.000000,0.000000
86.250000,0.000000,0.000000,0.000000,0.000000,0.000000,0.000000
86.260000,0.000000,0.000000,0.000000,0.000000,0.000000,0.000000
86.270000,0.000000,0.000000,0.000000,0.000000,0.000000,0.000000
86.280000,0.000000,0.000000,0.000000,0.000000,0.000000,0.000000
86.290000,0.000000,0.000000,0.000000,0.000000,0.000000,0.000000
86.300000,0.000000,0.000000,0.000000,0.000000,0.000000,0.000000
86.310000,0.000000,0.000000,0.000000,0.000000,0.000000,0.000000
86.320000,0.000000,0.000000,0.000000,0.000000,0.000000,0.000000
86.330000,0.000000,0.000000,0.000000,0.000000,0.000000,0.000000
86.340000,0.000000,0.000000,0.000000,0.000000,0.000000,0.000000
86.350000,0.000000,0.000000,0.000000,0.000000,0.000000,0.000000
86.360000,0.000000,0.000000,0.000000,0.000000,0.000000,0.000000
86.370000,0.000000,0.000000,0.000000,0.000000,0.000000,0.000000
86.380000,0.000000,0.000000,0.000000,0.000000,0.000000,0.000000
86.390000,0.000000,0.000000,0.000000,0.000000,0.000000,0.000000
86.400000,0.000000,0.000000,0.000000,0.000000,0.000000,0.000000
86.410000,0.000000,0.000000,0.000000,0.000000,0.000000,0.000000
86.420000,0.000000,0.000000,0.000000,0.000000,0.000000,0.000000
86.430000,0.000000,0.000000,0.000000,0.000000,0.000000,0.000000
86.440000,0.000000,0.000000,0.000000,0.000000,0.000000,0.000000
86.450000,0.000000,0.000000,0.000000,0.000000,0.000000,0.000000
86.460000,0.000000,0.000000,0.000000,0.000000,0.000000,0.000000
86.470000,0.000000,0.000000,0.000000,0.000000,0.000000,0.000000
86.480000,0.000000,0.000000,0.000000,0.000000,0.000000,0.000000
86.490000,0.000000,0.000000,0.000000,0.000000,0.000000,0.000000
86.500000,0.000000,0.000000,0.000000,0.000000,0.000000,0.000000
86.510000,0.000000,0.000000,0.000000,0.000000,0.000000,0.000000
86.520000,0.000000,0.000000,0.000000,0.000000,0.000000,0.000000
86.530000,0.000000,0.000000,0.000000,0.000000,0.000000,0.000000
86.540000,0.000000,0.000000,0.000000,0.000000,0.000000,0.000000
86.550000,0.000000,0.000000,0.000000,0.000000,0.000000,0.000000
86.560000,0.000000,0.000000,0.000000,0.000000,0.000000,0.000000
86.570000,0.000000,0.000000,0.000000,0.000000,0.000000,0.000000
86.580000,0.000000,0.000000,0.000000,0.000000,0.000000,0.000000
86.590000,0.000000,0.000000,0.000000,0.000000,0.000000,0.000000
86.600000,0.000000,0.000000,0.000000,0.000000,0.000000,0.000000
86.610000,0.000000,0.000000,0.000000,0.000000,0.000000,0.000000
86.620000,0.000000,0.000000,0.000000,0.000000,0.000000,0.000000
86.630000,0.000000,0.000000,0.000000,0.000000,0.000000,0.000000
86.640000,0.000000,0.000000,0.000000,0.000000,0.000000,0.000000
86.650000,0.000000,0.000000,0.000000,0.000000,0.000000,0.000000
86.660000,0.000000,0.000000,0.000000,0.000000,0.000000,0.000000
86.670000,0.000000,0.000000,0.000000,0.000000,0.000000,0.000000
86.680000,0.000000,0.000000,0.000000,0.000000,0.000000,0.000000
86.690000,0.000000,0.000000,0.000000,0.000000,0.000000,0.000000
86.700000,0.000000,0.000000,0.000000,0.000000,0.000000,0.000000
86.710000,0.000000,0.000000,0.000000,0.000000,0.000000,0.000000
86.720000,0.000000,0.000000,0.000000,0.000000,0.000000,0.000000
86.730000,0.000000,0.000000,0.000000,0.000000,0.000000,0.000000
86.740000,0.000000,0.000000,0.000000,0.000000,0.000000,0.000000
86.750000,0.000000,0.000000,0.000000,0.000000,0.000000,0.000000
86.760000,0.000000,0.000000,0.000000,0.000000,0.000000,0.000000
86.770000,0.000000,0.000000,0.000000,0.000000,0.000000,0.000000
86.780000,0.000000,0.000000,0.000000,0.000000,0.000000,0.000000
86.790000,0.000000,0.000000,0.000000,0.000000,0.000000,0.000000
86.800000,0.000000,0.000000,0.000000,0.000000,0.000000,0.000000
86.810000,0.000000,0.000000,0.000000,0.000000,0.000000,0.000000
86.820000,0.000000,0.000000,0.000000,0.000000,0.000000,0.000000
86.830000,0.000000,0.000000,0.000000,0.000000,0.000000,0.000000
86.840000,0.000000,0.000000,0.000000,0.000000,0.000000,0.000000
86.850000,0.000000,0.000000,0.000000,0.000000,0.000000,0.000000
86.860000,0.000000,0.000000,0.000000,0.000000,0.000000,0.000000
86.870000,0.000000,0.000000,0.000000,0.000000,0.000000,0.000000
86.880000,0.000000,0.000000,0.000000,0.000000,0.000000,0.000000
86.890000,0.000000,0.000000,0.000000,0.000000,0.000000,0.000000
86.900000,0.000000,0.000000,0.000000,0.000000,0.000000,0.000000
86.910000,0.000000,0.000000,0.000000,0.000000,0.000000,0.000000
86.920000,0.000000,0.000000,0.000000,0.000000,0.000000,0.000000
86.930000,0.000000,0.000000,0.000000,0.000000,0.000000,0.000000
86.940000,0.000000,0.000000,0.000000,0.000000,0.000000,0.000000
86.950000,0.000000,0.000000,0.000000,0.000000,0.000000,0.000000
86.960000,0.000000,0.000000,0.000000,0.000000,0.000000,0.000000
86.970000,0.000000,0.000000,0.000000,0.000000,0.000000,0.000000
86.980000,0.000000,0.000000,0.000000,0.000000,0.000000,0.000000
86.990000,0.000000,0.000000,0.000000,0.000000,0.000000,0.000000
87.000000,0.000000,0.000000,0.000000,0.000000,0.000000,0.000000
87.010000,0.000000,0.000000,0.000000,0.000000,0.000000,0.000000
87.020000,0.000000,0.000000,0.000000,0.000000,0.000000,0.000000
87.030000,0.000000,0.000000,0.000000,0.000000,0.000000,0.000000
87.040000,0.000000,0.000000,0.000000,0.000000,0.000000,0.000000
87.050000,0.000000,0.000000,0.000000,0.000000,0.000000,0.000000
87.060000,0.000000,0.000000,0.000000,0.000000,0.000000,0.000000
87.070000,0.000000,0.000000,0.000000,0.000000,0.000000,0.000000
87.080000,0.000000,0.000000,0.000000,0.000000,0.000000,0.000000
87.090000,0.000000,0.000000,0.000000,0.000000,0.000000,0.000000
87.100000,0.000000,0.000000,0.000000,0.000000,0.000000,0.000000
87.110000,0.000000,0.000000,0.000000,0.000000,0.000000,0.000000
87.120000,0.000000,0.000000,0.000000,0.000000,0.000000,0.000000
87.130000,0.000000,0.000000,0.000000,0.000000,0.000000,0.000000
87.140000,0.000000,0.000000,0.000000,0.000000,0.000000,0.000000
87.150000,0.000000,0.000000,0.000000,0.000000,0.000000,0.000000
87.160000,0.000000,0.000000,0.000000,0.000000,0.000000,0.000000
87.170000,0.000000,0.000000,0.000000,0.000000,0.000000,0.000000
87.180000,0.000000,0.000000,0.000000,0.000000,0.000000,0.000000
87.190000,0.000000,0.000000,0.000000,0.000000,0.000000,0.000000
87.200000,0.000000,0.000000,0.000000,0.000000,0.000000,0.000000
87.210000,0.000000,0.000000,0.000000,0.000000,0.000000,0.000000
87.220000,0.000000,0.000000,0.000000,0.000000,0.000000,0.000000
87.230000,0.000000,0.000000,0.000000,0.000000,0.000000,0.000000
87.240000,0.000000,0.000000,0.000000,0.000000,0.000000,0.000000
87.250000,0.000000,0.000000,0.000000,0.000000,0.000000,0.000000
87.260000,0.000000,0.000000,0.000000,0.000000,0.000000,0.000000
87.270000,0.000000,0.000000,0.000000,0.000000,0.000000,0.000000
87.280000,0.000000,0.000000,0.000000,0.000000,0.000000,0.000000
87.290000,0.000000,0.000000,0.000000,0.000000,0.000000,0.000000
87.300000,0.000000,0.000000,0.000000,0.000000,0.000000,0.000000
87.310000,0.000000,0.000000,0.000000,0.000000,0.000000,0.000000
87.320000,0.000000,0.000000,0.000000,0.000000,0.000000,0.000000
87.330000,0.000000,0.000000,0.000000,0.000000,0.000000,0.000000
87.340000,0.000000,0.000000,0.000000,0.000000,0.000000,0.000000
87.350000,0.000000,0.000000,0.000000,0.000000,0.000000,0.000000
87.360000,0.000000,0.000000,0.000000,0.000000,0.000000,0.000000
87.370000,0.000000,0.000000,0.000000,0.000000,0.000000,0.000000
87.380000,0.000000,0.000000,0.000000,0.000000,0.000000,0.000000
87.390000,0.000000,0.000000,0.000000,0.000000,0.000000,0.000000
87.400000,0.000000,0.000000,0.000000,0.000000,0.000000,0.000000
87.410000,0.000000,0.000000,0.000000,0.000000,0.000000,0.000000
87.420000,0.000000,0.000000,0.000000,0.000000,0.000000,0.000000
87.430000,0.000000,0.000000,0.000000,0.000000,0.000000,0.000000
87.440000,0.000000,0.000000,0.000000,0.000000,0.000000,0.000000
87.450000,0.000000,0.000000,0.000000,0.000000,0.000000,0.000000
87.460000,0.000000,0.000000,0.000000,0.000000,0.000000,0.000000
87.470000,0.000000,0.000000,0.000000,0.000000,0.000000,0.000000
87.480000,0.000000,0.000000,0.000000,0.000000,0.000000,0.000000
87.490000,0.000000,0.000000,0.000000,0.000000,0.000000,0.000000
87.500000,0.000000,0.000000,0.000000,0.000000,0.000000,0.000000
87.510000,0.000000,0.000000,0.000000,0.000000,0.000000,0.000000
87.520000,0.000000,0.000000,0.000000,0.000000,0.000000,0.000000
87.530000,0.000000,0.000000,0.000000,0.000000,0.000000,0.000000
87.540000,0.000000,0.000000,0.000000,0.000000,0.000000,0.000000
87.550000,0.000000,0.000000,0.000000,0.000000,0.000000,0.000000
87.560000,0.000000,0.000000,0.000000,0.000000,0.000000,0.000000
87.570000,0.000000,0.000000,0.000000,0.000000,0.000000,0.000000
87.580000,0.000000,0.000000,0.000000,0.000000,0.000000,0.000000
87.590000,0.000000,0.000000,0.000000,0.000000,0.000000,0.000000
87.600000,0.000000,0.000000,0.000000,0.000000,0.000000,0.000000
87.610000,0.000000,0.000000,0.000000,0.000000,0.000000,0.000000
87.620000,0.000000,0.000000,0.000000,0.000000,0.000000,0.000000
87.630000,0.000000,0.000000,0.000000,0.000000,0.000000,0.000000
87.640000,0.000000,0.000000,0.000000,0.000000,0.000000,0.000000
87.650000,0.000000,0.000000,0.000000,0.000000,0.000000,0.000000
87.660000,0.000000,0.000000,0.000000,0.000000,0.000000,0.000000
87.670000,0.000000,0.000000,0.000000,0.000000,0.000000,0.000000
87.680000,0.000000,0.000000,0.000000,0.000000,0.000000,0.000000
87.690000,0.000000,0.000000,0.000000,0.000000,0.000000,0.000000
87.700000,0.000000,0.000000,0.000000,0.000000,0.000000,0.000000
87.710000,0.000000,0.000000,0.000000,0.000000,0.000000,0.000000
87.720000,0.000000,0.000000,0.000000,0.000000,0.000000,0.000000
87.730000,0.000000,0.000000,0.000000,0.000000,0.000000,0.000000
87.740000,0.000000,0.000000,0.000000,0.000000,0.000000,0.000000
87.750000,0.000000,0.000000,0.000000,0.000000,0.000000,0.000000
87.760000,0.000000,0.000000,0.000000,0.000000,0.000000,0.000000
87.770000,0.000000,0.000000,0.000000,0.000000,0.000000,0.000000
87.780000,0.000000,0.000000,0.000000,0.000000,0.000000,0.000000
87.790000,0.000000,0.000000,0.000000,0.000000,0.000000,0.000000
87.800000,0.000000,0.000000,0.000000,0.000000,0.000000,0.000000
87.810000,0.000000,0.000000,0.000000,0.000000,0.000000,0.000000
87.820000,0.000000,0.000000,0.000000,0.000000,0.000000,0.000000
87.830000,0.000000,0.000000,0.000000,0.000000,0.000000,0.000000
87.840000,0.000000,0.000000,0.000000,0.000000,0.000000,0.000000
87.850000,0.000000,0.000000,0.000000,0.000000,0.000000,0.000000
87.860000,0.000000,0.000000,0.000000,0.000000,0.000000,0.000000
87.870000,0.000000,0.000000,0.000000,0.000000,0.000000,0.000000
87.880000,0.000000,0.000000,0.000000,0.000000,0.000000,0.000000
87.890000,0.000000,0.000000,0.000000,0.000000,0.000000,0.000000
87.900000,0.000000,0.000000,0.000000,0.000000,0.000000,0.000000
87.910000,0.000000,0.000000,0.000000,0.000000,0.000000,0.000000
87.920000,0.000000,0.000000,0.000000,0.000000,0.000000,0.000000
87.930000,0.000000,0.000000,0.000000,0.000000,0.000000,0.000000
87.940000,0.000000,0.000000,0.000000,0.000000,0.000000,0.000000
87.950000,0.000000,0.000000,0.000000,0.000000,0.000000,0.000000
87.960000,0.000000,0.000000,0.000000,0.000000,0.000000,0.000000
87.970000,0.000000,0.000000,0.000000,0.000000,0.000000,0.000000
87.980000,0.000000,0.000000,0.000000,0.000000,0.000000,0.000000
87.990000,0.000000,0.000000,0.000000,0.000000,0.000000,0.000000
88.000000,0.000000,0.000000,0.000000,0.000000,0.000000,0.000000
88.010000,0.000000,0.000000,0.000000,0.000000,0.000000,0.000000
88.020000,0.000000,0.000000,0.000000,0.000000,0.000000,0.000000
88.030000,0.000000,0.000000,0.000000,0.000000,0.000000,0.000000
88.040000,0.000000,0.000000,0.000000,0.000000,0.000000,0.000000
88.050000,0.000000,0.000000,0.000000,0.000000,0.000000,0.000000
88.060000,0.000000,0.000000,0.000000,0.000000,0.000000,0.000000
88.070000,0.000000,0.000000,0.000000,0.000000,0.000000,0.000000
88.080000,0.000000,0.000000,0.000000,0.000000,0.000000,0.000000
88.090000,0.000000,0.000000,0.000000,0.000000,0.000000,0.000000
88.100000,0.000000,0.000000,0.000000,0.000000,0.000000,0.000000
88.110000,0.000000,0.000000,0.000000,0.000000,0.000000,0.000000
88.120000,0.000000,0.000000,0.000000,0.000000,0.000000,0.000000
88.130000,0.000000,0.000000,0.000000,0.000000,0.000000,0.000000
88.140000,0.000000,0.000000,0.000000,0.000000,0.000000,0.000000
88.150000,0.000000,0.000000,0.000000,0.000000,0.000000,0.000000
88.160000,0.000000,0.000000,0.000000,0.000000,0.000000,0.000000
88.170000,0.000000,0.000000,0.000000,0.000000,0.000000,0.000000
88.180000,0.000000,0.000000,0.000000,0.000000,0.000000,0.000000
88.190000,0.000000,0.000000,0.000000,0.000000,0.000000,0.000000
88.200000,0.000000,0.000000,0.000000,0.000000,0.000000,0.000000
88.210000,0.000000,0.000000,0.000000,0.000000,0.000000,0.000000
88.220000,0.000000,0.000000,0.000000,0.000000,0.000000,0.000000
88.230000,0.000000,0.000000,0.000000,0.000000,0.000000,0.000000
88.240000,0.000000,0.000000,0.000000,0.000000,0.000000,0.000000
88.250000,0.000000,0.000000,0.000000,0.000000,0.000000,0.000000
88.260000,0.000000,0.000000,0.000000,0.000000,0.000000,0.000000
88.270000,0.000000,0.000000,0.000000,0.000000,0.000000,0.000000
88.280000,0.000000,0.000000,0.000000,0.000000,0.000000,0.000000
88.290000,0.000000,0.000000,0.000000,0.000000,0.000000,0.000000
88.300000,0.000000,0.000000,0.000000,0.000000,0.000000,0.000000
88.310000,0.000000,0.000000,0.000000,0.000000,0.000000,0.000000
88.320000,0.000000,0.000000,0.000000,0.000000,0.000000,0.000000
88.330000,0.000000,0.000000,0.000000,0.000000,0.000000,0.000000
88.340000,0.000000,0.000000,0.000000,0.000000,0.000000,0.000000
88.350000,0.000000,0.000000,0.000000,0.000000,0.000000,0.000000
88.360000,0.000000,0.000000,0.000000,0.000000,0.000000,0.000000
88.370000,0.000000,0.000000,0.000000,0.000000,0.000000,0.000000
88.380000,0.000000,0.000000,0.000000,0.000000,0.000000,0.000000
88.390000,0.000000,0.000000,0.000000,0.000000,0.000000,0.000000
88.400000,0.000000,0.000000,0.000000,0.000000,0.000000,0.000000
88.410000,0.000000,0.000000,0.000000,0.000000,0.000000,0.000000
88.420000,0.000000,0.000000,0.000000,0.000000,0.000000,0.000000
88.430000,0.000000,0.000000,0.000000,0.000000,0.000000,0.000000
88.440000,0.000000,0.000000,0.000000,0.000000,0.000000,0.000000
88.450000,0.000000,0.000000,0.000000,0.000000,0.000000,0.000000
88.460000,0.000000,0.000000,0.000000,0.000000,0.000000,0.000000
88.470000,0.000000,0.000000,0.000000,0.000000,0.000000,0.000000
88.480000,0.000000,0.000000,0.000000,0.000000,0.000000,0.000000
88.490000,0.000000,0.000000,0.000000,0.000000,0.000000,0.000000
88.500000,0.000000,0.000000,0.000000,0.000000,0.000000,0.000000
88.510000,0.000000,0.000000,0.000000,0.000000,0.000000,0.000000
88.520000,0.000000,0.000000,0.000000,0.000000,0.000000,0.000000
88.530000,0.000000,0.000000,0.000000,0.000000,0.000000,0.000000
88.540000,0.000000,0.000000,0.000000,0.000000,0.000000,0.000000
88.550000,0.000000,0.000000,0.000000,0.000000,0.000000,0.000000
88.560000,0.000000,0.000000,0.000000,0.000000,0.000000,0.000000
88.570000,0.000000,0.000000,0.000000,0.000000,0.000000,0.000000
88.580000,0.000000,0.000000,0.000000,0.000000,0.000000,0.000000
88.590000,0.000000,0.000000,0.000000,0.000000,0.000000,0.000000
88.600000,0.000000,0.000000,0.000000,0.000000,0.000000,0.000000
88.610000,0.000000,0.000000,0.000000,0.000000,0.000000,0.000000
88.620000,0.000000,0.000000,0.000000,0.000000,0.000000,0.000000
88.630000,0.000000,0.000000,0.000000,0.000000,0.000000,0.000000
88.640000,0.000000,0.000000,0.000000,0.000000,0.000000,0.000000
88.650000,0.000000,0.000000,0.000000,0.000000,0.000000,0.000000
88.660000,0.000000,0.000000,0.000000,0.000000,0.000000,0.000000
88.670000,0.000000,0.000000,0.000000,0.000000,0.000000,0.000000
88.680000,0.000000,0.000000,0.000000,0.000000,0.000000,0.000000
88.690000,0.000000,0.000000,0.000000,0.000000,0.000000,0.000000
88.700000,0.000000,0.000000,0.000000,0.000000,0.000000,0.000000
88.710000,0.000000,0.000000,0.000000,0.000000,0.000000,0.000000
88.720000,0.000000,0.000000,0.000000,0.000000,0.000000,0.000000
88.730000,0.000000,0.000000,0.000000,0.000000,0.000000,0.000000
88.740000,0.000000,0.000000,0.000000,0.000000,0.000000,0.000000
88.750000,0.000000,0.000000,0.000000,0.000000,0.000000,0.000000
88.760000,0.000000,0.000000,0.000000,0.000000,0.000000,0.000000
88.770000,0.000000,0.000000,0.000000,0.000000,0.000000,0.000000
88.780000,0.000000,0.000000,0.000000,0.000000,0.000000,0.000000
88.790000,0.000000,0.000000,0.000000,0.000000,0.000000,0.000000
88.800000,0.000000,0.000000,0.000000,0.000000,0.000000,0.000000
88.810000,0.000000,0.000000,0.000000,0.000000,0.000000,0.000000
88.820000,0.000000,0.000000,0.000000,0.000000,0.000000,0.000000
88.830000,0.000000,0.000000,0.000000,0.000000,0.000000,0.000000
88.840000,0.000000,0.000000,0.000000,0.000000,0.000000,0.000000
88.850000,0.000000,0.000000,0.000000,0.000000,0.000000,0.000000
88.860000,0.000000,0.000000,0.000000,0.000000,0.000000,0.000000
88.870000,0.000000,0.000000,0.000000,0.000000,0.000000,0.000000
88.880000,0.000000,0.000000,0.000000,0.000000,0.000000,0.000000
88.890000,0.000000,0.000000,0.000000,0.000000,0.000000,0.000000
88.900000,0.000000,0.000000,0.000000,0.000000,0.000000,0.000000
88.910000,0.000000,0.000000,0.000000,0.000000,0.000000,0.000000
88.920000,0.000000,0.000000,0.000000,0.000000,0.000000,0.000000
88.930000,0.000000,0.000000,0.000000,0.000000,0.000000,0.000000
88.940000,0.000000,0.000000,0.000000,0.000000,0.000000,0.000000
88.950000,0.000000,0.000000,0.000000,0.000000,0.000000,0.000000
88.960000,0.000000,0.000000,0.000000,0.000000,0.000000,0.000000
88.970000,0.000000,0.000000,0.000000,0.000000,0.000000,0.000000
88.980000,0.000000,0.000000,0.000000,0.000000,0.000000,0.000000
88.990000,0.000000,0.000000,0.000000,0.000000,0.000000,0.000000
89.000000,0.000000,0.000000,0.000000,0.000000,0.000000,0.000000
89.010000,0.000000,0.000000,0.000000,0.000000,0.000000,0.000000
89.020000,0.000000,0.000000,0.000000,0.000000,0.000000,0.000000
89.030000,0.000000,0.000000,0.000000,0.000000,0.000000,0.000000
89.040000,0.000000,0.000000,0.000000,0.000000,0.000000,0.000000
89.050000,0.000000,0.000000,0.000000,0.000000,0.000000,0.000000
89.060000,0.000000,0.000000,0.000000,0.000000,0.000000,0.000000
89.070000,0.000000,0.000000,0.000000,0.000000,0.000000,0.000000
89.080000,0.000000,0.000000,0.000000,0.000000,0.000000,0.000000
89.090000,0.000000,0.000000,0.000000,0.000000,0.000000,0.000000
89.100000,0.000000,0.000000,0.000000,0.000000,0.000000,0.000000
89.110000,0.000000,0.000000,0.000000,0.000000,0.000000,0.000000
89.120000,0.000000,0.000000,0.000000,0.000000,0.000000,0.000000
89.130000,0.000000,0.000000,0.000000,0.000000,0.000000,0.000000
89.140000,0.000000,0.000000,0.000000,0.000000,0.000000,0.000000
89.150000,0.000000,0.000000,0.000000,0.000000,0.000000,0.000000
89.160000,0.000000,0.000000,0.000000,0.000000,0.000000,0.000000
89.170000,0.000000,0.000000,0.000000,0.000000,0.000000,0.000000
89.180000,0.000000,0.000000,0.000000,0.000000,0.000000,0.000000
89.190000,0.000000,0.000000,0.000000,0.000000,0.000000,0.000000
89.200000,0.000000,0.000000,0.000000,0.000000,0.000000,0.000000
89.210000,0.000000,0.000000,0.000000,0.000000,0.000000,0.000000
89.220000,0.000000,0.000000,0.000000,0.000000,0.000000,0.000000
89.230000,0.000000,0.000000,0.000000,0.000000,0.000000,0.000000
89.240000,0.000000,0.000000,0.000000,0.000000,0.000000,0.000000
89.250000,0.000000,0.000000,0.000000,0.000000,0.000000,0.000000
89.260000,0.000000,0.000000,0.000000,0.000000,0.000000,0.000000
89.270000,0.000000,0.000000,0.000000,0.000000,0.000000,0.000000
89.280000,0.000000,0.000000,0.000000,0.000000,0.000000,0.000000
89.290000,0.000000,0.000000,0.000000,0.000000,0.000000,0.000000
89.300000,0.000000,0.000000,0.000000,0.000000,0.000000,0.000000
89.310000,0.000000,0.000000,0.000000,0.000000,0.000000,0.000000
89.320000,0.000000,0.000000,0.000000,0.000000,0.000000,0.000000
89.330000,0.000000,0.000000,0.000000,0.000000,0.000000,0.000000
89.340000,0.000000,0.000000,0.000000,0.000000,0.000000,0.000000
89.350000,0.000000,0.000000,0.000000,0.000000,0.000000,0.000000
89.360000,0.000000,0.000000,0.000000,0.000000,0.000000,0.000000
89.370000,0.000000,0.000000,0.000000,0.000000,0.000000,0.000000
89.380000,0.000000,0.000000,0.000000,0.000000,0.000000,0.000000
89.390000,0.000000,0.000000,0.000000,0.000000,0.000000,0.000000
89.400000,0.000000,0.000000,0.000000,0.000000,0.000000,0.000000
89.410000,0.000000,0.000000,0.000000,0.000000,0.000000,0.000000
89.420000,0.000000,0.000000,0.000000,0.000000,0.000000,0.000000
89.430000,0.000000,0.000000,0.000000,0.000000,0.000000,0.000000
89.440000,0.000000,0.000000,0.000000,0.000000,0.000000,0.000000
89.450000,0.000000,0.000000,0.000000,0.000000,0.000000,0.000000
89.460000,0.000000,0.000000,0.000000,0.000000,0.000000,0.000000
89.470000,0.000000,0.000000,0.000000,0.000000,0.000000,0.000000
89.480000,0.000000,0.000000,0.000000,0.000000,0.000000,0.000000
89.490000,0.000000,0.000000,0.000000,0.000000,0.000000,0.000000
89.500000,0.000000,0.000000,0.000000,0.000000,0.000000,0.000000
89.510000,0.000000,0.000000,0.000000,0.000000,0.000000,0.000000
89.520000,0.000000,0.000000,0.000000,0.000000,0.000000,0.000000
89.530000,0.000000,0.000000,0.000000,0.000000,0.000000,0.000000
89.540000,0.000000,0.000000,0.000000,0.000000,0.000000,0.000000
89.550000,0.000000,0.000000,0.000000,0.000000,0.000000,0.000000
89.560000,0.000000,0.000000,0.000000,0.000000,0.000000,0.000000
89.570000,0.000000,0.000000,0.000000,0.000000,0.000000,0.000000
89.580000,0.000000,0.000000,0.000000,0.000000,0.000000,0.000000
89.590000,0.000000,0.000000,0.000000,0.000000,0.000000,0.000000
89.600000,0.000000,0.000000,0.000000,0.000000,0.000000,0.000000
89.610000,0.000000,0.000000,0.000000,0.000000,0.000000,0.000000
89.620000,0.000000,0.000000,0.000000,0.000000,0.000000,0.000000
89.630000,0.000000,0.000000,0.000000,0.000000,0.000000,0.000000
89.640000,0.000000,0.000000,0.000000,0.000000,0.000000,0.000000
89.650000,0.000000,0.000000,0.000000,0.000000,0.000000,0.000000
89.660000,0.000000,0.000000,0.000000,0.000000,0.000000,0.000000
89.670000,0.000000,0.000000,0.000000,0.000000,0.000000,0.000000
89.680000,0.000000,0.000000,0.000000,0.000000,0.000000,0.000000
89.690000,0.000000,0.000000,0.000000,0.000000,0.000000,0.000000
89.700000,0.000000,0.000000,0.000000,0.000000,0.000000,0.000000
89.710000,0.000000,0.000000,0.000000,0.000000,0.000000,0.000000
89.720000,0.000000,0.000000,0.000000,0.000000,0.000000,0.000000
89.730000,0.000000,0.000000,0.000000,0.000000,0.000000,0.000000
89.740000,0.000000,0.000000,0.000000,0.000000,0.000000,0.000000
89.750000,0.000000,0.000000,0.000000,0.000000,0.000000,0.000000
89.760000,0.000000,0.000000,0.000000,0.000000,0.000000,0.000000
89.770000,0.000000,0.000000,0.000000,0.000000,0.000000,0.000000
89.780000,0.000000,0.000000,0.000000,0.000000,0.000000,0.000000
89.790000,0.000000,0.000000,0.000000,0.000000,0.000000,0.000000
89.800000,0.000000,0.000000,0.000000,0.000000,0.000000,0.000000
89.810000,0.000000,0.000000,0.000000,0.000000,0.000000,0.000000
89.820000,0.000000,0.000000,0.000000,0.000000,0.000000,0.000000
89.830000,0.000000,0.000000,0.000000,0.000000,0.000000,0.000000
89.840000,0.000000,0.000000,0.000000,0.000000,0.000000,0.000000
89.850000,0.000000,0.000000,0.000000,0.000000,0.000000,0.000000
89.860000,0.000000,0.000000,0.000000,0.000000,0.000000,0.000000
89.870000,0.000000,0.000000,0.000000,0.000000,0.000000,0.000000
89.880000,0.000000,0.000000,0.000000,0.000000,0.000000,0.000000
89.890000,0.000000,0.000000,0.000000,0.000000,0.000000,0.000000
89.900000,0.000000,0.000000,0.000000,0.000000,0.000000,0.000000
89.910000,0.000000,0.000000,0.000000,0.000000,0.000000,0.000000
89.920000,0.000000,0.000000,0.000000,0.000000,0.000000,0.000000
89.930000,0.000000,0.000000,0.000000,0.000000,0.000000,0.000000
89.940000,0.000000,0.000000,0.000000,0.000000,0.000000,0.000000
89.950000,0.000000,0.000000,0.000000,0.000000,0.000000,0.000000
89.960000,0.000000,0.000000,0.000000,0.000000,0.000000,0.000000
89.970000,0.000000,0.000000,0.000000,0.000000,0.000000,0.000000
89.980000,0.000000,0.000000,0.000000,0.000000,0.000000,0.000000
89.990000,0.000000,0.000000,0.000000,0.000000,0.000000,0.000000
90.000000,0.000000,0.000000,0.000000,0.000000,0.000000,0.000000
90.010000,0.000000,0.000000,0.000000,0.000000,0.000000,0.000000
90.020000,0.000000,0.000000,0.000000,0.000000,0.000000,0.000000
90.030000,0.000000,0.000000,0.000000,0.000000,0.000000,0.000000
90.040000,0.000000,0.000000,0.000000,0.000000,0.000000,0.000000
90.050000,0.000000,0.000000,0.000000,0.000000,0.000000,0.000000
90.060000,0.000000,0.000000,0.000000,0.000000,0.000000,0.000000
90.070000,0.000000,0.000000,0.000000,0.000000,0.000000,0.000000
90.080000,0.000000,0.000000,0.000000,0.000000,0.000000,0.000000
90.090000,0.000000,0.000000,0.000000,0.000000,0.000000,0.000000
90.100000,0.000000,0.000000,0.000000,0.000000,0.000000,0.000000
90.110000,0.000000,0.000000,0.000000,0.000000,0.000000,0.000000
90.120000,0.000000,0.000000,0.000000,0.000000,0.000000,0.000000
90.130000,0.000000,0.000000,0.000000,0.000000,0.000000,0.000000
90.140000,0.000000,0.000000,0.000000,0.000000,0.000000,0.000000
90.150000,0.000000,0.000000,0.000000,0.000000,0.000000,0.000000
90.160000,0.000000,0.000000,0.000000,0.000000,0.000000,0.000000
90.170000,0.000000,0.000000,0.000000,0.000000,0.000000,0.000000
90.180000,0.000000,0.000000,0.000000,0.000000,0.000000,0.000000
90.190000,0.000000,0.000000,0.000000,0.000000,0.000000,0.000000
90.200000,0.000000,0.000000,0.000000,0.000000,0.000000,0.000000
90.210000,0.000000,0.000000,0.000000,0.000000,0.000000,0.000000
90.220000,0.000000,0.000000,0.000000,0.000000,0.000000,0.000000
90.230000,0.000000,0.000000,0.000000,0.000000,0.000000,0.000000
90.240000,0.000000,0.000000,0.000000,0.000000,0.000000,0.000000
90.250000,0.000000,0.000000,0.000000,0.000000,0.000000,0.000000
90.260000,0.000000,0.000000,0.000000,0.000000,0.000000,0.000000
90.270000,0.000000,0.000000,0.000000,0.000000,0.000000,0.000000
90.280000,0.000000,0.000000,0.000000,0.000000,0.000000,0.000000
90.290000,0.000000,0.000000,0.000000,0.000000,0.000000,0.000000
90.300000,0.000000,0.000000,0.000000,0.000000,0.000000,0.000000
90.310000,0.000000,0.000000,0.000000,0.000000,0.000000,0.000000
90.320000,0.000000,0.000000,0.000000,0.000000,0.000000,0.000000
90.330000,0.000000,0.000000,0.000000,0.000000,0.000000,0.000000
90.340000,0.000000,0.000000,0.000000,0.000000,0.000000,0.000000
90.350000,0.000000,0.000000,0.000000,0.000000,0.000000,0.000000
90.360000,0.000000,0.000000,0.000000,0.000000,0.000000,0.000000
90.370000,0.000000,0.000000,0.000000,0.000000,0.000000,0.000000
90.380000,0.000000,0.000000,0.000000,0.000000,0.000000,0.000000
90.390000,0.000000,0.000000,0.000000,0.000000,0.000000,0.000000
90.400000,0.000000,0.000000,0.000000,0.000000,0.000000,0.000000
90.410000,0.000000,0.000000,0.000000,0.000000,0.000000,0.000000
90.420000,0.000000,0.000000,0.000000,0.000000,0.000000,0.000000
90.430000,0.000000,0.000000,0.000000,0.000000,0.000000,0.000000
90.440000,0.000000,0.000000,0.000000,0.000000,0.000000,0.000000
90.450000,0.000000,0.000000,0.000000,0.000000,0.000000,0.000000
90.460000,0.000000,0.000000,0.000000,0.000000,0.000000,0.000000
90.470000,0.000000,0.000000,0.000000,0.000000,0.000000,0.000000
90.480000,0.000000,0.000000,0.000000,0.000000,0.000000,0.000000
90.490000,0.000000,0.000000,0.000000,0.000000,0.000000,0.000000
90.500000,0.000000,0.000000,0.000000,0.000000,0.000000,0.000000
90.510000,0.000000,0.000000,0.000000,0.000000,0.000000,0.000000
90.520000,0.000000,0.000000,0.000000,0.000000,0.000000,0.000000
90.530000,0.000000,0.000000,0.000000,0.000000,0.000000,0.000000
90.540000,0.000000,0.000000,0.000000,0.000000,0.000000,0.000000
90.550000,0.000000,0.000000,0.000000,0.000000,0.000000,0.000000
90.560000,0.000000,0.000000,0.000000,0.000000,0.000000,0.000000
90.570000,0.000000,0.000000,0.000000,0.000000,0.000000,0.000000
90.580000,0.000000,0.000000,0.000000,0.000000,0.000000,0.000000
90.590000,0.000000,0.000000,0.000000,0.000000,0.000000,0.000000
90.600000,0.000000,0.000000,0.000000,0.000000,0.000000,0.000000
90.610000,0.000000,0.000000,0.000000,0.000000,0.000000,0.000000
90.620000,0.000000,0.000000,0.000000,0.000000,0.000000,0.000000
90.630000,0.000000,0.000000,0.000000,0.000000,0.000000,0.000000
90.640000,0.000000,0.000000,0.000000,0.000000,0.000000,0.000000
90.650000,0.000000,0.000000,0.000000,0.000000,0.000000,0.000000
90.660000,0.000000,0.000000,0.000000,0.000000,0.000000,0.000000
90.670000,0.000000,0.000000,0.000000,0.000000,0.000000,0.000000
90.680000,0.000000,0.000000,0.000000,0.000000,0.000000,0.000000
90.690000,0.000000,0.000000,0.000000,0.000000,0.000000,0.000000
90.700000,0.000000,0.000000,0.000000,0.000000,0.000000,0.000000
90.710000,0.000000,0.000000,0.000000,0.000000,0.000000,0.000000
90.720000,0.000000,0.000000,0.000000,0.000000,0.000000,0.000000
90.730000,0.000000,0.000000,0.000000,0.000000,0.000000,0.000000
90.740000,0.000000,0.000000,0.000000,0.000000,0.000000,0.000000
90.750000,0.000000,0.000000,0.000000,0.000000,0.000000,0.000000
90.760000,0.000000,0.000000,0.000000,0.000000,0.000000,0.000000
90.770000,0.000000,0.000000,0.000000,0.000000,0.000000,0.000000
90.780000,0.000000,0.000000,0.000000,0.000000,0.000000,0.000000
90.790000,0.000000,0.000000,0.000000,0.000000,0.000000,0.000000
90.800000,0.000000,0.000000,0.000000,0.000000,0.000000,0.000000
90.810000,0.000000,0.000000,0.000000,0.000000,0.000000,0.000000
90.820000,0.000000,0.000000,0.000000,0.000000,0.000000,0.000000
90.830000,0.000000,0.000000,0.000000,0.000000,0.000000,0.000000
90.840000,0.000000,0.000000,0.000000,0.000000,0.000000,0.000000
90.850000,0.000000,0.000000,0.000000,0.000000,0.000000,0.000000
90.860000,0.000000,0.000000,0.000000,0.000000,0.000000,0.000000
90.870000,0.000000,0.000000,0.000000,0.000000,0.000000,0.000000
90.880000,0.000000,0.000000,0.000000,0.000000,0.000000,0.000000
90.890000,0.000000,0.000000,0.000000,0.000000,0.000000,0.000000
90.900000,0.000000,0.000000,0.000000,0.000000,0.000000,0.000000
90.910000,0.000000,0.000000,0.000000,0.000000,0.000000,0.000000
90.920000,0.000000,0.000000,0.000000,0.000000,0.000000,0.000000
90.930000,0.000000,0.000000,0.000000,0.000000,0.000000,0.000000
90.940000,0.000000,0.000000,0.000000,0.000000,0.000000,0.000000
90.950000,0.000000,0.000000,0.000000,0.000000,0.000000,0.000000
90.960000,0.000000,0.000000,0.000000,0.000000,0.000000,0.000000
90.970000,0.000000,0.000000,0.000000,0.000000,0.000000,0.000000
90.980000,0.000000,0.000000,0.000000,0.000000,0.000000,0.000000
90.990000,0.000000,0.000000,0.000000,0.000000,0.000000,0.000000
91.000000,0.000000,0.000000,0.000000,0.000000,0.000000,0.000000
91.010000,0.000000,0.000000,0.000000,0.000000,0.000000,0.000000
91.020000,0.000000,0.000000,0.000000,0.000000,0.000000,0.000000
91.030000,0.000000,0.000000,0.000000,0.000000,0.000000,0.000000
91.040000,0.000000,0.000000,0.000000,0.000000,0.000000,0.000000
91.050000,0.000000,0.000000,0.000000,0.000000,0.000000,0.000000
91.060000,0.000000,0.000000,0.000000,0.000000,0.000000,0.000000
91.070000,0.000000,0.000000,0.000000,0.000000,0.000000,0.000000
91.080000,0.000000,0.000000,0.000000,0.000000,0.000000,0.000000
91.090000,0.000000,0.000000,0.000000,0.000000,0.000000,0.000000
91.100000,0.000000,0.000000,0.000000,0.000000,0.000000,0.000000
91.110000,0.000000,0.000000,0.000000,0.000000,0.000000,0.000000
91.120000,0.000000,0.000000,0.000000,0.000000,0.000000,0.000000
91.130000,0.000000,0.000000,0.000000,0.000000,0.000000,0.000000
91.140000,0.000000,0.000000,0.000000,0.000000,0.000000,0.000000
91.150000,0.000000,0.000000,0.000000,0.000000,0.000000,0.000000
91.160000,0.000000,0.000000,0.000000,0.000000,0.000000,0.000000
91.170000,0.000000,0.000000,0.000000,0.000000,0.000000,0.000000
91.180000,0.000000,0.000000,0.000000,0.000000,0.000000,0.000000
91.190000,0.000000,0.000000,0.000000,0.000000,0.000000,0.000000
91.200000,0.000000,0.000000,0.000000,0.000000,0.000000,0.000000
91.210000,0.000000,0.000000,0.000000,0.000000,0.000000,0.000000
91.220000,0.000000,0.000000,0.000000,0.000000,0.000000,0.000000
91.230000,0.000000,0.000000,0.000000,0.000000,0.000000,0.000000
91.240000,0.000000,0.000000,0.000000,0.000000,0.000000,0.000000
91.250000,0.000000,0.000000,0.000000,0.000000,0.000000,0.000000
91.260000,0.000000,0.000000,0.000000,0.000000,0.000000,0.000000
91.270000,0.000000,0.000000,0.000000,0.000000,0.000000,0.000000
91.280000,0.000000,0.000000,0.000000,0.000000,0.000000,0.000000
91.290000,0.000000,0.000000,0.000000,0.000000,0.000000,0.000000
91.300000,0.000000,0.000000,0.000000,0.000000,0.000000,0.000000
91.310000,0.000000,0.000000,0.000000,0.000000,0.000000,0.000000
91.320000,0.000000,0.000000,0.000000,0.000000,0.000000,0.000000
91.330000,0.000000,0.000000,0.000000,0.000000,0.000000,0.000000
91.340000,0.000000,0.000000,0.000000,0.000000,0.000000,0.000000
91.350000,0.000000,0.000000,0.000000,0.000000,0.000000,0.000000
91.360000,0.000000,0.000000,0.000000,0.000000,0.000000,0.000000
91.370000,0.000000,0.000000,0.000000,0.000000,0.000000,0.000000
91.380000,0.000000,0.000000,0.000000,0.000000,0.000000,0.000000
91.390000,0.000000,0.000000,0.000000,0.000000,0.000000,0.000000
91.400000,0.000000,0.000000,0.000000,0.000000,0.000000,0.000000
91.410000,0.000000,0.000000,0.000000,0.000000,0.000000,0.000000
91.420000,0.000000,0.000000,0.000000,0.000000,0.000000,0.000000
91.430000,0.000000,0.000000,0.000000,0.000000,0.000000,0.000000
91.440000,0.000000,0.000000,0.000000,0.000000,0.000000,0.000000
91.450000,0.000000,0.000000,0.000000,0.000000,0.000000,0.000000
91.460000,0.000000,0.000000,0.000000,0.000000,0.000000,0.000000
91.470000,0.000000,0.000000,0.000000,0.000000,0.000000,0.000000
91.480000,0.000000,0.000000,0.000000,0.000000,0.000000,0.000000
91.490000,0.000000,0.000000,0.000000,0.000000,0.000000,0.000000
91.500000,0.000000,0.000000,0.000000,0.000000,0.000000,0.000000
91.510000,0.000000,0.000000,0.000000,0.000000,0.000000,0.000000
91.520000,0.000000,0.000000,0.000000,0.000000,0.000000,0.000000
91.530000,0.000000,0.000000,0.000000,0.000000,0.000000,0.000000
91.540000,0.000000,0.000000,0.000000,0.000000,0.000000,0.000000
91.550000,0.000000,0.000000,0.000000,0.000000,0.000000,0.000000
91.560000,0.000000,0.000000,0.000000,0.000000,0.000000,0.000000
91.570000,0.000000,0.000000,0.000000,0.000000,0.000000,0.000000
91.580000,0.000000,0.000000,0.000000,0.000000,0.000000,0.000000
91.590000,0.000000,0.000000,0.000000,0.000000,0.000000,0.000000
91.600000,0.000000,0.000000,0.000000,0.000000,0.000000,0.000000
91.610000,0.000000,0.000000,0.000000,0.000000,0.000000,0.000000
91.620000,0.000000,0.000000,0.000000,0.000000,0.000000,0.000000
91.630000,0.000000,0.000000,0.000000,0.000000,0.000000,0.000000
91.640000,0.000000,0.000000,0.000000,0.000000,0.000000,0.000000
91.650000,0.000000,0.000000,0.000000,0.000000,0.000000,0.000000
91.660000,0.000000,0.000000,0.000000,0.000000,0.000000,0.000000
91.670000,0.000000,0.000000,0.000000,0.000000,0.000000,0.000000
91.680000,0.000000,0.000000,0.000000,0.000000,0.000000,0.000000
91.690000,0.000000,0.000000,0.000000,0.000000,0.000000,0.000000
91.700000,0.000000,0.000000,0.000000,0.000000,0.000000,0.000000
91.710000,0.000000,0.000000,0.000000,0.000000,0.000000,0.000000
91.720000,0.000000,0.000000,0.000000,0.000000,0.000000,0.000000
91.730000,0.000000,0.000000,0.000000,0.000000,0.000000,0.000000
91.740000,0.000000,0.000000,0.000000,0.000000,0.000000,0.000000
91.750000,0.000000,0.000000,0.000000,0.000000,0.000000,0.000000
91.760000,0.000000,0.000000,0.000000,0.000000,0.000000,0.000000
91.770000,0.000000,0.000000,0.000000,0.000000,0.000000,0.000000
91.780000,0.000000,0.000000,0.000000,0.000000,0.000000,0.000000
91.790000,0.000000,0.000000,0.000000,0.000000,0.000000,0.000000
91.800000,0.000000,0.000000,0.000000,0.000000,0.000000,0.000000
91.810000,0.000000,0.000000,0.000000,0.000000,0.000000,0.000000
91.820000,0.000000,0.000000,0.000000,0.000000,0.000000,0.000000
91.830000,0.000000,0.000000,0.000000,0.000000,0.000000,0.000000
91.840000,0.000000,0.000000,0.000000,0.000000,0.000000,0.000000
91.850000,0.000000,0.000000,0.000000,0.000000,0.000000,0.000000
91.860000,0.000000,0.000000,0.000000,0.000000,0.000000,0.000000
91.870000,0.000000,0.000000,0.000000,0.000000,0.000000,0.000000
91.880000,0.000000,0.000000,0.000000,0.000000,0.000000,0.000000
91.890000,0.000000,0.000000,0.000000,0.000000,0.000000,0.000000
91.900000,0.000000,0.000000,0.000000,0.000000,0.000000,0.000000
91.910000,0.000000,0.000000,0.000000,0.000000,0.000000,0.000000
91.920000,0.000000,0.000000,0.000000,0.000000,0.000000,0.000000
91.930000,0.000000,0.000000,0.000000,0.000000,0.000000,0.000000
91.940000,0.000000,0.000000,0.000000,0.000000,0.000000,0.000000
91.950000,0.000000,0.000000,0.000000,0.000000,0.000000,0.000000
91.960000,0.000000,0.000000,0.000000,0.000000,0.000000,0.000000
91.970000,0.000000,0.000000,0.000000,0.000000,0.000000,0.000000
91.980000,0.000000,0.000000,0.000000,0.000000,0.000000,0.000000
91.990000,0.000000,0.000000,0.000000,0.000000,0.000000,0.000000
92.000000,0.000000,0.000000,0.000000,0.000000,0.000000,0.000000
92.010000,0.000000,0.000000,0.000000,0.000000,0.000000,0.000000
92.020000,0.000000,0.000000,0.000000,0.000000,0.000000,0.000000
92.030000,0.000000,0.000000,0.000000,0.000000,0.000000,0.000000
92.040000,0.000000,0.000000,0.000000,0.000000,0.000000,0.000000
92.050000,0.000000,0.000000,0.000000,0.000000,0.000000,0.000000
92.060000,0.000000,0.000000,0.000000,0.000000,0.000000,0.000000
92.070000,0.000000,0.000000,0.000000,0.000000,0.000000,0.000000
92.080000,0.000000,0.000000,0.000000,0.000000,0.000000,0.000000
92.090000,0.000000,0.000000,0.000000,0.000000,0.000000,0.000000
92.100000,0.000000,0.000000,0.000000,0.000000,0.000000,0.000000
92.110000,0.000000,0.000000,0.000000,0.000000,0.000000,0.000000
92.120000,0.000000,0.000000,0.000000,0.000000,0.000000,0.000000
92.130000,0.000000,0.000000,0.000000,0.000000,0.000000,0.000000
92.140000,0.000000,0.000000,0.000000,0.000000,0.000000,0.000000
92.150000,0.000000,0.000000,0.000000,0.000000,0.000000,0.000000
92.160000,0.000000,0.000000,0.000000,0.000000,0.000000,0.000000
92.170000,0.000000,0.000000,0.000000,0.000000,0.000000,0.000000
92.180000,0.000000,0.000000,0.000000,0.000000,0.000000,0.000000
92.190000,0.000000,0.000000,0.000000,0.000000,0.000000,0.000000
92.200000,0.000000,0.000000,0.000000,0.000000,0.000000,0.000000
92.210000,0.000000,0.000000,0.000000,0.000000,0.000000,0.000000
92.220000,0.000000,0.000000,0.000000,0.000000,0.000000,0.000000
92.230000,0.000000,0.000000,0.000000,0.000000,0.000000,0.000000
92.240000,0.000000,0.000000,0.000000,0.000000,0.000000,0.000000
92.250000,0.000000,0.000000,0.000000,0.000000,0.000000,0.000000
92.260000,0.000000,0.000000,0.000000,0.000000,0.000000,0.000000
92.270000,0.000000,0.000000,0.000000,0.000000,0.000000,0.000000
92.280000,0.000000,0.000000,0.000000,0.000000,0.000000,0.000000
92.290000,0.000000,0.000000,0.000000,0.000000,0.000000,0.000000
92.300000,0.000000,0.000000,0.000000,0.000000,0.000000,0.000000
92.310000,0.000000,0.000000,0.000000,0.000000,0.000000,0.000000
92.320000,0.000000,0.000000,0.000000,0.000000,0.000000,0.000000
92.330000,0.000000,0.000000,0.000000,0.000000,0.000000,0.000000
92.340000,0.000000,0.000000,0.000000,0.000000,0.000000,0.000000
92.350000,0.000000,0.000000,0.000000,0.000000,0.000000,0.000000
92.360000,0.000000,0.000000,0.000000,0.000000,0.000000,0.000000
92.370000,0.000000,0.000000,0.000000,0.000000,0.000000,0.000000
92.380000,0.000000,0.000000,0.000000,0.000000,0.000000,0.000000
92.390000,0.000000,0.000000,0.000000,0.000000,0.000000,0.000000
92.400000,0.000000,0.000000,0.000000,0.000000,0.000000,0.000000
92.410000,0.000000,0.000000,0.000000,0.000000,0.000000,0.000000
92.420000,0.000000,0.000000,0.000000,0.000000,0.000000,0.000000
92.430000,0.000000,0.000000,0.000000,0.000000,0.000000,0.000000
92.440000,0.000000,0.000000,0.000000,0.000000,0.000000,0.000000
92.450000,0.000000,0.000000,0.000000,0.000000,0.000000,0.000000
92.460000,0.000000,0.000000,0.000000,0.000000,0.000000,0.000000
92.470000,0.000000,0.000000,0.000000,0.000000,0.000000,0.000000
92.480000,0.000000,0.000000,0.000000,0.000000,0.000000,0.000000
92.490000,0.000000,0.000000,0.000000,0.000000,0.000000,0.000000
92.500000,0.000000,0.000000,0.000000,0.000000,0.000000,0.000000
92.510000,0.000000,0.000000,0.000000,0.000000,0.000000,0.000000
92.520000,0.000000,0.000000,0.000000,0.000000,0.000000,0.000000
92.530000,0.000000,0.000000,0.000000,0.000000,0.000000,0.000000
92.540000,0.000000,0.000000,0.000000,0.000000,0.000000,0.000000
92.550000,0.000000,0.000000,0.000000,0.000000,0.000000,0.000000
92.560000,0.000000,0.000000,0.000000,0.000000,0.000000,0.000000
92.570000,0.000000,0.000000,0.000000,0.000000,0.000000,0.000000
92.580000,0.000000,0.000000,0.000000,0.000000,0.000000,0.000000
92.590000,0.000000,0.000000,0.000000,0.000000,0.000000,0.000000
92.600000,0.000000,0.000000,0.000000,0.000000,0.000000,0.000000
92.610000,0.000000,0.000000,0.000000,0.000000,0.000000,0.000000
92.620000,0.000000,0.000000,0.000000,0.000000,0.000000,0.000000
92.630000,0.000000,0.000000,0.000000,0.000000,0.000000,0.000000
92.640000,0.000000,0.000000,0.000000,0.000000,0.000000,0.000000
92.650000,0.000000,0.000000,0.000000,0.000000,0.000000,0.000000
92.660000,0.000000,0.000000,0.000000,0.000000,0.000000,0.000000
92.670000,0.000000,0.000000,0.000000,0.000000,0.000000,0.000000
92.680000,0.000000,0.000000,0.000000,0.000000,0.000000,0.000000
92.690000,0.000000,0.000000,0.000000,0.000000,0.000000,0.000000
92.700000,0.000000,0.000000,0.000000,0.000000,0.000000,0.000000
92.710000,0.000000,0.000000,0.000000,0.000000,0.000000,0.000000
92.720000,0.000000,0.000000,0.000000,0.000000,0.000000,0.000000
92.730000,0.000000,0.000000,0.000000,0.000000,0.000000,0.000000
92.740000,0.000000,0.000000,0.000000,0.000000,0.000000,0.000000
92.750000,0.000000,0.000000,0.000000,0.000000,0.000000,0.000000
92.760000,0.000000,0.000000,0.000000,0.000000,0.000000,0.000000
92.770000,0.000000,0.000000,0.000000,0.000000,0.000000,0.000000
92.780000,0.000000,0.000000,0.000000,0.000000,0.000000,0.000000
92.790000,0.000000,0.000000,0.000000,0.000000,0.000000,0.000000
92.800000,0.000000,0.000000,0.000000,0.000000,0.000000,0.000000
92.810000,0.000000,0.000000,0.000000,0.000000,0.000000,0.000000
92.820000,0.000000,0.000000,0.000000,0.000000,0.000000,0.000000
92.830000,0.000000,0.000000,0.000000,0.000000,0.000000,0.000000
92.840000,0.000000,0.000000,0.000000,0.000000,0.000000,0.000000
92.850000,0.000000,0.000000,0.000000,0.000000,0.000000,0.000000
92.860000,0.000000,0.000000,0.000000,0.000000,0.000000,0.000000
92.870000,0.000000,0.000000,0.000000,0.000000,0.000000,0.000000
92.880000,0.000000,0.000000,0.000000,0.000000,0.000000,0.000000
92.890000,0.000000,0.000000,0.000000,0.000000,0.000000,0.000000
92.900000,0.000000,0.000000,0.000000,0.000000,0.000000,0.000000
92.910000,0.000000,0.000000,0.000000,0.000000,0.000000,0.000000
92.920000,0.000000,0.000000,0.000000,0.000000,0.000000,0.000000
92.930000,0.000000,0.000000,0.000000,0.000000,0.000000,0.000000
92.940000,0.000000,0.000000,0.000000,0.000000,0.000000,0.000000
92.950000,0.000000,0.000000,0.000000,0.000000,0.000000,0.000000
92.960000,0.000000,0.000000,0.000000,0.000000,0.000000,0.000000
92.970000,0.000000,0.000000,0.000000,0.000000,0.000000,0.000000
92.980000,0.000000,0.000000,0.000000,0.000000,0.000000,0.000000
92.990000,0.000000,0.000000,0.000000,0.000000,0.000000,0.000000
93.000000,0.000000,0.000000,0.000000,0.000000,0.000000,0.000000
93.010000,0.000000,0.000000,0.000000,0.000000,0.000000,0.000000
93.020000,0.000000,0.000000,0.000000,0.000000,0.000000,0.000000
93.030000,0.000000,0.000000,0.000000,0.000000,0.000000,0.000000
93.040000,0.000000,0.000000,0.000000,0.000000,0.000000,0.000000
93.050000,0.000000,0.000000,0.000000,0.000000,0.000000,0.000000
93.060000,0.000000,0.000000,0.000000,0.000000,0.000000,0.000000
93.070000,0.000000,0.000000,0.000000,0.000000,0.000000,0.000000
93.080000,0.000000,0.000000,0.000000,0.000000,0.000000,0.000000
93.090000,0.000000,0.000000,0.000000,0.000000,0.000000,0.000000
93.100000,0.000000,0.000000,0.000000,0.000000,0.000000,0.000000
93.110000,0.000000,0.000000,0.000000,0.000000,0.000000,0.000000
93.120000,0.000000,0.000000,0.000000,0.000000,0.000000,0.000000
93.130000,0.000000,0.000000,0.000000,0.000000,0.000000,0.000000
93.140000,0.000000,0.000000,0.000000,0.000000,0.000000,0.000000
93.150000,0.000000,0.000000,0.000000,0.000000,0.000000,0.000000
93.160000,0.000000,0.000000,0.000000,0.000000,0.000000,0.000000
93.170000,0.000000,0.000000,0.000000,0.000000,0.000000,0.000000
93.180000,0.000000,0.000000,0.000000,0.000000,0.000000,0.000000
93.190000,0.000000,0.000000,0.000000,0.000000,0.000000,0.000000
93.200000,0.000000,0.000000,0.000000,0.000000,0.000000,0.000000
93.210000,0.000000,0.000000,0.000000,0.000000,0.000000,0.000000
93.220000,0.000000,0.000000,0.000000,0.000000,0.000000,0.000000
93.230000,0.000000,0.000000,0.000000,0.000000,0.000000,0.000000
93.240000,0.000000,0.000000,0.000000,0.000000,0.000000,0.000000
93.250000,0.000000,0.000000,0.000000,0.000000,0.000000,0.000000
93.260000,0.000000,0.000000,0.000000,0.000000,0.000000,0.000000
93.270000,0.000000,0.000000,0.000000,0.000000,0.000000,0.000000
93.280000,0.000000,0.000000,0.000000,0.000000,0.000000,0.000000
93.290000,0.000000,0.000000,0.000000,0.000000,0.000000,0.000000
93.300000,0.000000,0.000000,0.000000,0.000000,0.000000,0.000000
93.310000,0.000000,0.000000,0.000000,0.000000,0.000000,0.000000
93.320000,0.000000,0.000000,0.000000,0.000000,0.000000,0.000000
93.330000,0.000000,0.000000,0.000000,0.000000,0.000000,0.000000
93.340000,0.000000,0.000000,0.000000,0.000000,0.000000,0.000000
93.350000,0.000000,0.000000,0.000000,0.000000,0.000000,0.000000
93.360000,0.000000,0.000000,0.000000,0.000000,0.000000,0.000000
93.370000,0.000000,0.000000,0.000000,0.000000,0.000000,0.000000
93.380000,0.000000,0.000000,0.000000,0.000000,0.000000,0.000000
93.390000,0.000000,0.000000,0.000000,0.000000,0.000000,0.000000
93.400000,0.000000,0.000000,0.000000,0.000000,0.000000,0.000000
93.410000,0.000000,0.000000,0.000000,0.000000,0.000000,0.000000
93.420000,0.000000,0.000000,0.000000,0.000000,0.000000,0.000000
93.430000,0.000000,0.000000,0.000000,0.000000,0.000000,0.000000
93.440000,0.000000,0.000000,0.000000,0.000000,0.000000,0.000000
93.450000,0.000000,0.000000,0.000000,0.000000,0.000000,0.000000
93.460000,0.000000,0.000000,0.000000,0.000000,0.000000,0.000000
93.470000,0.000000,0.000000,0.000000,0.000000,0.000000,0.000000
93.480000,0.000000,0.000000,0.000000,0.000000,0.000000,0.000000
93.490000,0.000000,0.000000,0.000000,0.000000,0.000000,0.000000
93.500000,0.000000,0.000000,0.000000,0.000000,0.000000,0.000000
93.510000,0.000000,0.000000,0.000000,0.000000,0.000000,0.000000
93.520000,0.000000,0.000000,0.000000,0.000000,0.000000,0.000000
93.530000,0.000000,0.000000,0.000000,0.000000,0.000000,0.000000
93.540000,0.000000,0.000000,0.000000,0.000000,0.000000,0.000000
93.550000,0.000000,0.000000,0.000000,0.000000,0.000000,0.000000
93.560000,0.000000,0.000000,0.000000,0.000000,0.000000,0.000000
93.570000,0.000000,0.000000,0.000000,0.000000,0.000000,0.000000
93.580000,0.000000,0.000000,0.000000,0.000000,0.000000,0.000000
93.590000,0.000000,0.000000,0.000000,0.000000,0.000000,0.000000
93.600000,0.000000,0.000000,0.000000,0.000000,0.000000,0.000000
93.610000,0.000000,0.000000,0.000000,0.000000,0.000000,0.000000
93.620000,0.000000,0.000000,0.000000,0.000000,0.000000,0.000000
93.630000,0.000000,0.000000,0.000000,0.000000,0.000000,0.000000
93.640000,0.000000,0.000000,0.000000,0.000000,0.000000,0.000000
93.650000,0.000000,0.000000,0.000000,0.000000,0.000000,0.000000
93.660000,0.000000,0.000000,0.000000,0.000000,0.000000,0.000000
93.670000,0.000000,0.000000,0.000000,0.000000,0.000000,0.000000
93.680000,0.000000,0.000000,0.000000,0.000000,0.000000,0.000000
93.690000,0.000000,0.000000,0.000000,0.000000,0.000000,0.000000
93.700000,0.000000,0.000000,0.000000,0.000000,0.000000,0.000000
93.710000,0.000000,0.000000,0.000000,0.000000,0.000000,0.000000
93.720000,0.000000,0.000000,0.000000,0.000000,0.000000,0.000000
93.730000,0.000000,0.000000,0.000000,0.000000,0.000000,0.000000
93.740000,0.000000,0.000000,0.000000,0.000000,0.000000,0.000000
93.750000,0.000000,0.000000,0.000000,0.000000,0.000000,0.000000
93.760000,0.000000,0.000000,0.000000,0.000000,0.000000,0.000000
93.770000,0.000000,0.000000,0.000000,0.000000,0.000000,0.000000
93.780000,0.000000,0.000000,0.000000,0.000000,0.000000,0.000000
93.790000,0.000000,0.000000,0.000000,0.000000,0.000000,0.000000
93.800000,0.000000,0.000000,0.000000,0.000000,0.000000,0.000000
93.810000,0.000000,0.000000,0.000000,0.000000,0.000000,0.000000
93.820000,0.000000,0.000000,0.000000,0.000000,0.000000,0.000000
93.830000,0.000000,0.000000,0.000000,0.000000,0.000000,0.000000
93.840000,0.000000,0.000000,0.000000,0.000000,0.000000,0.000000
93.850000,0.000000,0.000000,0.000000,0.000000,0.000000,0.000000
93.860000,0.000000,0.000000,0.000000,0.000000,0.000000,0.000000
93.870000,0.000000,0.000000,0.000000,0.000000,0.000000,0.000000
93.880000,0.000000,0.000000,0.000000,0.000000,0.000000,0.000000
93.890000,0.000000,0.000000,0.000000,0.000000,0.000000,0.000000
93.900000,0.000000,0.000000,0.000000,0.000000,0.000000,0.000000
93.910000,0.000000,0.000000,0.000000,0.000000,0.000000,0.000000
93.920000,0.000000,0.000000,0.000000,0.000000,0.000000,0.000000
93.930000,0.000000,0.000000,0.000000,0.000000,0.000000,0.000000
93.940000,0.000000,0.000000,0.000000,0.000000,0.000000,0.000000
93.950000,0.000000,0.000000,0.000000,0.000000,0.000000,0.000000
93.960000,0.000000,0.000000,0.000000,0.000000,0.000000,0.000000
93.970000,0.000000,0.000000,0.000000,0.000000,0.000000,0.000000
93.980000,0.000000,0.000000,0.000000,0.000000,0.000000,0.000000
93.990000,0.000000,0.000000,0.000000,0.000000,0.000000,0.000000
94.000000,0.000000,0.000000,0.000000,0.000000,0.000000,0.000000
94.010000,0.000000,0.000000,0.000000,0.000000,0.000000,0.000000
94.020000,0.000000,0.000000,0.000000,0.000000,0.000000,0.000000
94.030000,0.000000,0.000000,0.000000,0.000000,0.000000,0.000000
94.040000,0.000000,0.000000,0.000000,0.000000,0.000000,0.000000
94.050000,0.000000,0.000000,0.000000,0.000000,0.000000,0.000000
94.060000,0.000000,0.000000,0.000000,0.000000,0.000000,0.000000
94.070000,0.000000,0.000000,0.000000,0.000000,0.000000,0.000000
94.080000,0.000000,0.000000,0.000000,0.000000,0.000000,0.000000
94.090000,0.000000,0.000000,0.000000,0.000000,0.000000,0.000000
94.100000,0.000000,0.000000,0.000000,0.000000,0.000000,0.000000
94.110000,0.000000,0.000000,0.000000,0.000000,0.000000,0.000000
94.120000,0.000000,0.000000,0.000000,0.000000,0.000000,0.000000
94.130000,0.000000,0.000000,0.000000,0.000000,0.000000,0.000000
94.140000,0.000000,0.000000,0.000000,0.000000,0.000000,0.000000
94.150000,0.000000,0.000000,0.000000,0.000000,0.000000,0.000000
94.160000,0.000000,0.000000,0.000000,0.000000,0.000000,0.000000
94.170000,0.000000,0.000000,0.000000,0.000000,0.000000,0.000000
94.180000,0.000000,0.000000,0.000000,0.000000,0.000000,0.000000
94.190000,0.000000,0.000000,0.000000,0.000000,0.000000,0.000000
94.200000,0.000000,0.000000,0.000000,0.000000,0.000000,0.000000
94.210000,0.000000,0.000000,0.000000,0.000000,0.000000,0.000000
94.220000,0.000000,0.000000,0.000000,0.000000,0.000000,0.000000
94.230000,0.000000,0.000000,0.000000,0.000000,0.000000,0.000000
94.240000,0.000000,0.000000,0.000000,0.000000,0.000000,0.000000
94.250000,0.000000,0.000000,0.000000,0.000000,0.000000,0.000000
94.260000,0.000000,0.000000,0.000000,0.000000,0.000000,0.000000
94.270000,0.000000,0.000000,0.000000,0.000000,0.000000,0.000000
94.280000,0.000000,0.000000,0.000000,0.000000,0.000000,0.000000
94.290000,0.000000,0.000000,0.000000,0.000000,0.000000,0.000000
94.300000,0.000000,0.000000,0.000000,0.000000,0.000000,0.000000
94.310000,0.000000,0.000000,0.000000,0.000000,0.000000,0.000000
94.320000,0.000000,0.000000,0.000000,0.000000,0.000000,0.000000
94.330000,0.000000,0.000000,0.000000,0.000000,0.000000,0.000000
94.340000,0.000000,0.000000,0.000000,0.000000,0.000000,0.000000
94.350000,0.000000,0.000000,0.000000,0.000000,0.000000,0.000000
94.360000,0.000000,0.000000,0.000000,0.000000,0.000000,0.000000
94.370000,0.000000,0.000000,0.000000,0.000000,0.000000,0.000000
94.380000,0.000000,0.000000,0.000000,0.000000,0.000000,0.000000
94.390000,0.000000,0.000000,0.000000,0.000000,0.000000,0.000000
94.400000,0.000000,0.000000,0.000000,0.000000,0.000000,0.000000
94.410000,0.000000,0.000000,0.000000,0.000000,0.000000,0.000000
94.420000,0.000000,0.000000,0.000000,0.000000,0.000000,0.000000
94.430000,0.000000,0.000000,0.000000,0.000000,0.000000,0.000000
94.440000,0.000000,0.000000,0.000000,0.000000,0.000000,0.000000
94.450000,0.000000,0.000000,0.000000,0.000000,0.000000,0.000000
94.460000,0.000000,0.000000,0.000000,0.000000,0.000000,0.000000
94.470000,0.000000,0.000000,0.000000,0.000000,0.000000,0.000000
94.480000,0.000000,0.000000,0.000000,0.000000,0.000000,0.000000
94.490000,0.000000,0.000000,0.000000,0.000000,0.000000,0.000000
94.500000,0.000000,0.000000,0.000000,0.000000,0.000000,0.000000
94.510000,0.000000,0.000000,0.000000,0.000000,0.000000,0.000000
94.520000,0.000000,0.000000,0.000000,0.000000,0.000000,0.000000
94.530000,0.000000,0.000000,0.000000,0.000000,0.000000,0.000000
94.540000,0.000000,0.000000,0.000000,0.000000,0.000000,0.000000
94.550000,0.000000,0.000000,0.000000,0.000000,0.000000,0.000000
94.560000,0.000000,0.000000,0.000000,0.000000,0.000000,0.000000
94.570000,0.000000,0.000000,0.000000,0.000000,0.000000,0.000000
94.580000,0.000000,0.000000,0.000000,0.000000,0.000000,0.000000
94.590000,0.000000,0.000000,0.000000,0.000000,0.000000,0.000000
94.600000,0.000000,0.000000,0.000000,0.000000,0.000000,0.000000
94.610000,0.000000,0.000000,0.000000,0.000000,0.000000,0.000000
94.620000,0.000000,0.000000,0.000000,0.000000,0.000000,0.000000
94.630000,0.000000,0.000000,0.000000,0.000000,0.000000,0.000000
94.640000,0.000000,0.000000,0.000000,0.000000,0.000000,0.000000
94.650000,0.000000,0.000000,0.000000,0.000000,0.000000,0.000000
94.660000,0.000000,0.000000,0.000000,0.000000,0.000000,0.000000
94.670000,0.000000,0.000000,0.000000,0.000000,0.000000,0.000000
94.680000,0.000000,0.000000,0.000000,0.000000,0.000000,0.000000
94.690000,0.000000,0.000000,0.000000,0.000000,0.000000,0.000000
94.700000,0.000000,0.000000,0.000000,0.000000,0.000000,0.000000
94.710000,0.000000,0.000000,0.000000,0.000000,0.000000,0.000000
94.720000,0.000000,0.000000,0.000000,0.000000,0.000000,0.000000
94.730000,0.000000,0.000000,0.000000,0.000000,0.000000,0.000000
94.740000,0.000000,0.000000,0.000000,0.000000,0.000000,0.000000
94.750000,0.000000,0.000000,0.000000,0.000000,0.000000,0.000000
94.760000,0.000000,0.000000,0.000000,0.000000,0.000000,0.000000
94.770000,0.000000,0.000000,0.000000,0.000000,0.000000,0.000000
94.780000,0.000000,0.000000,0.000000,0.000000,0.000000,0.000000
94.790000,0.000000,0.000000,0.000000,0.000000,0.000000,0.000000
94.800000,0.000000,0.000000,0.000000,0.000000,0.000000,0.000000
94.810000,0.000000,0.000000,0.000000,0.000000,0.000000,0.000000
94.820000,0.000000,0.000000,0.000000,0.000000,0.000000,0.000000
94.830000,0.000000,0.000000,0.000000,0.000000,0.000000,0.000000
94.840000,0.000000,0.000000,0.000000,0.000000,0.000000,0.000000
94.850000,0.000000,0.000000,0.000000,0.000000,0.000000,0.000000
94.860000,0.000000,0.000000,0.000000,0.000000,0.000000,0.000000
94.870000,0.000000,0.000000,0.000000,0.000000,0.000000,0.000000
94.880000,0.000000,0.000000,0.000000,0.000000,0.000000,0.000000
94.890000,0.000000,0.000000,0.000000,0.000000,0.000000,0.000000
94.900000,0.000000,0.000000,0.000000,0.000000,0.000000,0.000000
94.910000,0.000000,0.000000,0.000000,0.000000,0.000000,0.000000
94.920000,0.000000,0.000000,0.000000,0.000000,0.000000,0.000000
94.930000,0.000000,0.000000,0.000000,0.000000,0.000000,0.000000
94.940000,0.000000,0.000000,0.000000,0.000000,0.000000,0.000000
94.950000,0.000000,0.000000,0.000000,0.000000,0.000000,0.000000
94.960000,0.000000,0.000000,0.000000,0.000000,0.000000,0.000000
94.970000,0.000000,0.000000,0.000000,0.000000,0.000000,0.000000
94.980000,0.000000,0.000000,0.000000,0.000000,0.000000,0.000000
94.990000,0.000000,0.000000,0.000000,0.000000,0.000000,0.000000
95.000000,0.000000,0.000000,0.000000,0.000000,0.000000,0.000000
95.010000,0.000000,0.000000,0.000000,0.000000,0.000000,0.000000
95.020000,0.000000,0.000000,0.000000,0.000000,0.000000,0.000000
95.030000,0.000000,0.000000,0.000000,0.000000,0.000000,0.000000
95.040000,0.000000,0.000000,0.000000,0.000000,0.000000,0.000000
95.050000,0.000000,0.000000,0.000000,0.000000,0.000000,0.000000
95.060000,0.000000,0.000000,0.000000,0.000000,0.000000,0.000000
95.070000,0.000000,0.000000,0.000000,0.000000,0.000000,0.000000
95.080000,0.000000,0.000000,0.000000,0.000000,0.000000,0.000000
95.090000,0.000000,0.000000,0.000000,0.000000,0.000000,0.000000
95.100000,0.000000,0.000000,0.000000,0.000000,0.000000,0.000000
95.110000,0.000000,0.000000,0.000000,0.000000,0.000000,0.000000
95.120000,0.000000,0.000000,0.000000,0.000000,0.000000,0.000000
95.130000,0.000000,0.000000,0.000000,0.000000,0.000000,0.000000
95.140000,0.000000,0.000000,0.000000,0.000000,0.000000,0.000000
95.150000,0.000000,0.000000,0.000000,0.000000,0.000000,0.000000
95.160000,0.000000,0.000000,0.000000,0.000000,0.000000,0.000000
95.170000,0.000000,0.000000,0.000000,0.000000,0.000000,0.000000
95.180000,0.000000,0.000000,0.000000,0.000000,0.000000,0.000000
95.190000,0.000000,0.000000,0.000000,0.000000,0.000000,0.000000
95.200000,0.000000,0.000000,0.000000,0.000000,0.000000,0.000000
95.210000,0.000000,0.000000,0.000000,0.000000,0.000000,0.000000
95.220000,0.000000,0.000000,0.000000,0.000000,0.000000,0.000000
95.230000,0.000000,0.000000,0.000000,0.000000,0.000000,0.000000
95.240000,0.000000,0.000000,0.000000,0.000000,0.000000,0.000000
95.250000,0.000000,0.000000,0.000000,0.000000,0.000000,0.000000
95.260000,0.000000,0.000000,0.000000,0.000000,0.000000,0.000000
95.270000,0.000000,0.000000,0.000000,0.000000,0.000000,0.000000
95.280000,0.000000,0.000000,0.000000,0.000000,0.000000,0.000000
95.290000,0.000000,0.000000,0.000000,0.000000,0.000000,0.000000
95.300000,0.000000,0.000000,0.000000,0.000000,0.000000,0.000000
95.310000,0.000000,0.000000,0.000000,0.000000,0.000000,0.000000
95.320000,0.000000,0.000000,0.000000,0.000000,0.000000,0.000000
95.330000,0.000000,0.000000,0.000000,0.000000,0.000000,0.000000
95.340000,0.000000,0.000000,0.000000,0.000000,0.000000,0.000000
95.350000,0.000000,0.000000,0.000000,0.000000,0.000000,0.000000
95.360000,0.000000,0.000000,0.000000,0.000000,0.000000,0.000000
95.370000,0.000000,0.000000,0.000000,0.000000,0.000000,0.000000
95.380000,0.000000,0.000000,0.000000,0.000000,0.000000,0.000000
95.390000,0.000000,0.000000,0.000000,0.000000,0.000000,0.000000
95.400000,0.000000,0.000000,0.000000,0.000000,0.000000,0.000000
95.410000,0.000000,0.000000,0.000000,0.000000,0.000000,0.000000
95.420000,0.000000,0.000000,0.000000,0.000000,0.000000,0.000000
95.430000,0.000000,0.000000,0.000000,0.000000,0.000000,0.000000
95.440000,0.000000,0.000000,0.000000,0.000000,0.000000,0.000000
95.450000,0.000000,0.000000,0.000000,0.000000,0.000000,0.000000
95.460000,0.000000,0.000000,0.000000,0.000000,0.000000,0.000000
95.470000,0.000000,0.000000,0.000000,0.000000,0.000000,0.000000
95.480000,0.000000,0.000000,0.000000,0.000000,0.000000,0.000000
95.490000,0.000000,0.000000,0.000000,0.000000,0.000000,0.000000
95.500000,0.000000,0.000000,0.000000,0.000000,0.000000,0.000000
95.510000,0.000000,0.000000,0.000000,0.000000,0.000000,0.000000
95.520000,0.000000,0.000000,0.000000,0.000000,0.000000,0.000000
95.530000,0.000000,0.000000,0.000000,0.000000,0.000000,0.000000
95.540000,0.000000,0.000000,0.000000,0.000000,0.000000,0.000000
95.550000,0.000000,0.000000,0.000000,0.000000,0.000000,0.000000
95.560000,0.000000,0.000000,0.000000,0.000000,0.000000,0.000000
95.570000,0.000000,0.000000,0.000000,0.000000,0.000000,0.000000
95.580000,0.000000,0.000000,0.000000,0.000000,0.000000,0.000000
95.590000,0.000000,0.000000,0.000000,0.000000,0.000000,0.000000
95.600000,0.000000,0.000000,0.000000,0.000000,0.000000,0.000000
95.610000,0.000000,0.000000,0.000000,0.000000,0.000000,0.000000
95.620000,0.000000,0.000000,0.000000,0.000000,0.000000,0.000000
95.630000,0.000000,0.000000,0.000000,0.000000,0.000000,0.000000
95.640000,0.000000,0.000000,0.000000,0.000000,0.000000,0.000000
95.650000,0.000000,0.000000,0.000000,0.000000,0.000000,0.000000
95.660000,0.000000,0.000000,0.000000,0.000000,0.000000,0.000000
95.670000,0.000000,0.000000,0.000000,0.000000,0.000000,0.000000
95.680000,0.000000,0.000000,0.000000,0.000000,0.000000,0.000000
95.690000,0.000000,0.000000,0.000000,0.000000,0.000000,0.000000
95.700000,0.000000,0.000000,0.000000,0.000000,0.000000,0.000000
95.710000,0.000000,0.000000,0.000000,0.000000,0.000000,0.000000
95.720000,0.000000,0.000000,0.000000,0.000000,0.000000,0.000000
95.730000,0.000000,0.000000,0.000000,0.000000,0.000000,0.000000
95.740000,0.000000,0.000000,0.000000,0.000000,0.000000,0.000000
95.750000,0.000000,0.000000,0.000000,0.000000,0.000000,0.000000
95.760000,0.000000,0.000000,0.000000,0.000000,0.000000,0.000000
95.770000,0.000000,0.000000,0.000000,0.000000,0.000000,0.000000
95.780000,0.000000,0.000000,0.000000,0.000000,0.000000,0.000000
95.790000,0.000000,0.000000,0.000000,0.000000,0.000000,0.000000
95.800000,0.000000,0.000000,0.000000,0.000000,0.000000,0.000000
95.810000,0.000000,0.000000,0.000000,0.000000,0.000000,0.000000
95.820000,0.000000,0.000000,0.000000,0.000000,0.000000,0.000000
95.830000,0.000000,0.000000,0.000000,0.000000,0.000000,0.000000
95.840000,0.000000,0.000000,0.000000,0.000000,0.000000,0.000000
95.850000,0.000000,0.000000,0.000000,0.000000,0.000000,0.000000
95.860000,0.000000,0.000000,0.000000,0.000000,0.000000,0.000000
95.870000,0.000000,0.000000,0.000000,0.000000,0.000000,0.000000
95.880000,0.000000,0.000000,0.000000,0.000000,0.000000,0.000000
95.890000,0.000000,0.000000,0.000000,0.000000,0.000000,0.000000
95.900000,0.000000,0.000000,0.000000,0.000000,0.000000,0.000000
95.910000,0.000000,0.000000,0.000000,0.000000,0.000000,0.000000
95.920000,0.000000,0.000000,0.000000,0.000000,0.000000,0.000000
95.930000,0.000000,0.000000,0.000000,0.000000,0.000000,0.000000
95.940000,0.000000,0.000000,0.000000,0.000000,0.000000,0.000000
95.950000,0.000000,0.000000,0.000000,0.000000,0.000000,0.000000
95.960000,0.000000,0.000000,0.000000,0.000000,0.000000,0.000000
95.970000,0.000000,0.000000,0.000000,0.000000,0.000000,0.000000
95.980000,0.000000,0.000000,0.000000,0.000000,0.000000,0.000000
95.990000,0.000000,0.000000,0.000000,0.000000,0.000000,0.000000
96.000000,0.000000,0.000000,0.000000,0.000000,0.000000,0.000000
96.010000,0.000000,0.000000,0.000000,0.000000,0.000000,0.000000
96.020000,0.000000,0.000000,0.000000,0.000000,0.000000,0.000000
96.030000,0.000000,0.000000,0.000000,0.000000,0.000000,0.000000
96.040000,0.000000,0.000000,0.000000,0.000000,0.000000,0.000000
96.050000,0.000000,0.000000,0.000000,0.000000,0.000000,0.000000
96.060000,0.000000,0.000000,0.000000,0.000000,0.000000,0.000000
96.070000,0.000000,0.000000,0.000000,0.000000,0.000000,0.000000
96.080000,0.000000,0.000000,0.000000,0.000000,0.000000,0.000000
96.090000,0.000000,0.000000,0.000000,0.000000,0.000000,0.000000
96.100000,0.000000,0.000000,0.000000,0.000000,0.000000,0.000000
96.110000,0.000000,0.000000,0.000000,0.000000,0.000000,0.000000
96.120000,0.000000,0.000000,0.000000,0.000000,0.000000,0.000000
96.130000,0.000000,0.000000,0.000000,0.000000,0.000000,0.000000
96.140000,0.000000,0.000000,0.000000,0.000000,0.000000,0.000000
96.150000,0.000000,0.000000,0.000000,0.000000,0.000000,0.000000
96.160000,0.000000,0.000000,0.000000,0.000000,0.000000,0.000000
96.170000,0.000000,0.000000,0.000000,0.000000,0.000000,0.000000
96.180000,0.000000,0.000000,0.000000,0.000000,0.000000,0.000000
96.190000,0.000000,0.000000,0.000000,0.000000,0.000000,0.000000
96.200000,0.000000,0.000000,0.000000,0.000000,0.000000,0.000000
96.210000,0.000000,0.000000,0.000000,0.000000,0.000000,0.000000
96.220000,0.000000,0.000000,0.000000,0.000000,0.000000,0.000000
96.230000,0.000000,0.000000,0.000000,0.000000,0.000000,0.000000
96.240000,0.000000,0.000000,0.000000,0.000000,0.000000,0.000000
96.250000,0.000000,0.000000,0.000000,0.000000,0.000000,0.000000
96.260000,0.000000,0.000000,0.000000,0.000000,0.000000,0.000000
96.270000,0.000000,0.000000,0.000000,0.000000,0.000000,0.000000
96.280000,0.000000,0.000000,0.000000,0.000000,0.000000,0.000000
96.290000,0.000000,0.000000,0.000000,0.000000,0.000000,0.000000
96.300000,0.000000,0.000000,0.000000,0.000000,0.000000,0.000000
96.310000,0.000000,0.000000,0.000000,0.000000,0.000000,0.000000
96.320000,0.000000,0.000000,0.000000,0.000000,0.000000,0.000000
96.330000,0.000000,0.000000,0.000000,0.000000,0.000000,0.000000
96.340000,0.000000,0.000000,0.000000,0.000000,0.000000,0.000000
96.350000,0.000000,0.000000,0.000000,0.000000,0.000000,0.000000
96.360000,0.000000,0.000000,0.000000,0.000000,0.000000,0.000000
96.370000,0.000000,0.000000,0.000000,0.000000,0.000000,0.000000
96.380000,0.000000,0.000000,0.000000,0.000000,0.000000,0.000000
96.390000,0.000000,0.000000,0.000000,0.000000,0.000000,0.000000
96.400000,0.000000,0.000000,0.000000,0.000000,0.000000,0.000000
96.410000,0.000000,0.000000,0.000000,0.000000,0.000000,0.000000
96.420000,0.000000,0.000000,0.000000,0.000000,0.000000,0.000000
96.430000,0.000000,0.000000,0.000000,0.000000,0.000000,0.000000
96.440000,0.000000,0.000000,0.000000,0.000000,0.000000,0.000000
96.450000,0.000000,0.000000,0.000000,0.000000,0.000000,0.000000
96.460000,0.000000,0.000000,0.000000,0.000000,0.000000,0.000000
96.470000,0.000000,0.000000,0.000000,0.000000,0.000000,0.000000
96.480000,0.000000,0.000000,0.000000,0.000000,0.000000,0.000000
96.490000,0.000000,0.000000,0.000000,0.000000,0.000000,0.000000
96.500000,0.000000,0.000000,0.000000,0.000000,0.000000,0.000000
96.510000,0.000000,0.000000,0.000000,0.000000,0.000000,0.000000
96.520000,0.000000,0.000000,0.000000,0.000000,0.000000,0.000000
96.530000,0.000000,0.000000,0.000000,0.000000,0.000000,0.000000
96.540000,0.000000,0.000000,0.000000,0.000000,0.000000,0.000000
96.550000,0.000000,0.000000,0.000000,0.000000,0.000000,0.000000
96.560000,0.000000,0.000000,0.000000,0.000000,0.000000,0.000000
96.570000,0.000000,0.000000,0.000000,0.000000,0.000000,0.000000
96.580000,0.000000,0.000000,0.000000,0.000000,0.000000,0.000000
96.590000,0.000000,0.000000,0.000000,0.000000,0.000000,0.000000
96.600000,0.000000,0.000000,0.000000,0.000000,0.000000,0.000000
96.610000,0.000000,0.000000,0.000000,0.000000,0.000000,0.000000
96.620000,0.000000,0.000000,0.000000,0.000000,0.000000,0.000000
96.630000,0.000000,0.000000,0.000000,0.000000,0.000000,0.000000
96.640000,0.000000,0.000000,0.000000,0.000000,0.000000,0.000000
96.650000,0.000000,0.000000,0.000000,0.000000,0.000000,0.000000
96.660000,0.000000,0.000000,0.000000,0.000000,0.000000,0.000000
96.670000,0.000000,0.000000,0.000000,0.000000,0.000000,0.000000
96.680000,0.000000,0.000000,0.000000,0.000000,0.000000,0.000000
96.690000,0.000000,0.000000,0.000000,0.000000,0.000000,0.000000
96.700000,0.000000,0.000000,0.000000,0.000000,0.000000,0.000000
96.710000,0.000000,0.000000,0.000000,0.000000,0.000000,0.000000
96.720000,0.000000,0.000000,0.000000,0.000000,0.000000,0.000000
96.730000,0.000000,0.000000,0.000000,0.000000,0.000000,0.000000
96.740000,0.000000,0.000000,0.000000,0.000000,0.000000,0.000000
96.750000,0.000000,0.000000,0.000000,0.000000,0.000000,0.000000
96.760000,0.000000,0.000000,0.000000,0.000000,0.000000,0.000000
96.770000,0.000000,0.000000,0.000000,0.000000,0.000000,0.000000
96.780000,0.000000,0.000000,0.000000,0.000000,0.000000,0.000000
96.790000,0.000000,0.000000,0.000000,0.000000,0.000000,0.000000
96.800000,0.000000,0.000000,0.000000,0.000000,0.000000,0.000000
96.810000,0.000000,0.000000,0.000000,0.000000,0.000000,0.000000
96.820000,0.000000,0.000000,0.000000,0.000000,0.000000,0.000000
96.830000,0.000000,0.000000,0.000000,0.000000,0.000000,0.000000
96.840000,0.000000,0.000000,0.000000,0.000000,0.000000,0.000000
96.850000,0.000000,0.000000,0.000000,0.000000,0.000000,0.000000
96.860000,0.000000,0.000000,0.000000,0.000000,0.000000,0.000000
96.870000,0.000000,0.000000,0.000000,0.000000,0.000000,0.000000
96.880000,0.000000,0.000000,0.000000,0.000000,0.000000,0.000000
96.890000,0.000000,0.000000,0.000000,0.000000,0.000000,0.000000
96.900000,0.000000,0.000000,0.000000,0.000000,0.000000,0.000000
96.910000,0.000000,0.000000,0.000000,0.000000,0.000000,0.000000
96.920000,0.000000,0.000000,0.000000,0.000000,0.000000,0.000000
96.930000,0.000000,0.000000,0.000000,0.000000,0.000000,0.000000
96.940000,0.000000,0.000000,0.000000,0.000000,0.000000,0.000000
96.950000,0.000000,0.000000,0.000000,0.000000,0.000000,0.000000
96.960000,0.000000,0.000000,0.000000,0.000000,0.000000,0.000000
96.970000,0.000000,0.000000,0.000000,0.000000,0.000000,0.000000
96.980000,0.000000,0.000000,0.000000,0.000000,0.000000,0.000000
96.990000,0.000000,0.000000,0.000000,0.000000,0.000000,0.000000
97.000000,0.000000,0.000000,0.000000,0.000000,0.000000,0.000000
97.010000,0.000000,0.000000,0.000000,0.000000,0.000000,0.000000
97.020000,0.000000,0.000000,0.000000,0.000000,0.000000,0.000000
97.030000,0.000000,0.000000,0.000000,0.000000,0.000000,0.000000
97.040000,0.000000,0.000000,0.000000,0.000000,0.000000,0.000000
97.050000,0.000000,0.000000,0.000000,0.000000,0.000000,0.000000
97.060000,0.000000,0.000000,0.000000,0.000000,0.000000,0.000000
97.070000,0.000000,0.000000,0.000000,0.000000,0.000000,0.000000
97.080000,0.000000,0.000000,0.000000,0.000000,0.000000,0.000000
97.090000,0.000000,0.000000,0.000000,0.000000,0.000000,0.000000
97.100000,0.000000,0.000000,0.000000,0.000000,0.000000,0.000000
97.110000,0.000000,0.000000,0.000000,0.000000,0.000000,0.000000
97.120000,0.000000,0.000000,0.000000,0.000000,0.000000,0.000000
97.130000,0.000000,0.000000,0.000000,0.000000,0.000000,0.000000
97.140000,0.000000,0.000000,0.000000,0.000000,0.000000,0.000000
97.150000,0.000000,0.000000,0.000000,0.000000,0.000000,0.000000
97.160000,0.000000,0.000000,0.000000,0.000000,0.000000,0.000000
97.170000,0.000000,0.000000,0.000000,0.000000,0.000000,0.000000
97.180000,0.000000,0.000000,0.000000,0.000000,0.000000,0.000000
97.190000,0.000000,0.000000,0.000000,0.000000,0.000000,0.000000
97.200000,0.000000,0.000000,0.000000,0.000000,0.000000,0.000000
97.210000,0.000000,0.000000,0.000000,0.000000,0.000000,0.000000
97.220000,0.000000,0.000000,0.000000,0.000000,0.000000,0.000000
97.230000,0.000000,0.000000,0.000000,0.000000,0.000000,0.000000
97.240000,0.000000,0.000000,0.000000,0.000000,0.000000,0.000000
97.250000,0.000000,0.000000,0.000000,0.000000,0.000000,0.000000
97.260000,0.000000,0.000000,0.000000,0.000000,0.000000,0.000000
97.270000,0.000000,0.000000,0.000000,0.000000,0.000000,0.000000
97.280000,0.000000,0.000000,0.000000,0.000000,0.000000,0.000000
97.290000,0.000000,0.000000,0.000000,0.000000,0.000000,0.000000
97.300000,0.000000,0.000000,0.000000,0.000000,0.000000,0.000000
97.310000,0.000000,0.000000,0.000000,0.000000,0.000000,0.000000
97.320000,0.000000,0.000000,0.000000,0.000000,0.000000,0.000000
97.330000,0.000000,0.000000,0.000000,0.000000,0.000000,0.000000
97.340000,0.000000,0.000000,0.000000,0.000000,0.000000,0.000000
97.350000,0.000000,0.000000,0.000000,0.000000,0.000000,0.000000
97.360000,0.000000,0.000000,0.000000,0.000000,0.000000,0.000000
97.370000,0.000000,0.000000,0.000000,0.000000,0.000000,0.000000
97.380000,0.000000,0.000000,0.000000,0.000000,0.000000,0.000000
97.390000,0.000000,0.000000,0.000000,0.000000,0.000000,0.000000
97.400000,0.000000,0.000000,0.000000,0.000000,0.000000,0.000000
97.410000,0.000000,0.000000,0.000000,0.000000,0.000000,0.000000
97.420000,0.000000,0.000000,0.000000,0.000000,0.000000,0.000000
97.430000,0.000000,0.000000,0.000000,0.000000,0.000000,0.000000
97.440000,0.000000,0.000000,0.000000,0.000000,0.000000,0.000000
97.450000,0.000000,0.000000,0.000000,0.000000,0.000000,0.000000
97.460000,0.000000,0.000000,0.000000,0.000000,0.000000,0.000000
97.470000,0.000000,0.000000,0.000000,0.000000,0.000000,0.000000
97.480000,0.000000,0.000000,0.000000,0.000000,0.000000,0.000000
97.490000,0.000000,0.000000,0.000000,0.000000,0.000000,0.000000
97.500000,0.000000,0.000000,0.000000,0.000000,0.000000,0.000000
97.510000,0.000000,0.000000,0.000000,0.000000,0.000000,0.000000
97.520000,0.000000,0.000000,0.000000,0.000000,0.000000,0.000000
97.530000,0.000000,0.000000,0.000000,0.000000,0.000000,0.000000
97.540000,0.000000,0.000000,0.000000,0.000000,0.000000,0.000000
97.550000,0.000000,0.000000,0.000000,0.000000,0.000000,0.000000
97.560000,0.000000,0.000000,0.000000,0.000000,0.000000,0.000000
97.570000,0.000000,0.000000,0.000000,0.000000,0.000000,0.000000
97.580000,0.000000,0.000000,0.000000,0.000000,0.000000,0.000000
97.590000,0.000000,0.000000,0.000000,0.000000,0.000000,0.000000
97.600000,0.000000,0.000000,0.000000,0.000000,0.000000,0.000000
97.610000,0.000000,0.000000,0.000000,0.000000,0.000000,0.000000
97.620000,0.000000,0.000000,0.000000,0.000000,0.000000,0.000000
97.630000,0.000000,0.000000,0.000000,0.000000,0.000000,0.000000
97.640000,0.000000,0.000000,0.000000,0.000000,0.000000,0.000000
97.650000,0.000000,0.000000,0.000000,0.000000,0.000000,0.000000
97.660000,0.000000,0.000000,0.000000,0.000000,0.000000,0.000000
97.670000,0.000000,0.000000,0.000000,0.000000,0.000000,0.000000
97.680000,0.000000,0.000000,0.000000,0.000000,0.000000,0.000000
97.690000,0.000000,0.000000,0.000000,0.000000,0.000000,0.000000
97.700000,0.000000,0.000000,0.000000,0.000000,0.000000,0.000000
97.710000,0.000000,0.000000,0.000000,0.000000,0.000000,0.000000
97.720000,0.000000,0.000000,0.000000,0.000000,0.000000,0.000000
97.730000,0.000000,0.000000,0.000000,0.000000,0.000000,0.000000
97.740000,0.000000,0.000000,0.000000,0.000000,0.000000,0.000000
97.750000,0.000000,0.000000,0.000000,0.000000,0.000000,0.000000
97.760000,0.000000,0.000000,0.000000,0.000000,0.000000,0.000000
97.770000,0.000000,0.000000,0.000000,0.000000,0.000000,0.000000
97.780000,0.000000,0.000000,0.000000,0.000000,0.000000,0.000000
97.790000,0.000000,0.000000,0.000000,0.000000,0.000000,0.000000
97.800000,0.000000,0.000000,0.000000,0.000000,0.000000,0.000000
97.810000,0.000000,0.000000,0.000000,0.000000,0.000000,0.000000
97.820000,0.000000,0.000000,0.000000,0.000000,0.000000,0.000000
97.830000,0.000000,0.000000,0.000000,0.000000,0.000000,0.000000
97.840000,0.000000,0.000000,0.000000,0.000000,0.000000,0.000000
97.850000,0.000000,0.000000,0.000000,0.000000,0.000000,0.000000
97.860000,0.000000,0.000000,0.000000,0.000000,0.000000,0.000000
97.870000,0.000000,0.000000,0.000000,0.000000,0.000000,0.000000
97.880000,0.000000,0.000000,0.000000,0.000000,0.000000,0.000000
97.890000,0.000000,0.000000,0.000000,0.000000,0.000000,0.000000
97.900000,0.000000,0.000000,0.000000,0.000000,0.000000,0.000000
97.910000,0.000000,0.000000,0.000000,0.000000,0.000000,0.000000
97.920000,0.000000,0.000000,0.000000,0.000000,0.000000,0.000000
97.930000,0.000000,0.000000,0.000000,0.000000,0.000000,0.000000
97.940000,0.000000,0.000000,0.000000,0.000000,0.000000,0.000000
97.950000,0.000000,0.000000,0.000000,0.000000,0.000000,0.000000
97.960000,0.000000,0.000000,0.000000,0.000000,0.000000,0.000000
97.970000,0.000000,0.000000,0.000000,0.000000,0.000000,0.000000
97.980000,0.000000,0.000000,0.000000,0.000000,0.000000,0.000000
97.990000,0.000000,0.000000,0.000000,0.000000,0.000000,0.000000
98.000000,0.000000,0.000000,0.000000,0.000000,0.000000,0.000000
98.010000,0.000000,0.000000,0.000000,0.000000,0.000000,0.000000
98.020000,0.000000,0.000000,0.000000,0.000000,0.000000,0.000000
98.030000,0.000000,0.000000,0.000000,0.000000,0.000000,0.000000
98.040000,0.000000,0.000000,0.000000,0.000000,0.000000,0.000000
98.050000,0.000000,0.000000,0.000000,0.000000,0.000000,0.000000
98.060000,0.000000,0.000000,0.000000,0.000000,0.000000,0.000000
98.070000,0.000000,0.000000,0.000000,0.000000,0.000000,0.000000
98.080000,0.000000,0.000000,0.000000,0.000000,0.000000,0.000000
98.090000,0.000000,0.000000,0.000000,0.000000,0.000000,0.000000
98.100000,0.000000,0.000000,0.000000,0.000000,0.000000,0.000000
98.110000,0.000000,0.000000,0.000000,0.000000,0.000000,0.000000
98.120000,0.000000,0.000000,0.000000,0.000000,0.000000,0.000000
98.130000,0.000000,0.000000,0.000000,0.000000,0.000000,0.000000
98.140000,0.000000,0.000000,0.000000,0.000000,0.000000,0.000000
98.150000,0.000000,0.000000,0.000000,0.000000,0.000000,0.000000
98.160000,0.000000,0.000000,0.000000,0.000000,0.000000,0.000000
98.170000,0.000000,0.000000,0.000000,0.000000,0.000000,0.000000
98.180000,0.000000,0.000000,0.000000,0.000000,0.000000,0.000000
98.190000,0.000000,0.000000,0.000000,0.000000,0.000000,0.000000
98.200000,0.000000,0.000000,0.000000,0.000000,0.000000,0.000000
98.210000,0.000000,0.000000,0.000000,0.000000,0.000000,0.000000
98.220000,0.000000,0.000000,0.000000,0.000000,0.000000,0.000000
98.230000,0.000000,0.000000,0.000000,0.000000,0.000000,0.000000
98.240000,0.000000,0.000000,0.000000,0.000000,0.000000,0.000000
98.250000,0.000000,0.000000,0.000000,0.000000,0.000000,0.000000
98.260000,0.000000,0.000000,0.000000,0.000000,0.000000,0.000000
98.270000,0.000000,0.000000,0.000000,0.000000,0.000000,0.000000
98.280000,0.000000,0.000000,0.000000,0.000000,0.000000,0.000000
98.290000,0.000000,0.000000,0.000000,0.000000,0.000000,0.000000
98.300000,0.000000,0.000000,0.000000,0.000000,0.000000,0.000000
98.310000,0.000000,0.000000,0.000000,0.000000,0.000000,0.000000
98.320000,0.000000,0.000000,0.000000,0.000000,0.000000,0.000000
98.330000,0.000000,0.000000,0.000000,0.000000,0.000000,0.000000
98.340000,0.000000,0.000000,0.000000,0.000000,0.000000,0.000000
98.350000,0.000000,0.000000,0.000000,0.000000,0.000000,0.000000
98.360000,0.000000,0.000000,0.000000,0.000000,0.000000,0.000000
98.370000,0.000000,0.000000,0.000000,0.000000,0.000000,0.000000
98.380000,0.000000,0.000000,0.000000,0.000000,0.000000,0.000000
98.390000,0.000000,0.000000,0.000000,0.000000,0.000000,0.000000
98.400000,0.000000,0.000000,0.000000,0.000000,0.000000,0.000000
98.410000,0.000000,0.000000,0.000000,0.000000,0.000000,0.000000
98.420000,0.000000,0.000000,0.000000,0.000000,0.000000,0.000000
98.430000,0.000000,0.000000,0.000000,0.000000,0.000000,0.000000
98.440000,0.000000,0.000000,0.000000,0.000000,0.000000,0.000000
98.450000,0.000000,0.000000,0.000000,0.000000,0.000000,0.000000
98.460000,0.000000,0.000000,0.000000,0.000000,0.000000,0.000000
98.470000,0.000000,0.000000,0.000000,0.000000,0.000000,0.000000
98.480000,0.000000,0.000000,0.000000,0.000000,0.000000,0.000000
98.490000,0.000000,0.000000,0.000000,0.000000,0.000000,0.000000
98.500000,0.000000,0.000000,0.000000,0.000000,0.000000,0.000000
98.510000,0.000000,0.000000,0.000000,0.000000,0.000000,0.000000
98.520000,0.000000,0.000000,0.000000,0.000000,0.000000,0.000000
98.530000,0.000000,0.000000,0.000000,0.000000,0.000000,0.000000
98.540000,0.000000,0.000000,0.000000,0.000000,0.000000,0.000000
98.550000,0.000000,0.000000,0.000000,0.000000,0.000000,0.000000
98.560000,0.000000,0.000000,0.000000,0.000000,0.000000,0.000000
98.570000,0.000000,0.000000,0.000000,0.000000,0.000000,0.000000
98.580000,0.000000,0.000000,0.000000,0.000000,0.000000,0.000000
98.590000,0.000000,0.000000,0.000000,0.000000,0.000000,0.000000
98.600000,0.000000,0.000000,0.000000,0.000000,0.000000,0.000000
98.610000,0.000000,0.000000,0.000000,0.000000,0.000000,0.000000
98.620000,0.000000,0.000000,0.000000,0.000000,0.000000,0.000000
98.630000,0.000000,0.000000,0.000000,0.000000,0.000000,0.000000
98.640000,0.000000,0.000000,0.000000,0.000000,0.000000,0.000000
98.650000,0.000000,0.000000,0.000000,0.000000,0.000000,0.000000
98.660000,0.000000,0.000000,0.000000,0.000000,0.000000,0.000000
98.670000,0.000000,0.000000,0.000000,0.000000,0.000000,0.000000
98.680000,0.000000,0.000000,0.000000,0.000000,0.000000,0.000000
98.690000,0.000000,0.000000,0.000000,0.000000,0.000000,0.000000
98.700000,0.000000,0.000000,0.000000,0.000000,0.000000,0.000000
98.710000,0.000000,0.000000,0.000000,0.000000,0.000000,0.000000
98.720000,0.000000,0.000000,0.000000,0.000000,0.000000,0.000000
98.730000,0.000000,0.000000,0.000000,0.000000,0.000000,0.000000
98.740000,0.000000,0.000000,0.000000,0.000000,0.000000,0.000000
98.750000,0.000000,0.000000,0.000000,0.000000,0.000000,0.000000
98.760000,0.000000,0.000000,0.000000,0.000000,0.000000,0.000000
98.770000,0.000000,0.000000,0.000000,0.000000,0.000000,0.000000
98.780000,0.000000,0.000000,0.000000,0.000000,0.000000,0.000000
98.790000,0.000000,0.000000,0.000000,0.000000,0.000000,0.000000
98.800000,0.000000,0.000000,0.000000,0.000000,0.000000,0.000000
98.810000,0.000000,0.000000,0.000000,0.000000,0.000000,0.000000
98.820000,0.000000,0.000000,0.000000,0.000000,0.000000,0.000000
98.830000,0.000000,0.000000,0.000000,0.000000,0.000000,0.000000
98.840000,0.000000,0.000000,0.000000,0.000000,0.000000,0.000000
98.850000,0.000000,0.000000,0.000000,0.000000,0.000000,0.000000
98.860000,0.000000,0.000000,0.000000,0.000000,0.000000,0.000000
98.870000,0.000000,0.000000,0.000000,0.000000,0.000000,0.000000
98.880000,0.000000,0.000000,0.000000,0.000000,0.000000,0.000000
98.890000,0.000000,0.000000,0.000000,0.000000,0.000000,0.000000
98.900000,0.000000,0.000000,0.000000,0.000000,0.000000,0.000000
98.910000,0.000000,0.000000,0.000000,0.000000,0.000000,0.000000
98.920000,0.000000,0.000000,0.000000,0.000000,0.000000,0.000000
98.930000,0.000000,0.000000,0.000000,0.000000,0.000000,0.000000
98.940000,0.000000,0.000000,0.000000,0.000000,0.000000,0.000000
98.950000,0.000000,0.000000,0.000000,0.000000,0.000000,0.000000
98.960000,0.000000,0.000000,0.000000,0.000000,0.000000,0.000000
98.970000,0.000000,0.000000,0.000000,0.000000,0.000000,0.000000
98.980000,0.000000,0.000000,0.000000,0.000000,0.000000,0.000000
98.990000,0.000000,0.000000,0.000000,0.000000,0.000000,0.000000
99.000000,0.000000,0.000000,0.000000,0.000000,0.000000,0.000000
99.010000,0.000000,0.000000,0.000000,0.000000,0.000000,0.000000
99.020000,0.000000,0.000000,0.000000,0.000000,0.000000,0.000000
99.030000,0.000000,0.000000,0.000000,0.000000,0.000000,0.000000
99.040000,0.000000,0.000000,0.000000,0.000000,0.000000,0.000000
99.050000,0.000000,0.000000,0.000000,0.000000,0.000000,0.000000
99.060000,0.000000,0.000000,0.000000,0.000000,0.000000,0.000000
99.070000,0.000000,0.000000,0.000000,0.000000,0.000000,0.000000
99.080000,0.000000,0.000000,0.000000,0.000000,0.000000,0.000000
99.090000,0.000000,0.000000,0.000000,0.000000,0.000000,0.000000
99.100000,0.000000,0.000000,0.000000,0.000000,0.000000,0.000000
99.110000,0.000000,0.000000,0.000000,0.000000,0.000000,0.000000
99.120000,0.000000,0.000000,0.000000,0.000000,0.000000,0.000000
99.130000,0.000000,0.000000,0.000000,0.000000,0.000000,0.000000
99.140000,0.000000,0.000000,0.000000,0.000000,0.000000,0.000000
99.150000,0.000000,0.000000,0.000000,0.000000,0.000000,0.000000
99.160000,0.000000,0.000000,0.000000,0.000000,0.000000,0.000000
99.170000,0.000000,0.000000,0.000000,0.000000,0.000000,0.000000
99.180000,0.000000,0.000000,0.000000,0.000000,0.000000,0.000000
99.190000,0.000000,0.000000,0.000000,0.000000,0.000000,0.000000
99.200000,0.000000,0.000000,0.000000,0.000000,0.000000,0.000000
99.210000,0.000000,0.000000,0.000000,0.000000,0.000000,0.000000
99.220000,0.000000,0.000000,0.000000,0.000000,0.000000,0.000000
99.230000,0.000000,0.000000,0.000000,0.000000,0.000000,0.000000
99.240000,0.000000,0.000000,0.000000,0.000000,0.000000,0.000000
99.250000,0.000000,0.000000,0.000000,0.000000,0.000000,0.000000
99.260000,0.000000,0.000000,0.000000,0.000000,0.000000,0.000000
99.270000,0.000000,0.000000,0.000000,0.000000,0.000000,0.000000
99.280000,0.000000,0.000000,0.000000,0.000000,0.000000,0.000000
99.290000,0.000000,0.000000,0.000000,0.000000,0.000000,0.000000
99.300000,0.000000,0.000000,0.000000,0.000000,0.000000,0.000000
99.310000,0.000000,0.000000,0.000000,0.000000,0.000000,0.000000
99.320000,0.000000,0.000000,0.000000,0.000000,0.000000,0.000000
99.330000,0.000000,0.000000,0.000000,0.000000,0.000000,0.000000
99.340000,0.000000,0.000000,0.000000,0.000000,0.000000,0.000000
99.350000,0.000000,0.000000,0.000000,0.000000,0.000000,0.000000
99.360000,0.000000,0.000000,0.000000,0.000000,0.000000,0.000000
99.370000,0.000000,0.000000,0.000000,0.000000,0.000000,0.000000
99.380000,0.000000,0.000000,0.000000,0.000000,0.000000,0.000000
99.390000,0.000000,0.000000,0.000000,0.000000,0.000000,0.000000
99.400000,0.000000,0.000000,0.000000,0.000000,0.000000,0.000000
99.410000,0.000000,0.000000,0.000000,0.000000,0.000000,0.000000
99.420000,0.000000,0.000000,0.000000,0.000000,0.000000,0.000000
99.430000,0.000000,0.000000,0.000000,0.000000,0.000000,0.000000
99.440000,0.000000,0.000000,0.000000,0.000000,0.000000,0.000000
99.450000,0.000000,0.000000,0.000000,0.000000,0.000000,0.000000
99.460000,0.000000,0.000000,0.000000,0.000000,0.000000,0.000000
99.470000,0.000000,0.000000,0.000000,0.000000,0.000000,0.000000
99.480000,0.000000,0.000000,0.000000,0.000000,0.000000,0.000000
99.490000,0.000000,0.000000,0.000000,0.000000,0.000000,0.000000
99.500000,0.000000,0.000000,0.000000,0.000000,0.000000,0.000000
99.510000,0.000000,0.000000,0.000000,0.000000,0.000000,0.000000
99.520000,0.000000,0.000000,0.000000,0.000000,0.000000,0.000000
99.530000,0.000000,0.000000,0.000000,0.000000,0.000000,0.000000
99.540000,0.000000,0.000000,0.000000,0.000000,0.000000,0.000000
99.550000,0.000000,0.000000,0.000000,0.000000,0.000000,0.000000
99.560000,0.000000,0.000000,0.000000,0.000000,0.000000,0.000000
99.570000,0.000000,0.000000,0.000000,0.000000,0.000000,0.000000
99.580000,0.000000,0.000000,0.000000,0.000000,0.000000,0.000000
99.590000,0.000000,0.000000,0.000000,0.000000,0.000000,0.000000
99.600000,0.000000,0.000000,0.000000,0.000000,0.000000,0.000000
99.610000,0.000000,0.000000,0.000000,0.000000,0.000000,0.000000
99.620000,0.000000,0.000000,0.000000,0.000000,0.000000,0.000000
99.630000,0.000000,0.000000,0.000000,0.000000,0.000000,0.000000
99.640000,0.000000,0.000000,0.000000,0.000000,0.000000,0.000000
99.650000,0.000000,0.000000,0.000000,0.000000,0.000000,0.000000
99.660000,0.000000,0.000000,0.000000,0.000000,0.000000,0.000000
99.670000,0.000000,0.000000,0.000000,0.000000,0.000000,0.000000
99.680000,0.000000,0.000000,0.000000,0.000000,0.000000,0.000000
99.690000,0.000000,0.000000,0.000000,0.000000,0.000000,0.000000
99.700000,0.000000,0.000000,0.000000,0.000000,0.000000,0.000000
99.710000,0.000000,0.000000,0.000000,0.000000,0.000000,0.000000
99.720000,0.000000,0.000000,0.000000,0.000000,0.000000,0.000000
99.730000,0.000000,0.000000,0.000000,0.000000,0.000000,0.000000
99.740000,0.000000,0.000000,0.000000,0.000000,0.000000,0.000000
99.750000,0.000000,0.000000,0.000000,0.000000,0.000000,0.000000
99.760000,0.000000,0.000000,0.000000,0.000000,0.000000,0.000000
99.770000,0.000000,0.000000,0.000000,0.000000,0.000000,0.000000
99.780000,0.000000,0.000000,0.000000,0.000000,0.000000,0.000000
99.790000,0.000000,0.000000,0.000000,0.000000,0.000000,0.000000
99.800000,0.000000,0.000000,0.000000,0.000000,0.000000,0.000000
99.810000,0.000000,0.000000,0.000000,0.000000,0.000000,0.000000
99.820000,0.000000,0.000000,0.000000,0.000000,0.000000,0.000000
99.830000,0.000000,0.000000,0.000000,0.000000,0.000000,0.000000
99.840000,0.000000,0.000000,0.000000,0.000000,0.000000,0.000000
99.850000,0.000000,0.000000,0.000000,0.000000,0.000000,0.000000
99.860000,0.000000,0.000000,0.000000,0.000000,0.000000,0.000000
99.870000,0.000000,0.000000,0.000000,0.000000,0.000000,0.000000
99.880000,0.000000,0.000000,0.000000,0.000000,0.000000,0.000000
99.890000,0.000000,0.000000,0.000000,0.000000,0.000000,0.000000
99.900000,0.000000,0.000000,0.000000,0.000000,0.000000,0.000000
99.910000,0.000000,0.000000,0.000000,0.000000,0.000000,0.000000
99.920000,0.000000,0.000000,0.000000,0.000000,0.000000,0.000000
99.930000,0.000000,0.000000,0.000000,0.000000,0.000000,0.000000
99.940000,0.000000,0.000000,0.000000,0.000000,0.000000,0.000000
99.950000,0.000000,0.000000,0.000000,0.000000,0.000000,0.000000
99.960000,0.000000,0.000000,0.000000,0.000000,0.000000,0.000000
99.970000,0.000000,0.000000,0.000000,0.000000,0.000000,0.000000
99.980000,0.000000,0.000000,0.000000,0.000000,0.000000,0.000000
99.990000,0.000000,0.000000,0.000000,0.000000,0.000000,0.000000
100.000000,0.000000,0.000000,0.000000,0.000000,0.000000,0.000000
100.010000,0.000000,0.000000,0.000000,0.000000,0.000000,0.000000
100.020000,0.000000,0.000000,0.000000,0.000000,0.000000,0.000000
100.030000,0.000000,0.000000,0.000000,0.000000,0.000000,0.000000
100.040000,0.000000,0.000000,0.000000,0.000000,0.000000,0.000000
100.050000,0.000000,0.000000,0.000000,0.000000,0.000000,0.000000
100.060000,0.000000,0.000000,0.000000,0.000000,0.000000,0.000000
100.070000,0.000000,0.000000,0.000000,0.000000,0.000000,0.000000
100.080000,0.000000,0.000000,0.000000,0.000000,0.000000,0.000000
100.090000,0.000000,0.000000,0.000000,0.000000,0.000000,0.000000
100.100000,0.000000,0.000000,0.000000,0.000000,0.000000,0.000000
100.110000,0.000000,0.000000,0.000000,0.000000,0.000000,0.000000
100.120000,0.000000,0.000000,0.000000,0.000000,0.000000,0.000000
100.130000,0.000000,0.000000,0.000000,0.000000,0.000000,0.000000
100.140000,0.000000,0.000000,0.000000,0.000000,0.000000,0.000000
100.150000,0.000000,0.000000,0.000000,0.000000,0.000000,0.000000
100.160000,0.000000,0.000000,0.000000,0.000000,0.000000,0.000000
100.170000,0.000000,0.000000,0.000000,0.000000,0.000000,0.000000
100.180000,0.000000,0.000000,0.000000,0.000000,0.000000,0.000000
100.190000,0.000000,0.000000,0.000000,0.000000,0.000000,0.000000
100.200000,0.000000,0.000000,0.000000,0.000000,0.000000,0.000000
100.210000,0.000000,0.000000,0.000000,0.000000,0.000000,0.000000
100.220000,0.000000,0.000000,0.000000,0.000000,0.000000,0.000000
100.230000,0.000000,0.000000,0.000000,0.000000,0.000000,0.000000
100.240000,0.000000,0.000000,0.000000,0.000000,0.000000,0.000000
100.250000,0.000000,0.000000,0.000000,0.000000,0.000000,0.000000
100.260000,0.000000,0.000000,0.000000,0.000000,0.000000,0.000000
100.270000,0.000000,0.000000,0.000000,0.000000,0.000000,0.000000
100.280000,0.000000,0.000000,0.000000,0.000000,0.000000,0.000000
100.290000,0.000000,0.000000,0.000000,0.000000,0.000000,0.000000
100.300000,0.000000,0.000000,0.000000,0.000000,0.000000,0.000000
100.310000,0.000000,0.000000,0.000000,0.000000,0.000000,0.000000
100.320000,0.000000,0.000000,0.000000,0.000000,0.000000,0.000000
100.330000,0.000000,0.000000,0.000000,0.000000,0.000000,0.000000
100.340000,0.000000,0.000000,0.000000,0.000000,0.000000,0.000000
100.350000,0.000000,0.000000,0.000000,0.000000,0.000000,0.000000
100.360000,0.000000,0.000000,0.000000,0.000000,0.000000,0.000000
100.370000,0.000000,0.000000,0.000000,0.000000,0.000000,0.000000
100.380000,0.000000,0.000000,0.000000,0.000000,0.000000,0.000000
100.390000,0.000000,0.000000,0.000000,0.000000,0.000000,0.000000
100.400000,0.000000,0.000000,0.000000,0.000000,0.000000,0.000000
100.410000,0.000000,0.000000,0.000000,0.000000,0.000000,0.000000
100.420000,0.000000,0.000000,0.000000,0.000000,0.000000,0.000000
100.430000,0.000000,0.000000,0.000000,0.000000,0.000000,0.000000
100.440000,0.000000,0.000000,0.000000,0.000000,0.000000,0.000000
100.450000,0.000000,0.000000,0.000000,0.000000,0.000000,0.000000
100.460000,0.000000,0.000000,0.000000,0.000000,0.000000,0.000000
100.470000,0.000000,0.000000,0.000000,0.000000,0.000000,0.000000
100.480000,0.000000,0.000000,0.000000,0.000000,0.000000,0.000000
100.490000,0.000000,0.000000,0.000000,0.000000,0.000000,0.000000
100.500000,0.000000,0.000000,0.000000,0.000000,0.000000,0.000000
100.510000,0.000000,0.000000,0.000000,0.000000,0.000000,0.000000
100.520000,0.000000,0.000000,0.000000,0.000000,0.000000,0.000000
100.530000,0.000000,0.000000,0.000000,0.000000,0.000000,0.000000
100.540000,0.000000,0.000000,0.000000,0.000000,0.000000,0.000000
100.550000,0.000000,0.000000,0.000000,0.000000,0.000000,0.000000
100.560000,0.000000,0.000000,0.000000,0.000000,0.000000,0.000000
100.570000,0.000000,0.000000,0.000000,0.000000,0.000000,0.000000
100.580000,0.000000,0.000000,0.000000,0.000000,0.000000,0.000000
100.590000,0.000000,0.000000,0.000000,0.000000,0.000000,0.000000
100.600000,0.000000,0.000000,0.000000,0.000000,0.000000,0.000000
100.610000,0.000000,0.000000,0.000000,0.000000,0.000000,0.000000
100.620000,0.000000,0.000000,0.000000,0.000000,0.000000,0.000000
100.630000,0.000000,0.000000,0.000000,0.000000,0.000000,0.000000
100.640000,0.000000,0.000000,0.000000,0.000000,0.000000,0.000000
100.650000,0.000000,0.000000,0.000000,0.000000,0.000000,0.000000
100.660000,0.000000,0.000000,0.000000,0.000000,0.000000,0.000000
100.670000,0.000000,0.000000,0.000000,0.000000,0.000000,0.000000
100.680000,0.000000,0.000000,0.000000,0.000000,0.000000,0.000000
100.690000,0.000000,0.000000,0.000000,0.000000,0.000000,0.000000
100.700000,0.000000,0.000000,0.000000,0.000000,0.000000,0.000000
100.710000,0.000000,0.000000,0.000000,0.000000,0.000000,0.000000
100.720000,0.000000,0.000000,0.000000,0.000000,0.000000,0.000000
100.730000,0.000000,0.000000,0.000000,0.000000,0.000000,0.000000
100.740000,0.000000,0.000000,0.000000,0.000000,0.000000,0.000000
100.750000,0.000000,0.000000,0.000000,0.000000,0.000000,0.000000
100.760000,0.000000,0.000000,0.000000,0.000000,0.000000,0.000000
100.770000,0.000000,0.000000,0.000000,0.000000,0.000000,0.000000
100.780000,0.000000,0.000000,0.000000,0.000000,0.000000,0.000000
100.790000,0.000000,0.000000,0.000000,0.000000,0.000000,0.000000
100.800000,0.000000,0.000000,0.000000,0.000000,0.000000,0.000000
100.810000,0.000000,0.000000,0.000000,0.000000,0.000000,0.000000
100.820000,0.000000,0.000000,0.000000,0.000000,0.000000,0.000000
100.830000,0.000000,0.000000,0.000000,0.000000,0.000000,0.000000
100.840000,0.000000,0.000000,0.000000,0.000000,0.000000,0.000000
100.850000,0.000000,0.000000,0.000000,0.000000,0.000000,0.000000
100.860000,0.000000,0.000000,0.000000,0.000000,0.000000,0.000000
100.870000,0.000000,0.000000,0.000000,0.000000,0.000000,0.000000
100.880000,0.000000,0.000000,0.000000,0.000000,0.000000,0.000000
100.890000,0.000000,0.000000,0.000000,0.000000,0.000000,0.000000
100.900000,0.000000,0.000000,0.000000,0.000000,0.000000,0.000000
100.910000,0.000000,0.000000,0.000000,0.000000,0.000000,0.000000
100.920000,0.000000,0.000000,0.000000,0.000000,0.000000,0.000000
100.930000,0.000000,0.000000,0.000000,0.000000,0.000000,0.000000
100.940000,0.000000,0.000000,0.000000,0.000000,0.000000,0.000000
100.950000,0.000000,0.000000,0.000000,0.000000,0.000000,0.000000
100.960000,0.000000,0.000000,0.000000,0.000000,0.000000,0.000000
100.970000,0.000000,0.000000,0.000000,0.000000,0.000000,0.000000
100.980000,0.000000,0.000000,0.000000,0.000000,0.000000,0.000000
100.990000,0.000000,0.000000,0.000000,0.000000,0.000000,0.000000
101.000000,0.000000,0.000000,0.000000,0.000000,0.000000,0.000000
101.010000,0.000000,0.000000,0.000000,0.000000,0.000000,0.000000
101.020000,0.000000,0.000000,0.000000,0.000000,0.000000,0.000000
101.030000,0.000000,0.000000,0.000000,0.000000,0.000000,0.000000
101.040000,0.000000,0.000000,0.000000,0.000000,0.000000,0.000000
101.050000,0.000000,0.000000,0.000000,0.000000,0.000000,0.000000
101.060000,0.000000,0.000000,0.000000,0.000000,0.000000,0.000000
101.070000,0.000000,0.000000,0.000000,0.000000,0.000000,0.000000
101.080000,0.000000,0.000000,0.000000,0.000000,0.000000,0.000000
101.090000,0.000000,0.000000,0.000000,0.000000,0.000000,0.000000
101.100000,0.000000,0.000000,0.000000,0.000000,0.000000,0.000000
101.110000,0.000000,0.000000,0.000000,0.000000,0.000000,0.000000
101.120000,0.000000,0.000000,0.000000,0.000000,0.000000,0.000000
101.130000,0.000000,0.000000,0.000000,0.000000,0.000000,0.000000
101.140000,0.000000,0.000000,0.000000,0.000000,0.000000,0.000000
101.150000,0.000000,0.000000,0.000000,0.000000,0.000000,0.000000
101.160000,0.000000,0.000000,0.000000,0.000000,0.000000,0.000000
101.170000,0.000000,0.000000,0.000000,0.000000,0.000000,0.000000
101.180000,0.000000,0.000000,0.000000,0.000000,0.000000,0.000000
101.190000,0.000000,0.000000,0.000000,0.000000,0.000000,0.000000
101.200000,0.000000,0.000000,0.000000,0.000000,0.000000,0.000000
101.210000,0.000000,0.000000,0.000000,0.000000,0.000000,0.000000
101.220000,0.000000,0.000000,0.000000,0.000000,0.000000,0.000000
101.230000,0.000000,0.000000,0.000000,0.000000,0.000000,0.000000
101.240000,0.000000,0.000000,0.000000,0.000000,0.000000,0.000000
101.250000,0.000000,0.000000,0.000000,0.000000,0.000000,0.000000
101.260000,0.000000,0.000000,0.000000,0.000000,0.000000,0.000000
101.270000,0.000000,0.000000,0.000000,0.000000,0.000000,0.000000
101.280000,0.000000,0.000000,0.000000,0.000000,0.000000,0.000000
101.290000,0.000000,0.000000,0.000000,0.000000,0.000000,0.000000
101.300000,0.000000,0.000000,0.000000,0.000000,0.000000,0.000000
101.310000,0.000000,0.000000,0.000000,0.000000,0.000000,0.000000
101.320000,0.000000,0.000000,0.000000,0.000000,0.000000,0.000000
101.330000,0.000000,0.000000,0.000000,0.000000,0.000000,0.000000
101.340000,0.000000,0.000000,0.000000,0.000000,0.000000,0.000000
101.350000,0.000000,0.000000,0.000000,0.000000,0.000000,0.000000
101.360000,0.000000,0.000000,0.000000,0.000000,0.000000,0.000000
101.370000,0.000000,0.000000,0.000000,0.000000,0.000000,0.000000
101.380000,0.000000,0.000000,0.000000,0.000000,0.000000,0.000000
101.390000,0.000000,0.000000,0.000000,0.000000,0.000000,0.000000
101.400000,0.000000,0.000000,0.000000,0.000000,0.000000,0.000000
101.410000,0.000000,0.000000,0.000000,0.000000,0.000000,0.000000
101.420000,0.000000,0.000000,0.000000,0.000000,0.000000,0.000000
101.430000,0.000000,0.000000,0.000000,0.000000,0.000000,0.000000
101.440000,0.000000,0.000000,0.000000,0.000000,0.000000,0.000000
101.450000,0.000000,0.000000,0.000000,0.000000,0.000000,0.000000
101.460000,0.000000,0.000000,0.000000,0.000000,0.000000,0.000000
101.470000,0.000000,0.000000,0.000000,0.000000,0.000000,0.000000
101.480000,0.000000,0.000000,0.000000,0.000000,0.000000,0.000000
101.490000,0.000000,0.000000,0.000000,0.000000,0.000000,0.000000
101.500000,0.000000,0.000000,0.000000,0.000000,0.000000,0.000000
101.510000,0.000000,0.000000,0.000000,0.000000,0.000000,0.000000
101.520000,0.000000,0.000000,0.000000,0.000000,0.000000,0.000000
101.530000,0.000000,0.000000,0.000000,0.000000,0.000000,0.000000
101.540000,0.000000,0.000000,0.000000,0.000000,0.000000,0.000000
101.550000,0.000000,0.000000,0.000000,0.000000,0.000000,0.000000
101.560000,0.000000,0.000000,0.000000,0.000000,0.000000,0.000000
101.570000,0.000000,0.000000,0.000000,0.000000,0.000000,0.000000
101.580000,0.000000,0.000000,0.000000,0.000000,0.000000,0.000000
101.590000,0.000000,0.000000,0.000000,0.000000,0.000000,0.000000
101.600000,0.000000,0.000000,0.000000,0.000000,0.000000,0.000000
101.610000,0.000000,0.000000,0.000000,0.000000,0.000000,0.000000
101.620000,0.000000,0.000000,0.000000,0.000000,0.000000,0.000000
101.630000,0.000000,0.000000,0.000000,0.000000,0.000000,0.000000
101.640000,0.000000,0.000000,0.000000,0.000000,0.000000,0.000000
101.650000,0.000000,0.000000,0.000000,0.000000,0.000000,0.000000
101.660000,0.000000,0.000000,0.000000,0.000000,0.000000,0.000000
101.670000,0.000000,0.000000,0.000000,0.000000,0.000000,0.000000
101.680000,0.000000,0.000000,0.000000,0.000000,0.000000,0.000000
101.690000,0.000000,0.000000,0.000000,0.000000,0.000000,0.000000
101.700000,0.000000,0.000000,0.000000,0.000000,0.000000,0.000000
101.710000,0.000000,0.000000,0.000000,0.000000,0.000000,0.000000
101.720000,0.000000,0.000000,0.000000,0.000000,0.000000,0.000000
101.730000,0.000000,0.000000,0.000000,0.000000,0.000000,0.000000
101.740000,0.000000,0.000000,0.000000,0.000000,0.000000,0.000000
101.750000,0.000000,0.000000,0.000000,0.000000,0.000000,0.000000
101.760000,0.000000,0.000000,0.000000,0.000000,0.000000,0.000000
101.770000,0.000000,0.000000,0.000000,0.000000,0.000000,0.000000
101.780000,0.000000,0.000000,0.000000,0.000000,0.000000,0.000000
101.790000,0.000000,0.000000,0.000000,0.000000,0.000000,0.000000
101.800000,0.000000,0.000000,0.000000,0.000000,0.000000,0.000000
101.810000,0.000000,0.000000,0.000000,0.000000,0.000000,0.000000
101.820000,0.000000,0.000000,0.000000,0.000000,0.000000,0.000000
101.830000,0.000000,0.000000,0.000000,0.000000,0.000000,0.000000
101.840000,0.000000,0.000000,0.000000,0.000000,0.000000,0.000000
101.850000,0.000000,0.000000,0.000000,0.000000,0.000000,0.000000
101.860000,0.000000,0.000000,0.000000,0.000000,0.000000,0.000000
101.870000,0.000000,0.000000,0.000000,0.000000,0.000000,0.000000
101.880000,0.000000,0.000000,0.000000,0.000000,0.000000,0.000000
101.890000,0.000000,0.000000,0.000000,0.000000,0.000000,0.000000
101.900000,0.000000,0.000000,0.000000,0.000000,0.000000,0.000000
101.910000,0.000000,0.000000,0.000000,0.000000,0.000000,0.000000
101.920000,0.000000,0.000000,0.000000,0.000000,0.000000,0.000000
101.930000,0.000000,0.000000,0.000000,0.000000,0.000000,0.000000
101.940000,0.000000,0.000000,0.000000,0.000000,0.000000,0.000000
101.950000,0.000000,0.000000,0.000000,0.000000,0.000000,0.000000
101.960000,0.000000,0.000000,0.000000,0.000000,0.000000,0.000000
101.970000,0.000000,0.000000,0.000000,0.000000,0.000000,0.000000
101.980000,0.000000,0.000000,0.000000,0.000000,0.000000,0.000000
101.990000,0.000000,0.000000,0.000000,0.000000,0.000000,0.000000
102.000000,0.000000,0.000000,0.000000,0.000000,0.000000,0.000000
102.010000,0.000000,0.000000,0.000000,0.000000,0.000000,0.000000
102.020000,0.000000,0.000000,0.000000,0.000000,0.000000,0.000000
102.030000,0.000000,0.000000,0.000000,0.000000,0.000000,0.000000
102.040000,0.000000,0.000000,0.000000,0.000000,0.000000,0.000000
102.050000,0.000000,0.000000,0.000000,0.000000,0.000000,0.000000
102.060000,0.000000,0.000000,0.000000,0.000000,0.000000,0.000000
102.070000,0.000000,0.000000,0.000000,0.000000,0.000000,0.000000
102.080000,0.000000,0.000000,0.000000,0.000000,0.000000,0.000000
102.090000,0.000000,0.000000,0.000000,0.000000,0.000000,0.000000
102.100000,0.000000,0.000000,0.000000,0.000000,0.000000,0.000000
102.110000,0.000000,0.000000,0.000000,0.000000,0.000000,0.000000
102.120000,0.000000,0.000000,0.000000,0.000000,0.000000,0.000000
102.130000,0.000000,0.000000,0.000000,0.000000,0.000000,0.000000
102.140000,0.000000,0.000000,0.000000,0.000000,0.000000,0.000000
102.150000,0.000000,0.000000,0.000000,0.000000,0.000000,0.000000
102.160000,0.000000,0.000000,0.000000,0.000000,0.000000,0.000000
102.170000,0.000000,0.000000,0.000000,0.000000,0.000000,0.000000
102.180000,0.000000,0.000000,0.000000,0.000000,0.000000,0.000000
102.190000,0.000000,0.000000,0.000000,0.000000,0.000000,0.000000
102.200000,0.000000,0.000000,0.000000,0.000000,0.000000,0.000000
102.210000,0.000000,0.000000,0.000000,0.000000,0.000000,0.000000
102.220000,0.000000,0.000000,0.000000,0.000000,0.000000,0.000000
102.230000,0.000000,0.000000,0.000000,0.000000,0.000000,0.000000
102.240000,0.000000,0.000000,0.000000,0.000000,0.000000,0.000000
102.250000,0.000000,0.000000,0.000000,0.000000,0.000000,0.000000
102.260000,0.000000,0.000000,0.000000,0.000000,0.000000,0.000000
102.270000,0.000000,0.000000,0.000000,0.000000,0.000000,0.000000
102.280000,0.000000,0.000000,0.000000,0.000000,0.000000,0.000000
102.290000,0.000000,0.000000,0.000000,0.000000,0.000000,0.000000
102.300000,0.000000,0.000000,0.000000,0.000000,0.000000,0.000000
102.310000,0.000000,0.000000,0.000000,0.000000,0.000000,0.000000
102.320000,0.000000,0.000000,0.000000,0.000000,0.000000,0.000000
102.330000,0.000000,0.000000,0.000000,0.000000,0.000000,0.000000
102.340000,0.000000,0.000000,0.000000,0.000000,0.000000,0.000000
102.350000,0.000000,0.000000,0.000000,0.000000,0.000000,0.000000
102.360000,0.000000,0.000000,0.000000,0.000000,0.000000,0.000000
102.370000,0.000000,0.000000,0.000000,0.000000,0.000000,0.000000
102.380000,0.000000,0.000000,0.000000,0.000000,0.000000,0.000000
102.390000,0.000000,0.000000,0.000000,0.000000,0.000000,0.000000
102.400000,0.000000,0.000000,0.000000,0.000000,0.000000,0.000000
102.410000,0.000000,0.000000,0.000000,0.000000,0.000000,0.000000
102.420000,0.000000,0.000000,0.000000,0.000000,0.000000,0.000000
102.430000,0.000000,0.000000,0.000000,0.000000,0.000000,0.000000
102.440000,0.000000,0.000000,0.000000,0.000000,0.000000,0.000000
102.450000,0.000000,0.000000,0.000000,0.000000,0.000000,0.000000
102.460000,0.000000,0.000000,0.000000,0.000000,0.000000,0.000000
102.470000,0.000000,0.000000,0.000000,0.000000,0.000000,0.000000
102.480000,0.000000,0.000000,0.000000,0.000000,0.000000,0.000000
102.490000,0.000000,0.000000,0.000000,0.000000,0.000000,0.000000
102.500000,0.000000,0.000000,0.000000,0.000000,0.000000,0.000000
102.510000,0.000000,0.000000,0.000000,0.000000,0.000000,0.000000
102.520000,0.000000,0.000000,0.000000,0.000000,0.000000,0.000000
102.530000,0.000000,0.000000,0.000000,0.000000,0.000000,0.000000
102.540000,0.000000,0.000000,0.000000,0.000000,0.000000,0.000000
102.550000,0.000000,0.000000,0.000000,0.000000,0.000000,0.000000
102.560000,0.000000,0.000000,0.000000,0.000000,0.000000,0.000000
102.570000,0.000000,0.000000,0.000000,0.000000,0.000000,0.000000
102.580000,0.000000,0.000000,0.000000,0.000000,0.000000,0.000000
102.590000,0.000000,0.000000,0.000000,0.000000,0.000000,0.000000
102.600000,0.000000,0.000000,0.000000,0.000000,0.000000,0.000000
102.610000,0.000000,0.000000,0.000000,0.000000,0.000000,0.000000
102.620000,0.000000,0.000000,0.000000,0.000000,0.000000,0.000000
102.630000,0.000000,0.000000,0.000000,0.000000,0.000000,0.000000
102.640000,0.000000,0.000000,0.000000,0.000000,0.000000,0.000000
102.650000,0.000000,0.000000,0.000000,0.000000,0.000000,0.000000
102.660000,0.000000,0.000000,0.000000,0.000000,0.000000,0.000000
102.670000,0.000000,0.000000,0.000000,0.000000,0.000000,0.000000
102.680000,0.000000,0.000000,0.000000,0.000000,0.000000,0.000000
102.690000,0.000000,0.000000,0.000000,0.000000,0.000000,0.000000
102.700000,0.000000,0.000000,0.000000,0.000000,0.000000,0.000000
102.710000,0.000000,0.000000,0.000000,0.000000,0.000000,0.000000
102.720000,0.000000,0.000000,0.000000,0.000000,0.000000,0.000000
102.730000,0.000000,0.000000,0.000000,0.000000,0.000000,0.000000
102.740000,0.000000,0.000000,0.000000,0.000000,0.000000,0.000000
102.750000,0.000000,0.000000,0.000000,0.000000,0.000000,0.000000
102.760000,0.000000,0.000000,0.000000,0.000000,0.000000,0.000000
102.770000,0.000000,0.000000,0.000000,0.000000,0.000000,0.000000
102.780000,0.000000,0.000000,0.000000,0.000000,0.000000,0.000000
102.790000,0.000000,0.000000,0.000000,0.000000,0.000000,0.000000
102.800000,0.000000,0.000000,0.000000,0.000000,0.000000,0.000000
102.810000,0.000000,0.000000,0.000000,0.000000,0.000000,0.000000
102.820000,0.000000,0.000000,0.000000,0.000000,0.000000,0.000000
102.830000,0.000000,0.000000,0.000000,0.000000,0.000000,0.000000
102.840000,0.000000,0.000000,0.000000,0.000000,0.000000,0.000000
102.850000,0.000000,0.000000,0.000000,0.000000,0.000000,0.000000
102.860000,0.000000,0.000000,0.000000,0.000000,0.000000,0.000000
102.870000,0.000000,0.000000,0.000000,0.000000,0.000000,0.000000
102.880000,0.000000,0.000000,0.000000,0.000000,0.000000,0.000000
102.890000,0.000000,0.000000,0.000000,0.000000,0.000000,0.000000
102.900000,0.000000,0.000000,0.000000,0.000000,0.000000,0.000000
102.910000,0.000000,0.000000,0.000000,0.000000,0.000000,0.000000
102.920000,0.000000,0.000000,0.000000,0.000000,0.000000,0.000000
102.930000,0.000000,0.000000,0.000000,0.000000,0.000000,0.000000
102.940000,0.000000,0.000000,0.000000,0.000000,0.000000,0.000000
102.950000,0.000000,0.000000,0.000000,0.000000,0.000000,0.000000
102.960000,0.000000,0.000000,0.000000,0.000000,0.000000,0.000000
102.970000,0.000000,0.000000,0.000000,0.000000,0.000000,0.000000
102.980000,0.000000,0.000000,0.000000,0.000000,0.000000,0.000000
102.990000,0.000000,0.000000,0.000000,0.000000,0.000000,0.000000
103.000000,0.000000,0.000000,0.000000,0.000000,0.000000,0.000000
103.010000,0.000000,0.000000,0.000000,0.000000,0.000000,0.000000
103.020000,0.000000,0.000000,0.000000,0.000000,0.000000,0.000000
103.030000,0.000000,0.000000,0.000000,0.000000,0.000000,0.000000
103.040000,0.000000,0.000000,0.000000,0.000000,0.000000,0.000000
103.050000,0.000000,0.000000,0.000000,0.000000,0.000000,0.000000
103.060000,0.000000,0.000000,0.000000,0.000000,0.000000,0.000000
103.070000,0.000000,0.000000,0.000000,0.000000,0.000000,0.000000
103.080000,0.000000,0.000000,0.000000,0.000000,0.000000,0.000000
103.090000,0.000000,0.000000,0.000000,0.000000,0.000000,0.000000
103.100000,0.000000,0.000000,0.000000,0.000000,0.000000,0.000000
103.110000,0.000000,0.000000,0.000000,0.000000,0.000000,0.000000
103.120000,0.000000,0.000000,0.000000,0.000000,0.000000,0.000000
103.130000,0.000000,0.000000,0.000000,0.000000,0.000000,0.000000
103.140000,0.000000,0.000000,0.000000,0.000000,0.000000,0.000000
103.150000,0.000000,0.000000,0.000000,0.000000,0.000000,0.000000
103.160000,0.000000,0.000000,0.000000,0.000000,0.000000,0.000000
103.170000,0.000000,0.000000,0.000000,0.000000,0.000000,0.000000
103.180000,0.000000,0.000000,0.000000,0.000000,0.000000,0.000000
103.190000,0.000000,0.000000,0.000000,0.000000,0.000000,0.000000
103.200000,0.000000,0.000000,0.000000,0.000000,0.000000,0.000000
103.210000,0.000000,0.000000,0.000000,0.000000,0.000000,0.000000
103.220000,0.000000,0.000000,0.000000,0.000000,0.000000,0.000000
103.230000,0.000000,0.000000,0.000000,0.000000,0.000000,0.000000
103.240000,0.000000,0.000000,0.000000,0.000000,0.000000,0.000000
103.250000,0.000000,0.000000,0.000000,0.000000,0.000000,0.000000
103.260000,0.000000,0.000000,0.000000,0.000000,0.000000,0.000000
103.270000,0.000000,0.000000,0.000000,0.000000,0.000000,0.000000
103.280000,0.000000,0.000000,0.000000,0.000000,0.000000,0.000000
103.290000,0.000000,0.000000,0.000000,0.000000,0.000000,0.000000
103.300000,0.000000,0.000000,0.000000,0.000000,0.000000,0.000000
103.310000,0.000000,0.000000,0.000000,0.000000,0.000000,0.000000
103.320000,0.000000,0.000000,0.000000,0.000000,0.000000,0.000000
103.330000,0.000000,0.000000,0.000000,0.000000,0.000000,0.000000
103.340000,0.000000,0.000000,0.000000,0.000000,0.000000,0.000000
103.350000,0.000000,0.000000,0.000000,0.000000,0.000000,0.000000
103.360000,0.000000,0.000000,0.000000,0.000000,0.000000,0.000000
103.370000,0.000000,0.000000,0.000000,0.000000,0.000000,0.000000
103.380000,0.000000,0.000000,0.000000,0.000000,0.000000,0.000000
103.390000,0.000000,0.000000,0.000000,0.000000,0.000000,0.000000
103.400000,0.000000,0.000000,0.000000,0.000000,0.000000,0.000000
103.410000,0.000000,0.000000,0.000000,0.000000,0.000000,0.000000
103.420000,0.000000,0.000000,0.000000,0.000000,0.000000,0.000000
103.430000,0.000000,0.000000,0.000000,0.000000,0.000000,0.000000
103.440000,0.000000,0.000000,0.000000,0.000000,0.000000,0.000000
103.450000,0.000000,0.000000,0.000000,0.000000,0.000000,0.000000
103.460000,0.000000,0.000000,0.000000,0.000000,0.000000,0.000000
103.470000,0.000000,0.000000,0.000000,0.000000,0.000000,0.000000
103.480000,0.000000,0.000000,0.000000,0.000000,0.000000,0.000000
103.490000,0.000000,0.000000,0.000000,0.000000,0.000000,0.000000
103.500000,0.000000,0.000000,0.000000,0.000000,0.000000,0.000000
103.510000,0.000000,0.000000,0.000000,0.000000,0.000000,0.000000
103.520000,0.000000,0.000000,0.000000,0.000000,0.000000,0.000000
103.530000,0.000000,0.000000,0.000000,0.000000,0.000000,0.000000
103.540000,0.000000,0.000000,0.000000,0.000000,0.000000,0.000000
103.550000,0.000000,0.000000,0.000000,0.000000,0.000000,0.000000
103.560000,0.000000,0.000000,0.000000,0.000000,0.000000,0.000000
103.570000,0.000000,0.000000,0.000000,0.000000,0.000000,0.000000
103.580000,0.000000,0.000000,0.000000,0.000000,0.000000,0.000000
103.590000,0.000000,0.000000,0.000000,0.000000,0.000000,0.000000
103.600000,0.000000,0.000000,0.000000,0.000000,0.000000,0.000000
103.610000,0.000000,0.000000,0.000000,0.000000,0.000000,0.000000
103.620000,0.000000,0.000000,0.000000,0.000000,0.000000,0.000000
103.630000,0.000000,0.000000,0.000000,0.000000,0.000000,0.000000
103.640000,0.000000,0.000000,0.000000,0.000000,0.000000,0.000000
103.650000,0.000000,0.000000,0.000000,0.000000,0.000000,0.000000
103.660000,0.000000,0.000000,0.000000,0.000000,0.000000,0.000000
103.670000,0.000000,0.000000,0.000000,0.000000,0.000000,0.000000
103.680000,0.000000,0.000000,0.000000,0.000000,0.000000,0.000000
103.690000,0.000000,0.000000,0.000000,0.000000,0.000000,0.000000
103.700000,0.000000,0.000000,0.000000,0.000000,0.000000,0.000000
103.710000,0.000000,0.000000,0.000000,0.000000,0.000000,0.000000
103.720000,0.000000,0.000000,0.000000,0.000000,0.000000,0.000000
103.730000,0.000000,0.000000,0.000000,0.000000,0.000000,0.000000
103.740000,0.000000,0.000000,0.000000,0.000000,0.000000,0.000000
103.750000,0.000000,0.000000,0.000000,0.000000,0.000000,0.000000
103.760000,0.000000,0.000000,0.000000,0.000000,0.000000,0.000000
103.770000,0.000000,0.000000,0.000000,0.000000,0.000000,0.000000
103.780000,0.000000,0.000000,0.000000,0.000000,0.000000,0.000000
103.790000,0.000000,0.000000,0.000000,0.000000,0.000000,0.000000
103.800000,0.000000,0.000000,0.000000,0.000000,0.000000,0.000000
103.810000,0.000000,0.000000,0.000000,0.000000,0.000000,0.000000
103.820000,0.000000,0.000000,0.000000,0.000000,0.000000,0.000000
103.830000,0.000000,0.000000,0.000000,0.000000,0.000000,0.000000
103.840000,0.000000,0.000000,0.000000,0.000000,0.000000,0.000000
103.850000,0.000000,0.000000,0.000000,0.000000,0.000000,0.000000
103.860000,0.000000,0.000000,0.000000,0.000000,0.000000,0.000000
103.870000,0.000000,0.000000,0.000000,0.000000,0.000000,0.000000
103.880000,0.000000,0.000000,0.000000,0.000000,0.000000,0.000000
103.890000,0.000000,0.000000,0.000000,0.000000,0.000000,0.000000
103.900000,0.000000,0.000000,0.000000,0.000000,0.000000,0.000000
103.910000,0.000000,0.000000,0.000000,0.000000,0.000000,0.000000
103.920000,0.000000,0.000000,0.000000,0.000000,0.000000,0.000000
103.930000,0.000000,0.000000,0.000000,0.000000,0.000000,0.000000
103.940000,0.000000,0.000000,0.000000,0.000000,0.000000,0.000000
103.950000,0.000000,0.000000,0.000000,0.000000,0.000000,0.000000
103.960000,0.000000,0.000000,0.000000,0.000000,0.000000,0.000000
103.970000,0.000000,0.000000,0.000000,0.000000,0.000000,0.000000
103.980000,0.000000,0.000000,0.000000,0.000000,0.000000,0.000000
103.990000,0.000000,0.000000,0.000000,0.000000,0.000000,0.000000
104.000000,0.000000,0.000000,0.000000,0.000000,0.000000,0.000000
104.010000,0.000000,0.000000,0.000000,0.000000,0.000000,0.000000
104.020000,0.000000,0.000000,0.000000,0.000000,0.000000,0.000000
104.030000,0.000000,0.000000,0.000000,0.000000,0.000000,0.000000
104.040000,0.000000,0.000000,0.000000,0.000000,0.000000,0.000000
104.050000,0.000000,0.000000,0.000000,0.000000,0.000000,0.000000
104.060000,0.000000,0.000000,0.000000,0.000000,0.000000,0.000000
104.070000,0.000000,0.000000,0.000000,0.000000,0.000000,0.000000
104.080000,0.000000,0.000000,0.000000,0.000000,0.000000,0.000000
104.090000,0.000000,0.000000,0.000000,0.000000,0.000000,0.000000
104.100000,0.000000,0.000000,0.000000,0.000000,0.000000,0.000000
104.110000,0.000000,0.000000,0.000000,0.000000,0.000000,0.000000
104.120000,0.000000,0.000000,0.000000,0.000000,0.000000,0.000000
104.130000,0.000000,0.000000,0.000000,0.000000,0.000000,0.000000
104.140000,0.000000,0.000000,0.000000,0.000000,0.000000,0.000000
104.150000,0.000000,0.000000,0.000000,0.000000,0.000000,0.000000
104.160000,0.000000,0.000000,0.000000,0.000000,0.000000,0.000000
104.170000,0.000000,0.000000,0.000000,0.000000,0.000000,0.000000
104.180000,0.000000,0.000000,0.000000,0.000000,0.000000,0.000000
104.190000,0.000000,0.000000,0.000000,0.000000,0.000000,0.000000
104.200000,0.000000,0.000000,0.000000,0.000000,0.000000,0.000000
104.210000,0.000000,0.000000,0.000000,0.000000,0.000000,0.000000
104.220000,0.000000,0.000000,0.000000,0.000000,0.000000,0.000000
104.230000,0.000000,0.000000,0.000000,0.000000,0.000000,0.000000
104.240000,0.000000,0.000000,0.000000,0.000000,0.000000,0.000000
104.250000,0.000000,0.000000,0.000000,0.000000,0.000000,0.000000
104.260000,0.000000,0.000000,0.000000,0.000000,0.000000,0.000000
104.270000,0.000000,0.000000,0.000000,0.000000,0.000000,0.000000
104.280000,0.000000,0.000000,0.000000,0.000000,0.000000,0.000000
104.290000,0.000000,0.000000,0.000000,0.000000,0.000000,0.000000
104.300000,0.000000,0.000000,0.000000,0.000000,0.000000,0.000000
104.310000,0.000000,0.000000,0.000000,0.000000,0.000000,0.000000
104.320000,0.000000,0.000000,0.000000,0.000000,0.000000,0.000000
104.330000,0.000000,0.000000,0.000000,0.000000,0.000000,0.000000
104.340000,0.000000,0.000000,0.000000,0.000000,0.000000,0.000000
104.350000,0.000000,0.000000,0.000000,0.000000,0.000000,0.000000
104.360000,0.000000,0.000000,0.000000,0.000000,0.000000,0.000000
104.370000,0.000000,0.000000,0.000000,0.000000,0.000000,0.000000
104.380000,0.000000,0.000000,0.000000,0.000000,0.000000,0.000000
104.390000,0.000000,0.000000,0.000000,0.000000,0.000000,0.000000
104.400000,0.000000,0.000000,0.000000,0.000000,0.000000,0.000000
104.410000,0.000000,0.000000,0.000000,0.000000,0.000000,0.000000
104.420000,0.000000,0.000000,0.000000,0.000000,0.000000,0.000000
104.430000,0.000000,0.000000,0.000000,0.000000,0.000000,0.000000
104.440000,0.000000,0.000000,0.000000,0.000000,0.000000,0.000000
104.450000,0.000000,0.000000,0.000000,0.000000,0.000000,0.000000
104.460000,0.000000,0.000000,0.000000,0.000000,0.000000,0.000000
104.470000,0.000000,0.000000,0.000000,0.000000,0.000000,0.000000
104.480000,0.000000,0.000000,0.000000,0.000000,0.000000,0.000000
104.490000,0.000000,0.000000,0.000000,0.000000,0.000000,0.000000
104.500000,0.000000,0.000000,0.000000,0.000000,0.000000,0.000000
104.510000,0.000000,0.000000,0.000000,0.000000,0.000000,0.000000
104.520000,0.000000,0.000000,0.000000,0.000000,0.000000,0.000000
104.530000,0.000000,0.000000,0.000000,0.000000,0.000000,0.000000
104.540000,0.000000,0.000000,0.000000,0.000000,0.000000,0.000000
104.550000,0.000000,0.000000,0.000000,0.000000,0.000000,0.000000
104.560000,0.000000,0.000000,0.000000,0.000000,0.000000,0.000000
104.570000,0.000000,0.000000,0.000000,0.000000,0.000000,0.000000
104.580000,0.000000,0.000000,0.000000,0.000000,0.000000,0.000000
104.590000,0.000000,0.000000,0.000000,0.000000,0.000000,0.000000
104.600000,0.000000,0.000000,0.000000,0.000000,0.000000,0.000000
104.610000,0.000000,0.000000,0.000000,0.000000,0.000000,0.000000
104.620000,0.000000,0.000000,0.000000,0.000000,0.000000,0.000000
104.630000,0.000000,0.000000,0.000000,0.000000,0.000000,0.000000
104.640000,0.000000,0.000000,0.000000,0.000000,0.000000,0.000000
104.650000,0.000000,0.000000,0.000000,0.000000,0.000000,0.000000
104.660000,0.000000,0.000000,0.000000,0.000000,0.000000,0.000000
104.670000,0.000000,0.000000,0.000000,0.000000,0.000000,0.000000
104.680000,0.000000,0.000000,0.000000,0.000000,0.000000,0.000000
104.690000,0.000000,0.000000,0.000000,0.000000,0.000000,0.000000
104.700000,0.000000,0.000000,0.000000,0.000000,0.000000,0.000000
104.710000,0.000000,0.000000,0.000000,0.000000,0.000000,0.000000
104.720000,0.000000,0.000000,0.000000,0.000000,0.000000,0.000000
104.730000,0.000000,0.000000,0.000000,0.000000,0.000000,0.000000
104.740000,0.000000,0.000000,0.000000,0.000000,0.000000,0.000000
104.750000,0.000000,0.000000,0.000000,0.000000,0.000000,0.000000
104.760000,0.000000,0.000000,0.000000,0.000000,0.000000,0.000000
104.770000,0.000000,0.000000,0.000000,0.000000,0.000000,0.000000
104.780000,0.000000,0.000000,0.000000,0.000000,0.000000,0.000000
104.790000,0.000000,0.000000,0.000000,0.000000,0.000000,0.000000
104.800000,0.000000,0.000000,0.000000,0.000000,0.000000,0.000000
104.810000,0.000000,0.000000,0.000000,0.000000,0.000000,0.000000
104.820000,0.000000,0.000000,0.000000,0.000000,0.000000,0.000000
104.830000,0.000000,0.000000,0.000000,0.000000,0.000000,0.000000
104.840000,0.000000,0.000000,0.000000,0.000000,0.000000,0.000000
104.850000,0.000000,0.000000,0.000000,0.000000,0.000000,0.000000
104.860000,0.000000,0.000000,0.000000,0.000000,0.000000,0.000000
104.870000,0.000000,0.000000,0.000000,0.000000,0.000000,0.000000
104.880000,0.000000,0.000000,0.000000,0.000000,0.000000,0.000000
104.890000,0.000000,0.000000,0.000000,0.000000,0.000000,0.000000
104.900000,0.000000,0.000000,0.000000,0.000000,0.000000,0.000000
104.910000,0.000000,0.000000,0.000000,0.000000,0.000000,0.000000
104.920000,0.000000,0.000000,0.000000,0.000000,0.000000,0.000000
104.930000,0.000000,0.000000,0.000000,0.000000,0.000000,0.000000
104.940000,0.000000,0.000000,0.000000,0.000000,0.000000,0.000000
104.950000,0.000000,0.000000,0.000000,0.000000,0.000000,0.000000
104.960000,0.000000,0.000000,0.000000,0.000000,0.000000,0.000000
104.970000,0.000000,0.000000,0.000000,0.000000,0.000000,0.000000
104.980000,0.000000,0.000000,0.000000,0.000000,0.000000,0.000000
104.990000,0.000000,0.000000,0.000000,0.000000,0.000000,0.000000
105.000000,0.000000,0.000000,0.000000,0.000000,0.000000,0.000000
105.010000,0.000000,0.000000,0.000000,0.000000,0.000000,0.000000
105.020000,0.000000,0.000000,0.000000,0.000000,0.000000,0.000000
105.030000,0.000000,0.000000,0.000000,0.000000,0.000000,0.000000
105.040000,0.000000,0.000000,0.000000,0.000000,0.000000,0.000000
105.050000,0.000000,0.000000,0.000000,0.000000,0.000000,0.000000
105.060000,0.000000,0.000000,0.000000,0.000000,0.000000,0.000000
105.070000,0.000000,0.000000,0.000000,0.000000,0.000000,0.000000
105.080000,0.000000,0.000000,0.000000,0.000000,0.000000,0.000000
105.090000,0.000000,0.000000,0.000000,0.000000,0.000000,0.000000
105.100000,0.000000,0.000000,0.000000,0.000000,0.000000,0.000000
105.110000,0.000000,0.000000,0.000000,0.000000,0.000000,0.000000
105.120000,0.000000,0.000000,0.000000,0.000000,0.000000,0.000000
105.130000,0.000000,0.000000,0.000000,0.000000,0.000000,0.000000
105.140000,0.000000,0.000000,0.000000,0.000000,0.000000,0.000000
105.150000,0.000000,0.000000,0.000000,0.000000,0.000000,0.000000
105.160000,0.000000,0.000000,0.000000,0.000000,0.000000,0.000000
105.170000,0.000000,0.000000,0.000000,0.000000,0.000000,0.000000
105.180000,0.000000,0.000000,0.000000,0.000000,0.000000,0.000000
105.190000,0.000000,0.000000,0.000000,0.000000,0.000000,0.000000
105.200000,0.000000,0.000000,0.000000,0.000000,0.000000,0.000000
105.210000,0.000000,0.000000,0.000000,0.000000,0.000000,0.000000
105.220000,0.000000,0.000000,0.000000,0.000000,0.000000,0.000000
105.230000,0.000000,0.000000,0.000000,0.000000,0.000000,0.000000
105.240000,0.000000,0.000000,0.000000,0.000000,0.000000,0.000000
105.250000,0.000000,0.000000,0.000000,0.000000,0.000000,0.000000
105.260000,0.000000,0.000000,0.000000,0.000000,0.000000,0.000000
105.270000,0.000000,0.000000,0.000000,0.000000,0.000000,0.000000
105.280000,0.000000,0.000000,0.000000,0.000000,0.000000,0.000000
105.290000,0.000000,0.000000,0.000000,0.000000,0.000000,0.000000
105.300000,0.000000,0.000000,0.000000,0.000000,0.000000,0.000000
105.310000,0.000000,0.000000,0.000000,0.000000,0.000000,0.000000
105.320000,0.000000,0.000000,0.000000,0.000000,0.000000,0.000000
105.330000,0.000000,0.000000,0.000000,0.000000,0.000000,0.000000
