time,linear_accel_x,linear_accel_y,linear_accel_z,angular_vel_x,angular_vel_y,angular_vel_z
0.021964,0.000000,0.000000,0.000000,0.000000,0.000000,0.000000
0.031964,0.000000,0.000000,0.000000,0.000000,0.000000,0.000000
0.041964,0.000000,0.000000,0.000000,0.000000,0.000000,0.000000
0.051964,0.000000,0.000000,0.000000,0.000000,0.000000,0.000000
0.061964,0.000000,0.000000,0.000000,0.000000,0.000000,0.000000
0.071964,0.000000,0.000000,0.000000,0.000000,0.000000,0.000000
0.081964,0.000000,0.000000,0.000000,0.000000,0.000000,0.000000
0.091964,0.000000,0.000000,0.000000,0.000000,0.000000,0.000000
0.101964,0.000000,0.000000,0.000000,0.000000,0.000000,0.000000
0.111964,0.000000,0.000000,0.000000,0.000000,0.000000,0.000000
0.121964,0.000000,0.000000,0.000000,0.000000,0.000000,0.000000
0.131964,0.000000,0.000000,0.000000,0.000000,0.000000,0.000000
0.141964,0.000000,0.000000,0.000000,0.000000,0.000000,0.000000
0.151964,0.000000,0.000000,0.000000,0.000000,0.000000,0.000000
0.161964,0.000000,0.000000,0.000000,0.000000,0.000000,0.000000
0.171964,0.000000,0.000000,0.000000,0.000000,0.000000,0.000000
0.181964,0.000000,0.000000,0.000000,0.000000,0.000000,0.000000
0.191964,0.000000,0.000000,0.000000,0.000000,0.000000,0.000000
0.201964,0.000000,0.000000,0.000000,0.000000,0.000000,0.000000
0.211964,0.000000,0.000000,0.000000,0.000000,0.000000,0.000000
0.221964,0.000000,0.000000,0.000000,0.000000,0.000000,0.000000
0.231964,0.000000,0.000000,0.000000,0.000000,0.000000,0.000000
0.241964,0.000000,0.000000,0.000000,0.000000,0.000000,0.000000
0.251964,0.000000,0.000000,0.000000,0.000000,0.000000,0.000000
0.261964,0.000000,0.000000,0.000000,0.000000,0.000000,0.000000
0.271964,0.000000,0.000000,0.000000,0.000000,0.000000,0.000000
0.281964,0.000000,0.000000,0.000000,0.000000,0.000000,0.000000
0.291964,0.000000,0.000000,0.000000,0.000000,0.000000,0.000000
0.301964,0.000000,0.000000,0.000000,0.000000,0.000000,0.000000
0.311964,0.000000,0.000000,0.000000,0.000000,0.000000,0.000000
0.321964,0.000000,0.000000,0.000000,0.000000,0.000000,0.000000
0.331964,0.000000,0.000000,0.000000,0.000000,0.000000,0.000000
0.341964,0.000000,0.000000,0.000000,0.000000,0.000000,0.000000
0.351964,0.000000,0.000000,0.000000,0.000000,0.000000,0.000000
0.361964,0.000000,0.000000,0.000000,0.000000,0.000000,0.000000
0.371964,0.000000,0.000000,0.000000,0.000000,0.000000,0.000000
0.381964,0.000000,0.000000,0.000000,0.000000,0.000000,0.000000
0.391964,0.000000,0.000000,0.000000,0.000000,0.000000,0.000000
0.401964,0.000000,0.000000,0.000000,0.000000,0.000000,0.000000
0.411964,0.000000,0.000000,0.000000,0.000000,0.000000,0.000000
0.421964,0.000000,0.000000,0.000000,0.000000,0.000000,0.000000
0.431964,0.000000,0.000000,0.000000,0.000000,0.000000,0.000000
0.441964,0.000000,0.000000,0.000000,0.000000,0.000000,0.000000
0.451964,0.000000,0.000000,0.000000,0.000000,0.000000,0.000000
0.461964,0.000000,0.000000,0.000000,0.000000,0.000000,0.000000
0.471964,0.000000,0.000000,0.000000,0.000000,0.000000,0.000000
0.481964,0.000000,0.000000,0.000000,0.000000,0.000000,0.000000
0.491964,0.000000,0.000000,0.000000,0.000000,0.000000,0.000000
0.501964,0.000000,0.000000,0.000000,0.000000,0.000000,0.000000
0.511964,0.000000,0.000000,0.000000,0.000000,0.000000,0.000000
0.521964,0.000000,0.000000,0.000000,0.000000,0.000000,0.000000
0.531964,0.000000,0.000000,0.000000,0.000000,0.000000,0.000000
0.541964,0.000000,0.000000,0.000000,0.000000,0.000000,0.000000
0.551964,0.000000,0.000000,0.000000,0.000000,0.000000,0.000000
0.561964,0.000000,0.000000,0.000000,0.000000,0.000000,0.000000
0.571964,0.000000,0.000000,0.000000,0.000000,0.000000,0.000000
0.581964,0.000000,0.000000,0.000000,0.000000,0.000000,0.000000
0.591964,0.000000,0.000000,0.000000,0.000000,0.000000,0.000000
0.601964,0.000000,0.000000,0.000000,0.000000,0.000000,0.000000
0.611964,0.000000,0.000000,0.000000,0.000000,0.000000,0.000000
0.621964,0.000000,0.000000,0.000000,0.000000,0.000000,0.000000
0.631964,0.000000,0.000000,0.000000,0.000000,0.000000,0.000000
0.641964,0.000000,0.000000,0.000000,0.000000,0.000000,0.000000
0.651964,0.000000,0.000000,0.000000,0.000000,0.000000,0.000000
0.661964,0.000000,0.000000,0.000000,0.000000,0.000000,0.000000
0.671964,0.000000,0.000000,0.000000,0.000000,0.000000,0.000000
0.681964,0.000000,0.000000,0.000000,0.000000,0.000000,0.000000
0.691964,0.000000,0.000000,0.000000,0.000000,0.000000,0.000000
0.701964,0.000000,0.000000,0.000000,0.000000,0.000000,0.000000
0.711964,0.000000,0.000000,0.000000,0.000000,0.000000,0.000000
0.721964,0.000000,0.000000,0.000000,0.000000,0.000000,0.000000
0.731964,0.000000,0.000000,0.000000,0.000000,0.000000,0.000000
0.741964,0.000000,0.000000,0.000000,0.000000,0.000000,0.000000
0.751964,0.000000,0.000000,0.000000,0.000000,0.000000,0.000000
0.761964,0.000000,0.000000,0.000000,0.000000,0.000000,0.000000
0.771964,0.000000,0.000000,0.000000,0.000000,0.000000,0.000000
0.781964,0.000000,0.000000,0.000000,0.000000,0.000000,0.000000
0.791964,0.000000,0.000000,0.000000,0.000000,0.000000,0.000000
0.801964,0.000000,0.000000,0.000000,0.000000,0.000000,0.000000
0.811964,0.000000,0.000000,0.000000,0.000000,0.000000,0.000000
0.821964,0.000000,0.000000,0.000000,0.000000,0.000000,0.000000
0.831964,0.000000,0.000000,0.000000,0.000000,0.000000,0.000000
0.841964,0.000000,0.000000,0.000000,0.000000,0.000000,0.000000
0.851964,0.000000,0.000000,0.000000,0.000000,0.000000,0.000000
0.861964,0.000000,0.000000,0.000000,0.000000,0.000000,0.000000
0.871964,0.000000,0.000000,0.000000,0.000000,0.000000,0.000000
0.881964,0.000000,0.000000,0.000000,0.000000,0.000000,0.000000
0.891964,0.000000,0.000000,0.000000,0.000000,0.000000,0.000000
0.901964,0.000000,0.000000,0.000000,0.000000,0.000000,0.000000
0.911964,0.000000,0.000000,0.000000,0.000000,0.000000,0.000000
0.921964,0.000000,0.000000,0.000000,0.000000,0.000000,0.000000
0.931964,0.000000,0.000000,0.000000,0.000000,0.000000,0.000000
0.941964,0.000000,0.000000,0.000000,0.000000,0.000000,0.000000
0.951964,0.000000,0.000000,0.000000,0.000000,0.000000,0.000000
0.961964,0.000000,0.000000,0.000000,0.000000,0.000000,0.000000
0.971964,0.000000,0.000000,0.000000,0.000000,0.000000,0.000000
0.981964,0.000000,0.000000,0.000000,0.000000,0.000000,0.000000
0.991964,0.000000,0.000000,0.000000,0.000000,0.000000,0.000000
1.001964,0.000000,0.000000,0.000000,0.000000,0.000000,0.000000
1.011964,0.000000,0.000000,0.000000,0.000000,0.000000,0.000000
1.021964,0.000000,0.000000,0.000000,0.000000,0.000000,0.000000
1.031964,0.000000,0.000000,0.000000,0.000000,0.000000,0.000000
1.041964,0.000000,0.000000,0.000000,0.000000,0.000000,0.000000
1.051964,0.000000,0.000000,0.000000,0.000000,0.000000,0.000000
1.061964,0.000000,0.000000,0.000000,0.000000,0.000000,0.000000
1.071964,0.000000,0.000000,0.000000,0.000000,0.000000,0.000000
1.081964,0.000000,0.000000,0.000000,0.000000,0.000000,0.000000
1.091964,0.000000,0.000000,0.000000,0.000000,0.000000,0.000000
1.101964,0.000000,0.000000,0.000000,0.000000,0.000000,0.000000
1.111964,0.000000,0.000000,0.000000,0.000000,0.000000,0.000000
1.121964,0.000000,0.000000,0.000000,0.000000,0.000000,0.000000
1.131964,0.000000,0.000000,0.000000,0.000000,0.000000,0.000000
1.141964,0.000000,0.000000,0.000000,0.000000,0.000000,0.000000
1.151964,0.000000,0.000000,0.000000,0.000000,0.000000,0.000000
1.161964,0.000000,0.000000,0.000000,0.000000,0.000000,0.000000
1.171964,0.000000,0.000000,0.000000,0.000000,0.000000,0.000000
1.181964,0.000000,0.000000,0.000000,0.000000,0.000000,0.000000
1.191964,0.000000,0.000000,0.000000,0.000000,0.000000,0.000000
1.201964,0.000000,0.000000,0.000000,0.000000,0.000000,0.000000
1.211964,0.000000,0.000000,0.000000,0.000000,0.000000,0.000000
1.221964,0.000000,0.000000,0.000000,0.000000,0.000000,0.000000
1.231964,0.000000,0.000000,0.000000,0.000000,0.000000,0.000000
1.241964,0.000000,0.000000,0.000000,0.000000,0.000000,0.000000
1.251964,0.000000,0.000000,0.000000,0.000000,0.000000,0.000000
1.261964,0.000000,0.000000,0.000000,0.000000,0.000000,0.000000
1.271964,0.000000,0.000000,0.000000,0.000000,0.000000,0.000000
1.281964,0.000000,0.000000,0.000000,0.000000,0.000000,0.000000
1.291964,0.000000,0.000000,0.000000,0.000000,0.000000,0.000000
1.301964,0.000000,0.000000,0.000000,0.000000,0.000000,0.000000
1.311964,0.000000,0.000000,0.000000,0.000000,0.000000,0.000000
1.321964,0.000000,0.000000,0.000000,0.000000,0.000000,0.000000
1.331964,0.000000,0.000000,0.000000,0.000000,0.000000,0.000000
1.341964,0.000000,0.000000,0.000000,0.000000,0.000000,0.000000
1.351964,0.000000,0.000000,0.000000,0.000000,0.000000,0.000000
1.361964,0.000000,0.000000,0.000000,0.000000,0.000000,0.000000
1.371964,0.000000,0.000000,0.000000,0.000000,0.000000,0.000000
1.381964,0.000000,0.000000,0.000000,0.000000,0.000000,0.000000
1.391964,0.000000,0.000000,0.000000,0.000000,0.000000,0.000000
1.401964,0.000000,0.000000,0.000000,0.000000,0.000000,0.000000
1.411964,0.000000,0.000000,0.000000,0.000000,0.000000,0.000000
1.421964,0.000000,0.000000,0.000000,0.000000,0.000000,0.000000
1.431964,0.000000,0.000000,0.000000,0.000000,0.000000,0.000000
1.441964,0.000000,0.000000,0.000000,0.000000,0.000000,0.000000
1.451964,0.000000,0.000000,0.000000,0.000000,0.000000,0.000000
1.461964,0.000000,0.000000,0.000000,0.000000,0.000000,0.000000
1.471964,0.000000,0.000000,0.000000,0.000000,0.000000,0.000000
1.481964,0.000000,0.000000,0.000000,0.000000,0.000000,0.000000
1.491964,0.000000,0.000000,0.000000,0.000000,0.000000,0.000000
1.501964,0.000000,0.000000,0.000000,0.000000,0.000000,0.000000
1.511964,0.000000,0.000000,0.000000,0.000000,0.000000,0.000000
1.521964,0.000000,0.000000,0.000000,0.000000,0.000000,0.000000
1.531964,0.000000,0.000000,0.000000,0.000000,0.000000,0.000000
1.541964,0.000000,0.000000,0.000000,0.000000,0.000000,0.000000
1.551964,0.000000,0.000000,0.000000,0.000000,0.000000,0.000000
1.561964,0.000000,0.000000,0.000000,0.000000,0.000000,0.000000
1.571964,0.000000,0.000000,0.000000,0.000000,0.000000,0.000000
1.581964,0.000000,0.000000,0.000000,0.000000,0.000000,0.000000
1.591964,0.000000,0.000000,0.000000,0.000000,0.000000,0.000000
1.601964,0.000000,0.000000,0.000000,0.000000,0.000000,0.000000
1.611964,0.000000,0.000000,0.000000,0.000000,0.000000,0.000000
1.621964,0.000000,0.000000,0.000000,0.000000,0.000000,0.000000
1.631964,0.000000,0.000000,0.000000,0.000000,0.000000,0.000000
1.641964,0.000000,0.000000,0.000000,0.000000,0.000000,0.000000
1.651964,0.000000,0.000000,0.000000,0.000000,0.000000,0.000000
1.661964,0.000000,0.000000,0.000000,0.000000,0.000000,0.000000
1.671964,0.000000,0.000000,0.000000,0.000000,0.000000,0.000000
1.681964,0.000000,0.000000,0.000000,0.000000,0.000000,0.000000
1.691964,0.000000,0.000000,0.000000,0.000000,0.000000,0.000000
1.701964,0.000000,0.000000,0.000000,0.000000,0.000000,0.000000
1.711964,0.000000,0.000000,0.000000,0.000000,0.000000,0.000000
1.721964,0.000000,0.000000,0.000000,0.000000,0.000000,0.000000
1.731964,0.000000,0.000000,0.000000,0.000000,0.000000,0.000000
1.741964,0.000000,0.000000,0.000000,0.000000,0.000000,0.000000
1.751964,0.000000,0.000000,0.000000,0.000000,0.000000,0.000000
1.761964,0.000000,0.000000,0.000000,0.000000,0.000000,0.000000
1.771964,0.000000,0.000000,0.000000,0.000000,0.000000,0.000000
1.781964,0.000000,0.000000,0.000000,0.000000,0.000000,0.000000
1.791964,0.000000,0.000000,0.000000,0.000000,0.000000,0.000000
1.801964,0.000000,0.000000,0.000000,0.000000,0.000000,0.000000
1.811964,0.000000,0.000000,0.000000,0.000000,0.000000,0.000000
1.821964,0.000000,0.000000,0.000000,0.000000,0.000000,0.000000
1.831964,0.000000,0.000000,0.000000,0.000000,0.000000,0.000000
1.841964,0.000000,0.000000,0.000000,0.000000,0.000000,0.000000
1.851964,0.000000,0.000000,0.000000,0.000000,0.000000,0.000000
1.861964,0.000000,0.000000,0.000000,0.000000,0.000000,0.000000
1.871964,0.000000,0.000000,0.000000,0.000000,0.000000,0.000000
1.881964,0.000000,0.000000,0.000000,0.000000,0.000000,0.000000
1.891964,0.000000,0.000000,0.000000,0.000000,0.000000,0.000000
1.901964,0.000000,0.000000,0.000000,0.000000,0.000000,0.000000
1.911964,0.000000,0.000000,0.000000,0.000000,0.000000,0.000000
1.921964,0.000000,0.000000,0.000000,0.000000,0.000000,0.000000
1.931964,0.000000,0.000000,0.000000,0.000000,0.000000,0.000000
1.941964,0.000000,0.000000,0.000000,0.000000,0.000000,0.000000
1.951964,0.000000,0.000000,0.000000,0.000000,0.000000,0.000000
1.961964,0.000000,0.000000,0.000000,0.000000,0.000000,0.000000
1.971964,0.000000,0.000000,0.000000,0.000000,0.000000,0.000000
1.981964,0.000000,0.000000,0.000000,0.000000,0.000000,0.000000
1.991964,0.000000,0.000000,0.000000,0.000000,0.000000,0.000000
2.001964,0.000000,0.000000,0.000000,0.000000,0.000000,0.000000
2.011964,0.000000,0.000000,0.000000,0.000000,0.000000,0.000000
2.021964,0.000000,0.000000,0.000000,0.000000,0.000000,0.000000
2.031964,0.000000,0.000000,0.000000,0.000000,0.000000,0.000000
2.041964,0.000000,0.000000,0.000000,0.000000,0.000000,0.000000
2.051964,0.000000,0.000000,0.000000,0.000000,0.000000,0.000000
2.061964,0.000000,0.000000,0.000000,0.000000,0.000000,0.000000
2.071964,0.000000,0.000000,0.000000,0.000000,0.000000,0.000000
2.081964,0.000000,0.000000,0.000000,0.000000,0.000000,0.000000
2.091964,0.000000,0.000000,0.000000,0.000000,0.000000,0.000000
2.101964,0.000000,0.000000,0.000000,0.000000,0.000000,0.000000
2.111964,0.000000,0.000000,0.000000,0.000000,0.000000,0.000000
2.121964,0.000000,0.000000,0.000000,0.000000,0.000000,0.000000
2.131964,0.000000,0.000000,0.000000,0.000000,0.000000,0.000000
2.141964,0.000000,0.000000,0.000000,0.000000,0.000000,0.000000
2.151964,0.000000,0.000000,0.000000,0.000000,0.000000,0.000000
2.161964,0.000000,0.000000,0.000000,0.000000,0.000000,0.000000
2.171964,0.000000,0.000000,0.000000,0.000000,0.000000,0.000000
2.181964,0.000000,0.000000,0.000000,0.000000,0.000000,0.000000
2.191964,0.000000,0.000000,0.000000,0.000000,0.000000,0.000000
2.201964,0.000000,0.000000,0.000000,0.000000,0.000000,0.000000
2.211964,0.000000,0.000000,0.000000,0.000000,0.000000,0.000000
2.221964,0.000000,0.000000,0.000000,0.000000,0.000000,0.000000
2.231964,0.000000,0.000000,0.000000,0.000000,0.000000,0.000000
2.241964,0.000000,0.000000,0.000000,0.000000,0.000000,0.000000
2.251964,0.000000,0.000000,0.000000,0.000000,0.000000,0.000000
2.261964,0.000000,0.000000,0.000000,0.000000,0.000000,0.000000
2.271964,0.000000,0.000000,0.000000,0.000000,0.000000,0.000000
2.281964,0.000000,0.000000,0.000000,0.000000,0.000000,0.000000
2.291964,0.000000,0.000000,0.000000,0.000000,0.000000,0.000000
2.301964,0.000000,0.000000,0.000000,0.000000,0.000000,0.000000
2.311964,0.000000,0.000000,0.000000,0.000000,0.000000,0.000000
2.321964,0.000000,0.000000,0.000000,0.000000,0.000000,0.000000
2.331964,0.000000,0.000000,0.000000,0.000000,0.000000,0.000000
2.341964,0.000000,0.000000,0.000000,0.000000,0.000000,0.000000
2.351964,0.000000,0.000000,0.000000,0.000000,0.000000,0.000000
2.361964,0.000000,0.000000,0.000000,0.000000,0.000000,0.000000
2.371964,0.000000,0.000000,0.000000,0.000000,0.000000,0.000000
2.381964,0.000000,0.000000,0.000000,0.000000,0.000000,0.000000
2.391964,0.000000,0.000000,0.000000,0.000000,0.000000,0.000000
2.401964,0.000000,0.000000,0.000000,0.000000,0.000000,0.000000
2.411964,0.000000,0.000000,0.000000,0.000000,0.000000,0.000000
2.421964,0.000000,0.000000,0.000000,0.000000,0.000000,0.000000
2.431964,0.000000,0.000000,0.000000,0.000000,0.000000,0.000000
2.441964,0.000000,0.000000,0.000000,0.000000,0.000000,0.000000
2.451964,0.000000,0.000000,0.000000,0.000000,0.000000,0.000000
2.461964,0.000000,0.000000,0.000000,0.000000,0.000000,0.000000
2.471964,0.000000,0.000000,0.000000,0.000000,0.000000,0.000000
2.481964,0.000000,0.000000,0.000000,0.000000,0.000000,0.000000
2.491964,0.000000,0.000000,0.000000,0.000000,0.000000,0.000000
2.501964,0.000000,0.000000,0.000000,0.000000,0.000000,0.000000
2.511964,0.000000,0.000000,0.000000,0.000000,0.000000,0.000000
2.521964,0.000000,0.000000,0.000000,0.000000,0.000000,0.000000
2.531964,0.000000,0.000000,0.000000,0.000000,0.000000,0.000000
2.541964,0.000000,0.000000,0.000000,0.000000,0.000000,0.000000
2.551964,0.000000,0.000000,0.000000,0.000000,0.000000,0.000000
2.561964,0.000000,0.000000,0.000000,0.000000,0.000000,0.000000
2.571964,0.000000,0.000000,0.000000,0.000000,0.000000,0.000000
2.581964,0.000000,0.000000,0.000000,0.000000,0.000000,0.000000
2.591964,0.000000,0.000000,0.000000,0.000000,0.000000,0.000000
2.601964,0.000000,0.000000,0.000000,0.000000,0.000000,0.000000
2.611964,0.000000,0.000000,0.000000,0.000000,0.000000,0.000000
2.621964,0.000000,0.000000,0.000000,0.000000,0.000000,0.000000
2.631964,0.000000,0.000000,0.000000,0.000000,0.000000,0.000000
2.641964,0.000000,0.000000,0.000000,0.000000,0.000000,0.000000
2.651964,0.000000,0.000000,0.000000,0.000000,0.000000,0.000000
2.661964,0.000000,0.000000,0.000000,0.000000,0.000000,0.000000
2.671964,0.000000,0.000000,0.000000,0.000000,0.000000,0.000000
2.681964,0.000000,0.000000,0.000000,0.000000,0.000000,0.000000
2.691964,0.000000,0.000000,0.000000,0.000000,0.000000,0.000000
2.701964,0.000000,0.000000,0.000000,0.000000,0.000000,0.000000
2.711964,0.000000,0.000000,0.000000,0.000000,0.000000,0.000000
2.721964,0.000000,0.000000,0.000000,0.000000,0.000000,0.000000
2.731964,0.000000,0.000000,0.000000,0.000000,0.000000,0.000000
2.741964,0.000000,0.000000,0.000000,0.000000,0.000000,0.000000
2.751964,0.000000,0.000000,0.000000,0.000000,0.000000,0.000000
2.761964,0.000000,0.000000,0.000000,0.000000,0.000000,0.000000
2.771964,0.000000,0.000000,0.000000,0.000000,0.000000,0.000000
2.781964,0.000000,0.000000,0.000000,0.000000,0.000000,0.000000
2.791964,0.000000,0.000000,0.000000,0.000000,0.000000,0.000000
2.801964,0.000000,0.000000,0.000000,0.000000,0.000000,0.000000
2.811964,0.000000,0.000000,0.000000,0.000000,0.000000,0.000000
2.821964,0.000000,0.000000,0.000000,0.000000,0.000000,0.000000
2.831964,0.000000,0.000000,0.000000,0.000000,0.000000,0.000000
2.841964,0.000000,0.000000,0.000000,0.000000,0.000000,0.000000
2.851964,0.000000,0.000000,0.000000,0.000000,0.000000,0.000000
2.861964,0.000000,0.000000,0.000000,0.000000,0.000000,0.000000
2.871964,0.000000,0.000000,0.000000,0.000000,0.000000,0.000000
2.881964,0.000000,0.000000,0.000000,0.000000,0.000000,0.000000
2.891964,0.000000,0.000000,0.000000,0.000000,0.000000,0.000000
2.901964,0.000000,0.000000,0.000000,0.000000,0.000000,0.000000
2.911964,0.000000,0.000000,0.000000,0.000000,0.000000,0.000000
2.921964,0.000000,0.000000,0.000000,0.000000,0.000000,0.000000
2.931964,0.000000,0.000000,0.000000,0.000000,0.000000,0.000000
2.941964,0.000000,0.000000,0.000000,0.000000,0.000000,0.000000
2.951964,0.000000,0.000000,0.000000,0.000000,0.000000,0.000000
2.961964,0.000000,0.000000,0.000000,0.000000,0.000000,0.000000
2.971964,0.000000,0.000000,0.000000,0.000000,0.000000,0.000000
2.981964,0.000000,0.000000,0.000000,0.000000,0.000000,0.000000
2.991964,0.000000,0.000000,0.000000,0.000000,0.000000,0.000000
3.001964,0.000000,0.000000,0.000000,0.000000,0.000000,0.000000
3.011964,0.000000,0.000000,0.000000,0.000000,0.000000,0.000000
3.021964,0.000000,0.000000,0.000000,0.000000,0.000000,0.000000
3.031964,0.000000,0.000000,0.000000,0.000000,0.000000,0.000000
3.041964,0.000000,0.000000,0.000000,0.000000,0.000000,0.000000
3.051964,0.000000,0.000000,0.000000,0.000000,0.000000,0.000000
3.061964,0.000000,0.000000,0.000000,0.000000,0.000000,0.000000
3.071964,0.000000,0.000000,0.000000,0.000000,0.000000,0.000000
3.081964,0.000000,0.000000,0.000000,0.000000,0.000000,0.000000
3.091964,0.000000,0.000000,0.000000,0.000000,0.000000,0.000000
3.101964,0.000000,0.000000,0.000000,0.000000,0.000000,0.000000
3.111964,0.000000,0.000000,0.000000,0.000000,0.000000,0.000000
3.121964,0.000000,0.000000,0.000000,0.000000,0.000000,0.000000
3.131964,0.000000,0.000000,0.000000,0.000000,0.000000,0.000000
3.141964,0.000000,0.000000,0.000000,0.000000,0.000000,0.000000
3.151964,0.000000,0.000000,0.000000,0.000000,0.000000,0.000000
3.161964,0.000000,0.000000,0.000000,0.000000,0.000000,0.000000
3.171964,0.000000,0.000000,0.000000,0.000000,0.000000,0.000000
3.181964,0.000000,0.000000,0.000000,0.000000,0.000000,0.000000
3.191964,0.000000,0.000000,0.000000,0.000000,0.000000,0.000000
3.201964,0.000000,0.000000,0.000000,0.000000,0.000000,0.000000
3.211964,0.000000,0.000000,0.000000,0.000000,0.000000,0.000000
3.221964,0.000000,0.000000,0.000000,0.000000,0.000000,0.000000
3.231964,0.000000,0.000000,0.000000,0.000000,0.000000,0.000000
3.241964,0.000000,0.000000,0.000000,0.000000,0.000000,0.000000
3.251964,0.000000,0.000000,0.000000,0.000000,0.000000,0.000000
3.261964,0.000000,0.000000,0.000000,0.000000,0.000000,0.000000
3.271964,0.000000,0.000000,0.000000,0.000000,0.000000,0.000000
3.281964,0.000000,0.000000,0.000000,0.000000,0.000000,0.000000
3.291964,0.000000,0.000000,0.000000,0.000000,0.000000,0.000000
3.301964,0.000000,0.000000,0.000000,0.000000,0.000000,0.000000
3.311964,0.000000,0.000000,0.000000,0.000000,0.000000,0.000000
3.321964,0.000000,0.000000,0.000000,0.000000,0.000000,0.000000
3.331964,0.000000,0.000000,0.000000,0.000000,0.000000,0.000000
3.341964,0.000000,0.000000,0.000000,0.000000,0.000000,0.000000
3.351964,0.000000,0.000000,0.000000,0.000000,0.000000,0.000000
3.361964,0.000000,0.000000,0.000000,0.000000,0.000000,0.000000
3.371964,0.000000,0.000000,0.000000,0.000000,0.000000,0.000000
3.381964,0.000000,0.000000,0.000000,0.000000,0.000000,0.000000
3.391964,0.000000,0.000000,0.000000,0.000000,0.000000,0.000000
3.401964,0.000000,0.000000,0.000000,0.000000,0.000000,0.000000
3.411964,0.000000,0.000000,0.000000,0.000000,0.000000,0.000000
3.421964,0.000000,0.000000,0.000000,0.000000,0.000000,0.000000
3.431964,0.000000,0.000000,0.000000,0.000000,0.000000,0.000000
3.441964,0.000000,0.000000,0.000000,0.000000,0.000000,0.000000
3.451964,0.000000,0.000000,0.000000,0.000000,0.000000,0.000000
3.461964,0.000000,0.000000,0.000000,0.000000,0.000000,0.000000
3.471964,0.000000,0.000000,0.000000,0.000000,0.000000,0.000000
3.481964,0.000000,0.000000,0.000000,0.000000,0.000000,0.000000
3.491964,0.000000,0.000000,0.000000,0.000000,0.000000,0.000000
3.501964,0.000000,0.000000,0.000000,0.000000,0.000000,0.000000
3.511964,0.000000,0.000000,0.000000,0.000000,0.000000,0.000000
3.521964,0.000000,0.000000,0.000000,0.000000,0.000000,0.000000
3.531964,0.000000,0.000000,0.000000,0.000000,0.000000,0.000000
3.541964,0.000000,0.000000,0.000000,0.000000,0.000000,0.000000
3.551964,0.000000,0.000000,0.000000,0.000000,0.000000,0.000000
3.561964,0.000000,0.000000,0.000000,0.000000,0.000000,0.000000
3.571964,0.000000,0.000000,0.000000,0.000000,0.000000,0.000000
3.581964,0.000000,0.000000,0.000000,0.000000,0.000000,0.000000
3.591964,0.000000,0.000000,0.000000,0.000000,0.000000,0.000000
3.601964,0.000000,0.000000,0.000000,0.000000,0.000000,0.000000
3.611964,0.000000,0.000000,0.000000,0.000000,0.000000,0.000000
3.621964,0.000000,0.000000,0.000000,0.000000,0.000000,0.000000
3.631964,0.000000,0.000000,0.000000,0.000000,0.000000,0.000000
3.641964,0.000000,0.000000,0.000000,0.000000,0.000000,0.000000
3.651964,0.000000,0.000000,0.000000,0.000000,0.000000,0.000000
3.661964,0.000000,0.000000,0.000000,0.000000,0.000000,0.000000
3.671964,0.000000,0.000000,0.000000,0.000000,0.000000,0.000000
3.681964,0.000000,0.000000,0.000000,0.000000,0.000000,0.000000
3.691964,0.000000,0.000000,0.000000,0.000000,0.000000,0.000000
3.701964,0.000000,0.000000,0.000000,0.000000,0.000000,0.000000
3.711964,0.000000,0.000000,0.000000,0.000000,0.000000,0.000000
3.721964,0.000000,0.000000,0.000000,0.000000,0.000000,0.000000
3.731964,0.000000,0.000000,0.000000,0.000000,0.000000,0.000000
3.741964,0.000000,0.000000,0.000000,0.000000,0.000000,0.000000
3.751964,0.000000,0.000000,0.000000,0.000000,0.000000,0.000000
3.761964,0.000000,0.000000,0.000000,0.000000,0.000000,0.000000
3.771964,0.000000,0.000000,0.000000,0.000000,0.000000,0.000000
3.781964,0.000000,0.000000,0.000000,0.000000,0.000000,0.000000
3.791964,0.000000,0.000000,0.000000,0.000000,0.000000,0.000000
3.801964,0.000000,0.000000,0.000000,0.000000,0.000000,0.000000
3.811964,0.000000,0.000000,0.000000,0.000000,0.000000,0.000000
3.821964,0.000000,0.000000,0.000000,0.000000,0.000000,0.000000
3.831964,0.000000,0.000000,0.000000,0.000000,0.000000,0.000000
3.841964,0.000000,0.000000,0.000000,0.000000,0.000000,0.000000
3.851964,0.000000,0.000000,0.000000,0.000000,0.000000,0.000000
3.861964,0.000000,0.000000,0.000000,0.000000,0.000000,0.000000
3.871964,0.000000,0.000000,0.000000,0.000000,0.000000,0.000000
3.881964,0.000000,0.000000,0.000000,0.000000,0.000000,0.000000
3.891964,0.000000,0.000000,0.000000,0.000000,0.000000,0.000000
3.901964,0.000000,0.000000,0.000000,0.000000,0.000000,0.000000
3.911964,0.000000,0.000000,0.000000,0.000000,0.000000,0.000000
3.921964,0.000000,0.000000,0.000000,0.000000,0.000000,0.000000
3.931964,0.000000,0.000000,0.000000,0.000000,0.000000,0.000000
3.941964,0.000000,0.000000,0.000000,0.000000,0.000000,0.000000
3.951964,0.000000,0.000000,0.000000,0.000000,0.000000,0.000000
3.961964,0.000000,0.000000,0.000000,0.000000,0.000000,0.000000
3.971964,0.000000,0.000000,0.000000,0.000000,0.000000,0.000000
3.981964,0.000000,0.000000,0.000000,0.000000,0.000000,0.000000
3.991964,0.000000,0.000000,0.000000,0.000000,0.000000,0.000000
4.001964,0.000000,0.000000,0.000000,0.000000,0.000000,0.000000
4.011964,0.000000,0.000000,0.000000,0.000000,0.000000,0.000000
4.021964,0.000000,0.000000,0.000000,0.000000,0.000000,0.000000
4.031964,0.000000,0.000000,0.000000,0.000000,0.000000,0.000000
4.041964,0.000000,0.000000,0.000000,0.000000,0.000000,0.000000
4.051964,0.000000,0.000000,0.000000,0.000000,0.000000,0.000000
4.061964,0.000000,0.000000,0.000000,0.000000,0.000000,0.000000
4.071964,0.000000,0.000000,0.000000,0.000000,0.000000,0.000000
4.081964,0.000000,0.000000,0.000000,0.000000,0.000000,0.000000
4.091964,0.000000,0.000000,0.000000,0.000000,0.000000,0.000000
4.101964,0.000000,0.000000,0.000000,0.000000,0.000000,0.000000
4.111964,0.000000,0.000000,0.000000,0.000000,0.000000,0.000000
4.121964,0.000000,0.000000,0.000000,0.000000,0.000000,0.000000
4.131964,0.000000,0.000000,0.000000,0.000000,0.000000,0.000000
4.141964,0.000000,0.000000,0.000000,0.000000,0.000000,0.000000
4.151964,0.000000,0.000000,0.000000,0.000000,0.000000,0.000000
4.161964,0.000000,0.000000,0.000000,0.000000,0.000000,0.000000
4.171964,0.000000,0.000000,0.000000,0.000000,0.000000,0.000000
4.181964,0.000000,0.000000,0.000000,0.000000,0.000000,0.000000
4.191964,0.000000,0.000000,0.000000,0.000000,0.000000,0.000000
4.201964,0.000000,0.000000,0.000000,0.000000,0.000000,0.000000
4.211964,0.000000,0.000000,0.000000,0.000000,0.000000,0.000000
4.221964,0.000000,0.000000,0.000000,0.000000,0.000000,0.000000
4.231964,0.000000,0.000000,0.000000,0.000000,0.000000,0.000000
4.241964,0.000000,0.000000,0.000000,0.000000,0.000000,0.000000
4.251964,0.000000,0.000000,0.000000,0.000000,0.000000,0.000000
4.261964,0.000000,0.000000,0.000000,0.000000,0.000000,0.000000
4.271964,0.000000,0.000000,0.000000,0.000000,0.000000,0.000000
4.281964,0.000000,0.000000,0.000000,0.000000,0.000000,0.000000
4.291964,0.000000,0.000000,0.000000,0.000000,0.000000,0.000000
4.301964,0.000000,0.000000,0.000000,0.000000,0.000000,0.000000
4.311964,0.000000,0.000000,0.000000,0.000000,0.000000,0.000000
4.321964,0.000000,0.000000,0.000000,0.000000,0.000000,0.000000
4.331964,0.000000,0.000000,0.000000,0.000000,0.000000,0.000000
4.341964,0.000000,0.000000,0.000000,0.000000,0.000000,0.000000
4.351964,0.000000,0.000000,0.000000,0.000000,0.000000,0.000000
4.361964,0.000000,0.000000,0.000000,0.000000,0.000000,0.000000
4.371964,0.000000,0.000000,0.000000,0.000000,0.000000,0.000000
4.381964,0.000000,0.000000,0.000000,0.000000,0.000000,0.000000
4.391964,0.000000,0.000000,0.000000,0.000000,0.000000,0.000000
4.401964,0.000000,0.000000,0.000000,0.000000,0.000000,0.000000
4.411964,0.000000,0.000000,0.000000,0.000000,0.000000,0.000000
4.421964,0.000000,0.000000,0.000000,0.000000,0.000000,0.000000
4.431964,0.000000,0.000000,0.000000,0.000000,0.000000,0.000000
4.441964,0.000000,0.000000,0.000000,0.000000,0.000000,0.000000
4.451964,0.000000,0.000000,0.000000,0.000000,0.000000,0.000000
4.461964,0.000000,0.000000,0.000000,0.000000,0.000000,0.000000
4.471964,0.000000,0.000000,0.000000,0.000000,0.000000,0.000000
4.481964,0.000000,0.000000,0.000000,0.000000,0.000000,0.000000
4.491964,0.000000,0.000000,0.000000,0.000000,0.000000,0.000000
4.501964,0.000000,0.000000,0.000000,0.000000,0.000000,0.000000
4.511964,0.000000,0.000000,0.000000,0.000000,0.000000,0.000000
4.521964,0.000000,0.000000,0.000000,0.000000,0.000000,0.000000
4.531964,0.000000,0.000000,0.000000,0.000000,0.000000,0.000000
4.541964,0.000000,0.000000,0.000000,0.000000,0.000000,0.000000
4.551964,0.000000,0.000000,0.000000,0.000000,0.000000,0.000000
4.561964,0.000000,0.000000,0.000000,0.000000,0.000000,0.000000
4.571964,0.000000,0.000000,0.000000,0.000000,0.000000,0.000000
4.581964,0.000000,0.000000,0.000000,0.000000,0.000000,0.000000
4.591964,0.000000,0.000000,0.000000,0.000000,0.000000,0.000000
4.601964,0.000000,0.000000,0.000000,0.000000,0.000000,0.000000
4.611964,0.000000,0.000000,0.000000,0.000000,0.000000,0.000000
4.621964,0.000000,0.000000,0.000000,0.000000,0.000000,0.000000
4.631964,0.000000,0.000000,0.000000,0.000000,0.000000,0.000000
4.641964,0.000000,0.000000,0.000000,0.000000,0.000000,0.000000
4.651964,0.000000,0.000000,0.000000,0.000000,0.000000,0.000000
4.661964,0.000000,0.000000,0.000000,0.000000,0.000000,0.000000
4.671964,0.000000,0.000000,0.000000,0.000000,0.000000,0.000000
4.681964,0.000000,0.000000,0.000000,0.000000,0.000000,0.000000
4.691964,0.000000,0.000000,0.000000,0.000000,0.000000,0.000000
4.701964,0.000000,0.000000,0.000000,0.000000,0.000000,0.000000
4.711964,0.000000,0.000000,0.000000,0.000000,0.000000,0.000000
4.721964,0.000000,0.000000,0.000000,0.000000,0.000000,0.000000
4.731964,0.000000,0.000000,0.000000,0.000000,0.000000,0.000000
4.741964,0.000000,0.000000,0.000000,0.000000,0.000000,0.000000
4.751964,0.000000,0.000000,0.000000,0.000000,0.000000,0.000000
4.761964,0.000000,0.000000,0.000000,0.000000,0.000000,0.000000
4.771964,0.000000,0.000000,0.000000,0.000000,0.000000,0.000000
4.781964,0.000000,0.000000,0.000000,0.000000,0.000000,0.000000
4.791964,0.000000,0.000000,0.000000,0.000000,0.000000,0.000000
4.801964,0.000000,0.000000,0.000000,0.000000,0.000000,0.000000
4.811964,0.000000,0.000000,0.000000,0.000000,0.000000,0.000000
4.821964,0.000000,0.000000,0.000000,0.000000,0.000000,0.000000
4.831964,0.000000,0.000000,0.000000,0.000000,0.000000,0.000000
4.841964,0.000000,0.000000,0.000000,0.000000,0.000000,0.000000
4.851964,0.000000,0.000000,0.000000,0.000000,0.000000,0.000000
4.861964,0.000000,0.000000,0.000000,0.000000,0.000000,0.000000
4.871964,0.000000,0.000000,0.000000,0.000000,0.000000,0.000000
4.881964,0.000000,0.000000,0.000000,0.000000,0.000000,0.000000
4.891964,0.000000,0.000000,0.000000,0.000000,0.000000,0.000000
4.901964,0.000000,0.000000,0.000000,0.000000,0.000000,0.000000
4.911964,0.000000,0.000000,0.000000,0.000000,0.000000,0.000000
4.921964,0.000000,0.000000,0.000000,0.000000,0.000000,0.000000
4.931964,0.000000,0.000000,0.000000,0.000000,0.000000,0.000000
4.941964,0.000000,0.000000,0.000000,0.000000,0.000000,0.000000
4.951964,0.000000,0.000000,0.000000,0.000000,0.000000,0.000000
4.961964,0.000000,0.000000,0.000000,0.000000,0.000000,0.000000
4.971964,0.000000,0.000000,0.000000,0.000000,0.000000,0.000000
4.981964,0.000000,0.000000,0.000000,0.000000,0.000000,0.000000
4.991964,0.000000,0.000000,0.000000,0.000000,0.000000,0.000000
5.001964,0.000000,0.000000,0.000000,0.000000,0.000000,0.000000
5.011964,0.000000,0.000000,0.000000,0.000000,0.000000,0.000000
5.021964,0.000000,0.000000,0.000000,0.000000,0.000000,0.000000
5.031964,0.000000,0.000000,0.000000,0.000000,0.000000,0.000000
5.041964,0.000000,0.000000,0.000000,0.000000,0.000000,0.000000
5.051964,0.000000,0.000000,0.000000,0.000000,0.000000,0.000000
5.061964,0.000000,0.000000,0.000000,0.000000,0.000000,0.000000
5.071964,0.000000,0.000000,0.000000,0.000000,0.000000,0.000000
5.081964,0.000000,0.000000,0.000000,0.000000,0.000000,0.000000
5.091964,0.000000,0.000000,0.000000,0.000000,0.000000,0.000000
5.101964,0.000000,0.000000,0.000000,0.000000,0.000000,0.000000
5.111964,0.000000,0.000000,0.000000,0.000000,0.000000,0.000000
5.121964,0.000000,0.000000,0.000000,0.000000,0.000000,0.000000
5.131964,0.000000,0.000000,0.000000,0.000000,0.000000,0.000000
5.141964,0.000000,0.000000,0.000000,0.000000,0.000000,0.000000
5.151964,0.000000,0.000000,0.000000,0.000000,0.000000,0.000000
5.161964,0.000000,0.000000,0.000000,0.000000,0.000000,0.000000
5.171964,0.000000,0.000000,0.000000,0.000000,0.000000,0.000000
5.181964,0.000000,0.000000,0.000000,0.000000,0.000000,0.000000
5.191964,0.000000,0.000000,0.000000,0.000000,0.000000,0.000000
5.201964,0.000000,0.000000,0.000000,0.000000,0.000000,0.000000
5.211964,0.000000,0.000000,0.000000,0.000000,0.000000,0.000000
5.221964,0.000000,0.000000,0.000000,0.000000,0.000000,0.000000
5.231964,0.000000,0.000000,0.000000,0.000000,0.000000,0.000000
5.241964,0.000000,0.000000,0.000000,0.000000,0.000000,0.000000
5.251964,0.000000,0.000000,0.000000,0.000000,0.000000,0.000000
5.261964,0.000000,0.000000,0.000000,0.000000,0.000000,0.000000
5.271964,0.000000,0.000000,0.000000,0.000000,0.000000,0.000000
5.281964,0.000000,0.000000,0.000000,0.000000,0.000000,0.000000
5.291964,0.000000,0.000000,0.000000,0.000000,0.000000,0.000000
5.301964,0.000000,0.000000,0.000000,0.000000,0.000000,0.000000
5.311964,0.000000,0.000000,0.000000,0.000000,0.000000,0.000000
5.321964,0.000000,0.000000,0.000000,0.000000,0.000000,0.000000
5.331964,0.002500,0.000000,0.000000,0.000000,0.000000,0.000000
5.341964,0.002500,0.000000,0.000000,0.000000,0.000000,0.000000
5.351964,0.002500,0.000000,0.000000,0.000000,0.000000,0.000000
5.361964,0.002500,0.000000,0.000000,0.000000,0.000000,0.000000
5.371964,0.002500,0.000000,0.000000,0.000000,0.000000,0.000000
5.381964,0.005000,0.000000,0.000000,0.000000,0.000000,0.000000
5.391964,0.005000,0.000000,0.000000,0.000000,0.000000,0.000000
5.401964,0.005000,0.000000,0.000000,0.000000,0.000000,0.000000
5.411964,0.005000,0.000000,0.000000,0.000000,0.000000,0.000000
5.421964,0.005000,0.000000,0.000000,0.000000,0.000000,0.000000
5.431964,0.007500,0.000000,0.000000,0.000000,0.000000,0.000000
5.441964,0.007500,0.000000,0.000000,0.000000,0.000000,0.000000
5.451964,0.007500,0.000000,0.000000,0.000000,0.000000,0.000000
5.461964,0.007500,0.000000,0.000000,0.000000,0.000000,0.000000
5.471964,0.007500,0.000000,0.000000,0.000000,0.000000,0.000000
5.481964,0.009500,0.000000,0.000000,0.000000,0.000000,0.000000
5.491964,0.009500,0.000000,0.000000,0.000000,0.000000,0.000000
5.501964,0.009500,0.000000,0.000000,0.000000,0.000000,0.000000
5.511964,0.009500,0.000000,0.000000,0.000000,0.000000,0.000000
5.521964,0.011500,0.000000,0.000000,0.000000,0.000000,0.000000
5.531964,0.011500,0.000000,0.000000,0.000000,0.000000,0.000000
5.541964,0.011500,0.000000,0.000000,0.000000,0.000000,0.000000
5.551964,0.011500,0.000000,0.000000,0.000000,0.000000,0.000000
5.561964,0.014000,0.000000,0.000000,0.000000,0.000000,0.000000
5.571964,0.014000,0.000000,0.000000,0.000000,0.000000,0.000000
5.581964,0.014000,0.000000,0.000000,0.000000,0.000000,0.000000
5.591964,0.014000,0.000000,0.000000,0.000000,0.000000,0.000000
5.601964,0.014000,0.000000,0.000000,0.000000,0.000000,0.000000
5.611964,0.016000,0.000000,0.000000,0.000000,0.000000,0.000000
5.621964,0.016000,0.000000,0.000000,0.000000,0.000000,0.000000
5.631964,0.016000,0.000000,0.000000,0.000000,0.000000,0.000000
5.641964,0.018500,0.000000,0.000000,0.000000,0.000000,0.000000
5.651964,0.018500,0.000000,0.000000,0.000000,0.000000,0.000000
5.661964,0.018500,0.000000,0.000000,0.000000,0.000000,0.000000
5.671964,0.018500,0.000000,0.000000,0.000000,0.000000,0.000000
5.681964,0.018500,0.000000,0.000000,0.000000,0.000000,0.000000
5.691964,0.020500,0.000000,0.000000,0.000000,0.000000,0.000000
5.701964,0.020500,0.000000,0.000000,0.000000,0.000000,0.000000
5.711964,0.020500,0.000000,0.000000,0.000000,0.000000,0.000000
5.721964,0.020500,0.000000,0.000000,0.000000,0.000000,0.000000
5.731964,0.020500,0.000000,0.000000,0.000000,0.000000,0.000000
5.741964,0.023000,0.000000,0.000000,0.000000,0.000000,0.000000
5.751964,0.023000,0.000000,0.000000,0.000000,0.000000,0.000000
5.761964,0.023000,0.000000,0.000000,0.000000,0.000000,0.000000
5.771964,0.023000,0.000000,0.000000,0.000000,0.000000,0.000000
5.781964,0.023000,0.000000,0.000000,0.000000,0.000000,0.000000
5.791964,0.026000,0.000000,0.000000,0.000000,0.000000,0.000000
5.801964,0.026000,0.000000,0.000000,0.000000,0.000000,0.000000
5.811964,0.026000,0.000000,0.000000,0.000000,0.000000,0.000000
5.821964,0.026000,0.000000,0.000000,0.000000,0.000000,0.000000
5.831964,0.026000,0.000000,0.000000,0.000000,0.000000,0.000000
5.841964,0.026000,0.000000,0.000000,0.000000,0.000000,0.000000
5.851964,0.028500,0.000000,0.000000,0.000000,0.000000,0.000000
5.861964,0.028500,0.000000,0.000000,0.000000,0.000000,0.000000
5.871964,0.028500,0.000000,0.000000,0.000000,0.000000,0.000000
5.881964,0.028500,0.000000,0.000000,0.000000,0.000000,0.000000
5.891964,0.028500,0.000000,0.000000,0.000000,0.000000,0.000000
5.901964,0.031000,0.000000,0.000000,0.000000,0.000000,0.000000
5.911964,0.031000,0.000000,0.000000,0.000000,0.000000,0.000000
5.921964,0.031000,0.000000,0.000000,0.000000,0.000000,0.000000
5.931964,0.031000,0.000000,0.000000,0.000000,0.000000,0.000000
5.941964,0.031000,0.000000,0.000000,0.000000,0.000000,0.000000
5.951964,0.034000,0.000000,0.000000,0.000000,0.000000,0.000000
5.961964,0.034000,0.000000,0.000000,0.000000,0.000000,0.000000
5.971964,0.034000,0.000000,0.000000,0.000000,0.000000,0.000000
5.981964,0.034000,0.000000,0.000000,0.000000,0.000000,0.000000
5.991964,0.034000,0.000000,0.000000,0.000000,0.000000,0.000000
6.001964,0.034000,0.000000,0.000000,0.000000,0.000000,0.000000
6.011964,0.036000,0.000000,0.000000,0.000000,0.000000,0.000000
6.021964,0.036000,0.000000,0.000000,0.000000,0.000000,0.000000
6.031964,0.036000,0.000000,0.000000,0.000000,0.000000,0.000000
6.041964,0.038500,0.000000,0.000000,0.000000,0.000000,0.000000
6.051964,0.038500,0.000000,0.000000,0.000000,0.000000,0.000000
6.061964,0.038500,0.000000,0.000000,0.000000,0.000000,0.000000
6.071964,0.038500,0.000000,0.000000,0.000000,0.000000,0.000000
6.081964,0.038500,0.000000,0.000000,0.000000,0.000000,0.000000
6.091964,0.038500,0.000000,0.000000,0.000000,0.000000,0.000000
6.101964,0.041000,0.000000,0.000000,0.000000,0.000000,0.000000
6.111964,0.041000,0.000000,0.000000,0.000000,0.000000,0.000000
6.121964,0.041000,0.000000,0.000000,0.000000,0.000000,0.000000
6.131964,0.041000,0.000000,0.000000,0.000000,0.000000,0.000000
6.141964,0.041000,0.000000,0.000000,0.000000,0.000000,0.000000
6.151964,0.043500,0.000000,0.000000,0.000000,0.000000,0.000000
6.161964,0.043500,0.000000,0.000000,0.000000,0.000000,0.000000
6.171964,0.043500,0.000000,0.000000,0.000000,0.000000,0.000000
6.181964,0.043500,0.000000,0.000000,0.000000,0.000000,0.000000
6.191964,0.043500,0.000000,0.000000,0.000000,0.000000,0.000000
6.201964,0.048500,0.000000,0.000000,0.000000,0.000000,0.000000
6.211964,0.048500,0.000000,0.000000,0.000000,0.000000,0.000000
6.221964,0.048500,0.000000,0.000000,0.000000,0.000000,0.000000
6.231964,0.048500,0.000000,0.000000,0.000000,0.000000,0.000000
6.241964,0.048500,0.000000,0.000000,0.000000,0.000000,0.000000
6.251964,0.048500,0.000000,0.000000,0.000000,0.000000,0.000000
6.261964,0.048500,0.000000,0.000000,0.000000,0.000000,0.000000
6.271964,0.048500,0.000000,0.000000,0.000000,0.000000,0.000000
6.281964,0.048500,0.000000,0.000000,0.000000,0.000000,0.000000
6.291964,0.048500,0.000000,0.000000,0.000000,0.000000,0.000000
6.301964,0.055000,0.000000,0.000000,0.000000,0.000000,0.000000
6.311964,0.055000,0.000000,0.000000,0.000000,0.000000,0.000000
6.321964,0.055000,0.000000,0.000000,0.000000,0.000000,0.000000
6.331964,0.055000,0.000000,0.000000,0.000000,0.000000,0.000000
6.341964,0.055000,0.000000,0.000000,0.000000,0.000000,0.000000
6.351964,0.055000,0.000000,0.000000,0.000000,0.000000,0.000000
6.361964,0.055000,0.000000,0.000000,0.000000,0.000000,0.000000
6.371964,0.055000,0.000000,0.000000,0.000000,0.000000,0.000000
6.381964,0.055000,0.000000,0.000000,0.000000,0.000000,0.000000
6.391964,0.055000,0.000000,0.000000,0.000000,0.000000,0.000000
6.401964,0.055000,0.000000,0.000000,0.000000,0.000000,0.000000
6.411964,0.055000,0.000000,0.000000,0.000000,0.000000,0.000000
6.421964,0.055000,0.000000,0.000000,0.000000,0.000000,0.000000
6.431964,0.062500,0.000000,0.000000,0.000000,0.000000,0.000000
6.441964,0.062500,0.000000,0.000000,0.000000,0.000000,0.000000
6.451964,0.062500,0.000000,0.000000,0.000000,0.000000,0.000000
6.461964,0.062500,0.000000,0.000000,0.000000,0.000000,0.000000
6.471964,0.062500,0.000000,0.000000,0.000000,0.000000,0.000000
6.481964,0.062500,0.000000,0.000000,0.000000,0.000000,0.000000
6.491964,0.062500,0.000000,0.000000,0.000000,0.000000,0.000000
6.501964,0.062500,0.000000,0.000000,0.000000,0.000000,0.000000
6.511964,0.062500,0.000000,0.000000,0.000000,0.000000,0.000000
6.521964,0.062500,0.000000,0.000000,0.000000,0.000000,0.000000
6.531964,0.062500,0.000000,0.000000,0.000000,0.000000,0.000000
6.541964,0.062500,0.000000,0.000000,0.000000,0.000000,0.000000
6.551964,0.062500,0.000000,0.000000,0.000000,0.000000,0.000000
6.561964,0.062500,0.000000,0.000000,0.000000,0.000000,0.000000
6.571964,0.062500,0.000000,0.000000,0.000000,0.000000,0.000000
6.581964,0.070500,0.000000,0.000000,0.000000,0.000000,0.000000
6.591964,0.070500,0.000000,0.000000,0.000000,0.000000,0.000000
6.601964,0.070500,0.000000,0.000000,0.000000,0.000000,0.000000
6.611964,0.070500,0.000000,0.000000,0.000000,0.000000,0.000000
6.621964,0.070500,0.000000,0.000000,0.000000,0.000000,0.000000
6.631964,0.070500,0.000000,0.000000,0.000000,0.000000,0.000000
6.641964,0.070500,0.000000,0.000000,0.000000,0.000000,0.000000
6.651964,0.070500,0.000000,0.000000,0.000000,0.000000,0.000000
6.661964,0.070500,0.000000,0.000000,0.000000,0.000000,0.000000
6.671964,0.070500,0.000000,0.000000,0.000000,0.000000,0.000000
6.681964,0.070500,0.000000,0.000000,0.000000,0.000000,0.000000
6.691964,0.070500,0.000000,0.000000,0.000000,0.000000,0.000000
6.701964,0.070500,0.000000,0.000000,0.000000,0.000000,0.000000
6.711964,0.070500,0.000000,0.000000,0.000000,0.000000,0.000000
6.721964,0.070500,0.000000,0.000000,0.000000,0.000000,0.000000
6.731964,0.070500,0.000000,0.000000,0.000000,0.000000,0.000000
6.741964,0.078000,0.000000,0.000000,0.000000,0.000000,0.000000
6.751964,0.078000,0.000000,0.000000,0.000000,0.000000,0.000000
6.761964,0.078000,0.000000,0.000000,0.000000,0.000000,0.000000
6.771964,0.078000,0.000000,0.000000,0.000000,0.000000,0.000000
6.781964,0.078000,0.000000,0.000000,0.000000,0.000000,0.000000
6.791964,0.078000,0.000000,0.000000,0.000000,0.000000,0.000000
6.801964,0.078000,0.000000,0.000000,0.000000,0.000000,0.000000
6.811964,0.078000,0.000000,0.000000,0.000000,0.000000,0.000000
6.821964,0.078000,0.000000,0.000000,0.000000,0.000000,0.000000
6.831964,0.078000,0.000000,0.000000,0.000000,0.000000,0.000000
6.841964,0.078000,0.000000,0.000000,0.000000,0.000000,0.000000
6.851964,0.078000,0.000000,0.000000,0.000000,0.000000,0.000000
6.861964,0.078000,0.000000,0.000000,0.000000,0.000000,0.000000
6.871964,0.078000,0.000000,0.000000,0.000000,0.000000,0.000000
6.881964,0.084500,0.000000,0.000000,0.000000,0.000000,0.000000
6.891964,0.084500,0.000000,0.000000,0.000000,0.000000,0.000000
6.901964,0.084500,0.000000,0.000000,0.000000,0.000000,0.000000
6.911964,0.084500,0.000000,0.000000,0.000000,0.000000,0.000000
6.921964,0.084500,0.000000,0.000000,0.000000,0.000000,0.000000
6.931964,0.084500,0.000000,0.000000,0.000000,0.000000,0.000000
6.941964,0.084500,0.000000,0.000000,0.000000,0.000000,0.000000
6.951964,0.084500,0.000000,0.000000,0.000000,0.000000,0.000000
6.961964,0.084500,0.000000,0.000000,0.000000,0.000000,0.000000
6.971964,0.084500,0.000000,0.000000,0.000000,0.000000,0.000000
6.981964,0.084500,0.000000,0.000000,0.000000,0.000000,0.000000
6.991964,0.084500,0.000000,0.000000,0.000000,0.000000,0.000000
7.001964,0.084500,0.000000,0.000000,0.000000,0.000000,0.000000
7.011964,0.084500,0.000000,0.000000,0.000000,0.000000,0.000000
7.021964,0.091500,0.000000,0.000000,0.000000,0.000000,0.000000
7.031964,0.091500,0.000000,0.000000,0.000000,0.000000,0.000000
7.041964,0.091500,0.000000,0.000000,0.000000,0.000000,0.000000
7.051964,0.091500,0.000000,0.000000,0.000000,0.000000,0.000000
7.061964,0.091500,0.000000,0.000000,0.000000,0.000000,0.000000
7.071964,0.091500,0.000000,0.000000,0.000000,0.000000,0.000000
7.081964,0.091500,0.000000,0.000000,0.000000,0.000000,0.000000
7.091964,0.091500,0.000000,0.000000,0.000000,0.000000,0.000000
7.101964,0.091500,0.000000,0.000000,0.000000,0.000000,0.000000
7.111964,0.091500,0.000000,0.000000,0.000000,0.000000,0.000000
7.121964,0.091500,0.000000,0.000000,0.000000,0.000000,0.000000
7.131964,0.091500,0.000000,0.000000,0.000000,0.000000,0.000000
7.141964,0.091500,0.000000,0.000000,0.000000,0.000000,0.000000
7.151964,0.091500,0.000000,0.000000,0.000000,0.000000,0.000000
7.161964,0.098000,0.000000,0.000000,0.000000,0.000000,0.000000
7.171964,0.098000,0.000000,0.000000,0.000000,0.000000,0.000000
7.181964,0.098000,0.000000,0.000000,0.000000,0.000000,0.000000
7.191964,0.098000,0.000000,0.000000,0.000000,0.000000,0.000000
7.201964,0.098000,0.000000,0.000000,0.000000,0.000000,0.000000
7.211964,0.098000,0.000000,0.000000,0.000000,0.000000,0.000000
7.221964,0.098000,0.000000,0.000000,0.000000,0.000000,0.000000
7.231964,0.098000,0.000000,0.000000,0.000000,0.000000,0.000000
7.241964,0.098000,0.000000,0.000000,0.000000,0.000000,0.000000
7.251964,0.098000,0.000000,0.000000,0.000000,0.000000,0.000000
7.261964,0.098000,0.000000,0.000000,0.000000,0.000000,0.000000
7.271964,0.098000,0.000000,0.000000,0.000000,0.000000,0.000000
7.281964,0.098000,0.000000,0.000000,0.000000,0.000000,0.000000
7.291964,0.093500,0.000000,0.000000,0.000000,0.000000,0.000000
7.301964,0.093500,0.000000,0.000000,0.000000,0.000000,0.000000
7.311964,0.093500,0.000000,0.000000,0.000000,0.000000,0.000000
7.321964,0.093500,0.000000,0.000000,0.000000,0.000000,0.000000
7.331964,0.093500,0.000000,0.000000,0.000000,0.000000,0.000000
7.341964,0.093500,0.000000,0.000000,0.000000,0.000000,0.000000
7.351964,0.093500,0.000000,0.000000,0.000000,0.000000,0.000000
7.361964,0.093500,0.000000,0.000000,0.000000,0.000000,0.000000
7.371964,0.093500,0.000000,0.000000,0.000000,0.000000,0.000000
7.381964,0.093500,0.000000,0.000000,0.000000,0.000000,0.000000
7.391964,0.093500,0.000000,0.000000,0.000000,0.000000,0.000000
7.401964,0.093500,0.000000,0.000000,0.000000,0.000000,0.000000
7.411964,0.093500,0.000000,0.000000,0.000000,0.000000,0.000000
7.421964,0.093500,0.000000,0.000000,0.000000,0.000000,0.000000
7.431964,0.093500,0.000000,0.000000,0.000000,0.000000,0.000000
7.441964,0.093500,0.000000,0.000000,0.000000,0.000000,0.000000
7.451964,0.093500,0.000000,0.000000,0.000000,0.000000,0.000000
7.461964,0.087000,0.000000,0.000000,0.000000,0.000000,0.000000
7.471964,0.087000,0.000000,0.000000,0.000000,0.000000,0.000000
7.481964,0.087000,0.000000,0.000000,0.000000,0.000000,0.000000
7.491964,0.087000,0.000000,0.000000,0.000000,0.000000,0.000000
7.501964,0.087000,0.000000,0.000000,0.000000,0.000000,0.000000
7.511964,0.087000,0.000000,0.000000,0.000000,0.000000,0.000000
7.521964,0.087000,0.000000,0.000000,0.000000,0.000000,0.000000
7.531964,0.087000,0.000000,0.000000,0.000000,0.000000,0.000000
7.541964,0.087000,0.000000,0.000000,0.000000,0.000000,0.000000
7.551964,0.087000,0.000000,0.000000,0.000000,0.000000,0.000000
7.561964,0.087000,0.000000,0.000000,0.000000,0.000000,0.000000
7.571964,0.087000,0.000000,0.000000,0.000000,0.000000,0.000000
7.581964,0.087000,0.000000,0.000000,0.000000,0.000000,0.000000
7.591964,0.081500,0.000000,0.000000,0.000000,0.000000,0.000000
7.601964,0.081500,0.000000,0.000000,0.000000,0.000000,0.000000
7.611964,0.081500,0.000000,0.000000,0.000000,0.000000,0.000000
7.621964,0.081500,0.000000,0.000000,0.000000,0.000000,0.000000
7.631964,0.081500,0.000000,0.000000,0.000000,0.000000,0.000000
7.641964,0.081500,0.000000,0.000000,0.000000,0.000000,0.000000
7.651964,0.081500,0.000000,0.000000,0.000000,0.000000,0.000000
7.661964,0.081500,0.000000,0.000000,0.000000,0.000000,0.000000
7.671964,0.081500,0.000000,0.000000,0.000000,0.000000,0.000000
7.681964,0.081500,0.000000,0.000000,0.000000,0.000000,0.000000
7.691964,0.081500,0.000000,0.000000,0.000000,0.000000,0.000000
7.701964,0.074500,0.000000,0.000000,0.000000,0.000000,0.000000
7.711964,0.074500,0.000000,0.000000,0.000000,0.000000,0.000000
7.721964,0.074500,0.000000,0.000000,0.000000,0.000000,0.000000
7.731964,0.074500,0.000000,0.000000,0.000000,0.000000,0.000000
7.741964,0.074500,0.000000,0.000000,0.000000,0.000000,0.000000
7.751964,0.074500,0.000000,0.000000,0.000000,0.000000,0.000000
7.761964,0.074500,0.000000,0.000000,0.000000,0.000000,0.000000
7.771964,0.074500,0.000000,0.000000,0.000000,0.000000,0.000000
7.781964,0.074500,0.000000,0.000000,0.000000,0.000000,0.000000
7.791964,0.074500,0.000000,0.000000,0.000000,0.000000,0.000000
7.801964,0.074500,0.000000,0.000000,0.000000,0.000000,0.000000
7.811964,0.074500,0.000000,0.000000,0.000000,0.000000,0.000000
7.821964,0.074500,0.000000,0.000000,0.000000,0.000000,0.000000
7.831964,0.074500,0.000000,0.000000,0.000000,0.000000,0.000000
7.841964,0.066500,0.000000,0.000000,0.000000,0.000000,0.000000
7.851964,0.066500,0.000000,0.000000,0.000000,0.000000,0.000000
7.861964,0.066500,0.000000,0.000000,0.000000,0.000000,0.000000
7.871964,0.066500,0.000000,0.000000,0.000000,0.000000,0.000000
7.881964,0.066500,0.000000,0.000000,0.000000,0.000000,0.000000
7.891964,0.066500,0.000000,0.000000,0.000000,0.000000,0.000000
7.901964,0.066500,0.000000,0.000000,0.000000,0.000000,0.000000
7.911964,0.066500,0.000000,0.000000,0.000000,0.000000,0.000000
7.921964,0.066500,0.000000,0.000000,0.000000,0.000000,0.000000
7.931964,0.066500,0.000000,0.000000,0.000000,0.000000,0.000000
7.941964,0.066500,0.000000,0.000000,0.000000,0.000000,0.000000
7.951964,0.066500,0.000000,0.000000,0.000000,0.000000,0.000000
7.961964,0.066500,0.000000,0.000000,0.000000,0.000000,0.000000
7.971964,0.066500,0.000000,0.000000,0.000000,0.000000,0.000000
7.981964,0.066500,0.000000,0.000000,0.000000,0.000000,0.000000
7.991964,0.066500,0.000000,0.000000,0.000000,0.000000,0.000000
8.001964,0.059000,0.000000,0.000000,0.000000,0.000000,0.000000
8.011964,0.059000,0.000000,0.000000,0.000000,0.000000,0.000000
8.021964,0.059000,0.000000,0.000000,0.000000,0.000000,0.000000
8.031964,0.059000,0.000000,0.000000,0.000000,0.000000,0.000000
8.041964,0.059000,0.000000,0.000000,0.000000,0.000000,0.000000
8.051964,0.059000,0.000000,0.000000,0.000000,0.000000,0.000000
8.061964,0.059000,0.000000,0.000000,0.000000,0.000000,0.000000
8.071964,0.059000,0.000000,0.000000,0.000000,0.000000,0.000000
8.081964,0.059000,0.000000,0.000000,0.000000,0.000000,0.000000
8.091964,0.059000,0.000000,0.000000,0.000000,0.000000,0.000000
8.101964,0.059000,0.000000,0.000000,0.000000,0.000000,0.000000
8.111964,0.059000,0.000000,0.000000,0.000000,0.000000,0.000000
8.121964,0.059000,0.000000,0.000000,0.000000,0.000000,0.000000
8.131964,0.059000,0.000000,0.000000,0.000000,0.000000,0.000000
8.141964,0.059000,0.000000,0.000000,0.000000,0.000000,0.000000
8.151964,0.050500,0.000000,0.000000,0.000000,0.000000,0.000000
8.161964,0.050500,0.000000,0.000000,0.000000,0.000000,0.000000
8.171964,0.050500,0.000000,0.000000,0.000000,0.000000,0.000000
8.181964,0.050500,0.000000,0.000000,0.000000,0.000000,0.000000
8.191964,0.050500,0.000000,0.000000,0.000000,0.000000,0.000000
8.201964,0.050500,0.000000,0.000000,0.000000,0.000000,0.000000
8.211964,0.050500,0.000000,0.000000,0.000000,0.000000,0.000000
8.221964,0.050500,0.000000,0.000000,0.000000,0.000000,0.000000
8.231964,0.050500,0.000000,0.000000,0.000000,0.000000,0.000000
8.241964,0.050500,0.000000,0.000000,0.000000,0.000000,0.000000
8.251964,0.050500,0.000000,0.000000,0.000000,0.000000,0.000000
8.261964,0.050500,0.000000,0.000000,0.000000,0.000000,0.000000
8.271964,0.050500,0.000000,0.000000,0.000000,0.000000,0.000000
8.281964,0.050500,0.000000,0.000000,0.000000,0.000000,0.000000
8.291964,0.050500,0.000000,0.000000,0.000000,0.000000,0.000000
8.301964,0.050500,0.000000,0.000000,0.000000,0.000000,0.000000
8.311964,0.050500,0.000000,0.000000,0.000000,0.000000,0.000000
8.321964,0.041500,0.000000,0.000000,0.000000,0.000000,0.000000
8.331964,0.041500,0.000000,0.000000,0.000000,0.000000,0.000000
8.341964,0.041500,0.000000,0.000000,0.000000,0.000000,0.000000
8.351964,0.041500,0.000000,0.000000,0.000000,0.000000,0.000000
8.361964,0.041500,0.000000,0.000000,0.000000,0.000000,0.000000
8.371964,0.041500,0.000000,0.000000,0.000000,0.000000,0.000000
8.381964,0.041500,0.000000,0.000000,0.000000,0.000000,0.000000
8.391964,0.041500,0.000000,0.000000,0.000000,0.000000,0.000000
8.401964,0.041500,0.000000,0.000000,0.000000,0.000000,0.000000
8.411964,0.041500,0.000000,0.000000,0.000000,0.000000,0.000000
8.421964,0.041500,0.000000,0.000000,0.000000,0.000000,0.000000
8.431964,0.041500,0.000000,0.000000,0.000000,0.000000,0.000000
8.441964,0.041500,0.000000,0.000000,0.000000,0.000000,0.000000
8.451964,0.041500,0.000000,0.000000,0.000000,0.000000,0.000000
8.461964,0.041500,0.000000,0.000000,0.000000,0.000000,0.000000
8.471964,0.041500,0.000000,0.000000,0.000000,0.000000,0.000000
8.481964,0.041500,0.000000,0.000000,0.000000,0.000000,0.000000
8.491964,0.041500,0.000000,0.000000,0.000000,0.000000,0.000000
8.501964,0.036000,0.000000,0.000000,0.000000,0.000000,0.000000
8.511964,0.036000,0.000000,0.000000,0.000000,0.000000,0.000000
8.521964,0.036000,0.000000,0.000000,0.000000,0.000000,0.000000
8.531964,0.036000,0.000000,0.000000,0.000000,0.000000,0.000000
8.541964,0.036000,0.000000,0.000000,0.000000,0.000000,0.000000
8.551964,0.036000,0.000000,0.000000,0.000000,0.000000,0.000000
8.561964,0.036000,0.000000,0.000000,0.000000,0.000000,0.000000
8.571964,0.036000,0.000000,0.000000,0.000000,0.000000,0.000000
8.581964,0.036000,0.000000,0.000000,0.000000,0.000000,0.000000
8.591964,0.036000,0.000000,0.000000,0.000000,0.000000,0.000000
8.601964,0.036000,0.000000,0.000000,0.000000,0.000000,0.000000
8.611964,0.028500,0.000000,0.000000,0.000000,0.000000,0.000000
8.621964,0.028500,0.000000,0.000000,0.000000,0.000000,0.000000
8.631964,0.028500,0.000000,0.000000,0.000000,0.000000,0.000000
8.641964,0.028500,0.000000,0.000000,0.000000,0.000000,0.000000
8.651964,0.028500,0.000000,0.000000,0.000000,0.000000,0.000000
8.661964,0.028500,0.000000,0.000000,0.000000,0.000000,0.000000
8.671964,0.028500,0.000000,0.000000,0.000000,0.000000,0.000000
8.681964,0.028500,0.000000,0.000000,0.000000,0.000000,0.000000
8.691964,0.028500,0.000000,0.000000,0.000000,0.000000,0.000000
8.701964,0.028500,0.000000,0.000000,0.000000,0.000000,0.000000
8.711964,0.028500,0.000000,0.000000,0.000000,0.000000,0.000000
8.721964,0.028500,0.000000,0.000000,0.000000,0.000000,0.000000
8.731964,0.028500,0.000000,0.000000,0.000000,0.000000,0.000000
8.741964,0.028500,0.000000,0.000000,0.000000,0.000000,0.000000
8.751964,0.028500,0.000000,0.000000,0.000000,0.000000,0.000000
8.761964,0.023000,0.000000,0.000000,0.000000,0.000000,0.000000
8.771964,0.023000,0.000000,0.000000,0.000000,0.000000,0.000000
8.781964,0.023000,0.000000,0.000000,0.000000,0.000000,0.000000
8.791964,0.023000,0.000000,0.000000,0.000000,0.000000,0.000000
8.801964,0.023000,0.000000,0.000000,0.000000,0.000000,0.000000
8.811964,0.023000,0.000000,0.000000,0.000000,0.000000,0.000000
8.821964,0.023000,0.000000,0.000000,0.000000,0.000000,0.000000
8.831964,0.023000,0.000000,0.000000,0.000000,0.000000,0.000000
8.841964,0.023000,0.000000,0.000000,0.000000,0.000000,0.000000
8.851964,0.023000,0.000000,0.000000,0.000000,0.000000,0.000000
8.861964,0.023000,0.000000,0.000000,0.000000,0.000000,0.000000
8.871964,0.015500,0.000000,0.000000,0.000000,0.000000,0.000000
8.881964,0.015500,0.000000,0.000000,0.000000,0.000000,0.000000
8.891964,0.015500,0.000000,0.000000,0.000000,0.000000,0.000000
8.901964,0.015500,0.000000,0.000000,0.000000,0.000000,0.000000
8.911964,0.015500,0.000000,0.000000,0.000000,0.000000,0.000000
8.921964,0.015500,0.000000,0.000000,0.000000,0.000000,0.000000
8.931964,0.015500,0.000000,0.000000,0.000000,0.000000,0.000000
8.941964,0.015500,0.000000,0.000000,0.000000,0.000000,0.000000
8.951964,0.015500,0.000000,0.000000,0.000000,0.000000,0.000000
8.961964,0.015500,0.000000,0.000000,0.000000,0.000000,0.000000
8.971964,0.015500,0.000000,0.000000,0.000000,0.000000,0.000000
8.981964,0.015500,0.000000,0.000000,0.000000,0.000000,0.000000
8.991964,0.015500,0.000000,0.000000,0.000000,0.000000,0.000000
9.001964,0.015500,0.000000,0.000000,0.000000,0.000000,0.000000
9.011964,0.015500,0.000000,0.000000,0.000000,0.000000,0.000000
9.021964,0.005000,0.000000,0.000000,0.000000,0.000000,0.000000
9.031964,0.005000,0.000000,0.000000,0.000000,0.000000,0.000000
9.041964,0.005000,0.000000,0.000000,0.000000,0.000000,0.000000
9.051964,0.005000,0.000000,0.000000,0.000000,0.000000,0.000000
9.061964,0.005000,0.000000,0.000000,0.000000,0.000000,0.000000
9.071964,0.005000,0.000000,0.000000,0.000000,0.000000,0.000000
9.081964,0.005000,0.000000,0.000000,0.000000,0.000000,0.000000
9.091964,0.005000,0.000000,0.000000,0.000000,0.000000,0.000000
9.101964,0.005000,0.000000,0.000000,0.000000,0.000000,0.000000
9.111964,0.005000,0.000000,0.000000,0.000000,0.000000,0.000000
9.121964,0.005000,0.000000,0.000000,0.000000,0.000000,0.000000
9.131964,0.005000,0.000000,0.000000,0.000000,0.000000,0.000000
9.141964,0.005000,0.000000,0.000000,0.000000,0.000000,0.000000
9.151964,0.005000,0.000000,0.000000,0.000000,0.000000,0.000000
9.161964,0.005000,0.000000,0.000000,0.000000,0.000000,0.000000
9.171964,0.005000,0.000000,0.000000,0.000000,0.000000,0.000000
9.181964,0.005000,0.000000,0.000000,0.000000,0.000000,0.000000
9.191964,0.005000,0.000000,0.000000,0.000000,0.000000,0.000000
9.201964,0.005000,0.000000,0.000000,0.000000,0.000000,0.000000
9.211964,0.005000,0.000000,0.000000,0.000000,0.000000,0.000000
9.221964,0.005000,0.000000,0.000000,0.000000,0.000000,0.000000
9.231964,0.000000,0.000000,0.000000,0.000000,0.000000,0.000000
9.241964,0.000000,0.000000,0.000000,0.000000,0.000000,0.000000
9.251964,0.000000,0.000000,0.000000,0.000000,0.000000,0.000000
9.261964,0.000000,0.000000,0.000000,0.000000,0.000000,0.000000
9.271964,0.000000,0.000000,0.000000,0.000000,0.000000,0.000000
9.281964,0.000000,0.000000,0.000000,0.000000,0.000000,0.000000
9.291964,0.000000,0.000000,0.000000,0.000000,0.000000,0.000000
9.301964,0.000000,0.000000,0.000000,0.000000,0.000000,0.000000
9.311964,0.000000,0.000000,0.000000,0.000000,0.000000,0.000000
9.321964,0.000000,0.000000,0.000000,0.000000,0.000000,0.000000
9.331964,0.000000,0.000000,0.000000,0.000000,0.000000,0.000000
9.341964,0.000000,0.000000,0.000000,0.000000,0.000000,0.000000
9.351964,0.000000,0.000000,0.000000,0.000000,0.000000,0.000000
9.361964,0.000000,0.000000,0.000000,0.000000,0.000000,0.000000
9.371964,0.000000,0.000000,0.000000,0.000000,0.000000,0.000000
9.381964,0.000000,0.000000,0.000000,0.000000,0.000000,0.000000
9.391964,0.000000,0.000000,0.000000,0.000000,0.000000,0.000000
9.401964,0.000000,0.000000,0.000000,0.000000,0.000000,0.000000
9.411964,0.000000,0.000000,0.000000,0.000000,0.000000,0.000000
9.421964,0.000000,0.000000,0.000000,0.000000,0.000000,0.000000
9.431964,0.000000,0.000000,0.000000,0.000000,0.000000,0.000000
9.441964,0.000000,0.000000,0.000000,0.000000,0.000000,0.000000
9.451964,0.000000,0.000000,0.000000,0.000000,0.000000,0.000000
9.461964,0.000000,0.000000,0.000000,0.000000,0.000000,0.000000
9.471964,0.000000,0.000000,0.000000,0.000000,0.000000,0.000000
9.481964,0.000000,0.000000,0.000000,0.000000,0.000000,0.000000
9.491964,0.000000,0.000000,0.000000,0.000000,0.000000,0.000000
9.501964,0.000000,0.000000,0.000000,0.000000,0.000000,0.000000
9.511964,0.000000,0.000000,0.000000,0.000000,0.000000,0.000000
9.521964,0.000000,0.000000,0.000000,0.000000,0.000000,0.000000
9.531964,0.000000,0.000000,0.000000,0.000000,0.000000,0.000000
9.541964,0.000000,0.000000,0.000000,0.000000,0.000000,0.000000
9.551964,0.000000,0.000000,0.000000,0.000000,0.000000,0.000000
9.561964,0.000000,0.000000,0.000000,0.000000,0.000000,0.000000
9.571964,0.000000,0.000000,0.000000,0.000000,0.000000,0.000000
9.581964,0.000000,0.000000,0.000000,0.000000,0.000000,0.000000
9.591964,0.000000,0.000000,0.000000,0.000000,0.000000,0.000000
9.601964,0.000000,0.000000,0.000000,0.000000,0.000000,0.000000
9.611964,0.000000,0.000000,0.000000,0.000000,0.000000,0.000000
9.621964,0.000000,0.000000,0.000000,0.000000,0.000000,0.000000
9.631964,0.000000,0.000000,0.000000,0.000000,0.000000,0.000000
9.641964,0.000000,0.000000,0.000000,0.000000,0.000000,0.000000
9.651964,0.000000,0.000000,0.000000,0.000000,0.000000,0.000000
9.661964,0.000000,0.000000,0.000000,0.000000,0.000000,0.000000
9.671964,0.000000,0.000000,0.000000,0.000000,0.000000,0.000000
9.681964,0.000000,0.000000,0.000000,0.000000,0.000000,0.000000
9.691964,0.000000,0.000000,0.000000,0.000000,0.000000,0.000000
9.701964,0.000000,0.000000,0.000000,0.000000,0.000000,0.000000
9.711964,0.000000,0.000000,0.000000,0.000000,0.000000,0.000000
9.721964,0.000000,0.000000,0.000000,0.000000,0.000000,0.000000
9.731964,0.000000,0.000000,0.000000,0.000000,0.000000,0.000000
9.741964,0.000000,0.000000,0.000000,0.000000,0.000000,0.000000
9.751964,0.000000,0.000000,0.000000,0.000000,0.000000,0.000000
9.761964,0.000000,0.000000,0.000000,0.000000,0.000000,0.000000
9.771964,0.000000,0.000000,0.000000,0.000000,0.000000,0.000000
9.781964,0.000000,0.000000,0.000000,0.000000,0.000000,0.000000
9.791964,0.000000,0.000000,0.000000,0.000000,0.000000,0.000000
9.801964,0.000000,0.000000,0.000000,0.000000,0.000000,0.000000
9.811964,0.000000,0.000000,0.000000,0.000000,0.000000,0.000000
9.821964,0.000000,0.000000,0.000000,0.000000,0.000000,0.000000
9.831964,0.000000,0.000000,0.000000,0.000000,0.000000,0.000000
9.841964,0.000000,0.000000,0.000000,0.000000,0.000000,0.000000
9.851964,0.000000,0.000000,0.000000,0.000000,0.000000,0.000000
9.861964,0.000000,0.000000,0.000000,0.000000,0.000000,0.000000
9.871964,0.000000,0.000000,0.000000,0.000000,0.000000,0.000000
9.881964,0.000000,0.000000,0.000000,0.000000,0.000000,0.000000
9.891964,0.000000,0.000000,0.000000,0.000000,0.000000,0.000000
9.901964,0.000000,0.000000,0.000000,0.000000,0.000000,0.000000
9.911964,0.000000,0.000000,0.000000,0.000000,0.000000,0.000000
9.921964,0.000000,0.000000,0.000000,0.000000,0.000000,0.000000
9.931964,0.000000,0.000000,0.000000,0.000000,0.000000,0.000000
9.941964,0.000000,0.000000,0.000000,0.000000,0.000000,0.000000
9.951964,0.000000,0.000000,0.000000,0.000000,0.000000,0.000000
9.961964,0.000000,0.000000,0.000000,0.000000,0.000000,0.000000
9.971964,0.000000,0.000000,0.000000,0.000000,0.000000,0.000000
9.981964,0.000000,0.000000,0.000000,0.000000,0.000000,0.000000
9.991964,0.000000,0.000000,0.000000,0.000000,0.000000,0.000000
10.001964,0.000000,0.000000,0.000000,0.000000,0.000000,0.000000
10.011964,0.000000,0.000000,0.000000,0.000000,0.000000,0.000000
10.021964,0.000000,0.000000,0.000000,0.000000,0.000000,0.000000
10.031964,0.000000,0.000000,0.000000,0.000000,0.000000,0.000000
10.041964,0.000000,0.000000,0.000000,0.000000,0.000000,0.000000
10.051964,0.000000,0.000000,0.000000,0.000000,0.000000,0.000000
10.061964,0.000000,0.000000,0.000000,0.000000,0.000000,0.000000
10.071964,0.000000,0.000000,0.000000,0.000000,0.000000,0.000000
10.081964,0.000000,0.000000,0.000000,0.000000,0.000000,0.000000
10.091964,0.000000,0.000000,0.000000,0.000000,0.000000,0.000000
10.101964,0.000000,0.000000,0.000000,0.000000,0.000000,0.000000
10.111964,0.000000,0.000000,0.000000,0.000000,0.000000,0.000000
10.121964,0.000000,0.000000,0.000000,0.000000,0.000000,0.000000
10.131964,0.000000,0.000000,0.000000,0.000000,0.000000,0.000000
10.141964,0.000000,0.000000,0.000000,0.000000,0.000000,0.000000
10.151964,0.000000,0.000000,0.000000,0.000000,0.000000,0.000000
10.161964,0.000000,0.000000,0.000000,0.000000,0.000000,0.000000
10.171964,0.000000,0.000000,0.000000,0.000000,0.000000,0.000000
10.181964,0.000000,0.000000,0.000000,0.000000,0.000000,0.000000
10.191964,0.000000,0.000000,0.000000,0.000000,0.000000,0.000000
10.201964,0.000000,0.000000,0.000000,0.000000,0.000000,0.000000
10.211964,0.000000,0.000000,0.000000,0.000000,0.000000,0.000000
10.221964,0.000000,0.000000,0.000000,0.000000,0.000000,0.000000
10.231964,0.000000,0.000000,0.000000,0.000000,0.000000,0.000000
10.241964,0.000000,0.000000,0.000000,0.000000,0.000000,0.000000
10.251964,0.000000,0.000000,0.000000,0.000000,0.000000,0.000000
10.261964,0.000000,0.000000,0.000000,0.000000,0.000000,0.000000
10.271964,0.000000,0.000000,0.000000,0.000000,0.000000,0.000000
10.281964,0.000000,0.000000,0.000000,0.000000,0.000000,0.000000
10.291964,0.000000,0.000000,0.000000,0.000000,0.000000,0.000000
10.301964,0.000000,0.000000,0.000000,0.000000,0.000000,0.000000
10.311964,0.000000,0.000000,0.000000,0.000000,0.000000,0.000000
10.321964,0.000000,0.000000,0.000000,0.000000,0.000000,0.000000
10.331964,0.000000,0.000000,0.000000,0.000000,0.000000,0.000000
10.341964,0.000000,0.000000,0.000000,0.000000,0.000000,0.000000
10.351964,0.000000,0.000000,0.000000,0.000000,0.000000,0.000000
10.361964,0.000000,0.000000,0.000000,0.000000,0.000000,0.000000
10.371964,0.000000,0.000000,0.000000,0.000000,0.000000,0.000000
10.381964,0.000000,0.000000,0.000000,0.000000,0.000000,0.000000
10.391964,0.000000,0.000000,0.000000,0.000000,0.000000,0.000000
10.401964,0.000000,0.000000,0.000000,0.000000,0.000000,0.000000
10.411964,0.000000,0.000000,0.000000,0.000000,0.000000,0.000000
10.421964,0.000000,0.000000,0.000000,0.000000,0.000000,0.000000
10.431964,0.000000,0.000000,0.000000,0.000000,0.000000,0.000000
10.441964,0.000000,0.000000,0.000000,0.000000,0.000000,0.000000
10.451964,0.000000,0.000000,0.000000,0.000000,0.000000,0.000000
10.461964,0.000000,0.000000,0.000000,0.000000,0.000000,0.000000
10.471964,0.000000,0.000000,0.000000,0.000000,0.000000,0.000000
10.481964,0.000000,0.000000,0.000000,0.000000,0.000000,0.000000
10.491964,0.000000,0.000000,0.000000,0.000000,0.000000,0.000000
10.501964,0.000000,0.000000,0.000000,0.000000,0.000000,0.000000
10.511964,0.000000,0.000000,0.000000,0.000000,0.000000,0.000000
10.521964,0.000000,0.000000,0.000000,0.000000,0.000000,0.000000
10.531964,0.000000,0.000000,0.000000,0.000000,0.000000,0.000000
10.541964,0.000000,0.000000,0.000000,0.000000,0.000000,0.000000
10.551964,0.000000,0.000000,0.000000,0.000000,0.000000,0.000000
10.561964,0.000000,0.000000,0.000000,0.000000,0.000000,0.000000
10.571964,0.000000,0.000000,0.000000,0.000000,0.000000,0.000000
10.581964,0.000000,0.000000,0.000000,0.000000,0.000000,0.000000
10.591964,0.000000,0.000000,0.000000,0.000000,0.000000,0.000000
10.601964,0.000000,0.000000,0.000000,0.000000,0.000000,0.000000
10.611964,0.000000,0.000000,0.000000,0.000000,0.000000,0.000000
10.621964,0.000000,0.000000,0.000000,0.000000,0.000000,0.000000
10.631964,0.000000,0.000000,0.000000,0.000000,0.000000,0.000000
10.641964,0.000000,0.000000,0.000000,0.000000,0.000000,0.000000
10.651964,0.000000,0.000000,0.000000,0.000000,0.000000,0.000000
10.661964,0.000000,0.000000,0.000000,0.000000,0.000000,0.000000
10.671964,0.000000,0.000000,0.000000,0.000000,0.000000,0.000000
10.681964,0.000000,0.000000,0.000000,0.000000,0.000000,0.000000
10.691964,0.000000,0.000000,0.000000,0.000000,0.000000,0.000000
10.701964,0.000000,0.000000,0.000000,0.000000,0.000000,0.000000
10.711964,0.000000,0.000000,0.000000,0.000000,0.000000,0.000000
10.721964,0.000000,0.000000,0.000000,0.000000,0.000000,0.000000
10.731964,0.000000,0.000000,0.000000,0.000000,0.000000,0.000000
10.741964,0.000000,0.000000,0.000000,0.000000,0.000000,0.000000
10.751964,0.000000,0.000000,0.000000,0.000000,0.000000,0.000000
10.761964,0.000000,0.000000,0.000000,0.000000,0.000000,0.000000
10.771964,0.000000,0.000000,0.000000,0.000000,0.000000,0.000000
10.781964,0.000000,0.000000,0.000000,0.000000,0.000000,0.000000
10.791964,0.000000,0.000000,0.000000,0.000000,0.000000,0.000000
10.801964,0.000000,0.000000,0.000000,0.000000,0.000000,0.000000
10.811964,0.000000,0.000000,0.000000,0.000000,0.000000,0.000000
10.821964,0.000000,0.000000,0.000000,0.000000,0.000000,0.000000
10.831964,0.000000,0.000000,0.000000,0.000000,0.000000,0.000000
10.841964,0.000000,0.000000,0.000000,0.000000,0.000000,0.000000
10.851964,0.000000,0.000000,0.000000,0.000000,0.000000,0.000000
10.861964,0.000000,0.000000,0.000000,0.000000,0.000000,0.000000
10.871964,0.000000,0.000000,0.000000,0.000000,0.000000,0.000000
10.881964,0.000000,0.000000,0.000000,0.000000,0.000000,0.000000
10.891964,0.000000,0.000000,0.000000,0.000000,0.000000,0.000000
10.901964,0.000000,0.000000,0.000000,0.000000,0.000000,0.000000
10.911964,0.000000,0.000000,0.000000,0.000000,0.000000,0.000000
10.921964,0.000000,0.000000,0.000000,0.000000,0.000000,0.000000
10.931964,0.000000,0.000000,0.000000,0.000000,0.000000,0.000000
10.941964,0.000000,0.000000,0.000000,0.000000,0.000000,0.000000
10.951964,0.000000,0.000000,0.000000,0.000000,0.000000,0.000000
10.961964,0.000000,0.000000,0.000000,0.000000,0.000000,0.000000
10.971964,0.000000,0.000000,0.000000,0.000000,0.000000,0.000000
10.981964,0.000000,0.000000,0.000000,0.000000,0.000000,0.000000
10.991964,0.000000,0.000000,0.000000,0.000000,0.000000,0.000000
11.001964,0.000000,0.000000,0.000000,0.000000,0.000000,0.000000
11.011964,0.000000,0.000000,0.000000,0.000000,0.000000,0.000000
11.021964,0.000000,0.000000,0.000000,0.000000,0.000000,0.000000
11.031964,0.000000,0.000000,0.000000,0.000000,0.000000,0.000000
11.041964,0.000000,0.000000,0.000000,0.000000,0.000000,0.000000
11.051964,0.000000,0.000000,0.000000,0.000000,0.000000,0.000000
11.061964,0.000000,0.000000,0.000000,0.000000,0.000000,0.000000
11.071964,0.000000,0.000000,0.000000,0.000000,0.000000,0.000000
11.081964,0.000000,0.000000,0.000000,0.000000,0.000000,0.000000
11.091964,0.000000,0.000000,0.000000,0.000000,0.000000,0.000000
11.101964,0.000000,0.000000,0.000000,0.000000,0.000000,0.000000
11.111964,0.000000,0.000000,0.000000,0.000000,0.000000,0.000000
11.121964,0.000000,0.000000,0.000000,0.000000,0.000000,0.000000
11.131964,0.000000,0.000000,0.000000,0.000000,0.000000,0.000000
11.141964,0.000000,0.000000,0.000000,0.000000,0.000000,0.000000
11.151964,0.000000,0.000000,0.000000,0.000000,0.000000,0.000000
11.161964,0.000000,0.000000,0.000000,0.000000,0.000000,0.000000
11.171964,0.000000,0.000000,0.000000,0.000000,0.000000,0.000000
11.181964,0.000000,0.000000,0.000000,0.000000,0.000000,0.000000
11.191964,0.000000,0.000000,0.000000,0.000000,0.000000,0.000000
11.201964,0.000000,0.000000,0.000000,0.000000,0.000000,0.000000
11.211964,0.000000,0.000000,0.000000,0.000000,0.000000,0.000000
11.221964,0.000000,0.000000,0.000000,0.000000,0.000000,0.000000
11.231964,0.000000,0.000000,0.000000,0.000000,0.000000,0.000000
11.241964,0.000000,0.000000,0.000000,0.000000,0.000000,0.000000
11.251964,0.000000,0.000000,0.000000,0.000000,0.000000,0.000000
11.261964,0.000000,0.000000,0.000000,0.000000,0.000000,0.000000
11.271964,0.000000,0.000000,0.000000,0.000000,0.000000,0.000000
11.281964,0.000000,0.000000,0.000000,0.000000,0.000000,0.000000
11.291964,0.000000,0.000000,0.000000,0.000000,0.000000,0.000000
11.301964,0.000000,0.000000,0.000000,0.000000,0.000000,0.000000
11.311964,0.000000,0.000000,0.000000,0.000000,0.000000,0.000000
11.321964,0.000000,0.000000,0.000000,0.000000,0.000000,0.000000
11.331964,0.000000,0.000000,0.000000,0.000000,0.000000,0.000000
11.341964,0.000000,0.000000,0.000000,0.000000,0.000000,0.000000
11.351964,0.000000,0.000000,0.000000,0.000000,0.000000,0.000000
11.361964,0.000000,0.000000,0.000000,0.000000,0.000000,0.000000
11.371964,0.000000,0.000000,0.000000,0.000000,0.000000,0.000000
11.381964,0.000000,0.000000,0.000000,0.000000,0.000000,0.000000
11.391964,0.000000,0.000000,0.000000,0.000000,0.000000,0.000000
11.401964,0.000000,0.000000,0.000000,0.000000,0.000000,0.000000
11.411964,0.000000,0.000000,0.000000,0.000000,0.000000,0.000000
11.421964,0.000000,0.000000,0.000000,0.000000,0.000000,0.000000
11.431964,0.000000,0.000000,0.000000,0.000000,0.000000,0.000000
11.441964,0.000000,0.000000,0.000000,0.000000,0.000000,0.000000
11.451964,0.000000,0.000000,0.000000,0.000000,0.000000,0.000000
11.461964,0.000000,0.000000,0.000000,0.000000,0.000000,0.000000
11.471964,0.000000,0.000000,0.000000,0.000000,0.000000,0.000000
11.481964,0.000000,0.000000,0.000000,0.000000,0.000000,0.000000
11.491964,0.000000,0.000000,0.000000,0.000000,0.000000,0.000000
11.501964,0.000000,0.000000,0.000000,0.000000,0.000000,0.000000
11.511964,0.000000,0.000000,0.000000,0.000000,0.000000,0.000000
11.521964,0.000000,0.000000,0.000000,0.000000,0.000000,0.000000
11.531964,0.000000,0.000000,0.000000,0.000000,0.000000,0.000000
11.541964,0.000000,0.000000,0.000000,0.000000,0.000000,0.000000
11.551964,0.000000,0.000000,0.000000,0.000000,0.000000,0.000000
11.561964,0.000000,0.000000,0.000000,0.000000,0.000000,0.000000
11.571964,0.000000,0.000000,0.000000,0.000000,0.000000,0.000000
11.581964,0.000000,0.000000,0.000000,0.000000,0.000000,0.000000
11.591964,0.000000,0.000000,0.000000,0.000000,0.000000,0.000000
11.601964,0.000000,0.000000,0.000000,0.000000,0.000000,0.000000
11.611964,0.000000,0.000000,0.000000,0.000000,0.000000,0.000000
11.621964,0.000000,0.000000,0.000000,0.000000,0.000000,0.000000
11.631964,0.000000,0.000000,0.000000,0.000000,0.000000,0.000000
11.641964,0.000000,0.000000,0.000000,0.000000,0.000000,0.000000
11.651964,0.000000,0.000000,0.000000,0.000000,0.000000,0.000000
11.661964,0.000000,0.000000,0.000000,0.000000,0.000000,0.000000
11.671964,0.000000,0.000000,0.000000,0.000000,0.000000,0.000000
11.681964,0.000000,0.000000,0.000000,0.000000,0.000000,0.000000
11.691964,0.000000,0.000000,0.000000,0.000000,0.000000,0.000000
11.701964,0.000000,0.000000,0.000000,0.000000,0.000000,0.000000
11.711964,0.000000,0.000000,0.000000,0.000000,0.000000,0.000000
11.721964,0.000000,0.000000,0.000000,0.000000,0.000000,0.000000
11.731964,0.000000,0.000000,0.000000,0.000000,0.000000,0.000000
11.741964,0.000000,0.000000,0.000000,0.000000,0.000000,0.000000
11.751964,0.000000,0.000000,0.000000,0.000000,0.000000,0.000000
11.761964,0.000000,0.000000,0.000000,0.000000,0.000000,0.000000
11.771964,0.000000,0.000000,0.000000,0.000000,0.000000,0.000000
11.781964,0.000000,0.000000,0.000000,0.000000,0.000000,0.000000
11.791964,0.000000,0.000000,0.000000,0.000000,0.000000,0.000000
11.801964,0.000000,0.000000,0.000000,0.000000,0.000000,0.000000
11.811964,0.000000,0.000000,0.000000,0.000000,0.000000,0.000000
11.821964,0.000000,0.000000,0.000000,0.000000,0.000000,0.000000
11.831964,0.000000,0.000000,0.000000,0.000000,0.000000,0.000000
11.841964,0.000000,0.000000,0.000000,0.000000,0.000000,0.000000
11.851964,0.000000,0.000000,0.000000,0.000000,0.000000,0.000000
11.861964,0.000000,0.000000,0.000000,0.000000,0.000000,0.000000
11.871964,0.000000,0.000000,0.000000,0.000000,0.000000,0.000000
11.881964,0.000000,0.000000,0.000000,0.000000,0.000000,0.000000
11.891964,0.000000,0.000000,0.000000,0.000000,0.000000,0.000000
11.901964,0.000000,0.000000,0.000000,0.000000,0.000000,0.000000
11.911964,0.000000,0.000000,0.000000,0.000000,0.000000,0.000000
11.921964,0.000000,0.000000,0.000000,0.000000,0.000000,0.000000
11.931964,0.000000,0.000000,0.000000,0.000000,0.000000,0.000000
11.941964,0.000000,0.000000,0.000000,0.000000,0.000000,0.000000
11.951964,0.000000,0.000000,0.000000,0.000000,0.000000,0.000000
11.961964,0.000000,0.000000,0.000000,0.000000,0.000000,0.000000
11.971964,0.000000,0.000000,0.000000,0.000000,0.000000,0.000000
11.981964,0.000000,0.000000,0.000000,0.000000,0.000000,0.000000
11.991964,0.000000,0.000000,0.000000,0.000000,0.000000,0.000000
12.001964,0.000000,0.000000,0.000000,0.000000,0.000000,0.000000
12.011964,0.000000,0.000000,0.000000,0.000000,0.000000,0.000000
12.021964,0.000000,0.000000,0.000000,0.000000,0.000000,0.000000
12.031964,0.000000,0.000000,0.000000,0.000000,0.000000,0.000000
12.041964,0.000000,0.000000,0.000000,0.000000,0.000000,0.000000
12.051964,0.000000,0.000000,0.000000,0.000000,0.000000,0.000000
12.061964,0.000000,0.000000,0.000000,0.000000,0.000000,0.000000
12.071964,0.000000,0.000000,0.000000,0.000000,0.000000,0.000000
12.081964,0.000000,0.000000,0.000000,0.000000,0.000000,0.000000
12.091964,0.000000,0.000000,0.000000,0.000000,0.000000,0.000000
12.101964,0.000000,0.000000,0.000000,0.000000,0.000000,0.000000
12.111964,0.000000,0.000000,0.000000,0.000000,0.000000,0.000000
12.121964,0.000000,0.000000,0.000000,0.000000,0.000000,0.000000
12.131964,0.000000,0.000000,0.000000,0.000000,0.000000,0.000000
12.141964,0.000000,0.000000,0.000000,0.000000,0.000000,0.000000
12.151964,0.000000,0.000000,0.000000,0.000000,0.000000,0.000000
12.161964,0.000000,0.000000,0.000000,0.000000,0.000000,0.000000
12.171964,0.000000,0.000000,0.000000,0.000000,0.000000,0.000000
12.181964,0.000000,0.000000,0.000000,0.000000,0.000000,0.000000
12.191964,0.000000,0.000000,0.000000,0.000000,0.000000,0.000000
12.201964,0.000000,0.000000,0.000000,0.000000,0.000000,0.000000
12.211964,0.000000,0.000000,0.000000,0.000000,0.000000,0.000000
12.221964,0.000000,0.000000,0.000000,0.000000,0.000000,0.000000
12.231964,0.000000,0.000000,0.000000,0.000000,0.000000,0.000000
12.241964,0.000000,0.000000,0.000000,0.000000,0.000000,0.000000
12.251964,0.000000,0.000000,0.000000,0.000000,0.000000,0.000000
12.261964,0.000000,0.000000,0.000000,0.000000,0.000000,0.000000
12.271964,0.000000,0.000000,0.000000,0.000000,0.000000,0.000000
12.281964,0.000000,0.000000,0.000000,0.000000,0.000000,0.000000
12.291964,0.000000,0.000000,0.000000,0.000000,0.000000,0.000000
12.301964,0.000000,0.000000,0.000000,0.000000,0.000000,0.000000
12.311964,0.000000,0.000000,0.000000,0.000000,0.000000,0.000000
12.321964,0.000000,0.000000,0.000000,0.000000,0.000000,0.000000
12.331964,0.000000,0.000000,0.000000,0.000000,0.000000,0.000000
12.341964,0.000000,0.000000,0.000000,0.000000,0.000000,0.000000
12.351964,0.000000,0.000000,0.000000,0.000000,0.000000,0.000000
12.361964,0.000000,0.000000,0.000000,0.000000,0.000000,0.000000
12.371964,0.000000,0.000000,0.000000,0.000000,0.000000,0.000000
12.381964,0.000000,0.000000,0.000000,0.000000,0.000000,0.000000
12.391964,0.000000,0.000000,0.000000,0.000000,0.000000,0.000000
12.401964,0.000000,0.000000,0.000000,0.000000,0.000000,0.000000
12.411964,0.000000,0.000000,0.000000,0.000000,0.000000,0.000000
12.421964,0.000000,0.000000,0.000000,0.000000,0.000000,0.000000
12.431964,0.000000,0.000000,0.000000,0.000000,0.000000,0.000000
12.441964,0.000000,0.000000,0.000000,0.000000,0.000000,0.000000
12.451964,0.000000,0.000000,0.000000,0.000000,0.000000,0.000000
12.461964,0.000000,0.000000,0.000000,0.000000,0.000000,0.000000
12.471964,0.000000,0.000000,0.000000,0.000000,0.000000,0.000000
12.481964,0.000000,0.000000,0.000000,0.000000,0.000000,0.000000
12.491964,0.000000,0.000000,0.000000,0.000000,0.000000,0.000000
12.501964,0.000000,0.000000,0.000000,0.000000,0.000000,0.000000
12.511964,0.000000,0.000000,0.000000,0.000000,0.000000,0.000000
12.521964,0.000000,0.000000,0.000000,0.000000,0.000000,0.000000
12.531964,0.000000,0.000000,0.000000,0.000000,0.000000,0.000000
12.541964,0.000000,0.000000,0.000000,0.000000,0.000000,0.000000
12.551964,0.000000,0.000000,0.000000,0.000000,0.000000,0.000000
12.561964,0.000000,0.000000,0.000000,0.000000,0.000000,0.000000
12.571964,0.000000,0.000000,0.000000,0.000000,0.000000,0.000000
12.581964,0.000000,0.000000,0.000000,0.000000,0.000000,0.000000
12.591964,0.000000,0.000000,0.000000,0.000000,0.000000,0.000000
12.601964,0.000000,0.000000,0.000000,0.000000,0.000000,0.000000
12.611964,0.000000,0.000000,0.000000,0.000000,0.000000,0.000000
12.621964,0.000000,0.000000,0.000000,0.000000,0.000000,0.000000
12.631964,0.000000,0.000000,0.000000,0.000000,0.000000,0.000000
12.641964,0.000000,0.000000,0.000000,0.000000,0.000000,0.000000
12.651964,0.000000,0.000000,0.000000,0.000000,0.000000,0.000000
12.661964,0.000000,0.000000,0.000000,0.000000,0.000000,0.000000
12.671964,0.000000,0.000000,0.000000,0.000000,0.000000,0.000000
12.681964,0.000000,0.000000,0.000000,0.000000,0.000000,0.000000
12.691964,0.000000,0.000000,0.000000,0.000000,0.000000,0.000000
12.701964,0.000000,0.000000,0.000000,0.000000,0.000000,0.000000
12.711964,0.000000,0.000000,0.000000,0.000000,0.000000,0.000000
12.721964,0.000000,0.000000,0.000000,0.000000,0.000000,0.000000
12.731964,0.000000,0.000000,0.000000,0.000000,0.000000,0.000000
12.741964,0.000000,0.000000,0.000000,0.000000,0.000000,0.000000
12.751964,0.000000,0.000000,0.000000,0.000000,0.000000,0.000000
12.761964,0.000000,0.000000,0.000000,0.000000,0.000000,0.000000
12.771964,0.000000,0.000000,0.000000,0.000000,0.000000,0.000000
12.781964,0.000000,0.000000,0.000000,0.000000,0.000000,0.000000
12.791964,0.000000,0.000000,0.000000,0.000000,0.000000,0.000000
12.801964,0.000000,0.000000,0.000000,0.000000,0.000000,0.000000
12.811964,0.000000,0.000000,0.000000,0.000000,0.000000,0.000000
12.821964,0.000000,0.000000,0.000000,0.000000,0.000000,0.000000
12.831964,0.000000,0.000000,0.000000,0.000000,0.000000,0.000000
12.841964,0.000000,0.000000,0.000000,0.000000,0.000000,0.000000
12.851964,0.000000,0.000000,0.000000,0.000000,0.000000,0.000000
12.861964,0.000000,0.000000,0.000000,0.000000,0.000000,0.000000
12.871964,0.000000,0.000000,0.000000,0.000000,0.000000,0.000000
12.881964,0.000000,0.000000,0.000000,0.000000,0.000000,0.000000
12.891964,0.000000,0.000000,0.000000,0.000000,0.000000,0.000000
12.901964,0.000000,0.000000,0.000000,0.000000,0.000000,0.000000
12.911964,0.000000,0.000000,0.000000,0.000000,0.000000,0.000000
12.921964,0.000000,0.000000,0.000000,0.000000,0.000000,0.000000
12.931964,0.000000,0.000000,0.000000,0.000000,0.000000,0.000000
12.941964,0.000000,0.000000,0.000000,0.000000,0.000000,0.000000
12.951964,0.000000,0.000000,0.000000,0.000000,0.000000,0.000000
12.961964,0.000000,0.000000,0.000000,0.000000,0.000000,0.000000
12.971964,0.000000,0.000000,0.000000,0.000000,0.000000,0.000000
12.981964,0.000000,0.000000,0.000000,0.000000,0.000000,0.000000
12.991964,0.000000,0.000000,0.000000,0.000000,0.000000,0.000000
13.001964,0.000000,0.000000,0.000000,0.000000,0.000000,0.000000
13.011964,0.000000,0.000000,0.000000,0.000000,0.000000,0.000000
13.021964,0.000000,0.000000,0.000000,0.000000,0.000000,0.000000
13.031964,0.000000,0.000000,0.000000,0.000000,0.000000,0.000000
13.041964,0.000000,0.000000,0.000000,0.000000,0.000000,0.000000
13.051964,0.000000,0.000000,0.000000,0.000000,0.000000,0.000000
13.061964,0.000000,0.000000,0.000000,0.000000,0.000000,0.000000
13.071964,0.000000,0.000000,0.000000,0.000000,0.000000,0.000000
13.081964,0.000000,0.000000,0.000000,0.000000,0.000000,0.000000
13.091964,0.000000,0.000000,0.000000,0.000000,0.000000,0.000000
13.101964,0.000000,0.000000,0.000000,0.000000,0.000000,0.000000
13.111964,0.000000,0.000000,0.000000,0.000000,0.000000,0.000000
13.121964,0.000000,0.000000,0.000000,0.000000,0.000000,0.000000
13.131964,0.000000,0.000000,0.000000,0.000000,0.000000,0.000000
13.141964,0.000000,0.000000,0.000000,0.000000,0.000000,0.000000
13.151964,0.000000,0.000000,0.000000,0.000000,0.000000,0.000000
13.161964,0.000000,0.000000,0.000000,0.000000,0.000000,0.000000
13.171964,0.000000,0.000000,0.000000,0.000000,0.000000,0.000000
13.181964,0.000000,0.000000,0.000000,0.000000,0.000000,0.000000
13.191964,0.000000,0.000000,0.000000,0.000000,0.000000,0.000000
13.201964,0.000000,0.000000,0.000000,0.000000,0.000000,0.000000
13.211964,0.000000,0.000000,0.000000,0.000000,0.000000,0.000000
13.221964,0.000000,0.000000,0.000000,0.000000,0.000000,0.000000
13.231964,0.000000,0.000000,0.000000,0.000000,0.000000,0.000000
13.241964,0.000000,0.000000,0.000000,0.000000,0.000000,0.000000
13.251964,0.000000,0.000000,0.000000,0.000000,0.000000,0.000000
13.261964,0.000000,0.000000,0.000000,0.000000,0.000000,0.000000
13.271964,0.000000,0.000000,0.000000,0.000000,0.000000,0.000000
13.281964,0.000000,0.000000,0.000000,0.000000,0.000000,0.000000
13.291964,0.000000,0.000000,0.000000,0.000000,0.000000,0.000000
13.301964,0.000000,0.000000,0.000000,0.000000,0.000000,0.000000
13.311964,0.000000,0.000000,0.000000,0.000000,0.000000,0.000000
13.321964,0.000000,0.000000,0.000000,0.000000,0.000000,0.000000
13.331964,0.000000,0.000000,0.000000,0.000000,0.000000,0.000000
13.341964,0.000000,0.000000,0.000000,0.000000,0.000000,0.000000
13.351964,0.000000,0.000000,0.000000,0.000000,0.000000,0.000000
13.361964,0.000000,0.000000,0.000000,0.000000,0.000000,0.000000
13.371964,0.000000,0.000000,0.000000,0.000000,0.000000,0.000000
13.381964,0.000000,0.000000,0.000000,0.000000,0.000000,0.000000
13.391964,0.000000,0.000000,0.000000,0.000000,0.000000,0.000000
13.401964,0.000000,0.000000,0.000000,0.000000,0.000000,0.000000
13.411964,0.000000,0.000000,0.000000,0.000000,0.000000,0.000000
13.421964,0.000000,0.000000,0.000000,0.000000,0.000000,0.000000
13.431964,0.000000,0.000000,0.000000,0.000000,0.000000,0.000000
13.441964,0.000000,0.000000,0.000000,0.000000,0.000000,0.000000
13.451964,0.000000,0.000000,0.000000,0.000000,0.000000,0.000000
13.461964,0.000000,0.000000,0.000000,0.000000,0.000000,0.000000
13.471964,0.000000,0.000000,0.000000,0.000000,0.000000,0.000000
13.481964,0.000000,0.000000,0.000000,0.000000,0.000000,0.000000
13.491964,0.000000,0.000000,0.000000,0.000000,0.000000,0.000000
13.501964,0.000000,0.000000,0.000000,0.000000,0.000000,0.000000
13.511964,0.000000,0.000000,0.000000,0.000000,0.000000,0.000000
13.521964,0.000000,0.000000,0.000000,0.000000,0.000000,0.000000
13.531964,0.000000,0.000000,0.000000,0.000000,0.000000,0.000000
13.541964,0.000000,0.000000,0.000000,0.000000,0.000000,0.000000
13.551964,0.000000,0.000000,0.000000,0.000000,0.000000,0.000000
13.561964,0.000000,0.000000,0.000000,0.000000,0.000000,0.000000
13.571964,0.000000,0.000000,0.000000,0.000000,0.000000,0.000000
13.581964,0.000000,0.000000,0.000000,0.000000,0.000000,0.000000
13.591964,0.000000,0.000000,0.000000,0.000000,0.000000,0.000000
13.601964,0.000000,0.000000,0.000000,0.000000,0.000000,0.000000
13.611964,0.000000,0.000000,0.000000,0.000000,0.000000,0.000000
13.621964,0.000000,0.000000,0.000000,0.000000,0.000000,0.000000
13.631964,0.000000,0.000000,0.000000,0.000000,0.000000,0.000000
13.641964,0.000000,0.000000,0.000000,0.000000,0.000000,0.000000
13.651964,0.000000,0.000000,0.000000,0.000000,0.000000,0.000000
13.661964,0.000000,0.000000,0.000000,0.000000,0.000000,0.000000
13.671964,0.000000,0.000000,0.000000,0.000000,0.000000,0.000000
13.681964,0.000000,0.000000,0.000000,0.000000,0.000000,0.000000
13.691964,0.000000,0.000000,0.000000,0.000000,0.000000,0.000000
13.701964,0.000000,0.000000,0.000000,0.000000,0.000000,0.000000
13.711964,0.000000,0.000000,0.000000,0.000000,0.000000,0.000000
13.721964,0.000000,0.000000,0.000000,0.000000,0.000000,0.000000
13.731964,0.000000,0.000000,0.000000,0.000000,0.000000,0.000000
13.741964,0.000000,0.000000,0.000000,0.000000,0.000000,0.000000
13.751964,0.000000,0.000000,0.000000,0.000000,0.000000,0.000000
13.761964,0.000000,0.000000,0.000000,0.000000,0.000000,0.000000
13.771964,0.000000,0.000000,0.000000,0.000000,0.000000,0.000000
13.781964,0.000000,0.000000,0.000000,0.000000,0.000000,0.000000
13.791964,0.000000,0.000000,0.000000,0.000000,0.000000,0.000000
13.801964,0.000000,0.000000,0.000000,0.000000,0.000000,0.000000
13.811964,0.000000,0.000000,0.000000,0.000000,0.000000,0.000000
13.821964,0.000000,0.000000,0.000000,0.000000,0.000000,0.000000
13.831964,0.000000,0.000000,0.000000,0.000000,0.000000,0.000000
13.841964,0.000000,0.000000,0.000000,0.000000,0.000000,0.000000
13.851964,0.000000,0.000000,0.000000,0.000000,0.000000,0.000000
13.861964,0.000000,0.000000,0.000000,0.000000,0.000000,0.000000
13.871964,0.000000,0.000000,0.000000,0.000000,0.000000,0.000000
13.881964,0.000000,0.000000,0.000000,0.000000,0.000000,0.000000
13.891964,0.000000,0.000000,0.000000,0.000000,0.000000,0.000000
13.901964,0.000000,0.000000,0.000000,0.000000,0.000000,0.000000
13.911964,0.000000,0.000000,0.000000,0.000000,0.000000,0.000000
13.921964,0.000000,0.000000,0.000000,0.000000,0.000000,0.000000
13.931964,0.000000,0.000000,0.000000,0.000000,0.000000,0.000000
13.941964,0.000000,0.000000,0.000000,0.000000,0.000000,0.000000
13.951964,0.000000,0.000000,0.000000,0.000000,0.000000,0.000000
13.961964,0.000000,0.000000,0.000000,0.000000,0.000000,0.000000
13.971964,0.000000,0.000000,0.000000,0.000000,0.000000,0.000000
13.981964,0.000000,0.000000,0.000000,0.000000,0.000000,0.000000
13.991964,0.000000,0.000000,0.000000,0.000000,0.000000,0.000000
14.001964,0.000000,0.000000,0.000000,0.000000,0.000000,0.000000
14.011964,0.000000,0.000000,0.000000,0.000000,0.000000,0.000000
14.021964,0.000000,0.000000,0.000000,0.000000,0.000000,0.000000
14.031964,0.000000,0.000000,0.000000,0.000000,0.000000,0.000000
14.041964,0.000000,0.000000,0.000000,0.000000,0.000000,0.000000
14.051964,0.000000,0.000000,0.000000,0.000000,0.000000,0.000000
14.061964,0.000000,0.000000,0.000000,0.000000,0.000000,0.000000
14.071964,0.000000,0.000000,0.000000,0.000000,0.000000,0.000000
14.081964,0.000000,0.000000,0.000000,0.000000,0.000000,0.000000
14.091964,0.000000,0.000000,0.000000,0.000000,0.000000,0.000000
14.101964,0.000000,0.000000,0.000000,0.000000,0.000000,0.000000
14.111964,0.000000,0.000000,0.000000,0.000000,0.000000,0.000000
14.121964,0.000000,0.000000,0.000000,0.000000,0.000000,0.000000
14.131964,0.000000,0.000000,0.000000,0.000000,0.000000,0.000000
14.141964,0.000000,0.000000,0.000000,0.000000,0.000000,0.000000
14.151964,0.000000,0.000000,0.000000,0.000000,0.000000,0.000000
14.161964,0.000000,0.000000,0.000000,0.000000,0.000000,0.000000
14.171964,0.000000,0.000000,0.000000,0.000000,0.000000,0.000000
14.181964,0.000000,0.000000,0.000000,0.000000,0.000000,0.000000
14.191964,0.000000,0.000000,0.000000,0.000000,0.000000,0.000000
14.201964,0.000000,0.000000,0.000000,0.000000,0.000000,0.000000
14.211964,0.000000,0.000000,0.000000,0.000000,0.000000,0.000000
14.221964,0.000000,0.000000,0.000000,0.000000,0.000000,0.000000
14.231964,0.000000,0.000000,0.000000,0.000000,0.000000,0.000000
14.241964,0.000000,0.000000,0.000000,0.000000,0.000000,0.000000
14.251964,0.000000,0.000000,0.000000,0.000000,0.000000,0.000000
14.261964,0.000000,0.000000,0.000000,0.000000,0.000000,0.000000
14.271964,0.000000,0.000000,0.000000,0.000000,0.000000,0.000000
14.281964,0.000000,0.000000,0.000000,0.000000,0.000000,0.000000
14.291964,0.000000,0.000000,0.000000,0.000000,0.000000,0.000000
14.301964,0.000000,0.000000,0.000000,0.000000,0.000000,0.000000
14.311964,0.000000,0.000000,0.000000,0.000000,0.000000,0.000000
14.321964,0.000000,0.000000,0.000000,0.000000,0.000000,0.000000
14.331964,0.000000,0.000000,0.000000,0.000000,0.000000,0.000000
14.341964,0.000000,0.000000,0.000000,0.000000,0.000000,0.000000
14.351964,0.000000,0.000000,0.000000,0.000000,0.000000,0.000000
14.361964,0.000000,0.000000,0.000000,0.000000,0.000000,0.000000
14.371964,0.000000,0.000000,0.000000,0.000000,0.000000,0.000000
14.381964,0.000000,0.000000,0.000000,0.000000,0.000000,0.000000
14.391964,0.000000,0.000000,0.000000,0.000000,0.000000,0.000000
14.401964,0.000000,0.000000,0.000000,0.000000,0.000000,0.000000
14.411964,0.000000,0.000000,0.000000,0.000000,0.000000,0.000000
14.421964,0.000000,0.000000,0.000000,0.000000,0.000000,0.000000
14.431964,0.000000,0.000000,0.000000,0.000000,0.000000,0.000000
14.441964,0.000000,0.000000,0.000000,0.000000,0.000000,0.000000
14.451964,0.000000,0.000000,0.000000,0.000000,0.000000,0.000000
14.461964,0.000000,0.000000,0.000000,0.000000,0.000000,0.000000
14.471964,0.000000,0.000000,0.000000,0.000000,0.000000,0.000000
14.481964,0.000000,0.000000,0.000000,0.000000,0.000000,0.000000
14.491964,0.000000,0.000000,0.000000,0.000000,0.000000,0.000000
14.501964,0.000000,0.000000,0.000000,0.000000,0.000000,0.000000
14.511964,0.000000,0.000000,0.000000,0.000000,0.000000,0.000000
14.521964,0.000000,0.000000,0.000000,0.000000,0.000000,0.000000
14.531964,0.000000,0.000000,0.000000,0.000000,0.000000,0.000000
14.541964,0.000000,0.000000,0.000000,0.000000,0.000000,0.000000
14.551964,0.000000,0.000000,0.000000,0.000000,0.000000,0.000000
14.561964,0.000000,0.000000,0.000000,0.000000,0.000000,0.000000
14.571964,0.000000,0.000000,0.000000,0.000000,0.000000,0.000000
14.581964,0.000000,0.000000,0.000000,0.000000,0.000000,0.000000
14.591964,0.000000,0.000000,0.000000,0.000000,0.000000,0.000000
14.601964,0.000000,0.000000,0.000000,0.000000,0.000000,0.000000
14.611964,0.000000,0.000000,0.000000,0.000000,0.000000,0.000000
14.621964,0.000000,0.000000,0.000000,0.000000,0.000000,0.000000
14.631964,0.000000,0.000000,0.000000,0.000000,0.000000,0.000000
14.641964,0.000000,0.000000,0.000000,0.000000,0.000000,0.000000
14.651964,0.000000,0.000000,0.000000,0.000000,0.000000,0.000000
14.661964,0.000000,0.000000,0.000000,0.000000,0.000000,0.000000
14.671964,0.000000,0.000000,0.000000,0.000000,0.000000,0.000000
14.681964,0.000000,0.000000,0.000000,0.000000,0.000000,0.000000
14.691964,0.000000,0.000000,0.000000,0.000000,0.000000,0.000000
14.701964,0.000000,0.000000,0.000000,0.000000,0.000000,0.000000
14.711964,0.000000,0.000000,0.000000,0.000000,0.000000,0.000000
14.721964,0.000000,0.000000,0.000000,0.000000,0.000000,0.000000
14.731964,0.000000,0.000000,0.000000,0.000000,0.000000,0.000000
14.741964,0.000000,0.000000,0.000000,0.000000,0.000000,0.000000
14.751964,0.000000,0.000000,0.000000,0.000000,0.000000,0.000000
14.761964,0.000000,0.000000,0.000000,0.000000,0.000000,0.000000
14.771964,0.000000,0.000000,0.000000,0.000000,0.000000,0.000000
14.781964,0.000000,0.000000,0.000000,0.000000,0.000000,0.000000
14.791964,0.000000,0.000000,0.000000,0.000000,0.000000,0.000000
14.801964,0.000000,0.000000,0.000000,0.000000,0.000000,0.000000
14.811964,0.000000,0.000000,0.000000,0.000000,0.000000,0.000000
14.821964,0.000000,0.000000,0.000000,0.000000,0.000000,0.000000
14.831964,0.000000,0.000000,0.000000,0.000000,0.000000,0.000000
14.841964,0.000000,0.000000,0.000000,0.000000,0.000000,0.000000
14.851964,0.000000,0.000000,0.000000,0.000000,0.000000,0.000000
14.861964,0.000000,0.000000,0.000000,0.000000,0.000000,0.000000
14.871964,0.000000,0.000000,0.000000,0.000000,0.000000,0.000000
14.881964,0.000000,0.000000,0.000000,0.000000,0.000000,0.000000
14.891964,0.000000,0.000000,0.000000,0.000000,0.000000,0.000000
14.901964,0.000000,0.000000,0.000000,0.000000,0.000000,0.000000
14.911964,0.000000,0.000000,0.000000,0.000000,0.000000,0.000000
14.921964,0.000000,0.000000,0.000000,0.000000,0.000000,0.000000
14.931964,0.000000,0.000000,0.000000,0.000000,0.000000,0.000000
14.941964,0.000000,0.000000,0.000000,0.000000,0.000000,0.000000
14.951964,0.000000,0.000000,0.000000,0.000000,0.000000,0.000000
14.961964,0.000000,0.000000,0.000000,0.000000,0.000000,0.000000
14.971964,0.000000,0.000000,0.000000,0.000000,0.000000,0.000000
14.981964,0.000000,0.000000,0.000000,0.000000,0.000000,0.000000
14.991964,0.000000,0.000000,0.000000,0.000000,0.000000,0.000000
15.001964,0.000000,0.000000,0.000000,0.000000,0.000000,0.000000
15.011964,0.000000,0.000000,0.000000,0.000000,0.000000,0.000000
15.021964,0.000000,0.000000,0.000000,0.000000,0.000000,0.000000
15.031964,0.000000,0.000000,0.000000,0.000000,0.000000,0.000000
15.041964,0.000000,0.000000,0.000000,0.000000,0.000000,0.000000
15.051964,0.000000,0.000000,0.000000,0.000000,0.000000,0.000000
15.061964,0.000000,0.000000,0.000000,0.000000,0.000000,0.000000
15.071964,0.000000,0.000000,0.000000,0.000000,0.000000,0.000000
15.081964,0.000000,0.000000,0.000000,0.000000,0.000000,0.000000
15.091964,0.000000,0.000000,0.000000,0.000000,0.000000,0.000000
15.101964,0.000000,0.000000,0.000000,0.000000,0.000000,0.000000
15.111964,0.000000,0.000000,0.000000,0.000000,0.000000,0.000000
15.121964,0.000000,0.000000,0.000000,0.000000,0.000000,0.000000
15.131964,0.000000,0.000000,0.000000,0.000000,0.000000,0.000000
15.141964,0.000000,0.000000,0.000000,0.000000,0.000000,0.000000
15.151964,0.000000,0.000000,0.000000,0.000000,0.000000,0.000000
15.161964,0.000000,0.000000,0.000000,0.000000,0.000000,0.000000
15.171964,0.000000,0.000000,0.000000,0.000000,0.000000,0.000000
15.181964,0.000000,0.000000,0.000000,0.000000,0.000000,0.000000
15.191964,0.000000,0.000000,0.000000,0.000000,0.000000,0.000000
15.201964,0.000000,0.000000,0.000000,0.000000,0.000000,0.000000
15.211964,0.000000,0.000000,0.000000,0.000000,0.000000,0.000000
15.221964,0.000000,0.000000,0.000000,0.000000,0.000000,0.000000
15.231964,0.000000,0.000000,0.000000,0.000000,0.000000,0.000000
15.241964,0.000000,0.000000,0.000000,0.000000,0.000000,0.000000
15.251964,0.000000,0.000000,0.000000,0.000000,0.000000,0.000000
15.261964,0.000000,0.000000,0.000000,0.000000,0.000000,0.000000
15.271964,-0.007000,0.000000,0.000000,0.000000,0.000000,0.000000
15.281964,-0.007000,0.000000,0.000000,0.000000,0.000000,0.000000
15.291964,-0.007000,0.000000,0.000000,0.000000,0.000000,0.000000
15.301964,-0.007000,0.000000,0.000000,0.000000,0.000000,0.000000
15.311964,-0.007000,0.000000,0.000000,0.000000,0.000000,0.000000
15.321964,-0.007000,0.000000,0.000000,0.000000,0.000000,0.000000
15.331964,-0.007000,0.000000,0.000000,0.000000,0.000000,0.000000
15.341964,-0.007000,0.000000,0.000000,0.000000,0.000000,0.000000
15.351964,-0.007000,0.000000,0.000000,0.000000,0.000000,0.000000
15.361964,-0.007000,0.000000,0.000000,0.000000,0.000000,0.000000
15.371964,-0.007000,0.000000,0.000000,0.000000,0.000000,0.000000
15.381964,-0.007000,0.000000,0.000000,0.000000,0.000000,0.000000
15.391964,-0.007000,0.000000,0.000000,0.000000,0.000000,0.000000
15.401964,-0.007000,0.000000,0.000000,0.000000,0.000000,0.000000
15.411964,-0.007000,0.000000,0.000000,0.000000,0.000000,0.000000
15.421964,-0.007000,0.000000,0.000000,0.000000,0.000000,0.000000
15.431964,-0.007000,0.000000,0.000000,0.000000,0.000000,0.000000
15.441964,-0.007000,0.000000,0.000000,0.000000,0.000000,0.000000
15.451964,-0.007000,0.000000,0.000000,0.000000,0.000000,0.000000
15.461964,-0.007000,0.000000,0.000000,0.000000,0.000000,0.000000
15.471964,-0.016500,0.000000,0.000000,0.000000,0.000000,0.000000
15.481964,-0.016500,0.000000,0.000000,0.000000,0.000000,0.000000
15.491964,-0.016500,0.000000,0.000000,0.000000,0.000000,0.000000
15.501964,-0.016500,0.000000,0.000000,0.000000,0.000000,0.000000
15.511964,-0.016500,0.000000,0.000000,0.000000,0.000000,0.000000
15.521964,-0.016500,0.000000,0.000000,0.000000,0.000000,0.000000
15.531964,-0.016500,0.000000,0.000000,0.000000,0.000000,0.000000
15.541964,-0.016500,0.000000,0.000000,0.000000,0.000000,0.000000
15.551964,-0.016500,0.000000,0.000000,0.000000,0.000000,0.000000
15.561964,-0.016500,0.000000,0.000000,0.000000,0.000000,0.000000
15.571964,-0.016500,0.000000,0.000000,0.000000,0.000000,0.000000
15.581964,-0.016500,0.000000,0.000000,0.000000,0.000000,0.000000
15.591964,-0.016500,0.000000,0.000000,0.000000,0.000000,0.000000
15.601964,-0.016500,0.000000,0.000000,0.000000,0.000000,0.000000
15.611964,-0.016500,0.000000,0.000000,0.000000,0.000000,0.000000
15.621964,-0.016500,0.000000,0.000000,0.000000,0.000000,0.000000
15.631964,-0.016500,0.000000,0.000000,0.000000,0.000000,0.000000
15.641964,-0.016500,0.000000,0.000000,0.000000,0.000000,0.000000
15.651964,-0.016500,0.000000,0.000000,0.000000,0.000000,0.000000
15.661964,-0.023500,0.000000,0.000000,0.000000,0.000000,0.000000
15.671964,-0.023500,0.000000,0.000000,0.000000,0.000000,0.000000
15.681964,-0.023500,0.000000,0.000000,0.000000,0.000000,0.000000
15.691964,-0.023500,0.000000,0.000000,0.000000,0.000000,0.000000
15.701964,-0.023500,0.000000,0.000000,0.000000,0.000000,0.000000
15.711964,-0.023500,0.000000,0.000000,0.000000,0.000000,0.000000
15.721964,-0.023500,0.000000,0.000000,0.000000,0.000000,0.000000
15.731964,-0.023500,0.000000,0.000000,0.000000,0.000000,0.000000
15.741964,-0.023500,0.000000,0.000000,0.000000,0.000000,0.000000
15.751964,-0.023500,0.000000,0.000000,0.000000,0.000000,0.000000
15.761964,-0.023500,0.000000,0.000000,0.000000,0.000000,0.000000
15.771964,-0.023500,0.000000,0.000000,0.000000,0.000000,0.000000
15.781964,-0.023500,0.000000,0.000000,0.000000,0.000000,0.000000
15.791964,-0.023500,0.000000,0.000000,0.000000,0.000000,0.000000
15.801964,-0.030500,0.000000,0.000000,0.000000,0.000000,0.000000
15.811964,-0.030500,0.000000,0.000000,0.000000,0.000000,0.000000
15.821964,-0.030500,0.000000,0.000000,0.000000,0.000000,0.000000
15.831964,-0.030500,0.000000,0.000000,0.000000,0.000000,0.000000
15.841964,-0.030500,0.000000,0.000000,0.000000,0.000000,0.000000
15.851964,-0.030500,0.000000,0.000000,0.000000,0.000000,0.000000
15.861964,-0.030500,0.000000,0.000000,0.000000,0.000000,0.000000
15.871964,-0.030500,0.000000,0.000000,0.000000,0.000000,0.000000
15.881964,-0.030500,0.000000,0.000000,0.000000,0.000000,0.000000
15.891964,-0.030500,0.000000,0.000000,0.000000,0.000000,0.000000
15.901964,-0.030500,0.000000,0.000000,0.000000,0.000000,0.000000
15.911964,-0.030500,0.000000,0.000000,0.000000,0.000000,0.000000
15.921964,-0.030500,0.000000,0.000000,0.000000,0.000000,0.000000
15.931964,-0.036000,0.000000,0.000000,0.000000,0.000000,0.000000
15.941964,-0.036000,0.000000,0.000000,0.000000,0.000000,0.000000
15.951964,-0.036000,0.000000,0.000000,0.000000,0.000000,0.000000
15.961964,-0.036000,0.000000,0.000000,0.000000,0.000000,0.000000
15.971964,-0.036000,0.000000,0.000000,0.000000,0.000000,0.000000
15.981964,-0.036000,0.000000,0.000000,0.000000,0.000000,0.000000
15.991964,-0.036000,0.000000,0.000000,0.000000,0.000000,0.000000
16.001964,-0.036000,0.000000,0.000000,0.000000,0.000000,0.000000
16.011964,-0.036000,0.000000,0.000000,0.000000,0.000000,0.000000
16.021964,-0.036000,0.000000,0.000000,0.000000,0.000000,0.000000
16.031964,-0.036000,0.000000,0.000000,0.000000,0.000000,0.000000
16.041964,-0.036000,0.000000,0.000000,0.000000,0.000000,0.000000
16.051964,-0.043500,0.000000,0.000000,0.000000,0.000000,0.000000
16.061964,-0.043500,0.000000,0.000000,0.000000,0.000000,0.000000
16.071964,-0.043500,0.000000,0.000000,0.000000,0.000000,0.000000
16.081964,-0.043500,0.000000,0.000000,0.000000,0.000000,0.000000
16.091964,-0.043500,0.000000,0.000000,0.000000,0.000000,0.000000
16.101964,-0.043500,0.000000,0.000000,0.000000,0.000000,0.000000
16.111964,-0.043500,0.000000,0.000000,0.000000,0.000000,0.000000
16.121964,-0.043500,0.000000,0.000000,0.000000,0.000000,0.000000
16.131964,-0.043500,0.000000,0.000000,0.000000,0.000000,0.000000
16.141964,-0.043500,0.000000,0.000000,0.000000,0.000000,0.000000
16.151964,-0.043500,0.000000,0.000000,0.000000,0.000000,0.000000
16.161964,-0.043500,0.000000,0.000000,0.000000,0.000000,0.000000
16.171964,-0.043500,0.000000,0.000000,0.000000,0.000000,0.000000
16.181964,-0.043500,0.000000,0.000000,0.000000,0.000000,0.000000
16.191964,-0.043500,0.000000,0.000000,0.000000,0.000000,0.000000
16.201964,-0.051500,0.000000,0.000000,0.000000,0.000000,0.000000
16.211964,-0.051500,0.000000,0.000000,0.000000,0.000000,0.000000
16.221964,-0.051500,0.000000,0.000000,0.000000,0.000000,0.000000
16.231964,-0.051500,0.000000,0.000000,0.000000,0.000000,0.000000
16.241964,-0.051500,0.000000,0.000000,0.000000,0.000000,0.000000
16.251964,-0.051500,0.000000,0.000000,0.000000,0.000000,0.000000
16.261964,-0.051500,0.000000,0.000000,0.000000,0.000000,0.000000
16.271964,-0.051500,0.000000,0.000000,0.000000,0.000000,0.000000
16.281964,-0.051500,0.000000,0.000000,0.000000,0.000000,0.000000
16.291964,-0.051500,0.000000,0.000000,0.000000,0.000000,0.000000
16.301964,-0.051500,0.000000,0.000000,0.000000,0.000000,0.000000
16.311964,-0.051500,0.000000,0.000000,0.000000,0.000000,0.000000
16.321964,-0.051500,0.000000,0.000000,0.000000,0.000000,0.000000
16.331964,-0.051500,0.000000,0.000000,0.000000,0.000000,0.000000
16.341964,-0.051500,0.000000,0.000000,0.000000,0.000000,0.000000
16.351964,-0.051500,0.000000,0.000000,0.000000,0.000000,0.000000
16.361964,-0.059000,0.000000,0.000000,0.000000,0.000000,0.000000
16.371964,-0.059000,0.000000,0.000000,0.000000,0.000000,0.000000
16.381964,-0.059000,0.000000,0.000000,0.000000,0.000000,0.000000
16.391964,-0.059000,0.000000,0.000000,0.000000,0.000000,0.000000
16.401964,-0.059000,0.000000,0.000000,0.000000,0.000000,0.000000
16.411964,-0.059000,0.000000,0.000000,0.000000,0.000000,0.000000
16.421964,-0.059000,0.000000,0.000000,0.000000,0.000000,0.000000
16.431964,-0.059000,0.000000,0.000000,0.000000,0.000000,0.000000
16.441964,-0.059000,0.000000,0.000000,0.000000,0.000000,0.000000
16.451964,-0.059000,0.000000,0.000000,0.000000,0.000000,0.000000
16.461964,-0.059000,0.000000,0.000000,0.000000,0.000000,0.000000
16.471964,-0.059000,0.000000,0.000000,0.000000,0.000000,0.000000
16.481964,-0.059000,0.000000,0.000000,0.000000,0.000000,0.000000
16.491964,-0.059000,0.000000,0.000000,0.000000,0.000000,0.000000
16.501964,-0.059000,0.000000,0.000000,0.000000,0.000000,0.000000
16.511964,-0.066000,0.000000,0.000000,0.000000,0.000000,0.000000
16.521964,-0.066000,0.000000,0.000000,0.000000,0.000000,0.000000
16.531964,-0.066000,0.000000,0.000000,0.000000,0.000000,0.000000
16.541964,-0.066000,0.000000,0.000000,0.000000,0.000000,0.000000
16.551964,-0.066000,0.000000,0.000000,0.000000,0.000000,0.000000
16.561964,-0.066000,0.000000,0.000000,0.000000,0.000000,0.000000
16.571964,-0.066000,0.000000,0.000000,0.000000,0.000000,0.000000
16.581964,-0.066000,0.000000,0.000000,0.000000,0.000000,0.000000
16.591964,-0.066000,0.000000,0.000000,0.000000,0.000000,0.000000
16.601964,-0.066000,0.000000,0.000000,0.000000,0.000000,0.000000
16.611964,-0.066000,0.000000,0.000000,0.000000,0.000000,0.000000
16.621964,-0.066000,0.000000,0.000000,0.000000,0.000000,0.000000
16.631964,-0.066000,0.000000,0.000000,0.000000,0.000000,0.000000
16.641964,-0.073500,0.000000,0.000000,0.000000,0.000000,0.000000
16.651964,-0.073500,0.000000,0.000000,0.000000,0.000000,0.000000
16.661964,-0.073500,0.000000,0.000000,0.000000,0.000000,0.000000
16.671964,-0.073500,0.000000,0.000000,0.000000,0.000000,0.000000
16.681964,-0.073500,0.000000,0.000000,0.000000,0.000000,0.000000
16.691964,-0.073500,0.000000,0.000000,0.000000,0.000000,0.000000
16.701964,-0.073500,0.000000,0.000000,0.000000,0.000000,0.000000
16.711964,-0.073500,0.000000,0.000000,0.000000,0.000000,0.000000
16.721964,-0.073500,0.000000,0.000000,0.000000,0.000000,0.000000
16.731964,-0.073500,0.000000,0.000000,0.000000,0.000000,0.000000
16.741964,-0.073500,0.000000,0.000000,0.000000,0.000000,0.000000
16.751964,-0.073500,0.000000,0.000000,0.000000,0.000000,0.000000
16.761964,-0.073500,0.000000,0.000000,0.000000,0.000000,0.000000
16.771964,-0.073500,0.000000,0.000000,0.000000,0.000000,0.000000
16.781964,-0.073500,0.000000,0.000000,0.000000,0.000000,0.000000
16.791964,-0.073500,0.000000,0.000000,0.000000,0.000000,0.000000
16.801964,-0.080500,0.000000,0.000000,0.000000,0.000000,0.000000
16.811964,-0.080500,0.000000,0.000000,0.000000,0.000000,0.000000
16.821964,-0.080500,0.000000,0.000000,0.000000,0.000000,0.000000
16.831964,-0.080500,0.000000,0.000000,0.000000,0.000000,0.000000
16.841964,-0.080500,0.000000,0.000000,0.000000,0.000000,0.000000
16.851964,-0.080500,0.000000,0.000000,0.000000,0.000000,0.000000
16.861964,-0.080500,0.000000,0.000000,0.000000,0.000000,0.000000
16.871964,-0.080500,0.000000,0.000000,0.000000,0.000000,0.000000
16.881964,-0.080500,0.000000,0.000000,0.000000,0.000000,0.000000
16.891964,-0.080500,0.000000,0.000000,0.000000,0.000000,0.000000
16.901964,-0.080500,0.000000,0.000000,0.000000,0.000000,0.000000
16.911964,-0.080500,0.000000,0.000000,0.000000,0.000000,0.000000
16.921964,-0.080500,0.000000,0.000000,0.000000,0.000000,0.000000
16.931964,-0.080500,0.000000,0.000000,0.000000,0.000000,0.000000
16.941964,-0.088000,0.000000,0.000000,0.000000,0.000000,0.000000
16.951964,-0.088000,0.000000,0.000000,0.000000,0.000000,0.000000
16.961964,-0.088000,0.000000,0.000000,0.000000,0.000000,0.000000
16.971964,-0.088000,0.000000,0.000000,0.000000,0.000000,0.000000
16.981964,-0.088000,0.000000,0.000000,0.000000,0.000000,0.000000
16.991964,-0.088000,0.000000,0.000000,0.000000,0.000000,0.000000
17.001964,-0.088000,0.000000,0.000000,0.000000,0.000000,0.000000
17.011964,-0.088000,0.000000,0.000000,0.000000,0.000000,0.000000
17.021964,-0.088000,0.000000,0.000000,0.000000,0.000000,0.000000
17.031964,-0.088000,0.000000,0.000000,0.000000,0.000000,0.000000
17.041964,-0.088000,0.000000,0.000000,0.000000,0.000000,0.000000
17.051964,-0.088000,0.000000,0.000000,0.000000,0.000000,0.000000
17.061964,-0.088000,0.000000,0.000000,0.000000,0.000000,0.000000
17.071964,-0.088000,0.000000,0.000000,0.000000,0.000000,0.000000
17.081964,-0.088000,0.000000,0.000000,0.000000,0.000000,0.000000
17.091964,-0.094500,0.000000,0.000000,0.000000,0.000000,0.000000
17.101964,-0.094500,0.000000,0.000000,0.000000,0.000000,0.000000
17.111964,-0.094500,0.000000,0.000000,0.000000,0.000000,0.000000
17.121964,-0.094500,0.000000,0.000000,0.000000,0.000000,0.000000
17.131964,-0.094500,0.000000,0.000000,0.000000,0.000000,0.000000
17.141964,-0.094500,0.000000,0.000000,0.000000,0.000000,0.000000
17.151964,-0.094500,0.000000,0.000000,0.000000,0.000000,0.000000
17.161964,-0.094500,0.000000,0.000000,0.000000,0.000000,0.000000
17.171964,-0.094500,0.000000,0.000000,0.000000,0.000000,0.000000
17.181964,-0.094500,0.000000,0.000000,0.000000,0.000000,0.000000
17.191964,-0.094500,0.000000,0.000000,0.000000,0.000000,0.000000
17.201964,-0.094500,0.000000,0.000000,0.000000,0.000000,0.000000
17.211964,-0.097500,0.000000,0.000000,0.000000,0.000000,0.000000
17.221964,-0.097500,0.000000,0.000000,0.000000,0.000000,0.000000
17.231964,-0.097500,0.000000,0.000000,0.000000,0.000000,0.000000
17.241964,-0.097500,0.000000,0.000000,0.000000,0.000000,0.000000
17.251964,-0.097500,0.000000,0.000000,0.000000,0.000000,0.000000
17.261964,-0.097500,0.000000,0.000000,0.000000,0.000000,0.000000
17.271964,-0.097500,0.000000,0.000000,0.000000,0.000000,0.000000
17.281964,-0.097500,0.000000,0.000000,0.000000,0.000000,0.000000
17.291964,-0.097500,0.000000,0.000000,0.000000,0.000000,0.000000
17.301964,-0.097500,0.000000,0.000000,0.000000,0.000000,0.000000
17.311964,-0.097500,0.000000,0.000000,0.000000,0.000000,0.000000
17.321964,-0.097500,0.000000,0.000000,0.000000,0.000000,0.000000
17.331964,-0.097500,0.000000,0.000000,0.000000,0.000000,0.000000
17.341964,-0.097500,0.000000,0.000000,0.000000,0.000000,0.000000
17.351964,-0.097500,0.000000,0.000000,0.000000,0.000000,0.000000
17.361964,-0.097500,0.000000,0.000000,0.000000,0.000000,0.000000
17.371964,-0.097500,0.000000,0.000000,0.000000,0.000000,0.000000
17.381964,-0.091000,0.000000,0.000000,0.000000,0.000000,0.000000
17.391964,-0.091000,0.000000,0.000000,0.000000,0.000000,0.000000
17.401964,-0.091000,0.000000,0.000000,0.000000,0.000000,0.000000
17.411964,-0.091000,0.000000,0.000000,0.000000,0.000000,0.000000
17.421964,-0.091000,0.000000,0.000000,0.000000,0.000000,0.000000
17.431964,-0.091000,0.000000,0.000000,0.000000,0.000000,0.000000
17.441964,-0.091000,0.000000,0.000000,0.000000,0.000000,0.000000
17.451964,-0.091000,0.000000,0.000000,0.000000,0.000000,0.000000
17.461964,-0.091000,0.000000,0.000000,0.000000,0.000000,0.000000
17.471964,-0.091000,0.000000,0.000000,0.000000,0.000000,0.000000
17.481964,-0.091000,0.000000,0.000000,0.000000,0.000000,0.000000
17.491964,-0.091000,0.000000,0.000000,0.000000,0.000000,0.000000
17.501964,-0.084000,0.000000,0.000000,0.000000,0.000000,0.000000
17.511964,-0.084000,0.000000,0.000000,0.000000,0.000000,0.000000
17.521964,-0.084000,0.000000,0.000000,0.000000,0.000000,0.000000
17.531964,-0.084000,0.000000,0.000000,0.000000,0.000000,0.000000
17.541964,-0.084000,0.000000,0.000000,0.000000,0.000000,0.000000
17.551964,-0.084000,0.000000,0.000000,0.000000,0.000000,0.000000
17.561964,-0.084000,0.000000,0.000000,0.000000,0.000000,0.000000
17.571964,-0.084000,0.000000,0.000000,0.000000,0.000000,0.000000
17.581964,-0.084000,0.000000,0.000000,0.000000,0.000000,0.000000
17.591964,-0.084000,0.000000,0.000000,0.000000,0.000000,0.000000
17.601964,-0.084000,0.000000,0.000000,0.000000,0.000000,0.000000
17.611964,-0.084000,0.000000,0.000000,0.000000,0.000000,0.000000
17.621964,-0.084000,0.000000,0.000000,0.000000,0.000000,0.000000
17.631964,-0.084000,0.000000,0.000000,0.000000,0.000000,0.000000
17.641964,-0.084000,0.000000,0.000000,0.000000,0.000000,0.000000
17.651964,-0.077500,0.000000,0.000000,0.000000,0.000000,0.000000
17.661964,-0.077500,0.000000,0.000000,0.000000,0.000000,0.000000
17.671964,-0.077500,0.000000,0.000000,0.000000,0.000000,0.000000
17.681964,-0.077500,0.000000,0.000000,0.000000,0.000000,0.000000
17.691964,-0.077500,0.000000,0.000000,0.000000,0.000000,0.000000
17.701964,-0.077500,0.000000,0.000000,0.000000,0.000000,0.000000
17.711964,-0.077500,0.000000,0.000000,0.000000,0.000000,0.000000
17.721964,-0.077500,0.000000,0.000000,0.000000,0.000000,0.000000
17.731964,-0.077500,0.000000,0.000000,0.000000,0.000000,0.000000
17.741964,-0.077500,0.000000,0.000000,0.000000,0.000000,0.000000
17.751964,-0.077500,0.000000,0.000000,0.000000,0.000000,0.000000
17.761964,-0.077500,0.000000,0.000000,0.000000,0.000000,0.000000
17.771964,-0.077500,0.000000,0.000000,0.000000,0.000000,0.000000
17.781964,-0.072000,0.000000,0.000000,0.000000,0.000000,0.000000
17.791964,-0.072000,0.000000,0.000000,0.000000,0.000000,0.000000
17.801964,-0.072000,0.000000,0.000000,0.000000,0.000000,0.000000
17.811964,-0.072000,0.000000,0.000000,0.000000,0.000000,0.000000
17.821964,-0.072000,0.000000,0.000000,0.000000,0.000000,0.000000
17.831964,-0.072000,0.000000,0.000000,0.000000,0.000000,0.000000
17.841964,-0.072000,0.000000,0.000000,0.000000,0.000000,0.000000
17.851964,-0.072000,0.000000,0.000000,0.000000,0.000000,0.000000
17.861964,-0.072000,0.000000,0.000000,0.000000,0.000000,0.000000
17.871964,-0.072000,0.000000,0.000000,0.000000,0.000000,0.000000
17.881964,-0.072000,0.000000,0.000000,0.000000,0.000000,0.000000
17.891964,-0.065000,0.000000,0.000000,0.000000,0.000000,0.000000
17.901964,-0.065000,0.000000,0.000000,0.000000,0.000000,0.000000
17.911964,-0.065000,0.000000,0.000000,0.000000,0.000000,0.000000
17.921964,-0.065000,0.000000,0.000000,0.000000,0.000000,0.000000
17.931964,-0.065000,0.000000,0.000000,0.000000,0.000000,0.000000
17.941964,-0.065000,0.000000,0.000000,0.000000,0.000000,0.000000
17.951964,-0.065000,0.000000,0.000000,0.000000,0.000000,0.000000
17.961964,-0.065000,0.000000,0.000000,0.000000,0.000000,0.000000
17.971964,-0.065000,0.000000,0.000000,0.000000,0.000000,0.000000
17.981964,-0.065000,0.000000,0.000000,0.000000,0.000000,0.000000
17.991964,-0.065000,0.000000,0.000000,0.000000,0.000000,0.000000
18.001964,-0.065000,0.000000,0.000000,0.000000,0.000000,0.000000
18.011964,-0.065000,0.000000,0.000000,0.000000,0.000000,0.000000
18.021964,-0.065000,0.000000,0.000000,0.000000,0.000000,0.000000
18.031964,-0.058500,0.000000,0.000000,0.000000,0.000000,0.000000
18.041964,-0.058500,0.000000,0.000000,0.000000,0.000000,0.000000
18.051964,-0.058500,0.000000,0.000000,0.000000,0.000000,0.000000
18.061964,-0.058500,0.000000,0.000000,0.000000,0.000000,0.000000
18.071964,-0.058500,0.000000,0.000000,0.000000,0.000000,0.000000
18.081964,-0.058500,0.000000,0.000000,0.000000,0.000000,0.000000
18.091964,-0.058500,0.000000,0.000000,0.000000,0.000000,0.000000
18.101964,-0.058500,0.000000,0.000000,0.000000,0.000000,0.000000
18.111964,-0.058500,0.000000,0.000000,0.000000,0.000000,0.000000
18.121964,-0.058500,0.000000,0.000000,0.000000,0.000000,0.000000
18.131964,-0.058500,0.000000,0.000000,0.000000,0.000000,0.000000
18.141964,-0.058500,0.000000,0.000000,0.000000,0.000000,0.000000
18.151964,-0.058500,0.000000,0.000000,0.000000,0.000000,0.000000
18.161964,-0.052000,0.000000,0.000000,0.000000,0.000000,0.000000
18.171964,-0.052000,0.000000,0.000000,0.000000,0.000000,0.000000
18.181964,-0.052000,0.000000,0.000000,0.000000,0.000000,0.000000
18.191964,-0.052000,0.000000,0.000000,0.000000,0.000000,0.000000
18.201964,-0.052000,0.000000,0.000000,0.000000,0.000000,0.000000
18.211964,-0.052000,0.000000,0.000000,0.000000,0.000000,0.000000
18.221964,-0.052000,0.000000,0.000000,0.000000,0.000000,0.000000
18.231964,-0.052000,0.000000,0.000000,0.000000,0.000000,0.000000
18.241964,-0.052000,0.000000,0.000000,0.000000,0.000000,0.000000
18.251964,-0.052000,0.000000,0.000000,0.000000,0.000000,0.000000
18.261964,-0.052000,0.000000,0.000000,0.000000,0.000000,0.000000
18.271964,-0.052000,0.000000,0.000000,0.000000,0.000000,0.000000
18.281964,-0.052000,0.000000,0.000000,0.000000,0.000000,0.000000
18.291964,-0.044000,0.000000,0.000000,0.000000,0.000000,0.000000
18.301964,-0.044000,0.000000,0.000000,0.000000,0.000000,0.000000
18.311964,-0.044000,0.000000,0.000000,0.000000,0.000000,0.000000
18.321964,-0.044000,0.000000,0.000000,0.000000,0.000000,0.000000
18.331964,-0.044000,0.000000,0.000000,0.000000,0.000000,0.000000
18.341964,-0.044000,0.000000,0.000000,0.000000,0.000000,0.000000
18.351964,-0.044000,0.000000,0.000000,0.000000,0.000000,0.000000
18.361964,-0.044000,0.000000,0.000000,0.000000,0.000000,0.000000
18.371964,-0.044000,0.000000,0.000000,0.000000,0.000000,0.000000
18.381964,-0.044000,0.000000,0.000000,0.000000,0.000000,0.000000
18.391964,-0.044000,0.000000,0.000000,0.000000,0.000000,0.000000
18.401964,-0.044000,0.000000,0.000000,0.000000,0.000000,0.000000
18.411964,-0.044000,0.000000,0.000000,0.000000,0.000000,0.000000
18.421964,-0.044000,0.000000,0.000000,0.000000,0.000000,0.000000
18.431964,-0.044000,0.000000,0.000000,0.000000,0.000000,0.000000
18.441964,-0.044000,0.000000,0.000000,0.000000,0.000000,0.000000
18.451964,-0.035000,0.000000,0.000000,0.000000,0.000000,0.000000
18.461964,-0.035000,0.000000,0.000000,0.000000,0.000000,0.000000
18.471964,-0.035000,0.000000,0.000000,0.000000,0.000000,0.000000
18.481964,-0.035000,0.000000,0.000000,0.000000,0.000000,0.000000
18.491964,-0.035000,0.000000,0.000000,0.000000,0.000000,0.000000
18.501964,-0.035000,0.000000,0.000000,0.000000,0.000000,0.000000
18.511964,-0.035000,0.000000,0.000000,0.000000,0.000000,0.000000
18.521964,-0.035000,0.000000,0.000000,0.000000,0.000000,0.000000
18.531964,-0.035000,0.000000,0.000000,0.000000,0.000000,0.000000
18.541964,-0.035000,0.000000,0.000000,0.000000,0.000000,0.000000
18.551964,-0.035000,0.000000,0.000000,0.000000,0.000000,0.000000
18.561964,-0.035000,0.000000,0.000000,0.000000,0.000000,0.000000
18.571964,-0.035000,0.000000,0.000000,0.000000,0.000000,0.000000
18.581964,-0.035000,0.000000,0.000000,0.000000,0.000000,0.000000
18.591964,-0.035000,0.000000,0.000000,0.000000,0.000000,0.000000
18.601964,-0.035000,0.000000,0.000000,0.000000,0.000000,0.000000
18.611964,-0.035000,0.000000,0.000000,0.000000,0.000000,0.000000
18.621964,-0.035000,0.000000,0.000000,0.000000,0.000000,0.000000
18.631964,-0.028000,0.000000,0.000000,0.000000,0.000000,0.000000
18.641964,-0.028000,0.000000,0.000000,0.000000,0.000000,0.000000
18.651964,-0.028000,0.000000,0.000000,0.000000,0.000000,0.000000
18.661964,-0.028000,0.000000,0.000000,0.000000,0.000000,0.000000
18.671964,-0.028000,0.000000,0.000000,0.000000,0.000000,0.000000
18.681964,-0.028000,0.000000,0.000000,0.000000,0.000000,0.000000
18.691964,-0.028000,0.000000,0.000000,0.000000,0.000000,0.000000
18.701964,-0.028000,0.000000,0.000000,0.000000,0.000000,0.000000
18.711964,-0.028000,0.000000,0.000000,0.000000,0.000000,0.000000
18.721964,-0.028000,0.000000,0.000000,0.000000,0.000000,0.000000
18.731964,-0.028000,0.000000,0.000000,0.000000,0.000000,0.000000
18.741964,-0.028000,0.000000,0.000000,0.000000,0.000000,0.000000
18.751964,-0.028000,0.000000,0.000000,0.000000,0.000000,0.000000
18.761964,-0.028000,0.000000,0.000000,0.000000,0.000000,0.000000
18.771964,-0.019000,0.000000,0.000000,0.000000,0.000000,0.000000
18.781964,-0.019000,0.000000,0.000000,0.000000,0.000000,0.000000
18.791964,-0.019000,0.000000,0.000000,0.000000,0.000000,0.000000
18.801964,-0.019000,0.000000,0.000000,0.000000,0.000000,0.000000
18.811964,-0.019000,0.000000,0.000000,0.000000,0.000000,0.000000
18.821964,-0.019000,0.000000,0.000000,0.000000,0.000000,0.000000
18.831964,-0.019000,0.000000,0.000000,0.000000,0.000000,0.000000
18.841964,-0.019000,0.000000,0.000000,0.000000,0.000000,0.000000
18.851964,-0.019000,0.000000,0.000000,0.000000,0.000000,0.000000
18.861964,-0.019000,0.000000,0.000000,0.000000,0.000000,0.000000
18.871964,-0.019000,0.000000,0.000000,0.000000,0.000000,0.000000
18.881964,-0.019000,0.000000,0.000000,0.000000,0.000000,0.000000
18.891964,-0.019000,0.000000,0.000000,0.000000,0.000000,0.000000
18.901964,-0.019000,0.000000,0.000000,0.000000,0.000000,0.000000
18.911964,-0.019000,0.000000,0.000000,0.000000,0.000000,0.000000
18.921964,-0.019000,0.000000,0.000000,0.000000,0.000000,0.000000
18.931964,-0.019000,0.000000,0.000000,0.000000,0.000000,0.000000
18.941964,-0.019000,0.000000,0.000000,0.000000,0.000000,0.000000
18.951964,-0.011000,0.000000,0.000000,0.000000,0.000000,0.000000
18.961964,-0.011000,0.000000,0.000000,0.000000,0.000000,0.000000
18.971964,-0.011000,0.000000,0.000000,0.000000,0.000000,0.000000
18.981964,-0.011000,0.000000,0.000000,0.000000,0.000000,0.000000
18.991964,-0.011000,0.000000,0.000000,0.000000,0.000000,0.000000
19.001964,-0.011000,0.000000,0.000000,0.000000,0.000000,0.000000
19.011964,-0.011000,0.000000,0.000000,0.000000,0.000000,0.000000
19.021964,-0.011000,0.000000,0.000000,0.000000,0.000000,0.000000
19.031964,-0.011000,0.000000,0.000000,0.000000,0.000000,0.000000
19.041964,-0.011000,0.000000,0.000000,0.000000,0.000000,0.000000
19.051964,-0.011000,0.000000,0.000000,0.000000,0.000000,0.000000
19.061964,-0.011000,0.000000,0.000000,0.000000,0.000000,0.000000
19.071964,-0.011000,0.000000,0.000000,0.000000,0.000000,0.000000
19.081964,-0.011000,0.000000,0.000000,0.000000,0.000000,0.000000
19.091964,-0.011000,0.000000,0.000000,0.000000,0.000000,0.000000
19.101964,-0.011000,0.000000,0.000000,0.000000,0.000000,0.000000
19.111964,-0.002000,0.000000,0.000000,0.000000,0.000000,0.000000
19.121964,-0.002000,0.000000,0.000000,0.000000,0.000000,0.000000
19.131964,-0.002000,0.000000,0.000000,0.000000,0.000000,0.000000
19.141964,-0.002000,0.000000,0.000000,0.000000,0.000000,0.000000
19.151964,-0.002000,0.000000,0.000000,0.000000,0.000000,0.000000
19.161964,-0.002000,0.000000,0.000000,0.000000,0.000000,0.000000
19.171964,-0.002000,0.000000,0.000000,0.000000,0.000000,0.000000
19.181964,-0.002000,0.000000,0.000000,0.000000,0.000000,0.000000
19.191964,-0.002000,0.000000,0.000000,0.000000,0.000000,0.000000
19.201964,-0.002000,0.000000,0.000000,0.000000,0.000000,0.000000
19.211964,-0.002000,0.000000,0.000000,0.000000,0.000000,0.000000
19.221964,-0.002000,0.000000,0.000000,0.000000,0.000000,0.000000
19.231964,-0.002000,0.000000,0.000000,0.000000,0.000000,0.000000
19.241964,-0.002000,0.000000,0.000000,0.000000,0.000000,0.000000
19.251964,-0.002000,0.000000,0.000000,0.000000,0.000000,0.000000
19.261964,-0.002000,0.000000,0.000000,0.000000,0.000000,0.000000
19.271964,-0.002000,0.000000,0.000000,0.000000,0.000000,0.000000
19.281964,-0.002000,0.000000,0.000000,0.000000,0.000000,0.000000
19.291964,0.000000,0.000000,0.000000,0.000000,0.000000,0.000000
19.301964,0.000000,0.000000,0.000000,0.000000,0.000000,0.000000
19.311964,0.000000,0.000000,0.000000,0.000000,0.000000,0.000000
19.321964,0.000000,0.000000,0.000000,0.000000,0.000000,0.000000
19.331964,0.000000,0.000000,0.000000,0.000000,0.000000,0.000000
19.341964,0.000000,0.000000,0.000000,0.000000,0.000000,0.000000
19.351964,0.000000,0.000000,0.000000,0.000000,0.000000,0.000000
19.361964,0.000000,0.000000,0.000000,0.000000,0.000000,0.000000
19.371964,0.000000,0.000000,0.000000,0.000000,0.000000,0.000000
19.381964,0.000000,0.000000,0.000000,0.000000,0.000000,0.000000
19.391964,0.000000,0.000000,0.000000,0.000000,0.000000,0.000000
19.401964,0.000000,0.000000,0.000000,0.000000,0.000000,0.000000
19.411964,0.000000,0.000000,0.000000,0.000000,0.000000,0.000000
19.421964,0.000000,0.000000,0.000000,0.000000,0.000000,0.000000
19.431964,0.000000,0.000000,0.000000,0.000000,0.000000,0.000000
19.441964,0.000000,0.000000,0.000000,0.000000,0.000000,0.000000
19.451964,0.000000,0.000000,0.000000,0.000000,0.000000,0.000000
19.461964,0.000000,0.000000,0.000000,0.000000,0.000000,0.000000
19.471964,0.000000,0.000000,0.000000,0.000000,0.000000,0.000000
19.481964,0.000000,0.000000,0.000000,0.000000,0.000000,0.000000
19.491964,0.000000,0.000000,0.000000,0.000000,0.000000,0.000000
19.501964,0.000000,0.000000,0.000000,0.000000,0.000000,0.000000
19.511964,0.000000,0.000000,0.000000,0.000000,0.000000,0.000000
19.521964,0.000000,0.000000,0.000000,0.000000,0.000000,0.000000
19.531964,0.000000,0.000000,0.000000,0.000000,0.000000,0.000000
19.541964,0.000000,0.000000,0.000000,0.000000,0.000000,0.000000
19.551964,0.000000,0.000000,0.000000,0.000000,0.000000,0.000000
19.561964,0.000000,0.000000,0.000000,0.000000,0.000000,0.000000
19.571964,0.000000,0.000000,0.000000,0.000000,0.000000,0.000000
19.581964,0.000000,0.000000,0.000000,0.000000,0.000000,0.000000
19.591964,0.000000,0.000000,0.000000,0.000000,0.000000,0.000000
19.601964,0.000000,0.000000,0.000000,0.000000,0.000000,0.000000
19.611964,0.000000,0.000000,0.000000,0.000000,0.000000,0.000000
19.621964,0.000000,0.000000,0.000000,0.000000,0.000000,0.000000
19.631964,0.000000,0.000000,0.000000,0.000000,0.000000,0.000000
19.641964,0.000000,0.000000,0.000000,0.000000,0.000000,0.000000
19.651964,0.000000,0.000000,0.000000,0.000000,0.000000,0.000000
19.661964,0.000000,0.000000,0.000000,0.000000,0.000000,0.000000
19.671964,0.000000,0.000000,0.000000,0.000000,0.000000,0.000000
19.681964,0.000000,0.000000,0.000000,0.000000,0.000000,0.000000
19.691964,0.000000,0.000000,0.000000,0.000000,0.000000,0.000000
19.701964,0.000000,0.000000,0.000000,0.000000,0.000000,0.000000
19.711964,0.000000,0.000000,0.000000,0.000000,0.000000,0.000000
19.721964,0.000000,0.000000,0.000000,0.000000,0.000000,0.000000
19.731964,0.000000,0.000000,0.000000,0.000000,0.000000,0.000000
19.741964,0.000000,0.000000,0.000000,0.000000,0.000000,0.000000
19.751964,0.000000,0.000000,0.000000,0.000000,0.000000,0.000000
19.761964,0.000000,0.000000,0.000000,0.000000,0.000000,0.000000
19.771964,0.000000,0.000000,0.000000,0.000000,0.000000,0.000000
19.781964,0.000000,0.000000,0.000000,0.000000,0.000000,0.000000
19.791964,0.000000,0.000000,0.000000,0.000000,0.000000,0.000000
19.801964,0.000000,0.000000,0.000000,0.000000,0.000000,0.000000
19.811964,0.000000,0.000000,0.000000,0.000000,0.000000,0.000000
19.821964,0.000000,0.000000,0.000000,0.000000,0.000000,0.000000
19.831964,0.000000,0.000000,0.000000,0.000000,0.000000,0.000000
19.841964,0.000000,0.000000,0.000000,0.000000,0.000000,0.000000
19.851964,0.000000,0.000000,0.000000,0.000000,0.000000,0.000000
19.861964,0.000000,0.000000,0.000000,0.000000,0.000000,0.000000
19.871964,0.000000,0.000000,0.000000,0.000000,0.000000,0.000000
19.881964,0.000000,0.000000,0.000000,0.000000,0.000000,0.000000
19.891964,0.000000,0.000000,0.000000,0.000000,0.000000,0.000000
19.901964,0.000000,0.000000,0.000000,0.000000,0.000000,0.000000
19.911964,0.000000,0.000000,0.000000,0.000000,0.000000,0.000000
19.921964,0.000000,0.000000,0.000000,0.000000,0.000000,0.000000
19.931964,0.000000,0.000000,0.000000,0.000000,0.000000,0.000000
19.941964,0.000000,0.000000,0.000000,0.000000,0.000000,0.000000
19.951964,0.000000,0.000000,0.000000,0.000000,0.000000,0.000000
19.961964,0.000000,0.000000,0.000000,0.000000,0.000000,0.000000
19.971964,0.000000,0.000000,0.000000,0.000000,0.000000,0.000000
19.981964,0.000000,0.000000,0.000000,0.000000,0.000000,0.000000
19.991964,0.000000,0.000000,0.000000,0.000000,0.000000,0.000000
20.001964,0.000000,0.000000,0.000000,0.000000,0.000000,0.000000
20.011964,0.000000,0.000000,0.000000,0.000000,0.000000,0.000000
20.021964,0.000000,0.000000,0.000000,0.000000,0.000000,0.000000
20.031964,0.000000,0.000000,0.000000,0.000000,0.000000,0.000000
20.041964,0.000000,0.000000,0.000000,0.000000,0.000000,0.000000
20.051964,0.000000,0.000000,0.000000,0.000000,0.000000,0.000000
20.061964,0.000000,0.000000,0.000000,0.000000,0.000000,0.000000
20.071964,0.000000,0.000000,0.000000,0.000000,0.000000,0.000000
20.081964,0.000000,0.000000,0.000000,0.000000,0.000000,0.000000
20.091964,0.000000,0.000000,0.000000,0.000000,0.000000,0.000000
20.101964,0.000000,0.000000,0.000000,0.000000,0.000000,0.000000
20.111964,0.000000,0.000000,0.000000,0.000000,0.000000,0.000000
20.121964,0.000000,0.000000,0.000000,0.000000,0.000000,0.000000
20.131964,0.000000,0.000000,0.000000,0.000000,0.000000,0.000000
20.141964,0.000000,0.000000,0.000000,0.000000,0.000000,0.000000
20.151964,0.000000,0.000000,0.000000,0.000000,0.000000,0.000000
20.161964,0.000000,0.000000,0.000000,0.000000,0.000000,0.000000
20.171964,0.000000,0.000000,0.000000,0.000000,0.000000,0.000000
20.181964,0.000000,0.000000,0.000000,0.000000,0.000000,0.000000
20.191964,0.000000,0.000000,0.000000,0.000000,0.000000,0.000000
20.201964,0.000000,0.000000,0.000000,0.000000,0.000000,0.000000
20.211964,0.000000,0.000000,0.000000,0.000000,0.000000,0.000000
20.221964,0.000000,0.000000,0.000000,0.000000,0.000000,0.000000
20.231964,0.000000,0.000000,0.000000,0.000000,0.000000,0.000000
20.241964,0.000000,0.000000,0.000000,0.000000,0.000000,0.000000
20.251964,0.000000,0.000000,0.000000,0.000000,0.000000,0.000000
20.261964,0.000000,0.000000,0.000000,0.000000,0.000000,0.000000
20.271964,0.000000,0.000000,0.000000,0.000000,0.000000,0.000000
20.281964,0.000000,0.000000,0.000000,0.000000,0.000000,0.000000
20.291964,0.000000,0.000000,0.000000,0.000000,0.000000,0.000000
20.301964,0.000000,0.000000,0.000000,0.000000,0.000000,0.000000
20.311964,0.000000,0.000000,0.000000,0.000000,0.000000,0.000000
20.321964,0.000000,0.000000,0.000000,0.000000,0.000000,0.000000
20.331964,0.000000,0.000000,0.000000,0.000000,0.000000,0.000000
20.341964,0.000000,0.000000,0.000000,0.000000,0.000000,0.000000
20.351964,0.000000,0.000000,0.000000,0.000000,0.000000,0.000000
20.361964,0.000000,0.000000,0.000000,0.000000,0.000000,0.000000
20.371964,0.000000,0.000000,0.000000,0.000000,0.000000,0.000000
20.381964,0.000000,0.000000,0.000000,0.000000,0.000000,0.000000
20.391964,0.000000,0.000000,0.000000,0.000000,0.000000,0.000000
20.401964,0.000000,0.000000,0.000000,0.000000,0.000000,0.000000
20.411964,0.000000,0.000000,0.000000,0.000000,0.000000,0.000000
20.421964,0.000000,0.000000,0.000000,0.000000,0.000000,0.000000
20.431964,0.000000,0.000000,0.000000,0.000000,0.000000,0.000000
20.441964,0.000000,0.000000,0.000000,0.000000,0.000000,0.000000
20.451964,0.000000,0.000000,0.000000,0.000000,0.000000,0.000000
20.461964,0.000000,0.000000,0.000000,0.000000,0.000000,0.000000
20.471964,0.000000,0.000000,0.000000,0.000000,0.000000,0.000000
20.481964,0.000000,0.000000,0.000000,0.000000,0.000000,0.000000
20.491964,0.000000,0.000000,0.000000,0.000000,0.000000,0.000000
20.501964,0.000000,0.000000,0.000000,0.000000,0.000000,0.000000
20.511964,0.000000,0.000000,0.000000,0.000000,0.000000,0.000000
20.521964,0.000000,0.000000,0.000000,0.000000,0.000000,0.000000
20.531964,0.000000,0.000000,0.000000,0.000000,0.000000,0.000000
20.541964,0.000000,0.000000,0.000000,0.000000,0.000000,0.000000
20.551964,0.000000,0.000000,0.000000,0.000000,0.000000,0.000000
20.561964,0.000000,0.000000,0.000000,0.000000,0.000000,0.000000
20.571964,0.000000,0.000000,0.000000,0.000000,0.000000,0.000000
20.581964,0.000000,0.000000,0.000000,0.000000,0.000000,0.000000
20.591964,0.000000,0.000000,0.000000,0.000000,0.000000,0.000000
20.601964,0.000000,0.000000,0.000000,0.000000,0.000000,0.000000
20.611964,0.000000,0.000000,0.000000,0.000000,0.000000,0.000000
20.621964,0.000000,0.000000,0.000000,0.000000,0.000000,0.000000
20.631964,0.000000,0.000000,0.000000,0.000000,0.000000,0.000000
20.641964,0.000000,0.000000,0.000000,0.000000,0.000000,0.000000
20.651964,0.000000,0.000000,0.000000,0.000000,0.000000,0.000000
20.661964,0.000000,0.000000,0.000000,0.000000,0.000000,0.000000
20.671964,0.000000,0.000000,0.000000,0.000000,0.000000,0.000000
20.681964,0.000000,0.000000,0.000000,0.000000,0.000000,0.000000
20.691964,0.000000,0.000000,0.000000,0.000000,0.000000,0.000000
20.701964,0.000000,0.000000,0.000000,0.000000,0.000000,0.000000
20.711964,0.000000,0.000000,0.000000,0.000000,0.000000,0.000000
20.721964,0.000000,0.000000,0.000000,0.000000,0.000000,0.000000
20.731964,0.000000,0.000000,0.000000,0.000000,0.000000,0.000000
20.741964,0.000000,0.000000,0.000000,0.000000,0.000000,0.000000
20.751964,0.000000,0.000000,0.000000,0.000000,0.000000,0.000000
20.761964,0.000000,0.000000,0.000000,0.000000,0.000000,0.000000
20.771964,0.000000,0.000000,0.000000,0.000000,0.000000,0.000000
20.781964,0.000000,0.000000,0.000000,0.000000,0.000000,0.000000
20.791964,0.000000,0.000000,0.000000,0.000000,0.000000,0.000000
20.801964,0.000000,0.000000,0.000000,0.000000,0.000000,0.000000
20.811964,0.000000,0.000000,0.000000,0.000000,0.000000,0.000000
20.821964,0.000000,0.000000,0.000000,0.000000,0.000000,0.000000
20.831964,0.000000,0.000000,0.000000,0.000000,0.000000,0.000000
20.841964,0.000000,0.000000,0.000000,0.000000,0.000000,0.000000
20.851964,0.000000,0.000000,0.000000,0.000000,0.000000,0.000000
20.861964,0.000000,0.000000,0.000000,0.000000,0.000000,0.000000
20.871964,0.000000,0.000000,0.000000,0.000000,0.000000,0.000000
20.881964,0.000000,0.000000,0.000000,0.000000,0.000000,0.000000
20.891964,0.000000,0.000000,0.000000,0.000000,0.000000,0.000000
20.901964,0.000000,0.000000,0.000000,0.000000,0.000000,0.000000
20.911964,0.000000,0.000000,0.000000,0.000000,0.000000,0.000000
20.921964,0.000000,0.000000,0.000000,0.000000,0.000000,0.000000
20.931964,0.000000,0.000000,0.000000,0.000000,0.000000,0.000000
20.941964,0.000000,0.000000,0.000000,0.000000,0.000000,0.000000
20.951964,0.000000,0.000000,0.000000,0.000000,0.000000,0.000000
20.961964,0.000000,0.000000,0.000000,0.000000,0.000000,0.000000
20.971964,0.000000,0.000000,0.000000,0.000000,0.000000,0.000000
20.981964,0.000000,0.000000,0.000000,0.000000,0.000000,0.000000
20.991964,0.000000,0.000000,0.000000,0.000000,0.000000,0.000000
21.001964,0.000000,0.000000,0.000000,0.000000,0.000000,0.000000
21.011964,0.000000,0.000000,0.000000,0.000000,0.000000,0.000000
21.021964,0.000000,0.000000,0.000000,0.000000,0.000000,0.000000
21.031964,0.000000,0.000000,0.000000,0.000000,0.000000,0.000000
21.041964,0.000000,0.000000,0.000000,0.000000,0.000000,0.000000
21.051964,0.000000,0.000000,0.000000,0.000000,0.000000,0.000000
21.061964,0.000000,0.000000,0.000000,0.000000,0.000000,0.000000
21.071964,0.000000,0.000000,0.000000,0.000000,0.000000,0.000000
21.081964,0.000000,0.000000,0.000000,0.000000,0.000000,0.000000
21.091964,0.000000,0.000000,0.000000,0.000000,0.000000,0.000000
21.101964,0.000000,0.000000,0.000000,0.000000,0.000000,0.000000
21.111964,0.000000,0.000000,0.000000,0.000000,0.000000,0.000000
21.121964,0.000000,0.000000,0.000000,0.000000,0.000000,0.000000
21.131964,0.000000,0.000000,0.000000,0.000000,0.000000,0.000000
21.141964,0.000000,0.000000,0.000000,0.000000,0.000000,0.000000
21.151964,0.000000,0.000000,0.000000,0.000000,0.000000,0.000000
21.161964,0.000000,0.000000,0.000000,0.000000,0.000000,0.000000
21.171964,0.000000,0.000000,0.000000,0.000000,0.000000,0.000000
21.181964,0.000000,0.000000,0.000000,0.000000,0.000000,0.000000
21.191964,0.000000,0.000000,0.000000,0.000000,0.000000,0.000000
21.201964,0.000000,0.000000,0.000000,0.000000,0.000000,0.000000
21.211964,0.000000,0.000000,0.000000,0.000000,0.000000,0.000000
21.221964,0.000000,0.000000,0.000000,0.000000,0.000000,0.000000
21.231964,0.000000,0.000000,0.000000,0.000000,0.000000,0.000000
21.241964,0.000000,0.000000,0.000000,0.000000,0.000000,0.000000
21.251964,0.000000,0.000000,0.000000,0.000000,0.000000,0.000000
21.261964,0.000000,0.000000,0.000000,0.000000,0.000000,0.000000
21.271964,0.000000,0.000000,0.000000,0.000000,0.000000,0.000000
21.281964,0.000000,0.000000,0.000000,0.000000,0.000000,0.000000
21.291964,0.000000,0.000000,0.000000,0.000000,0.000000,0.000000
21.301964,0.000000,0.000000,0.000000,0.000000,0.000000,0.000000
21.311964,0.000000,0.000000,0.000000,0.000000,0.000000,0.000000
21.321964,0.000000,0.000000,0.000000,0.000000,0.000000,0.000000
21.331964,0.000000,0.000000,0.000000,0.000000,0.000000,0.000000
21.341964,0.000000,0.000000,0.000000,0.000000,0.000000,0.000000
21.351964,0.000000,0.000000,0.000000,0.000000,0.000000,0.000000
21.361964,0.000000,0.000000,0.000000,0.000000,0.000000,0.000000
21.371964,0.000000,0.000000,0.000000,0.000000,0.000000,0.000000
21.381964,0.000000,0.000000,0.000000,0.000000,0.000000,0.000000
21.391964,0.000000,0.000000,0.000000,0.000000,0.000000,0.000000
21.401964,0.000000,0.000000,0.000000,0.000000,0.000000,0.000000
21.411964,0.000000,0.000000,0.000000,0.000000,0.000000,0.000000
21.421964,0.000000,0.000000,0.000000,0.000000,0.000000,0.000000
21.431964,0.000000,0.000000,0.000000,0.000000,0.000000,0.000000
21.441964,0.000000,0.000000,0.000000,0.000000,0.000000,0.000000
21.451964,0.000000,0.000000,0.000000,0.000000,0.000000,0.000000
21.461964,0.000000,0.000000,0.000000,0.000000,0.000000,0.000000
21.471964,0.000000,0.000000,0.000000,0.000000,0.000000,0.000000
21.481964,0.000000,0.000000,0.000000,0.000000,0.000000,0.000000
21.491964,0.000000,0.000000,0.000000,0.000000,0.000000,0.000000
21.501964,0.000000,0.000000,0.000000,0.000000,0.000000,0.000000
21.511964,0.000000,0.000000,0.000000,0.000000,0.000000,0.000000
21.521964,0.000000,0.000000,0.000000,0.000000,0.000000,0.000000
21.531964,0.000000,0.000000,0.000000,0.000000,0.000000,0.000000
21.541964,0.000000,0.000000,0.000000,0.000000,0.000000,0.000000
21.551964,0.000000,0.000000,0.000000,0.000000,0.000000,0.000000
21.561964,0.000000,0.000000,0.000000,0.000000,0.000000,0.000000
21.571964,0.000000,0.000000,0.000000,0.000000,0.000000,0.000000
21.581964,0.000000,0.000000,0.000000,0.000000,0.000000,0.000000
21.591964,0.000000,0.000000,0.000000,0.000000,0.000000,0.000000
21.601964,0.000000,0.000000,0.000000,0.000000,0.000000,0.000000
21.611964,0.000000,0.000000,0.000000,0.000000,0.000000,0.000000
21.621964,0.000000,0.000000,0.000000,0.000000,0.000000,0.000000
21.631964,0.000000,0.000000,0.000000,0.000000,0.000000,0.000000
21.641964,0.000000,0.000000,0.000000,0.000000,0.000000,0.000000
21.651964,0.000000,0.000000,0.000000,0.000000,0.000000,0.000000
21.661964,0.000000,0.000000,0.000000,0.000000,0.000000,0.000000
21.671964,0.000000,0.000000,0.000000,0.000000,0.000000,0.000000
21.681964,0.000000,0.000000,0.000000,0.000000,0.000000,0.000000
21.691964,0.000000,0.000000,0.000000,0.000000,0.000000,0.000000
21.701964,0.000000,0.000000,0.000000,0.000000,0.000000,0.000000
21.711964,0.000000,0.000000,0.000000,0.000000,0.000000,0.000000
21.721964,0.000000,0.000000,0.000000,0.000000,0.000000,0.000000
21.731964,0.000000,0.000000,0.000000,0.000000,0.000000,0.000000
21.741964,0.000000,0.000000,0.000000,0.000000,0.000000,0.000000
21.751964,0.000000,0.000000,0.000000,0.000000,0.000000,0.000000
21.761964,0.000000,0.000000,0.000000,0.000000,0.000000,0.000000
21.771964,0.000000,0.000000,0.000000,0.000000,0.000000,0.000000
21.781964,0.000000,0.000000,0.000000,0.000000,0.000000,0.000000
21.791964,0.000000,0.000000,0.000000,0.000000,0.000000,0.000000
21.801964,0.000000,0.000000,0.000000,0.000000,0.000000,0.000000
21.811964,0.000000,0.000000,0.000000,0.000000,0.000000,0.000000
21.821964,0.000000,0.000000,0.000000,0.000000,0.000000,0.000000
21.831964,0.000000,0.000000,0.000000,0.000000,0.000000,0.000000
21.841964,0.000000,0.000000,0.000000,0.000000,0.000000,0.000000
21.851964,0.000000,0.000000,0.000000,0.000000,0.000000,0.000000
21.861964,0.000000,0.000000,0.000000,0.000000,0.000000,0.000000
21.871964,0.000000,0.000000,0.000000,0.000000,0.000000,0.000000
21.881964,0.000000,0.000000,0.000000,0.000000,0.000000,0.000000
21.891964,0.000000,0.000000,0.000000,0.000000,0.000000,0.000000
21.901964,0.000000,0.000000,0.000000,0.000000,0.000000,0.000000
21.911964,0.000000,0.000000,0.000000,0.000000,0.000000,0.000000
21.921964,0.000000,0.000000,0.000000,0.000000,0.000000,0.000000
21.931964,0.000000,0.000000,0.000000,0.000000,0.000000,0.000000
21.941964,0.000000,0.000000,0.000000,0.000000,0.000000,0.000000
21.951964,0.000000,0.000000,0.000000,0.000000,0.000000,0.000000
21.961964,0.000000,0.000000,0.000000,0.000000,0.000000,0.000000
21.971964,0.000000,0.000000,0.000000,0.000000,0.000000,0.000000
21.981964,0.000000,0.000000,0.000000,0.000000,0.000000,0.000000
21.991964,0.000000,0.000000,0.000000,0.000000,0.000000,0.000000
22.001964,0.000000,0.000000,0.000000,0.000000,0.000000,0.000000
22.011964,0.000000,0.000000,0.000000,0.000000,0.000000,0.000000
22.021964,0.000000,0.000000,0.000000,0.000000,0.000000,0.000000
22.031964,0.000000,0.000000,0.000000,0.000000,0.000000,0.000000
22.041964,0.000000,0.000000,0.000000,0.000000,0.000000,0.000000
22.051964,0.000000,0.000000,0.000000,0.000000,0.000000,0.000000
22.061964,0.000000,0.000000,0.000000,0.000000,0.000000,0.000000
22.071964,0.000000,0.000000,0.000000,0.000000,0.000000,0.000000
22.081964,0.000000,0.000000,0.000000,0.000000,0.000000,0.000000
22.091964,0.000000,0.000000,0.000000,0.000000,0.000000,0.000000
22.101964,0.000000,0.000000,0.000000,0.000000,0.000000,0.000000
22.111964,0.000000,0.000000,0.000000,0.000000,0.000000,0.000000
22.121964,0.000000,0.000000,0.000000,0.000000,0.000000,0.000000
22.131964,0.000000,0.000000,0.000000,0.000000,0.000000,0.000000
22.141964,0.000000,0.000000,0.000000,0.000000,0.000000,0.000000
22.151964,0.000000,0.000000,0.000000,0.000000,0.000000,0.000000
22.161964,0.000000,0.000000,0.000000,0.000000,0.000000,0.000000
22.171964,0.000000,0.000000,0.000000,0.000000,0.000000,0.000000
22.181964,0.000000,0.000000,0.000000,0.000000,0.000000,0.000000
22.191964,0.000000,0.000000,0.000000,0.000000,0.000000,0.000000
22.201964,0.000000,0.000000,0.000000,0.000000,0.000000,0.000000
22.211964,0.000000,0.000000,0.000000,0.000000,0.000000,0.000000
22.221964,0.000000,0.000000,0.000000,0.000000,0.000000,0.000000
22.231964,0.000000,0.000000,0.000000,0.000000,0.000000,0.000000
22.241964,0.000000,0.000000,0.000000,0.000000,0.000000,0.000000
22.251964,0.000000,0.000000,0.000000,0.000000,0.000000,0.000000
22.261964,0.000000,0.000000,0.000000,0.000000,0.000000,0.000000
22.271964,0.000000,0.000000,0.000000,0.000000,0.000000,0.000000
22.281964,0.000000,0.000000,0.000000,0.000000,0.000000,0.000000
22.291964,0.000000,0.000000,0.000000,0.000000,0.000000,0.000000
22.301964,0.000000,0.000000,0.000000,0.000000,0.000000,0.000000
22.311964,0.000000,0.000000,0.000000,0.000000,0.000000,0.000000
22.321964,0.000000,0.000000,0.000000,0.000000,0.000000,0.000000
22.331964,0.000000,0.000000,0.000000,0.000000,0.000000,0.000000
22.341964,0.000000,0.000000,0.000000,0.000000,0.000000,0.000000
22.351964,0.000000,0.000000,0.000000,0.000000,0.000000,0.000000
22.361964,0.000000,0.000000,0.000000,0.000000,0.000000,0.000000
22.371964,0.000000,0.000000,0.000000,0.000000,0.000000,0.000000
22.381964,0.000000,0.000000,0.000000,0.000000,0.000000,0.000000
22.391964,0.000000,0.000000,0.000000,0.000000,0.000000,0.000000
22.401964,0.000000,0.000000,0.000000,0.000000,0.000000,0.000000
22.411964,0.000000,0.000000,0.000000,0.000000,0.000000,0.000000
22.421964,0.000000,0.000000,0.000000,0.000000,0.000000,0.000000
22.431964,0.000000,0.000000,0.000000,0.000000,0.000000,0.000000
22.441964,0.000000,0.000000,0.000000,0.000000,0.000000,0.000000
22.451964,0.000000,0.000000,0.000000,0.000000,0.000000,0.000000
22.461964,0.000000,0.000000,0.000000,0.000000,0.000000,0.000000
22.471964,0.000000,0.000000,0.000000,0.000000,0.000000,0.000000
22.481964,0.000000,0.000000,0.000000,0.000000,0.000000,0.000000
22.491964,0.000000,0.000000,0.000000,0.000000,0.000000,0.000000
22.501964,0.000000,0.000000,0.000000,0.000000,0.000000,0.000000
22.511964,0.000000,0.000000,0.000000,0.000000,0.000000,0.000000
22.521964,0.000000,0.000000,0.000000,0.000000,0.000000,0.000000
22.531964,0.000000,0.000000,0.000000,0.000000,0.000000,0.000000
22.541964,0.000000,0.000000,0.000000,0.000000,0.000000,0.000000
22.551964,0.000000,0.000000,0.000000,0.000000,0.000000,0.000000
22.561964,0.000000,0.000000,0.000000,0.000000,0.000000,0.000000
22.571964,0.000000,0.000000,0.000000,0.000000,0.000000,0.000000
22.581964,0.000000,0.000000,0.000000,0.000000,0.000000,0.000000
22.591964,0.000000,0.000000,0.000000,0.000000,0.000000,0.000000
22.601964,0.000000,0.000000,0.000000,0.000000,0.000000,0.000000
22.611964,0.000000,0.000000,0.000000,0.000000,0.000000,0.000000
22.621964,0.000000,0.000000,0.000000,0.000000,0.000000,0.000000
22.631964,0.000000,0.000000,0.000000,0.000000,0.000000,0.000000
22.641964,0.000000,0.000000,0.000000,0.000000,0.000000,0.000000
22.651964,0.000000,0.000000,0.000000,0.000000,0.000000,0.000000
22.661964,0.000000,0.000000,0.000000,0.000000,0.000000,0.000000
22.671964,0.000000,0.000000,0.000000,0.000000,0.000000,0.000000
22.681964,0.000000,0.000000,0.000000,0.000000,0.000000,0.000000
22.691964,0.000000,0.000000,0.000000,0.000000,0.000000,0.000000
22.701964,0.000000,0.000000,0.000000,0.000000,0.000000,0.000000
22.711964,0.000000,0.000000,0.000000,0.000000,0.000000,0.000000
22.721964,0.000000,0.000000,0.000000,0.000000,0.000000,0.000000
22.731964,0.000000,0.000000,0.000000,0.000000,0.000000,0.000000
22.741964,0.000000,0.000000,0.000000,0.000000,0.000000,0.000000
22.751964,0.000000,0.000000,0.000000,0.000000,0.000000,0.000000
22.761964,0.000000,0.000000,0.000000,0.000000,0.000000,0.000000
22.771964,0.000000,0.000000,0.000000,0.000000,0.000000,0.000000
22.781964,0.000000,0.000000,0.000000,0.000000,0.000000,0.000000
22.791964,0.000000,0.000000,0.000000,0.000000,0.000000,0.000000
22.801964,0.000000,0.000000,0.000000,0.000000,0.000000,0.000000
22.811964,0.000000,0.000000,0.000000,0.000000,0.000000,0.000000
22.821964,0.000000,0.000000,0.000000,0.000000,0.000000,0.000000
22.831964,0.000000,0.000000,0.000000,0.000000,0.000000,0.000000
22.841964,0.000000,0.000000,0.000000,0.000000,0.000000,0.000000
22.851964,0.000000,0.000000,0.000000,0.000000,0.000000,0.000000
22.861964,0.000000,0.000000,0.000000,0.000000,0.000000,0.000000
22.871964,0.000000,0.000000,0.000000,0.000000,0.000000,0.000000
22.881964,0.000000,0.000000,0.000000,0.000000,0.000000,0.000000
22.891964,0.000000,0.000000,0.000000,0.000000,0.000000,0.000000
22.901964,0.000000,0.000000,0.000000,0.000000,0.000000,0.000000
22.911964,0.000000,0.000000,0.000000,0.000000,0.000000,0.000000
22.921964,0.000000,0.000000,0.000000,0.000000,0.000000,0.000000
22.931964,0.000000,0.000000,0.000000,0.000000,0.000000,0.000000
22.941964,0.000000,0.000000,0.000000,0.000000,0.000000,0.000000
22.951964,0.000000,0.000000,0.000000,0.000000,0.000000,0.000000
22.961964,0.000000,0.000000,0.000000,0.000000,0.000000,0.000000
22.971964,0.000000,0.000000,0.000000,0.000000,0.000000,0.000000
22.981964,0.000000,0.000000,0.000000,0.000000,0.000000,0.000000
22.991964,0.000000,0.000000,0.000000,0.000000,0.000000,0.000000
23.001964,0.000000,0.000000,0.000000,0.000000,0.000000,0.000000
23.011964,0.000000,0.000000,0.000000,0.000000,0.000000,0.000000
23.021964,0.000000,0.000000,0.000000,0.000000,0.000000,0.000000
23.031964,0.000000,0.000000,0.000000,0.000000,0.000000,0.000000
23.041964,0.000000,0.000000,0.000000,0.000000,0.000000,0.000000
23.051964,0.000000,0.000000,0.000000,0.000000,0.000000,0.000000
23.061964,0.000000,0.000000,0.000000,0.000000,0.000000,0.000000
23.071964,0.000000,0.000000,0.000000,0.000000,0.000000,0.000000
23.081964,0.000000,0.000000,0.000000,0.000000,0.000000,0.000000
23.091964,0.000000,0.000000,0.000000,0.000000,0.000000,0.000000
23.101964,0.000000,0.000000,0.000000,0.000000,0.000000,0.000000
23.111964,0.000000,0.000000,0.000000,0.000000,0.000000,0.000000
23.121964,0.000000,0.000000,0.000000,0.000000,0.000000,0.000000
23.131964,0.000000,0.000000,0.000000,0.000000,0.000000,0.000000
23.141964,0.000000,0.000000,0.000000,0.000000,0.000000,0.000000
23.151964,0.000000,0.000000,0.000000,0.000000,0.000000,0.000000
23.161964,0.000000,0.000000,0.000000,0.000000,0.000000,0.000000
23.171964,0.000000,0.000000,0.000000,0.000000,0.000000,0.000000
23.181964,0.000000,0.000000,0.000000,0.000000,0.000000,0.000000
23.191964,0.000000,0.000000,0.000000,0.000000,0.000000,0.000000
23.201964,0.000000,0.000000,0.000000,0.000000,0.000000,0.000000
23.211964,0.000000,0.000000,0.000000,0.000000,0.000000,0.000000
23.221964,0.000000,0.000000,0.000000,0.000000,0.000000,0.000000
23.231964,0.000000,0.000000,0.000000,0.000000,0.000000,0.000000
23.241964,0.000000,0.000000,0.000000,0.000000,0.000000,0.000000
23.251964,0.000000,0.000000,0.000000,0.000000,0.000000,0.000000
23.261964,0.000000,0.000000,0.000000,0.000000,0.000000,0.000000
23.271964,0.000000,0.000000,0.000000,0.000000,0.000000,0.000000
23.281964,0.000000,0.000000,0.000000,0.000000,0.000000,0.000000
23.291964,0.000000,0.000000,0.000000,0.000000,0.000000,0.000000
23.301964,0.000000,0.000000,0.000000,0.000000,0.000000,0.000000
23.311964,0.000000,0.000000,0.000000,0.000000,0.000000,0.000000
23.321964,0.000000,0.000000,0.000000,0.000000,0.000000,0.000000
23.331964,0.000000,0.000000,0.000000,0.000000,0.000000,0.000000
23.341964,0.000000,0.000000,0.000000,0.000000,0.000000,0.000000
23.351964,0.000000,0.000000,0.000000,0.000000,0.000000,0.000000
23.361964,0.000000,0.000000,0.000000,0.000000,0.000000,0.000000
23.371964,0.000000,0.000000,0.000000,0.000000,0.000000,0.000000
23.381964,0.000000,0.000000,0.000000,0.000000,0.000000,0.000000
23.391964,0.000000,0.000000,0.000000,0.000000,0.000000,0.000000
23.401964,0.000000,0.000000,0.000000,0.000000,0.000000,0.000000
23.411964,0.000000,0.000000,0.000000,0.000000,0.000000,0.000000
23.421964,0.000000,0.000000,0.000000,0.000000,0.000000,0.000000
23.431964,0.000000,0.000000,0.000000,0.000000,0.000000,0.000000
23.441964,0.000000,0.000000,0.000000,0.000000,0.000000,0.000000
23.451964,0.000000,0.000000,0.000000,0.000000,0.000000,0.000000
23.461964,0.000000,0.000000,0.000000,0.000000,0.000000,0.000000
23.471964,0.000000,0.000000,0.000000,0.000000,0.000000,0.000000
23.481964,0.000000,0.000000,0.000000,0.000000,0.000000,0.000000
23.491964,0.000000,0.000000,0.000000,0.000000,0.000000,0.000000
23.501964,0.000000,0.000000,0.000000,0.000000,0.000000,0.000000
23.511964,0.000000,0.000000,0.000000,0.000000,0.000000,0.000000
23.521964,0.000000,0.000000,0.000000,0.000000,0.000000,0.000000
23.531964,0.000000,0.000000,0.000000,0.000000,0.000000,0.000000
23.541964,0.000000,0.000000,0.000000,0.000000,0.000000,0.000000
23.551964,0.000000,0.000000,0.000000,0.000000,0.000000,0.000000
23.561964,0.000000,0.000000,0.000000,0.000000,0.000000,0.000000
23.571964,0.000000,0.000000,0.000000,0.000000,0.000000,0.000000
23.581964,0.000000,0.000000,0.000000,0.000000,0.000000,0.000000
23.591964,0.000000,0.000000,0.000000,0.000000,0.000000,0.000000
23.601964,0.000000,0.000000,0.000000,0.000000,0.000000,0.000000
23.611964,0.000000,0.000000,0.000000,0.000000,0.000000,0.000000
23.621964,0.000000,0.000000,0.000000,0.000000,0.000000,0.000000
23.631964,0.000000,0.000000,0.000000,0.000000,0.000000,0.000000
23.641964,0.000000,0.000000,0.000000,0.000000,0.000000,0.000000
23.651964,0.000000,0.000000,0.000000,0.000000,0.000000,0.000000
23.661964,0.000000,0.000000,0.000000,0.000000,0.000000,0.000000
23.671964,0.000000,0.000000,0.000000,0.000000,0.000000,0.000000
23.681964,0.000000,0.000000,0.000000,0.000000,0.000000,0.000000
23.691964,0.000000,0.000000,0.000000,0.000000,0.000000,0.000000
23.701964,0.000000,0.000000,0.000000,0.000000,0.000000,0.000000
23.711964,0.000000,0.000000,0.000000,0.000000,0.000000,0.000000
23.721964,0.000000,0.000000,0.000000,0.000000,0.000000,0.000000
23.731964,0.000000,0.000000,0.000000,0.000000,0.000000,0.000000
23.741964,0.000000,0.000000,0.000000,0.000000,0.000000,0.000000
23.751964,0.000000,0.000000,0.000000,0.000000,0.000000,0.000000
23.761964,0.000000,0.000000,0.000000,0.000000,0.000000,0.000000
23.771964,0.000000,0.000000,0.000000,0.000000,0.000000,0.000000
23.781964,0.000000,0.000000,0.000000,0.000000,0.000000,0.000000
23.791964,0.000000,0.000000,0.000000,0.000000,0.000000,0.000000
23.801964,0.000000,0.000000,0.000000,0.000000,0.000000,0.000000
23.811964,0.000000,0.000000,0.000000,0.000000,0.000000,0.000000
23.821964,0.000000,0.000000,0.000000,0.000000,0.000000,0.000000
23.831964,0.000000,0.000000,0.000000,0.000000,0.000000,0.000000
23.841964,0.000000,0.000000,0.000000,0.000000,0.000000,0.000000
23.851964,0.000000,0.000000,0.000000,0.000000,0.000000,0.000000
23.861964,0.000000,0.000000,0.000000,0.000000,0.000000,0.000000
23.871964,0.000000,0.000000,0.000000,0.000000,0.000000,0.000000
23.881964,0.000000,0.000000,0.000000,0.000000,0.000000,0.000000
23.891964,0.000000,0.000000,0.000000,0.000000,0.000000,0.000000
23.901964,0.000000,0.000000,0.000000,0.000000,0.000000,0.000000
23.911964,0.000000,0.000000,0.000000,0.000000,0.000000,0.000000
23.921964,0.000000,0.000000,0.000000,0.000000,0.000000,0.000000
23.931964,0.000000,0.000000,0.000000,0.000000,0.000000,0.000000
23.941964,0.000000,0.000000,0.000000,0.000000,0.000000,0.000000
23.951964,0.000000,0.000000,0.000000,0.000000,0.000000,0.000000
23.961964,0.000000,0.000000,0.000000,0.000000,0.000000,0.000000
23.971964,0.000000,0.000000,0.000000,0.000000,0.000000,0.000000
23.981964,0.000000,0.000000,0.000000,0.000000,0.000000,0.000000
23.991964,0.000000,0.000000,0.000000,0.000000,0.000000,0.000000
24.001964,0.000000,0.000000,0.000000,0.000000,0.000000,0.000000
24.011964,0.000000,0.000000,0.000000,0.000000,0.000000,0.000000
24.021964,0.000000,0.000000,0.000000,0.000000,0.000000,0.000000
24.031964,0.000000,0.000000,0.000000,0.000000,0.000000,0.000000
24.041964,0.000000,0.000000,0.000000,0.000000,0.000000,0.000000
24.051964,0.000000,0.000000,0.000000,0.000000,0.000000,0.000000
24.061964,0.000000,0.000000,0.000000,0.000000,0.000000,0.000000
24.071964,0.000000,0.000000,0.000000,0.000000,0.000000,0.000000
24.081964,0.000000,0.000000,0.000000,0.000000,0.000000,0.000000
24.091964,0.000000,0.000000,0.000000,0.000000,0.000000,0.000000
24.101964,0.000000,0.000000,0.000000,0.000000,0.000000,0.000000
24.111964,0.000000,0.000000,0.000000,0.000000,0.000000,0.000000
24.121964,0.000000,0.000000,0.000000,0.000000,0.000000,0.000000
24.131964,0.000000,0.000000,0.000000,0.000000,0.000000,0.000000
24.141964,0.000000,0.000000,0.000000,0.000000,0.000000,0.000000
24.151964,0.000000,0.000000,0.000000,0.000000,0.000000,0.000000
24.161964,0.000000,0.000000,0.000000,0.000000,0.000000,0.000000
24.171964,0.000000,0.000000,0.000000,0.000000,0.000000,0.000000
24.181964,0.000000,0.000000,0.000000,0.000000,0.000000,0.000000
24.191964,0.000000,0.000000,0.000000,0.000000,0.000000,0.000000
24.201964,0.000000,0.000000,0.000000,0.000000,0.000000,0.000000
24.211964,0.000000,0.000000,0.000000,0.000000,0.000000,0.000000
24.221964,0.000000,0.000000,0.000000,0.000000,0.000000,0.000000
24.231964,0.000000,0.000000,0.000000,0.000000,0.000000,0.000000
24.241964,0.000000,0.000000,0.000000,0.000000,0.000000,0.000000
24.251964,0.000000,0.000000,0.000000,0.000000,0.000000,0.000000
24.261964,0.000000,0.000000,0.000000,0.000000,0.000000,0.000000
24.271964,0.000000,0.000000,0.000000,0.000000,0.000000,0.000000
24.281964,0.000000,0.000000,0.000000,0.000000,0.000000,0.000000
24.291964,0.000000,0.000000,0.000000,0.000000,0.000000,0.000000
24.301964,0.000000,0.000000,0.000000,0.000000,0.000000,0.000000
24.311964,0.000000,0.000000,0.000000,0.000000,0.000000,0.000000
24.321964,0.000000,0.000000,0.000000,0.000000,0.000000,0.000000
24.331964,0.000000,0.000000,0.000000,0.000000,0.000000,0.000000
24.341964,0.000000,0.000000,0.000000,0.000000,0.000000,0.000000
24.351964,0.000000,0.000000,0.000000,0.000000,0.000000,0.000000
24.361964,0.000000,0.000000,0.000000,0.000000,0.000000,0.000000
24.371964,0.000000,0.000000,0.000000,0.000000,0.000000,0.000000
24.381964,0.000000,0.000000,0.000000,0.000000,0.000000,0.000000
24.391964,0.000000,0.000000,0.000000,0.000000,0.000000,0.000000
24.401964,0.000000,0.000000,0.000000,0.000000,0.000000,0.000000
24.411964,0.000000,0.000000,0.000000,0.000000,0.000000,0.000000
24.421964,0.000000,0.000000,0.000000,0.000000,0.000000,0.000000
24.431964,0.000000,0.000000,0.000000,0.000000,0.000000,0.000000
24.441964,0.000000,0.000000,0.000000,0.000000,0.000000,0.000000
24.451964,0.000000,0.000000,0.000000,0.000000,0.000000,0.000000
24.461964,0.000000,0.000000,0.000000,0.000000,0.000000,0.000000
24.471964,0.000000,0.000000,0.000000,0.000000,0.000000,0.000000
24.481964,0.000000,0.000000,0.000000,0.000000,0.000000,0.000000
24.491964,0.000000,0.000000,0.000000,0.000000,0.000000,0.000000
24.501964,0.000000,0.000000,0.000000,0.000000,0.000000,0.000000
24.511964,0.000000,0.000000,0.000000,0.000000,0.000000,0.000000
24.521964,0.000000,0.000000,0.000000,0.000000,0.000000,0.000000
24.531964,0.000000,0.000000,0.000000,0.000000,0.000000,0.000000
24.541964,0.000000,0.000000,0.000000,0.000000,0.000000,0.000000
24.551964,0.000000,0.000000,0.000000,0.000000,0.000000,0.000000
24.561964,0.000000,0.000000,0.000000,0.000000,0.000000,0.000000
24.571964,0.000000,0.000000,0.000000,0.000000,0.000000,0.000000
24.581964,0.000000,0.000000,0.000000,0.000000,0.000000,0.000000
24.591964,0.000000,0.000000,0.000000,0.000000,0.000000,0.000000
24.601964,0.000000,0.000000,0.000000,0.000000,0.000000,0.000000
24.611964,0.000000,0.000000,0.000000,0.000000,0.000000,0.000000
24.621964,0.000000,0.000000,0.000000,0.000000,0.000000,0.000000
24.631964,0.000000,0.000000,0.000000,0.000000,0.000000,0.000000
24.641964,0.000000,0.000000,0.000000,0.000000,0.000000,0.000000
24.651964,0.000000,0.000000,0.000000,0.000000,0.000000,0.000000
24.661964,0.000000,0.000000,0.000000,0.000000,0.000000,0.000000
24.671964,0.000000,0.000000,0.000000,0.000000,0.000000,0.000000
24.681964,0.000000,0.000000,0.000000,0.000000,0.000000,0.000000
24.691964,0.000000,0.000000,0.000000,0.000000,0.000000,0.000000
24.701964,0.000000,0.000000,0.000000,0.000000,0.000000,0.000000
24.711964,0.000000,0.000000,0.000000,0.000000,0.000000,0.000000
24.721964,0.000000,0.000000,0.000000,0.000000,0.000000,0.000000
24.731964,0.000000,0.000000,0.000000,0.000000,0.000000,0.000000
24.741964,0.000000,0.000000,0.000000,0.000000,0.000000,0.000000
24.751964,0.000000,0.000000,0.000000,0.000000,0.000000,0.000000
24.761964,0.000000,0.000000,0.000000,0.000000,0.000000,0.000000
24.771964,0.000000,0.000000,0.000000,0.000000,0.000000,0.000000
24.781964,0.000000,0.000000,0.000000,0.000000,0.000000,0.000000
24.791964,0.000000,0.000000,0.000000,0.000000,0.000000,0.000000
24.801964,0.000000,0.000000,0.000000,0.000000,0.000000,0.000000
24.811964,0.000000,0.000000,0.000000,0.000000,0.000000,0.000000
24.821964,0.000000,0.000000,0.000000,0.000000,0.000000,0.000000
24.831964,0.000000,0.000000,0.000000,0.000000,0.000000,0.000000
24.841964,0.000000,0.000000,0.000000,0.000000,0.000000,0.000000
24.851964,0.000000,0.000000,0.000000,0.000000,0.000000,0.000000
24.861964,0.000000,0.000000,0.000000,0.000000,0.000000,0.000000
24.871964,0.000000,0.000000,0.000000,0.000000,0.000000,0.000000
24.881964,0.000000,0.000000,0.000000,0.000000,0.000000,0.000000
24.891964,0.000000,0.000000,0.000000,0.000000,0.000000,0.000000
24.901964,0.000000,0.000000,0.000000,0.000000,0.000000,0.000000
24.911964,0.000000,0.000000,0.000000,0.000000,0.000000,0.000000
24.921964,0.000000,0.000000,0.000000,0.000000,0.000000,0.000000
24.931964,0.000000,0.000000,0.000000,0.000000,0.000000,0.000000
24.941964,0.000000,0.000000,0.000000,0.000000,0.000000,0.000000
24.951964,0.000000,0.000000,0.000000,0.000000,0.000000,0.000000
24.961964,0.000000,0.000000,0.000000,0.000000,0.000000,0.000000
24.971964,0.000000,0.000000,0.000000,0.000000,0.000000,0.000000
24.981964,0.000000,0.000000,0.000000,0.000000,0.000000,0.000000
24.991964,0.000000,0.000000,0.000000,0.000000,0.000000,0.000000
25.001964,0.000000,0.000000,0.000000,0.000000,0.000000,0.000000
25.011964,0.000000,0.000000,0.000000,0.000000,0.000000,0.000000
25.021964,0.000000,0.000000,0.000000,0.000000,0.000000,0.000000
25.031964,0.000000,0.000000,0.000000,0.000000,0.000000,0.000000
25.041964,0.000000,0.000000,0.000000,0.000000,0.000000,0.000000
25.051964,0.000000,0.000000,0.000000,0.000000,0.000000,0.000000
25.061964,0.000000,0.000000,0.000000,0.000000,0.000000,0.000000
25.071964,0.000000,0.000000,0.000000,0.000000,0.000000,0.000000
25.081964,0.000000,0.000000,0.000000,0.000000,0.000000,0.000000
25.091964,0.000000,0.000000,0.000000,0.000000,0.000000,0.000000
25.101964,0.000000,0.000000,0.000000,0.000000,0.000000,0.000000
25.111964,0.000000,0.000000,0.000000,0.000000,0.000000,0.000000
25.121964,0.000000,0.000000,0.000000,0.000000,0.000000,0.000000
25.131964,0.000000,0.000000,0.000000,0.000000,0.000000,0.000000
25.141964,0.000000,0.000000,0.000000,0.000000,0.000000,0.000000
25.151964,0.000000,0.000000,0.000000,0.000000,0.000000,0.000000
25.161964,0.000000,0.000000,0.000000,0.000000,0.000000,0.000000
25.171964,0.000000,0.000000,0.000000,0.000000,0.000000,0.000000
25.181964,0.000000,0.000000,0.000000,0.000000,0.000000,0.000000
25.191964,0.000000,0.000000,0.000000,0.000000,0.000000,0.000000
25.201964,0.000000,0.000000,0.000000,0.000000,0.000000,0.000000
25.211964,0.000000,0.000000,0.000000,0.000000,0.000000,0.000000
25.221964,0.000000,0.000000,0.000000,0.000000,0.000000,0.000000
25.231964,0.000000,0.000000,0.000000,0.000000,0.000000,0.000000
25.241964,0.000000,0.000000,0.000000,0.000000,0.000000,0.000000
25.251964,0.000000,0.000000,0.000000,0.000000,0.000000,0.000000
25.261964,0.000000,0.000000,0.000000,0.000000,0.000000,0.000000
25.271964,0.000000,0.000000,0.000000,0.000000,0.000000,0.000000
25.281964,0.000000,0.000000,0.000000,0.000000,0.000000,0.000000
25.291964,0.000000,0.000000,0.000000,0.000000,0.000000,0.000000
25.301964,0.000000,0.000000,0.000000,0.000000,0.000000,0.000000
25.311964,0.000000,0.000000,0.000000,0.000000,0.000000,0.000000
25.321964,0.000000,0.000000,0.000000,0.000000,0.000000,0.000000
25.331964,0.000000,0.000000,0.000000,0.000000,0.000000,0.000000
25.341964,0.000000,0.000000,0.000000,0.000000,0.000000,0.000000
25.351964,0.000000,0.000000,0.000000,0.000000,0.000000,0.000000
25.361964,0.000000,0.000000,0.000000,0.000000,0.000000,0.000000
25.371964,0.000000,0.000000,0.000000,0.000000,0.000000,0.000000
25.381964,0.000000,0.000000,0.000000,0.000000,0.000000,0.000000
25.391964,0.000000,0.000000,0.000000,0.000000,0.000000,0.000000
25.401964,0.000000,0.000000,0.000000,0.000000,0.000000,0.000000
25.411964,0.000000,0.000000,0.000000,0.000000,0.000000,0.000000
25.421964,0.000000,0.000000,0.000000,0.000000,0.000000,0.000000
25.431964,0.000000,0.000000,0.000000,0.000000,0.000000,0.000000
25.441964,0.000000,0.000000,0.000000,0.000000,0.000000,0.000000
25.451964,0.000000,0.000000,0.000000,0.000000,0.000000,0.000000
25.461964,0.000000,0.000000,0.000000,0.000000,0.000000,0.000000
25.471964,0.000000,0.000000,0.000000,0.000000,0.000000,0.000000
25.481964,0.000000,0.000000,0.000000,0.000000,0.000000,0.000000
25.491964,0.000000,0.000000,0.000000,0.000000,0.000000,0.000000
25.501964,0.000000,0.000000,0.000000,0.000000,0.000000,0.000000
25.511964,0.000000,0.000000,0.000000,0.000000,0.000000,0.000000
25.521964,0.000000,0.000000,0.000000,0.000000,0.000000,0.000000
25.531964,0.000000,0.000000,0.000000,0.000000,0.000000,0.000000
25.541964,0.000000,0.000000,0.000000,0.000000,0.000000,0.000000
25.551964,0.000000,0.000000,0.000000,0.000000,0.000000,0.000000
25.561964,0.000000,0.000000,0.000000,0.000000,0.000000,0.000000
25.571964,0.000000,0.000000,0.000000,0.000000,0.000000,0.000000
25.581964,0.000000,0.000000,0.000000,0.000000,0.000000,0.000000
25.591964,0.000000,0.000000,0.000000,0.000000,0.000000,0.000000
25.601964,0.000000,0.000000,0.000000,0.000000,0.000000,0.000000
25.611964,0.000000,0.000000,0.000000,0.000000,0.000000,0.000000
25.621964,0.000000,0.000000,0.000000,0.000000,0.000000,0.000000
25.631964,0.000000,0.000000,0.000000,0.000000,0.000000,0.000000
25.641964,0.000000,0.000000,0.000000,0.000000,0.000000,0.000000
25.651964,0.000000,0.000000,0.000000,0.000000,0.000000,0.000000
25.661964,0.000000,0.000000,0.000000,0.000000,0.000000,0.000000
25.671964,0.000000,0.000000,0.000000,0.000000,0.000000,0.000000
25.681964,0.000000,0.000000,0.000000,0.000000,0.000000,0.000000
25.691964,0.000000,0.000000,0.000000,0.000000,0.000000,0.000000
25.701964,0.000000,0.000000,0.000000,0.000000,0.000000,0.000000
25.711964,0.000000,0.000000,0.000000,0.000000,0.000000,0.000000
25.721964,0.000000,0.000000,0.000000,0.000000,0.000000,0.000000
25.731964,0.000000,0.000000,0.000000,0.000000,0.000000,0.000000
25.741964,0.000000,0.000000,0.000000,0.000000,0.000000,0.000000
25.751964,0.000000,0.000000,0.000000,0.000000,0.000000,0.000000
25.761964,0.000000,0.000000,0.000000,0.000000,0.000000,0.000000
25.771964,0.000000,0.000000,0.000000,0.000000,0.000000,0.000000
25.781964,0.000000,0.000000,0.000000,0.000000,0.000000,0.000000
25.791964,0.000000,0.000000,0.000000,0.000000,0.000000,0.000000
25.801964,0.000000,0.000000,0.000000,0.000000,0.000000,0.000000
25.811964,0.000000,0.000000,0.000000,0.000000,0.000000,0.000000
25.821964,0.000000,0.000000,0.000000,0.000000,0.000000,0.000000
25.831964,0.000000,0.000000,0.000000,0.000000,0.000000,0.000000
25.841964,0.000000,0.000000,0.000000,0.000000,0.000000,0.000000
25.851964,0.000000,0.000000,0.000000,0.000000,0.000000,0.000000
25.861964,0.000000,0.000000,0.000000,0.000000,0.000000,0.000000
25.871964,0.000000,0.000000,0.000000,0.000000,0.000000,0.000000
25.881964,0.000000,0.000000,0.000000,0.000000,0.000000,0.000000
25.891964,0.000000,0.000000,0.000000,0.000000,0.000000,0.000000
25.901964,0.000000,0.000000,0.000000,0.000000,0.000000,0.000000
25.911964,0.000000,0.000000,0.000000,0.000000,0.000000,0.000000
25.921964,0.000000,0.000000,0.000000,0.000000,0.000000,0.000000
25.931964,0.000000,0.000000,0.000000,0.000000,0.000000,0.000000
25.941964,0.000000,0.000000,0.000000,0.000000,0.000000,0.000000
25.951964,0.000000,0.000000,0.000000,0.000000,0.000000,0.000000
25.961964,0.000000,0.000000,0.000000,0.000000,0.000000,0.000000
25.971964,0.000000,0.000000,0.000000,0.000000,0.000000,0.000000
25.981964,0.000000,0.000000,0.000000,0.000000,0.000000,0.000000
25.991964,0.000000,0.000000,0.000000,0.000000,0.000000,0.000000
26.001964,0.000000,0.000000,0.000000,0.000000,0.000000,0.000000
26.011964,0.000000,0.000000,0.000000,0.000000,0.000000,0.000000
26.021964,0.000000,0.000000,0.000000,0.000000,0.000000,0.000000
26.031964,0.000000,0.000000,0.000000,0.000000,0.000000,0.000000
26.041964,0.000000,0.000000,0.000000,0.000000,0.000000,0.000000
26.051964,0.000000,0.000000,0.000000,0.000000,0.000000,0.000000
26.061964,0.000000,0.000000,0.000000,0.000000,0.000000,0.000000
26.071964,0.000000,0.000000,0.000000,0.000000,0.000000,0.000000
26.081964,0.000000,0.000000,0.000000,0.000000,0.000000,0.000000
26.091964,0.000000,0.000000,0.000000,0.000000,0.000000,0.000000
26.101964,0.000000,0.000000,0.000000,0.000000,0.000000,0.000000
26.111964,0.000000,0.000000,0.000000,0.000000,0.000000,0.000000
26.121964,0.000000,0.000000,0.000000,0.000000,0.000000,0.000000
26.131964,0.000000,0.000000,0.000000,0.000000,0.000000,0.000000
26.141964,0.000000,0.000000,0.000000,0.000000,0.000000,0.000000
26.151964,0.000000,0.000000,0.000000,0.000000,0.000000,0.000000
26.161964,0.000000,0.000000,0.000000,0.000000,0.000000,0.000000
26.171964,0.000000,0.000000,0.000000,0.000000,0.000000,0.000000
26.181964,0.000000,0.000000,0.000000,0.000000,0.000000,0.000000
26.191964,0.000000,0.000000,0.000000,0.000000,0.000000,0.000000
26.201964,0.000000,0.000000,0.000000,0.000000,0.000000,0.000000
26.211964,0.000000,0.000000,0.000000,0.000000,0.000000,0.000000
26.221964,0.000000,0.000000,0.000000,0.000000,0.000000,0.000000
26.231964,0.000000,0.000000,0.000000,0.000000,0.000000,0.000000
26.241964,0.000000,0.000000,0.000000,0.000000,0.000000,0.000000
26.251964,0.000000,0.000000,0.000000,0.000000,0.000000,0.000000
26.261964,0.000000,0.000000,0.000000,0.000000,0.000000,0.000000
26.271964,0.000000,0.000000,0.000000,0.000000,0.000000,0.000000
26.281964,0.000000,0.000000,0.000000,0.000000,0.000000,0.000000
26.291964,0.000000,0.000000,0.000000,0.000000,0.000000,0.000000
26.301964,0.000000,0.000000,0.000000,0.000000,0.000000,0.000000
26.311964,0.000000,0.000000,0.000000,0.000000,0.000000,0.000000
26.321964,0.000000,0.000000,0.000000,0.000000,0.000000,0.000000
26.331964,0.000000,0.000000,0.000000,0.000000,0.000000,0.000000
26.341964,0.000000,0.000000,0.000000,0.000000,0.000000,0.000000
26.351964,0.000000,0.000000,0.000000,0.000000,0.000000,0.000000
26.361964,0.000000,0.000000,0.000000,0.000000,0.000000,0.000000
26.371964,0.000000,0.000000,0.000000,0.000000,0.000000,0.000000
26.381964,0.000000,0.000000,0.000000,0.000000,0.000000,0.000000
26.391964,0.000000,0.000000,0.000000,0.000000,0.000000,0.000000
26.401964,0.000000,0.000000,0.000000,0.000000,0.000000,0.000000
26.411964,0.000000,0.000000,0.000000,0.000000,0.000000,0.000000
26.421964,0.000000,0.000000,0.000000,0.000000,0.000000,0.000000
26.431964,0.000000,0.000000,0.000000,0.000000,0.000000,0.000000
26.441964,0.000000,0.000000,0.000000,0.000000,0.000000,0.000000
26.451964,0.000000,0.000000,0.000000,0.000000,0.000000,0.000000
26.461964,0.000000,0.000000,0.000000,0.000000,0.000000,0.000000
26.471964,0.000000,0.000000,0.000000,0.000000,0.000000,0.000000
26.481964,0.000000,0.000000,0.000000,0.000000,0.000000,0.000000
26.491964,0.000000,0.000000,0.000000,0.000000,0.000000,0.000000
26.501964,0.000000,0.000000,0.000000,0.000000,0.000000,0.000000
26.511964,0.000000,0.000000,0.000000,0.000000,0.000000,0.000000
26.521964,0.000000,0.000000,0.000000,0.000000,0.000000,0.000000
26.531964,0.000000,0.000000,0.000000,0.000000,0.000000,0.000000
26.541964,0.000000,0.000000,0.000000,0.000000,0.000000,0.000000
26.551964,0.000000,0.000000,0.000000,0.000000,0.000000,0.000000
26.561964,0.000000,0.000000,0.000000,0.000000,0.000000,0.000000
26.571964,0.000000,0.000000,0.000000,0.000000,0.000000,0.000000
26.581964,0.000000,0.000000,0.000000,0.000000,0.000000,0.000000
26.591964,0.000000,0.000000,0.000000,0.000000,0.000000,0.000000
26.601964,0.000000,0.000000,0.000000,0.000000,0.000000,0.000000
26.611964,0.000000,0.000000,0.000000,0.000000,0.000000,0.000000
26.621964,0.000000,0.000000,0.000000,0.000000,0.000000,0.000000
26.631964,0.000000,0.000000,0.000000,0.000000,0.000000,0.000000
26.641964,0.000000,0.000000,0.000000,0.000000,0.000000,0.000000
26.651964,0.000000,0.000000,0.000000,0.000000,0.000000,0.000000
26.661964,0.000000,0.000000,0.000000,0.000000,0.000000,0.000000
26.671964,0.000000,0.000000,0.000000,0.000000,0.000000,0.000000
26.681964,0.000000,0.000000,0.000000,0.000000,0.000000,0.000000
26.691964,0.000000,0.000000,0.000000,0.000000,0.000000,0.000000
26.701964,0.000000,0.000000,0.000000,0.000000,0.000000,0.000000
26.711964,0.000000,0.000000,0.000000,0.000000,0.000000,0.000000
26.721964,0.000000,0.000000,0.000000,0.000000,0.000000,0.000000
26.731964,0.000000,0.000000,0.000000,0.000000,0.000000,0.000000
26.741964,0.000000,0.000000,0.000000,0.000000,0.000000,0.000000
26.751964,0.000000,0.000000,0.000000,0.000000,0.000000,0.000000
26.761964,0.000000,0.000000,0.000000,0.000000,0.000000,0.000000
26.771964,0.000000,0.000000,0.000000,0.000000,0.000000,0.000000
26.781964,0.000000,0.000000,0.000000,0.000000,0.000000,0.000000
26.791964,0.000000,0.000000,0.000000,0.000000,0.000000,0.000000
26.801964,0.000000,0.000000,0.000000,0.000000,0.000000,0.000000
26.811964,0.000000,0.000000,0.000000,0.000000,0.000000,0.000000
26.821964,0.000000,0.000000,0.000000,0.000000,0.000000,0.000000
26.831964,0.000000,0.000000,0.000000,0.000000,0.000000,0.000000
26.841964,0.000000,0.000000,0.000000,0.000000,0.000000,0.000000
26.851964,0.000000,0.000000,0.000000,0.000000,0.000000,0.000000
26.861964,0.000000,0.000000,0.000000,0.000000,0.000000,0.000000
26.871964,0.000000,0.000000,0.000000,0.000000,0.000000,0.000000
26.881964,0.000000,0.000000,0.000000,0.000000,0.000000,0.000000
26.891964,0.000000,0.000000,0.000000,0.000000,0.000000,0.000000
26.901964,0.000000,0.000000,0.000000,0.000000,0.000000,0.000000
26.911964,0.000000,0.000000,0.000000,0.000000,0.000000,0.000000
26.921964,0.000000,0.000000,0.000000,0.000000,0.000000,0.000000
26.931964,0.000000,0.000000,0.000000,0.000000,0.000000,0.000000
26.941964,0.000000,0.000000,0.000000,0.000000,0.000000,0.000000
26.951964,0.000000,0.000000,0.000000,0.000000,0.000000,0.000000
26.961964,0.000000,0.000000,0.000000,0.000000,0.000000,0.000000
26.971964,0.000000,0.000000,0.000000,0.000000,0.000000,0.000000
26.981964,0.000000,0.000000,0.000000,0.000000,0.000000,0.000000
26.991964,0.000000,0.000000,0.000000,0.000000,0.000000,0.000000
27.001964,0.000000,0.000000,0.000000,0.000000,0.000000,0.000000
27.011964,0.000000,0.000000,0.000000,0.000000,0.000000,0.000000
27.021964,0.000000,0.000000,0.000000,0.000000,0.000000,0.000000
27.031964,0.000000,0.000000,0.000000,0.000000,0.000000,0.000000
27.041964,0.000000,0.000000,0.000000,0.000000,0.000000,0.000000
27.051964,0.000000,0.000000,0.000000,0.000000,0.000000,0.000000
27.061964,0.000000,0.000000,0.000000,0.000000,0.000000,0.000000
27.071964,0.000000,0.000000,0.000000,0.000000,0.000000,0.000000
27.081964,0.000000,0.000000,0.000000,0.000000,0.000000,0.000000
27.091964,0.000000,0.000000,0.000000,0.000000,0.000000,0.000000
27.101964,0.000000,0.000000,0.000000,0.000000,0.000000,0.000000
27.111964,0.000000,0.000000,0.000000,0.000000,0.000000,0.000000
27.121964,0.000000,0.000000,0.000000,0.000000,0.000000,0.000000
27.131964,0.000000,0.000000,0.000000,0.000000,0.000000,0.000000
27.141964,0.000000,0.000000,0.000000,0.000000,0.000000,0.000000
27.151964,0.000000,0.000000,0.000000,0.000000,0.000000,0.000000
27.161964,0.000000,0.000000,0.000000,0.000000,0.000000,0.000000
27.171964,0.000000,0.000000,0.000000,0.000000,0.000000,0.000000
27.181964,0.000000,0.000000,0.000000,0.000000,0.000000,0.000000
27.191964,0.000000,0.000000,0.000000,0.000000,0.000000,0.000000
27.201964,0.000000,0.000000,0.000000,0.000000,0.000000,0.000000
27.211964,0.000000,0.000000,0.000000,0.000000,0.000000,0.000000
27.221964,0.000000,0.000000,0.000000,0.000000,0.000000,0.000000
27.231964,0.000000,0.000000,0.000000,0.000000,0.000000,0.000000
27.241964,0.000000,0.000000,0.000000,0.000000,0.000000,0.000000
27.251964,0.000000,0.000000,0.000000,0.000000,0.000000,0.000000
27.261964,0.000000,0.000000,0.000000,0.000000,0.000000,0.000000
27.271964,0.000000,0.000000,0.000000,0.000000,0.000000,0.000000
27.281964,0.000000,0.000000,0.000000,0.000000,0.000000,0.000000
27.291964,0.000000,0.000000,0.000000,0.000000,0.000000,0.000000
27.301964,0.000000,0.000000,0.000000,0.000000,0.000000,0.000000
27.311964,0.000000,0.000000,0.000000,0.000000,0.000000,0.000000
27.321964,0.000000,0.000000,0.000000,0.000000,0.000000,0.000000
27.331964,0.000000,0.000000,0.000000,0.000000,0.000000,0.000000
27.341964,0.000000,0.000000,0.000000,0.000000,0.000000,0.000000
27.351964,0.000000,0.000000,0.000000,0.000000,0.000000,0.000000
27.361964,0.000000,0.000000,0.000000,0.000000,0.000000,0.000000
27.371964,0.000000,0.000000,0.000000,0.000000,0.000000,0.000000
27.381964,0.000000,0.000000,0.000000,0.000000,0.000000,0.000000
27.391964,0.000000,0.000000,0.000000,0.000000,0.000000,0.000000
27.401964,0.000000,0.000000,0.000000,0.000000,0.000000,0.000000
27.411964,0.000000,0.000000,0.000000,0.000000,0.000000,0.000000
27.421964,0.000000,0.000000,0.000000,0.000000,0.000000,0.000000
27.431964,0.000000,0.000000,0.000000,0.000000,0.000000,0.000000
27.441964,0.000000,0.000000,0.000000,0.000000,0.000000,0.000000
27.451964,0.000000,0.000000,0.000000,0.000000,0.000000,0.000000
27.461964,0.000000,0.000000,0.000000,0.000000,0.000000,0.000000
27.471964,0.000000,0.000000,0.000000,0.000000,0.000000,0.000000
27.481964,0.000000,0.000000,0.000000,0.000000,0.000000,0.000000
27.491964,0.000000,0.000000,0.000000,0.000000,0.000000,0.000000
27.501964,0.000000,0.000000,0.000000,0.000000,0.000000,0.000000
27.511964,0.000000,0.000000,0.000000,0.000000,0.000000,0.000000
27.521964,0.000000,0.000000,0.000000,0.000000,0.000000,0.000000
27.531964,0.000000,0.000000,0.000000,0.000000,0.000000,0.000000
27.541964,0.000000,0.000000,0.000000,0.000000,0.000000,0.000000
27.551964,0.000000,0.000000,0.000000,0.000000,0.000000,0.000000
27.561964,0.000000,0.000000,0.000000,0.000000,0.000000,0.000000
27.571964,0.000000,0.000000,0.000000,0.000000,0.000000,0.000000
27.581964,0.000000,0.000000,0.000000,0.000000,0.000000,0.000000
27.591964,0.000000,0.000000,0.000000,0.000000,0.000000,0.000000
27.601964,0.000000,0.000000,0.000000,0.000000,0.000000,0.000000
27.611964,0.000000,0.000000,0.000000,0.000000,0.000000,0.000000
27.621964,0.000000,0.000000,0.000000,0.000000,0.000000,0.000000
27.631964,0.000000,0.000000,0.000000,0.000000,0.000000,0.000000
27.641964,0.000000,0.000000,0.000000,0.000000,0.000000,0.000000
27.651964,0.000000,0.000000,0.000000,0.000000,0.000000,0.000000
27.661964,0.000000,0.000000,0.000000,0.000000,0.000000,0.000000
27.671964,0.000000,0.000000,0.000000,0.000000,0.000000,0.000000
27.681964,0.000000,0.000000,0.000000,0.000000,0.000000,0.000000
27.691964,0.000000,0.000000,0.000000,0.000000,0.000000,0.000000
27.701964,0.000000,0.000000,0.000000,0.000000,0.000000,0.000000
27.711964,0.000000,0.000000,0.000000,0.000000,0.000000,0.000000
27.721964,0.000000,0.000000,0.000000,0.000000,0.000000,0.000000
27.731964,0.000000,0.000000,0.000000,0.000000,0.000000,0.000000
27.741964,0.000000,0.000000,0.000000,0.000000,0.000000,0.000000
27.751964,0.000000,0.000000,0.000000,0.000000,0.000000,0.000000
27.761964,0.000000,0.000000,0.000000,0.000000,0.000000,0.000000
27.771964,0.000000,0.000000,0.000000,0.000000,0.000000,0.000000
27.781964,0.000000,0.000000,0.000000,0.000000,0.000000,0.000000
27.791964,0.000000,0.000000,0.000000,0.000000,0.000000,0.000000
27.801964,0.000000,0.000000,0.000000,0.000000,0.000000,0.000000
27.811964,0.000000,0.000000,0.000000,0.000000,0.000000,0.000000
27.821964,0.000000,0.000000,0.000000,0.000000,0.000000,0.000000
27.831964,0.000000,0.000000,0.000000,0.000000,0.000000,0.000000
27.841964,0.000000,0.000000,0.000000,0.000000,0.000000,0.000000
27.851964,0.000000,0.000000,0.000000,0.000000,0.000000,0.000000
27.861964,0.000000,0.000000,0.000000,0.000000,0.000000,0.000000
27.871964,0.000000,0.000000,0.000000,0.000000,0.000000,0.000000
27.881964,0.000000,0.000000,0.000000,0.000000,0.000000,0.000000
27.891964,0.000000,0.000000,0.000000,0.000000,0.000000,0.000000
27.901964,0.000000,0.000000,0.000000,0.000000,0.000000,0.000000
27.911964,0.000000,0.000000,0.000000,0.000000,0.000000,0.000000
27.921964,0.000000,0.000000,0.000000,0.000000,0.000000,0.000000
27.931964,0.000000,0.000000,0.000000,0.000000,0.000000,0.000000
27.941964,0.000000,0.000000,0.000000,0.000000,0.000000,0.000000
27.951964,0.000000,0.000000,0.000000,0.000000,0.000000,0.000000
27.961964,0.000000,0.000000,0.000000,0.000000,0.000000,0.000000
27.971964,0.000000,0.000000,0.000000,0.000000,0.000000,0.000000
27.981964,0.000000,0.000000,0.000000,0.000000,0.000000,0.000000
27.991964,0.000000,0.000000,0.000000,0.000000,0.000000,0.000000
28.001964,0.000000,0.000000,0.000000,0.000000,0.000000,0.000000
28.011964,0.000000,0.000000,0.000000,0.000000,0.000000,0.000000
28.021964,0.000000,0.000000,0.000000,0.000000,0.000000,0.000000
28.031964,0.000000,0.000000,0.000000,0.000000,0.000000,0.000000
28.041964,0.000000,0.000000,0.000000,0.000000,0.000000,0.000000
28.051964,0.000000,0.000000,0.000000,0.000000,0.000000,0.000000
28.061964,0.000000,0.000000,0.000000,0.000000,0.000000,0.000000
28.071964,0.000000,0.000000,0.000000,0.000000,0.000000,0.000000
28.081964,0.000000,0.000000,0.000000,0.000000,0.000000,0.000000
28.091964,0.000000,0.000000,0.000000,0.000000,0.000000,0.000000
28.101964,0.000000,0.000000,0.000000,0.000000,0.000000,0.000000
28.111964,0.000000,0.000000,0.000000,0.000000,0.000000,0.000000
28.121964,0.000000,0.000000,0.000000,0.000000,0.000000,0.000000
28.131964,0.000000,0.000000,0.000000,0.000000,0.000000,0.000000
28.141964,0.000000,0.000000,0.000000,0.000000,0.000000,0.000000
28.151964,0.000000,0.000000,0.000000,0.000000,0.000000,0.000000
28.161964,0.000000,0.000000,0.000000,0.000000,0.000000,0.000000
28.171964,0.000000,0.000000,0.000000,0.000000,0.000000,0.000000
28.181964,0.000000,0.000000,0.000000,0.000000,0.000000,0.000000
28.191964,0.000000,0.000000,0.000000,0.000000,0.000000,0.000000
28.201964,0.000000,0.000000,0.000000,0.000000,0.000000,0.000000
28.211964,0.000000,0.000000,0.000000,0.000000,0.000000,0.000000
28.221964,0.000000,0.000000,0.000000,0.000000,0.000000,0.000000
28.231964,0.000000,0.000000,0.000000,0.000000,0.000000,0.000000
28.241964,0.000000,0.000000,0.000000,0.000000,0.000000,0.000000
28.251964,0.000000,0.000000,0.000000,0.000000,0.000000,0.000000
28.261964,0.000000,0.000000,0.000000,0.000000,0.000000,0.000000
28.271964,0.000000,0.000000,0.000000,0.000000,0.000000,0.000000
28.281964,0.000000,0.000000,0.000000,0.000000,0.000000,0.000000
28.291964,0.000000,0.000000,0.000000,0.000000,0.000000,0.000000
28.301964,0.000000,0.000000,0.000000,0.000000,0.000000,0.000000
28.311964,0.000000,0.000000,0.000000,0.000000,0.000000,0.000000
28.321964,0.000000,0.000000,0.000000,0.000000,0.000000,0.000000
28.331964,0.000000,0.000000,0.000000,0.000000,0.000000,0.000000
28.341964,0.000000,0.000000,0.000000,0.000000,0.000000,0.000000
28.351964,0.000000,0.000000,0.000000,0.000000,0.000000,0.000000
28.361964,0.000000,0.000000,0.000000,0.000000,0.000000,0.000000
28.371964,0.000000,0.000000,0.000000,0.000000,0.000000,0.000000
28.381964,0.000000,0.000000,0.000000,0.000000,0.000000,0.000000
28.391964,0.000000,0.000000,0.000000,0.000000,0.000000,0.000000
28.401964,0.000000,0.000000,0.000000,0.000000,0.000000,0.000000
28.411964,0.000000,0.000000,0.000000,0.000000,0.000000,0.000000
28.421964,0.000000,0.000000,0.000000,0.000000,0.000000,0.000000
28.431964,0.000000,0.000000,0.000000,0.000000,0.000000,0.000000
28.441964,0.000000,0.000000,0.000000,0.000000,0.000000,0.000000
28.451964,0.000000,0.000000,0.000000,0.000000,0.000000,0.000000
28.461964,0.000000,0.000000,0.000000,0.000000,0.000000,0.000000
28.471964,0.000000,0.000000,0.000000,0.000000,0.000000,0.000000
28.481964,0.000000,0.000000,0.000000,0.000000,0.000000,0.000000
28.491964,0.000000,0.000000,0.000000,0.000000,0.000000,0.000000
28.501964,0.000000,0.000000,0.000000,0.000000,0.000000,0.000000
28.511964,0.000000,0.000000,0.000000,0.000000,0.000000,0.000000
28.521964,0.000000,0.000000,0.000000,0.000000,0.000000,0.000000
28.531964,0.000000,0.000000,0.000000,0.000000,0.000000,0.000000
28.541964,0.000000,0.000000,0.000000,0.000000,0.000000,0.000000
28.551964,0.000000,0.000000,0.000000,0.000000,0.000000,0.000000
28.561964,0.000000,0.000000,0.000000,0.000000,0.000000,0.000000
28.571964,0.000000,0.000000,0.000000,0.000000,0.000000,0.000000
28.581964,0.000000,0.000000,0.000000,0.000000,0.000000,0.000000
28.591964,0.000000,0.000000,0.000000,0.000000,0.000000,0.000000
28.601964,0.000000,0.000000,0.000000,0.000000,0.000000,0.000000
28.611964,0.000000,0.000000,0.000000,0.000000,0.000000,0.000000
28.621964,0.000000,0.000000,0.000000,0.000000,0.000000,0.000000
28.631964,0.000000,0.000000,0.000000,0.000000,0.000000,0.000000
28.641964,0.000000,0.000000,0.000000,0.000000,0.000000,0.000000
28.651964,0.000000,0.000000,0.000000,0.000000,0.000000,0.000000
28.661964,0.000000,0.000000,0.000000,0.000000,0.000000,0.000000
28.671964,0.000000,0.000000,0.000000,0.000000,0.000000,0.000000
28.681964,0.000000,0.000000,0.000000,0.000000,0.000000,0.000000
28.691964,0.000000,0.000000,0.000000,0.000000,0.000000,0.000000
28.701964,0.000000,0.000000,0.000000,0.000000,0.000000,0.000000
28.711964,0.000000,0.000000,0.000000,0.000000,0.000000,0.000000
28.721964,0.000000,0.000000,0.000000,0.000000,0.000000,0.000000
28.731964,0.000000,0.000000,0.000000,0.000000,0.000000,0.000000
28.741964,0.000000,0.000000,0.000000,0.000000,0.000000,0.000000
28.751964,0.000000,0.000000,0.000000,0.000000,0.000000,0.000000
28.761964,0.000000,0.000000,0.000000,0.000000,0.000000,0.000000
28.771964,0.000000,0.000000,0.000000,0.000000,0.000000,0.000000
28.781964,0.000000,0.000000,0.000000,0.000000,0.000000,0.000000
28.791964,0.000000,0.000000,0.000000,0.000000,0.000000,0.000000
28.801964,0.000000,0.000000,0.000000,0.000000,0.000000,0.000000
28.811964,0.000000,0.000000,0.000000,0.000000,0.000000,0.000000
28.821964,0.000000,0.000000,0.000000,0.000000,0.000000,0.000000
28.831964,0.000000,0.000000,0.000000,0.000000,0.000000,0.000000
28.841964,0.000000,0.000000,0.000000,0.000000,0.000000,0.000000
28.851964,0.000000,0.000000,0.000000,0.000000,0.000000,0.000000
28.861964,0.000000,0.000000,0.000000,0.000000,0.000000,0.000000
28.871964,0.000000,0.000000,0.000000,0.000000,0.000000,0.000000
28.881964,0.000000,0.000000,0.000000,0.000000,0.000000,0.000000
28.891964,0.000000,0.000000,0.000000,0.000000,0.000000,0.000000
28.901964,0.000000,0.000000,0.000000,0.000000,0.000000,0.000000
28.911964,0.000000,0.000000,0.000000,0.000000,0.000000,0.000000
28.921964,0.000000,0.000000,0.000000,0.000000,0.000000,0.000000
28.931964,0.000000,0.000000,0.000000,0.000000,0.000000,0.000000
28.941964,0.000000,0.000000,0.000000,0.000000,0.000000,0.000000
28.951964,0.000000,0.000000,0.000000,0.000000,0.000000,0.000000
28.961964,0.000000,0.000000,0.000000,0.000000,0.000000,0.000000
28.971964,0.000000,0.000000,0.000000,0.000000,0.000000,0.000000
28.981964,0.000000,0.000000,0.000000,0.000000,0.000000,0.000000
28.991964,0.000000,0.000000,0.000000,0.000000,0.000000,0.000000
29.001964,0.000000,0.000000,0.000000,0.000000,0.000000,0.000000
29.011964,0.000000,0.000000,0.000000,0.000000,0.000000,0.000000
29.021964,0.000000,0.000000,0.000000,0.000000,0.000000,0.000000
29.031964,0.000000,0.000000,0.000000,0.000000,0.000000,0.000000
29.041964,0.000000,0.000000,0.000000,0.000000,0.000000,0.000000
29.051964,0.000000,0.000000,0.000000,0.000000,0.000000,0.000000
29.061964,0.000000,0.000000,0.000000,0.000000,0.000000,0.000000
29.071964,0.000000,0.000000,0.000000,0.000000,0.000000,0.000000
29.081964,0.000000,0.000000,0.000000,0.000000,0.000000,0.000000
29.091964,0.000000,0.000000,0.000000,0.000000,0.000000,0.000000
29.101964,0.000000,0.000000,0.000000,0.000000,0.000000,0.000000
29.111964,0.000000,0.000000,0.000000,0.000000,0.000000,0.000000
29.121964,0.000000,0.000000,0.000000,0.000000,0.000000,0.000000
29.131964,0.000000,0.000000,0.000000,0.000000,0.000000,0.000000
29.141964,0.000000,0.000000,0.000000,0.000000,0.000000,0.000000
29.151964,0.000000,0.000000,0.000000,0.000000,0.000000,0.000000
29.161964,0.000000,0.000000,0.000000,0.000000,0.000000,0.000000
29.171964,0.000000,0.000000,0.000000,0.000000,0.000000,0.000000
29.181964,0.000000,0.000000,0.000000,0.000000,0.000000,0.000000
29.191964,0.000000,0.000000,0.000000,0.000000,0.000000,0.000000
29.201964,0.000000,0.000000,0.000000,0.000000,0.000000,0.000000
29.211964,0.000000,0.000000,0.000000,0.000000,0.000000,0.000000
29.221964,0.000000,0.000000,0.000000,0.000000,0.000000,0.000000
29.231964,0.000000,0.000000,0.000000,0.000000,0.000000,0.000000
29.241964,0.000000,0.000000,0.000000,0.000000,0.000000,0.000000
29.251964,0.000000,0.000000,0.000000,0.000000,0.000000,0.000000
29.261964,0.000000,0.000000,0.000000,0.000000,0.000000,0.000000
29.271964,0.000000,0.000000,0.000000,0.000000,0.000000,0.000000
29.281964,0.000000,0.000000,0.000000,0.000000,0.000000,0.000000
29.291964,0.000000,0.000000,0.000000,0.000000,0.000000,0.000000
29.301964,0.000000,0.000000,0.000000,0.000000,0.000000,0.000000
29.311964,0.000000,0.000000,0.000000,0.000000,0.000000,0.000000
29.321964,0.000000,0.000000,0.000000,0.000000,0.000000,0.000000
29.331964,0.000000,0.000000,0.000000,0.000000,0.000000,0.000000
29.341964,0.000000,0.000000,0.000000,0.000000,0.000000,0.000000
29.351964,0.000000,0.000000,0.000000,0.000000,0.000000,0.000000
29.361964,0.000000,0.000000,0.000000,0.000000,0.000000,0.000000
29.371964,0.000000,0.000000,0.000000,0.000000,0.000000,0.000000
29.381964,0.000000,0.000000,0.000000,0.000000,0.000000,0.000000
29.391964,0.000000,0.000000,0.000000,0.000000,0.000000,0.000000
29.401964,0.000000,0.000000,0.000000,0.000000,0.000000,0.000000
29.411964,0.000000,0.000000,0.000000,0.000000,0.000000,0.000000
29.421964,0.000000,0.000000,0.000000,0.000000,0.000000,0.000000
29.431964,0.000000,0.000000,0.000000,0.000000,0.000000,0.000000
29.441964,0.000000,0.000000,0.000000,0.000000,0.000000,0.000000
29.451964,0.000000,0.000000,0.000000,0.000000,0.000000,0.000000
29.461964,0.000000,0.000000,0.000000,0.000000,0.000000,0.000000
29.471964,0.000000,0.000000,0.000000,0.000000,0.000000,0.000000
29.481964,0.000000,0.000000,0.000000,0.000000,0.000000,0.000000
29.491964,0.000000,0.000000,0.000000,0.000000,0.000000,0.000000
29.501964,0.000000,0.000000,0.000000,0.000000,0.000000,0.000000
29.511964,0.000000,0.000000,0.000000,0.000000,0.000000,0.000000
29.521964,0.000000,0.000000,0.000000,0.000000,0.000000,0.000000
29.531964,0.000000,0.000000,0.000000,0.000000,0.000000,0.000000
29.541964,0.000000,0.000000,0.000000,0.000000,0.000000,0.000000
29.551964,0.000000,0.000000,0.000000,0.000000,0.000000,0.000000
29.561964,0.000000,0.000000,0.000000,0.000000,0.000000,0.000000
29.571964,0.000000,0.000000,0.000000,0.000000,0.000000,0.000000
29.581964,0.000000,0.000000,0.000000,0.000000,0.000000,0.000000
29.591964,0.000000,0.000000,0.000000,0.000000,0.000000,0.000000
29.601964,0.000000,0.000000,0.000000,0.000000,0.000000,0.000000
29.611964,0.000000,0.000000,0.000000,0.000000,0.000000,0.000000
29.621964,0.000000,0.000000,0.000000,0.000000,0.000000,0.000000
29.631964,0.000000,0.000000,0.000000,0.000000,0.000000,0.000000
29.641964,0.000000,0.000000,0.000000,0.000000,0.000000,0.000000
29.651964,0.000000,0.000000,0.000000,0.000000,0.000000,0.000000
29.661964,0.000000,0.000000,0.000000,0.000000,0.000000,0.000000
29.671964,0.000000,0.000000,0.000000,0.000000,0.000000,0.000000
29.681964,0.000000,0.000000,0.000000,0.000000,0.000000,0.000000
29.691964,0.000000,0.000000,0.000000,0.000000,0.000000,0.000000
29.701964,0.000000,0.000000,0.000000,0.000000,0.000000,0.000000
29.711964,0.000000,0.000000,0.000000,0.000000,0.000000,0.000000
29.721964,0.000000,0.000000,0.000000,0.000000,0.000000,0.000000
29.731964,0.000000,0.000000,0.000000,0.000000,0.000000,0.000000
29.741964,0.000000,0.000000,0.000000,0.000000,0.000000,0.000000
29.751964,0.000000,0.000000,0.000000,0.000000,0.000000,0.000000
29.761964,0.000000,0.000000,0.000000,0.000000,0.000000,0.000000
29.771964,0.000000,0.000000,0.000000,0.000000,0.000000,0.000000
29.781964,0.000000,0.000000,0.000000,0.000000,0.000000,0.000000
29.791964,0.000000,0.000000,0.000000,0.000000,0.000000,0.000000
29.801964,0.000000,0.000000,0.000000,0.000000,0.000000,0.000000
29.811964,0.000000,0.000000,0.000000,0.000000,0.000000,0.000000
29.821964,0.000000,0.000000,0.000000,0.000000,0.000000,0.000000
29.831964,0.000000,0.000000,0.000000,0.000000,0.000000,0.000000
29.841964,0.000000,0.000000,0.000000,0.000000,0.000000,0.000000
29.851964,0.000000,0.000000,0.000000,0.000000,0.000000,0.000000
29.861964,0.000000,0.000000,0.000000,0.000000,0.000000,0.000000
29.871964,0.000000,0.000000,0.000000,0.000000,0.000000,0.000000
29.881964,0.000000,0.000000,0.000000,0.000000,0.000000,0.000000
29.891964,0.000000,0.000000,0.000000,0.000000,0.000000,0.000000
29.901964,0.000000,0.000000,0.000000,0.000000,0.000000,0.000000
29.911964,0.000000,0.000000,0.000000,0.000000,0.000000,0.000000
29.921964,0.000000,0.000000,0.000000,0.000000,0.000000,0.000000
29.931964,0.000000,0.000000,0.000000,0.000000,0.000000,0.000000
29.941964,0.000000,0.000000,0.000000,0.000000,0.000000,0.000000
29.951964,0.000000,0.000000,0.000000,0.000000,0.000000,0.000000
29.961964,0.000000,0.000000,0.000000,0.000000,0.000000,0.000000
29.971964,0.000000,0.000000,0.000000,0.000000,0.000000,0.000000
29.981964,0.000000,0.000000,0.000000,0.000000,0.000000,0.000000
29.991964,0.000000,0.000000,0.000000,0.000000,0.000000,0.000000
30.001964,0.000000,0.000000,0.000000,0.000000,0.000000,0.000000
30.011964,0.000000,0.000000,0.000000,0.000000,0.000000,0.000000
30.021964,0.000000,0.000000,0.000000,0.000000,0.000000,0.000000
30.031964,0.000000,0.000000,0.000000,0.000000,0.000000,0.000000
30.041964,0.000000,0.000000,0.000000,0.000000,0.000000,0.000000
30.051964,0.000000,0.000000,0.000000,0.000000,0.000000,0.000000
30.061964,0.000000,0.000000,0.000000,0.000000,0.000000,0.000000
30.071964,0.000000,0.000000,0.000000,0.000000,0.000000,0.000000
30.081964,0.000000,0.000000,0.000000,0.000000,0.000000,0.000000
30.091964,0.000000,0.000000,0.000000,0.000000,0.000000,0.000000
30.101964,0.000000,0.000000,0.000000,0.000000,0.000000,0.000000
30.111964,0.000000,0.000000,0.000000,0.000000,0.000000,0.000000
30.121964,0.000000,0.000000,0.000000,0.000000,0.000000,0.000000
30.131964,0.000000,0.000000,0.000000,0.000000,0.000000,0.000000
30.141964,0.000000,0.000000,0.000000,0.000000,0.000000,0.000000
30.151964,0.000000,0.000000,0.000000,0.000000,0.000000,0.000000
30.161964,0.000000,0.000000,0.000000,0.000000,0.000000,0.000000
30.171964,0.000000,0.000000,0.000000,0.000000,0.000000,0.000000
30.181964,0.000000,0.000000,0.000000,0.000000,0.000000,0.000000
30.191964,0.000000,0.000000,0.000000,0.000000,0.000000,0.000000
30.201964,0.000000,0.000000,0.000000,0.000000,0.000000,0.000000
30.211964,0.000000,0.000000,0.000000,0.000000,0.000000,0.000000
30.221964,0.000000,0.000000,0.000000,0.000000,0.000000,0.000000
30.231964,0.000000,0.000000,0.000000,0.000000,0.000000,0.000000
30.241964,0.000000,0.000000,0.000000,0.000000,0.000000,0.000000
30.251964,0.000000,0.000000,0.000000,0.000000,0.000000,0.000000
30.261964,0.000000,0.000000,0.000000,0.000000,0.000000,0.000000
30.271964,0.000000,0.000000,0.000000,0.000000,0.000000,0.000000
30.281964,0.000000,0.000000,0.000000,0.000000,0.000000,0.000000
30.291964,0.000000,0.000000,0.000000,0.000000,0.000000,0.000000
30.301964,0.000000,0.000000,0.000000,0.000000,0.000000,0.000000
30.311964,0.000000,0.000000,0.000000,0.000000,0.000000,0.000000
30.321964,0.000000,0.000000,0.000000,0.000000,0.000000,0.000000
30.331964,0.000000,0.000000,0.000000,0.000000,0.000000,0.000000
30.341964,0.000000,0.000000,0.000000,0.000000,0.000000,0.000000
30.351964,0.000000,0.000000,0.000000,0.000000,0.000000,0.000000
30.361964,0.000000,0.000000,0.000000,0.000000,0.000000,0.000000
30.371964,0.000000,0.000000,0.000000,0.000000,0.000000,0.000000
30.381964,0.000000,0.000000,0.000000,0.000000,0.000000,0.000000
30.391964,0.000000,0.000000,0.000000,0.000000,0.000000,0.000000
30.401964,0.000000,0.000000,0.000000,0.000000,0.000000,0.000000
30.411964,0.000000,0.000000,0.000000,0.000000,0.000000,0.000000
30.421964,0.000000,0.000000,0.000000,0.000000,0.000000,0.000000
30.431964,0.000000,0.000000,0.000000,0.000000,0.000000,0.000000
30.441964,0.000000,0.000000,0.000000,0.000000,0.000000,0.000000
30.451964,0.000000,0.000000,0.000000,0.000000,0.000000,0.000000
30.461964,0.000000,0.000000,0.000000,0.000000,0.000000,0.000000
30.471964,0.000000,0.000000,0.000000,0.000000,0.000000,0.000000
30.481964,0.000000,0.000000,0.000000,0.000000,0.000000,0.000000
30.491964,0.000000,0.000000,0.000000,0.000000,0.000000,0.000000
30.501964,0.000000,0.000000,0.000000,0.000000,0.000000,0.000000
30.511964,0.000000,0.000000,0.000000,0.000000,0.000000,0.000000
30.521964,0.000000,0.000000,0.000000,0.000000,0.000000,0.000000
30.531964,0.000000,0.000000,0.000000,0.000000,0.000000,0.000000
30.541964,0.000000,0.000000,0.000000,0.000000,0.000000,0.000000
30.551964,0.000000,0.000000,0.000000,0.000000,0.000000,0.000000
30.561964,0.000000,0.000000,0.000000,0.000000,0.000000,0.000000
30.571964,0.000000,0.000000,0.000000,0.000000,0.000000,0.000000
30.581964,0.000000,0.000000,0.000000,0.000000,0.000000,0.000000
30.591964,0.000000,0.000000,0.000000,0.000000,0.000000,0.000000
30.601964,0.000000,0.000000,0.000000,0.000000,0.000000,0.000000
30.611964,0.000000,0.000000,0.000000,0.000000,0.000000,0.000000
30.621964,0.000000,0.000000,0.000000,0.000000,0.000000,0.000000
30.631964,0.000000,0.000000,0.000000,0.000000,0.000000,0.000000
30.641964,0.000000,0.000000,0.000000,0.000000,0.000000,0.000000
30.651964,0.000000,0.000000,0.000000,0.000000,0.000000,0.000000
30.661964,0.000000,0.000000,0.000000,0.000000,0.000000,0.000000
30.671964,0.000000,0.000000,0.000000,0.000000,0.000000,0.000000
30.681964,0.000000,0.000000,0.000000,0.000000,0.000000,0.000000
30.691964,0.000000,0.000000,0.000000,0.000000,0.000000,0.000000
30.701964,0.000000,0.000000,0.000000,0.000000,0.000000,0.000000
30.711964,0.000000,0.000000,0.000000,0.000000,0.000000,0.000000
30.721964,0.000000,0.000000,0.000000,0.000000,0.000000,0.000000
30.731964,0.000000,0.000000,0.000000,0.000000,0.000000,0.000000
30.741964,0.000000,0.000000,0.000000,0.000000,0.000000,0.000000
30.751964,0.000000,0.000000,0.000000,0.000000,0.000000,0.000000
30.761964,0.000000,0.000000,0.000000,0.000000,0.000000,0.000000
30.771964,0.000000,0.000000,0.000000,0.000000,0.000000,0.000000
30.781964,0.000000,0.000000,0.000000,0.000000,0.000000,0.000000
30.791964,0.000000,0.000000,0.000000,0.000000,0.000000,0.000000
30.801964,0.000000,0.000000,0.000000,0.000000,0.000000,0.000000
30.811964,0.000000,0.000000,0.000000,0.000000,0.000000,0.000000
30.821964,0.000000,0.000000,0.000000,0.000000,0.000000,0.000000
30.831964,0.000000,0.000000,0.000000,0.000000,0.000000,0.000000
30.841964,0.000000,0.000000,0.000000,0.000000,0.000000,0.000000
30.851964,0.000000,0.000000,0.000000,0.000000,0.000000,0.000000
30.861964,0.000000,0.000000,0.000000,0.000000,0.000000,0.000000
30.871964,0.000000,0.000000,0.000000,0.000000,0.000000,0.000000
30.881964,0.000000,0.000000,0.000000,0.000000,0.000000,0.000000
30.891964,0.000000,0.000000,0.000000,0.000000,0.000000,0.000000
30.901964,0.000000,0.000000,0.000000,0.000000,0.000000,0.000000
30.911964,0.000000,0.000000,0.000000,0.000000,0.000000,0.000000
30.921964,0.000000,0.000000,0.000000,0.000000,0.000000,0.000000
30.931964,0.000000,0.000000,0.000000,0.000000,0.000000,0.000000
30.941964,0.000000,0.000000,0.000000,0.000000,0.000000,0.000000
30.951964,0.000000,0.000000,0.000000,0.000000,0.000000,0.000000
30.961964,0.000000,0.000000,0.000000,0.000000,0.000000,0.000000
30.971964,0.000000,0.000000,0.000000,0.000000,0.000000,0.000000
30.981964,0.000000,0.000000,0.000000,0.000000,0.000000,0.000000
30.991964,0.000000,0.000000,0.000000,0.000000,0.000000,0.000000
31.001964,0.000000,0.000000,0.000000,0.000000,0.000000,0.000000
31.011964,0.000000,0.000000,0.000000,0.000000,0.000000,0.000000
31.021964,0.000000,0.000000,0.000000,0.000000,0.000000,0.000000
31.031964,0.000000,0.000000,0.000000,0.000000,0.000000,0.000000
31.041964,0.000000,0.000000,0.000000,0.000000,0.000000,0.000000
31.051964,0.000000,0.000000,0.000000,0.000000,0.000000,0.000000
31.061964,0.000000,0.000000,0.000000,0.000000,0.000000,0.000000
31.071964,0.000000,0.000000,0.000000,0.000000,0.000000,0.000000
31.081964,0.000000,0.000000,0.000000,0.000000,0.000000,0.000000
31.091964,0.000000,0.000000,0.000000,0.000000,0.000000,0.000000
31.101964,0.000000,0.000000,0.000000,0.000000,0.000000,0.000000
31.111964,0.000000,0.000000,0.000000,0.000000,0.000000,0.000000
31.121964,0.000000,0.000000,0.000000,0.000000,0.000000,0.000000
31.131964,0.000000,0.000000,0.000000,0.000000,0.000000,0.000000
31.141964,0.000000,0.000000,0.000000,0.000000,0.000000,0.000000
31.151964,0.000000,0.000000,0.000000,0.000000,0.000000,0.000000
31.161964,0.000000,0.000000,0.000000,0.000000,0.000000,0.000000
31.171964,0.000000,0.000000,0.000000,0.000000,0.000000,0.000000
31.181964,0.000000,0.000000,0.000000,0.000000,0.000000,0.000000
31.191964,0.000000,0.000000,0.000000,0.000000,0.000000,0.000000
31.201964,0.000000,0.000000,0.000000,0.000000,0.000000,0.000000
31.211964,0.000000,0.000000,0.000000,0.000000,0.000000,0.000000
31.221964,0.000000,0.000000,0.000000,0.000000,0.000000,0.000000
31.231964,0.000000,0.000000,0.000000,0.000000,0.000000,0.000000
31.241964,0.000000,0.000000,0.000000,0.000000,0.000000,0.000000
31.251964,0.000000,0.000000,0.000000,0.000000,0.000000,0.000000
31.261964,0.000000,0.000000,0.000000,0.000000,0.000000,0.000000
31.271964,0.000000,0.000000,0.000000,0.000000,0.000000,0.000000
31.281964,0.000000,0.000000,0.000000,0.000000,0.000000,0.000000
31.291964,0.000000,0.000000,0.000000,0.000000,0.000000,0.000000
31.301964,0.000000,0.000000,0.000000,0.000000,0.000000,0.000000
31.311964,0.000000,0.000000,0.000000,0.000000,0.000000,0.000000
31.321964,0.000000,0.000000,0.000000,0.000000,0.000000,0.000000
31.331964,0.000000,0.000000,0.000000,0.000000,0.000000,0.000000
31.341964,0.000000,0.000000,0.000000,0.000000,0.000000,0.000000
31.351964,0.000000,0.000000,0.000000,0.000000,0.000000,0.000000
31.361964,0.000000,0.000000,0.000000,0.000000,0.000000,0.000000
31.371964,0.000000,0.000000,0.000000,0.000000,0.000000,0.000000
31.381964,0.000000,0.000000,0.000000,0.000000,0.000000,0.000000
31.391964,0.000000,0.000000,0.000000,0.000000,0.000000,0.000000
31.401964,0.000000,0.000000,0.000000,0.000000,0.000000,0.000000
31.411964,0.000000,0.000000,0.000000,0.000000,0.000000,0.000000
31.421964,0.000000,0.000000,0.000000,0.000000,0.000000,0.000000
31.431964,0.000000,0.000000,0.000000,0.000000,0.000000,0.000000
31.441964,0.000000,0.000000,0.000000,0.000000,0.000000,0.000000
31.451964,0.000000,0.000000,0.000000,0.000000,0.000000,0.000000
31.461964,0.000000,0.000000,0.000000,0.000000,0.000000,0.000000
31.471964,0.000000,0.000000,0.000000,0.000000,0.000000,0.000000
31.481964,0.000000,0.000000,0.000000,0.000000,0.000000,0.000000
31.491964,0.000000,0.000000,0.000000,0.000000,0.000000,0.000000
31.501964,0.000000,0.000000,0.000000,0.000000,0.000000,0.000000
31.511964,0.000000,0.000000,0.000000,0.000000,0.000000,0.000000
31.521964,0.000000,0.000000,0.000000,0.000000,0.000000,0.000000
31.531964,0.000000,0.000000,0.000000,0.000000,0.000000,0.000000
31.541964,0.000000,0.000000,0.000000,0.000000,0.000000,0.000000
31.551964,0.000000,0.000000,0.000000,0.000000,0.000000,0.000000
31.561964,0.000000,0.000000,0.000000,0.000000,0.000000,0.000000
31.571964,0.000000,0.000000,0.000000,0.000000,0.000000,0.000000
31.581964,0.000000,0.000000,0.000000,0.000000,0.000000,0.000000
31.591964,0.000000,0.000000,0.000000,0.000000,0.000000,0.000000
31.601964,0.000000,0.000000,0.000000,0.000000,0.000000,0.000000
31.611964,0.000000,0.000000,0.000000,0.000000,0.000000,0.000000
31.621964,0.000000,0.000000,0.000000,0.000000,0.000000,0.000000
31.631964,0.000000,0.000000,0.000000,0.000000,0.000000,0.000000
31.641964,0.000000,0.000000,0.000000,0.000000,0.000000,0.000000
31.651964,0.000000,0.000000,0.000000,0.000000,0.000000,0.000000
31.661964,0.000000,0.000000,0.000000,0.000000,0.000000,0.000000
31.671964,0.000000,0.000000,0.000000,0.000000,0.000000,0.000000
31.681964,0.000000,0.000000,0.000000,0.000000,0.000000,0.000000
31.691964,0.000000,0.000000,0.000000,0.000000,0.000000,0.000000
31.701964,0.000000,0.000000,0.000000,0.000000,0.000000,0.000000
31.711964,0.000000,0.000000,0.000000,0.000000,0.000000,0.000000
31.721964,0.000000,0.000000,0.000000,0.000000,0.000000,0.000000
31.731964,0.000000,0.000000,0.000000,0.000000,0.000000,0.000000
31.741964,0.000000,0.000000,0.000000,0.000000,0.000000,0.000000
31.751964,0.000000,0.000000,0.000000,0.000000,0.000000,0.000000
31.761964,0.000000,0.000000,0.000000,0.000000,0.000000,0.000000
31.771964,0.000000,0.000000,0.000000,0.000000,0.000000,0.000000
31.781964,0.000000,0.000000,0.000000,0.000000,0.000000,0.000000
31.791964,0.000000,0.000000,0.000000,0.000000,0.000000,0.000000
31.801964,0.000000,0.000000,0.000000,0.000000,0.000000,0.000000
31.811964,0.000000,0.000000,0.000000,0.000000,0.000000,0.000000
31.821964,0.000000,0.000000,0.000000,0.000000,0.000000,0.000000
31.831964,0.000000,0.000000,0.000000,0.000000,0.000000,0.000000
31.841964,0.000000,0.000000,0.000000,0.000000,0.000000,0.000000
31.851964,0.000000,0.000000,0.000000,0.000000,0.000000,0.000000
31.861964,0.000000,0.000000,0.000000,0.000000,0.000000,0.000000
31.871964,0.000000,0.000000,0.000000,0.000000,0.000000,0.000000
31.881964,0.000000,0.000000,0.000000,0.000000,0.000000,0.000000
31.891964,0.000000,0.000000,0.000000,0.000000,0.000000,0.000000
31.901964,0.000000,0.000000,0.000000,0.000000,0.000000,0.000000
31.911964,0.000000,0.000000,0.000000,0.000000,0.000000,0.000000
31.921964,0.000000,0.000000,0.000000,0.000000,0.000000,0.000000
31.931964,0.000000,0.000000,0.000000,0.000000,0.000000,0.000000
31.941964,0.000000,0.000000,0.000000,0.000000,0.000000,0.000000
31.951964,0.000000,0.000000,0.000000,0.000000,0.000000,0.000000
31.961964,0.000000,0.000000,0.000000,0.000000,0.000000,0.000000
31.971964,0.000000,0.000000,0.000000,0.000000,0.000000,0.000000
31.981964,0.000000,0.000000,0.000000,0.000000,0.000000,0.000000
31.991964,0.000000,0.000000,0.000000,0.000000,0.000000,0.000000
32.001964,0.000000,0.000000,0.000000,0.000000,0.000000,0.000000
32.011964,0.000000,0.000000,0.000000,0.000000,0.000000,0.000000
32.021964,0.000000,0.000000,0.000000,0.000000,0.000000,0.000000
32.031964,0.000000,0.000000,0.000000,0.000000,0.000000,0.000000
32.041964,0.000000,0.000000,0.000000,0.000000,0.000000,0.000000
32.051964,0.000000,0.000000,0.000000,0.000000,0.000000,0.000000
32.061964,0.000000,0.000000,0.000000,0.000000,0.000000,0.000000
32.071964,0.000000,0.000000,0.000000,0.000000,0.000000,0.000000
32.081964,0.000000,0.000000,0.000000,0.000000,0.000000,0.000000
32.091964,0.000000,0.000000,0.000000,0.000000,0.000000,0.000000
32.101964,0.000000,0.000000,0.000000,0.000000,0.000000,0.000000
32.111964,0.000000,0.000000,0.000000,0.000000,0.000000,0.000000
32.121964,0.000000,0.000000,0.000000,0.000000,0.000000,0.000000
32.131964,0.000000,0.000000,0.000000,0.000000,0.000000,0.000000
32.141964,0.000000,0.000000,0.000000,0.000000,0.000000,0.000000
32.151964,0.000000,0.000000,0.000000,0.000000,0.000000,0.000000
32.161964,0.000000,0.000000,0.000000,0.000000,0.000000,0.000000
32.171964,0.000000,0.000000,0.000000,0.000000,0.000000,0.000000
32.181964,0.000000,0.000000,0.000000,0.000000,0.000000,0.000000
32.191964,0.000000,0.000000,0.000000,0.000000,0.000000,0.000000
32.201964,0.000000,0.000000,0.000000,0.000000,0.000000,0.000000
32.211964,0.000000,0.000000,0.000000,0.000000,0.000000,0.000000
32.221964,0.000000,0.000000,0.000000,0.000000,0.000000,0.000000
32.231964,0.000000,0.000000,0.000000,0.000000,0.000000,0.000000
32.241964,0.000000,0.000000,0.000000,0.000000,0.000000,0.000000
32.251964,0.000000,0.000000,0.000000,0.000000,0.000000,0.000000
32.261964,0.000000,0.000000,0.000000,0.000000,0.000000,0.000000
32.271964,0.000000,0.000000,0.000000,0.000000,0.000000,0.000000
32.281964,0.000000,0.000000,0.000000,0.000000,0.000000,0.000000
32.291964,0.000000,0.000000,0.000000,0.000000,0.000000,0.000000
32.301964,0.000000,0.000000,0.000000,0.000000,0.000000,0.000000
32.311964,0.000000,0.000000,0.000000,0.000000,0.000000,0.000000
32.321964,0.000000,0.000000,0.000000,0.000000,0.000000,0.000000
32.331964,0.000000,0.000000,0.000000,0.000000,0.000000,0.000000
32.341964,0.000000,0.000000,0.000000,0.000000,0.000000,0.000000
32.351964,0.000000,0.000000,0.000000,0.000000,0.000000,0.000000
32.361964,0.000000,0.000000,0.000000,0.000000,0.000000,0.000000
32.371964,0.000000,0.000000,0.000000,0.000000,0.000000,0.000000
32.381964,0.000000,0.000000,0.000000,0.000000,0.000000,0.000000
32.391964,0.000000,0.000000,0.000000,0.000000,0.000000,0.000000
32.401964,0.000000,0.000000,0.000000,0.000000,0.000000,0.000000
32.411964,0.000000,0.000000,0.000000,0.000000,0.000000,0.000000
32.421964,0.000000,0.000000,0.000000,0.000000,0.000000,0.000000
32.431964,0.000000,0.000000,0.000000,0.000000,0.000000,0.000000
32.441964,0.000000,0.000000,0.000000,0.000000,0.000000,0.000000
32.451964,0.000000,0.000000,0.000000,0.000000,0.000000,0.000000
32.461964,0.000000,0.000000,0.000000,0.000000,0.000000,0.000000
32.471964,0.000000,0.000000,0.000000,0.000000,0.000000,0.000000
32.481964,0.000000,0.000000,0.000000,0.000000,0.000000,0.000000
32.491964,0.000000,0.000000,0.000000,0.000000,0.000000,0.000000
32.501964,0.000000,0.000000,0.000000,0.000000,0.000000,0.000000
32.511964,0.000000,0.000000,0.000000,0.000000,0.000000,0.000000
32.521964,0.000000,0.000000,0.000000,0.000000,0.000000,0.000000
32.531964,0.000000,0.000000,0.000000,0.000000,0.000000,0.000000
32.541964,0.000000,0.000000,0.000000,0.000000,0.000000,0.000000
32.551964,0.000000,0.000000,0.000000,0.000000,0.000000,0.000000
32.561964,0.000000,0.000000,0.000000,0.000000,0.000000,0.000000
32.571964,0.000000,0.000000,0.000000,0.000000,0.000000,0.000000
32.581964,0.000000,0.000000,0.000000,0.000000,0.000000,0.000000
32.591964,0.000000,0.000000,0.000000,0.000000,0.000000,0.000000
32.601964,0.000000,0.000000,0.000000,0.000000,0.000000,0.000000
32.611964,0.000000,0.000000,0.000000,0.000000,0.000000,0.000000
32.621964,0.000000,0.000000,0.000000,0.000000,0.000000,0.000000
32.631964,0.000000,0.000000,0.000000,0.000000,0.000000,0.000000
32.641964,0.000000,0.000000,0.000000,0.000000,0.000000,0.000000
32.651964,0.000000,0.000000,0.000000,0.000000,0.000000,0.000000
32.661964,0.000000,0.000000,0.000000,0.000000,0.000000,0.000000
32.671964,0.000000,0.000000,0.000000,0.000000,0.000000,0.000000
32.681964,0.000000,0.000000,0.000000,0.000000,0.000000,0.000000
32.691964,0.000000,0.000000,0.000000,0.000000,0.000000,0.000000
32.701964,0.000000,0.000000,0.000000,0.000000,0.000000,0.000000
32.711964,0.000000,0.000000,0.000000,0.000000,0.000000,0.000000
32.721964,0.000000,0.000000,0.000000,0.000000,0.000000,0.000000
32.731964,0.000000,0.000000,0.000000,0.000000,0.000000,0.000000
32.741964,0.000000,0.000000,0.000000,0.000000,0.000000,0.000000
32.751964,0.000000,0.000000,0.000000,0.000000,0.000000,0.000000
32.761964,0.000000,0.000000,0.000000,0.000000,0.000000,0.000000
32.771964,0.000000,0.000000,0.000000,0.000000,0.000000,0.000000
32.781964,0.000000,0.000000,0.000000,0.000000,0.000000,0.000000
32.791964,0.000000,0.000000,0.000000,0.000000,0.000000,0.000000
32.801964,0.000000,0.000000,0.000000,0.000000,0.000000,0.000000
32.811964,0.000000,0.000000,0.000000,0.000000,0.000000,0.000000
32.821964,0.000000,0.000000,0.000000,0.000000,0.000000,0.000000
32.831964,0.000000,0.000000,0.000000,0.000000,0.000000,0.000000
32.841964,0.000000,0.000000,0.000000,0.000000,0.000000,0.000000
32.851964,0.000000,0.000000,0.000000,0.000000,0.000000,0.000000
32.861964,0.000000,0.000000,0.000000,0.000000,0.000000,0.000000
32.871964,0.000000,0.000000,0.000000,0.000000,0.000000,0.000000
32.881964,0.000000,0.000000,0.000000,0.000000,0.000000,0.000000
32.891964,0.000000,0.000000,0.000000,0.000000,0.000000,0.000000
32.901964,0.000000,0.000000,0.000000,0.000000,0.000000,0.000000
32.911964,0.000000,0.000000,0.000000,0.000000,0.000000,0.000000
32.921964,0.000000,0.000000,0.000000,0.000000,0.000000,0.000000
32.931964,0.000000,0.000000,0.000000,0.000000,0.000000,0.000000
32.941964,0.000000,0.000000,0.000000,0.000000,0.000000,0.000000
32.951964,0.000000,0.000000,0.000000,0.000000,0.000000,0.000000
32.961964,0.000000,0.000000,0.000000,0.000000,0.000000,0.000000
32.971964,0.000000,0.000000,0.000000,0.000000,0.000000,0.000000
32.981964,0.000000,0.000000,0.000000,0.000000,0.000000,0.000000
32.991964,0.000000,0.000000,0.000000,0.000000,0.000000,0.000000
33.001964,0.000000,0.000000,0.000000,0.000000,0.000000,0.000000
33.011964,0.000000,0.000000,0.000000,0.000000,0.000000,0.000000
33.021964,0.000000,0.000000,0.000000,0.000000,0.000000,0.000000
33.031964,0.000000,0.000000,0.000000,0.000000,0.000000,0.000000
33.041964,0.000000,0.000000,0.000000,0.000000,0.000000,0.000000
33.051964,0.000000,0.000000,0.000000,0.000000,0.000000,0.000000
33.061964,0.000000,0.000000,0.000000,0.000000,0.000000,0.000000
33.071964,0.000000,0.000000,0.000000,0.000000,0.000000,0.000000
33.081964,0.000000,0.000000,0.000000,0.000000,0.000000,0.000000
33.091964,0.000000,0.000000,0.000000,0.000000,0.000000,0.000000
33.101964,0.000000,0.000000,0.000000,0.000000,0.000000,0.000000
33.111964,0.000000,0.000000,0.000000,0.000000,0.000000,0.000000
33.121964,0.000000,0.000000,0.000000,0.000000,0.000000,0.000000
33.131964,0.000000,0.000000,0.000000,0.000000,0.000000,0.000000
33.141964,0.000000,0.000000,0.000000,0.000000,0.000000,0.000000
33.151964,0.000000,0.000000,0.000000,0.000000,0.000000,0.000000
33.161964,0.000000,0.000000,0.000000,0.000000,0.000000,0.000000
33.171964,0.000000,0.000000,0.000000,0.000000,0.000000,0.000000
33.181964,0.000000,0.000000,0.000000,0.000000,0.000000,0.000000
33.191964,0.000000,0.000000,0.000000,0.000000,0.000000,0.000000
33.201964,0.000000,0.000000,0.000000,0.000000,0.000000,0.000000
33.211964,0.000000,0.000000,0.000000,0.000000,0.000000,0.000000
33.221964,0.000000,0.000000,0.000000,0.000000,0.000000,0.000000
33.231964,0.000000,0.000000,0.000000,0.000000,0.000000,0.000000
33.241964,0.000000,0.000000,0.000000,0.000000,0.000000,0.000000
33.251964,0.000000,0.000000,0.000000,0.000000,0.000000,0.000000
33.261964,0.000000,0.000000,0.000000,0.000000,0.000000,0.000000
33.271964,0.000000,0.000000,0.000000,0.000000,0.000000,0.000000
33.281964,0.000000,0.000000,0.000000,0.000000,0.000000,0.000000
33.291964,0.000000,0.000000,0.000000,0.000000,0.000000,0.000000
33.301964,0.000000,0.000000,0.000000,0.000000,0.000000,0.000000
33.311964,0.000000,0.000000,0.000000,0.000000,0.000000,0.000000
33.321964,0.000000,0.000000,0.000000,0.000000,0.000000,0.000000
33.331964,0.000000,0.000000,0.000000,0.000000,0.000000,0.000000
33.341964,0.000000,0.000000,0.000000,0.000000,0.000000,0.000000
33.351964,0.000000,0.000000,0.000000,0.000000,0.000000,0.000000
33.361964,0.000000,0.000000,0.000000,0.000000,0.000000,0.000000
33.371964,0.000000,0.000000,0.000000,0.000000,0.000000,0.000000
33.381964,0.000000,0.000000,0.000000,0.000000,0.000000,0.000000
33.391964,0.000000,0.000000,0.000000,0.000000,0.000000,0.000000
33.401964,0.000000,0.000000,0.000000,0.000000,0.000000,0.000000
33.411964,0.000000,0.000000,0.000000,0.000000,0.000000,0.000000
33.421964,0.000000,0.000000,0.000000,0.000000,0.000000,0.000000
33.431964,0.000000,0.000000,0.000000,0.000000,0.000000,0.000000
33.441964,0.000000,0.000000,0.000000,0.000000,0.000000,0.000000
33.451964,0.000000,0.000000,0.000000,0.000000,0.000000,0.000000
33.461964,0.000000,0.000000,0.000000,0.000000,0.000000,0.000000
33.471964,0.000000,0.000000,0.000000,0.000000,0.000000,0.000000
33.481964,0.000000,0.000000,0.000000,0.000000,0.000000,0.000000
33.491964,0.000000,0.000000,0.000000,0.000000,0.000000,0.000000
33.501964,0.000000,0.000000,0.000000,0.000000,0.000000,0.000000
33.511964,0.000000,0.000000,0.000000,0.000000,0.000000,0.000000
33.521964,0.000000,0.000000,0.000000,0.000000,0.000000,0.000000
33.531964,0.000000,0.000000,0.000000,0.000000,0.000000,0.000000
33.541964,0.000000,0.000000,0.000000,0.000000,0.000000,0.000000
33.551964,0.000000,0.000000,0.000000,0.000000,0.000000,0.000000
33.561964,0.000000,0.000000,0.000000,0.000000,0.000000,0.000000
33.571964,0.000000,0.000000,0.000000,0.000000,0.000000,0.000000
33.581964,0.000000,0.000000,0.000000,0.000000,0.000000,0.000000
33.591964,0.000000,0.000000,0.000000,0.000000,0.000000,0.000000
33.601964,0.000000,0.000000,0.000000,0.000000,0.000000,0.000000
33.611964,0.000000,0.000000,0.000000,0.000000,0.000000,0.000000
33.621964,0.000000,0.000000,0.000000,0.000000,0.000000,0.000000
33.631964,0.000000,0.000000,0.000000,0.000000,0.000000,0.000000
33.641964,0.000000,0.000000,0.000000,0.000000,0.000000,0.000000
33.651964,0.000000,0.000000,0.000000,0.000000,0.000000,0.000000
33.661964,0.000000,0.000000,0.000000,0.000000,0.000000,0.000000
33.671964,0.000000,0.000000,0.000000,0.000000,0.000000,0.000000
33.681964,0.000000,0.000000,0.000000,0.000000,0.000000,0.000000
33.691964,0.000000,0.000000,0.000000,0.000000,0.000000,0.000000
33.701964,0.000000,0.000000,0.000000,0.000000,0.000000,0.000000
33.711964,0.000000,0.000000,0.000000,0.000000,0.000000,0.000000
33.721964,0.000000,0.000000,0.000000,0.000000,0.000000,0.000000
33.731964,0.000000,0.000000,0.000000,0.000000,0.000000,0.000000
33.741964,0.000000,0.000000,0.000000,0.000000,0.000000,0.000000
33.751964,0.000000,0.000000,0.000000,0.000000,0.000000,0.000000
33.761964,0.000000,0.000000,0.000000,0.000000,0.000000,0.000000
33.771964,0.000000,0.000000,0.000000,0.000000,0.000000,0.000000
33.781964,0.000000,0.000000,0.000000,0.000000,0.000000,0.000000
33.791964,0.000000,0.000000,0.000000,0.000000,0.000000,0.000000
33.801964,0.000000,0.000000,0.000000,0.000000,0.000000,0.000000
33.811964,0.000000,0.000000,0.000000,0.000000,0.000000,0.000000
33.821964,0.000000,0.000000,0.000000,0.000000,0.000000,0.000000
33.831964,0.000000,0.000000,0.000000,0.000000,0.000000,0.000000
33.841964,0.000000,0.000000,0.000000,0.000000,0.000000,0.000000
33.851964,0.000000,0.000000,0.000000,0.000000,0.000000,0.000000
33.861964,0.000000,0.000000,0.000000,0.000000,0.000000,0.000000
33.871964,0.000000,0.000000,0.000000,0.000000,0.000000,0.000000
33.881964,0.000000,0.000000,0.000000,0.000000,0.000000,0.000000
33.891964,0.000000,0.000000,0.000000,0.000000,0.000000,0.000000
33.901964,0.000000,0.000000,0.000000,0.000000,0.000000,0.000000
33.911964,0.000000,0.000000,0.000000,0.000000,0.000000,0.000000
33.921964,0.000000,0.000000,0.000000,0.000000,0.000000,0.000000
33.931964,0.000000,0.000000,0.000000,0.000000,0.000000,0.000000
33.941964,0.000000,0.000000,0.000000,0.000000,0.000000,0.000000
33.951964,0.000000,0.000000,0.000000,0.000000,0.000000,0.000000
33.961964,0.000000,0.000000,0.000000,0.000000,0.000000,0.000000
33.971964,0.000000,0.000000,0.000000,0.000000,0.000000,0.000000
33.981964,0.000000,0.000000,0.000000,0.000000,0.000000,0.000000
33.991964,0.000000,0.000000,0.000000,0.000000,0.000000,0.000000
34.001964,0.000000,0.000000,0.000000,0.000000,0.000000,0.000000
34.011964,0.000000,0.000000,0.000000,0.000000,0.000000,0.000000
34.021964,0.000000,0.000000,0.000000,0.000000,0.000000,0.000000
34.031964,0.000000,0.000000,0.000000,0.000000,0.000000,0.000000
34.041964,0.000000,0.000000,0.000000,0.000000,0.000000,0.000000
34.051964,0.000000,0.000000,0.000000,0.000000,0.000000,0.000000
34.061964,0.000000,0.000000,0.000000,0.000000,0.000000,0.000000
34.071964,0.000000,0.000000,0.000000,0.000000,0.000000,0.000000
34.081964,0.000000,0.000000,0.000000,0.000000,0.000000,0.000000
34.091964,0.000000,0.000000,0.000000,0.000000,0.000000,0.000000
34.101964,0.000000,0.000000,0.000000,0.000000,0.000000,0.000000
34.111964,0.000000,0.000000,0.000000,0.000000,0.000000,0.000000
34.121964,0.000000,0.000000,0.000000,0.000000,0.000000,0.000000
34.131964,0.000000,0.000000,0.000000,0.000000,0.000000,0.000000
34.141964,0.000000,0.000000,0.000000,0.000000,0.000000,0.000000
34.151964,0.000000,0.000000,0.000000,0.000000,0.000000,0.000000
34.161964,0.000000,0.000000,0.000000,0.000000,0.000000,0.000000
34.171964,0.000000,0.000000,0.000000,0.000000,0.000000,0.000000
34.181964,0.000000,0.000000,0.000000,0.000000,0.000000,0.000000
34.191964,0.000000,0.000000,0.000000,0.000000,0.000000,0.000000
34.201964,0.000000,0.000000,0.000000,0.000000,0.000000,0.000000
34.211964,0.000000,0.000000,0.000000,0.000000,0.000000,0.000000
34.221964,0.000000,0.000000,0.000000,0.000000,0.000000,0.000000
34.231964,0.000000,0.000000,0.000000,0.000000,0.000000,0.000000
34.241964,0.000000,0.000000,0.000000,0.000000,0.000000,0.000000
34.251964,0.000000,0.000000,0.000000,0.000000,0.000000,0.000000
34.261964,0.000000,0.000000,0.000000,0.000000,0.000000,0.000000
34.271964,0.000000,0.000000,0.000000,0.000000,0.000000,0.000000
34.281964,0.000000,0.000000,0.000000,0.000000,0.000000,0.000000
34.291964,0.000000,0.000000,0.000000,0.000000,0.000000,0.000000
34.301964,0.000000,0.000000,0.000000,0.000000,0.000000,0.000000
34.311964,0.000000,0.000000,0.000000,0.000000,0.000000,0.000000
34.321964,0.000000,0.000000,0.000000,0.000000,0.000000,0.000000
34.331964,0.000000,0.000000,0.000000,0.000000,0.000000,0.000000
34.341964,0.000000,0.000000,0.000000,0.000000,0.000000,0.000000
34.351964,0.000000,0.000000,0.000000,0.000000,0.000000,0.000000
34.361964,0.000000,0.000000,0.000000,0.000000,0.000000,0.000000
34.371964,0.000000,0.000000,0.000000,0.000000,0.000000,0.000000
34.381964,0.000000,0.000000,0.000000,0.000000,0.000000,0.000000
34.391964,0.000000,0.000000,0.000000,0.000000,0.000000,0.000000
34.401964,0.000000,0.000000,0.000000,0.000000,0.000000,0.000000
34.411964,0.000000,0.000000,0.000000,0.000000,0.000000,0.000000
34.421964,0.000000,0.000000,0.000000,0.000000,0.000000,0.000000
34.431964,0.000000,0.000000,0.000000,0.000000,0.000000,0.000000
34.441964,0.000000,0.000000,0.000000,0.000000,0.000000,0.000000
34.451964,0.000000,0.000000,0.000000,0.000000,0.000000,0.000000
34.461964,0.000000,0.000000,0.000000,0.000000,0.000000,0.000000
34.471964,0.000000,0.000000,0.000000,0.000000,0.000000,0.000000
34.481964,0.000000,0.000000,0.000000,0.000000,0.000000,0.000000
34.491964,0.000000,0.000000,0.000000,0.000000,0.000000,0.000000
34.501964,0.000000,0.000000,0.000000,0.000000,0.000000,0.000000
34.511964,0.000000,0.000000,0.000000,0.000000,0.000000,0.000000
34.521964,0.000000,0.000000,0.000000,0.000000,0.000000,0.000000
34.531964,0.000000,0.000000,0.000000,0.000000,0.000000,0.000000
34.541964,0.000000,0.000000,0.000000,0.000000,0.000000,0.000000
34.551964,0.000000,0.000000,0.000000,0.000000,0.000000,0.000000
34.561964,0.000000,0.000000,0.000000,0.000000,0.000000,0.000000
34.571964,0.000000,0.000000,0.000000,0.000000,0.000000,0.000000
34.581964,0.000000,0.000000,0.000000,0.000000,0.000000,0.000000
34.591964,0.000000,0.000000,0.000000,0.000000,0.000000,0.000000
34.601964,0.000000,0.000000,0.000000,0.000000,0.000000,0.000000
34.611964,0.000000,0.000000,0.000000,0.000000,0.000000,0.000000
34.621964,0.000000,0.000000,0.000000,0.000000,0.000000,0.000000
34.631964,0.000000,0.000000,0.000000,0.000000,0.000000,0.000000
34.641964,0.000000,0.000000,0.000000,0.000000,0.000000,0.000000
34.651964,0.000000,0.000000,0.000000,0.000000,0.000000,0.000000
34.661964,0.000000,0.000000,0.000000,0.000000,0.000000,0.000000
34.671964,0.000000,0.000000,0.000000,0.000000,0.000000,0.000000
34.681964,0.000000,0.000000,0.000000,0.000000,0.000000,0.000000
34.691964,0.000000,0.000000,0.000000,0.000000,0.000000,0.000000
34.701964,0.000000,0.000000,0.000000,0.000000,0.000000,0.000000
34.711964,0.000000,0.000000,0.000000,0.000000,0.000000,0.000000
34.721964,0.000000,0.000000,0.000000,0.000000,0.000000,0.000000
34.731964,0.000000,0.000000,0.000000,0.000000,0.000000,0.000000
34.741964,0.000000,0.000000,0.000000,0.000000,0.000000,0.000000
34.751964,0.000000,0.000000,0.000000,0.000000,0.000000,0.000000
34.761964,0.000000,0.000000,0.000000,0.000000,0.000000,0.000000
34.771964,0.000000,0.000000,0.000000,0.000000,0.000000,0.000000
34.781964,0.000000,0.000000,0.000000,0.000000,0.000000,0.000000
34.791964,0.000000,0.000000,0.000000,0.000000,0.000000,0.000000
34.801964,0.000000,0.000000,0.000000,0.000000,0.000000,0.000000
34.811964,0.000000,0.000000,0.000000,0.000000,0.000000,0.000000
34.821964,0.000000,0.000000,0.000000,0.000000,0.000000,0.000000
34.831964,0.000000,0.000000,0.000000,0.000000,0.000000,0.000000
34.841964,0.000000,0.000000,0.000000,0.000000,0.000000,0.000000
34.851964,0.000000,0.000000,0.000000,0.000000,0.000000,0.000000
34.861964,0.000000,0.000000,0.000000,0.000000,0.000000,0.000000
34.871964,0.000000,0.000000,0.000000,0.000000,0.000000,0.000000
34.881964,0.000000,0.000000,0.000000,0.000000,0.000000,0.000000
34.891964,0.000000,0.000000,0.000000,0.000000,0.000000,0.000000
34.901964,0.000000,0.000000,0.000000,0.000000,0.000000,0.000000
34.911964,0.000000,0.000000,0.000000,0.000000,0.000000,0.000000
34.921964,0.000000,0.000000,0.000000,0.000000,0.000000,0.000000
34.931964,0.000000,0.000000,0.000000,0.000000,0.000000,0.000000
34.941964,0.000000,0.000000,0.000000,0.000000,0.000000,0.000000
34.951964,0.000000,0.000000,0.000000,0.000000,0.000000,0.000000
34.961964,0.000000,0.000000,0.000000,0.000000,0.000000,0.000000
34.971964,0.000000,0.000000,0.000000,0.000000,0.000000,0.000000
34.981964,0.000000,0.000000,0.000000,0.000000,0.000000,0.000000
34.991964,0.000000,0.000000,0.000000,0.000000,0.000000,0.000000
35.001964,0.000000,0.000000,0.000000,0.000000,0.000000,0.000000
35.011964,0.000000,0.000000,0.000000,0.000000,0.000000,0.000000
35.021964,0.000000,0.000000,0.000000,0.000000,0.000000,0.000000
35.031964,0.000000,0.000000,0.000000,0.000000,0.000000,0.000000
35.041964,0.000000,0.000000,0.000000,0.000000,0.000000,0.000000
35.051964,0.000000,0.000000,0.000000,0.000000,0.000000,0.000000
35.061964,0.000000,0.000000,0.000000,0.000000,0.000000,0.000000
35.071964,0.000000,0.000000,0.000000,0.000000,0.000000,0.000000
35.081964,0.000000,0.000000,0.000000,0.000000,0.000000,0.000000
35.091964,0.000000,0.000000,0.000000,0.000000,0.000000,0.000000
35.101964,0.000000,0.000000,0.000000,0.000000,0.000000,0.000000
35.111964,0.000000,0.000000,0.000000,0.000000,0.000000,0.000000
35.121964,0.000000,0.000000,0.000000,0.000000,0.000000,0.000000
35.131964,0.000000,0.000000,0.000000,0.000000,0.000000,0.000000
35.141964,0.000000,0.000000,0.000000,0.000000,0.000000,0.000000
35.151964,0.000000,0.000000,0.000000,0.000000,0.000000,0.000000
35.161964,0.000000,0.000000,0.000000,0.000000,0.000000,0.000000
35.171964,0.000000,0.000000,0.000000,0.000000,0.000000,0.000000
35.181964,0.000000,0.000000,0.000000,0.000000,0.000000,0.000000
35.191964,0.000000,0.000000,0.000000,0.000000,0.000000,0.000000
35.201964,0.000000,0.000000,0.000000,0.000000,0.000000,0.000000
35.211964,0.000000,0.000000,0.000000,0.000000,0.000000,0.000000
35.221964,0.000000,0.000000,0.000000,0.000000,0.000000,0.000000
35.231964,0.000000,0.000000,0.000000,0.000000,0.000000,0.000000
35.241964,0.000000,0.000000,0.000000,0.000000,0.000000,0.000000
35.251964,0.000000,0.000000,0.000000,0.000000,0.000000,0.000000
35.261964,0.000000,0.000000,0.000000,0.000000,0.000000,0.000000
35.271964,0.000000,0.000000,0.000000,0.000000,0.000000,0.000000
35.281964,0.000000,0.000000,0.000000,0.000000,0.000000,0.000000
35.291964,0.000000,0.000000,0.000000,0.000000,0.000000,0.000000
35.301964,0.000000,0.000000,0.000000,0.000000,0.000000,0.000000
35.311964,0.000000,0.000000,0.000000,0.000000,0.000000,0.000000
35.321964,0.000000,0.000000,0.000000,0.000000,0.000000,0.000000
35.331964,0.000000,0.000000,0.000000,0.000000,0.000000,0.000000
35.341964,0.000000,0.000000,0.000000,0.000000,0.000000,0.000000
35.351964,0.000000,0.000000,0.000000,0.000000,0.000000,0.000000
35.361964,0.000000,0.000000,0.000000,0.000000,0.000000,0.000000
35.371964,0.000000,0.000000,0.000000,0.000000,0.000000,0.000000
35.381964,0.000000,0.000000,0.000000,0.000000,0.000000,0.000000
35.391964,0.000000,0.000000,0.000000,0.000000,0.000000,0.000000
35.401964,0.000000,0.000000,0.000000,0.000000,0.000000,0.000000
35.411964,0.000000,0.000000,0.000000,0.000000,0.000000,0.000000
35.421964,0.000000,0.000000,0.000000,0.000000,0.000000,0.000000
35.431964,0.000000,0.000000,0.000000,0.000000,0.000000,0.000000
35.441964,0.000000,0.000000,0.000000,0.000000,0.000000,0.000000
35.451964,0.000000,0.000000,0.000000,0.000000,0.000000,0.000000
35.461964,0.000000,0.000000,0.000000,0.000000,0.000000,0.000000
35.471964,0.000000,0.000000,0.000000,0.000000,0.000000,0.000000
35.481964,0.000000,0.000000,0.000000,0.000000,0.000000,0.000000
35.491964,0.000000,0.000000,0.000000,0.000000,0.000000,0.000000
35.501964,0.000000,0.000000,0.000000,0.000000,0.000000,0.000000
35.511964,0.000000,0.000000,0.000000,0.000000,0.000000,0.000000
35.521964,0.000000,0.000000,0.000000,0.000000,0.000000,0.000000
35.531964,0.000000,0.000000,0.000000,0.000000,0.000000,0.000000
35.541964,0.000000,0.000000,0.000000,0.000000,0.000000,0.000000
35.551964,0.000000,0.000000,0.000000,0.000000,0.000000,0.000000
35.561964,0.000000,0.000000,0.000000,0.000000,0.000000,0.000000
35.571964,0.000000,0.000000,0.000000,0.000000,0.000000,0.000000
35.581964,0.000000,0.000000,0.000000,0.000000,0.000000,0.000000
35.591964,0.000000,0.000000,0.000000,0.000000,0.000000,0.000000
35.601964,0.000000,0.000000,0.000000,0.000000,0.000000,0.000000
35.611964,0.000000,0.000000,0.000000,0.000000,0.000000,0.000000
35.621964,0.000000,0.000000,0.000000,0.000000,0.000000,0.000000
35.631964,0.000000,0.000000,0.000000,0.000000,0.000000,0.000000
35.641964,0.000000,0.000000,0.000000,0.000000,0.000000,0.000000
35.651964,0.000000,0.000000,0.000000,0.000000,0.000000,0.000000
35.661964,0.000000,0.000000,0.000000,0.000000,0.000000,0.000000
35.671964,0.000000,0.000000,0.000000,0.000000,0.000000,0.000000
35.681964,0.000000,0.000000,0.000000,0.000000,0.000000,0.000000
35.691964,0.000000,0.000000,0.000000,0.000000,0.000000,0.000000
35.701964,0.000000,0.000000,0.000000,0.000000,0.000000,0.000000
35.711964,0.000000,0.000000,0.000000,0.000000,0.000000,0.000000
35.721964,0.000000,0.000000,0.000000,0.000000,0.000000,0.000000
