time,linear_accel_x,linear_accel_y,linear_accel_z,angular_vel_x,angular_vel_y,angular_vel_z
0.121950,0.000000,0.000000,0.000000,0.000000,0.000000,0.000000
0.131950,0.000000,0.000000,0.000000,0.000000,0.000000,0.000000
0.141950,0.000000,0.000000,0.000000,0.000000,0.000000,0.000000
0.151950,0.000000,0.000000,0.000000,0.000000,0.000000,0.000000
0.161950,0.000000,0.000000,0.000000,0.000000,0.000000,0.000000
0.171950,0.000000,0.000000,0.000000,0.000000,0.000000,0.000000
0.181950,0.000000,0.000000,0.000000,0.000000,0.000000,0.000000
0.191950,0.000000,0.000000,0.000000,0.000000,0.000000,0.000000
0.201950,0.000000,0.000000,0.000000,0.000000,0.000000,0.000000
0.211950,0.000000,0.000000,0.000000,0.000000,0.000000,0.000000
0.221950,0.000000,0.000000,0.000000,0.000000,0.000000,0.000000
0.231950,0.000000,0.000000,0.000000,0.000000,0.000000,0.000000
0.241950,0.000000,0.000000,0.000000,0.000000,0.000000,0.000000
0.251950,0.000000,0.000000,0.000000,0.000000,0.000000,0.000000
0.261950,0.000000,0.000000,0.000000,0.000000,0.000000,0.000000
0.271950,0.000000,0.000000,0.000000,0.000000,0.000000,0.000000
0.281950,0.000000,0.000000,0.000000,0.000000,0.000000,0.000000
0.291950,0.000000,0.000000,0.000000,0.000000,0.000000,0.000000
0.301950,0.000000,0.000000,0.000000,0.000000,0.000000,0.000000
0.311950,0.000000,0.000000,0.000000,0.000000,0.000000,0.000000
0.321950,0.000000,0.000000,0.000000,0.000000,0.000000,0.000000
0.331950,0.000000,0.000000,0.000000,0.000000,0.000000,0.000000
0.341950,0.000000,0.000000,0.000000,0.000000,0.000000,0.000000
0.351950,0.000000,0.000000,0.000000,0.000000,0.000000,0.000000
0.361950,0.000000,0.000000,0.000000,0.000000,0.000000,0.000000
0.371950,0.000000,0.000000,0.000000,0.000000,0.000000,0.000000
0.381950,0.000000,0.000000,0.000000,0.000000,0.000000,0.000000
0.391950,0.000000,0.000000,0.000000,0.000000,0.000000,0.000000
0.401950,0.000000,0.000000,0.000000,0.000000,0.000000,0.000000
0.411950,0.000000,0.000000,0.000000,0.000000,0.000000,0.000000
0.421950,0.000000,0.000000,0.000000,0.000000,0.000000,0.000000
0.431950,0.000000,0.000000,0.000000,0.000000,0.000000,0.000000
0.441950,0.000000,0.000000,0.000000,0.000000,0.000000,0.000000
0.451950,0.000000,0.000000,0.000000,0.000000,0.000000,0.000000
0.461950,0.000000,0.000000,0.000000,0.000000,0.000000,0.000000
0.471950,0.000000,0.000000,0.000000,0.000000,0.000000,0.000000
0.481950,0.000000,0.000000,0.000000,0.000000,0.000000,0.000000
0.491950,0.000000,0.000000,0.000000,0.000000,0.000000,0.000000
0.501950,0.000000,0.000000,0.000000,0.000000,0.000000,0.000000
0.511950,0.000000,0.000000,0.000000,0.000000,0.000000,0.000000
0.521950,0.000000,0.000000,0.000000,0.000000,0.000000,0.000000
0.531950,0.000000,0.000000,0.000000,0.000000,0.000000,0.000000
0.541950,0.000000,0.000000,0.000000,0.000000,0.000000,0.000000
0.551950,0.000000,0.000000,0.000000,0.000000,0.000000,0.000000
0.561950,0.000000,0.000000,0.000000,0.000000,0.000000,0.000000
0.571950,0.000000,0.000000,0.000000,0.000000,0.000000,0.000000
0.581950,0.000000,0.000000,0.000000,0.000000,0.000000,0.000000
0.591950,0.000000,0.000000,0.000000,0.000000,0.000000,0.000000
0.601950,0.000000,0.000000,0.000000,0.000000,0.000000,0.000000
0.611950,0.000000,0.000000,0.000000,0.000000,0.000000,0.000000
0.621950,0.000000,0.000000,0.000000,0.000000,0.000000,0.000000
0.631950,0.000000,0.000000,0.000000,0.000000,0.000000,0.000000
0.641950,0.000000,0.000000,0.000000,0.000000,0.000000,0.000000
0.651950,0.000000,0.000000,0.000000,0.000000,0.000000,0.000000
0.661950,0.000000,0.000000,0.000000,0.000000,0.000000,0.000000
0.671950,0.000000,0.000000,0.000000,0.000000,0.000000,0.000000
0.681950,0.000000,0.000000,0.000000,0.000000,0.000000,0.000000
0.691950,0.000000,0.000000,0.000000,0.000000,0.000000,0.000000
0.701950,0.000000,0.000000,0.000000,0.000000,0.000000,0.000000
0.711950,0.000000,0.000000,0.000000,0.000000,0.000000,0.000000
0.721950,0.000000,0.000000,0.000000,0.000000,0.000000,0.000000
0.731950,0.000000,0.000000,0.000000,0.000000,0.000000,0.000000
0.741950,0.000000,0.000000,0.000000,0.000000,0.000000,0.000000
0.751950,0.000000,0.000000,0.000000,0.000000,0.000000,0.000000
0.761950,0.000000,0.000000,0.000000,0.000000,0.000000,0.000000
0.771950,0.000000,0.000000,0.000000,0.000000,0.000000,0.000000
0.781950,0.000000,0.000000,0.000000,0.000000,0.000000,0.000000
0.791950,0.000000,0.000000,0.000000,0.000000,0.000000,0.000000
0.801950,0.000000,0.000000,0.000000,0.000000,0.000000,0.000000
0.811950,0.000000,0.000000,0.000000,0.000000,0.000000,0.000000
0.821950,0.000000,0.000000,0.000000,0.000000,0.000000,0.000000
0.831950,0.000000,0.000000,0.000000,0.000000,0.000000,0.000000
0.841950,0.000000,0.000000,0.000000,0.000000,0.000000,0.000000
0.851950,0.000000,0.000000,0.000000,0.000000,0.000000,0.000000
0.861950,0.000000,0.000000,0.000000,0.000000,0.000000,0.000000
0.871950,0.000000,0.000000,0.000000,0.000000,0.000000,0.000000
0.881950,0.000000,0.000000,0.000000,0.000000,0.000000,0.000000
0.891950,0.000000,0.000000,0.000000,0.000000,0.000000,0.000000
0.901950,0.000000,0.000000,0.000000,0.000000,0.000000,0.000000
0.911950,0.000000,0.000000,0.000000,0.000000,0.000000,0.000000
0.921950,0.000000,0.000000,0.000000,0.000000,0.000000,0.000000
0.931950,0.000000,0.000000,0.000000,0.000000,0.000000,0.000000
0.941950,0.000000,0.000000,0.000000,0.000000,0.000000,0.000000
0.951950,0.000000,0.000000,0.000000,0.000000,0.000000,0.000000
0.961950,0.000000,0.000000,0.000000,0.000000,0.000000,0.000000
0.971950,0.000000,0.000000,0.000000,0.000000,0.000000,0.000000
0.981950,0.000000,0.000000,0.000000,0.000000,0.000000,0.000000
0.991950,0.000000,0.000000,0.000000,0.000000,0.000000,0.000000
1.001950,0.000000,0.000000,0.000000,0.000000,0.000000,0.000000
1.011950,0.000000,0.000000,0.000000,0.000000,0.000000,0.000000
1.021950,0.000000,0.000000,0.000000,0.000000,0.000000,0.000000
1.031950,0.000000,0.000000,0.000000,0.000000,0.000000,0.000000
1.041950,0.000000,0.000000,0.000000,0.000000,0.000000,0.000000
1.051950,0.000000,0.000000,0.000000,0.000000,0.000000,0.000000
1.061950,0.000000,0.000000,0.000000,0.000000,0.000000,0.000000
1.071950,0.000000,0.000000,0.000000,0.000000,0.000000,0.000000
1.081950,0.000000,0.000000,0.000000,0.000000,0.000000,0.000000
1.091950,0.000000,0.000000,0.000000,0.000000,0.000000,0.000000
1.101950,0.000000,0.000000,0.000000,0.000000,0.000000,0.000000
1.111950,0.000000,0.000000,0.000000,0.000000,0.000000,0.000000
1.121950,0.000000,0.000000,0.000000,0.000000,0.000000,0.000000
1.131950,0.000000,0.000000,0.000000,0.000000,0.000000,0.000000
1.141950,0.000000,0.000000,0.000000,0.000000,0.000000,0.000000
1.151950,0.000000,0.000000,0.000000,0.000000,0.000000,0.000000
1.161950,0.000000,0.000000,0.000000,0.000000,0.000000,0.000000
1.171950,0.000000,0.000000,0.000000,0.000000,0.000000,0.000000
1.181950,0.000000,0.000000,0.000000,0.000000,0.000000,0.000000
1.191950,0.000000,0.000000,0.000000,0.000000,0.000000,0.000000
1.201950,0.000000,0.000000,0.000000,0.000000,0.000000,0.000000
1.211950,0.000000,0.000000,0.000000,0.000000,0.000000,0.000000
1.221950,0.000000,0.000000,0.000000,0.000000,0.000000,0.000000
1.231950,0.000000,0.000000,0.000000,0.000000,0.000000,0.000000
1.241950,0.000000,0.000000,0.000000,0.000000,0.000000,0.000000
1.251950,0.000000,0.000000,0.000000,0.000000,0.000000,0.000000
1.261950,0.000000,0.000000,0.000000,0.000000,0.000000,0.000000
1.271950,0.000000,0.000000,0.000000,0.000000,0.000000,0.000000
1.281950,0.000000,0.000000,0.000000,0.000000,0.000000,0.000000
1.291950,0.000000,0.000000,0.000000,0.000000,0.000000,0.000000
1.301950,0.000000,0.000000,0.000000,0.000000,0.000000,0.000000
1.311950,0.000000,0.000000,0.000000,0.000000,0.000000,0.000000
1.321950,0.000000,0.000000,0.000000,0.000000,0.000000,0.000000
1.331950,0.000000,0.000000,0.000000,0.000000,0.000000,0.000000
1.341950,0.000000,0.000000,0.000000,0.000000,0.000000,0.000000
1.351950,0.000000,0.000000,0.000000,0.000000,0.000000,0.000000
1.361950,0.000000,0.000000,0.000000,0.000000,0.000000,0.000000
1.371950,0.000000,0.000000,0.000000,0.000000,0.000000,0.000000
1.381950,0.000000,0.000000,0.000000,0.000000,0.000000,0.000000
1.391950,0.000000,0.000000,0.000000,0.000000,0.000000,0.000000
1.401950,0.000000,0.000000,0.000000,0.000000,0.000000,0.000000
1.411950,0.000000,0.000000,0.000000,0.000000,0.000000,0.000000
1.421950,0.000000,0.000000,0.000000,0.000000,0.000000,0.000000
1.431950,0.000000,0.000000,0.000000,0.000000,0.000000,0.000000
1.441950,0.000000,0.000000,0.000000,0.000000,0.000000,0.000000
1.451950,0.000000,0.000000,0.000000,0.000000,0.000000,0.000000
1.461950,0.000000,0.000000,0.000000,0.000000,0.000000,0.000000
1.471950,0.000000,0.000000,0.000000,0.000000,0.000000,0.000000
1.481950,0.000000,0.000000,0.000000,0.000000,0.000000,0.000000
1.491950,0.000000,0.000000,0.000000,0.000000,0.000000,0.000000
1.501950,0.000000,0.000000,0.000000,0.000000,0.000000,0.000000
1.511950,0.000000,0.000000,0.000000,0.000000,0.000000,0.000000
1.521950,0.000000,0.000000,0.000000,0.000000,0.000000,0.000000
1.531950,0.000000,0.000000,0.000000,0.000000,0.000000,0.000000
1.541950,0.000000,0.000000,0.000000,0.000000,0.000000,0.000000
1.551950,0.000000,0.000000,0.000000,0.000000,0.000000,0.000000
1.561950,0.000000,0.000000,0.000000,0.000000,0.000000,0.000000
1.571950,0.000000,0.000000,0.000000,0.000000,0.000000,0.000000
1.581950,0.000000,0.000000,0.000000,0.000000,0.000000,0.000000
1.591950,0.000000,0.000000,0.000000,0.000000,0.000000,0.000000
1.601950,0.000000,0.000000,0.000000,0.000000,0.000000,0.000000
1.611950,0.000000,0.000000,0.000000,0.000000,0.000000,0.000000
1.621950,0.000000,0.000000,0.000000,0.000000,0.000000,0.000000
1.631950,0.000000,0.000000,0.000000,0.000000,0.000000,0.000000
1.641950,0.000000,0.000000,0.000000,0.000000,0.000000,0.000000
1.651950,0.000000,0.000000,0.000000,0.000000,0.000000,0.000000
1.661950,0.000000,0.000000,0.000000,0.000000,0.000000,0.000000
1.671950,0.000000,0.000000,0.000000,0.000000,0.000000,0.000000
1.681950,0.000000,0.000000,0.000000,0.000000,0.000000,0.000000
1.691950,0.000000,0.000000,0.000000,0.000000,0.000000,0.000000
1.701950,0.000000,0.000000,0.000000,0.000000,0.000000,0.000000
1.711950,0.000000,0.000000,0.000000,0.000000,0.000000,0.000000
1.721950,0.000000,0.000000,0.000000,0.000000,0.000000,0.000000
1.731950,0.000000,0.000000,0.000000,0.000000,0.000000,0.000000
1.741950,0.000000,0.000000,0.000000,0.000000,0.000000,0.000000
1.751950,0.000000,0.000000,0.000000,0.000000,0.000000,0.000000
1.761950,0.000000,0.000000,0.000000,0.000000,0.000000,0.000000
1.771950,0.000000,0.000000,0.000000,0.000000,0.000000,0.000000
1.781950,0.000000,0.000000,0.000000,0.000000,0.000000,0.000000
1.791950,0.000000,0.000000,0.000000,0.000000,0.000000,0.000000
1.801950,0.000000,0.000000,0.000000,0.000000,0.000000,0.000000
1.811950,0.000000,0.000000,0.000000,0.000000,0.000000,0.000000
1.821950,0.000000,0.000000,0.000000,0.000000,0.000000,0.000000
1.831950,0.000000,0.000000,0.000000,0.000000,0.000000,0.000000
1.841950,0.000000,0.000000,0.000000,0.000000,0.000000,0.000000
1.851950,0.000000,0.000000,0.000000,0.000000,0.000000,0.000000
1.861950,0.000000,0.000000,0.000000,0.000000,0.000000,0.000000
1.871950,0.000000,0.000000,0.000000,0.000000,0.000000,0.000000
1.881950,0.000000,0.000000,0.000000,0.000000,0.000000,0.000000
1.891950,0.000000,0.000000,0.000000,0.000000,0.000000,0.000000
1.901950,0.000000,0.000000,0.000000,0.000000,0.000000,0.000000
1.911950,0.000000,0.000000,0.000000,0.000000,0.000000,0.000000
1.921950,0.000000,0.000000,0.000000,0.000000,0.000000,0.000000
1.931950,0.000000,0.000000,0.000000,0.000000,0.000000,0.000000
1.941950,0.000000,0.000000,0.000000,0.000000,0.000000,0.000000
1.951950,0.000000,0.000000,0.000000,0.000000,0.000000,0.000000
1.961950,0.000000,0.000000,0.000000,0.000000,0.000000,0.000000
1.971950,0.000000,0.000000,0.000000,0.000000,0.000000,0.000000
1.981950,0.000000,0.000000,0.000000,0.000000,0.000000,0.000000
1.991950,0.000000,0.000000,0.000000,0.000000,0.000000,0.000000
2.001950,0.000000,0.000000,0.000000,0.000000,0.000000,0.000000
2.011950,0.000000,0.000000,0.000000,0.000000,0.000000,0.000000
2.021950,0.000000,0.000000,0.000000,0.000000,0.000000,0.000000
2.031950,0.000000,0.000000,0.000000,0.000000,0.000000,0.000000
2.041950,0.000000,0.000000,0.000000,0.000000,0.000000,0.000000
2.051950,0.000000,0.000000,0.000000,0.000000,0.000000,0.000000
2.061950,0.000000,0.000000,0.000000,0.000000,0.000000,0.000000
2.071950,0.000000,0.000000,0.000000,0.000000,0.000000,0.000000
2.081950,0.000000,0.000000,0.000000,0.000000,0.000000,0.000000
2.091950,0.000000,0.000000,0.000000,0.000000,0.000000,0.000000
2.101950,0.000000,0.000000,0.000000,0.000000,0.000000,0.000000
2.111950,0.000000,0.000000,0.000000,0.000000,0.000000,0.000000
2.121950,0.000000,0.000000,0.000000,0.000000,0.000000,0.000000
2.131950,0.000000,0.000000,0.000000,0.000000,0.000000,0.000000
2.141950,0.000000,0.000000,0.000000,0.000000,0.000000,0.000000
2.151950,0.000000,0.000000,0.000000,0.000000,0.000000,0.000000
2.161950,0.000000,0.000000,0.000000,0.000000,0.000000,0.000000
2.171950,0.000000,0.000000,0.000000,0.000000,0.000000,0.000000
2.181950,0.000000,0.000000,0.000000,0.000000,0.000000,0.000000
2.191950,0.000000,0.000000,0.000000,0.000000,0.000000,0.000000
2.201950,0.000000,0.000000,0.000000,0.000000,0.000000,0.000000
2.211950,0.000000,0.000000,0.000000,0.000000,0.000000,0.000000
2.221950,0.000000,0.000000,0.000000,0.000000,0.000000,0.000000
2.231950,0.000000,0.000000,0.000000,0.000000,0.000000,0.000000
2.241950,0.000000,0.000000,0.000000,0.000000,0.000000,0.000000
2.251950,0.000000,0.000000,0.000000,0.000000,0.000000,0.000000
2.261950,0.000000,0.000000,0.000000,0.000000,0.000000,0.000000
2.271950,0.000000,0.000000,0.000000,0.000000,0.000000,0.000000
2.281950,0.000000,0.000000,0.000000,0.000000,0.000000,0.000000
2.291950,0.000000,0.000000,0.000000,0.000000,0.000000,0.000000
2.301950,0.000000,0.000000,0.000000,0.000000,0.000000,0.000000
2.311950,0.000000,0.000000,0.000000,0.000000,0.000000,0.000000
2.321950,0.000000,0.000000,0.000000,0.000000,0.000000,0.000000
2.331950,0.000000,0.000000,0.000000,0.000000,0.000000,0.000000
2.341950,0.000000,0.000000,0.000000,0.000000,0.000000,0.000000
2.351950,0.000000,0.000000,0.000000,0.000000,0.000000,0.000000
2.361950,0.000000,0.000000,0.000000,0.000000,0.000000,0.000000
2.371950,0.000000,0.000000,0.000000,0.000000,0.000000,0.000000
2.381950,0.000000,0.000000,0.000000,0.000000,0.000000,0.000000
2.391950,0.000000,0.000000,0.000000,0.000000,0.000000,0.000000
2.401950,0.000000,0.000000,0.000000,0.000000,0.000000,0.000000
2.411950,0.000000,0.000000,0.000000,0.000000,0.000000,0.000000
2.421950,0.000000,0.000000,0.000000,0.000000,0.000000,0.000000
2.431950,0.000000,0.000000,0.000000,0.000000,0.000000,0.000000
2.441950,0.000000,0.000000,0.000000,0.000000,0.000000,0.000000
2.451950,0.000000,0.000000,0.000000,0.000000,0.000000,0.000000
2.461950,0.000000,0.000000,0.000000,0.000000,0.000000,0.000000
2.471950,0.000000,0.000000,0.000000,0.000000,0.000000,0.000000
2.481950,0.000000,0.000000,0.000000,0.000000,0.000000,0.000000
2.491950,0.000000,0.000000,0.000000,0.000000,0.000000,0.000000
2.501950,0.000000,0.000000,0.000000,0.000000,0.000000,0.000000
2.511950,0.000000,0.000000,0.000000,0.000000,0.000000,0.000000
2.521950,0.000000,0.000000,0.000000,0.000000,0.000000,0.000000
2.531950,0.000000,0.000000,0.000000,0.000000,0.000000,0.000000
2.541950,0.000000,0.000000,0.000000,0.000000,0.000000,0.000000
2.551950,0.000000,0.000000,0.000000,0.000000,0.000000,0.000000
2.561950,0.000000,0.000000,0.000000,0.000000,0.000000,0.000000
2.571950,0.000000,0.000000,0.000000,0.000000,0.000000,0.000000
2.581950,0.000000,0.000000,0.000000,0.000000,0.000000,0.000000
2.591950,0.000000,0.000000,0.000000,0.000000,0.000000,0.000000
2.601950,0.000000,0.000000,0.000000,0.000000,0.000000,0.000000
2.611950,0.000000,0.000000,0.000000,0.000000,0.000000,0.000000
2.621950,0.000000,0.000000,0.000000,0.000000,0.000000,0.000000
2.631950,0.000000,0.000000,0.000000,0.000000,0.000000,0.000000
2.641950,0.000000,0.000000,0.000000,0.000000,0.000000,0.000000
2.651950,0.000000,0.000000,0.000000,0.000000,0.000000,0.000000
2.661950,0.000000,0.000000,0.000000,0.000000,0.000000,0.000000
2.671950,0.000000,0.000000,0.000000,0.000000,0.000000,0.000000
2.681950,0.000000,0.000000,0.000000,0.000000,0.000000,0.000000
2.691950,0.000000,0.000000,0.000000,0.000000,0.000000,0.000000
2.701950,0.000000,0.000000,0.000000,0.000000,0.000000,0.000000
2.711950,0.000000,0.000000,0.000000,0.000000,0.000000,0.000000
2.721950,0.000000,0.000000,0.000000,0.000000,0.000000,0.000000
2.731950,0.000000,0.000000,0.000000,0.000000,0.000000,0.000000
2.741950,0.000000,0.000000,0.000000,0.000000,0.000000,0.000000
2.751950,0.000000,0.000000,0.000000,0.000000,0.000000,0.000000
2.761950,0.000000,0.000000,0.000000,0.000000,0.000000,0.000000
2.771950,0.000000,0.000000,0.000000,0.000000,0.000000,0.000000
2.781950,0.000000,0.000000,0.000000,0.000000,0.000000,0.000000
2.791950,0.000000,0.000000,0.000000,0.000000,0.000000,0.000000
2.801950,0.000000,0.000000,0.000000,0.000000,0.000000,0.000000
2.811950,0.000000,0.000000,0.000000,0.000000,0.000000,0.000000
2.821950,0.000000,0.000000,0.000000,0.000000,0.000000,0.000000
2.831950,0.000000,0.000000,0.000000,0.000000,0.000000,0.000000
2.841950,0.000000,0.000000,0.000000,0.000000,0.000000,0.000000
2.851950,0.000000,0.000000,0.000000,0.000000,0.000000,0.000000
2.861950,0.000000,0.000000,0.000000,0.000000,0.000000,0.000000
2.871950,0.000000,0.000000,0.000000,0.000000,0.000000,0.000000
2.881950,0.000000,0.000000,0.000000,0.000000,0.000000,0.000000
2.891950,0.000000,0.000000,0.000000,0.000000,0.000000,0.000000
2.901950,0.000000,0.000000,0.000000,0.000000,0.000000,0.000000
2.911950,0.000000,0.000000,0.000000,0.000000,0.000000,0.000000
2.921950,0.000000,0.000000,0.000000,0.000000,0.000000,0.000000
2.931950,0.000000,0.000000,0.000000,0.000000,0.000000,0.000000
2.941950,0.000000,0.000000,0.000000,0.000000,0.000000,0.000000
2.951950,0.000000,0.000000,0.000000,0.000000,0.000000,0.000000
2.961950,0.000000,0.000000,0.000000,0.000000,0.000000,0.000000
2.971950,0.000000,0.000000,0.000000,0.000000,0.000000,0.000000
2.981950,0.000000,0.000000,0.000000,0.000000,0.000000,0.000000
2.991950,0.000000,0.000000,0.000000,0.000000,0.000000,0.000000
3.001950,0.000000,0.000000,0.000000,0.000000,0.000000,0.000000
3.011950,0.000000,0.000000,0.000000,0.000000,0.000000,0.000000
3.021950,0.000000,0.000000,0.000000,0.000000,0.000000,0.000000
3.031950,0.000000,0.000000,0.000000,0.000000,0.000000,0.000000
3.041950,0.000000,0.000000,0.000000,0.000000,0.000000,0.000000
3.051950,0.000000,0.000000,0.000000,0.000000,0.000000,0.000000
3.061950,0.000000,0.000000,0.000000,0.000000,0.000000,0.000000
3.071950,0.000000,0.000000,0.000000,0.000000,0.000000,0.000000
3.081950,0.000000,0.000000,0.000000,0.000000,0.000000,0.000000
3.091950,0.000000,0.000000,0.000000,0.000000,0.000000,0.000000
3.101950,0.000000,0.000000,0.000000,0.000000,0.000000,0.000000
3.111950,0.000000,0.000000,0.000000,0.000000,0.000000,0.000000
3.121950,0.000000,0.000000,0.000000,0.000000,0.000000,0.000000
3.131950,0.000000,0.000000,0.000000,0.000000,0.000000,0.000000
3.141950,0.000000,0.000000,0.000000,0.000000,0.000000,0.000000
3.151950,0.000000,0.000000,0.000000,0.000000,0.000000,0.000000
3.161950,0.000000,0.000000,0.000000,0.000000,0.000000,0.000000
3.171950,0.000000,0.000000,0.000000,0.000000,0.000000,0.000000
3.181950,0.000000,0.000000,0.000000,0.000000,0.000000,0.000000
3.191950,0.000000,0.000000,0.000000,0.000000,0.000000,0.000000
3.201950,0.000000,0.000000,0.000000,0.000000,0.000000,0.000000
3.211950,0.000000,0.000000,0.000000,0.000000,0.000000,0.000000
3.221950,0.000000,0.000000,0.000000,0.000000,0.000000,0.000000
3.231950,0.000000,0.000000,0.000000,0.000000,0.000000,0.000000
3.241950,0.000000,0.000000,0.000000,0.000000,0.000000,0.000000
3.251950,0.000000,0.000000,0.000000,0.000000,0.000000,0.000000
3.261950,0.000000,0.000000,0.000000,0.000000,0.000000,0.000000
3.271950,0.000000,0.000000,0.000000,0.000000,0.000000,0.000000
3.281950,0.000000,0.000000,0.000000,0.000000,0.000000,0.000000
3.291950,0.000000,0.000000,0.000000,0.000000,0.000000,0.000000
3.301950,0.000000,0.000000,0.000000,0.000000,0.000000,0.000000
3.311950,0.000000,0.000000,0.000000,0.000000,0.000000,0.000000
3.321950,0.000000,0.000000,0.000000,0.000000,0.000000,0.000000
3.331950,0.000000,0.000000,0.000000,0.000000,0.000000,0.000000
3.341950,0.000000,0.000000,0.000000,0.000000,0.000000,0.000000
3.351950,0.000000,0.000000,0.000000,0.000000,0.000000,0.000000
3.361950,0.000000,0.000000,0.000000,0.000000,0.000000,0.000000
3.371950,0.000000,0.000000,0.000000,0.000000,0.000000,0.000000
3.381950,0.000000,0.000000,0.000000,0.000000,0.000000,0.000000
3.391950,0.000000,0.000000,0.000000,0.000000,0.000000,0.000000
3.401950,0.000000,0.000000,0.000000,0.000000,0.000000,0.000000
3.411950,0.000000,0.000000,0.000000,0.000000,0.000000,0.000000
3.421950,0.000000,0.000000,0.000000,0.000000,0.000000,0.000000
3.431950,0.000000,0.000000,0.000000,0.000000,0.000000,0.000000
3.441950,0.000000,0.000000,0.000000,0.000000,0.000000,0.000000
3.451950,0.000000,0.000000,0.000000,0.000000,0.000000,0.000000
3.461950,0.000000,0.000000,0.000000,0.000000,0.000000,0.000000
3.471950,0.000000,0.000000,0.000000,0.000000,0.000000,0.000000
3.481950,0.000000,0.000000,0.000000,0.000000,0.000000,0.000000
3.491950,0.000000,0.000000,0.000000,0.000000,0.000000,0.000000
3.501950,0.000000,0.000000,0.000000,0.000000,0.000000,0.000000
3.511950,0.000000,0.000000,0.000000,0.000000,0.000000,0.000000
3.521950,0.000000,0.000000,0.000000,0.000000,0.000000,0.000000
3.531950,0.000000,0.000000,0.000000,0.000000,0.000000,0.000000
3.541950,0.000000,0.000000,0.000000,0.000000,0.000000,0.000000
3.551950,0.000000,0.000000,0.000000,0.000000,0.000000,0.000000
3.561950,0.000000,0.000000,0.000000,0.000000,0.000000,0.000000
3.571950,0.000000,0.000000,0.000000,0.000000,0.000000,0.000000
3.581950,0.000000,0.000000,0.000000,0.000000,0.000000,0.000000
3.591950,0.000000,0.000000,0.000000,0.000000,0.000000,0.000000
3.601950,0.000000,0.000000,0.000000,0.000000,0.000000,0.000000
3.611950,0.000000,0.000000,0.000000,0.000000,0.000000,0.000000
3.621950,0.000000,0.000000,0.000000,0.000000,0.000000,0.000000
3.631950,0.000000,0.000000,0.000000,0.000000,0.000000,0.000000
3.641950,0.000000,0.000000,0.000000,0.000000,0.000000,0.000000
3.651950,0.000000,0.000000,0.000000,0.000000,0.000000,0.000000
3.661950,0.000000,0.000000,0.000000,0.000000,0.000000,0.000000
3.671950,0.000000,0.000000,0.000000,0.000000,0.000000,0.000000
3.681950,0.000000,0.000000,0.000000,0.000000,0.000000,0.000000
3.691950,0.000000,0.000000,0.000000,0.000000,0.000000,0.000000
3.701950,0.000000,0.000000,0.000000,0.000000,0.000000,0.000000
3.711950,0.000000,0.000000,0.000000,0.000000,0.000000,0.000000
3.721950,0.000000,0.000000,0.000000,0.000000,0.000000,0.000000
3.731950,0.000000,0.000000,0.000000,0.000000,0.000000,0.000000
3.741950,0.000000,0.000000,0.000000,0.000000,0.000000,0.000000
3.751950,0.000000,0.000000,0.000000,0.000000,0.000000,0.000000
3.761950,0.000000,0.000000,0.000000,0.000000,0.000000,0.000000
3.771950,0.000000,0.000000,0.000000,0.000000,0.000000,0.000000
3.781950,0.000000,0.000000,0.000000,0.000000,0.000000,0.000000
3.791950,0.000000,0.000000,0.000000,0.000000,0.000000,0.000000
3.801950,0.000000,0.000000,0.000000,0.000000,0.000000,0.000000
3.811950,0.000000,0.000000,0.000000,0.000000,0.000000,0.000000
3.821950,0.000000,0.000000,0.000000,0.000000,0.000000,0.000000
3.831950,0.000000,0.000000,0.000000,0.000000,0.000000,0.000000
3.841950,0.000000,0.000000,0.000000,0.000000,0.000000,0.000000
3.851950,0.000000,0.000000,0.000000,0.000000,0.000000,0.000000
3.861950,0.000000,0.000000,0.000000,0.000000,0.000000,0.000000
3.871950,0.000000,0.000000,0.000000,0.000000,0.000000,0.000000
3.881950,0.000000,0.000000,0.000000,0.000000,0.000000,0.000000
3.891950,0.000000,0.000000,0.000000,0.000000,0.000000,0.000000
3.901950,0.000000,0.000000,0.000000,0.000000,0.000000,0.000000
3.911950,0.000000,0.000000,0.000000,0.000000,0.000000,0.000000
3.921950,0.000000,0.000000,0.000000,0.000000,0.000000,0.000000
3.931950,0.000000,0.000000,0.000000,0.000000,0.000000,0.000000
3.941950,0.000000,0.000000,0.000000,0.000000,0.000000,0.000000
3.951950,0.000000,0.000000,0.000000,0.000000,0.000000,0.000000
3.961950,0.000000,0.000000,0.000000,0.000000,0.000000,0.000000
3.971950,0.000000,0.000000,0.000000,0.000000,0.000000,0.000000
3.981950,0.000000,0.000000,0.000000,0.000000,0.000000,0.000000
3.991950,0.000000,0.000000,0.000000,0.000000,0.000000,0.000000
4.001950,0.000000,0.000000,0.000000,0.000000,0.000000,0.000000
4.011950,0.000000,0.000000,0.000000,0.000000,0.000000,0.000000
4.021950,0.000000,0.000000,0.000000,0.000000,0.000000,0.000000
4.031950,0.000000,0.000000,0.000000,0.000000,0.000000,0.000000
4.041950,0.000000,0.000000,0.000000,0.000000,0.000000,0.000000
4.051950,0.000000,0.000000,0.000000,0.000000,0.000000,0.000000
4.061950,0.000000,0.000000,0.000000,0.000000,0.000000,0.000000
4.071950,0.000000,0.000000,0.000000,0.000000,0.000000,0.000000
4.081950,0.000000,0.000000,0.000000,0.000000,0.000000,0.000000
4.091950,0.000000,0.000000,0.000000,0.000000,0.000000,0.000000
4.101950,0.000000,0.000000,0.000000,0.000000,0.000000,0.000000
4.111950,0.000000,0.000000,0.000000,0.000000,0.000000,0.000000
4.121950,0.000000,0.000000,0.000000,0.000000,0.000000,0.000000
4.131950,0.000000,0.000000,0.000000,0.000000,0.000000,0.000000
4.141950,0.000000,0.000000,0.000000,0.000000,0.000000,0.000000
4.151950,0.000000,0.000000,0.000000,0.000000,0.000000,0.000000
4.161950,0.000000,0.000000,0.000000,0.000000,0.000000,0.000000
4.171950,0.000000,0.000000,0.000000,0.000000,0.000000,0.000000
4.181950,0.000000,0.000000,0.000000,0.000000,0.000000,0.000000
4.191950,0.000000,0.000000,0.000000,0.000000,0.000000,0.000000
4.201950,0.000000,0.000000,0.000000,0.000000,0.000000,0.000000
4.211950,0.000000,0.000000,0.000000,0.000000,0.000000,0.000000
4.221950,0.000000,0.000000,0.000000,0.000000,0.000000,0.000000
4.231950,0.000000,0.000000,0.000000,0.000000,0.000000,0.000000
4.241950,0.000000,0.000000,0.000000,0.000000,0.000000,0.000000
4.251950,0.000000,0.000000,0.000000,0.000000,0.000000,0.000000
4.261950,0.000000,0.000000,0.000000,0.000000,0.000000,0.000000
4.271950,0.000000,0.000000,0.000000,0.000000,0.000000,0.000000
4.281950,0.000000,0.000000,0.000000,0.000000,0.000000,0.000000
4.291950,0.000000,0.000000,0.000000,0.000000,0.000000,0.000000
4.301950,0.000000,0.000000,0.000000,0.000000,0.000000,0.000000
4.311950,0.000000,0.000000,0.000000,0.000000,0.000000,0.000000
4.321950,0.000000,0.000000,0.000000,0.000000,0.000000,0.000000
4.331950,0.000000,0.000000,0.000000,0.000000,0.000000,0.000000
4.341950,0.000000,0.000000,0.000000,0.000000,0.000000,0.000000
4.351950,0.000000,0.000000,0.000000,0.000000,0.000000,0.000000
4.361950,0.000000,0.000000,0.000000,0.000000,0.000000,0.000000
4.371950,0.000000,0.000000,0.000000,0.000000,0.000000,0.000000
4.381950,0.000000,0.000000,0.000000,0.000000,0.000000,0.000000
4.391950,0.000000,0.000000,0.000000,0.000000,0.000000,0.000000
4.401950,0.000000,0.000000,0.000000,0.000000,0.000000,0.000000
4.411950,0.000000,0.000000,0.000000,0.000000,0.000000,0.000000
4.421950,0.000000,0.000000,0.000000,0.000000,0.000000,0.000000
4.431950,0.000000,0.000000,0.000000,0.000000,0.000000,0.000000
4.441950,0.000000,0.000000,0.000000,0.000000,0.000000,0.000000
4.451950,0.000000,0.000000,0.000000,0.000000,0.000000,0.000000
4.461950,0.000000,0.000000,0.000000,0.000000,0.000000,0.000000
4.471950,0.000000,0.000000,0.000000,0.000000,0.000000,0.000000
4.481950,0.000000,0.000000,0.000000,0.000000,0.000000,0.000000
4.491950,0.000000,0.000000,0.000000,0.000000,0.000000,0.000000
4.501950,0.000000,0.000000,0.000000,0.000000,0.000000,0.000000
4.511950,0.000000,0.000000,0.000000,0.000000,0.000000,0.000000
4.521950,0.000000,0.000000,0.000000,0.000000,0.000000,0.000000
4.531950,0.000000,0.000000,0.000000,0.000000,0.000000,0.000000
4.541950,0.000000,0.000000,0.000000,0.000000,0.000000,0.000000
4.551950,0.000000,0.000000,0.000000,0.000000,0.000000,0.000000
4.561950,0.000000,0.000000,0.000000,0.000000,0.000000,0.000000
4.571950,0.000000,0.000000,0.000000,0.000000,0.000000,0.000000
4.581950,0.000000,0.000000,0.000000,0.000000,0.000000,0.000000
4.591950,0.000000,0.000000,0.000000,0.000000,0.000000,0.000000
4.601950,0.000000,0.000000,0.000000,0.000000,0.000000,0.000000
4.611950,0.000000,0.000000,0.000000,0.000000,0.000000,0.000000
4.621950,0.000000,0.000000,0.000000,0.000000,0.000000,0.000000
4.631950,0.000000,0.000000,0.000000,0.000000,0.000000,0.000000
4.641950,0.000000,0.000000,0.000000,0.000000,0.000000,0.000000
4.651950,0.000000,0.000000,0.000000,0.000000,0.000000,0.000000
4.661950,0.000000,0.000000,0.000000,0.000000,0.000000,0.000000
4.671950,0.000000,0.000000,0.000000,0.000000,0.000000,0.000000
4.681950,0.000000,0.000000,0.000000,0.000000,0.000000,0.000000
4.691950,0.000000,0.000000,0.000000,0.000000,0.000000,0.000000
4.701950,0.000000,0.000000,0.000000,0.000000,0.000000,0.000000
4.711950,0.000000,0.000000,0.000000,0.000000,0.000000,0.000000
4.721950,0.000000,0.000000,0.000000,0.000000,0.000000,0.000000
4.731950,0.000000,0.000000,0.000000,0.000000,0.000000,0.000000
4.741950,0.000000,0.000000,0.000000,0.000000,0.000000,0.000000
4.751950,0.000000,0.000000,0.000000,0.000000,0.000000,0.000000
4.761950,0.000000,0.000000,0.000000,0.000000,0.000000,0.000000
4.771950,0.000000,0.000000,0.000000,0.000000,0.000000,0.000000
4.781950,0.000000,0.000000,0.000000,0.000000,0.000000,0.000000
4.791950,0.000000,0.000000,0.000000,0.000000,0.000000,0.000000
4.801950,0.000000,0.000000,0.000000,0.000000,0.000000,0.000000
4.811950,0.000000,0.000000,0.000000,0.000000,0.000000,0.000000
4.821950,0.000000,0.000000,0.000000,0.000000,0.000000,0.000000
4.831950,0.000000,0.000000,0.000000,0.000000,0.000000,0.000000
4.841950,0.000000,0.000000,0.000000,0.000000,0.000000,0.000000
4.851950,0.000000,0.000000,0.000000,0.000000,0.000000,0.000000
4.861950,0.000000,0.000000,0.000000,0.000000,0.000000,0.000000
4.871950,0.000000,0.000000,0.000000,0.000000,0.000000,0.000000
4.881950,0.000000,0.000000,0.000000,0.000000,0.000000,0.000000
4.891950,0.000000,0.000000,0.000000,0.000000,0.000000,0.000000
4.901950,0.000000,0.000000,0.000000,0.000000,0.000000,0.000000
4.911950,0.000000,0.000000,0.000000,0.000000,0.000000,0.000000
4.921950,0.000000,0.000000,0.000000,0.000000,0.000000,0.000000
4.931950,0.000000,0.000000,0.000000,0.000000,0.000000,0.000000
4.941950,0.000000,0.000000,0.000000,0.000000,0.000000,0.000000
4.951950,0.000000,0.000000,0.000000,0.000000,0.000000,0.000000
4.961950,0.000000,0.000000,0.000000,0.000000,0.000000,0.000000
4.971950,0.000000,0.000000,0.000000,0.000000,0.000000,0.000000
4.981950,0.000000,0.000000,0.000000,0.000000,0.000000,0.000000
4.991950,0.000000,0.000000,0.000000,0.000000,0.000000,0.000000
5.001950,0.000000,0.000000,0.000000,0.000000,0.000000,0.000000
5.011950,0.000000,0.000000,0.000000,0.000000,0.000000,0.000000
5.021950,0.000000,0.000000,0.000000,0.000000,0.000000,0.000000
5.031950,0.000000,0.000000,0.000000,0.000000,0.000000,0.000000
5.041950,0.000000,0.000000,0.000000,0.000000,0.000000,0.000000
5.051950,0.000000,0.000000,0.000000,0.000000,0.000000,0.000000
5.061950,0.000000,0.000000,0.000000,0.000000,0.000000,0.000000
5.071950,0.000000,0.000000,0.000000,0.000000,0.000000,0.000000
5.081950,0.000000,0.000000,0.000000,0.000000,0.000000,0.000000
5.091950,0.000000,0.000000,0.000000,0.000000,0.000000,0.000000
5.101950,0.000000,0.000000,0.000000,0.000000,0.000000,0.000000
5.111950,0.000000,0.000000,0.000000,0.000000,0.000000,0.000000
5.121950,0.005000,0.000000,0.000000,0.000000,0.000000,0.000000
5.131950,0.005000,0.000000,0.000000,0.000000,0.000000,0.000000
5.141950,0.005000,0.000000,0.000000,0.000000,0.000000,0.000000
5.151950,0.005000,0.000000,0.000000,0.000000,0.000000,0.000000
5.161950,0.005000,0.000000,0.000000,0.000000,0.000000,0.000000
5.171950,0.005000,0.000000,0.000000,0.000000,0.000000,0.000000
5.181950,0.005000,0.000000,0.000000,0.000000,0.000000,0.000000
5.191950,0.005000,0.000000,0.000000,0.000000,0.000000,0.000000
5.201950,0.005000,0.000000,0.000000,0.000000,0.000000,0.000000
5.211950,0.010000,0.000000,0.000000,0.000000,0.000000,0.000000
5.221950,0.010000,0.000000,0.000000,0.000000,0.000000,0.000000
5.231950,0.010000,0.000000,0.000000,0.000000,0.000000,0.000000
5.241950,0.010000,0.000000,0.000000,0.000000,0.000000,0.000000
5.251950,0.010000,0.000000,0.000000,0.000000,0.000000,0.000000
5.261950,0.010000,0.000000,0.000000,0.000000,0.000000,0.000000
5.271950,0.010000,0.000000,0.000000,0.000000,0.000000,0.000000
5.281950,0.010000,0.000000,0.000000,0.000000,0.000000,0.000000
5.291950,0.010000,0.000000,0.000000,0.000000,0.000000,0.000000
5.301950,0.010000,0.000000,0.000000,0.000000,0.000000,0.000000
5.311950,0.015000,0.000000,0.000000,0.000000,0.000000,0.000000
5.321950,0.015000,0.000000,0.000000,0.000000,0.000000,0.000000
5.331950,0.015000,0.000000,0.000000,0.000000,0.000000,0.000000
5.341950,0.015000,0.000000,0.000000,0.000000,0.000000,0.000000
5.351950,0.015000,0.000000,0.000000,0.000000,0.000000,0.000000
5.361950,0.015000,0.000000,0.000000,0.000000,0.000000,0.000000
5.371950,0.015000,0.000000,0.000000,0.000000,0.000000,0.000000
5.381950,0.015000,0.000000,0.000000,0.000000,0.000000,0.000000
5.391950,0.015000,0.000000,0.000000,0.000000,0.000000,0.000000
5.401950,0.015000,0.000000,0.000000,0.000000,0.000000,0.000000
5.411950,0.020000,0.000000,0.000000,0.000000,0.000000,0.000000
5.421950,0.020000,0.000000,0.000000,0.000000,0.000000,0.000000
5.431950,0.020000,0.000000,0.000000,0.000000,0.000000,0.000000
5.441950,0.020000,0.000000,0.000000,0.000000,0.000000,0.000000
5.451950,0.020000,0.000000,0.000000,0.000000,0.000000,0.000000
5.461950,0.020000,0.000000,0.000000,0.000000,0.000000,0.000000
5.471950,0.020000,0.000000,0.000000,0.000000,0.000000,0.000000
5.481950,0.020000,0.000000,0.000000,0.000000,0.000000,0.000000
5.491950,0.020000,0.000000,0.000000,0.000000,0.000000,0.000000
5.501950,0.020000,0.000000,0.000000,0.000000,0.000000,0.000000
5.511950,0.025000,0.000000,0.000000,0.000000,0.000000,0.000000
5.521950,0.025000,0.000000,0.000000,0.000000,0.000000,0.000000
5.531950,0.025000,0.000000,0.000000,0.000000,0.000000,0.000000
5.541950,0.025000,0.000000,0.000000,0.000000,0.000000,0.000000
5.551950,0.025000,0.000000,0.000000,0.000000,0.000000,0.000000
5.561950,0.025000,0.000000,0.000000,0.000000,0.000000,0.000000
5.571950,0.025000,0.000000,0.000000,0.000000,0.000000,0.000000
5.581950,0.025000,0.000000,0.000000,0.000000,0.000000,0.000000
5.591950,0.025000,0.000000,0.000000,0.000000,0.000000,0.000000
5.601950,0.025000,0.000000,0.000000,0.000000,0.000000,0.000000
5.611950,0.030000,0.000000,0.000000,0.000000,0.000000,0.000000
5.621950,0.030000,0.000000,0.000000,0.000000,0.000000,0.000000
5.631950,0.030000,0.000000,0.000000,0.000000,0.000000,0.000000
5.641950,0.030000,0.000000,0.000000,0.000000,0.000000,0.000000
5.651950,0.030000,0.000000,0.000000,0.000000,0.000000,0.000000
5.661950,0.030000,0.000000,0.000000,0.000000,0.000000,0.000000
5.671950,0.030000,0.000000,0.000000,0.000000,0.000000,0.000000
5.681950,0.030000,0.000000,0.000000,0.000000,0.000000,0.000000
5.691950,0.030000,0.000000,0.000000,0.000000,0.000000,0.000000
5.701950,0.030000,0.000000,0.000000,0.000000,0.000000,0.000000
5.711950,0.035000,0.000000,0.000000,0.000000,0.000000,0.000000
5.721950,0.035000,0.000000,0.000000,0.000000,0.000000,0.000000
5.731950,0.035000,0.000000,0.000000,0.000000,0.000000,0.000000
5.741950,0.035000,0.000000,0.000000,0.000000,0.000000,0.000000
5.751950,0.035000,0.000000,0.000000,0.000000,0.000000,0.000000
5.761950,0.035000,0.000000,0.000000,0.000000,0.000000,0.000000
5.771950,0.035000,0.000000,0.000000,0.000000,0.000000,0.000000
5.781950,0.035000,0.000000,0.000000,0.000000,0.000000,0.000000
5.791950,0.035000,0.000000,0.000000,0.000000,0.000000,0.000000
5.801950,0.035000,0.000000,0.000000,0.000000,0.000000,0.000000
5.811950,0.035000,0.000000,0.000000,0.000000,0.000000,0.000000
5.821950,0.040000,0.000000,0.000000,0.000000,0.000000,0.000000
5.831950,0.040000,0.000000,0.000000,0.000000,0.000000,0.000000
5.841950,0.040000,0.000000,0.000000,0.000000,0.000000,0.000000
5.851950,0.040000,0.000000,0.000000,0.000000,0.000000,0.000000
5.861950,0.040000,0.000000,0.000000,0.000000,0.000000,0.000000
5.871950,0.040000,0.000000,0.000000,0.000000,0.000000,0.000000
5.881950,0.040000,0.000000,0.000000,0.000000,0.000000,0.000000
5.891950,0.040000,0.000000,0.000000,0.000000,0.000000,0.000000
5.901950,0.040000,0.000000,0.000000,0.000000,0.000000,0.000000
5.911950,0.040000,0.000000,0.000000,0.000000,0.000000,0.000000
5.921950,0.045000,0.000000,0.000000,0.000000,0.000000,0.000000
5.931950,0.045000,0.000000,0.000000,0.000000,0.000000,0.000000
5.941950,0.045000,0.000000,0.000000,0.000000,0.000000,0.000000
5.951950,0.045000,0.000000,0.000000,0.000000,0.000000,0.000000
5.961950,0.045000,0.000000,0.000000,0.000000,0.000000,0.000000
5.971950,0.045000,0.000000,0.000000,0.000000,0.000000,0.000000
5.981950,0.045000,0.000000,0.000000,0.000000,0.000000,0.000000
5.991950,0.045000,0.000000,0.000000,0.000000,0.000000,0.000000
6.001950,0.045000,0.000000,0.000000,0.000000,0.000000,0.000000
6.011950,0.045000,0.000000,0.000000,0.000000,0.000000,0.000000
6.021950,0.050000,0.000000,0.000000,0.000000,0.000000,0.000000
6.031950,0.050000,0.000000,0.000000,0.000000,0.000000,0.000000
6.041950,0.050000,0.000000,0.000000,0.000000,0.000000,0.000000
6.051950,0.050000,0.000000,0.000000,0.000000,0.000000,0.000000
6.061950,0.050000,0.000000,0.000000,0.000000,0.000000,0.000000
6.071950,0.050000,0.000000,0.000000,0.000000,0.000000,0.000000
6.081950,0.050000,0.000000,0.000000,0.000000,0.000000,0.000000
6.091950,0.050000,0.000000,0.000000,0.000000,0.000000,0.000000
6.101950,0.050000,0.000000,0.000000,0.000000,0.000000,0.000000
6.111950,0.050000,0.000000,0.000000,0.000000,0.000000,0.000000
6.121950,0.055000,0.000000,0.000000,0.000000,0.000000,0.000000
6.131950,0.055000,0.000000,0.000000,0.000000,0.000000,0.000000
6.141950,0.055000,0.000000,0.000000,0.000000,0.000000,0.000000
6.151950,0.055000,0.000000,0.000000,0.000000,0.000000,0.000000
6.161950,0.055000,0.000000,0.000000,0.000000,0.000000,0.000000
6.171950,0.055000,0.000000,0.000000,0.000000,0.000000,0.000000
6.181950,0.055000,0.000000,0.000000,0.000000,0.000000,0.000000
6.191950,0.055000,0.000000,0.000000,0.000000,0.000000,0.000000
6.201950,0.055000,0.000000,0.000000,0.000000,0.000000,0.000000
6.211950,0.060000,0.000000,0.000000,0.000000,0.000000,0.000000
6.221950,0.060000,0.000000,0.000000,0.000000,0.000000,0.000000
6.231950,0.060000,0.000000,0.000000,0.000000,0.000000,0.000000
6.241950,0.060000,0.000000,0.000000,0.000000,0.000000,0.000000
6.251950,0.060000,0.000000,0.000000,0.000000,0.000000,0.000000
6.261950,0.060000,0.000000,0.000000,0.000000,0.000000,0.000000
6.271950,0.060000,0.000000,0.000000,0.000000,0.000000,0.000000
6.281950,0.060000,0.000000,0.000000,0.000000,0.000000,0.000000
6.291950,0.060000,0.000000,0.000000,0.000000,0.000000,0.000000
6.301950,0.060000,0.000000,0.000000,0.000000,0.000000,0.000000
6.311950,0.065000,0.000000,0.000000,0.000000,0.000000,0.000000
6.321950,0.065000,0.000000,0.000000,0.000000,0.000000,0.000000
6.331950,0.065000,0.000000,0.000000,0.000000,0.000000,0.000000
6.341950,0.065000,0.000000,0.000000,0.000000,0.000000,0.000000
6.351950,0.065000,0.000000,0.000000,0.000000,0.000000,0.000000
6.361950,0.065000,0.000000,0.000000,0.000000,0.000000,0.000000
6.371950,0.065000,0.000000,0.000000,0.000000,0.000000,0.000000
6.381950,0.065000,0.000000,0.000000,0.000000,0.000000,0.000000
6.391950,0.065000,0.000000,0.000000,0.000000,0.000000,0.000000
6.401950,0.065000,0.000000,0.000000,0.000000,0.000000,0.000000
6.411950,0.070000,0.000000,0.000000,0.000000,0.000000,0.000000
6.421950,0.070000,0.000000,0.000000,0.000000,0.000000,0.000000
6.431950,0.070000,0.000000,0.000000,0.000000,0.000000,0.000000
6.441950,0.070000,0.000000,0.000000,0.000000,0.000000,0.000000
6.451950,0.070000,0.000000,0.000000,0.000000,0.000000,0.000000
6.461950,0.070000,0.000000,0.000000,0.000000,0.000000,0.000000
6.471950,0.070000,0.000000,0.000000,0.000000,0.000000,0.000000
6.481950,0.070000,0.000000,0.000000,0.000000,0.000000,0.000000
6.491950,0.070000,0.000000,0.000000,0.000000,0.000000,0.000000
6.501950,0.070000,0.000000,0.000000,0.000000,0.000000,0.000000
6.511950,0.070000,0.000000,0.000000,0.000000,0.000000,0.000000
6.521950,0.075000,0.000000,0.000000,0.000000,0.000000,0.000000
6.531950,0.075000,0.000000,0.000000,0.000000,0.000000,0.000000
6.541950,0.075000,0.000000,0.000000,0.000000,0.000000,0.000000
6.551950,0.075000,0.000000,0.000000,0.000000,0.000000,0.000000
6.561950,0.075000,0.000000,0.000000,0.000000,0.000000,0.000000
6.571950,0.075000,0.000000,0.000000,0.000000,0.000000,0.000000
6.581950,0.075000,0.000000,0.000000,0.000000,0.000000,0.000000
6.591950,0.075000,0.000000,0.000000,0.000000,0.000000,0.000000
6.601950,0.075000,0.000000,0.000000,0.000000,0.000000,0.000000
6.611950,0.075000,0.000000,0.000000,0.000000,0.000000,0.000000
6.621950,0.080000,0.000000,0.000000,0.000000,0.000000,0.000000
6.631950,0.080000,0.000000,0.000000,0.000000,0.000000,0.000000
6.641950,0.080000,0.000000,0.000000,0.000000,0.000000,0.000000
6.651950,0.080000,0.000000,0.000000,0.000000,0.000000,0.000000
6.661950,0.080000,0.000000,0.000000,0.000000,0.000000,0.000000
6.671950,0.080000,0.000000,0.000000,0.000000,0.000000,0.000000
6.681950,0.080000,0.000000,0.000000,0.000000,0.000000,0.000000
6.691950,0.080000,0.000000,0.000000,0.000000,0.000000,0.000000
6.701950,0.080000,0.000000,0.000000,0.000000,0.000000,0.000000
6.711950,0.080000,0.000000,0.000000,0.000000,0.000000,0.000000
6.721950,0.085000,0.000000,0.000000,0.000000,0.000000,0.000000
6.731950,0.085000,0.000000,0.000000,0.000000,0.000000,0.000000
6.741950,0.085000,0.000000,0.000000,0.000000,0.000000,0.000000
6.751950,0.085000,0.000000,0.000000,0.000000,0.000000,0.000000
6.761950,0.085000,0.000000,0.000000,0.000000,0.000000,0.000000
6.771950,0.085000,0.000000,0.000000,0.000000,0.000000,0.000000
6.781950,0.085000,0.000000,0.000000,0.000000,0.000000,0.000000
6.791950,0.085000,0.000000,0.000000,0.000000,0.000000,0.000000
6.801950,0.085000,0.000000,0.000000,0.000000,0.000000,0.000000
6.811950,0.090000,0.000000,0.000000,0.000000,0.000000,0.000000
6.821950,0.090000,0.000000,0.000000,0.000000,0.000000,0.000000
6.831950,0.090000,0.000000,0.000000,0.000000,0.000000,0.000000
6.841950,0.090000,0.000000,0.000000,0.000000,0.000000,0.000000
6.851950,0.090000,0.000000,0.000000,0.000000,0.000000,0.000000
6.861950,0.090000,0.000000,0.000000,0.000000,0.000000,0.000000
6.871950,0.090000,0.000000,0.000000,0.000000,0.000000,0.000000
6.881950,0.090000,0.000000,0.000000,0.000000,0.000000,0.000000
6.891950,0.090000,0.000000,0.000000,0.000000,0.000000,0.000000
6.901950,0.090000,0.000000,0.000000,0.000000,0.000000,0.000000
6.911950,0.090000,0.000000,0.000000,0.000000,0.000000,0.000000
6.921950,0.095000,0.000000,0.000000,0.000000,0.000000,0.000000
6.931950,0.095000,0.000000,0.000000,0.000000,0.000000,0.000000
6.941950,0.095000,0.000000,0.000000,0.000000,0.000000,0.000000
6.951950,0.095000,0.000000,0.000000,0.000000,0.000000,0.000000
6.961950,0.095000,0.000000,0.000000,0.000000,0.000000,0.000000
6.971950,0.095000,0.000000,0.000000,0.000000,0.000000,0.000000
6.981950,0.095000,0.000000,0.000000,0.000000,0.000000,0.000000
6.991950,0.095000,0.000000,0.000000,0.000000,0.000000,0.000000
7.001950,0.095000,0.000000,0.000000,0.000000,0.000000,0.000000
7.011950,0.095000,0.000000,0.000000,0.000000,0.000000,0.000000
7.021950,0.100000,0.000000,0.000000,0.000000,0.000000,0.000000
7.031950,0.100000,0.000000,0.000000,0.000000,0.000000,0.000000
7.041950,0.100000,0.000000,0.000000,0.000000,0.000000,0.000000
7.051950,0.100000,0.000000,0.000000,0.000000,0.000000,0.000000
7.061950,0.100000,0.000000,0.000000,0.000000,0.000000,0.000000
7.071950,0.100000,0.000000,0.000000,0.000000,0.000000,0.000000
7.081950,0.100000,0.000000,0.000000,0.000000,0.000000,0.000000
7.091950,0.100000,0.000000,0.000000,0.000000,0.000000,0.000000
7.101950,0.100000,0.000000,0.000000,0.000000,0.000000,0.000000
7.111950,0.095000,0.000000,0.000000,0.000000,0.000000,0.000000
7.121950,0.095000,0.000000,0.000000,0.000000,0.000000,0.000000
7.131950,0.095000,0.000000,0.000000,0.000000,0.000000,0.000000
7.141950,0.095000,0.000000,0.000000,0.000000,0.000000,0.000000
7.151950,0.095000,0.000000,0.000000,0.000000,0.000000,0.000000
7.161950,0.095000,0.000000,0.000000,0.000000,0.000000,0.000000
7.171950,0.095000,0.000000,0.000000,0.000000,0.000000,0.000000
7.181950,0.095000,0.000000,0.000000,0.000000,0.000000,0.000000
7.191950,0.095000,0.000000,0.000000,0.000000,0.000000,0.000000
7.201950,0.095000,0.000000,0.000000,0.000000,0.000000,0.000000
7.211950,0.090000,0.000000,0.000000,0.000000,0.000000,0.000000
7.221950,0.090000,0.000000,0.000000,0.000000,0.000000,0.000000
7.231950,0.090000,0.000000,0.000000,0.000000,0.000000,0.000000
7.241950,0.090000,0.000000,0.000000,0.000000,0.000000,0.000000
7.251950,0.090000,0.000000,0.000000,0.000000,0.000000,0.000000
7.261950,0.090000,0.000000,0.000000,0.000000,0.000000,0.000000
7.271950,0.090000,0.000000,0.000000,0.000000,0.000000,0.000000
7.281950,0.090000,0.000000,0.000000,0.000000,0.000000,0.000000
7.291950,0.090000,0.000000,0.000000,0.000000,0.000000,0.000000
7.301950,0.090000,0.000000,0.000000,0.000000,0.000000,0.000000
7.311950,0.090000,0.000000,0.000000,0.000000,0.000000,0.000000
7.321950,0.085000,0.000000,0.000000,0.000000,0.000000,0.000000
7.331950,0.085000,0.000000,0.000000,0.000000,0.000000,0.000000
7.341950,0.085000,0.000000,0.000000,0.000000,0.000000,0.000000
7.351950,0.085000,0.000000,0.000000,0.000000,0.000000,0.000000
7.361950,0.085000,0.000000,0.000000,0.000000,0.000000,0.000000
7.371950,0.085000,0.000000,0.000000,0.000000,0.000000,0.000000
7.381950,0.085000,0.000000,0.000000,0.000000,0.000000,0.000000
7.391950,0.085000,0.000000,0.000000,0.000000,0.000000,0.000000
7.401950,0.085000,0.000000,0.000000,0.000000,0.000000,0.000000
7.411950,0.085000,0.000000,0.000000,0.000000,0.000000,0.000000
7.421950,0.080000,0.000000,0.000000,0.000000,0.000000,0.000000
7.431950,0.080000,0.000000,0.000000,0.000000,0.000000,0.000000
7.441950,0.080000,0.000000,0.000000,0.000000,0.000000,0.000000
7.451950,0.080000,0.000000,0.000000,0.000000,0.000000,0.000000
7.461950,0.080000,0.000000,0.000000,0.000000,0.000000,0.000000
7.471950,0.080000,0.000000,0.000000,0.000000,0.000000,0.000000
7.481950,0.080000,0.000000,0.000000,0.000000,0.000000,0.000000
7.491950,0.080000,0.000000,0.000000,0.000000,0.000000,0.000000
7.501950,0.080000,0.000000,0.000000,0.000000,0.000000,0.000000
7.511950,0.080000,0.000000,0.000000,0.000000,0.000000,0.000000
7.521950,0.075000,0.000000,0.000000,0.000000,0.000000,0.000000
7.531950,0.075000,0.000000,0.000000,0.000000,0.000000,0.000000
7.541950,0.075000,0.000000,0.000000,0.000000,0.000000,0.000000
7.551950,0.075000,0.000000,0.000000,0.000000,0.000000,0.000000
7.561950,0.075000,0.000000,0.000000,0.000000,0.000000,0.000000
7.571950,0.075000,0.000000,0.000000,0.000000,0.000000,0.000000
7.581950,0.075000,0.000000,0.000000,0.000000,0.000000,0.000000
7.591950,0.075000,0.000000,0.000000,0.000000,0.000000,0.000000
7.601950,0.075000,0.000000,0.000000,0.000000,0.000000,0.000000
7.611950,0.070000,0.000000,0.000000,0.000000,0.000000,0.000000
7.621950,0.070000,0.000000,0.000000,0.000000,0.000000,0.000000
7.631950,0.070000,0.000000,0.000000,0.000000,0.000000,0.000000
7.641950,0.070000,0.000000,0.000000,0.000000,0.000000,0.000000
7.651950,0.070000,0.000000,0.000000,0.000000,0.000000,0.000000
7.661950,0.070000,0.000000,0.000000,0.000000,0.000000,0.000000
7.671950,0.070000,0.000000,0.000000,0.000000,0.000000,0.000000
7.681950,0.070000,0.000000,0.000000,0.000000,0.000000,0.000000
7.691950,0.070000,0.000000,0.000000,0.000000,0.000000,0.000000
7.701950,0.070000,0.000000,0.000000,0.000000,0.000000,0.000000
7.711950,0.070000,0.000000,0.000000,0.000000,0.000000,0.000000
7.721950,0.065000,0.000000,0.000000,0.000000,0.000000,0.000000
7.731950,0.065000,0.000000,0.000000,0.000000,0.000000,0.000000
7.741950,0.065000,0.000000,0.000000,0.000000,0.000000,0.000000
7.751950,0.065000,0.000000,0.000000,0.000000,0.000000,0.000000
7.761950,0.065000,0.000000,0.000000,0.000000,0.000000,0.000000
7.771950,0.065000,0.000000,0.000000,0.000000,0.000000,0.000000
7.781950,0.065000,0.000000,0.000000,0.000000,0.000000,0.000000
7.791950,0.065000,0.000000,0.000000,0.000000,0.000000,0.000000
7.801950,0.065000,0.000000,0.000000,0.000000,0.000000,0.000000
7.811950,0.065000,0.000000,0.000000,0.000000,0.000000,0.000000
7.821950,0.060000,0.000000,0.000000,0.000000,0.000000,0.000000
7.831950,0.060000,0.000000,0.000000,0.000000,0.000000,0.000000
7.841950,0.060000,0.000000,0.000000,0.000000,0.000000,0.000000
7.851950,0.060000,0.000000,0.000000,0.000000,0.000000,0.000000
7.861950,0.060000,0.000000,0.000000,0.000000,0.000000,0.000000
7.871950,0.060000,0.000000,0.000000,0.000000,0.000000,0.000000
7.881950,0.060000,0.000000,0.000000,0.000000,0.000000,0.000000
7.891950,0.060000,0.000000,0.000000,0.000000,0.000000,0.000000
7.901950,0.060000,0.000000,0.000000,0.000000,0.000000,0.000000
7.911950,0.060000,0.000000,0.000000,0.000000,0.000000,0.000000
7.921950,0.055000,0.000000,0.000000,0.000000,0.000000,0.000000
7.931950,0.055000,0.000000,0.000000,0.000000,0.000000,0.000000
7.941950,0.055000,0.000000,0.000000,0.000000,0.000000,0.000000
7.951950,0.055000,0.000000,0.000000,0.000000,0.000000,0.000000
7.961950,0.055000,0.000000,0.000000,0.000000,0.000000,0.000000
7.971950,0.055000,0.000000,0.000000,0.000000,0.000000,0.000000
7.981950,0.055000,0.000000,0.000000,0.000000,0.000000,0.000000
7.991950,0.055000,0.000000,0.000000,0.000000,0.000000,0.000000
8.001950,0.055000,0.000000,0.000000,0.000000,0.000000,0.000000
8.011950,0.050000,0.000000,0.000000,0.000000,0.000000,0.000000
8.021950,0.050000,0.000000,0.000000,0.000000,0.000000,0.000000
8.031950,0.050000,0.000000,0.000000,0.000000,0.000000,0.000000
8.041950,0.050000,0.000000,0.000000,0.000000,0.000000,0.000000
8.051950,0.050000,0.000000,0.000000,0.000000,0.000000,0.000000
8.061950,0.050000,0.000000,0.000000,0.000000,0.000000,0.000000
8.071950,0.050000,0.000000,0.000000,0.000000,0.000000,0.000000
8.081950,0.050000,0.000000,0.000000,0.000000,0.000000,0.000000
8.091950,0.050000,0.000000,0.000000,0.000000,0.000000,0.000000
8.101950,0.050000,0.000000,0.000000,0.000000,0.000000,0.000000
8.111950,0.045000,0.000000,0.000000,0.000000,0.000000,0.000000
8.121950,0.045000,0.000000,0.000000,0.000000,0.000000,0.000000
8.131950,0.045000,0.000000,0.000000,0.000000,0.000000,0.000000
8.141950,0.045000,0.000000,0.000000,0.000000,0.000000,0.000000
8.151950,0.045000,0.000000,0.000000,0.000000,0.000000,0.000000
8.161950,0.045000,0.000000,0.000000,0.000000,0.000000,0.000000
8.171950,0.045000,0.000000,0.000000,0.000000,0.000000,0.000000
8.181950,0.045000,0.000000,0.000000,0.000000,0.000000,0.000000
8.191950,0.045000,0.000000,0.000000,0.000000,0.000000,0.000000
8.201950,0.045000,0.000000,0.000000,0.000000,0.000000,0.000000
8.211950,0.045000,0.000000,0.000000,0.000000,0.000000,0.000000
8.221950,0.040000,0.000000,0.000000,0.000000,0.000000,0.000000
8.231950,0.040000,0.000000,0.000000,0.000000,0.000000,0.000000
8.241950,0.040000,0.000000,0.000000,0.000000,0.000000,0.000000
8.251950,0.040000,0.000000,0.000000,0.000000,0.000000,0.000000
8.261950,0.040000,0.000000,0.000000,0.000000,0.000000,0.000000
8.271950,0.040000,0.000000,0.000000,0.000000,0.000000,0.000000
8.281950,0.040000,0.000000,0.000000,0.000000,0.000000,0.000000
8.291950,0.040000,0.000000,0.000000,0.000000,0.000000,0.000000
8.301950,0.040000,0.000000,0.000000,0.000000,0.000000,0.000000
8.311950,0.040000,0.000000,0.000000,0.000000,0.000000,0.000000
8.321950,0.035000,0.000000,0.000000,0.000000,0.000000,0.000000
8.331950,0.035000,0.000000,0.000000,0.000000,0.000000,0.000000
8.341950,0.035000,0.000000,0.000000,0.000000,0.000000,0.000000
8.351950,0.035000,0.000000,0.000000,0.000000,0.000000,0.000000
8.361950,0.035000,0.000000,0.000000,0.000000,0.000000,0.000000
8.371950,0.035000,0.000000,0.000000,0.000000,0.000000,0.000000
8.381950,0.035000,0.000000,0.000000,0.000000,0.000000,0.000000
8.391950,0.035000,0.000000,0.000000,0.000000,0.000000,0.000000
8.401950,0.035000,0.000000,0.000000,0.000000,0.000000,0.000000
8.411950,0.030000,0.000000,0.000000,0.000000,0.000000,0.000000
8.421950,0.030000,0.000000,0.000000,0.000000,0.000000,0.000000
8.431950,0.030000,0.000000,0.000000,0.000000,0.000000,0.000000
8.441950,0.030000,0.000000,0.000000,0.000000,0.000000,0.000000
8.451950,0.030000,0.000000,0.000000,0.000000,0.000000,0.000000
8.461950,0.030000,0.000000,0.000000,0.000000,0.000000,0.000000
8.471950,0.030000,0.000000,0.000000,0.000000,0.000000,0.000000
8.481950,0.030000,0.000000,0.000000,0.000000,0.000000,0.000000
8.491950,0.030000,0.000000,0.000000,0.000000,0.000000,0.000000
8.501950,0.030000,0.000000,0.000000,0.000000,0.000000,0.000000
8.511950,0.025000,0.000000,0.000000,0.000000,0.000000,0.000000
8.521950,0.025000,0.000000,0.000000,0.000000,0.000000,0.000000
8.531950,0.025000,0.000000,0.000000,0.000000,0.000000,0.000000
8.541950,0.025000,0.000000,0.000000,0.000000,0.000000,0.000000
8.551950,0.025000,0.000000,0.000000,0.000000,0.000000,0.000000
8.561950,0.025000,0.000000,0.000000,0.000000,0.000000,0.000000
8.571950,0.025000,0.000000,0.000000,0.000000,0.000000,0.000000
8.581950,0.025000,0.000000,0.000000,0.000000,0.000000,0.000000
8.591950,0.025000,0.000000,0.000000,0.000000,0.000000,0.000000
8.601950,0.025000,0.000000,0.000000,0.000000,0.000000,0.000000
8.611950,0.025000,0.000000,0.000000,0.000000,0.000000,0.000000
8.621950,0.020000,0.000000,0.000000,0.000000,0.000000,0.000000
8.631950,0.020000,0.000000,0.000000,0.000000,0.000000,0.000000
8.641950,0.020000,0.000000,0.000000,0.000000,0.000000,0.000000
8.651950,0.020000,0.000000,0.000000,0.000000,0.000000,0.000000
8.661950,0.020000,0.000000,0.000000,0.000000,0.000000,0.000000
8.671950,0.020000,0.000000,0.000000,0.000000,0.000000,0.000000
8.681950,0.020000,0.000000,0.000000,0.000000,0.000000,0.000000
8.691950,0.020000,0.000000,0.000000,0.000000,0.000000,0.000000
8.701950,0.020000,0.000000,0.000000,0.000000,0.000000,0.000000
8.711950,0.020000,0.000000,0.000000,0.000000,0.000000,0.000000
8.721950,0.015000,0.000000,0.000000,0.000000,0.000000,0.000000
8.731950,0.015000,0.000000,0.000000,0.000000,0.000000,0.000000
8.741950,0.015000,0.000000,0.000000,0.000000,0.000000,0.000000
8.751950,0.015000,0.000000,0.000000,0.000000,0.000000,0.000000
8.761950,0.015000,0.000000,0.000000,0.000000,0.000000,0.000000
8.771950,0.015000,0.000000,0.000000,0.000000,0.000000,0.000000
8.781950,0.015000,0.000000,0.000000,0.000000,0.000000,0.000000
8.791950,0.015000,0.000000,0.000000,0.000000,0.000000,0.000000
8.801950,0.015000,0.000000,0.000000,0.000000,0.000000,0.000000
8.811950,0.015000,0.000000,0.000000,0.000000,0.000000,0.000000
8.821950,0.010000,0.000000,0.000000,0.000000,0.000000,0.000000
8.831950,0.010000,0.000000,0.000000,0.000000,0.000000,0.000000
8.841950,0.010000,0.000000,0.000000,0.000000,0.000000,0.000000
8.851950,0.010000,0.000000,0.000000,0.000000,0.000000,0.000000
8.861950,0.010000,0.000000,0.000000,0.000000,0.000000,0.000000
8.871950,0.010000,0.000000,0.000000,0.000000,0.000000,0.000000
8.881950,0.010000,0.000000,0.000000,0.000000,0.000000,0.000000
8.891950,0.010000,0.000000,0.000000,0.000000,0.000000,0.000000
8.901950,0.010000,0.000000,0.000000,0.000000,0.000000,0.000000
8.911950,0.010000,0.000000,0.000000,0.000000,0.000000,0.000000
8.921950,0.005000,0.000000,0.000000,0.000000,0.000000,0.000000
8.931950,0.005000,0.000000,0.000000,0.000000,0.000000,0.000000
8.941950,0.005000,0.000000,0.000000,0.000000,0.000000,0.000000
8.951950,0.005000,0.000000,0.000000,0.000000,0.000000,0.000000
8.961950,0.005000,0.000000,0.000000,0.000000,0.000000,0.000000
8.971950,0.005000,0.000000,0.000000,0.000000,0.000000,0.000000
8.981950,0.005000,0.000000,0.000000,0.000000,0.000000,0.000000
8.991950,0.005000,0.000000,0.000000,0.000000,0.000000,0.000000
9.001950,0.005000,0.000000,0.000000,0.000000,0.000000,0.000000
9.011950,0.005000,0.000000,0.000000,0.000000,0.000000,0.000000
9.021950,0.000000,0.000000,0.000000,0.000000,0.000000,0.000000
9.031950,0.000000,0.000000,0.000000,0.000000,0.000000,0.000000
9.041950,0.000000,0.000000,0.000000,0.000000,0.000000,0.000000
9.051950,0.000000,0.000000,0.000000,0.000000,0.000000,0.000000
9.061950,0.000000,0.000000,0.000000,0.000000,0.000000,0.000000
9.071950,0.000000,0.000000,0.000000,0.000000,0.000000,0.000000
9.081950,0.000000,0.000000,0.000000,0.000000,0.000000,0.000000
9.091950,0.000000,0.000000,0.000000,0.000000,0.000000,0.000000
9.101950,0.000000,0.000000,0.000000,0.000000,0.000000,0.000000
9.111950,0.000000,0.000000,0.000000,0.000000,0.000000,0.000000
9.121950,0.000000,0.000000,0.000000,0.000000,0.000000,0.000000
9.131950,0.000000,0.000000,0.000000,0.000000,0.000000,0.000000
9.141950,0.000000,0.000000,0.000000,0.000000,0.000000,0.000000
9.151950,0.000000,0.000000,0.000000,0.000000,0.000000,0.000000
9.161950,0.000000,0.000000,0.000000,0.000000,0.000000,0.000000
9.171950,0.000000,0.000000,0.000000,0.000000,0.000000,0.000000
9.181950,0.000000,0.000000,0.000000,0.000000,0.000000,0.000000
9.191950,0.000000,0.000000,0.000000,0.000000,0.000000,0.000000
9.201950,0.000000,0.000000,0.000000,0.000000,0.000000,0.000000
9.211950,0.000000,0.000000,0.000000,0.000000,0.000000,0.000000
9.221950,0.000000,0.000000,0.000000,0.000000,0.000000,0.000000
9.231950,0.000000,0.000000,0.000000,0.000000,0.000000,0.000000
9.241950,0.000000,0.000000,0.000000,0.000000,0.000000,0.000000
9.251950,0.000000,0.000000,0.000000,0.000000,0.000000,0.000000
9.261950,0.000000,0.000000,0.000000,0.000000,0.000000,0.000000
9.271950,0.000000,0.000000,0.000000,0.000000,0.000000,0.000000
9.281950,0.000000,0.000000,0.000000,0.000000,0.000000,0.000000
9.291950,0.000000,0.000000,0.000000,0.000000,0.000000,0.000000
9.301950,0.000000,0.000000,0.000000,0.000000,0.000000,0.000000
9.311950,0.000000,0.000000,0.000000,0.000000,0.000000,0.000000
9.321950,0.000000,0.000000,0.000000,0.000000,0.000000,0.000000
9.331950,0.000000,0.000000,0.000000,0.000000,0.000000,0.000000
9.341950,0.000000,0.000000,0.000000,0.000000,0.000000,0.000000
9.351950,0.000000,0.000000,0.000000,0.000000,0.000000,0.000000
9.361950,0.000000,0.000000,0.000000,0.000000,0.000000,0.000000
9.371950,0.000000,0.000000,0.000000,0.000000,0.000000,0.000000
9.381950,0.000000,0.000000,0.000000,0.000000,0.000000,0.000000
9.391950,0.000000,0.000000,0.000000,0.000000,0.000000,0.000000
9.401950,0.000000,0.000000,0.000000,0.000000,0.000000,0.000000
9.411950,0.000000,0.000000,0.000000,0.000000,0.000000,0.000000
9.421950,0.000000,0.000000,0.000000,0.000000,0.000000,0.000000
9.431950,0.000000,0.000000,0.000000,0.000000,0.000000,0.000000
9.441950,0.000000,0.000000,0.000000,0.000000,0.000000,0.000000
9.451950,0.000000,0.000000,0.000000,0.000000,0.000000,0.000000
9.461950,0.000000,0.000000,0.000000,0.000000,0.000000,0.000000
9.471950,0.000000,0.000000,0.000000,0.000000,0.000000,0.000000
9.481950,0.000000,0.000000,0.000000,0.000000,0.000000,0.000000
9.491950,0.000000,0.000000,0.000000,0.000000,0.000000,0.000000
9.501950,0.000000,0.000000,0.000000,0.000000,0.000000,0.000000
9.511950,0.000000,0.000000,0.000000,0.000000,0.000000,0.000000
9.521950,0.000000,0.000000,0.000000,0.000000,0.000000,0.000000
9.531950,0.000000,0.000000,0.000000,0.000000,0.000000,0.000000
9.541950,0.000000,0.000000,0.000000,0.000000,0.000000,0.000000
9.551950,0.000000,0.000000,0.000000,0.000000,0.000000,0.000000
9.561950,0.000000,0.000000,0.000000,0.000000,0.000000,0.000000
9.571950,0.000000,0.000000,0.000000,0.000000,0.000000,0.000000
9.581950,0.000000,0.000000,0.000000,0.000000,0.000000,0.000000
9.591950,0.000000,0.000000,0.000000,0.000000,0.000000,0.000000
9.601950,0.000000,0.000000,0.000000,0.000000,0.000000,0.000000
9.611950,0.000000,0.000000,0.000000,0.000000,0.000000,0.000000
9.621950,0.000000,0.000000,0.000000,0.000000,0.000000,0.000000
9.631950,0.000000,0.000000,0.000000,0.000000,0.000000,0.000000
9.641950,0.000000,0.000000,0.000000,0.000000,0.000000,0.000000
9.651950,0.000000,0.000000,0.000000,0.000000,0.000000,0.000000
9.661950,0.000000,0.000000,0.000000,0.000000,0.000000,0.000000
9.671950,0.000000,0.000000,0.000000,0.000000,0.000000,0.000000
9.681950,0.000000,0.000000,0.000000,0.000000,0.000000,0.000000
9.691950,0.000000,0.000000,0.000000,0.000000,0.000000,0.000000
9.701950,0.000000,0.000000,0.000000,0.000000,0.000000,0.000000
9.711950,0.000000,0.000000,0.000000,0.000000,0.000000,0.000000
9.721950,0.000000,0.000000,0.000000,0.000000,0.000000,0.000000
9.731950,0.000000,0.000000,0.000000,0.000000,0.000000,0.000000
9.741950,0.000000,0.000000,0.000000,0.000000,0.000000,0.000000
9.751950,0.000000,0.000000,0.000000,0.000000,0.000000,0.000000
9.761950,0.000000,0.000000,0.000000,0.000000,0.000000,0.000000
9.771950,0.000000,0.000000,0.000000,0.000000,0.000000,0.000000
9.781950,0.000000,0.000000,0.000000,0.000000,0.000000,0.000000
9.791950,0.000000,0.000000,0.000000,0.000000,0.000000,0.000000
9.801950,0.000000,0.000000,0.000000,0.000000,0.000000,0.000000
9.811950,0.000000,0.000000,0.000000,0.000000,0.000000,0.000000
9.821950,0.000000,0.000000,0.000000,0.000000,0.000000,0.000000
9.831950,0.000000,0.000000,0.000000,0.000000,0.000000,0.000000
9.841950,0.000000,0.000000,0.000000,0.000000,0.000000,0.000000
9.851950,0.000000,0.000000,0.000000,0.000000,0.000000,0.000000
9.861950,0.000000,0.000000,0.000000,0.000000,0.000000,0.000000
9.871950,0.000000,0.000000,0.000000,0.000000,0.000000,0.000000
9.881950,0.000000,0.000000,0.000000,0.000000,0.000000,0.000000
9.891950,0.000000,0.000000,0.000000,0.000000,0.000000,0.000000
9.901950,0.000000,0.000000,0.000000,0.000000,0.000000,0.000000
9.911950,0.000000,0.000000,0.000000,0.000000,0.000000,0.000000
9.921950,0.000000,0.000000,0.000000,0.000000,0.000000,0.000000
9.931950,0.000000,0.000000,0.000000,0.000000,0.000000,0.000000
9.941950,0.000000,0.000000,0.000000,0.000000,0.000000,0.000000
9.951950,0.000000,0.000000,0.000000,0.000000,0.000000,0.000000
9.961950,0.000000,0.000000,0.000000,0.000000,0.000000,0.000000
9.971950,0.000000,0.000000,0.000000,0.000000,0.000000,0.000000
9.981950,0.000000,0.000000,0.000000,0.000000,0.000000,0.000000
9.991950,0.000000,0.000000,0.000000,0.000000,0.000000,0.000000
10.001950,0.000000,0.000000,0.000000,0.000000,0.000000,0.000000
10.011950,0.000000,0.000000,0.000000,0.000000,0.000000,0.000000
10.021950,0.000000,0.000000,0.000000,0.000000,0.000000,0.000000
10.031950,0.000000,0.000000,0.000000,0.000000,0.000000,0.000000
10.041950,0.000000,0.000000,0.000000,0.000000,0.000000,0.000000
10.051950,0.000000,0.000000,0.000000,0.000000,0.000000,0.000000
10.061950,0.000000,0.000000,0.000000,0.000000,0.000000,0.000000
10.071950,0.000000,0.000000,0.000000,0.000000,0.000000,0.000000
10.081950,0.000000,0.000000,0.000000,0.000000,0.000000,0.000000
10.091950,0.000000,0.000000,0.000000,0.000000,0.000000,0.000000
10.101950,0.000000,0.000000,0.000000,0.000000,0.000000,0.000000
10.111950,0.000000,0.000000,0.000000,0.000000,0.000000,0.000000
10.121950,0.000000,0.000000,0.000000,0.000000,0.000000,0.000000
10.131950,0.000000,0.000000,0.000000,0.000000,0.000000,0.000000
10.141950,0.000000,0.000000,0.000000,0.000000,0.000000,0.000000
10.151950,0.000000,0.000000,0.000000,0.000000,0.000000,0.000000
10.161950,0.000000,0.000000,0.000000,0.000000,0.000000,0.000000
10.171950,0.000000,0.000000,0.000000,0.000000,0.000000,0.000000
10.181950,0.000000,0.000000,0.000000,0.000000,0.000000,0.000000
10.191950,0.000000,0.000000,0.000000,0.000000,0.000000,0.000000
10.201950,0.000000,0.000000,0.000000,0.000000,0.000000,0.000000
10.211950,0.000000,0.000000,0.000000,0.000000,0.000000,0.000000
10.221950,0.000000,0.000000,0.000000,0.000000,0.000000,0.000000
10.231950,0.000000,0.000000,0.000000,0.000000,0.000000,0.000000
10.241950,0.000000,0.000000,0.000000,0.000000,0.000000,0.000000
10.251950,0.000000,0.000000,0.000000,0.000000,0.000000,0.000000
10.261950,0.000000,0.000000,0.000000,0.000000,0.000000,0.000000
10.271950,0.000000,0.000000,0.000000,0.000000,0.000000,0.000000
10.281950,0.000000,0.000000,0.000000,0.000000,0.000000,0.000000
10.291950,0.000000,0.000000,0.000000,0.000000,0.000000,0.000000
10.301950,0.000000,0.000000,0.000000,0.000000,0.000000,0.000000
10.311950,0.000000,0.000000,0.000000,0.000000,0.000000,0.000000
10.321950,0.000000,0.000000,0.000000,0.000000,0.000000,0.000000
10.331950,0.000000,0.000000,0.000000,0.000000,0.000000,0.000000
10.341950,0.000000,0.000000,0.000000,0.000000,0.000000,0.000000
10.351950,0.000000,0.000000,0.000000,0.000000,0.000000,0.000000
10.361950,0.000000,0.000000,0.000000,0.000000,0.000000,0.000000
10.371950,0.000000,0.000000,0.000000,0.000000,0.000000,0.000000
10.381950,0.000000,0.000000,0.000000,0.000000,0.000000,0.000000
10.391950,0.000000,0.000000,0.000000,0.000000,0.000000,0.000000
10.401950,0.000000,0.000000,0.000000,0.000000,0.000000,0.000000
10.411950,0.000000,0.000000,0.000000,0.000000,0.000000,0.000000
10.421950,0.000000,0.000000,0.000000,0.000000,0.000000,0.000000
10.431950,0.000000,0.000000,0.000000,0.000000,0.000000,0.000000
10.441950,0.000000,0.000000,0.000000,0.000000,0.000000,0.000000
10.451950,0.000000,0.000000,0.000000,0.000000,0.000000,0.000000
10.461950,0.000000,0.000000,0.000000,0.000000,0.000000,0.000000
10.471950,0.000000,0.000000,0.000000,0.000000,0.000000,0.000000
10.481950,0.000000,0.000000,0.000000,0.000000,0.000000,0.000000
10.491950,0.000000,0.000000,0.000000,0.000000,0.000000,0.000000
10.501950,0.000000,0.000000,0.000000,0.000000,0.000000,0.000000
10.511950,0.000000,0.000000,0.000000,0.000000,0.000000,0.000000
10.521950,0.000000,0.000000,0.000000,0.000000,0.000000,0.000000
10.531950,0.000000,0.000000,0.000000,0.000000,0.000000,0.000000
10.541950,0.000000,0.000000,0.000000,0.000000,0.000000,0.000000
10.551950,0.000000,0.000000,0.000000,0.000000,0.000000,0.000000
10.561950,0.000000,0.000000,0.000000,0.000000,0.000000,0.000000
10.571950,0.000000,0.000000,0.000000,0.000000,0.000000,0.000000
10.581950,0.000000,0.000000,0.000000,0.000000,0.000000,0.000000
10.591950,0.000000,0.000000,0.000000,0.000000,0.000000,0.000000
10.601950,0.000000,0.000000,0.000000,0.000000,0.000000,0.000000
10.611950,0.000000,0.000000,0.000000,0.000000,0.000000,0.000000
10.621950,0.000000,0.000000,0.000000,0.000000,0.000000,0.000000
10.631950,0.000000,0.000000,0.000000,0.000000,0.000000,0.000000
10.641950,0.000000,0.000000,0.000000,0.000000,0.000000,0.000000
10.651950,0.000000,0.000000,0.000000,0.000000,0.000000,0.000000
10.661950,0.000000,0.000000,0.000000,0.000000,0.000000,0.000000
10.671950,0.000000,0.000000,0.000000,0.000000,0.000000,0.000000
10.681950,0.000000,0.000000,0.000000,0.000000,0.000000,0.000000
10.691950,0.000000,0.000000,0.000000,0.000000,0.000000,0.000000
10.701950,0.000000,0.000000,0.000000,0.000000,0.000000,0.000000
10.711950,0.000000,0.000000,0.000000,0.000000,0.000000,0.000000
10.721950,0.000000,0.000000,0.000000,0.000000,0.000000,0.000000
10.731950,0.000000,0.000000,0.000000,0.000000,0.000000,0.000000
10.741950,0.000000,0.000000,0.000000,0.000000,0.000000,0.000000
10.751950,0.000000,0.000000,0.000000,0.000000,0.000000,0.000000
10.761950,0.000000,0.000000,0.000000,0.000000,0.000000,0.000000
10.771950,0.000000,0.000000,0.000000,0.000000,0.000000,0.000000
10.781950,0.000000,0.000000,0.000000,0.000000,0.000000,0.000000
10.791950,0.000000,0.000000,0.000000,0.000000,0.000000,0.000000
10.801950,0.000000,0.000000,0.000000,0.000000,0.000000,0.000000
10.811950,0.000000,0.000000,0.000000,0.000000,0.000000,0.000000
10.821950,0.000000,0.000000,0.000000,0.000000,0.000000,0.000000
10.831950,0.000000,0.000000,0.000000,0.000000,0.000000,0.000000
10.841950,0.000000,0.000000,0.000000,0.000000,0.000000,0.000000
10.851950,0.000000,0.000000,0.000000,0.000000,0.000000,0.000000
10.861950,0.000000,0.000000,0.000000,0.000000,0.000000,0.000000
10.871950,0.000000,0.000000,0.000000,0.000000,0.000000,0.000000
10.881950,0.000000,0.000000,0.000000,0.000000,0.000000,0.000000
10.891950,0.000000,0.000000,0.000000,0.000000,0.000000,0.000000
10.901950,0.000000,0.000000,0.000000,0.000000,0.000000,0.000000
10.911950,0.000000,0.000000,0.000000,0.000000,0.000000,0.000000
10.921950,0.000000,0.000000,0.000000,0.000000,0.000000,0.000000
10.931950,0.000000,0.000000,0.000000,0.000000,0.000000,0.000000
10.941950,0.000000,0.000000,0.000000,0.000000,0.000000,0.000000
10.951950,0.000000,0.000000,0.000000,0.000000,0.000000,0.000000
10.961950,0.000000,0.000000,0.000000,0.000000,0.000000,0.000000
10.971950,0.000000,0.000000,0.000000,0.000000,0.000000,0.000000
10.981950,0.000000,0.000000,0.000000,0.000000,0.000000,0.000000
10.991950,0.000000,0.000000,0.000000,0.000000,0.000000,0.000000
11.001950,0.000000,0.000000,0.000000,0.000000,0.000000,0.000000
11.011950,0.000000,0.000000,0.000000,0.000000,0.000000,0.000000
11.021950,0.000000,0.000000,0.000000,0.000000,0.000000,0.000000
11.031950,0.000000,0.000000,0.000000,0.000000,0.000000,0.000000
11.041950,0.000000,0.000000,0.000000,0.000000,0.000000,0.000000
11.051950,0.000000,0.000000,0.000000,0.000000,0.000000,0.000000
11.061950,0.000000,0.000000,0.000000,0.000000,0.000000,0.000000
11.071950,0.000000,0.000000,0.000000,0.000000,0.000000,0.000000
11.081950,0.000000,0.000000,0.000000,0.000000,0.000000,0.000000
11.091950,0.000000,0.000000,0.000000,0.000000,0.000000,0.000000
11.101950,0.000000,0.000000,0.000000,0.000000,0.000000,0.000000
11.111950,0.000000,0.000000,0.000000,0.000000,0.000000,0.000000
11.121950,0.000000,0.000000,0.000000,0.000000,0.000000,0.000000
11.131950,0.000000,0.000000,0.000000,0.000000,0.000000,0.000000
11.141950,0.000000,0.000000,0.000000,0.000000,0.000000,0.000000
11.151950,0.000000,0.000000,0.000000,0.000000,0.000000,0.000000
11.161950,0.000000,0.000000,0.000000,0.000000,0.000000,0.000000
11.171950,0.000000,0.000000,0.000000,0.000000,0.000000,0.000000
11.181950,0.000000,0.000000,0.000000,0.000000,0.000000,0.000000
11.191950,0.000000,0.000000,0.000000,0.000000,0.000000,0.000000
11.201950,0.000000,0.000000,0.000000,0.000000,0.000000,0.000000
11.211950,0.000000,0.000000,0.000000,0.000000,0.000000,0.000000
11.221950,0.000000,0.000000,0.000000,0.000000,0.000000,0.000000
11.231950,0.000000,0.000000,0.000000,0.000000,0.000000,0.000000
11.241950,0.000000,0.000000,0.000000,0.000000,0.000000,0.000000
11.251950,0.000000,0.000000,0.000000,0.000000,0.000000,0.000000
11.261950,0.000000,0.000000,0.000000,0.000000,0.000000,0.000000
11.271950,0.000000,0.000000,0.000000,0.000000,0.000000,0.000000
11.281950,0.000000,0.000000,0.000000,0.000000,0.000000,0.000000
11.291950,0.000000,0.000000,0.000000,0.000000,0.000000,0.000000
11.301950,0.000000,0.000000,0.000000,0.000000,0.000000,0.000000
11.311950,0.000000,0.000000,0.000000,0.000000,0.000000,0.000000
11.321950,0.000000,0.000000,0.000000,0.000000,0.000000,0.000000
11.331950,0.000000,0.000000,0.000000,0.000000,0.000000,0.000000
11.341950,0.000000,0.000000,0.000000,0.000000,0.000000,0.000000
11.351950,0.000000,0.000000,0.000000,0.000000,0.000000,0.000000
11.361950,0.000000,0.000000,0.000000,0.000000,0.000000,0.000000
11.371950,0.000000,0.000000,0.000000,0.000000,0.000000,0.000000
11.381950,0.000000,0.000000,0.000000,0.000000,0.000000,0.000000
11.391950,0.000000,0.000000,0.000000,0.000000,0.000000,0.000000
11.401950,0.000000,0.000000,0.000000,0.000000,0.000000,0.000000
11.411950,0.000000,0.000000,0.000000,0.000000,0.000000,0.000000
11.421950,0.000000,0.000000,0.000000,0.000000,0.000000,0.000000
11.431950,0.000000,0.000000,0.000000,0.000000,0.000000,0.000000
11.441950,0.000000,0.000000,0.000000,0.000000,0.000000,0.000000
11.451950,0.000000,0.000000,0.000000,0.000000,0.000000,0.000000
11.461950,0.000000,0.000000,0.000000,0.000000,0.000000,0.000000
11.471950,0.000000,0.000000,0.000000,0.000000,0.000000,0.000000
11.481950,0.000000,0.000000,0.000000,0.000000,0.000000,0.000000
11.491950,0.000000,0.000000,0.000000,0.000000,0.000000,0.000000
11.501950,0.000000,0.000000,0.000000,0.000000,0.000000,0.000000
11.511950,0.000000,0.000000,0.000000,0.000000,0.000000,0.000000
11.521950,0.000000,0.000000,0.000000,0.000000,0.000000,0.000000
11.531950,0.000000,0.000000,0.000000,0.000000,0.000000,0.000000
11.541950,0.000000,0.000000,0.000000,0.000000,0.000000,0.000000
11.551950,0.000000,0.000000,0.000000,0.000000,0.000000,0.000000
11.561950,0.000000,0.000000,0.000000,0.000000,0.000000,0.000000
11.571950,0.000000,0.000000,0.000000,0.000000,0.000000,0.000000
11.581950,0.000000,0.000000,0.000000,0.000000,0.000000,0.000000
11.591950,0.000000,0.000000,0.000000,0.000000,0.000000,0.000000
11.601950,0.000000,0.000000,0.000000,0.000000,0.000000,0.000000
11.611950,0.000000,0.000000,0.000000,0.000000,0.000000,0.000000
11.621950,0.000000,0.000000,0.000000,0.000000,0.000000,0.000000
11.631950,0.000000,0.000000,0.000000,0.000000,0.000000,0.000000
11.641950,0.000000,0.000000,0.000000,0.000000,0.000000,0.000000
11.651950,0.000000,0.000000,0.000000,0.000000,0.000000,0.000000
11.661950,0.000000,0.000000,0.000000,0.000000,0.000000,0.000000
11.671950,0.000000,0.000000,0.000000,0.000000,0.000000,0.000000
11.681950,0.000000,0.000000,0.000000,0.000000,0.000000,0.000000
11.691950,0.000000,0.000000,0.000000,0.000000,0.000000,0.000000
11.701950,0.000000,0.000000,0.000000,0.000000,0.000000,0.000000
11.711950,0.000000,0.000000,0.000000,0.000000,0.000000,0.000000
11.721950,0.000000,0.000000,0.000000,0.000000,0.000000,0.000000
11.731950,0.000000,0.000000,0.000000,0.000000,0.000000,0.000000
11.741950,0.000000,0.000000,0.000000,0.000000,0.000000,0.000000
11.751950,0.000000,0.000000,0.000000,0.000000,0.000000,0.000000
11.761950,0.000000,0.000000,0.000000,0.000000,0.000000,0.000000
11.771950,0.000000,0.000000,0.000000,0.000000,0.000000,0.000000
11.781950,0.000000,0.000000,0.000000,0.000000,0.000000,0.000000
11.791950,0.000000,0.000000,0.000000,0.000000,0.000000,0.000000
11.801950,0.000000,0.000000,0.000000,0.000000,0.000000,0.000000
11.811950,0.000000,0.000000,0.000000,0.000000,0.000000,0.000000
11.821950,0.000000,0.000000,0.000000,0.000000,0.000000,0.000000
11.831950,0.000000,0.000000,0.000000,0.000000,0.000000,0.000000
11.841950,0.000000,0.000000,0.000000,0.000000,0.000000,0.000000
11.851950,0.000000,0.000000,0.000000,0.000000,0.000000,0.000000
11.861950,0.000000,0.000000,0.000000,0.000000,0.000000,0.000000
11.871950,0.000000,0.000000,0.000000,0.000000,0.000000,0.000000
11.881950,0.000000,0.000000,0.000000,0.000000,0.000000,0.000000
11.891950,0.000000,0.000000,0.000000,0.000000,0.000000,0.000000
11.901950,0.000000,0.000000,0.000000,0.000000,0.000000,0.000000
11.911950,0.000000,0.000000,0.000000,0.000000,0.000000,0.000000
11.921950,0.000000,0.000000,0.000000,0.000000,0.000000,0.000000
11.931950,0.000000,0.000000,0.000000,0.000000,0.000000,0.000000
11.941950,0.000000,0.000000,0.000000,0.000000,0.000000,0.000000
11.951950,0.000000,0.000000,0.000000,0.000000,0.000000,0.000000
11.961950,0.000000,0.000000,0.000000,0.000000,0.000000,0.000000
11.971950,0.000000,0.000000,0.000000,0.000000,0.000000,0.000000
11.981950,0.000000,0.000000,0.000000,0.000000,0.000000,0.000000
11.991950,0.000000,0.000000,0.000000,0.000000,0.000000,0.000000
12.001950,0.000000,0.000000,0.000000,0.000000,0.000000,0.000000
12.011950,0.000000,0.000000,0.000000,0.000000,0.000000,0.000000
12.021950,0.000000,0.000000,0.000000,0.000000,0.000000,0.000000
12.031950,0.000000,0.000000,0.000000,0.000000,0.000000,0.000000
12.041950,0.000000,0.000000,0.000000,0.000000,0.000000,0.000000
12.051950,0.000000,0.000000,0.000000,0.000000,0.000000,0.000000
12.061950,0.000000,0.000000,0.000000,0.000000,0.000000,0.000000
12.071950,0.000000,0.000000,0.000000,0.000000,0.000000,0.000000
12.081950,0.000000,0.000000,0.000000,0.000000,0.000000,0.000000
12.091950,0.000000,0.000000,0.000000,0.000000,0.000000,0.000000
12.101950,0.000000,0.000000,0.000000,0.000000,0.000000,0.000000
12.111950,0.000000,0.000000,0.000000,0.000000,0.000000,0.000000
12.121950,0.000000,0.000000,0.000000,0.000000,0.000000,0.000000
12.131950,0.000000,0.000000,0.000000,0.000000,0.000000,0.000000
12.141950,0.000000,0.000000,0.000000,0.000000,0.000000,0.000000
12.151950,0.000000,0.000000,0.000000,0.000000,0.000000,0.000000
12.161950,0.000000,0.000000,0.000000,0.000000,0.000000,0.000000
12.171950,0.000000,0.000000,0.000000,0.000000,0.000000,0.000000
12.181950,0.000000,0.000000,0.000000,0.000000,0.000000,0.000000
12.191950,0.000000,0.000000,0.000000,0.000000,0.000000,0.000000
12.201950,0.000000,0.000000,0.000000,0.000000,0.000000,0.000000
12.211950,0.000000,0.000000,0.000000,0.000000,0.000000,0.000000
12.221950,0.000000,0.000000,0.000000,0.000000,0.000000,0.000000
12.231950,0.000000,0.000000,0.000000,0.000000,0.000000,0.000000
12.241950,0.000000,0.000000,0.000000,0.000000,0.000000,0.000000
12.251950,0.000000,0.000000,0.000000,0.000000,0.000000,0.000000
12.261950,0.000000,0.000000,0.000000,0.000000,0.000000,0.000000
12.271950,0.000000,0.000000,0.000000,0.000000,0.000000,0.000000
12.281950,0.000000,0.000000,0.000000,0.000000,0.000000,0.000000
12.291950,0.000000,0.000000,0.000000,0.000000,0.000000,0.000000
12.301950,0.000000,0.000000,0.000000,0.000000,0.000000,0.000000
12.311950,0.000000,0.000000,0.000000,0.000000,0.000000,0.000000
12.321950,0.000000,0.000000,0.000000,0.000000,0.000000,0.000000
12.331950,0.000000,0.000000,0.000000,0.000000,0.000000,0.000000
12.341950,0.000000,0.000000,0.000000,0.000000,0.000000,0.000000
12.351950,0.000000,0.000000,0.000000,0.000000,0.000000,0.000000
12.361950,0.000000,0.000000,0.000000,0.000000,0.000000,0.000000
12.371950,0.000000,0.000000,0.000000,0.000000,0.000000,0.000000
12.381950,0.000000,0.000000,0.000000,0.000000,0.000000,0.000000
12.391950,0.000000,0.000000,0.000000,0.000000,0.000000,0.000000
12.401950,0.000000,0.000000,0.000000,0.000000,0.000000,0.000000
12.411950,0.000000,0.000000,0.000000,0.000000,0.000000,0.000000
12.421950,0.000000,0.000000,0.000000,0.000000,0.000000,0.000000
12.431950,0.000000,0.000000,0.000000,0.000000,0.000000,0.000000
12.441950,0.000000,0.000000,0.000000,0.000000,0.000000,0.000000
12.451950,0.000000,0.000000,0.000000,0.000000,0.000000,0.000000
12.461950,0.000000,0.000000,0.000000,0.000000,0.000000,0.000000
12.471950,0.000000,0.000000,0.000000,0.000000,0.000000,0.000000
12.481950,0.000000,0.000000,0.000000,0.000000,0.000000,0.000000
12.491950,0.000000,0.000000,0.000000,0.000000,0.000000,0.000000
12.501950,0.000000,0.000000,0.000000,0.000000,0.000000,0.000000
12.511950,0.000000,0.000000,0.000000,0.000000,0.000000,0.000000
12.521950,0.000000,0.000000,0.000000,0.000000,0.000000,0.000000
12.531950,0.000000,0.000000,0.000000,0.000000,0.000000,0.000000
12.541950,0.000000,0.000000,0.000000,0.000000,0.000000,0.000000
12.551950,0.000000,0.000000,0.000000,0.000000,0.000000,0.000000
12.561950,0.000000,0.000000,0.000000,0.000000,0.000000,0.000000
12.571950,0.000000,0.000000,0.000000,0.000000,0.000000,0.000000
12.581950,0.000000,0.000000,0.000000,0.000000,0.000000,0.000000
12.591950,0.000000,0.000000,0.000000,0.000000,0.000000,0.000000
12.601950,0.000000,0.000000,0.000000,0.000000,0.000000,0.000000
12.611950,0.000000,0.000000,0.000000,0.000000,0.000000,0.000000
12.621950,0.000000,0.000000,0.000000,0.000000,0.000000,0.000000
12.631950,0.000000,0.000000,0.000000,0.000000,0.000000,0.000000
12.641950,0.000000,0.000000,0.000000,0.000000,0.000000,0.000000
12.651950,0.000000,0.000000,0.000000,0.000000,0.000000,0.000000
12.661950,0.000000,0.000000,0.000000,0.000000,0.000000,0.000000
12.671950,0.000000,0.000000,0.000000,0.000000,0.000000,0.000000
12.681950,0.000000,0.000000,0.000000,0.000000,0.000000,0.000000
12.691950,0.000000,0.000000,0.000000,0.000000,0.000000,0.000000
12.701950,0.000000,0.000000,0.000000,0.000000,0.000000,0.000000
12.711950,0.000000,0.000000,0.000000,0.000000,0.000000,0.000000
12.721950,0.000000,0.000000,0.000000,0.000000,0.000000,0.000000
12.731950,0.000000,0.000000,0.000000,0.000000,0.000000,0.000000
12.741950,0.000000,0.000000,0.000000,0.000000,0.000000,0.000000
12.751950,0.000000,0.000000,0.000000,0.000000,0.000000,0.000000
12.761950,0.000000,0.000000,0.000000,0.000000,0.000000,0.000000
12.771950,0.000000,0.000000,0.000000,0.000000,0.000000,0.000000
12.781950,0.000000,0.000000,0.000000,0.000000,0.000000,0.000000
12.791950,0.000000,0.000000,0.000000,0.000000,0.000000,0.000000
12.801950,0.000000,0.000000,0.000000,0.000000,0.000000,0.000000
12.811950,0.000000,0.000000,0.000000,0.000000,0.000000,0.000000
12.821950,0.000000,0.000000,0.000000,0.000000,0.000000,0.000000
12.831950,0.000000,0.000000,0.000000,0.000000,0.000000,0.000000
12.841950,0.000000,0.000000,0.000000,0.000000,0.000000,0.000000
12.851950,0.000000,0.000000,0.000000,0.000000,0.000000,0.000000
12.861950,0.000000,0.000000,0.000000,0.000000,0.000000,0.000000
12.871950,0.000000,0.000000,0.000000,0.000000,0.000000,0.000000
12.881950,0.000000,0.000000,0.000000,0.000000,0.000000,0.000000
12.891950,0.000000,0.000000,0.000000,0.000000,0.000000,0.000000
12.901950,0.000000,0.000000,0.000000,0.000000,0.000000,0.000000
12.911950,0.000000,0.000000,0.000000,0.000000,0.000000,0.000000
12.921950,0.000000,0.000000,0.000000,0.000000,0.000000,0.000000
12.931950,0.000000,0.000000,0.000000,0.000000,0.000000,0.000000
12.941950,0.000000,0.000000,0.000000,0.000000,0.000000,0.000000
12.951950,0.000000,0.000000,0.000000,0.000000,0.000000,0.000000
12.961950,0.000000,0.000000,0.000000,0.000000,0.000000,0.000000
12.971950,0.000000,0.000000,0.000000,0.000000,0.000000,0.000000
12.981950,0.000000,0.000000,0.000000,0.000000,0.000000,0.000000
12.991950,0.000000,0.000000,0.000000,0.000000,0.000000,0.000000
13.001950,0.000000,0.000000,0.000000,0.000000,0.000000,0.000000
13.011950,0.000000,0.000000,0.000000,0.000000,0.000000,0.000000
13.021950,0.000000,0.000000,0.000000,0.000000,0.000000,0.000000
13.031950,0.000000,0.000000,0.000000,0.000000,0.000000,0.000000
13.041950,0.000000,0.000000,0.000000,0.000000,0.000000,0.000000
13.051950,0.000000,0.000000,0.000000,0.000000,0.000000,0.000000
13.061950,0.000000,0.000000,0.000000,0.000000,0.000000,0.000000
13.071950,0.000000,0.000000,0.000000,0.000000,0.000000,0.000000
13.081950,0.000000,0.000000,0.000000,0.000000,0.000000,0.000000
13.091950,0.000000,0.000000,0.000000,0.000000,0.000000,0.000000
13.101950,0.000000,0.000000,0.000000,0.000000,0.000000,0.000000
13.111950,0.000000,0.000000,0.000000,0.000000,0.000000,0.000000
13.121950,0.000000,0.000000,0.000000,0.000000,0.000000,0.000000
13.131950,0.000000,0.000000,0.000000,0.000000,0.000000,0.000000
13.141950,0.000000,0.000000,0.000000,0.000000,0.000000,0.000000
13.151950,0.000000,0.000000,0.000000,0.000000,0.000000,0.000000
13.161950,0.000000,0.000000,0.000000,0.000000,0.000000,0.000000
13.171950,0.000000,0.000000,0.000000,0.000000,0.000000,0.000000
13.181950,0.000000,0.000000,0.000000,0.000000,0.000000,0.000000
13.191950,0.000000,0.000000,0.000000,0.000000,0.000000,0.000000
13.201950,0.000000,0.000000,0.000000,0.000000,0.000000,0.000000
13.211950,0.000000,0.000000,0.000000,0.000000,0.000000,0.000000
13.221950,0.000000,0.000000,0.000000,0.000000,0.000000,0.000000
13.231950,0.000000,0.000000,0.000000,0.000000,0.000000,0.000000
13.241950,0.000000,0.000000,0.000000,0.000000,0.000000,0.000000
13.251950,0.000000,0.000000,0.000000,0.000000,0.000000,0.000000
13.261950,0.000000,0.000000,0.000000,0.000000,0.000000,0.000000
13.271950,0.000000,0.000000,0.000000,0.000000,0.000000,0.000000
13.281950,0.000000,0.000000,0.000000,0.000000,0.000000,0.000000
13.291950,0.000000,0.000000,0.000000,0.000000,0.000000,0.000000
13.301950,0.000000,0.000000,0.000000,0.000000,0.000000,0.000000
13.311950,0.000000,0.000000,0.000000,0.000000,0.000000,0.000000
13.321950,0.000000,0.000000,0.000000,0.000000,0.000000,0.000000
13.331950,0.000000,0.000000,0.000000,0.000000,0.000000,0.000000
13.341950,0.000000,0.000000,0.000000,0.000000,0.000000,0.000000
13.351950,0.000000,0.000000,0.000000,0.000000,0.000000,0.000000
13.361950,0.000000,0.000000,0.000000,0.000000,0.000000,0.000000
13.371950,0.000000,0.000000,0.000000,0.000000,0.000000,0.000000
13.381950,0.000000,0.000000,0.000000,0.000000,0.000000,0.000000
13.391950,0.000000,0.000000,0.000000,0.000000,0.000000,0.000000
13.401950,0.000000,0.000000,0.000000,0.000000,0.000000,0.000000
13.411950,0.000000,0.000000,0.000000,0.000000,0.000000,0.000000
13.421950,0.000000,0.000000,0.000000,0.000000,0.000000,0.000000
13.431950,0.000000,0.000000,0.000000,0.000000,0.000000,0.000000
13.441950,0.000000,0.000000,0.000000,0.000000,0.000000,0.000000
13.451950,0.000000,0.000000,0.000000,0.000000,0.000000,0.000000
13.461950,0.000000,0.000000,0.000000,0.000000,0.000000,0.000000
13.471950,0.000000,0.000000,0.000000,0.000000,0.000000,0.000000
13.481950,0.000000,0.000000,0.000000,0.000000,0.000000,0.000000
13.491950,0.000000,0.000000,0.000000,0.000000,0.000000,0.000000
13.501950,0.000000,0.000000,0.000000,0.000000,0.000000,0.000000
13.511950,0.000000,0.000000,0.000000,0.000000,0.000000,0.000000
13.521950,0.000000,0.000000,0.000000,0.000000,0.000000,0.000000
13.531950,0.000000,0.000000,0.000000,0.000000,0.000000,0.000000
13.541950,0.000000,0.000000,0.000000,0.000000,0.000000,0.000000
13.551950,0.000000,0.000000,0.000000,0.000000,0.000000,0.000000
13.561950,0.000000,0.000000,0.000000,0.000000,0.000000,0.000000
13.571950,0.000000,0.000000,0.000000,0.000000,0.000000,0.000000
13.581950,0.000000,0.000000,0.000000,0.000000,0.000000,0.000000
13.591950,0.000000,0.000000,0.000000,0.000000,0.000000,0.000000
13.601950,0.000000,0.000000,0.000000,0.000000,0.000000,0.000000
13.611950,0.000000,0.000000,0.000000,0.000000,0.000000,0.000000
13.621950,0.000000,0.000000,0.000000,0.000000,0.000000,0.000000
13.631950,0.000000,0.000000,0.000000,0.000000,0.000000,0.000000
13.641950,0.000000,0.000000,0.000000,0.000000,0.000000,0.000000
13.651950,0.000000,0.000000,0.000000,0.000000,0.000000,0.000000
13.661950,0.000000,0.000000,0.000000,0.000000,0.000000,0.000000
13.671950,0.000000,0.000000,0.000000,0.000000,0.000000,0.000000
13.681950,0.000000,0.000000,0.000000,0.000000,0.000000,0.000000
13.691950,0.000000,0.000000,0.000000,0.000000,0.000000,0.000000
13.701950,0.000000,0.000000,0.000000,0.000000,0.000000,0.000000
13.711950,0.000000,0.000000,0.000000,0.000000,0.000000,0.000000
13.721950,0.000000,0.000000,0.000000,0.000000,0.000000,0.000000
13.731950,0.000000,0.000000,0.000000,0.000000,0.000000,0.000000
13.741950,0.000000,0.000000,0.000000,0.000000,0.000000,0.000000
13.751950,0.000000,0.000000,0.000000,0.000000,0.000000,0.000000
13.761950,0.000000,0.000000,0.000000,0.000000,0.000000,0.000000
13.771950,0.000000,0.000000,0.000000,0.000000,0.000000,0.000000
13.781950,0.000000,0.000000,0.000000,0.000000,0.000000,0.000000
13.791950,0.000000,0.000000,0.000000,0.000000,0.000000,0.000000
13.801950,0.000000,0.000000,0.000000,0.000000,0.000000,0.000000
13.811950,0.000000,0.000000,0.000000,0.000000,0.000000,0.000000
13.821950,0.000000,0.000000,0.000000,0.000000,0.000000,0.000000
13.831950,0.000000,0.000000,0.000000,0.000000,0.000000,0.000000
13.841950,0.000000,0.000000,0.000000,0.000000,0.000000,0.000000
13.851950,0.000000,0.000000,0.000000,0.000000,0.000000,0.000000
13.861950,0.000000,0.000000,0.000000,0.000000,0.000000,0.000000
13.871950,0.000000,0.000000,0.000000,0.000000,0.000000,0.000000
13.881950,0.000000,0.000000,0.000000,0.000000,0.000000,0.000000
13.891950,0.000000,0.000000,0.000000,0.000000,0.000000,0.000000
13.901950,0.000000,0.000000,0.000000,0.000000,0.000000,0.000000
13.911950,0.000000,0.000000,0.000000,0.000000,0.000000,0.000000
13.921950,0.000000,0.000000,0.000000,0.000000,0.000000,0.000000
13.931950,0.000000,0.000000,0.000000,0.000000,0.000000,0.000000
13.941950,0.000000,0.000000,0.000000,0.000000,0.000000,0.000000
13.951950,0.000000,0.000000,0.000000,0.000000,0.000000,0.000000
13.961950,0.000000,0.000000,0.000000,0.000000,0.000000,0.000000
13.971950,0.000000,0.000000,0.000000,0.000000,0.000000,0.000000
13.981950,0.000000,0.000000,0.000000,0.000000,0.000000,0.000000
13.991950,0.000000,0.000000,0.000000,0.000000,0.000000,0.000000
14.001950,0.000000,0.000000,0.000000,0.000000,0.000000,0.000000
14.011950,0.000000,0.000000,0.000000,0.000000,0.000000,0.000000
14.021950,0.000000,0.000000,0.000000,0.000000,0.000000,0.000000
14.031950,0.000000,0.000000,0.000000,0.000000,0.000000,0.000000
14.041950,0.000000,0.000000,0.000000,0.000000,0.000000,0.000000
14.051950,0.000000,0.000000,0.000000,0.000000,0.000000,0.000000
14.061950,0.000000,0.000000,0.000000,0.000000,0.000000,0.000000
14.071950,0.000000,0.000000,0.000000,0.000000,0.000000,0.000000
14.081950,0.000000,0.000000,0.000000,0.000000,0.000000,0.000000
14.091950,0.000000,0.000000,0.000000,0.000000,0.000000,0.000000
14.101950,0.000000,0.000000,0.000000,0.000000,0.000000,0.000000
14.111950,0.000000,0.000000,0.000000,0.000000,0.000000,0.000000
14.121950,0.000000,0.000000,0.000000,0.000000,0.000000,0.000000
14.131950,0.000000,0.000000,0.000000,0.000000,0.000000,0.000000
14.141950,0.000000,0.000000,0.000000,0.000000,0.000000,0.000000
14.151950,0.000000,0.000000,0.000000,0.000000,0.000000,0.000000
14.161950,0.000000,0.000000,0.000000,0.000000,0.000000,0.000000
14.171950,0.000000,0.000000,0.000000,0.000000,0.000000,0.000000
14.181950,0.000000,0.000000,0.000000,0.000000,0.000000,0.000000
14.191950,0.000000,0.000000,0.000000,0.000000,0.000000,0.000000
14.201950,0.000000,0.000000,0.000000,0.000000,0.000000,0.000000
14.211950,0.000000,0.000000,0.000000,0.000000,0.000000,0.000000
14.221950,0.000000,0.000000,0.000000,0.000000,0.000000,0.000000
14.231950,0.000000,0.000000,0.000000,0.000000,0.000000,0.000000
14.241950,0.000000,0.000000,0.000000,0.000000,0.000000,0.000000
14.251950,0.000000,0.000000,0.000000,0.000000,0.000000,0.000000
14.261950,0.000000,0.000000,0.000000,0.000000,0.000000,0.000000
14.271950,0.000000,0.000000,0.000000,0.000000,0.000000,0.000000
14.281950,0.000000,0.000000,0.000000,0.000000,0.000000,0.000000
14.291950,0.000000,0.000000,0.000000,0.000000,0.000000,0.000000
14.301950,0.000000,0.000000,0.000000,0.000000,0.000000,0.000000
14.311950,0.000000,0.000000,0.000000,0.000000,0.000000,0.000000
14.321950,0.000000,0.000000,0.000000,0.000000,0.000000,0.000000
14.331950,0.000000,0.000000,0.000000,0.000000,0.000000,0.000000
14.341950,0.000000,0.000000,0.000000,0.000000,0.000000,0.000000
14.351950,0.000000,0.000000,0.000000,0.000000,0.000000,0.000000
14.361950,0.000000,0.000000,0.000000,0.000000,0.000000,0.000000
14.371950,0.000000,0.000000,0.000000,0.000000,0.000000,0.000000
14.381950,0.000000,0.000000,0.000000,0.000000,0.000000,0.000000
14.391950,0.000000,0.000000,0.000000,0.000000,0.000000,0.000000
14.401950,0.000000,0.000000,0.000000,0.000000,0.000000,0.000000
14.411950,0.000000,0.000000,0.000000,0.000000,0.000000,0.000000
14.421950,0.000000,0.000000,0.000000,0.000000,0.000000,0.000000
14.431950,0.000000,0.000000,0.000000,0.000000,0.000000,0.000000
14.441950,0.000000,0.000000,0.000000,0.000000,0.000000,0.000000
14.451950,0.000000,0.000000,0.000000,0.000000,0.000000,0.000000
14.461950,0.000000,0.000000,0.000000,0.000000,0.000000,0.000000
14.471950,0.000000,0.000000,0.000000,0.000000,0.000000,0.000000
14.481950,0.000000,0.000000,0.000000,0.000000,0.000000,0.000000
14.491950,0.000000,0.000000,0.000000,0.000000,0.000000,0.000000
14.501950,0.000000,0.000000,0.000000,0.000000,0.000000,0.000000
14.511950,0.000000,0.000000,0.000000,0.000000,0.000000,0.000000
14.521950,0.000000,0.000000,0.000000,0.000000,0.000000,0.000000
14.531950,0.000000,0.000000,0.000000,0.000000,0.000000,0.000000
14.541950,0.000000,0.000000,0.000000,0.000000,0.000000,0.000000
14.551950,0.000000,0.000000,0.000000,0.000000,0.000000,0.000000
14.561950,0.000000,0.000000,0.000000,0.000000,0.000000,0.000000
14.571950,0.000000,0.000000,0.000000,0.000000,0.000000,0.000000
14.581950,0.000000,0.000000,0.000000,0.000000,0.000000,0.000000
14.591950,0.000000,0.000000,0.000000,0.000000,0.000000,0.000000
14.601950,0.000000,0.000000,0.000000,0.000000,0.000000,0.000000
14.611950,0.000000,0.000000,0.000000,0.000000,0.000000,0.000000
14.621950,0.000000,0.000000,0.000000,0.000000,0.000000,0.000000
14.631950,0.000000,0.000000,0.000000,0.000000,0.000000,0.000000
14.641950,0.000000,0.000000,0.000000,0.000000,0.000000,0.000000
14.651950,0.000000,0.000000,0.000000,0.000000,0.000000,0.000000
14.661950,0.000000,0.000000,0.000000,0.000000,0.000000,0.000000
14.671950,0.000000,0.000000,0.000000,0.000000,0.000000,0.000000
14.681950,0.000000,0.000000,0.000000,0.000000,0.000000,0.000000
14.691950,0.000000,0.000000,0.000000,0.000000,0.000000,0.000000
14.701950,0.000000,0.000000,0.000000,0.000000,0.000000,0.000000
14.711950,0.000000,0.000000,0.000000,0.000000,0.000000,0.000000
14.721950,0.000000,0.000000,0.000000,0.000000,0.000000,0.000000
14.731950,0.000000,0.000000,0.000000,0.000000,0.000000,0.000000
14.741950,0.000000,0.000000,0.000000,0.000000,0.000000,0.000000
14.751950,0.000000,0.000000,0.000000,0.000000,0.000000,0.000000
14.761950,0.000000,0.000000,0.000000,0.000000,0.000000,0.000000
14.771950,0.000000,0.000000,0.000000,0.000000,0.000000,0.000000
14.781950,0.000000,0.000000,0.000000,0.000000,0.000000,0.000000
14.791950,0.000000,0.000000,0.000000,0.000000,0.000000,0.000000
14.801950,0.000000,0.000000,0.000000,0.000000,0.000000,0.000000
14.811950,0.000000,0.000000,0.000000,0.000000,0.000000,0.000000
14.821950,0.000000,0.000000,0.000000,0.000000,0.000000,0.000000
14.831950,0.000000,0.000000,0.000000,0.000000,0.000000,0.000000
14.841950,0.000000,0.000000,0.000000,0.000000,0.000000,0.000000
14.851950,0.000000,0.000000,0.000000,0.000000,0.000000,0.000000
14.861950,0.000000,0.000000,0.000000,0.000000,0.000000,0.000000
14.871950,0.000000,0.000000,0.000000,0.000000,0.000000,0.000000
14.881950,0.000000,0.000000,0.000000,0.000000,0.000000,0.000000
14.891950,0.000000,0.000000,0.000000,0.000000,0.000000,0.000000
14.901950,0.000000,0.000000,0.000000,0.000000,0.000000,0.000000
14.911950,0.000000,0.000000,0.000000,0.000000,0.000000,0.000000
14.921950,0.000000,0.000000,0.000000,0.000000,0.000000,0.000000
14.931950,0.000000,0.000000,0.000000,0.000000,0.000000,0.000000
14.941950,0.000000,0.000000,0.000000,0.000000,0.000000,0.000000
14.951950,0.000000,0.000000,0.000000,0.000000,0.000000,0.000000
14.961950,0.000000,0.000000,0.000000,0.000000,0.000000,0.000000
14.971950,0.000000,0.000000,0.000000,0.000000,0.000000,0.000000
14.981950,0.000000,0.000000,0.000000,0.000000,0.000000,0.000000
14.991950,0.000000,0.000000,0.000000,0.000000,0.000000,0.000000
15.001950,0.000000,0.000000,0.000000,0.000000,0.000000,0.000000
15.011950,0.000000,0.000000,0.000000,0.000000,0.000000,0.000000
15.021950,0.000000,0.000000,0.000000,0.000000,0.000000,0.000000
15.031950,0.000000,0.000000,0.000000,0.000000,0.000000,0.000000
15.041950,0.000000,0.000000,0.000000,0.000000,0.000000,0.000000
15.051950,0.000000,0.000000,0.000000,0.000000,0.000000,0.000000
15.061950,0.000000,0.000000,0.000000,0.000000,0.000000,0.000000
15.071950,0.000000,0.000000,0.000000,0.000000,0.000000,0.000000
15.081950,0.000000,0.000000,0.000000,0.000000,0.000000,0.000000
15.091950,0.000000,0.000000,0.000000,0.000000,0.000000,0.000000
15.101950,0.000000,0.000000,0.000000,0.000000,0.000000,0.000000
15.111950,-0.005000,0.000000,0.000000,0.000000,0.000000,0.000000
15.121950,-0.005000,0.000000,0.000000,0.000000,0.000000,0.000000
15.131950,-0.005000,0.000000,0.000000,0.000000,0.000000,0.000000
15.141950,-0.005000,0.000000,0.000000,0.000000,0.000000,0.000000
15.151950,-0.005000,0.000000,0.000000,0.000000,0.000000,0.000000
15.161950,-0.005000,0.000000,0.000000,0.000000,0.000000,0.000000
15.171950,-0.005000,0.000000,0.000000,0.000000,0.000000,0.000000
15.181950,-0.005000,0.000000,0.000000,0.000000,0.000000,0.000000
15.191950,-0.005000,0.000000,0.000000,0.000000,0.000000,0.000000
15.201950,-0.005000,0.000000,0.000000,0.000000,0.000000,0.000000
15.211950,-0.010000,0.000000,0.000000,0.000000,0.000000,0.000000
15.221950,-0.010000,0.000000,0.000000,0.000000,0.000000,0.000000
15.231950,-0.010000,0.000000,0.000000,0.000000,0.000000,0.000000
15.241950,-0.010000,0.000000,0.000000,0.000000,0.000000,0.000000
15.251950,-0.010000,0.000000,0.000000,0.000000,0.000000,0.000000
15.261950,-0.010000,0.000000,0.000000,0.000000,0.000000,0.000000
15.271950,-0.010000,0.000000,0.000000,0.000000,0.000000,0.000000
15.281950,-0.010000,0.000000,0.000000,0.000000,0.000000,0.000000
15.291950,-0.010000,0.000000,0.000000,0.000000,0.000000,0.000000
15.301950,-0.010000,0.000000,0.000000,0.000000,0.000000,0.000000
15.311950,-0.015000,0.000000,0.000000,0.000000,0.000000,0.000000
15.321950,-0.015000,0.000000,0.000000,0.000000,0.000000,0.000000
15.331950,-0.015000,0.000000,0.000000,0.000000,0.000000,0.000000
15.341950,-0.015000,0.000000,0.000000,0.000000,0.000000,0.000000
15.351950,-0.015000,0.000000,0.000000,0.000000,0.000000,0.000000
15.361950,-0.015000,0.000000,0.000000,0.000000,0.000000,0.000000
15.371950,-0.015000,0.000000,0.000000,0.000000,0.000000,0.000000
15.381950,-0.015000,0.000000,0.000000,0.000000,0.000000,0.000000
15.391950,-0.015000,0.000000,0.000000,0.000000,0.000000,0.000000
15.401950,-0.015000,0.000000,0.000000,0.000000,0.000000,0.000000
15.411950,-0.015000,0.000000,0.000000,0.000000,0.000000,0.000000
15.421950,-0.020000,0.000000,0.000000,0.000000,0.000000,0.000000
15.431950,-0.020000,0.000000,0.000000,0.000000,0.000000,0.000000
15.441950,-0.020000,0.000000,0.000000,0.000000,0.000000,0.000000
15.451950,-0.020000,0.000000,0.000000,0.000000,0.000000,0.000000
15.461950,-0.020000,0.000000,0.000000,0.000000,0.000000,0.000000
15.471950,-0.020000,0.000000,0.000000,0.000000,0.000000,0.000000
15.481950,-0.020000,0.000000,0.000000,0.000000,0.000000,0.000000
15.491950,-0.020000,0.000000,0.000000,0.000000,0.000000,0.000000
15.501950,-0.020000,0.000000,0.000000,0.000000,0.000000,0.000000
15.511950,-0.020000,0.000000,0.000000,0.000000,0.000000,0.000000
15.521950,-0.025000,0.000000,0.000000,0.000000,0.000000,0.000000
15.531950,-0.025000,0.000000,0.000000,0.000000,0.000000,0.000000
15.541950,-0.025000,0.000000,0.000000,0.000000,0.000000,0.000000
15.551950,-0.025000,0.000000,0.000000,0.000000,0.000000,0.000000
15.561950,-0.025000,0.000000,0.000000,0.000000,0.000000,0.000000
15.571950,-0.025000,0.000000,0.000000,0.000000,0.000000,0.000000
15.581950,-0.025000,0.000000,0.000000,0.000000,0.000000,0.000000
15.591950,-0.025000,0.000000,0.000000,0.000000,0.000000,0.000000
15.601950,-0.025000,0.000000,0.000000,0.000000,0.000000,0.000000
15.611950,-0.025000,0.000000,0.000000,0.000000,0.000000,0.000000
15.621950,-0.030000,0.000000,0.000000,0.000000,0.000000,0.000000
15.631950,-0.030000,0.000000,0.000000,0.000000,0.000000,0.000000
15.641950,-0.030000,0.000000,0.000000,0.000000,0.000000,0.000000
15.651950,-0.030000,0.000000,0.000000,0.000000,0.000000,0.000000
15.661950,-0.030000,0.000000,0.000000,0.000000,0.000000,0.000000
15.671950,-0.030000,0.000000,0.000000,0.000000,0.000000,0.000000
15.681950,-0.030000,0.000000,0.000000,0.000000,0.000000,0.000000
15.691950,-0.030000,0.000000,0.000000,0.000000,0.000000,0.000000
15.701950,-0.030000,0.000000,0.000000,0.000000,0.000000,0.000000
15.711950,-0.035000,0.000000,0.000000,0.000000,0.000000,0.000000
15.721950,-0.035000,0.000000,0.000000,0.000000,0.000000,0.000000
15.731950,-0.035000,0.000000,0.000000,0.000000,0.000000,0.000000
15.741950,-0.035000,0.000000,0.000000,0.000000,0.000000,0.000000
15.751950,-0.035000,0.000000,0.000000,0.000000,0.000000,0.000000
15.761950,-0.035000,0.000000,0.000000,0.000000,0.000000,0.000000
15.771950,-0.035000,0.000000,0.000000,0.000000,0.000000,0.000000
15.781950,-0.035000,0.000000,0.000000,0.000000,0.000000,0.000000
15.791950,-0.035000,0.000000,0.000000,0.000000,0.000000,0.000000
15.801950,-0.035000,0.000000,0.000000,0.000000,0.000000,0.000000
15.811950,-0.035000,0.000000,0.000000,0.000000,0.000000,0.000000
15.821950,-0.040000,0.000000,0.000000,0.000000,0.000000,0.000000
15.831950,-0.040000,0.000000,0.000000,0.000000,0.000000,0.000000
15.841950,-0.040000,0.000000,0.000000,0.000000,0.000000,0.000000
15.851950,-0.040000,0.000000,0.000000,0.000000,0.000000,0.000000
15.861950,-0.040000,0.000000,0.000000,0.000000,0.000000,0.000000
15.871950,-0.040000,0.000000,0.000000,0.000000,0.000000,0.000000
15.881950,-0.040000,0.000000,0.000000,0.000000,0.000000,0.000000
15.891950,-0.040000,0.000000,0.000000,0.000000,0.000000,0.000000
15.901950,-0.040000,0.000000,0.000000,0.000000,0.000000,0.000000
15.911950,-0.045000,0.000000,0.000000,0.000000,0.000000,0.000000
15.921950,-0.045000,0.000000,0.000000,0.000000,0.000000,0.000000
15.931950,-0.045000,0.000000,0.000000,0.000000,0.000000,0.000000
15.941950,-0.045000,0.000000,0.000000,0.000000,0.000000,0.000000
15.951950,-0.045000,0.000000,0.000000,0.000000,0.000000,0.000000
15.961950,-0.045000,0.000000,0.000000,0.000000,0.000000,0.000000
15.971950,-0.045000,0.000000,0.000000,0.000000,0.000000,0.000000
15.981950,-0.045000,0.000000,0.000000,0.000000,0.000000,0.000000
15.991950,-0.045000,0.000000,0.000000,0.000000,0.000000,0.000000
16.001950,-0.045000,0.000000,0.000000,0.000000,0.000000,0.000000
16.011950,-0.045000,0.000000,0.000000,0.000000,0.000000,0.000000
16.021950,-0.050000,0.000000,0.000000,0.000000,0.000000,0.000000
16.031950,-0.050000,0.000000,0.000000,0.000000,0.000000,0.000000
16.041950,-0.050000,0.000000,0.000000,0.000000,0.000000,0.000000
16.051950,-0.050000,0.000000,0.000000,0.000000,0.000000,0.000000
16.061950,-0.050000,0.000000,0.000000,0.000000,0.000000,0.000000
16.071950,-0.050000,0.000000,0.000000,0.000000,0.000000,0.000000
16.081950,-0.050000,0.000000,0.000000,0.000000,0.000000,0.000000
16.091950,-0.050000,0.000000,0.000000,0.000000,0.000000,0.000000
16.101950,-0.050000,0.000000,0.000000,0.000000,0.000000,0.000000
16.111950,-0.050000,0.000000,0.000000,0.000000,0.000000,0.000000
16.121950,-0.055000,0.000000,0.000000,0.000000,0.000000,0.000000
16.131950,-0.055000,0.000000,0.000000,0.000000,0.000000,0.000000
16.141950,-0.055000,0.000000,0.000000,0.000000,0.000000,0.000000
16.151950,-0.055000,0.000000,0.000000,0.000000,0.000000,0.000000
16.161950,-0.055000,0.000000,0.000000,0.000000,0.000000,0.000000
16.171950,-0.055000,0.000000,0.000000,0.000000,0.000000,0.000000
16.181950,-0.055000,0.000000,0.000000,0.000000,0.000000,0.000000
16.191950,-0.055000,0.000000,0.000000,0.000000,0.000000,0.000000
16.201950,-0.055000,0.000000,0.000000,0.000000,0.000000,0.000000
16.211950,-0.060000,0.000000,0.000000,0.000000,0.000000,0.000000
16.221950,-0.060000,0.000000,0.000000,0.000000,0.000000,0.000000
16.231950,-0.060000,0.000000,0.000000,0.000000,0.000000,0.000000
16.241950,-0.060000,0.000000,0.000000,0.000000,0.000000,0.000000
16.251950,-0.060000,0.000000,0.000000,0.000000,0.000000,0.000000
16.261950,-0.060000,0.000000,0.000000,0.000000,0.000000,0.000000
16.271950,-0.060000,0.000000,0.000000,0.000000,0.000000,0.000000
16.281950,-0.060000,0.000000,0.000000,0.000000,0.000000,0.000000
16.291950,-0.060000,0.000000,0.000000,0.000000,0.000000,0.000000
16.301950,-0.060000,0.000000,0.000000,0.000000,0.000000,0.000000
16.311950,-0.060000,0.000000,0.000000,0.000000,0.000000,0.000000
16.321950,-0.065000,0.000000,0.000000,0.000000,0.000000,0.000000
16.331950,-0.065000,0.000000,0.000000,0.000000,0.000000,0.000000
16.341950,-0.065000,0.000000,0.000000,0.000000,0.000000,0.000000
16.351950,-0.065000,0.000000,0.000000,0.000000,0.000000,0.000000
16.361950,-0.065000,0.000000,0.000000,0.000000,0.000000,0.000000
16.371950,-0.065000,0.000000,0.000000,0.000000,0.000000,0.000000
16.381950,-0.065000,0.000000,0.000000,0.000000,0.000000,0.000000
16.391950,-0.065000,0.000000,0.000000,0.000000,0.000000,0.000000
16.401950,-0.065000,0.000000,0.000000,0.000000,0.000000,0.000000
16.411950,-0.065000,0.000000,0.000000,0.000000,0.000000,0.000000
16.421950,-0.070000,0.000000,0.000000,0.000000,0.000000,0.000000
16.431950,-0.070000,0.000000,0.000000,0.000000,0.000000,0.000000
16.441950,-0.070000,0.000000,0.000000,0.000000,0.000000,0.000000
16.451950,-0.070000,0.000000,0.000000,0.000000,0.000000,0.000000
16.461950,-0.070000,0.000000,0.000000,0.000000,0.000000,0.000000
16.471950,-0.070000,0.000000,0.000000,0.000000,0.000000,0.000000
16.481950,-0.070000,0.000000,0.000000,0.000000,0.000000,0.000000
16.491950,-0.070000,0.000000,0.000000,0.000000,0.000000,0.000000
16.501950,-0.070000,0.000000,0.000000,0.000000,0.000000,0.000000
16.511950,-0.070000,0.000000,0.000000,0.000000,0.000000,0.000000
16.521950,-0.075000,0.000000,0.000000,0.000000,0.000000,0.000000
16.531950,-0.075000,0.000000,0.000000,0.000000,0.000000,0.000000
16.541950,-0.075000,0.000000,0.000000,0.000000,0.000000,0.000000
16.551950,-0.075000,0.000000,0.000000,0.000000,0.000000,0.000000
16.561950,-0.075000,0.000000,0.000000,0.000000,0.000000,0.000000
16.571950,-0.075000,0.000000,0.000000,0.000000,0.000000,0.000000
16.581950,-0.075000,0.000000,0.000000,0.000000,0.000000,0.000000
16.591950,-0.075000,0.000000,0.000000,0.000000,0.000000,0.000000
16.601950,-0.075000,0.000000,0.000000,0.000000,0.000000,0.000000
16.611950,-0.080000,0.000000,0.000000,0.000000,0.000000,0.000000
16.621950,-0.080000,0.000000,0.000000,0.000000,0.000000,0.000000
16.631950,-0.080000,0.000000,0.000000,0.000000,0.000000,0.000000
16.641950,-0.080000,0.000000,0.000000,0.000000,0.000000,0.000000
16.651950,-0.080000,0.000000,0.000000,0.000000,0.000000,0.000000
16.661950,-0.080000,0.000000,0.000000,0.000000,0.000000,0.000000
16.671950,-0.080000,0.000000,0.000000,0.000000,0.000000,0.000000
16.681950,-0.080000,0.000000,0.000000,0.000000,0.000000,0.000000
16.691950,-0.080000,0.000000,0.000000,0.000000,0.000000,0.000000
16.701950,-0.080000,0.000000,0.000000,0.000000,0.000000,0.000000
16.711950,-0.085000,0.000000,0.000000,0.000000,0.000000,0.000000
16.721950,-0.085000,0.000000,0.000000,0.000000,0.000000,0.000000
16.731950,-0.085000,0.000000,0.000000,0.000000,0.000000,0.000000
16.741950,-0.085000,0.000000,0.000000,0.000000,0.000000,0.000000
16.751950,-0.085000,0.000000,0.000000,0.000000,0.000000,0.000000
16.761950,-0.085000,0.000000,0.000000,0.000000,0.000000,0.000000
16.771950,-0.085000,0.000000,0.000000,0.000000,0.000000,0.000000
16.781950,-0.085000,0.000000,0.000000,0.000000,0.000000,0.000000
16.791950,-0.085000,0.000000,0.000000,0.000000,0.000000,0.000000
16.801950,-0.085000,0.000000,0.000000,0.000000,0.000000,0.000000
16.811950,-0.085000,0.000000,0.000000,0.000000,0.000000,0.000000
16.821950,-0.090000,0.000000,0.000000,0.000000,0.000000,0.000000
16.831950,-0.090000,0.000000,0.000000,0.000000,0.000000,0.000000
16.841950,-0.090000,0.000000,0.000000,0.000000,0.000000,0.000000
16.851950,-0.090000,0.000000,0.000000,0.000000,0.000000,0.000000
16.861950,-0.090000,0.000000,0.000000,0.000000,0.000000,0.000000
16.871950,-0.090000,0.000000,0.000000,0.000000,0.000000,0.000000
16.881950,-0.090000,0.000000,0.000000,0.000000,0.000000,0.000000
16.891950,-0.090000,0.000000,0.000000,0.000000,0.000000,0.000000
16.901950,-0.090000,0.000000,0.000000,0.000000,0.000000,0.000000
16.911950,-0.090000,0.000000,0.000000,0.000000,0.000000,0.000000
16.921950,-0.095000,0.000000,0.000000,0.000000,0.000000,0.000000
16.931950,-0.095000,0.000000,0.000000,0.000000,0.000000,0.000000
16.941950,-0.095000,0.000000,0.000000,0.000000,0.000000,0.000000
16.951950,-0.095000,0.000000,0.000000,0.000000,0.000000,0.000000
16.961950,-0.095000,0.000000,0.000000,0.000000,0.000000,0.000000
16.971950,-0.095000,0.000000,0.000000,0.000000,0.000000,0.000000
16.981950,-0.095000,0.000000,0.000000,0.000000,0.000000,0.000000
16.991950,-0.095000,0.000000,0.000000,0.000000,0.000000,0.000000
17.001950,-0.095000,0.000000,0.000000,0.000000,0.000000,0.000000
17.011950,-0.095000,0.000000,0.000000,0.000000,0.000000,0.000000
17.021950,-0.100000,0.000000,0.000000,0.000000,0.000000,0.000000
17.031950,-0.100000,0.000000,0.000000,0.000000,0.000000,0.000000
17.041950,-0.100000,0.000000,0.000000,0.000000,0.000000,0.000000
17.051950,-0.100000,0.000000,0.000000,0.000000,0.000000,0.000000
17.061950,-0.100000,0.000000,0.000000,0.000000,0.000000,0.000000
17.071950,-0.100000,0.000000,0.000000,0.000000,0.000000,0.000000
17.081950,-0.100000,0.000000,0.000000,0.000000,0.000000,0.000000
17.091950,-0.100000,0.000000,0.000000,0.000000,0.000000,0.000000
17.101950,-0.100000,0.000000,0.000000,0.000000,0.000000,0.000000
17.111950,-0.095000,0.000000,0.000000,0.000000,0.000000,0.000000
17.121950,-0.095000,0.000000,0.000000,0.000000,0.000000,0.000000
17.131950,-0.095000,0.000000,0.000000,0.000000,0.000000,0.000000
17.141950,-0.095000,0.000000,0.000000,0.000000,0.000000,0.000000
17.151950,-0.095000,0.000000,0.000000,0.000000,0.000000,0.000000
17.161950,-0.095000,0.000000,0.000000,0.000000,0.000000,0.000000
17.171950,-0.095000,0.000000,0.000000,0.000000,0.000000,0.000000
17.181950,-0.095000,0.000000,0.000000,0.000000,0.000000,0.000000
17.191950,-0.095000,0.000000,0.000000,0.000000,0.000000,0.000000
17.201950,-0.095000,0.000000,0.000000,0.000000,0.000000,0.000000
17.211950,-0.095000,0.000000,0.000000,0.000000,0.000000,0.000000
17.221950,-0.090000,0.000000,0.000000,0.000000,0.000000,0.000000
17.231950,-0.090000,0.000000,0.000000,0.000000,0.000000,0.000000
17.241950,-0.090000,0.000000,0.000000,0.000000,0.000000,0.000000
17.251950,-0.090000,0.000000,0.000000,0.000000,0.000000,0.000000
17.261950,-0.090000,0.000000,0.000000,0.000000,0.000000,0.000000
17.271950,-0.090000,0.000000,0.000000,0.000000,0.000000,0.000000
17.281950,-0.090000,0.000000,0.000000,0.000000,0.000000,0.000000
17.291950,-0.090000,0.000000,0.000000,0.000000,0.000000,0.000000
17.301950,-0.090000,0.000000,0.000000,0.000000,0.000000,0.000000
17.311950,-0.085000,0.000000,0.000000,0.000000,0.000000,0.000000
17.321950,-0.085000,0.000000,0.000000,0.000000,0.000000,0.000000
17.331950,-0.085000,0.000000,0.000000,0.000000,0.000000,0.000000
17.341950,-0.085000,0.000000,0.000000,0.000000,0.000000,0.000000
17.351950,-0.085000,0.000000,0.000000,0.000000,0.000000,0.000000
17.361950,-0.085000,0.000000,0.000000,0.000000,0.000000,0.000000
17.371950,-0.085000,0.000000,0.000000,0.000000,0.000000,0.000000
17.381950,-0.085000,0.000000,0.000000,0.000000,0.000000,0.000000
17.391950,-0.085000,0.000000,0.000000,0.000000,0.000000,0.000000
17.401950,-0.085000,0.000000,0.000000,0.000000,0.000000,0.000000
17.411950,-0.085000,0.000000,0.000000,0.000000,0.000000,0.000000
17.421950,-0.080000,0.000000,0.000000,0.000000,0.000000,0.000000
17.431950,-0.080000,0.000000,0.000000,0.000000,0.000000,0.000000
17.441950,-0.080000,0.000000,0.000000,0.000000,0.000000,0.000000
17.451950,-0.080000,0.000000,0.000000,0.000000,0.000000,0.000000
17.461950,-0.080000,0.000000,0.000000,0.000000,0.000000,0.000000
17.471950,-0.080000,0.000000,0.000000,0.000000,0.000000,0.000000
17.481950,-0.080000,0.000000,0.000000,0.000000,0.000000,0.000000
17.491950,-0.080000,0.000000,0.000000,0.000000,0.000000,0.000000
17.501950,-0.080000,0.000000,0.000000,0.000000,0.000000,0.000000
17.511950,-0.080000,0.000000,0.000000,0.000000,0.000000,0.000000
17.521950,-0.075000,0.000000,0.000000,0.000000,0.000000,0.000000
17.531950,-0.075000,0.000000,0.000000,0.000000,0.000000,0.000000
17.541950,-0.075000,0.000000,0.000000,0.000000,0.000000,0.000000
17.551950,-0.075000,0.000000,0.000000,0.000000,0.000000,0.000000
17.561950,-0.075000,0.000000,0.000000,0.000000,0.000000,0.000000
17.571950,-0.075000,0.000000,0.000000,0.000000,0.000000,0.000000
17.581950,-0.075000,0.000000,0.000000,0.000000,0.000000,0.000000
17.591950,-0.075000,0.000000,0.000000,0.000000,0.000000,0.000000
17.601950,-0.075000,0.000000,0.000000,0.000000,0.000000,0.000000
17.611950,-0.070000,0.000000,0.000000,0.000000,0.000000,0.000000
17.621950,-0.070000,0.000000,0.000000,0.000000,0.000000,0.000000
17.631950,-0.070000,0.000000,0.000000,0.000000,0.000000,0.000000
17.641950,-0.070000,0.000000,0.000000,0.000000,0.000000,0.000000
17.651950,-0.070000,0.000000,0.000000,0.000000,0.000000,0.000000
17.661950,-0.070000,0.000000,0.000000,0.000000,0.000000,0.000000
17.671950,-0.070000,0.000000,0.000000,0.000000,0.000000,0.000000
17.681950,-0.070000,0.000000,0.000000,0.000000,0.000000,0.000000
17.691950,-0.070000,0.000000,0.000000,0.000000,0.000000,0.000000
17.701950,-0.070000,0.000000,0.000000,0.000000,0.000000,0.000000
17.711950,-0.065000,0.000000,0.000000,0.000000,0.000000,0.000000
17.721950,-0.065000,0.000000,0.000000,0.000000,0.000000,0.000000
17.731950,-0.065000,0.000000,0.000000,0.000000,0.000000,0.000000
17.741950,-0.065000,0.000000,0.000000,0.000000,0.000000,0.000000
17.751950,-0.065000,0.000000,0.000000,0.000000,0.000000,0.000000
17.761950,-0.065000,0.000000,0.000000,0.000000,0.000000,0.000000
17.771950,-0.065000,0.000000,0.000000,0.000000,0.000000,0.000000
17.781950,-0.065000,0.000000,0.000000,0.000000,0.000000,0.000000
17.791950,-0.065000,0.000000,0.000000,0.000000,0.000000,0.000000
17.801950,-0.065000,0.000000,0.000000,0.000000,0.000000,0.000000
17.811950,-0.065000,0.000000,0.000000,0.000000,0.000000,0.000000
17.821950,-0.060000,0.000000,0.000000,0.000000,0.000000,0.000000
17.831950,-0.060000,0.000000,0.000000,0.000000,0.000000,0.000000
17.841950,-0.060000,0.000000,0.000000,0.000000,0.000000,0.000000
17.851950,-0.060000,0.000000,0.000000,0.000000,0.000000,0.000000
17.861950,-0.060000,0.000000,0.000000,0.000000,0.000000,0.000000
17.871950,-0.060000,0.000000,0.000000,0.000000,0.000000,0.000000
17.881950,-0.060000,0.000000,0.000000,0.000000,0.000000,0.000000
17.891950,-0.060000,0.000000,0.000000,0.000000,0.000000,0.000000
17.901950,-0.060000,0.000000,0.000000,0.000000,0.000000,0.000000
17.911950,-0.055000,0.000000,0.000000,0.000000,0.000000,0.000000
17.921950,-0.055000,0.000000,0.000000,0.000000,0.000000,0.000000
17.931950,-0.055000,0.000000,0.000000,0.000000,0.000000,0.000000
17.941950,-0.055000,0.000000,0.000000,0.000000,0.000000,0.000000
17.951950,-0.055000,0.000000,0.000000,0.000000,0.000000,0.000000
17.961950,-0.055000,0.000000,0.000000,0.000000,0.000000,0.000000
17.971950,-0.055000,0.000000,0.000000,0.000000,0.000000,0.000000
17.981950,-0.055000,0.000000,0.000000,0.000000,0.000000,0.000000
17.991950,-0.055000,0.000000,0.000000,0.000000,0.000000,0.000000
18.001950,-0.055000,0.000000,0.000000,0.000000,0.000000,0.000000
18.011950,-0.050000,0.000000,0.000000,0.000000,0.000000,0.000000
18.021950,-0.050000,0.000000,0.000000,0.000000,0.000000,0.000000
18.031950,-0.050000,0.000000,0.000000,0.000000,0.000000,0.000000
18.041950,-0.050000,0.000000,0.000000,0.000000,0.000000,0.000000
18.051950,-0.050000,0.000000,0.000000,0.000000,0.000000,0.000000
18.061950,-0.050000,0.000000,0.000000,0.000000,0.000000,0.000000
18.071950,-0.050000,0.000000,0.000000,0.000000,0.000000,0.000000
18.081950,-0.050000,0.000000,0.000000,0.000000,0.000000,0.000000
18.091950,-0.050000,0.000000,0.000000,0.000000,0.000000,0.000000
18.101950,-0.050000,0.000000,0.000000,0.000000,0.000000,0.000000
18.111950,-0.045000,0.000000,0.000000,0.000000,0.000000,0.000000
18.121950,-0.045000,0.000000,0.000000,0.000000,0.000000,0.000000
18.131950,-0.045000,0.000000,0.000000,0.000000,0.000000,0.000000
18.141950,-0.045000,0.000000,0.000000,0.000000,0.000000,0.000000
18.151950,-0.045000,0.000000,0.000000,0.000000,0.000000,0.000000
18.161950,-0.045000,0.000000,0.000000,0.000000,0.000000,0.000000
18.171950,-0.045000,0.000000,0.000000,0.000000,0.000000,0.000000
18.181950,-0.045000,0.000000,0.000000,0.000000,0.000000,0.000000
18.191950,-0.045000,0.000000,0.000000,0.000000,0.000000,0.000000
18.201950,-0.045000,0.000000,0.000000,0.000000,0.000000,0.000000
18.211950,-0.045000,0.000000,0.000000,0.000000,0.000000,0.000000
18.221950,-0.040000,0.000000,0.000000,0.000000,0.000000,0.000000
18.231950,-0.040000,0.000000,0.000000,0.000000,0.000000,0.000000
18.241950,-0.040000,0.000000,0.000000,0.000000,0.000000,0.000000
18.251950,-0.040000,0.000000,0.000000,0.000000,0.000000,0.000000
18.261950,-0.040000,0.000000,0.000000,0.000000,0.000000,0.000000
18.271950,-0.040000,0.000000,0.000000,0.000000,0.000000,0.000000
18.281950,-0.040000,0.000000,0.000000,0.000000,0.000000,0.000000
18.291950,-0.040000,0.000000,0.000000,0.000000,0.000000,0.000000
18.301950,-0.040000,0.000000,0.000000,0.000000,0.000000,0.000000
18.311950,-0.040000,0.000000,0.000000,0.000000,0.000000,0.000000
18.321950,-0.035000,0.000000,0.000000,0.000000,0.000000,0.000000
18.331950,-0.035000,0.000000,0.000000,0.000000,0.000000,0.000000
18.341950,-0.035000,0.000000,0.000000,0.000000,0.000000,0.000000
18.351950,-0.035000,0.000000,0.000000,0.000000,0.000000,0.000000
18.361950,-0.035000,0.000000,0.000000,0.000000,0.000000,0.000000
18.371950,-0.035000,0.000000,0.000000,0.000000,0.000000,0.000000
18.381950,-0.035000,0.000000,0.000000,0.000000,0.000000,0.000000
18.391950,-0.035000,0.000000,0.000000,0.000000,0.000000,0.000000
18.401950,-0.035000,0.000000,0.000000,0.000000,0.000000,0.000000
18.411950,-0.035000,0.000000,0.000000,0.000000,0.000000,0.000000
18.421950,-0.030000,0.000000,0.000000,0.000000,0.000000,0.000000
18.431950,-0.030000,0.000000,0.000000,0.000000,0.000000,0.000000
18.441950,-0.030000,0.000000,0.000000,0.000000,0.000000,0.000000
18.451950,-0.030000,0.000000,0.000000,0.000000,0.000000,0.000000
18.461950,-0.030000,0.000000,0.000000,0.000000,0.000000,0.000000
18.471950,-0.030000,0.000000,0.000000,0.000000,0.000000,0.000000
18.481950,-0.030000,0.000000,0.000000,0.000000,0.000000,0.000000
18.491950,-0.030000,0.000000,0.000000,0.000000,0.000000,0.000000
18.501950,-0.030000,0.000000,0.000000,0.000000,0.000000,0.000000
18.511950,-0.030000,0.000000,0.000000,0.000000,0.000000,0.000000
18.521950,-0.025000,0.000000,0.000000,0.000000,0.000000,0.000000
18.531950,-0.025000,0.000000,0.000000,0.000000,0.000000,0.000000
18.541950,-0.025000,0.000000,0.000000,0.000000,0.000000,0.000000
18.551950,-0.025000,0.000000,0.000000,0.000000,0.000000,0.000000
18.561950,-0.025000,0.000000,0.000000,0.000000,0.000000,0.000000
18.571950,-0.025000,0.000000,0.000000,0.000000,0.000000,0.000000
18.581950,-0.025000,0.000000,0.000000,0.000000,0.000000,0.000000
18.591950,-0.025000,0.000000,0.000000,0.000000,0.000000,0.000000
18.601950,-0.025000,0.000000,0.000000,0.000000,0.000000,0.000000
18.611950,-0.020000,0.000000,0.000000,0.000000,0.000000,0.000000
18.621950,-0.020000,0.000000,0.000000,0.000000,0.000000,0.000000
18.631950,-0.020000,0.000000,0.000000,0.000000,0.000000,0.000000
18.641950,-0.020000,0.000000,0.000000,0.000000,0.000000,0.000000
18.651950,-0.020000,0.000000,0.000000,0.000000,0.000000,0.000000
18.661950,-0.020000,0.000000,0.000000,0.000000,0.000000,0.000000
18.671950,-0.020000,0.000000,0.000000,0.000000,0.000000,0.000000
18.681950,-0.020000,0.000000,0.000000,0.000000,0.000000,0.000000
18.691950,-0.020000,0.000000,0.000000,0.000000,0.000000,0.000000
18.701950,-0.020000,0.000000,0.000000,0.000000,0.000000,0.000000
18.711950,-0.020000,0.000000,0.000000,0.000000,0.000000,0.000000
18.721950,-0.015000,0.000000,0.000000,0.000000,0.000000,0.000000
18.731950,-0.015000,0.000000,0.000000,0.000000,0.000000,0.000000
18.741950,-0.015000,0.000000,0.000000,0.000000,0.000000,0.000000
18.751950,-0.015000,0.000000,0.000000,0.000000,0.000000,0.000000
18.761950,-0.015000,0.000000,0.000000,0.000000,0.000000,0.000000
18.771950,-0.015000,0.000000,0.000000,0.000000,0.000000,0.000000
18.781950,-0.015000,0.000000,0.000000,0.000000,0.000000,0.000000
18.791950,-0.015000,0.000000,0.000000,0.000000,0.000000,0.000000
18.801950,-0.015000,0.000000,0.000000,0.000000,0.000000,0.000000
18.811950,-0.010000,0.000000,0.000000,0.000000,0.000000,0.000000
18.821950,-0.010000,0.000000,0.000000,0.000000,0.000000,0.000000
18.831950,-0.010000,0.000000,0.000000,0.000000,0.000000,0.000000
18.841950,-0.010000,0.000000,0.000000,0.000000,0.000000,0.000000
18.851950,-0.010000,0.000000,0.000000,0.000000,0.000000,0.000000
18.861950,-0.010000,0.000000,0.000000,0.000000,0.000000,0.000000
18.871950,-0.010000,0.000000,0.000000,0.000000,0.000000,0.000000
18.881950,-0.010000,0.000000,0.000000,0.000000,0.000000,0.000000
18.891950,-0.010000,0.000000,0.000000,0.000000,0.000000,0.000000
18.901950,-0.010000,0.000000,0.000000,0.000000,0.000000,0.000000
18.911950,-0.005000,0.000000,0.000000,0.000000,0.000000,0.000000
18.921950,-0.005000,0.000000,0.000000,0.000000,0.000000,0.000000
18.931950,-0.005000,0.000000,0.000000,0.000000,0.000000,0.000000
18.941950,-0.005000,0.000000,0.000000,0.000000,0.000000,0.000000
18.951950,-0.005000,0.000000,0.000000,0.000000,0.000000,0.000000
18.961950,-0.005000,0.000000,0.000000,0.000000,0.000000,0.000000
18.971950,-0.005000,0.000000,0.000000,0.000000,0.000000,0.000000
18.981950,-0.005000,0.000000,0.000000,0.000000,0.000000,0.000000
18.991950,-0.005000,0.000000,0.000000,0.000000,0.000000,0.000000
19.001950,-0.005000,0.000000,0.000000,0.000000,0.000000,0.000000
19.011950,-0.005000,0.000000,0.000000,0.000000,0.000000,0.000000
19.021950,0.000000,0.000000,0.000000,0.000000,0.000000,0.000000
19.031950,0.000000,0.000000,0.000000,0.000000,0.000000,0.000000
19.041950,0.000000,0.000000,0.000000,0.000000,0.000000,0.000000
19.051950,0.000000,0.000000,0.000000,0.000000,0.000000,0.000000
19.061950,0.000000,0.000000,0.000000,0.000000,0.000000,0.000000
19.071950,0.000000,0.000000,0.000000,0.000000,0.000000,0.000000
19.081950,0.000000,0.000000,0.000000,0.000000,0.000000,0.000000
19.091950,0.000000,0.000000,0.000000,0.000000,0.000000,0.000000
19.101950,0.000000,0.000000,0.000000,0.000000,0.000000,0.000000
19.111950,0.000000,0.000000,0.000000,0.000000,0.000000,0.000000
19.121950,0.000000,0.000000,0.000000,0.000000,0.000000,0.000000
19.131950,0.000000,0.000000,0.000000,0.000000,0.000000,0.000000
19.141950,0.000000,0.000000,0.000000,0.000000,0.000000,0.000000
19.151950,0.000000,0.000000,0.000000,0.000000,0.000000,0.000000
19.161950,0.000000,0.000000,0.000000,0.000000,0.000000,0.000000
19.171950,0.000000,0.000000,0.000000,0.000000,0.000000,0.000000
19.181950,0.000000,0.000000,0.000000,0.000000,0.000000,0.000000
19.191950,0.000000,0.000000,0.000000,0.000000,0.000000,0.000000
19.201950,0.000000,0.000000,0.000000,0.000000,0.000000,0.000000
19.211950,0.000000,0.000000,0.000000,0.000000,0.000000,0.000000
19.221950,0.000000,0.000000,0.000000,0.000000,0.000000,0.000000
19.231950,0.000000,0.000000,0.000000,0.000000,0.000000,0.000000
19.241950,0.000000,0.000000,0.000000,0.000000,0.000000,0.000000
19.251950,0.000000,0.000000,0.000000,0.000000,0.000000,0.000000
19.261950,0.000000,0.000000,0.000000,0.000000,0.000000,0.000000
19.271950,0.000000,0.000000,0.000000,0.000000,0.000000,0.000000
19.281950,0.000000,0.000000,0.000000,0.000000,0.000000,0.000000
19.291950,0.000000,0.000000,0.000000,0.000000,0.000000,0.000000
19.301950,0.000000,0.000000,0.000000,0.000000,0.000000,0.000000
19.311950,0.000000,0.000000,0.000000,0.000000,0.000000,0.000000
19.321950,0.000000,0.000000,0.000000,0.000000,0.000000,0.000000
19.331950,0.000000,0.000000,0.000000,0.000000,0.000000,0.000000
19.341950,0.000000,0.000000,0.000000,0.000000,0.000000,0.000000
19.351950,0.000000,0.000000,0.000000,0.000000,0.000000,0.000000
19.361950,0.000000,0.000000,0.000000,0.000000,0.000000,0.000000
19.371950,0.000000,0.000000,0.000000,0.000000,0.000000,0.000000
19.381950,0.000000,0.000000,0.000000,0.000000,0.000000,0.000000
19.391950,0.000000,0.000000,0.000000,0.000000,0.000000,0.000000
19.401950,0.000000,0.000000,0.000000,0.000000,0.000000,0.000000
19.411950,0.000000,0.000000,0.000000,0.000000,0.000000,0.000000
19.421950,0.000000,0.000000,0.000000,0.000000,0.000000,0.000000
19.431950,0.000000,0.000000,0.000000,0.000000,0.000000,0.000000
19.441950,0.000000,0.000000,0.000000,0.000000,0.000000,0.000000
19.451950,0.000000,0.000000,0.000000,0.000000,0.000000,0.000000
19.461950,0.000000,0.000000,0.000000,0.000000,0.000000,0.000000
19.471950,0.000000,0.000000,0.000000,0.000000,0.000000,0.000000
19.481950,0.000000,0.000000,0.000000,0.000000,0.000000,0.000000
19.491950,0.000000,0.000000,0.000000,0.000000,0.000000,0.000000
19.501950,0.000000,0.000000,0.000000,0.000000,0.000000,0.000000
19.511950,0.000000,0.000000,0.000000,0.000000,0.000000,0.000000
19.521950,0.000000,0.000000,0.000000,0.000000,0.000000,0.000000
19.531950,0.000000,0.000000,0.000000,0.000000,0.000000,0.000000
19.541950,0.000000,0.000000,0.000000,0.000000,0.000000,0.000000
19.551950,0.000000,0.000000,0.000000,0.000000,0.000000,0.000000
19.561950,0.000000,0.000000,0.000000,0.000000,0.000000,0.000000
19.571950,0.000000,0.000000,0.000000,0.000000,0.000000,0.000000
19.581950,0.000000,0.000000,0.000000,0.000000,0.000000,0.000000
19.591950,0.000000,0.000000,0.000000,0.000000,0.000000,0.000000
19.601950,0.000000,0.000000,0.000000,0.000000,0.000000,0.000000
19.611950,0.000000,0.000000,0.000000,0.000000,0.000000,0.000000
19.621950,0.000000,0.000000,0.000000,0.000000,0.000000,0.000000
19.631950,0.000000,0.000000,0.000000,0.000000,0.000000,0.000000
19.641950,0.000000,0.000000,0.000000,0.000000,0.000000,0.000000
19.651950,0.000000,0.000000,0.000000,0.000000,0.000000,0.000000
19.661950,0.000000,0.000000,0.000000,0.000000,0.000000,0.000000
19.671950,0.000000,0.000000,0.000000,0.000000,0.000000,0.000000
19.681950,0.000000,0.000000,0.000000,0.000000,0.000000,0.000000
19.691950,0.000000,0.000000,0.000000,0.000000,0.000000,0.000000
19.701950,0.000000,0.000000,0.000000,0.000000,0.000000,0.000000
19.711950,0.000000,0.000000,0.000000,0.000000,0.000000,0.000000
19.721950,0.000000,0.000000,0.000000,0.000000,0.000000,0.000000
19.731950,0.000000,0.000000,0.000000,0.000000,0.000000,0.000000
19.741950,0.000000,0.000000,0.000000,0.000000,0.000000,0.000000
19.751950,0.000000,0.000000,0.000000,0.000000,0.000000,0.000000
19.761950,0.000000,0.000000,0.000000,0.000000,0.000000,0.000000
19.771950,0.000000,0.000000,0.000000,0.000000,0.000000,0.000000
19.781950,0.000000,0.000000,0.000000,0.000000,0.000000,0.000000
19.791950,0.000000,0.000000,0.000000,0.000000,0.000000,0.000000
19.801950,0.000000,0.000000,0.000000,0.000000,0.000000,0.000000
19.811950,0.000000,0.000000,0.000000,0.000000,0.000000,0.000000
19.821950,0.000000,0.000000,0.000000,0.000000,0.000000,0.000000
19.831950,0.000000,0.000000,0.000000,0.000000,0.000000,0.000000
19.841950,0.000000,0.000000,0.000000,0.000000,0.000000,0.000000
19.851950,0.000000,0.000000,0.000000,0.000000,0.000000,0.000000
19.861950,0.000000,0.000000,0.000000,0.000000,0.000000,0.000000
19.871950,0.000000,0.000000,0.000000,0.000000,0.000000,0.000000
19.881950,0.000000,0.000000,0.000000,0.000000,0.000000,0.000000
19.891950,0.000000,0.000000,0.000000,0.000000,0.000000,0.000000
19.901950,0.000000,0.000000,0.000000,0.000000,0.000000,0.000000
19.911950,0.000000,0.000000,0.000000,0.000000,0.000000,0.000000
19.921950,0.000000,0.000000,0.000000,0.000000,0.000000,0.000000
19.931950,0.000000,0.000000,0.000000,0.000000,0.000000,0.000000
19.941950,0.000000,0.000000,0.000000,0.000000,0.000000,0.000000
19.951950,0.000000,0.000000,0.000000,0.000000,0.000000,0.000000
19.961950,0.000000,0.000000,0.000000,0.000000,0.000000,0.000000
19.971950,0.000000,0.000000,0.000000,0.000000,0.000000,0.000000
19.981950,0.000000,0.000000,0.000000,0.000000,0.000000,0.000000
19.991950,0.000000,0.000000,0.000000,0.000000,0.000000,0.000000
20.001950,0.000000,0.000000,0.000000,0.000000,0.000000,0.000000
20.011950,0.000000,0.000000,0.000000,0.000000,0.000000,0.000000
20.021950,0.000000,0.000000,0.000000,0.000000,0.000000,0.000000
20.031950,0.000000,0.000000,0.000000,0.000000,0.000000,0.000000
20.041950,0.000000,0.000000,0.000000,0.000000,0.000000,0.000000
20.051950,0.000000,0.000000,0.000000,0.000000,0.000000,0.000000
20.061950,0.000000,0.000000,0.000000,0.000000,0.000000,0.000000
20.071950,0.000000,0.000000,0.000000,0.000000,0.000000,0.000000
20.081950,0.000000,0.000000,0.000000,0.000000,0.000000,0.000000
20.091950,0.000000,0.000000,0.000000,0.000000,0.000000,0.000000
20.101950,0.000000,0.000000,0.000000,0.000000,0.000000,0.000000
20.111950,0.000000,0.000000,0.000000,0.000000,0.000000,0.000000
20.121950,0.000000,0.000000,0.000000,0.000000,0.000000,0.000000
20.131950,0.000000,0.000000,0.000000,0.000000,0.000000,0.000000
20.141950,0.000000,0.000000,0.000000,0.000000,0.000000,0.000000
20.151950,0.000000,0.000000,0.000000,0.000000,0.000000,0.000000
20.161950,0.000000,0.000000,0.000000,0.000000,0.000000,0.000000
20.171950,0.000000,0.000000,0.000000,0.000000,0.000000,0.000000
20.181950,0.000000,0.000000,0.000000,0.000000,0.000000,0.000000
20.191950,0.000000,0.000000,0.000000,0.000000,0.000000,0.000000
20.201950,0.000000,0.000000,0.000000,0.000000,0.000000,0.000000
20.211950,0.000000,0.000000,0.000000,0.000000,0.000000,0.000000
20.221950,0.000000,0.000000,0.000000,0.000000,0.000000,0.000000
20.231950,0.000000,0.000000,0.000000,0.000000,0.000000,0.000000
20.241950,0.000000,0.000000,0.000000,0.000000,0.000000,0.000000
20.251950,0.000000,0.000000,0.000000,0.000000,0.000000,0.000000
20.261950,0.000000,0.000000,0.000000,0.000000,0.000000,0.000000
20.271950,0.000000,0.000000,0.000000,0.000000,0.000000,0.000000
20.281950,0.000000,0.000000,0.000000,0.000000,0.000000,0.000000
20.291950,0.000000,0.000000,0.000000,0.000000,0.000000,0.000000
20.301950,0.000000,0.000000,0.000000,0.000000,0.000000,0.000000
20.311950,0.000000,0.000000,0.000000,0.000000,0.000000,0.000000
20.321950,0.000000,0.000000,0.000000,0.000000,0.000000,0.000000
20.331950,0.000000,0.000000,0.000000,0.000000,0.000000,0.000000
20.341950,0.000000,0.000000,0.000000,0.000000,0.000000,0.000000
20.351950,0.000000,0.000000,0.000000,0.000000,0.000000,0.000000
20.361950,0.000000,0.000000,0.000000,0.000000,0.000000,0.000000
20.371950,0.000000,0.000000,0.000000,0.000000,0.000000,0.000000
20.381950,0.000000,0.000000,0.000000,0.000000,0.000000,0.000000
20.391950,0.000000,0.000000,0.000000,0.000000,0.000000,0.000000
20.401950,0.000000,0.000000,0.000000,0.000000,0.000000,0.000000
20.411950,0.000000,0.000000,0.000000,0.000000,0.000000,0.000000
20.421950,0.000000,0.000000,0.000000,0.000000,0.000000,0.000000
20.431950,0.000000,0.000000,0.000000,0.000000,0.000000,0.000000
20.441950,0.000000,0.000000,0.000000,0.000000,0.000000,0.000000
20.451950,0.000000,0.000000,0.000000,0.000000,0.000000,0.000000
20.461950,0.000000,0.000000,0.000000,0.000000,0.000000,0.000000
20.471950,0.000000,0.000000,0.000000,0.000000,0.000000,0.000000
20.481950,0.000000,0.000000,0.000000,0.000000,0.000000,0.000000
20.491950,0.000000,0.000000,0.000000,0.000000,0.000000,0.000000
20.501950,0.000000,0.000000,0.000000,0.000000,0.000000,0.000000
20.511950,0.000000,0.000000,0.000000,0.000000,0.000000,0.000000
20.521950,0.000000,0.000000,0.000000,0.000000,0.000000,0.000000
20.531950,0.000000,0.000000,0.000000,0.000000,0.000000,0.000000
20.541950,0.000000,0.000000,0.000000,0.000000,0.000000,0.000000
20.551950,0.000000,0.000000,0.000000,0.000000,0.000000,0.000000
20.561950,0.000000,0.000000,0.000000,0.000000,0.000000,0.000000
20.571950,0.000000,0.000000,0.000000,0.000000,0.000000,0.000000
20.581950,0.000000,0.000000,0.000000,0.000000,0.000000,0.000000
20.591950,0.000000,0.000000,0.000000,0.000000,0.000000,0.000000
20.601950,0.000000,0.000000,0.000000,0.000000,0.000000,0.000000
20.611950,0.000000,0.000000,0.000000,0.000000,0.000000,0.000000
20.621950,0.000000,0.000000,0.000000,0.000000,0.000000,0.000000
20.631950,0.000000,0.000000,0.000000,0.000000,0.000000,0.000000
20.641950,0.000000,0.000000,0.000000,0.000000,0.000000,0.000000
20.651950,0.000000,0.000000,0.000000,0.000000,0.000000,0.000000
20.661950,0.000000,0.000000,0.000000,0.000000,0.000000,0.000000
20.671950,0.000000,0.000000,0.000000,0.000000,0.000000,0.000000
20.681950,0.000000,0.000000,0.000000,0.000000,0.000000,0.000000
20.691950,0.000000,0.000000,0.000000,0.000000,0.000000,0.000000
20.701950,0.000000,0.000000,0.000000,0.000000,0.000000,0.000000
20.711950,0.000000,0.000000,0.000000,0.000000,0.000000,0.000000
20.721950,0.000000,0.000000,0.000000,0.000000,0.000000,0.000000
20.731950,0.000000,0.000000,0.000000,0.000000,0.000000,0.000000
20.741950,0.000000,0.000000,0.000000,0.000000,0.000000,0.000000
20.751950,0.000000,0.000000,0.000000,0.000000,0.000000,0.000000
20.761950,0.000000,0.000000,0.000000,0.000000,0.000000,0.000000
20.771950,0.000000,0.000000,0.000000,0.000000,0.000000,0.000000
20.781950,0.000000,0.000000,0.000000,0.000000,0.000000,0.000000
20.791950,0.000000,0.000000,0.000000,0.000000,0.000000,0.000000
20.801950,0.000000,0.000000,0.000000,0.000000,0.000000,0.000000
20.811950,0.000000,0.000000,0.000000,0.000000,0.000000,0.000000
20.821950,0.000000,0.000000,0.000000,0.000000,0.000000,0.000000
20.831950,0.000000,0.000000,0.000000,0.000000,0.000000,0.000000
20.841950,0.000000,0.000000,0.000000,0.000000,0.000000,0.000000
20.851950,0.000000,0.000000,0.000000,0.000000,0.000000,0.000000
20.861950,0.000000,0.000000,0.000000,0.000000,0.000000,0.000000
20.871950,0.000000,0.000000,0.000000,0.000000,0.000000,0.000000
20.881950,0.000000,0.000000,0.000000,0.000000,0.000000,0.000000
20.891950,0.000000,0.000000,0.000000,0.000000,0.000000,0.000000
20.901950,0.000000,0.000000,0.000000,0.000000,0.000000,0.000000
20.911950,0.000000,0.000000,0.000000,0.000000,0.000000,0.000000
20.921950,0.000000,0.000000,0.000000,0.000000,0.000000,0.000000
20.931950,0.000000,0.000000,0.000000,0.000000,0.000000,0.000000
20.941950,0.000000,0.000000,0.000000,0.000000,0.000000,0.000000
20.951950,0.000000,0.000000,0.000000,0.000000,0.000000,0.000000
20.961950,0.000000,0.000000,0.000000,0.000000,0.000000,0.000000
20.971950,0.000000,0.000000,0.000000,0.000000,0.000000,0.000000
20.981950,0.000000,0.000000,0.000000,0.000000,0.000000,0.000000
20.991950,0.000000,0.000000,0.000000,0.000000,0.000000,0.000000
21.001950,0.000000,0.000000,0.000000,0.000000,0.000000,0.000000
21.011950,0.000000,0.000000,0.000000,0.000000,0.000000,0.000000
21.021950,0.000000,0.000000,0.000000,0.000000,0.000000,0.000000
21.031950,0.000000,0.000000,0.000000,0.000000,0.000000,0.000000
21.041950,0.000000,0.000000,0.000000,0.000000,0.000000,0.000000
21.051950,0.000000,0.000000,0.000000,0.000000,0.000000,0.000000
21.061950,0.000000,0.000000,0.000000,0.000000,0.000000,0.000000
21.071950,0.000000,0.000000,0.000000,0.000000,0.000000,0.000000
21.081950,0.000000,0.000000,0.000000,0.000000,0.000000,0.000000
21.091950,0.000000,0.000000,0.000000,0.000000,0.000000,0.000000
21.101950,0.000000,0.000000,0.000000,0.000000,0.000000,0.000000
21.111950,0.000000,0.000000,0.000000,0.000000,0.000000,0.000000
21.121950,0.000000,0.000000,0.000000,0.000000,0.000000,0.000000
21.131950,0.000000,0.000000,0.000000,0.000000,0.000000,0.000000
21.141950,0.000000,0.000000,0.000000,0.000000,0.000000,0.000000
21.151950,0.000000,0.000000,0.000000,0.000000,0.000000,0.000000
21.161950,0.000000,0.000000,0.000000,0.000000,0.000000,0.000000
21.171950,0.000000,0.000000,0.000000,0.000000,0.000000,0.000000
21.181950,0.000000,0.000000,0.000000,0.000000,0.000000,0.000000
21.191950,0.000000,0.000000,0.000000,0.000000,0.000000,0.000000
21.201950,0.000000,0.000000,0.000000,0.000000,0.000000,0.000000
21.211950,0.000000,0.000000,0.000000,0.000000,0.000000,0.000000
21.221950,0.000000,0.000000,0.000000,0.000000,0.000000,0.000000
21.231950,0.000000,0.000000,0.000000,0.000000,0.000000,0.000000
21.241950,0.000000,0.000000,0.000000,0.000000,0.000000,0.000000
21.251950,0.000000,0.000000,0.000000,0.000000,0.000000,0.000000
21.261950,0.000000,0.000000,0.000000,0.000000,0.000000,0.000000
21.271950,0.000000,0.000000,0.000000,0.000000,0.000000,0.000000
21.281950,0.000000,0.000000,0.000000,0.000000,0.000000,0.000000
21.291950,0.000000,0.000000,0.000000,0.000000,0.000000,0.000000
21.301950,0.000000,0.000000,0.000000,0.000000,0.000000,0.000000
21.311950,0.000000,0.000000,0.000000,0.000000,0.000000,0.000000
21.321950,0.000000,0.000000,0.000000,0.000000,0.000000,0.000000
21.331950,0.000000,0.000000,0.000000,0.000000,0.000000,0.000000
21.341950,0.000000,0.000000,0.000000,0.000000,0.000000,0.000000
21.351950,0.000000,0.000000,0.000000,0.000000,0.000000,0.000000
21.361950,0.000000,0.000000,0.000000,0.000000,0.000000,0.000000
21.371950,0.000000,0.000000,0.000000,0.000000,0.000000,0.000000
21.381950,0.000000,0.000000,0.000000,0.000000,0.000000,0.000000
21.391950,0.000000,0.000000,0.000000,0.000000,0.000000,0.000000
21.401950,0.000000,0.000000,0.000000,0.000000,0.000000,0.000000
21.411950,0.000000,0.000000,0.000000,0.000000,0.000000,0.000000
21.421950,0.000000,0.000000,0.000000,0.000000,0.000000,0.000000
21.431950,0.000000,0.000000,0.000000,0.000000,0.000000,0.000000
21.441950,0.000000,0.000000,0.000000,0.000000,0.000000,0.000000
21.451950,0.000000,0.000000,0.000000,0.000000,0.000000,0.000000
21.461950,0.000000,0.000000,0.000000,0.000000,0.000000,0.000000
21.471950,0.000000,0.000000,0.000000,0.000000,0.000000,0.000000
21.481950,0.000000,0.000000,0.000000,0.000000,0.000000,0.000000
21.491950,0.000000,0.000000,0.000000,0.000000,0.000000,0.000000
21.501950,0.000000,0.000000,0.000000,0.000000,0.000000,0.000000
21.511950,0.000000,0.000000,0.000000,0.000000,0.000000,0.000000
21.521950,0.000000,0.000000,0.000000,0.000000,0.000000,0.000000
21.531950,0.000000,0.000000,0.000000,0.000000,0.000000,0.000000
21.541950,0.000000,0.000000,0.000000,0.000000,0.000000,0.000000
21.551950,0.000000,0.000000,0.000000,0.000000,0.000000,0.000000
21.561950,0.000000,0.000000,0.000000,0.000000,0.000000,0.000000
21.571950,0.000000,0.000000,0.000000,0.000000,0.000000,0.000000
21.581950,0.000000,0.000000,0.000000,0.000000,0.000000,0.000000
21.591950,0.000000,0.000000,0.000000,0.000000,0.000000,0.000000
21.601950,0.000000,0.000000,0.000000,0.000000,0.000000,0.000000
21.611950,0.000000,0.000000,0.000000,0.000000,0.000000,0.000000
21.621950,0.000000,0.000000,0.000000,0.000000,0.000000,0.000000
21.631950,0.000000,0.000000,0.000000,0.000000,0.000000,0.000000
21.641950,0.000000,0.000000,0.000000,0.000000,0.000000,0.000000
21.651950,0.000000,0.000000,0.000000,0.000000,0.000000,0.000000
21.661950,0.000000,0.000000,0.000000,0.000000,0.000000,0.000000
21.671950,0.000000,0.000000,0.000000,0.000000,0.000000,0.000000
21.681950,0.000000,0.000000,0.000000,0.000000,0.000000,0.000000
21.691950,0.000000,0.000000,0.000000,0.000000,0.000000,0.000000
21.701950,0.000000,0.000000,0.000000,0.000000,0.000000,0.000000
21.711950,0.000000,0.000000,0.000000,0.000000,0.000000,0.000000
21.721950,0.000000,0.000000,0.000000,0.000000,0.000000,0.000000
21.731950,0.000000,0.000000,0.000000,0.000000,0.000000,0.000000
21.741950,0.000000,0.000000,0.000000,0.000000,0.000000,0.000000
21.751950,0.000000,0.000000,0.000000,0.000000,0.000000,0.000000
21.761950,0.000000,0.000000,0.000000,0.000000,0.000000,0.000000
21.771950,0.000000,0.000000,0.000000,0.000000,0.000000,0.000000
21.781950,0.000000,0.000000,0.000000,0.000000,0.000000,0.000000
21.791950,0.000000,0.000000,0.000000,0.000000,0.000000,0.000000
21.801950,0.000000,0.000000,0.000000,0.000000,0.000000,0.000000
21.811950,0.000000,0.000000,0.000000,0.000000,0.000000,0.000000
21.821950,0.000000,0.000000,0.000000,0.000000,0.000000,0.000000
21.831950,0.000000,0.000000,0.000000,0.000000,0.000000,0.000000
21.841950,0.000000,0.000000,0.000000,0.000000,0.000000,0.000000
21.851950,0.000000,0.000000,0.000000,0.000000,0.000000,0.000000
21.861950,0.000000,0.000000,0.000000,0.000000,0.000000,0.000000
21.871950,0.000000,0.000000,0.000000,0.000000,0.000000,0.000000
21.881950,0.000000,0.000000,0.000000,0.000000,0.000000,0.000000
21.891950,0.000000,0.000000,0.000000,0.000000,0.000000,0.000000
21.901950,0.000000,0.000000,0.000000,0.000000,0.000000,0.000000
21.911950,0.000000,0.000000,0.000000,0.000000,0.000000,0.000000
21.921950,0.000000,0.000000,0.000000,0.000000,0.000000,0.000000
21.931950,0.000000,0.000000,0.000000,0.000000,0.000000,0.000000
21.941950,0.000000,0.000000,0.000000,0.000000,0.000000,0.000000
21.951950,0.000000,0.000000,0.000000,0.000000,0.000000,0.000000
21.961950,0.000000,0.000000,0.000000,0.000000,0.000000,0.000000
21.971950,0.000000,0.000000,0.000000,0.000000,0.000000,0.000000
21.981950,0.000000,0.000000,0.000000,0.000000,0.000000,0.000000
21.991950,0.000000,0.000000,0.000000,0.000000,0.000000,0.000000
22.001950,0.000000,0.000000,0.000000,0.000000,0.000000,0.000000
22.011950,0.000000,0.000000,0.000000,0.000000,0.000000,0.000000
22.021950,0.000000,0.000000,0.000000,0.000000,0.000000,0.000000
22.031950,0.000000,0.000000,0.000000,0.000000,0.000000,0.000000
22.041950,0.000000,0.000000,0.000000,0.000000,0.000000,0.000000
22.051950,0.000000,0.000000,0.000000,0.000000,0.000000,0.000000
22.061950,0.000000,0.000000,0.000000,0.000000,0.000000,0.000000
22.071950,0.000000,0.000000,0.000000,0.000000,0.000000,0.000000
22.081950,0.000000,0.000000,0.000000,0.000000,0.000000,0.000000
22.091950,0.000000,0.000000,0.000000,0.000000,0.000000,0.000000
22.101950,0.000000,0.000000,0.000000,0.000000,0.000000,0.000000
22.111950,0.000000,0.000000,0.000000,0.000000,0.000000,0.000000
22.121950,0.000000,0.000000,0.000000,0.000000,0.000000,0.000000
22.131950,0.000000,0.000000,0.000000,0.000000,0.000000,0.000000
22.141950,0.000000,0.000000,0.000000,0.000000,0.000000,0.000000
22.151950,0.000000,0.000000,0.000000,0.000000,0.000000,0.000000
22.161950,0.000000,0.000000,0.000000,0.000000,0.000000,0.000000
22.171950,0.000000,0.000000,0.000000,0.000000,0.000000,0.000000
22.181950,0.000000,0.000000,0.000000,0.000000,0.000000,0.000000
22.191950,0.000000,0.000000,0.000000,0.000000,0.000000,0.000000
22.201950,0.000000,0.000000,0.000000,0.000000,0.000000,0.000000
22.211950,0.000000,0.000000,0.000000,0.000000,0.000000,0.000000
22.221950,0.000000,0.000000,0.000000,0.000000,0.000000,0.000000
22.231950,0.000000,0.000000,0.000000,0.000000,0.000000,0.000000
22.241950,0.000000,0.000000,0.000000,0.000000,0.000000,0.000000
22.251950,0.000000,0.000000,0.000000,0.000000,0.000000,0.000000
22.261950,0.000000,0.000000,0.000000,0.000000,0.000000,0.000000
22.271950,0.000000,0.000000,0.000000,0.000000,0.000000,0.000000
22.281950,0.000000,0.000000,0.000000,0.000000,0.000000,0.000000
22.291950,0.000000,0.000000,0.000000,0.000000,0.000000,0.000000
22.301950,0.000000,0.000000,0.000000,0.000000,0.000000,0.000000
22.311950,0.000000,0.000000,0.000000,0.000000,0.000000,0.000000
22.321950,0.000000,0.000000,0.000000,0.000000,0.000000,0.000000
22.331950,0.000000,0.000000,0.000000,0.000000,0.000000,0.000000
22.341950,0.000000,0.000000,0.000000,0.000000,0.000000,0.000000
22.351950,0.000000,0.000000,0.000000,0.000000,0.000000,0.000000
22.361950,0.000000,0.000000,0.000000,0.000000,0.000000,0.000000
22.371950,0.000000,0.000000,0.000000,0.000000,0.000000,0.000000
22.381950,0.000000,0.000000,0.000000,0.000000,0.000000,0.000000
22.391950,0.000000,0.000000,0.000000,0.000000,0.000000,0.000000
22.401950,0.000000,0.000000,0.000000,0.000000,0.000000,0.000000
22.411950,0.000000,0.000000,0.000000,0.000000,0.000000,0.000000
22.421950,0.000000,0.000000,0.000000,0.000000,0.000000,0.000000
22.431950,0.000000,0.000000,0.000000,0.000000,0.000000,0.000000
22.441950,0.000000,0.000000,0.000000,0.000000,0.000000,0.000000
22.451950,0.000000,0.000000,0.000000,0.000000,0.000000,0.000000
22.461950,0.000000,0.000000,0.000000,0.000000,0.000000,0.000000
22.471950,0.000000,0.000000,0.000000,0.000000,0.000000,0.000000
22.481950,0.000000,0.000000,0.000000,0.000000,0.000000,0.000000
22.491950,0.000000,0.000000,0.000000,0.000000,0.000000,0.000000
22.501950,0.000000,0.000000,0.000000,0.000000,0.000000,0.000000
22.511950,0.000000,0.000000,0.000000,0.000000,0.000000,0.000000
22.521950,0.000000,0.000000,0.000000,0.000000,0.000000,0.000000
22.531950,0.000000,0.000000,0.000000,0.000000,0.000000,0.000000
22.541950,0.000000,0.000000,0.000000,0.000000,0.000000,0.000000
22.551950,0.000000,0.000000,0.000000,0.000000,0.000000,0.000000
22.561950,0.000000,0.000000,0.000000,0.000000,0.000000,0.000000
22.571950,0.000000,0.000000,0.000000,0.000000,0.000000,0.000000
22.581950,0.000000,0.000000,0.000000,0.000000,0.000000,0.000000
22.591950,0.000000,0.000000,0.000000,0.000000,0.000000,0.000000
22.601950,0.000000,0.000000,0.000000,0.000000,0.000000,0.000000
22.611950,0.000000,0.000000,0.000000,0.000000,0.000000,0.000000
22.621950,0.000000,0.000000,0.000000,0.000000,0.000000,0.000000
22.631950,0.000000,0.000000,0.000000,0.000000,0.000000,0.000000
22.641950,0.000000,0.000000,0.000000,0.000000,0.000000,0.000000
22.651950,0.000000,0.000000,0.000000,0.000000,0.000000,0.000000
22.661950,0.000000,0.000000,0.000000,0.000000,0.000000,0.000000
22.671950,0.000000,0.000000,0.000000,0.000000,0.000000,0.000000
22.681950,0.000000,0.000000,0.000000,0.000000,0.000000,0.000000
22.691950,0.000000,0.000000,0.000000,0.000000,0.000000,0.000000
22.701950,0.000000,0.000000,0.000000,0.000000,0.000000,0.000000
22.711950,0.000000,0.000000,0.000000,0.000000,0.000000,0.000000
22.721950,0.000000,0.000000,0.000000,0.000000,0.000000,0.000000
22.731950,0.000000,0.000000,0.000000,0.000000,0.000000,0.000000
22.741950,0.000000,0.000000,0.000000,0.000000,0.000000,0.000000
22.751950,0.000000,0.000000,0.000000,0.000000,0.000000,0.000000
22.761950,0.000000,0.000000,0.000000,0.000000,0.000000,0.000000
22.771950,0.000000,0.000000,0.000000,0.000000,0.000000,0.000000
22.781950,0.000000,0.000000,0.000000,0.000000,0.000000,0.000000
22.791950,0.000000,0.000000,0.000000,0.000000,0.000000,0.000000
22.801950,0.000000,0.000000,0.000000,0.000000,0.000000,0.000000
22.811950,0.000000,0.000000,0.000000,0.000000,0.000000,0.000000
22.821950,0.000000,0.000000,0.000000,0.000000,0.000000,0.000000
22.831950,0.000000,0.000000,0.000000,0.000000,0.000000,0.000000
22.841950,0.000000,0.000000,0.000000,0.000000,0.000000,0.000000
22.851950,0.000000,0.000000,0.000000,0.000000,0.000000,0.000000
22.861950,0.000000,0.000000,0.000000,0.000000,0.000000,0.000000
22.871950,0.000000,0.000000,0.000000,0.000000,0.000000,0.000000
22.881950,0.000000,0.000000,0.000000,0.000000,0.000000,0.000000
22.891950,0.000000,0.000000,0.000000,0.000000,0.000000,0.000000
22.901950,0.000000,0.000000,0.000000,0.000000,0.000000,0.000000
22.911950,0.000000,0.000000,0.000000,0.000000,0.000000,0.000000
22.921950,0.000000,0.000000,0.000000,0.000000,0.000000,0.000000
22.931950,0.000000,0.000000,0.000000,0.000000,0.000000,0.000000
22.941950,0.000000,0.000000,0.000000,0.000000,0.000000,0.000000
22.951950,0.000000,0.000000,0.000000,0.000000,0.000000,0.000000
22.961950,0.000000,0.000000,0.000000,0.000000,0.000000,0.000000
22.971950,0.000000,0.000000,0.000000,0.000000,0.000000,0.000000
22.981950,0.000000,0.000000,0.000000,0.000000,0.000000,0.000000
22.991950,0.000000,0.000000,0.000000,0.000000,0.000000,0.000000
23.001950,0.000000,0.000000,0.000000,0.000000,0.000000,0.000000
23.011950,0.000000,0.000000,0.000000,0.000000,0.000000,0.000000
23.021950,0.000000,0.000000,0.000000,0.000000,0.000000,0.000000
23.031950,0.000000,0.000000,0.000000,0.000000,0.000000,0.000000
23.041950,0.000000,0.000000,0.000000,0.000000,0.000000,0.000000
23.051950,0.000000,0.000000,0.000000,0.000000,0.000000,0.000000
23.061950,0.000000,0.000000,0.000000,0.000000,0.000000,0.000000
23.071950,0.000000,0.000000,0.000000,0.000000,0.000000,0.000000
23.081950,0.000000,0.000000,0.000000,0.000000,0.000000,0.000000
23.091950,0.000000,0.000000,0.000000,0.000000,0.000000,0.000000
23.101950,0.000000,0.000000,0.000000,0.000000,0.000000,0.000000
23.111950,0.000000,0.000000,0.000000,0.000000,0.000000,0.000000
23.121950,0.000000,0.000000,0.000000,0.000000,0.000000,0.000000
23.131950,0.000000,0.000000,0.000000,0.000000,0.000000,0.000000
23.141950,0.000000,0.000000,0.000000,0.000000,0.000000,0.000000
23.151950,0.000000,0.000000,0.000000,0.000000,0.000000,0.000000
23.161950,0.000000,0.000000,0.000000,0.000000,0.000000,0.000000
23.171950,0.000000,0.000000,0.000000,0.000000,0.000000,0.000000
23.181950,0.000000,0.000000,0.000000,0.000000,0.000000,0.000000
23.191950,0.000000,0.000000,0.000000,0.000000,0.000000,0.000000
23.201950,0.000000,0.000000,0.000000,0.000000,0.000000,0.000000
23.211950,0.000000,0.000000,0.000000,0.000000,0.000000,0.000000
23.221950,0.000000,0.000000,0.000000,0.000000,0.000000,0.000000
23.231950,0.000000,0.000000,0.000000,0.000000,0.000000,0.000000
23.241950,0.000000,0.000000,0.000000,0.000000,0.000000,0.000000
23.251950,0.000000,0.000000,0.000000,0.000000,0.000000,0.000000
23.261950,0.000000,0.000000,0.000000,0.000000,0.000000,0.000000
23.271950,0.000000,0.000000,0.000000,0.000000,0.000000,0.000000
23.281950,0.000000,0.000000,0.000000,0.000000,0.000000,0.000000
23.291950,0.000000,0.000000,0.000000,0.000000,0.000000,0.000000
23.301950,0.000000,0.000000,0.000000,0.000000,0.000000,0.000000
23.311950,0.000000,0.000000,0.000000,0.000000,0.000000,0.000000
23.321950,0.000000,0.000000,0.000000,0.000000,0.000000,0.000000
23.331950,0.000000,0.000000,0.000000,0.000000,0.000000,0.000000
23.341950,0.000000,0.000000,0.000000,0.000000,0.000000,0.000000
23.351950,0.000000,0.000000,0.000000,0.000000,0.000000,0.000000
23.361950,0.000000,0.000000,0.000000,0.000000,0.000000,0.000000
23.371950,0.000000,0.000000,0.000000,0.000000,0.000000,0.000000
23.381950,0.000000,0.000000,0.000000,0.000000,0.000000,0.000000
23.391950,0.000000,0.000000,0.000000,0.000000,0.000000,0.000000
23.401950,0.000000,0.000000,0.000000,0.000000,0.000000,0.000000
23.411950,0.000000,0.000000,0.000000,0.000000,0.000000,0.000000
23.421950,0.000000,0.000000,0.000000,0.000000,0.000000,0.000000
23.431950,0.000000,0.000000,0.000000,0.000000,0.000000,0.000000
23.441950,0.000000,0.000000,0.000000,0.000000,0.000000,0.000000
23.451950,0.000000,0.000000,0.000000,0.000000,0.000000,0.000000
23.461950,0.000000,0.000000,0.000000,0.000000,0.000000,0.000000
23.471950,0.000000,0.000000,0.000000,0.000000,0.000000,0.000000
23.481950,0.000000,0.000000,0.000000,0.000000,0.000000,0.000000
23.491950,0.000000,0.000000,0.000000,0.000000,0.000000,0.000000
23.501950,0.000000,0.000000,0.000000,0.000000,0.000000,0.000000
23.511950,0.000000,0.000000,0.000000,0.000000,0.000000,0.000000
23.521950,0.000000,0.000000,0.000000,0.000000,0.000000,0.000000
23.531950,0.000000,0.000000,0.000000,0.000000,0.000000,0.000000
23.541950,0.000000,0.000000,0.000000,0.000000,0.000000,0.000000
23.551950,0.000000,0.000000,0.000000,0.000000,0.000000,0.000000
23.561950,0.000000,0.000000,0.000000,0.000000,0.000000,0.000000
23.571950,0.000000,0.000000,0.000000,0.000000,0.000000,0.000000
23.581950,0.000000,0.000000,0.000000,0.000000,0.000000,0.000000
23.591950,0.000000,0.000000,0.000000,0.000000,0.000000,0.000000
23.601950,0.000000,0.000000,0.000000,0.000000,0.000000,0.000000
23.611950,0.000000,0.000000,0.000000,0.000000,0.000000,0.000000
23.621950,0.000000,0.000000,0.000000,0.000000,0.000000,0.000000
23.631950,0.000000,0.000000,0.000000,0.000000,0.000000,0.000000
23.641950,0.000000,0.000000,0.000000,0.000000,0.000000,0.000000
23.651950,0.000000,0.000000,0.000000,0.000000,0.000000,0.000000
23.661950,0.000000,0.000000,0.000000,0.000000,0.000000,0.000000
23.671950,0.000000,0.000000,0.000000,0.000000,0.000000,0.000000
23.681950,0.000000,0.000000,0.000000,0.000000,0.000000,0.000000
23.691950,0.000000,0.000000,0.000000,0.000000,0.000000,0.000000
23.701950,0.000000,0.000000,0.000000,0.000000,0.000000,0.000000
23.711950,0.000000,0.000000,0.000000,0.000000,0.000000,0.000000
23.721950,0.000000,0.000000,0.000000,0.000000,0.000000,0.000000
23.731950,0.000000,0.000000,0.000000,0.000000,0.000000,0.000000
23.741950,0.000000,0.000000,0.000000,0.000000,0.000000,0.000000
23.751950,0.000000,0.000000,0.000000,0.000000,0.000000,0.000000
23.761950,0.000000,0.000000,0.000000,0.000000,0.000000,0.000000
23.771950,0.000000,0.000000,0.000000,0.000000,0.000000,0.000000
23.781950,0.000000,0.000000,0.000000,0.000000,0.000000,0.000000
23.791950,0.000000,0.000000,0.000000,0.000000,0.000000,0.000000
23.801950,0.000000,0.000000,0.000000,0.000000,0.000000,0.000000
23.811950,0.000000,0.000000,0.000000,0.000000,0.000000,0.000000
23.821950,0.000000,0.000000,0.000000,0.000000,0.000000,0.000000
23.831950,0.000000,0.000000,0.000000,0.000000,0.000000,0.000000
23.841950,0.000000,0.000000,0.000000,0.000000,0.000000,0.000000
23.851950,0.000000,0.000000,0.000000,0.000000,0.000000,0.000000
23.861950,0.000000,0.000000,0.000000,0.000000,0.000000,0.000000
23.871950,0.000000,0.000000,0.000000,0.000000,0.000000,0.000000
23.881950,0.000000,0.000000,0.000000,0.000000,0.000000,0.000000
23.891950,0.000000,0.000000,0.000000,0.000000,0.000000,0.000000
23.901950,0.000000,0.000000,0.000000,0.000000,0.000000,0.000000
23.911950,0.000000,0.000000,0.000000,0.000000,0.000000,0.000000
23.921950,0.000000,0.000000,0.000000,0.000000,0.000000,0.000000
23.931950,0.000000,0.000000,0.000000,0.000000,0.000000,0.000000
23.941950,0.000000,0.000000,0.000000,0.000000,0.000000,0.000000
23.951950,0.000000,0.000000,0.000000,0.000000,0.000000,0.000000
23.961950,0.000000,0.000000,0.000000,0.000000,0.000000,0.000000
23.971950,0.000000,0.000000,0.000000,0.000000,0.000000,0.000000
23.981950,0.000000,0.000000,0.000000,0.000000,0.000000,0.000000
23.991950,0.000000,0.000000,0.000000,0.000000,0.000000,0.000000
24.001950,0.000000,0.000000,0.000000,0.000000,0.000000,0.000000
24.011950,0.000000,0.000000,0.000000,0.000000,0.000000,0.000000
24.021950,0.000000,0.000000,0.000000,0.000000,0.000000,0.000000
24.031950,0.000000,0.000000,0.000000,0.000000,0.000000,0.000000
24.041950,0.000000,0.000000,0.000000,0.000000,0.000000,0.000000
24.051950,0.000000,0.000000,0.000000,0.000000,0.000000,0.000000
24.061950,0.000000,0.000000,0.000000,0.000000,0.000000,0.000000
24.071950,0.000000,0.000000,0.000000,0.000000,0.000000,0.000000
24.081950,0.000000,0.000000,0.000000,0.000000,0.000000,0.000000
24.091950,0.000000,0.000000,0.000000,0.000000,0.000000,0.000000
24.101950,0.000000,0.000000,0.000000,0.000000,0.000000,0.000000
24.111950,0.000000,0.000000,0.000000,0.000000,0.000000,0.000000
24.121950,0.000000,0.000000,0.000000,0.000000,0.000000,0.000000
24.131950,0.000000,0.000000,0.000000,0.000000,0.000000,0.000000
24.141950,0.000000,0.000000,0.000000,0.000000,0.000000,0.000000
24.151950,0.000000,0.000000,0.000000,0.000000,0.000000,0.000000
24.161950,0.000000,0.000000,0.000000,0.000000,0.000000,0.000000
24.171950,0.000000,0.000000,0.000000,0.000000,0.000000,0.000000
24.181950,0.000000,0.000000,0.000000,0.000000,0.000000,0.000000
24.191950,0.000000,0.000000,0.000000,0.000000,0.000000,0.000000
24.201950,0.000000,0.000000,0.000000,0.000000,0.000000,0.000000
24.211950,0.000000,0.000000,0.000000,0.000000,0.000000,0.000000
24.221950,0.000000,0.000000,0.000000,0.000000,0.000000,0.000000
24.231950,0.000000,0.000000,0.000000,0.000000,0.000000,0.000000
24.241950,0.000000,0.000000,0.000000,0.000000,0.000000,0.000000
24.251950,0.000000,0.000000,0.000000,0.000000,0.000000,0.000000
24.261950,0.000000,0.000000,0.000000,0.000000,0.000000,0.000000
24.271950,0.000000,0.000000,0.000000,0.000000,0.000000,0.000000
24.281950,0.000000,0.000000,0.000000,0.000000,0.000000,0.000000
24.291950,0.000000,0.000000,0.000000,0.000000,0.000000,0.000000
24.301950,0.000000,0.000000,0.000000,0.000000,0.000000,0.000000
24.311950,0.000000,0.000000,0.000000,0.000000,0.000000,0.000000
24.321950,0.000000,0.000000,0.000000,0.000000,0.000000,0.000000
24.331950,0.000000,0.000000,0.000000,0.000000,0.000000,0.000000
24.341950,0.000000,0.000000,0.000000,0.000000,0.000000,0.000000
24.351950,0.000000,0.000000,0.000000,0.000000,0.000000,0.000000
24.361950,0.000000,0.000000,0.000000,0.000000,0.000000,0.000000
24.371950,0.000000,0.000000,0.000000,0.000000,0.000000,0.000000
24.381950,0.000000,0.000000,0.000000,0.000000,0.000000,0.000000
24.391950,0.000000,0.000000,0.000000,0.000000,0.000000,0.000000
24.401950,0.000000,0.000000,0.000000,0.000000,0.000000,0.000000
24.411950,0.000000,0.000000,0.000000,0.000000,0.000000,0.000000
24.421950,0.000000,0.000000,0.000000,0.000000,0.000000,0.000000
24.431950,0.000000,0.000000,0.000000,0.000000,0.000000,0.000000
24.441950,0.000000,0.000000,0.000000,0.000000,0.000000,0.000000
24.451950,0.000000,0.000000,0.000000,0.000000,0.000000,0.000000
24.461950,0.000000,0.000000,0.000000,0.000000,0.000000,0.000000
24.471950,0.000000,0.000000,0.000000,0.000000,0.000000,0.000000
24.481950,0.000000,0.000000,0.000000,0.000000,0.000000,0.000000
24.491950,0.000000,0.000000,0.000000,0.000000,0.000000,0.000000
24.501950,0.000000,0.000000,0.000000,0.000000,0.000000,0.000000
24.511950,0.000000,0.000000,0.000000,0.000000,0.000000,0.000000
24.521950,0.000000,0.000000,0.000000,0.000000,0.000000,0.000000
24.531950,0.000000,0.000000,0.000000,0.000000,0.000000,0.000000
24.541950,0.000000,0.000000,0.000000,0.000000,0.000000,0.000000
24.551950,0.000000,0.000000,0.000000,0.000000,0.000000,0.000000
24.561950,0.000000,0.000000,0.000000,0.000000,0.000000,0.000000
24.571950,0.000000,0.000000,0.000000,0.000000,0.000000,0.000000
24.581950,0.000000,0.000000,0.000000,0.000000,0.000000,0.000000
24.591950,0.000000,0.000000,0.000000,0.000000,0.000000,0.000000
24.601950,0.000000,0.000000,0.000000,0.000000,0.000000,0.000000
24.611950,0.000000,0.000000,0.000000,0.000000,0.000000,0.000000
24.621950,0.000000,0.000000,0.000000,0.000000,0.000000,0.000000
24.631950,0.000000,0.000000,0.000000,0.000000,0.000000,0.000000
24.641950,0.000000,0.000000,0.000000,0.000000,0.000000,0.000000
24.651950,0.000000,0.000000,0.000000,0.000000,0.000000,0.000000
24.661950,0.000000,0.000000,0.000000,0.000000,0.000000,0.000000
24.671950,0.000000,0.000000,0.000000,0.000000,0.000000,0.000000
24.681950,0.000000,0.000000,0.000000,0.000000,0.000000,0.000000
24.691950,0.000000,0.000000,0.000000,0.000000,0.000000,0.000000
24.701950,0.000000,0.000000,0.000000,0.000000,0.000000,0.000000
24.711950,0.000000,0.000000,0.000000,0.000000,0.000000,0.000000
24.721950,0.000000,0.000000,0.000000,0.000000,0.000000,0.000000
24.731950,0.000000,0.000000,0.000000,0.000000,0.000000,0.000000
24.741950,0.000000,0.000000,0.000000,0.000000,0.000000,0.000000
24.751950,0.000000,0.000000,0.000000,0.000000,0.000000,0.000000
24.761950,0.000000,0.000000,0.000000,0.000000,0.000000,0.000000
24.771950,0.000000,0.000000,0.000000,0.000000,0.000000,0.000000
24.781950,0.000000,0.000000,0.000000,0.000000,0.000000,0.000000
24.791950,0.000000,0.000000,0.000000,0.000000,0.000000,0.000000
24.801950,0.000000,0.000000,0.000000,0.000000,0.000000,0.000000
24.811950,0.000000,0.000000,0.000000,0.000000,0.000000,0.000000
24.821950,0.000000,0.000000,0.000000,0.000000,0.000000,0.000000
24.831950,0.000000,0.000000,0.000000,0.000000,0.000000,0.000000
24.841950,0.000000,0.000000,0.000000,0.000000,0.000000,0.000000
24.851950,0.000000,0.000000,0.000000,0.000000,0.000000,0.000000
24.861950,0.000000,0.000000,0.000000,0.000000,0.000000,0.000000
24.871950,0.000000,0.000000,0.000000,0.000000,0.000000,0.000000
24.881950,0.000000,0.000000,0.000000,0.000000,0.000000,0.000000
24.891950,0.000000,0.000000,0.000000,0.000000,0.000000,0.000000
24.901950,0.000000,0.000000,0.000000,0.000000,0.000000,0.000000
24.911950,0.000000,0.000000,0.000000,0.000000,0.000000,0.000000
24.921950,0.000000,0.000000,0.000000,0.000000,0.000000,0.000000
24.931950,0.000000,0.000000,0.000000,0.000000,0.000000,0.000000
24.941950,0.000000,0.000000,0.000000,0.000000,0.000000,0.000000
24.951950,0.000000,0.000000,0.000000,0.000000,0.000000,0.000000
24.961950,0.000000,0.000000,0.000000,0.000000,0.000000,0.000000
24.971950,0.000000,0.000000,0.000000,0.000000,0.000000,0.000000
24.981950,0.000000,0.000000,0.000000,0.000000,0.000000,0.000000
24.991950,0.000000,0.000000,0.000000,0.000000,0.000000,0.000000
25.001950,0.000000,0.000000,0.000000,0.000000,0.000000,0.000000
25.011950,0.000000,0.000000,0.000000,0.000000,0.000000,0.000000
25.021950,0.000000,0.000000,0.000000,0.000000,0.000000,0.000000
25.031950,0.000000,0.000000,0.000000,0.000000,0.000000,0.000000
25.041950,0.000000,0.000000,0.000000,0.000000,0.000000,0.000000
25.051950,0.000000,0.000000,0.000000,0.000000,0.000000,0.000000
25.061950,0.000000,0.000000,0.000000,0.000000,0.000000,0.000000
25.071950,0.000000,0.000000,0.000000,0.000000,0.000000,0.000000
25.081950,0.000000,0.000000,0.000000,0.000000,0.000000,0.000000
25.091950,0.000000,0.000000,0.000000,0.000000,0.000000,0.000000
25.101950,0.000000,0.000000,0.000000,0.000000,0.000000,0.000000
25.111950,0.000000,0.000000,0.000000,0.000000,0.000000,0.000000
25.121950,0.000000,0.000000,0.000000,0.000000,0.000000,0.000000
25.131950,0.000000,0.000000,0.000000,0.000000,0.000000,0.000000
25.141950,0.000000,0.000000,0.000000,0.000000,0.000000,0.000000
25.151950,0.000000,0.000000,0.000000,0.000000,0.000000,0.000000
25.161950,0.000000,0.000000,0.000000,0.000000,0.000000,0.000000
25.171950,0.000000,0.000000,0.000000,0.000000,0.000000,0.000000
25.181950,0.000000,0.000000,0.000000,0.000000,0.000000,0.000000
25.191950,0.000000,0.000000,0.000000,0.000000,0.000000,0.000000
25.201950,0.000000,0.000000,0.000000,0.000000,0.000000,0.000000
25.211950,0.000000,0.000000,0.000000,0.000000,0.000000,0.000000
25.221950,0.000000,0.000000,0.000000,0.000000,0.000000,0.000000
25.231950,0.000000,0.000000,0.000000,0.000000,0.000000,0.000000
25.241950,0.000000,0.000000,0.000000,0.000000,0.000000,0.000000
25.251950,0.000000,0.000000,0.000000,0.000000,0.000000,0.000000
25.261950,0.000000,0.000000,0.000000,0.000000,0.000000,0.000000
25.271950,0.000000,0.000000,0.000000,0.000000,0.000000,0.000000
25.281950,0.000000,0.000000,0.000000,0.000000,0.000000,0.000000
25.291950,0.000000,0.000000,0.000000,0.000000,0.000000,0.000000
25.301950,0.000000,0.000000,0.000000,0.000000,0.000000,0.000000
25.311950,0.000000,0.000000,0.000000,0.000000,0.000000,0.000000
25.321950,0.000000,0.000000,0.000000,0.000000,0.000000,0.000000
25.331950,0.000000,0.000000,0.000000,0.000000,0.000000,0.000000
25.341950,0.000000,0.000000,0.000000,0.000000,0.000000,0.000000
25.351950,0.000000,0.000000,0.000000,0.000000,0.000000,0.000000
25.361950,0.000000,0.000000,0.000000,0.000000,0.000000,0.000000
25.371950,0.000000,0.000000,0.000000,0.000000,0.000000,0.000000
25.381950,0.000000,0.000000,0.000000,0.000000,0.000000,0.000000
25.391950,0.000000,0.000000,0.000000,0.000000,0.000000,0.000000
25.401950,0.000000,0.000000,0.000000,0.000000,0.000000,0.000000
25.411950,0.000000,0.000000,0.000000,0.000000,0.000000,0.000000
25.421950,0.000000,0.000000,0.000000,0.000000,0.000000,0.000000
25.431950,0.000000,0.000000,0.000000,0.000000,0.000000,0.000000
25.441950,0.000000,0.000000,0.000000,0.000000,0.000000,0.000000
25.451950,0.000000,0.000000,0.000000,0.000000,0.000000,0.000000
25.461950,0.000000,0.000000,0.000000,0.000000,0.000000,0.000000
25.471950,0.000000,0.000000,0.000000,0.000000,0.000000,0.000000
25.481950,0.000000,0.000000,0.000000,0.000000,0.000000,0.000000
25.491950,0.000000,0.000000,0.000000,0.000000,0.000000,0.000000
25.501950,0.000000,0.000000,0.000000,0.000000,0.000000,0.000000
25.511950,0.000000,0.000000,0.000000,0.000000,0.000000,0.000000
25.521950,0.000000,0.000000,0.000000,0.000000,0.000000,0.000000
25.531950,0.000000,0.000000,0.000000,0.000000,0.000000,0.000000
25.541950,0.000000,0.000000,0.000000,0.000000,0.000000,0.000000
25.551950,0.000000,0.000000,0.000000,0.000000,0.000000,0.000000
25.561950,0.000000,0.000000,0.000000,0.000000,0.000000,0.000000
25.571950,0.000000,0.000000,0.000000,0.000000,0.000000,0.000000
25.581950,0.000000,0.000000,0.000000,0.000000,0.000000,0.000000
25.591950,0.000000,0.000000,0.000000,0.000000,0.000000,0.000000
25.601950,0.000000,0.000000,0.000000,0.000000,0.000000,0.000000
25.611950,0.000000,0.000000,0.000000,0.000000,0.000000,0.000000
25.621950,0.000000,0.000000,0.000000,0.000000,0.000000,0.000000
25.631950,0.000000,0.000000,0.000000,0.000000,0.000000,0.000000
25.641950,0.000000,0.000000,0.000000,0.000000,0.000000,0.000000
25.651950,0.000000,0.000000,0.000000,0.000000,0.000000,0.000000
25.661950,0.000000,0.000000,0.000000,0.000000,0.000000,0.000000
25.671950,0.000000,0.000000,0.000000,0.000000,0.000000,0.000000
25.681950,0.000000,0.000000,0.000000,0.000000,0.000000,0.000000
25.691950,0.000000,0.000000,0.000000,0.000000,0.000000,0.000000
25.701950,0.000000,0.000000,0.000000,0.000000,0.000000,0.000000
25.711950,0.000000,0.000000,0.000000,0.000000,0.000000,0.000000
25.721950,0.000000,0.000000,0.000000,0.000000,0.000000,0.000000
25.731950,0.000000,0.000000,0.000000,0.000000,0.000000,0.000000
25.741950,0.000000,0.000000,0.000000,0.000000,0.000000,0.000000
25.751950,0.000000,0.000000,0.000000,0.000000,0.000000,0.000000
25.761950,0.000000,0.000000,0.000000,0.000000,0.000000,0.000000
25.771950,0.000000,0.000000,0.000000,0.000000,0.000000,0.000000
25.781950,0.000000,0.000000,0.000000,0.000000,0.000000,0.000000
25.791950,0.000000,0.000000,0.000000,0.000000,0.000000,0.000000
25.801950,0.000000,0.000000,0.000000,0.000000,0.000000,0.000000
25.811950,0.000000,0.000000,0.000000,0.000000,0.000000,0.000000
25.821950,0.000000,0.000000,0.000000,0.000000,0.000000,0.000000
25.831950,0.000000,0.000000,0.000000,0.000000,0.000000,0.000000
25.841950,0.000000,0.000000,0.000000,0.000000,0.000000,0.000000
25.851950,0.000000,0.000000,0.000000,0.000000,0.000000,0.000000
25.861950,0.000000,0.000000,0.000000,0.000000,0.000000,0.000000
25.871950,0.000000,0.000000,0.000000,0.000000,0.000000,0.000000
25.881950,0.000000,0.000000,0.000000,0.000000,0.000000,0.000000
25.891950,0.000000,0.000000,0.000000,0.000000,0.000000,0.000000
25.901950,0.000000,0.000000,0.000000,0.000000,0.000000,0.000000
25.911950,0.000000,0.000000,0.000000,0.000000,0.000000,0.000000
25.921950,0.000000,0.000000,0.000000,0.000000,0.000000,0.000000
25.931950,0.000000,0.000000,0.000000,0.000000,0.000000,0.000000
25.941950,0.000000,0.000000,0.000000,0.000000,0.000000,0.000000
25.951950,0.000000,0.000000,0.000000,0.000000,0.000000,0.000000
25.961950,0.000000,0.000000,0.000000,0.000000,0.000000,0.000000
25.971950,0.000000,0.000000,0.000000,0.000000,0.000000,0.000000
25.981950,0.000000,0.000000,0.000000,0.000000,0.000000,0.000000
25.991950,0.000000,0.000000,0.000000,0.000000,0.000000,0.000000
26.001950,0.000000,0.000000,0.000000,0.000000,0.000000,0.000000
26.011950,0.000000,0.000000,0.000000,0.000000,0.000000,0.000000
26.021950,0.000000,0.000000,0.000000,0.000000,0.000000,0.000000
26.031950,0.000000,0.000000,0.000000,0.000000,0.000000,0.000000
26.041950,0.000000,0.000000,0.000000,0.000000,0.000000,0.000000
26.051950,0.000000,0.000000,0.000000,0.000000,0.000000,0.000000
26.061950,0.000000,0.000000,0.000000,0.000000,0.000000,0.000000
26.071950,0.000000,0.000000,0.000000,0.000000,0.000000,0.000000
26.081950,0.000000,0.000000,0.000000,0.000000,0.000000,0.000000
26.091950,0.000000,0.000000,0.000000,0.000000,0.000000,0.000000
26.101950,0.000000,0.000000,0.000000,0.000000,0.000000,0.000000
26.111950,0.000000,0.000000,0.000000,0.000000,0.000000,0.000000
26.121950,0.000000,0.000000,0.000000,0.000000,0.000000,0.000000
26.131950,0.000000,0.000000,0.000000,0.000000,0.000000,0.000000
26.141950,0.000000,0.000000,0.000000,0.000000,0.000000,0.000000
26.151950,0.000000,0.000000,0.000000,0.000000,0.000000,0.000000
26.161950,0.000000,0.000000,0.000000,0.000000,0.000000,0.000000
26.171950,0.000000,0.000000,0.000000,0.000000,0.000000,0.000000
26.181950,0.000000,0.000000,0.000000,0.000000,0.000000,0.000000
26.191950,0.000000,0.000000,0.000000,0.000000,0.000000,0.000000
26.201950,0.000000,0.000000,0.000000,0.000000,0.000000,0.000000
26.211950,0.000000,0.000000,0.000000,0.000000,0.000000,0.000000
26.221950,0.000000,0.000000,0.000000,0.000000,0.000000,0.000000
26.231950,0.000000,0.000000,0.000000,0.000000,0.000000,0.000000
26.241950,0.000000,0.000000,0.000000,0.000000,0.000000,0.000000
26.251950,0.000000,0.000000,0.000000,0.000000,0.000000,0.000000
26.261950,0.000000,0.000000,0.000000,0.000000,0.000000,0.000000
26.271950,0.000000,0.000000,0.000000,0.000000,0.000000,0.000000
26.281950,0.000000,0.000000,0.000000,0.000000,0.000000,0.000000
26.291950,0.000000,0.000000,0.000000,0.000000,0.000000,0.000000
26.301950,0.000000,0.000000,0.000000,0.000000,0.000000,0.000000
26.311950,0.000000,0.000000,0.000000,0.000000,0.000000,0.000000
26.321950,0.000000,0.000000,0.000000,0.000000,0.000000,0.000000
26.331950,0.000000,0.000000,0.000000,0.000000,0.000000,0.000000
26.341950,0.000000,0.000000,0.000000,0.000000,0.000000,0.000000
26.351950,0.000000,0.000000,0.000000,0.000000,0.000000,0.000000
26.361950,0.000000,0.000000,0.000000,0.000000,0.000000,0.000000
26.371950,0.000000,0.000000,0.000000,0.000000,0.000000,0.000000
26.381950,0.000000,0.000000,0.000000,0.000000,0.000000,0.000000
26.391950,0.000000,0.000000,0.000000,0.000000,0.000000,0.000000
26.401950,0.000000,0.000000,0.000000,0.000000,0.000000,0.000000
26.411950,0.000000,0.000000,0.000000,0.000000,0.000000,0.000000
26.421950,0.000000,0.000000,0.000000,0.000000,0.000000,0.000000
26.431950,0.000000,0.000000,0.000000,0.000000,0.000000,0.000000
26.441950,0.000000,0.000000,0.000000,0.000000,0.000000,0.000000
26.451950,0.000000,0.000000,0.000000,0.000000,0.000000,0.000000
26.461950,0.000000,0.000000,0.000000,0.000000,0.000000,0.000000
26.471950,0.000000,0.000000,0.000000,0.000000,0.000000,0.000000
26.481950,0.000000,0.000000,0.000000,0.000000,0.000000,0.000000
26.491950,0.000000,0.000000,0.000000,0.000000,0.000000,0.000000
26.501950,0.000000,0.000000,0.000000,0.000000,0.000000,0.000000
26.511950,0.000000,0.000000,0.000000,0.000000,0.000000,0.000000
26.521950,0.000000,0.000000,0.000000,0.000000,0.000000,0.000000
26.531950,0.000000,0.000000,0.000000,0.000000,0.000000,0.000000
26.541950,0.000000,0.000000,0.000000,0.000000,0.000000,0.000000
26.551950,0.000000,0.000000,0.000000,0.000000,0.000000,0.000000
26.561950,0.000000,0.000000,0.000000,0.000000,0.000000,0.000000
26.571950,0.000000,0.000000,0.000000,0.000000,0.000000,0.000000
26.581950,0.000000,0.000000,0.000000,0.000000,0.000000,0.000000
26.591950,0.000000,0.000000,0.000000,0.000000,0.000000,0.000000
26.601950,0.000000,0.000000,0.000000,0.000000,0.000000,0.000000
26.611950,0.000000,0.000000,0.000000,0.000000,0.000000,0.000000
26.621950,0.000000,0.000000,0.000000,0.000000,0.000000,0.000000
26.631950,0.000000,0.000000,0.000000,0.000000,0.000000,0.000000
26.641950,0.000000,0.000000,0.000000,0.000000,0.000000,0.000000
26.651950,0.000000,0.000000,0.000000,0.000000,0.000000,0.000000
26.661950,0.000000,0.000000,0.000000,0.000000,0.000000,0.000000
26.671950,0.000000,0.000000,0.000000,0.000000,0.000000,0.000000
26.681950,0.000000,0.000000,0.000000,0.000000,0.000000,0.000000
26.691950,0.000000,0.000000,0.000000,0.000000,0.000000,0.000000
26.701950,0.000000,0.000000,0.000000,0.000000,0.000000,0.000000
26.711950,0.000000,0.000000,0.000000,0.000000,0.000000,0.000000
26.721950,0.000000,0.000000,0.000000,0.000000,0.000000,0.000000
26.731950,0.000000,0.000000,0.000000,0.000000,0.000000,0.000000
26.741950,0.000000,0.000000,0.000000,0.000000,0.000000,0.000000
26.751950,0.000000,0.000000,0.000000,0.000000,0.000000,0.000000
26.761950,0.000000,0.000000,0.000000,0.000000,0.000000,0.000000
26.771950,0.000000,0.000000,0.000000,0.000000,0.000000,0.000000
26.781950,0.000000,0.000000,0.000000,0.000000,0.000000,0.000000
26.791950,0.000000,0.000000,0.000000,0.000000,0.000000,0.000000
26.801950,0.000000,0.000000,0.000000,0.000000,0.000000,0.000000
26.811950,0.000000,0.000000,0.000000,0.000000,0.000000,0.000000
26.821950,0.000000,0.000000,0.000000,0.000000,0.000000,0.000000
26.831950,0.000000,0.000000,0.000000,0.000000,0.000000,0.000000
26.841950,0.000000,0.000000,0.000000,0.000000,0.000000,0.000000
26.851950,0.000000,0.000000,0.000000,0.000000,0.000000,0.000000
26.861950,0.000000,0.000000,0.000000,0.000000,0.000000,0.000000
26.871950,0.000000,0.000000,0.000000,0.000000,0.000000,0.000000
26.881950,0.000000,0.000000,0.000000,0.000000,0.000000,0.000000
26.891950,0.000000,0.000000,0.000000,0.000000,0.000000,0.000000
26.901950,0.000000,0.000000,0.000000,0.000000,0.000000,0.000000
26.911950,0.000000,0.000000,0.000000,0.000000,0.000000,0.000000
26.921950,0.000000,0.000000,0.000000,0.000000,0.000000,0.000000
26.931950,0.000000,0.000000,0.000000,0.000000,0.000000,0.000000
26.941950,0.000000,0.000000,0.000000,0.000000,0.000000,0.000000
26.951950,0.000000,0.000000,0.000000,0.000000,0.000000,0.000000
26.961950,0.000000,0.000000,0.000000,0.000000,0.000000,0.000000
26.971950,0.000000,0.000000,0.000000,0.000000,0.000000,0.000000
26.981950,0.000000,0.000000,0.000000,0.000000,0.000000,0.000000
26.991950,0.000000,0.000000,0.000000,0.000000,0.000000,0.000000
27.001950,0.000000,0.000000,0.000000,0.000000,0.000000,0.000000
27.011950,0.000000,0.000000,0.000000,0.000000,0.000000,0.000000
27.021950,0.000000,0.000000,0.000000,0.000000,0.000000,0.000000
27.031950,0.000000,0.000000,0.000000,0.000000,0.000000,0.000000
27.041950,0.000000,0.000000,0.000000,0.000000,0.000000,0.000000
27.051950,0.000000,0.000000,0.000000,0.000000,0.000000,0.000000
27.061950,0.000000,0.000000,0.000000,0.000000,0.000000,0.000000
27.071950,0.000000,0.000000,0.000000,0.000000,0.000000,0.000000
27.081950,0.000000,0.000000,0.000000,0.000000,0.000000,0.000000
27.091950,0.000000,0.000000,0.000000,0.000000,0.000000,0.000000
27.101950,0.000000,0.000000,0.000000,0.000000,0.000000,0.000000
27.111950,0.000000,0.000000,0.000000,0.000000,0.000000,0.000000
27.121950,0.000000,0.000000,0.000000,0.000000,0.000000,0.000000
27.131950,0.000000,0.000000,0.000000,0.000000,0.000000,0.000000
27.141950,0.000000,0.000000,0.000000,0.000000,0.000000,0.000000
27.151950,0.000000,0.000000,0.000000,0.000000,0.000000,0.000000
27.161950,0.000000,0.000000,0.000000,0.000000,0.000000,0.000000
27.171950,0.000000,0.000000,0.000000,0.000000,0.000000,0.000000
27.181950,0.000000,0.000000,0.000000,0.000000,0.000000,0.000000
27.191950,0.000000,0.000000,0.000000,0.000000,0.000000,0.000000
27.201950,0.000000,0.000000,0.000000,0.000000,0.000000,0.000000
27.211950,0.000000,0.000000,0.000000,0.000000,0.000000,0.000000
27.221950,0.000000,0.000000,0.000000,0.000000,0.000000,0.000000
27.231950,0.000000,0.000000,0.000000,0.000000,0.000000,0.000000
27.241950,0.000000,0.000000,0.000000,0.000000,0.000000,0.000000
27.251950,0.000000,0.000000,0.000000,0.000000,0.000000,0.000000
27.261950,0.000000,0.000000,0.000000,0.000000,0.000000,0.000000
27.271950,0.000000,0.000000,0.000000,0.000000,0.000000,0.000000
27.281950,0.000000,0.000000,0.000000,0.000000,0.000000,0.000000
27.291950,0.000000,0.000000,0.000000,0.000000,0.000000,0.000000
27.301950,0.000000,0.000000,0.000000,0.000000,0.000000,0.000000
27.311950,0.000000,0.000000,0.000000,0.000000,0.000000,0.000000
27.321950,0.000000,0.000000,0.000000,0.000000,0.000000,0.000000
27.331950,0.000000,0.000000,0.000000,0.000000,0.000000,0.000000
27.341950,0.000000,0.000000,0.000000,0.000000,0.000000,0.000000
27.351950,0.000000,0.000000,0.000000,0.000000,0.000000,0.000000
27.361950,0.000000,0.000000,0.000000,0.000000,0.000000,0.000000
27.371950,0.000000,0.000000,0.000000,0.000000,0.000000,0.000000
27.381950,0.000000,0.000000,0.000000,0.000000,0.000000,0.000000
27.391950,0.000000,0.000000,0.000000,0.000000,0.000000,0.000000
27.401950,0.000000,0.000000,0.000000,0.000000,0.000000,0.000000
27.411950,0.000000,0.000000,0.000000,0.000000,0.000000,0.000000
27.421950,0.000000,0.000000,0.000000,0.000000,0.000000,0.000000
27.431950,0.000000,0.000000,0.000000,0.000000,0.000000,0.000000
27.441950,0.000000,0.000000,0.000000,0.000000,0.000000,0.000000
27.451950,0.000000,0.000000,0.000000,0.000000,0.000000,0.000000
27.461950,0.000000,0.000000,0.000000,0.000000,0.000000,0.000000
27.471950,0.000000,0.000000,0.000000,0.000000,0.000000,0.000000
27.481950,0.000000,0.000000,0.000000,0.000000,0.000000,0.000000
27.491950,0.000000,0.000000,0.000000,0.000000,0.000000,0.000000
27.501950,0.000000,0.000000,0.000000,0.000000,0.000000,0.000000
27.511950,0.000000,0.000000,0.000000,0.000000,0.000000,0.000000
27.521950,0.000000,0.000000,0.000000,0.000000,0.000000,0.000000
27.531950,0.000000,0.000000,0.000000,0.000000,0.000000,0.000000
27.541950,0.000000,0.000000,0.000000,0.000000,0.000000,0.000000
27.551950,0.000000,0.000000,0.000000,0.000000,0.000000,0.000000
27.561950,0.000000,0.000000,0.000000,0.000000,0.000000,0.000000
27.571950,0.000000,0.000000,0.000000,0.000000,0.000000,0.000000
27.581950,0.000000,0.000000,0.000000,0.000000,0.000000,0.000000
27.591950,0.000000,0.000000,0.000000,0.000000,0.000000,0.000000
27.601950,0.000000,0.000000,0.000000,0.000000,0.000000,0.000000
27.611950,0.000000,0.000000,0.000000,0.000000,0.000000,0.000000
27.621950,0.000000,0.000000,0.000000,0.000000,0.000000,0.000000
27.631950,0.000000,0.000000,0.000000,0.000000,0.000000,0.000000
27.641950,0.000000,0.000000,0.000000,0.000000,0.000000,0.000000
27.651950,0.000000,0.000000,0.000000,0.000000,0.000000,0.000000
27.661950,0.000000,0.000000,0.000000,0.000000,0.000000,0.000000
27.671950,0.000000,0.000000,0.000000,0.000000,0.000000,0.000000
27.681950,0.000000,0.000000,0.000000,0.000000,0.000000,0.000000
27.691950,0.000000,0.000000,0.000000,0.000000,0.000000,0.000000
27.701950,0.000000,0.000000,0.000000,0.000000,0.000000,0.000000
27.711950,0.000000,0.000000,0.000000,0.000000,0.000000,0.000000
27.721950,0.000000,0.000000,0.000000,0.000000,0.000000,0.000000
27.731950,0.000000,0.000000,0.000000,0.000000,0.000000,0.000000
27.741950,0.000000,0.000000,0.000000,0.000000,0.000000,0.000000
27.751950,0.000000,0.000000,0.000000,0.000000,0.000000,0.000000
27.761950,0.000000,0.000000,0.000000,0.000000,0.000000,0.000000
27.771950,0.000000,0.000000,0.000000,0.000000,0.000000,0.000000
27.781950,0.000000,0.000000,0.000000,0.000000,0.000000,0.000000
27.791950,0.000000,0.000000,0.000000,0.000000,0.000000,0.000000
27.801950,0.000000,0.000000,0.000000,0.000000,0.000000,0.000000
27.811950,0.000000,0.000000,0.000000,0.000000,0.000000,0.000000
27.821950,0.000000,0.000000,0.000000,0.000000,0.000000,0.000000
27.831950,0.000000,0.000000,0.000000,0.000000,0.000000,0.000000
27.841950,0.000000,0.000000,0.000000,0.000000,0.000000,0.000000
27.851950,0.000000,0.000000,0.000000,0.000000,0.000000,0.000000
27.861950,0.000000,0.000000,0.000000,0.000000,0.000000,0.000000
27.871950,0.000000,0.000000,0.000000,0.000000,0.000000,0.000000
27.881950,0.000000,0.000000,0.000000,0.000000,0.000000,0.000000
27.891950,0.000000,0.000000,0.000000,0.000000,0.000000,0.000000
27.901950,0.000000,0.000000,0.000000,0.000000,0.000000,0.000000
27.911950,0.000000,0.000000,0.000000,0.000000,0.000000,0.000000
27.921950,0.000000,0.000000,0.000000,0.000000,0.000000,0.000000
27.931950,0.000000,0.000000,0.000000,0.000000,0.000000,0.000000
27.941950,0.000000,0.000000,0.000000,0.000000,0.000000,0.000000
27.951950,0.000000,0.000000,0.000000,0.000000,0.000000,0.000000
27.961950,0.000000,0.000000,0.000000,0.000000,0.000000,0.000000
27.971950,0.000000,0.000000,0.000000,0.000000,0.000000,0.000000
27.981950,0.000000,0.000000,0.000000,0.000000,0.000000,0.000000
27.991950,0.000000,0.000000,0.000000,0.000000,0.000000,0.000000
28.001950,0.000000,0.000000,0.000000,0.000000,0.000000,0.000000
28.011950,0.000000,0.000000,0.000000,0.000000,0.000000,0.000000
28.021950,0.000000,0.000000,0.000000,0.000000,0.000000,0.000000
28.031950,0.000000,0.000000,0.000000,0.000000,0.000000,0.000000
28.041950,0.000000,0.000000,0.000000,0.000000,0.000000,0.000000
28.051950,0.000000,0.000000,0.000000,0.000000,0.000000,0.000000
28.061950,0.000000,0.000000,0.000000,0.000000,0.000000,0.000000
28.071950,0.000000,0.000000,0.000000,0.000000,0.000000,0.000000
28.081950,0.000000,0.000000,0.000000,0.000000,0.000000,0.000000
28.091950,0.000000,0.000000,0.000000,0.000000,0.000000,0.000000
28.101950,0.000000,0.000000,0.000000,0.000000,0.000000,0.000000
28.111950,0.000000,0.000000,0.000000,0.000000,0.000000,0.000000
28.121950,0.000000,0.000000,0.000000,0.000000,0.000000,0.000000
28.131950,0.000000,0.000000,0.000000,0.000000,0.000000,0.000000
28.141950,0.000000,0.000000,0.000000,0.000000,0.000000,0.000000
28.151950,0.000000,0.000000,0.000000,0.000000,0.000000,0.000000
28.161950,0.000000,0.000000,0.000000,0.000000,0.000000,0.000000
28.171950,0.000000,0.000000,0.000000,0.000000,0.000000,0.000000
28.181950,0.000000,0.000000,0.000000,0.000000,0.000000,0.000000
28.191950,0.000000,0.000000,0.000000,0.000000,0.000000,0.000000
28.201950,0.000000,0.000000,0.000000,0.000000,0.000000,0.000000
28.211950,0.000000,0.000000,0.000000,0.000000,0.000000,0.000000
28.221950,0.000000,0.000000,0.000000,0.000000,0.000000,0.000000
28.231950,0.000000,0.000000,0.000000,0.000000,0.000000,0.000000
28.241950,0.000000,0.000000,0.000000,0.000000,0.000000,0.000000
28.251950,0.000000,0.000000,0.000000,0.000000,0.000000,0.000000
28.261950,0.000000,0.000000,0.000000,0.000000,0.000000,0.000000
28.271950,0.000000,0.000000,0.000000,0.000000,0.000000,0.000000
28.281950,0.000000,0.000000,0.000000,0.000000,0.000000,0.000000
28.291950,0.000000,0.000000,0.000000,0.000000,0.000000,0.000000
28.301950,0.000000,0.000000,0.000000,0.000000,0.000000,0.000000
