time,linear_accel_x,linear_accel_y,linear_accel_z,angular_vel_x,angular_vel_y,angular_vel_z
0.011345,0.000000,0.000000,0.000000,0.000000,0.000000,0.000000
0.015345,0.000000,0.000000,0.000000,0.000000,0.000000,0.000000
0.019345,0.000000,0.000000,0.000000,0.000000,0.000000,0.000000
0.023345,0.000000,0.000000,0.000000,0.000000,0.000000,0.000000
0.027345,0.000000,0.000000,0.000000,0.000000,0.000000,0.000000
0.031345,0.000000,0.000000,0.000000,0.000000,0.000000,0.000000
0.035345,0.000000,0.000000,0.000000,0.000000,0.000000,0.000000
0.039345,0.000000,0.000000,0.000000,0.000000,0.000000,0.000000
0.043345,0.000000,0.000000,0.000000,0.000000,0.000000,0.000000
0.047345,0.000000,0.000000,0.000000,0.000000,0.000000,0.000000
0.051345,0.000000,0.000000,0.000000,0.000000,0.000000,0.000000
0.055345,0.000000,0.000000,0.000000,0.000000,0.000000,0.000000
0.059345,0.000000,0.000000,0.000000,0.000000,0.000000,0.000000
0.063345,0.000000,0.000000,0.000000,0.000000,0.000000,0.000000
0.067345,0.000000,0.000000,0.000000,0.000000,0.000000,0.000000
0.071345,0.000000,0.000000,0.000000,0.000000,0.000000,0.000000
0.075345,0.000000,0.000000,0.000000,0.000000,0.000000,0.000000
0.079345,0.000000,0.000000,0.000000,0.000000,0.000000,0.000000
0.083345,0.000000,0.000000,0.000000,0.000000,0.000000,0.000000
0.087345,0.000000,0.000000,0.000000,0.000000,0.000000,0.000000
0.091345,0.000000,0.000000,0.000000,0.000000,0.000000,0.000000
0.095345,0.000000,0.000000,0.000000,0.000000,0.000000,0.000000
0.099345,0.000000,0.000000,0.000000,0.000000,0.000000,0.000000
0.103345,0.000000,0.000000,0.000000,0.000000,0.000000,0.000000
0.107345,0.000000,0.000000,0.000000,0.000000,0.000000,0.000000
0.111345,0.000000,0.000000,0.000000,0.000000,0.000000,0.000000
0.115345,0.000000,0.000000,0.000000,0.000000,0.000000,0.000000
0.119345,0.000000,0.000000,0.000000,0.000000,0.000000,0.000000
0.123345,0.000000,0.000000,0.000000,0.000000,0.000000,0.000000
0.127345,0.000000,0.000000,0.000000,0.000000,0.000000,0.000000
0.131345,0.000000,0.000000,0.000000,0.000000,0.000000,0.000000
0.135345,0.000000,0.000000,0.000000,0.000000,0.000000,0.000000
0.139345,0.000000,0.000000,0.000000,0.000000,0.000000,0.000000
0.143345,0.000000,0.000000,0.000000,0.000000,0.000000,0.000000
0.147345,0.000000,0.000000,0.000000,0.000000,0.000000,0.000000
0.151345,0.000000,0.000000,0.000000,0.000000,0.000000,0.000000
0.155345,0.000000,0.000000,0.000000,0.000000,0.000000,0.000000
0.159345,0.000000,0.000000,0.000000,0.000000,0.000000,0.000000
0.163345,0.000000,0.000000,0.000000,0.000000,0.000000,0.000000
0.167345,0.000000,0.000000,0.000000,0.000000,0.000000,0.000000
0.171345,0.000000,0.000000,0.000000,0.000000,0.000000,0.000000
0.175345,0.000000,0.000000,0.000000,0.000000,0.000000,0.000000
0.179345,0.000000,0.000000,0.000000,0.000000,0.000000,0.000000
0.183345,0.000000,0.000000,0.000000,0.000000,0.000000,0.000000
0.187345,0.000000,0.000000,0.000000,0.000000,0.000000,0.000000
0.191345,0.000000,0.000000,0.000000,0.000000,0.000000,0.000000
0.195345,0.000000,0.000000,0.000000,0.000000,0.000000,0.000000
0.199345,0.000000,0.000000,0.000000,0.000000,0.000000,0.000000
0.203345,0.000000,0.000000,0.000000,0.000000,0.000000,0.000000
0.207345,0.000000,0.000000,0.000000,0.000000,0.000000,0.000000
0.211345,0.000000,0.000000,0.000000,0.000000,0.000000,0.000000
0.215345,0.000000,0.000000,0.000000,0.000000,0.000000,0.000000
0.219345,0.000000,0.000000,0.000000,0.000000,0.000000,0.000000
0.223345,0.000000,0.000000,0.000000,0.000000,0.000000,0.000000
0.227345,0.000000,0.000000,0.000000,0.000000,0.000000,0.000000
0.231345,0.000000,0.000000,0.000000,0.000000,0.000000,0.000000
0.235345,0.000000,0.000000,0.000000,0.000000,0.000000,0.000000
0.239345,0.000000,0.000000,0.000000,0.000000,0.000000,0.000000
0.243345,0.000000,0.000000,0.000000,0.000000,0.000000,0.000000
0.247345,0.000000,0.000000,0.000000,0.000000,0.000000,0.000000
0.251345,0.000000,0.000000,0.000000,0.000000,0.000000,0.000000
0.255345,0.000000,0.000000,0.000000,0.000000,0.000000,0.000000
0.259345,0.000000,0.000000,0.000000,0.000000,0.000000,0.000000
0.263345,0.000000,0.000000,0.000000,0.000000,0.000000,0.000000
0.267345,0.000000,0.000000,0.000000,0.000000,0.000000,0.000000
0.271345,0.000000,0.000000,0.000000,0.000000,0.000000,0.000000
0.275345,0.000000,0.000000,0.000000,0.000000,0.000000,0.000000
0.279345,0.000000,0.000000,0.000000,0.000000,0.000000,0.000000
0.283345,0.000000,0.000000,0.000000,0.000000,0.000000,0.000000
0.287345,0.000000,0.000000,0.000000,0.000000,0.000000,0.000000
0.291345,0.000000,0.000000,0.000000,0.000000,0.000000,0.000000
0.295345,0.000000,0.000000,0.000000,0.000000,0.000000,0.000000
0.299345,0.000000,0.000000,0.000000,0.000000,0.000000,0.000000
0.303345,0.000000,0.000000,0.000000,0.000000,0.000000,0.000000
0.307345,0.000000,0.000000,0.000000,0.000000,0.000000,0.000000
0.311345,0.000000,0.000000,0.000000,0.000000,0.000000,0.000000
0.315345,0.000000,0.000000,0.000000,0.000000,0.000000,0.000000
0.319345,0.000000,0.000000,0.000000,0.000000,0.000000,0.000000
0.323345,0.000000,0.000000,0.000000,0.000000,0.000000,0.000000
0.327345,0.000000,0.000000,0.000000,0.000000,0.000000,0.000000
0.331345,0.000000,0.000000,0.000000,0.000000,0.000000,0.000000
0.335345,0.000000,0.000000,0.000000,0.000000,0.000000,0.000000
0.339345,0.000000,0.000000,0.000000,0.000000,0.000000,0.000000
0.343345,0.000000,0.000000,0.000000,0.000000,0.000000,0.000000
0.347345,0.000000,0.000000,0.000000,0.000000,0.000000,0.000000
0.351345,0.000000,0.000000,0.000000,0.000000,0.000000,0.000000
0.355345,0.000000,0.000000,0.000000,0.000000,0.000000,0.000000
0.359345,0.000000,0.000000,0.000000,0.000000,0.000000,0.000000
0.363345,0.000000,0.000000,0.000000,0.000000,0.000000,0.000000
0.367345,0.000000,0.000000,0.000000,0.000000,0.000000,0.000000
0.371345,0.000000,0.000000,0.000000,0.000000,0.000000,0.000000
0.375345,0.000000,0.000000,0.000000,0.000000,0.000000,0.000000
0.379345,0.000000,0.000000,0.000000,0.000000,0.000000,0.000000
0.383345,0.000000,0.000000,0.000000,0.000000,0.000000,0.000000
0.387345,0.000000,0.000000,0.000000,0.000000,0.000000,0.000000
0.391345,0.000000,0.000000,0.000000,0.000000,0.000000,0.000000
0.395345,0.000000,0.000000,0.000000,0.000000,0.000000,0.000000
0.399345,0.000000,0.000000,0.000000,0.000000,0.000000,0.000000
0.403345,0.000000,0.000000,0.000000,0.000000,0.000000,0.000000
0.407345,0.000000,0.000000,0.000000,0.000000,0.000000,0.000000
0.411345,0.000000,0.000000,0.000000,0.000000,0.000000,0.000000
0.415345,0.000000,0.000000,0.000000,0.000000,0.000000,0.000000
0.419345,0.000000,0.000000,0.000000,0.000000,0.000000,0.000000
0.423345,0.000000,0.000000,0.000000,0.000000,0.000000,0.000000
0.427345,0.000000,0.000000,0.000000,0.000000,0.000000,0.000000
0.431345,0.000000,0.000000,0.000000,0.000000,0.000000,0.000000
0.435345,0.000000,0.000000,0.000000,0.000000,0.000000,0.000000
0.439345,0.000000,0.000000,0.000000,0.000000,0.000000,0.000000
0.443345,0.000000,0.000000,0.000000,0.000000,0.000000,0.000000
0.447345,0.000000,0.000000,0.000000,0.000000,0.000000,0.000000
0.451345,0.000000,0.000000,0.000000,0.000000,0.000000,0.000000
0.455345,0.000000,0.000000,0.000000,0.000000,0.000000,0.000000
0.459345,0.000000,0.000000,0.000000,0.000000,0.000000,0.000000
0.463345,0.000000,0.000000,0.000000,0.000000,0.000000,0.000000
0.467345,0.000000,0.000000,0.000000,0.000000,0.000000,0.000000
0.471345,0.000000,0.000000,0.000000,0.000000,0.000000,0.000000
0.475345,0.000000,0.000000,0.000000,0.000000,0.000000,0.000000
0.479345,0.000000,0.000000,0.000000,0.000000,0.000000,0.000000
0.483345,0.000000,0.000000,0.000000,0.000000,0.000000,0.000000
0.487345,0.000000,0.000000,0.000000,0.000000,0.000000,0.000000
0.491345,0.000000,0.000000,0.000000,0.000000,0.000000,0.000000
0.495345,0.000000,0.000000,0.000000,0.000000,0.000000,0.000000
0.499345,0.000000,0.000000,0.000000,0.000000,0.000000,0.000000
0.503345,0.000000,0.000000,0.000000,0.000000,0.000000,0.000000
0.507345,0.000000,0.000000,0.000000,0.000000,0.000000,0.000000
0.511345,0.000000,0.000000,0.000000,0.000000,0.000000,0.000000
0.515345,0.000000,0.000000,0.000000,0.000000,0.000000,0.000000
0.519345,0.000000,0.000000,0.000000,0.000000,0.000000,0.000000
0.523345,0.000000,0.000000,0.000000,0.000000,0.000000,0.000000
0.527345,0.000000,0.000000,0.000000,0.000000,0.000000,0.000000
0.531345,0.000000,0.000000,0.000000,0.000000,0.000000,0.000000
0.535345,0.000000,0.000000,0.000000,0.000000,0.000000,0.000000
0.539345,0.000000,0.000000,0.000000,0.000000,0.000000,0.000000
0.543345,0.000000,0.000000,0.000000,0.000000,0.000000,0.000000
0.547345,0.000000,0.000000,0.000000,0.000000,0.000000,0.000000
0.551345,0.000000,0.000000,0.000000,0.000000,0.000000,0.000000
0.555345,0.000000,0.000000,0.000000,0.000000,0.000000,0.000000
0.559345,0.000000,0.000000,0.000000,0.000000,0.000000,0.000000
0.563345,0.000000,0.000000,0.000000,0.000000,0.000000,0.000000
0.567345,0.000000,0.000000,0.000000,0.000000,0.000000,0.000000
0.571345,0.000000,0.000000,0.000000,0.000000,0.000000,0.000000
0.575345,0.000000,0.000000,0.000000,0.000000,0.000000,0.000000
0.579345,0.000000,0.000000,0.000000,0.000000,0.000000,0.000000
0.583345,0.000000,0.000000,0.000000,0.000000,0.000000,0.000000
0.587345,0.000000,0.000000,0.000000,0.000000,0.000000,0.000000
0.591345,0.000000,0.000000,0.000000,0.000000,0.000000,0.000000
0.595345,0.000000,0.000000,0.000000,0.000000,0.000000,0.000000
0.599345,0.000000,0.000000,0.000000,0.000000,0.000000,0.000000
0.603345,0.000000,0.000000,0.000000,0.000000,0.000000,0.000000
0.607345,0.000000,0.000000,0.000000,0.000000,0.000000,0.000000
0.611345,0.000000,0.000000,0.000000,0.000000,0.000000,0.000000
0.615345,0.000000,0.000000,0.000000,0.000000,0.000000,0.000000
0.619345,0.000000,0.000000,0.000000,0.000000,0.000000,0.000000
0.623345,0.000000,0.000000,0.000000,0.000000,0.000000,0.000000
0.627345,0.000000,0.000000,0.000000,0.000000,0.000000,0.000000
0.631345,0.000000,0.000000,0.000000,0.000000,0.000000,0.000000
0.635345,0.000000,0.000000,0.000000,0.000000,0.000000,0.000000
0.639345,0.000000,0.000000,0.000000,0.000000,0.000000,0.000000
0.643345,0.000000,0.000000,0.000000,0.000000,0.000000,0.000000
0.647345,0.000000,0.000000,0.000000,0.000000,0.000000,0.000000
0.651345,0.000000,0.000000,0.000000,0.000000,0.000000,0.000000
0.655345,0.000000,0.000000,0.000000,0.000000,0.000000,0.000000
0.659345,0.000000,0.000000,0.000000,0.000000,0.000000,0.000000
0.663345,0.000000,0.000000,0.000000,0.000000,0.000000,0.000000
0.667345,0.000000,0.000000,0.000000,0.000000,0.000000,0.000000
0.671345,0.000000,0.000000,0.000000,0.000000,0.000000,0.000000
0.675345,0.000000,0.000000,0.000000,0.000000,0.000000,0.000000
0.679345,0.000000,0.000000,0.000000,0.000000,0.000000,0.000000
0.683345,0.000000,0.000000,0.000000,0.000000,0.000000,0.000000
0.687345,0.000000,0.000000,0.000000,0.000000,0.000000,0.000000
0.691345,0.000000,0.000000,0.000000,0.000000,0.000000,0.000000
0.695345,0.000000,0.000000,0.000000,0.000000,0.000000,0.000000
0.699345,0.000000,0.000000,0.000000,0.000000,0.000000,0.000000
0.703345,0.000000,0.000000,0.000000,0.000000,0.000000,0.000000
0.707345,0.000000,0.000000,0.000000,0.000000,0.000000,0.000000
0.711345,0.000000,0.000000,0.000000,0.000000,0.000000,0.000000
0.715345,0.000000,0.000000,0.000000,0.000000,0.000000,0.000000
0.719345,0.000000,0.000000,0.000000,0.000000,0.000000,0.000000
0.723345,0.000000,0.000000,0.000000,0.000000,0.000000,0.000000
0.727345,0.000000,0.000000,0.000000,0.000000,0.000000,0.000000
0.731345,0.000000,0.000000,0.000000,0.000000,0.000000,0.000000
0.735345,0.000000,0.000000,0.000000,0.000000,0.000000,0.000000
0.739345,0.000000,0.000000,0.000000,0.000000,0.000000,0.000000
0.743345,0.000000,0.000000,0.000000,0.000000,0.000000,0.000000
0.747345,0.000000,0.000000,0.000000,0.000000,0.000000,0.000000
0.751345,0.000000,0.000000,0.000000,0.000000,0.000000,0.000000
0.755345,0.000000,0.000000,0.000000,0.000000,0.000000,0.000000
0.759345,0.000000,0.000000,0.000000,0.000000,0.000000,0.000000
0.763345,0.000000,0.000000,0.000000,0.000000,0.000000,0.000000
0.767345,0.000000,0.000000,0.000000,0.000000,0.000000,0.000000
0.771345,0.000000,0.000000,0.000000,0.000000,0.000000,0.000000
0.775345,0.000000,0.000000,0.000000,0.000000,0.000000,0.000000
0.779345,0.000000,0.000000,0.000000,0.000000,0.000000,0.000000
0.783345,0.000000,0.000000,0.000000,0.000000,0.000000,0.000000
0.787345,0.000000,0.000000,0.000000,0.000000,0.000000,0.000000
0.791345,0.000000,0.000000,0.000000,0.000000,0.000000,0.000000
0.795345,0.000000,0.000000,0.000000,0.000000,0.000000,0.000000
0.799345,0.000000,0.000000,0.000000,0.000000,0.000000,0.000000
0.803345,0.000000,0.000000,0.000000,0.000000,0.000000,0.000000
0.807345,0.000000,0.000000,0.000000,0.000000,0.000000,0.000000
0.811345,0.000000,0.000000,0.000000,0.000000,0.000000,0.000000
0.815345,0.000000,0.000000,0.000000,0.000000,0.000000,0.000000
0.819345,0.000000,0.000000,0.000000,0.000000,0.000000,0.000000
0.823345,0.000000,0.000000,0.000000,0.000000,0.000000,0.000000
0.827345,0.000000,0.000000,0.000000,0.000000,0.000000,0.000000
0.831345,0.000000,0.000000,0.000000,0.000000,0.000000,0.000000
0.835345,0.000000,0.000000,0.000000,0.000000,0.000000,0.000000
0.839345,0.000000,0.000000,0.000000,0.000000,0.000000,0.000000
0.843345,0.000000,0.000000,0.000000,0.000000,0.000000,0.000000
0.847345,0.000000,0.000000,0.000000,0.000000,0.000000,0.000000
0.851345,0.000000,0.000000,0.000000,0.000000,0.000000,0.000000
0.855345,0.000000,0.000000,0.000000,0.000000,0.000000,0.000000
0.859345,0.000000,0.000000,0.000000,0.000000,0.000000,0.000000
0.863345,0.000000,0.000000,0.000000,0.000000,0.000000,0.000000
0.867345,0.000000,0.000000,0.000000,0.000000,0.000000,0.000000
0.871345,0.000000,0.000000,0.000000,0.000000,0.000000,0.000000
0.875345,0.000000,0.000000,0.000000,0.000000,0.000000,0.000000
0.879345,0.000000,0.000000,0.000000,0.000000,0.000000,0.000000
0.883345,0.000000,0.000000,0.000000,0.000000,0.000000,0.000000
0.887345,0.000000,0.000000,0.000000,0.000000,0.000000,0.000000
0.891345,0.000000,0.000000,0.000000,0.000000,0.000000,0.000000
0.895345,0.000000,0.000000,0.000000,0.000000,0.000000,0.000000
0.899345,0.000000,0.000000,0.000000,0.000000,0.000000,0.000000
0.903345,0.000000,0.000000,0.000000,0.000000,0.000000,0.000000
0.907345,0.000000,0.000000,0.000000,0.000000,0.000000,0.000000
0.911345,0.000000,0.000000,0.000000,0.000000,0.000000,0.000000
0.915345,0.000000,0.000000,0.000000,0.000000,0.000000,0.000000
0.919345,0.000000,0.000000,0.000000,0.000000,0.000000,0.000000
0.923345,0.000000,0.000000,0.000000,0.000000,0.000000,0.000000
0.927345,0.000000,0.000000,0.000000,0.000000,0.000000,0.000000
0.931345,0.000000,0.000000,0.000000,0.000000,0.000000,0.000000
0.935345,0.000000,0.000000,0.000000,0.000000,0.000000,0.000000
0.939345,0.000000,0.000000,0.000000,0.000000,0.000000,0.000000
0.943345,0.000000,0.000000,0.000000,0.000000,0.000000,0.000000
0.947345,0.000000,0.000000,0.000000,0.000000,0.000000,0.000000
0.951345,0.000000,0.000000,0.000000,0.000000,0.000000,0.000000
0.955345,0.000000,0.000000,0.000000,0.000000,0.000000,0.000000
0.959345,0.000000,0.000000,0.000000,0.000000,0.000000,0.000000
0.963345,0.000000,0.000000,0.000000,0.000000,0.000000,0.000000
0.967345,0.000000,0.000000,0.000000,0.000000,0.000000,0.000000
0.971345,0.000000,0.000000,0.000000,0.000000,0.000000,0.000000
0.975345,0.000000,0.000000,0.000000,0.000000,0.000000,0.000000
0.979345,0.000000,0.000000,0.000000,0.000000,0.000000,0.000000
0.983345,0.000000,0.000000,0.000000,0.000000,0.000000,0.000000
0.987345,0.000000,0.000000,0.000000,0.000000,0.000000,0.000000
0.991345,0.000000,0.000000,0.000000,0.000000,0.000000,0.000000
0.995345,0.000000,0.000000,0.000000,0.000000,0.000000,0.000000
0.999345,0.000000,0.000000,0.000000,0.000000,0.000000,0.000000
1.003345,0.000000,0.000000,0.000000,0.000000,0.000000,0.000000
1.007345,0.000000,0.000000,0.000000,0.000000,0.000000,0.000000
1.011345,0.000000,0.000000,0.000000,0.000000,0.000000,0.000000
1.015345,0.000000,0.000000,0.000000,0.000000,0.000000,0.000000
1.019345,0.000000,0.000000,0.000000,0.000000,0.000000,0.000000
1.023345,0.000000,0.000000,0.000000,0.000000,0.000000,0.000000
1.027345,0.000000,0.000000,0.000000,0.000000,0.000000,0.000000
1.031345,0.000000,0.000000,0.000000,0.000000,0.000000,0.000000
1.035345,0.000000,0.000000,0.000000,0.000000,0.000000,0.000000
1.039345,0.000000,0.000000,0.000000,0.000000,0.000000,0.000000
1.043345,0.000000,0.000000,0.000000,0.000000,0.000000,0.000000
1.047345,0.000000,0.000000,0.000000,0.000000,0.000000,0.000000
1.051345,0.000000,0.000000,0.000000,0.000000,0.000000,0.000000
1.055345,0.000000,0.000000,0.000000,0.000000,0.000000,0.000000
1.059345,0.000000,0.000000,0.000000,0.000000,0.000000,0.000000
1.063345,0.000000,0.000000,0.000000,0.000000,0.000000,0.000000
1.067345,0.000000,0.000000,0.000000,0.000000,0.000000,0.000000
1.071345,0.000000,0.000000,0.000000,0.000000,0.000000,0.000000
1.075345,0.000000,0.000000,0.000000,0.000000,0.000000,0.000000
1.079345,0.000000,0.000000,0.000000,0.000000,0.000000,0.000000
1.083345,0.000000,0.000000,0.000000,0.000000,0.000000,0.000000
1.087345,0.000000,0.000000,0.000000,0.000000,0.000000,0.000000
1.091345,0.000000,0.000000,0.000000,0.000000,0.000000,0.000000
1.095345,0.000000,0.000000,0.000000,0.000000,0.000000,0.000000
1.099345,0.000000,0.000000,0.000000,0.000000,0.000000,0.000000
1.103345,0.000000,0.000000,0.000000,0.000000,0.000000,0.000000
1.107345,0.000000,0.000000,0.000000,0.000000,0.000000,0.000000
1.111345,0.000000,0.000000,0.000000,0.000000,0.000000,0.000000
1.115345,0.000000,0.000000,0.000000,0.000000,0.000000,0.000000
1.119345,0.000000,0.000000,0.000000,0.000000,0.000000,0.000000
1.123345,0.000000,0.000000,0.000000,0.000000,0.000000,0.000000
1.127345,0.000000,0.000000,0.000000,0.000000,0.000000,0.000000
1.131345,0.000000,0.000000,0.000000,0.000000,0.000000,0.000000
1.135345,0.000000,0.000000,0.000000,0.000000,0.000000,0.000000
1.139345,0.000000,0.000000,0.000000,0.000000,0.000000,0.000000
1.143345,0.000000,0.000000,0.000000,0.000000,0.000000,0.000000
1.147345,0.000000,0.000000,0.000000,0.000000,0.000000,0.000000
1.151345,0.000000,0.000000,0.000000,0.000000,0.000000,0.000000
1.155345,0.000000,0.000000,0.000000,0.000000,0.000000,0.000000
1.159345,0.000000,0.000000,0.000000,0.000000,0.000000,0.000000
1.163345,0.000000,0.000000,0.000000,0.000000,0.000000,0.000000
1.167345,0.000000,0.000000,0.000000,0.000000,0.000000,0.000000
1.171345,0.000000,0.000000,0.000000,0.000000,0.000000,0.000000
1.175345,0.000000,0.000000,0.000000,0.000000,0.000000,0.000000
1.179345,0.000000,0.000000,0.000000,0.000000,0.000000,0.000000
1.183345,0.000000,0.000000,0.000000,0.000000,0.000000,0.000000
1.187345,0.000000,0.000000,0.000000,0.000000,0.000000,0.000000
1.191345,0.000000,0.000000,0.000000,0.000000,0.000000,0.000000
1.195345,0.000000,0.000000,0.000000,0.000000,0.000000,0.000000
1.199345,0.000000,0.000000,0.000000,0.000000,0.000000,0.000000
1.203345,0.000000,0.000000,0.000000,0.000000,0.000000,0.000000
1.207345,0.000000,0.000000,0.000000,0.000000,0.000000,0.000000
1.211345,0.000000,0.000000,0.000000,0.000000,0.000000,0.000000
1.215345,0.000000,0.000000,0.000000,0.000000,0.000000,0.000000
1.219345,0.000000,0.000000,0.000000,0.000000,0.000000,0.000000
1.223345,0.000000,0.000000,0.000000,0.000000,0.000000,0.000000
1.227345,0.000000,0.000000,0.000000,0.000000,0.000000,0.000000
1.231345,0.000000,0.000000,0.000000,0.000000,0.000000,0.000000
1.235345,0.000000,0.000000,0.000000,0.000000,0.000000,0.000000
1.239345,0.000000,0.000000,0.000000,0.000000,0.000000,0.000000
1.243345,0.000000,0.000000,0.000000,0.000000,0.000000,0.000000
1.247345,0.000000,0.000000,0.000000,0.000000,0.000000,0.000000
1.251345,0.000000,0.000000,0.000000,0.000000,0.000000,0.000000
1.255345,0.000000,0.000000,0.000000,0.000000,0.000000,0.000000
1.259345,0.000000,0.000000,0.000000,0.000000,0.000000,0.000000
1.263345,0.000000,0.000000,0.000000,0.000000,0.000000,0.000000
1.267345,0.000000,0.000000,0.000000,0.000000,0.000000,0.000000
1.271345,0.000000,0.000000,0.000000,0.000000,0.000000,0.000000
1.275345,0.000000,0.000000,0.000000,0.000000,0.000000,0.000000
1.279345,0.000000,0.000000,0.000000,0.000000,0.000000,0.000000
1.283345,0.000000,0.000000,0.000000,0.000000,0.000000,0.000000
1.287345,0.000000,0.000000,0.000000,0.000000,0.000000,0.000000
1.291345,0.000000,0.000000,0.000000,0.000000,0.000000,0.000000
1.295345,0.000000,0.000000,0.000000,0.000000,0.000000,0.000000
1.299345,0.000000,0.000000,0.000000,0.000000,0.000000,0.000000
1.303345,0.000000,0.000000,0.000000,0.000000,0.000000,0.000000
1.307345,0.000000,0.000000,0.000000,0.000000,0.000000,0.000000
1.311345,0.000000,0.000000,0.000000,0.000000,0.000000,0.000000
1.315345,0.000000,0.000000,0.000000,0.000000,0.000000,0.000000
1.319345,0.000000,0.000000,0.000000,0.000000,0.000000,0.000000
1.323345,0.000000,0.000000,0.000000,0.000000,0.000000,0.000000
1.327345,0.000000,0.000000,0.000000,0.000000,0.000000,0.000000
1.331345,0.000000,0.000000,0.000000,0.000000,0.000000,0.000000
1.335345,0.000000,0.000000,0.000000,0.000000,0.000000,0.000000
1.339345,0.000000,0.000000,0.000000,0.000000,0.000000,0.000000
1.343345,0.000000,0.000000,0.000000,0.000000,0.000000,0.000000
1.347345,0.000000,0.000000,0.000000,0.000000,0.000000,0.000000
1.351345,0.000000,0.000000,0.000000,0.000000,0.000000,0.000000
1.355345,0.000000,0.000000,0.000000,0.000000,0.000000,0.000000
1.359345,0.000000,0.000000,0.000000,0.000000,0.000000,0.000000
1.363345,0.000000,0.000000,0.000000,0.000000,0.000000,0.000000
1.367345,0.000000,0.000000,0.000000,0.000000,0.000000,0.000000
1.371345,0.000000,0.000000,0.000000,0.000000,0.000000,0.000000
1.375345,0.000000,0.000000,0.000000,0.000000,0.000000,0.000000
1.379345,0.000000,0.000000,0.000000,0.000000,0.000000,0.000000
1.383345,0.000000,0.000000,0.000000,0.000000,0.000000,0.000000
1.387345,0.000000,0.000000,0.000000,0.000000,0.000000,0.000000
1.391345,0.000000,0.000000,0.000000,0.000000,0.000000,0.000000
1.395345,0.000000,0.000000,0.000000,0.000000,0.000000,0.000000
1.399345,0.000000,0.000000,0.000000,0.000000,0.000000,0.000000
1.403345,0.000000,0.000000,0.000000,0.000000,0.000000,0.000000
1.407345,0.000000,0.000000,0.000000,0.000000,0.000000,0.000000
1.411345,0.000000,0.000000,0.000000,0.000000,0.000000,0.000000
1.415345,0.000000,0.000000,0.000000,0.000000,0.000000,0.000000
1.419345,0.000000,0.000000,0.000000,0.000000,0.000000,0.000000
1.423345,0.000000,0.000000,0.000000,0.000000,0.000000,0.000000
1.427345,0.000000,0.000000,0.000000,0.000000,0.000000,0.000000
1.431345,0.000000,0.000000,0.000000,0.000000,0.000000,0.000000
1.435345,0.000000,0.000000,0.000000,0.000000,0.000000,0.000000
1.439345,0.000000,0.000000,0.000000,0.000000,0.000000,0.000000
1.443345,0.000000,0.000000,0.000000,0.000000,0.000000,0.000000
1.447345,0.000000,0.000000,0.000000,0.000000,0.000000,0.000000
1.451345,0.000000,0.000000,0.000000,0.000000,0.000000,0.000000
1.455345,0.000000,0.000000,0.000000,0.000000,0.000000,0.000000
1.459345,0.000000,0.000000,0.000000,0.000000,0.000000,0.000000
1.463345,0.000000,0.000000,0.000000,0.000000,0.000000,0.000000
1.467345,0.000000,0.000000,0.000000,0.000000,0.000000,0.000000
1.471345,0.000000,0.000000,0.000000,0.000000,0.000000,0.000000
1.475345,0.000000,0.000000,0.000000,0.000000,0.000000,0.000000
1.479345,0.000000,0.000000,0.000000,0.000000,0.000000,0.000000
1.483345,0.000000,0.000000,0.000000,0.000000,0.000000,0.000000
1.487345,0.000000,0.000000,0.000000,0.000000,0.000000,0.000000
1.491345,0.000000,0.000000,0.000000,0.000000,0.000000,0.000000
1.495345,0.000000,0.000000,0.000000,0.000000,0.000000,0.000000
1.499345,0.000000,0.000000,0.000000,0.000000,0.000000,0.000000
1.503345,0.000000,0.000000,0.000000,0.000000,0.000000,0.000000
1.507345,0.000000,0.000000,0.000000,0.000000,0.000000,0.000000
1.511345,0.000000,0.000000,0.000000,0.000000,0.000000,0.000000
1.515345,0.000000,0.000000,0.000000,0.000000,0.000000,0.000000
1.519345,0.000000,0.000000,0.000000,0.000000,0.000000,0.000000
1.523345,0.000000,0.000000,0.000000,0.000000,0.000000,0.000000
1.527345,0.000000,0.000000,0.000000,0.000000,0.000000,0.000000
1.531345,0.000000,0.000000,0.000000,0.000000,0.000000,0.000000
1.535345,0.000000,0.000000,0.000000,0.000000,0.000000,0.000000
1.539345,0.000000,0.000000,0.000000,0.000000,0.000000,0.000000
1.543345,0.000000,0.000000,0.000000,0.000000,0.000000,0.000000
1.547345,0.000000,0.000000,0.000000,0.000000,0.000000,0.000000
1.551345,0.000000,0.000000,0.000000,0.000000,0.000000,0.000000
1.555345,0.000000,0.000000,0.000000,0.000000,0.000000,0.000000
1.559345,0.000000,0.000000,0.000000,0.000000,0.000000,0.000000
1.563345,0.000000,0.000000,0.000000,0.000000,0.000000,0.000000
1.567345,0.000000,0.000000,0.000000,0.000000,0.000000,0.000000
1.571345,0.000000,0.000000,0.000000,0.000000,0.000000,0.000000
1.575345,0.000000,0.000000,0.000000,0.000000,0.000000,0.000000
1.579345,0.000000,0.000000,0.000000,0.000000,0.000000,0.000000
1.583345,0.000000,0.000000,0.000000,0.000000,0.000000,0.000000
1.587345,0.000000,0.000000,0.000000,0.000000,0.000000,0.000000
1.591345,0.000000,0.000000,0.000000,0.000000,0.000000,0.000000
1.595345,0.000000,0.000000,0.000000,0.000000,0.000000,0.000000
1.599345,0.000000,0.000000,0.000000,0.000000,0.000000,0.000000
1.603345,0.000000,0.000000,0.000000,0.000000,0.000000,0.000000
1.607345,0.000000,0.000000,0.000000,0.000000,0.000000,0.000000
1.611345,0.000000,0.000000,0.000000,0.000000,0.000000,0.000000
1.615345,0.000000,0.000000,0.000000,0.000000,0.000000,0.000000
1.619345,0.000000,0.000000,0.000000,0.000000,0.000000,0.000000
1.623345,0.000000,0.000000,0.000000,0.000000,0.000000,0.000000
1.627345,0.000000,0.000000,0.000000,0.000000,0.000000,0.000000
1.631345,0.000000,0.000000,0.000000,0.000000,0.000000,0.000000
1.635345,0.000000,0.000000,0.000000,0.000000,0.000000,0.000000
1.639345,0.000000,0.000000,0.000000,0.000000,0.000000,0.000000
1.643345,0.000000,0.000000,0.000000,0.000000,0.000000,0.000000
1.647345,0.000000,0.000000,0.000000,0.000000,0.000000,0.000000
1.651345,0.000000,0.000000,0.000000,0.000000,0.000000,0.000000
1.655345,0.000000,0.000000,0.000000,0.000000,0.000000,0.000000
1.659345,0.000000,0.000000,0.000000,0.000000,0.000000,0.000000
1.663345,0.000000,0.000000,0.000000,0.000000,0.000000,0.000000
1.667345,0.000000,0.000000,0.000000,0.000000,0.000000,0.000000
1.671345,0.000000,0.000000,0.000000,0.000000,0.000000,0.000000
1.675345,0.000000,0.000000,0.000000,0.000000,0.000000,0.000000
1.679345,0.000000,0.000000,0.000000,0.000000,0.000000,0.000000
1.683345,0.000000,0.000000,0.000000,0.000000,0.000000,0.000000
1.687345,0.000000,0.000000,0.000000,0.000000,0.000000,0.000000
1.691345,0.000000,0.000000,0.000000,0.000000,0.000000,0.000000
1.695345,0.000000,0.000000,0.000000,0.000000,0.000000,0.000000
1.699345,0.000000,0.000000,0.000000,0.000000,0.000000,0.000000
1.703345,0.000000,0.000000,0.000000,0.000000,0.000000,0.000000
1.707345,0.000000,0.000000,0.000000,0.000000,0.000000,0.000000
1.711345,0.000000,0.000000,0.000000,0.000000,0.000000,0.000000
1.715345,0.000000,0.000000,0.000000,0.000000,0.000000,0.000000
1.719345,0.000000,0.000000,0.000000,0.000000,0.000000,0.000000
1.723345,0.000000,0.000000,0.000000,0.000000,0.000000,0.000000
1.727345,0.000000,0.000000,0.000000,0.000000,0.000000,0.000000
1.731345,0.000000,0.000000,0.000000,0.000000,0.000000,0.000000
1.735345,0.000000,0.000000,0.000000,0.000000,0.000000,0.000000
1.739345,0.000000,0.000000,0.000000,0.000000,0.000000,0.000000
1.743345,0.000000,0.000000,0.000000,0.000000,0.000000,0.000000
1.747345,0.000000,0.000000,0.000000,0.000000,0.000000,0.000000
1.751345,0.000000,0.000000,0.000000,0.000000,0.000000,0.000000
1.755345,0.000000,0.000000,0.000000,0.000000,0.000000,0.000000
1.759345,0.000000,0.000000,0.000000,0.000000,0.000000,0.000000
1.763345,0.000000,0.000000,0.000000,0.000000,0.000000,0.000000
1.767345,0.000000,0.000000,0.000000,0.000000,0.000000,0.000000
1.771345,0.000000,0.000000,0.000000,0.000000,0.000000,0.000000
1.775345,0.000000,0.000000,0.000000,0.000000,0.000000,0.000000
1.779345,0.000000,0.000000,0.000000,0.000000,0.000000,0.000000
1.783345,0.000000,0.000000,0.000000,0.000000,0.000000,0.000000
1.787345,0.000000,0.000000,0.000000,0.000000,0.000000,0.000000
1.791345,0.000000,0.000000,0.000000,0.000000,0.000000,0.000000
1.795345,0.000000,0.000000,0.000000,0.000000,0.000000,0.000000
1.799345,0.000000,0.000000,0.000000,0.000000,0.000000,0.000000
1.803345,0.000000,0.000000,0.000000,0.000000,0.000000,0.000000
1.807345,0.000000,0.000000,0.000000,0.000000,0.000000,0.000000
1.811345,0.000000,0.000000,0.000000,0.000000,0.000000,0.000000
1.815345,0.000000,0.000000,0.000000,0.000000,0.000000,0.000000
1.819345,0.000000,0.000000,0.000000,0.000000,0.000000,0.000000
1.823345,0.000000,0.000000,0.000000,0.000000,0.000000,0.000000
1.827345,0.000000,0.000000,0.000000,0.000000,0.000000,0.000000
1.831345,0.000000,0.000000,0.000000,0.000000,0.000000,0.000000
1.835345,0.000000,0.000000,0.000000,0.000000,0.000000,0.000000
1.839345,0.000000,0.000000,0.000000,0.000000,0.000000,0.000000
1.843345,0.000000,0.000000,0.000000,0.000000,0.000000,0.000000
1.847345,0.000000,0.000000,0.000000,0.000000,0.000000,0.000000
1.851345,0.000000,0.000000,0.000000,0.000000,0.000000,0.000000
1.855345,0.000000,0.000000,0.000000,0.000000,0.000000,0.000000
1.859345,0.000000,0.000000,0.000000,0.000000,0.000000,0.000000
1.863345,0.000000,0.000000,0.000000,0.000000,0.000000,0.000000
1.867345,0.000000,0.000000,0.000000,0.000000,0.000000,0.000000
1.871345,0.000000,0.000000,0.000000,0.000000,0.000000,0.000000
1.875345,0.000000,0.000000,0.000000,0.000000,0.000000,0.000000
1.879345,0.000000,0.000000,0.000000,0.000000,0.000000,0.000000
1.883345,0.000000,0.000000,0.000000,0.000000,0.000000,0.000000
1.887345,0.000000,0.000000,0.000000,0.000000,0.000000,0.000000
1.891345,0.000000,0.000000,0.000000,0.000000,0.000000,0.000000
1.895345,0.000000,0.000000,0.000000,0.000000,0.000000,0.000000
1.899345,0.000000,0.000000,0.000000,0.000000,0.000000,0.000000
1.903345,0.000000,0.000000,0.000000,0.000000,0.000000,0.000000
1.907345,0.000000,0.000000,0.000000,0.000000,0.000000,0.000000
1.911345,0.000000,0.000000,0.000000,0.000000,0.000000,0.000000
1.915345,0.000000,0.000000,0.000000,0.000000,0.000000,0.000000
1.919345,0.000000,0.000000,0.000000,0.000000,0.000000,0.000000
1.923345,0.000000,0.000000,0.000000,0.000000,0.000000,0.000000
1.927345,0.000000,0.000000,0.000000,0.000000,0.000000,0.000000
1.931345,0.000000,0.000000,0.000000,0.000000,0.000000,0.000000
1.935345,0.000000,0.000000,0.000000,0.000000,0.000000,0.000000
1.939345,0.000000,0.000000,0.000000,0.000000,0.000000,0.000000
1.943345,0.000000,0.000000,0.000000,0.000000,0.000000,0.000000
1.947345,0.000000,0.000000,0.000000,0.000000,0.000000,0.000000
1.951345,0.000000,0.000000,0.000000,0.000000,0.000000,0.000000
1.955345,0.000000,0.000000,0.000000,0.000000,0.000000,0.000000
1.959345,0.000000,0.000000,0.000000,0.000000,0.000000,0.000000
1.963345,0.000000,0.000000,0.000000,0.000000,0.000000,0.000000
1.967345,0.000000,0.000000,0.000000,0.000000,0.000000,0.000000
1.971345,0.000000,0.000000,0.000000,0.000000,0.000000,0.000000
1.975345,0.000000,0.000000,0.000000,0.000000,0.000000,0.000000
1.979345,0.000000,0.000000,0.000000,0.000000,0.000000,0.000000
1.983345,0.000000,0.000000,0.000000,0.000000,0.000000,0.000000
1.987345,0.000000,0.000000,0.000000,0.000000,0.000000,0.000000
1.991345,0.000000,0.000000,0.000000,0.000000,0.000000,0.000000
1.995345,0.000000,0.000000,0.000000,0.000000,0.000000,0.000000
1.999345,0.000000,0.000000,0.000000,0.000000,0.000000,0.000000
2.003345,0.000000,0.000000,0.000000,0.000000,0.000000,0.000000
2.007345,0.000000,0.000000,0.000000,0.000000,0.000000,0.000000
2.011345,0.000000,0.000000,0.000000,0.000000,0.000000,0.000000
2.015345,0.000000,0.000000,0.000000,0.000000,0.000000,0.000000
2.019345,0.000000,0.000000,0.000000,0.000000,0.000000,0.000000
2.023345,0.000000,0.000000,0.000000,0.000000,0.000000,0.000000
2.027345,0.000000,0.000000,0.000000,0.000000,0.000000,0.000000
2.031345,0.000000,0.000000,0.000000,0.000000,0.000000,0.000000
2.035345,0.000000,0.000000,0.000000,0.000000,0.000000,0.000000
2.039345,0.000000,0.000000,0.000000,0.000000,0.000000,0.000000
2.043345,0.000000,0.000000,0.000000,0.000000,0.000000,0.000000
2.047345,0.000000,0.000000,0.000000,0.000000,0.000000,0.000000
2.051345,0.000000,0.000000,0.000000,0.000000,0.000000,0.000000
2.055345,0.000000,0.000000,0.000000,0.000000,0.000000,0.000000
2.059345,0.000000,0.000000,0.000000,0.000000,0.000000,0.000000
2.063345,0.000000,0.000000,0.000000,0.000000,0.000000,0.000000
2.067345,0.000000,0.000000,0.000000,0.000000,0.000000,0.000000
2.071345,0.000000,0.000000,0.000000,0.000000,0.000000,0.000000
2.075345,0.000000,0.000000,0.000000,0.000000,0.000000,0.000000
2.079345,0.000000,0.000000,0.000000,0.000000,0.000000,0.000000
2.083345,0.000000,0.000000,0.000000,0.000000,0.000000,0.000000
2.087345,0.000000,0.000000,0.000000,0.000000,0.000000,0.000000
2.091345,0.000000,0.000000,0.000000,0.000000,0.000000,0.000000
2.095345,0.000000,0.000000,0.000000,0.000000,0.000000,0.000000
2.099345,0.000000,0.000000,0.000000,0.000000,0.000000,0.000000
2.103345,0.000000,0.000000,0.000000,0.000000,0.000000,0.000000
2.107345,0.000000,0.000000,0.000000,0.000000,0.000000,0.000000
2.111345,0.000000,0.000000,0.000000,0.000000,0.000000,0.000000
2.115345,0.000000,0.000000,0.000000,0.000000,0.000000,0.000000
2.119345,0.000000,0.000000,0.000000,0.000000,0.000000,0.000000
2.123345,0.000000,0.000000,0.000000,0.000000,0.000000,0.000000
2.127345,0.000000,0.000000,0.000000,0.000000,0.000000,0.000000
2.131345,0.000000,0.000000,0.000000,0.000000,0.000000,0.000000
2.135345,0.000000,0.000000,0.000000,0.000000,0.000000,0.000000
2.139345,0.000000,0.000000,0.000000,0.000000,0.000000,0.000000
2.143345,0.000000,0.000000,0.000000,0.000000,0.000000,0.000000
2.147345,0.000000,0.000000,0.000000,0.000000,0.000000,0.000000
2.151345,0.000000,0.000000,0.000000,0.000000,0.000000,0.000000
2.155345,0.000000,0.000000,0.000000,0.000000,0.000000,0.000000
2.159345,0.000000,0.000000,0.000000,0.000000,0.000000,0.000000
2.163345,0.000000,0.000000,0.000000,0.000000,0.000000,0.000000
2.167345,0.000000,0.000000,0.000000,0.000000,0.000000,0.000000
2.171345,0.000000,0.000000,0.000000,0.000000,0.000000,0.000000
2.175345,0.000000,0.000000,0.000000,0.000000,0.000000,0.000000
2.179345,0.000000,0.000000,0.000000,0.000000,0.000000,0.000000
2.183345,0.000000,0.000000,0.000000,0.000000,0.000000,0.000000
2.187345,0.000000,0.000000,0.000000,0.000000,0.000000,0.000000
2.191345,0.000000,0.000000,0.000000,0.000000,0.000000,0.000000
2.195345,0.000000,0.000000,0.000000,0.000000,0.000000,0.000000
2.199345,0.000000,0.000000,0.000000,0.000000,0.000000,0.000000
2.203345,0.000000,0.000000,0.000000,0.000000,0.000000,0.000000
2.207345,0.000000,0.000000,0.000000,0.000000,0.000000,0.000000
2.211345,0.000000,0.000000,0.000000,0.000000,0.000000,0.000000
2.215345,0.000000,0.000000,0.000000,0.000000,0.000000,0.000000
2.219345,0.000000,0.000000,0.000000,0.000000,0.000000,0.000000
2.223345,0.000000,0.000000,0.000000,0.000000,0.000000,0.000000
2.227345,0.000000,0.000000,0.000000,0.000000,0.000000,0.000000
2.231345,0.000000,0.000000,0.000000,0.000000,0.000000,0.000000
2.235345,0.000000,0.000000,0.000000,0.000000,0.000000,0.000000
2.239345,0.000000,0.000000,0.000000,0.000000,0.000000,0.000000
2.243345,0.000000,0.000000,0.000000,0.000000,0.000000,0.000000
2.247345,0.000000,0.000000,0.000000,0.000000,0.000000,0.000000
2.251345,0.000000,0.000000,0.000000,0.000000,0.000000,0.000000
2.255345,0.000000,0.000000,0.000000,0.000000,0.000000,0.000000
2.259345,0.000000,0.000000,0.000000,0.000000,0.000000,0.000000
2.263345,0.000000,0.000000,0.000000,0.000000,0.000000,0.000000
2.267345,0.000000,0.000000,0.000000,0.000000,0.000000,0.000000
2.271345,0.000000,0.000000,0.000000,0.000000,0.000000,0.000000
2.275345,0.000000,0.000000,0.000000,0.000000,0.000000,0.000000
2.279345,0.000000,0.000000,0.000000,0.000000,0.000000,0.000000
2.283345,0.000000,0.000000,0.000000,0.000000,0.000000,0.000000
2.287345,0.000000,0.000000,0.000000,0.000000,0.000000,0.000000
2.291345,0.000000,0.000000,0.000000,0.000000,0.000000,0.000000
2.295345,0.000000,0.000000,0.000000,0.000000,0.000000,0.000000
2.299345,0.000000,0.000000,0.000000,0.000000,0.000000,0.000000
2.303345,0.000000,0.000000,0.000000,0.000000,0.000000,0.000000
2.307345,0.000000,0.000000,0.000000,0.000000,0.000000,0.000000
2.311345,0.000000,0.000000,0.000000,0.000000,0.000000,0.000000
2.315345,0.000000,0.000000,0.000000,0.000000,0.000000,0.000000
2.319345,0.000000,0.000000,0.000000,0.000000,0.000000,0.000000
2.323345,0.000000,0.000000,0.000000,0.000000,0.000000,0.000000
2.327345,0.000000,0.000000,0.000000,0.000000,0.000000,0.000000
2.331345,0.000000,0.000000,0.000000,0.000000,0.000000,0.000000
2.335345,0.000000,0.000000,0.000000,0.000000,0.000000,0.000000
2.339345,0.000000,0.000000,0.000000,0.000000,0.000000,0.000000
2.343345,0.000000,0.000000,0.000000,0.000000,0.000000,0.000000
2.347345,0.000000,0.000000,0.000000,0.000000,0.000000,0.000000
2.351345,0.000000,0.000000,0.000000,0.000000,0.000000,0.000000
2.355345,0.000000,0.000000,0.000000,0.000000,0.000000,0.000000
2.359345,0.000000,0.000000,0.000000,0.000000,0.000000,0.000000
2.363345,0.000000,0.000000,0.000000,0.000000,0.000000,0.000000
2.367345,0.000000,0.000000,0.000000,0.000000,0.000000,0.000000
2.371345,0.000000,0.000000,0.000000,0.000000,0.000000,0.000000
2.375345,0.000000,0.000000,0.000000,0.000000,0.000000,0.000000
2.379345,0.000000,0.000000,0.000000,0.000000,0.000000,0.000000
2.383345,0.000000,0.000000,0.000000,0.000000,0.000000,0.000000
2.387345,0.000000,0.000000,0.000000,0.000000,0.000000,0.000000
2.391345,0.000000,0.000000,0.000000,0.000000,0.000000,0.000000
2.395345,0.000000,0.000000,0.000000,0.000000,0.000000,0.000000
2.399345,0.000000,0.000000,0.000000,0.000000,0.000000,0.000000
2.403345,0.000000,0.000000,0.000000,0.000000,0.000000,0.000000
2.407345,0.000000,0.000000,0.000000,0.000000,0.000000,0.000000
2.411345,0.000000,0.000000,0.000000,0.000000,0.000000,0.000000
2.415345,0.000000,0.000000,0.000000,0.000000,0.000000,0.000000
2.419345,0.000000,0.000000,0.000000,0.000000,0.000000,0.000000
2.423345,0.000000,0.000000,0.000000,0.000000,0.000000,0.000000
2.427345,0.000000,0.000000,0.000000,0.000000,0.000000,0.000000
2.431345,0.000000,0.000000,0.000000,0.000000,0.000000,0.000000
2.435345,0.000000,0.000000,0.000000,0.000000,0.000000,0.000000
2.439345,0.000000,0.000000,0.000000,0.000000,0.000000,0.000000
2.443345,0.000000,0.000000,0.000000,0.000000,0.000000,0.000000
2.447345,0.000000,0.000000,0.000000,0.000000,0.000000,0.000000
2.451345,0.000000,0.000000,0.000000,0.000000,0.000000,0.000000
2.455345,0.000000,0.000000,0.000000,0.000000,0.000000,0.000000
2.459345,0.000000,0.000000,0.000000,0.000000,0.000000,0.000000
2.463345,0.000000,0.000000,0.000000,0.000000,0.000000,0.000000
2.467345,0.000000,0.000000,0.000000,0.000000,0.000000,0.000000
2.471345,0.000000,0.000000,0.000000,0.000000,0.000000,0.000000
2.475345,0.000000,0.000000,0.000000,0.000000,0.000000,0.000000
2.479345,0.000000,0.000000,0.000000,0.000000,0.000000,0.000000
2.483345,0.000000,0.000000,0.000000,0.000000,0.000000,0.000000
2.487345,0.000000,0.000000,0.000000,0.000000,0.000000,0.000000
2.491345,0.000000,0.000000,0.000000,0.000000,0.000000,0.000000
2.495345,0.000000,0.000000,0.000000,0.000000,0.000000,0.000000
2.499345,0.000000,0.000000,0.000000,0.000000,0.000000,0.000000
2.503345,0.000000,0.000000,0.000000,0.000000,0.000000,0.000000
2.507345,0.000000,0.000000,0.000000,0.000000,0.000000,0.000000
2.511345,0.000000,0.000000,0.000000,0.000000,0.000000,0.000000
2.515345,0.000000,0.000000,0.000000,0.000000,0.000000,0.000000
2.519345,0.000000,0.000000,0.000000,0.000000,0.000000,0.000000
2.523345,0.000000,0.000000,0.000000,0.000000,0.000000,0.000000
2.527345,0.000000,0.000000,0.000000,0.000000,0.000000,0.000000
2.531345,0.000000,0.000000,0.000000,0.000000,0.000000,0.000000
2.535345,0.000000,0.000000,0.000000,0.000000,0.000000,0.000000
2.539345,0.000000,0.000000,0.000000,0.000000,0.000000,0.000000
2.543345,0.000000,0.000000,0.000000,0.000000,0.000000,0.000000
2.547345,0.000000,0.000000,0.000000,0.000000,0.000000,0.000000
2.551345,0.000000,0.000000,0.000000,0.000000,0.000000,0.000000
2.555345,0.000000,0.000000,0.000000,0.000000,0.000000,0.000000
2.559345,0.000000,0.000000,0.000000,0.000000,0.000000,0.000000
2.563345,0.000000,0.000000,0.000000,0.000000,0.000000,0.000000
2.567345,0.000000,0.000000,0.000000,0.000000,0.000000,0.000000
2.571345,0.000000,0.000000,0.000000,0.000000,0.000000,0.000000
2.575345,0.000000,0.000000,0.000000,0.000000,0.000000,0.000000
2.579345,0.000000,0.000000,0.000000,0.000000,0.000000,0.000000
2.583345,0.000000,0.000000,0.000000,0.000000,0.000000,0.000000
2.587345,0.000000,0.000000,0.000000,0.000000,0.000000,0.000000
2.591345,0.000000,0.000000,0.000000,0.000000,0.000000,0.000000
2.595345,0.000000,0.000000,0.000000,0.000000,0.000000,0.000000
2.599345,0.000000,0.000000,0.000000,0.000000,0.000000,0.000000
2.603345,0.000000,0.000000,0.000000,0.000000,0.000000,0.000000
2.607345,0.000000,0.000000,0.000000,0.000000,0.000000,0.000000
2.611345,0.000000,0.000000,0.000000,0.000000,0.000000,0.000000
2.615345,0.000000,0.000000,0.000000,0.000000,0.000000,0.000000
2.619345,0.000000,0.000000,0.000000,0.000000,0.000000,0.000000
2.623345,0.000000,0.000000,0.000000,0.000000,0.000000,0.000000
2.627345,0.000000,0.000000,0.000000,0.000000,0.000000,0.000000
2.631345,0.000000,0.000000,0.000000,0.000000,0.000000,0.000000
2.635345,0.000000,0.000000,0.000000,0.000000,0.000000,0.000000
2.639345,0.000000,0.000000,0.000000,0.000000,0.000000,0.000000
2.643345,0.000000,0.000000,0.000000,0.000000,0.000000,0.000000
2.647345,0.000000,0.000000,0.000000,0.000000,0.000000,0.000000
2.651345,0.000000,0.000000,0.000000,0.000000,0.000000,0.000000
2.655345,0.000000,0.000000,0.000000,0.000000,0.000000,0.000000
2.659345,0.000000,0.000000,0.000000,0.000000,0.000000,0.000000
2.663345,0.000000,0.000000,0.000000,0.000000,0.000000,0.000000
2.667345,0.000000,0.000000,0.000000,0.000000,0.000000,0.000000
2.671345,0.000000,0.000000,0.000000,0.000000,0.000000,0.000000
2.675345,0.000000,0.000000,0.000000,0.000000,0.000000,0.000000
2.679345,0.000000,0.000000,0.000000,0.000000,0.000000,0.000000
2.683345,0.000000,0.000000,0.000000,0.000000,0.000000,0.000000
2.687345,0.000000,0.000000,0.000000,0.000000,0.000000,0.000000
2.691345,0.000000,0.000000,0.000000,0.000000,0.000000,0.000000
2.695345,0.000000,0.000000,0.000000,0.000000,0.000000,0.000000
2.699345,0.000000,0.000000,0.000000,0.000000,0.000000,0.000000
2.703345,0.000000,0.000000,0.000000,0.000000,0.000000,0.000000
2.707345,0.000000,0.000000,0.000000,0.000000,0.000000,0.000000
2.711345,0.000000,0.000000,0.000000,0.000000,0.000000,0.000000
2.715345,0.000000,0.000000,0.000000,0.000000,0.000000,0.000000
2.719345,0.000000,0.000000,0.000000,0.000000,0.000000,0.000000
2.723345,0.000000,0.000000,0.000000,0.000000,0.000000,0.000000
2.727345,0.000000,0.000000,0.000000,0.000000,0.000000,0.000000
2.731345,0.000000,0.000000,0.000000,0.000000,0.000000,0.000000
2.735345,0.000000,0.000000,0.000000,0.000000,0.000000,0.000000
2.739345,0.000000,0.000000,0.000000,0.000000,0.000000,0.000000
2.743345,0.000000,0.000000,0.000000,0.000000,0.000000,0.000000
2.747345,0.000000,0.000000,0.000000,0.000000,0.000000,0.000000
2.751345,0.000000,0.000000,0.000000,0.000000,0.000000,0.000000
2.755345,0.000000,0.000000,0.000000,0.000000,0.000000,0.000000
2.759345,0.000000,0.000000,0.000000,0.000000,0.000000,0.000000
2.763345,0.000000,0.000000,0.000000,0.000000,0.000000,0.000000
2.767345,0.000000,0.000000,0.000000,0.000000,0.000000,0.000000
2.771345,0.000000,0.000000,0.000000,0.000000,0.000000,0.000000
2.775345,0.000000,0.000000,0.000000,0.000000,0.000000,0.000000
2.779345,0.000000,0.000000,0.000000,0.000000,0.000000,0.000000
2.783345,0.000000,0.000000,0.000000,0.000000,0.000000,0.000000
2.787345,0.000000,0.000000,0.000000,0.000000,0.000000,0.000000
2.791345,0.000000,0.000000,0.000000,0.000000,0.000000,0.000000
2.795345,0.000000,0.000000,0.000000,0.000000,0.000000,0.000000
2.799345,0.000000,0.000000,0.000000,0.000000,0.000000,0.000000
2.803345,0.000000,0.000000,0.000000,0.000000,0.000000,0.000000
2.807345,0.000000,0.000000,0.000000,0.000000,0.000000,0.000000
2.811345,0.000000,0.000000,0.000000,0.000000,0.000000,0.000000
2.815345,0.000000,0.000000,0.000000,0.000000,0.000000,0.000000
2.819345,0.000000,0.000000,0.000000,0.000000,0.000000,0.000000
2.823345,0.000000,0.000000,0.000000,0.000000,0.000000,0.000000
2.827345,0.000000,0.000000,0.000000,0.000000,0.000000,0.000000
2.831345,0.000000,0.000000,0.000000,0.000000,0.000000,0.000000
2.835345,0.000000,0.000000,0.000000,0.000000,0.000000,0.000000
2.839345,0.000000,0.000000,0.000000,0.000000,0.000000,0.000000
2.843345,0.000000,0.000000,0.000000,0.000000,0.000000,0.000000
2.847345,0.000000,0.000000,0.000000,0.000000,0.000000,0.000000
2.851345,0.000000,0.000000,0.000000,0.000000,0.000000,0.000000
2.855345,0.000000,0.000000,0.000000,0.000000,0.000000,0.000000
2.859345,0.000000,0.000000,0.000000,0.000000,0.000000,0.000000
2.863345,0.000000,0.000000,0.000000,0.000000,0.000000,0.000000
2.867345,0.000000,0.000000,0.000000,0.000000,0.000000,0.000000
2.871345,0.000000,0.000000,0.000000,0.000000,0.000000,0.000000
2.875345,0.000000,0.000000,0.000000,0.000000,0.000000,0.000000
2.879345,0.000000,0.000000,0.000000,0.000000,0.000000,0.000000
2.883345,0.000000,0.000000,0.000000,0.000000,0.000000,0.000000
2.887345,0.000000,0.000000,0.000000,0.000000,0.000000,0.000000
2.891345,0.000000,0.000000,0.000000,0.000000,0.000000,0.000000
2.895345,0.000000,0.000000,0.000000,0.000000,0.000000,0.000000
2.899345,0.000000,0.000000,0.000000,0.000000,0.000000,0.000000
2.903345,0.000000,0.000000,0.000000,0.000000,0.000000,0.000000
2.907345,0.000000,0.000000,0.000000,0.000000,0.000000,0.000000
2.911345,0.000000,0.000000,0.000000,0.000000,0.000000,0.000000
2.915345,0.000000,0.000000,0.000000,0.000000,0.000000,0.000000
2.919345,0.000000,0.000000,0.000000,0.000000,0.000000,0.000000
2.923345,0.000000,0.000000,0.000000,0.000000,0.000000,0.000000
2.927345,0.000000,0.000000,0.000000,0.000000,0.000000,0.000000
2.931345,0.000000,0.000000,0.000000,0.000000,0.000000,0.000000
2.935345,0.000000,0.000000,0.000000,0.000000,0.000000,0.000000
2.939345,0.000000,0.000000,0.000000,0.000000,0.000000,0.000000
2.943345,0.000000,0.000000,0.000000,0.000000,0.000000,0.000000
2.947345,0.000000,0.000000,0.000000,0.000000,0.000000,0.000000
2.951345,0.000000,0.000000,0.000000,0.000000,0.000000,0.000000
2.955345,0.000000,0.000000,0.000000,0.000000,0.000000,0.000000
2.959345,0.000000,0.000000,0.000000,0.000000,0.000000,0.000000
2.963345,0.000000,0.000000,0.000000,0.000000,0.000000,0.000000
2.967345,0.000000,0.000000,0.000000,0.000000,0.000000,0.000000
2.971345,0.000000,0.000000,0.000000,0.000000,0.000000,0.000000
2.975345,0.000000,0.000000,0.000000,0.000000,0.000000,0.000000
2.979345,0.000000,0.000000,0.000000,0.000000,0.000000,0.000000
2.983345,0.000000,0.000000,0.000000,0.000000,0.000000,0.000000
2.987345,0.000000,0.000000,0.000000,0.000000,0.000000,0.000000
2.991345,0.000000,0.000000,0.000000,0.000000,0.000000,0.000000
2.995345,0.000000,0.000000,0.000000,0.000000,0.000000,0.000000
2.999345,0.000000,0.000000,0.000000,0.000000,0.000000,0.000000
3.003345,0.000000,0.000000,0.000000,0.000000,0.000000,0.000000
3.007345,0.000000,0.000000,0.000000,0.000000,0.000000,0.000000
3.011345,0.000000,0.000000,0.000000,0.000000,0.000000,0.000000
3.015345,0.000000,0.000000,0.000000,0.000000,0.000000,0.000000
3.019345,0.000000,0.000000,0.000000,0.000000,0.000000,0.000000
3.023345,0.000000,0.000000,0.000000,0.000000,0.000000,0.000000
3.027345,0.000000,0.000000,0.000000,0.000000,0.000000,0.000000
3.031345,0.000000,0.000000,0.000000,0.000000,0.000000,0.000000
3.035345,0.000000,0.000000,0.000000,0.000000,0.000000,0.000000
3.039345,0.000000,0.000000,0.000000,0.000000,0.000000,0.000000
3.043345,0.000000,0.000000,0.000000,0.000000,0.000000,0.000000
3.047345,0.000000,0.000000,0.000000,0.000000,0.000000,0.000000
3.051345,0.000000,0.000000,0.000000,0.000000,0.000000,0.000000
3.055345,0.000000,0.000000,0.000000,0.000000,0.000000,0.000000
3.059345,0.000000,0.000000,0.000000,0.000000,0.000000,0.000000
3.063345,0.000000,0.000000,0.000000,0.000000,0.000000,0.000000
3.067345,0.000000,0.000000,0.000000,0.000000,0.000000,0.000000
3.071345,0.000000,0.000000,0.000000,0.000000,0.000000,0.000000
3.075345,0.000000,0.000000,0.000000,0.000000,0.000000,0.000000
3.079345,0.000000,0.000000,0.000000,0.000000,0.000000,0.000000
3.083345,0.000000,0.000000,0.000000,0.000000,0.000000,0.000000
3.087345,0.000000,0.000000,0.000000,0.000000,0.000000,0.000000
3.091345,0.000000,0.000000,0.000000,0.000000,0.000000,0.000000
3.095345,0.000000,0.000000,0.000000,0.000000,0.000000,0.000000
3.099345,0.000000,0.000000,0.000000,0.000000,0.000000,0.000000
3.103345,0.000000,0.000000,0.000000,0.000000,0.000000,0.000000
3.107345,0.000000,0.000000,0.000000,0.000000,0.000000,0.000000
3.111345,0.000000,0.000000,0.000000,0.000000,0.000000,0.000000
3.115345,0.000000,0.000000,0.000000,0.000000,0.000000,0.000000
3.119345,0.000000,0.000000,0.000000,0.000000,0.000000,0.000000
3.123345,0.000000,0.000000,0.000000,0.000000,0.000000,0.000000
3.127345,0.000000,0.000000,0.000000,0.000000,0.000000,0.000000
3.131345,0.000000,0.000000,0.000000,0.000000,0.000000,0.000000
3.135345,0.000000,0.000000,0.000000,0.000000,0.000000,0.000000
3.139345,0.000000,0.000000,0.000000,0.000000,0.000000,0.000000
3.143345,0.000000,0.000000,0.000000,0.000000,0.000000,0.000000
3.147345,0.000000,0.000000,0.000000,0.000000,0.000000,0.000000
3.151345,0.000000,0.000000,0.000000,0.000000,0.000000,0.000000
3.155345,0.000000,0.000000,0.000000,0.000000,0.000000,0.000000
3.159345,0.000000,0.000000,0.000000,0.000000,0.000000,0.000000
3.163345,0.000000,0.000000,0.000000,0.000000,0.000000,0.000000
3.167345,0.000000,0.000000,0.000000,0.000000,0.000000,0.000000
3.171345,0.000000,0.000000,0.000000,0.000000,0.000000,0.000000
3.175345,0.000000,0.000000,0.000000,0.000000,0.000000,0.000000
3.179345,0.000000,0.000000,0.000000,0.000000,0.000000,0.000000
3.183345,0.000000,0.000000,0.000000,0.000000,0.000000,0.000000
3.187345,0.000000,0.000000,0.000000,0.000000,0.000000,0.000000
3.191345,0.000000,0.000000,0.000000,0.000000,0.000000,0.000000
3.195345,0.000000,0.000000,0.000000,0.000000,0.000000,0.000000
3.199345,0.000000,0.000000,0.000000,0.000000,0.000000,0.000000
3.203345,0.000000,0.000000,0.000000,0.000000,0.000000,0.000000
3.207345,0.000000,0.000000,0.000000,0.000000,0.000000,0.000000
3.211345,0.000000,0.000000,0.000000,0.000000,0.000000,0.000000
3.215345,0.000000,0.000000,0.000000,0.000000,0.000000,0.000000
3.219345,0.000000,0.000000,0.000000,0.000000,0.000000,0.000000
3.223345,0.000000,0.000000,0.000000,0.000000,0.000000,0.000000
3.227345,0.000000,0.000000,0.000000,0.000000,0.000000,0.000000
3.231345,0.000000,0.000000,0.000000,0.000000,0.000000,0.000000
3.235345,0.000000,0.000000,0.000000,0.000000,0.000000,0.000000
3.239345,0.000000,0.000000,0.000000,0.000000,0.000000,0.000000
3.243345,0.000000,0.000000,0.000000,0.000000,0.000000,0.000000
3.247345,0.000000,0.000000,0.000000,0.000000,0.000000,0.000000
3.251345,0.000000,0.000000,0.000000,0.000000,0.000000,0.000000
3.255345,0.000000,0.000000,0.000000,0.000000,0.000000,0.000000
3.259345,0.000000,0.000000,0.000000,0.000000,0.000000,0.000000
3.263345,0.000000,0.000000,0.000000,0.000000,0.000000,0.000000
3.267345,0.000000,0.000000,0.000000,0.000000,0.000000,0.000000
3.271345,0.000000,0.000000,0.000000,0.000000,0.000000,0.000000
3.275345,0.000000,0.000000,0.000000,0.000000,0.000000,0.000000
3.279345,0.000000,0.000000,0.000000,0.000000,0.000000,0.000000
3.283345,0.000000,0.000000,0.000000,0.000000,0.000000,0.000000
3.287345,0.000000,0.000000,0.000000,0.000000,0.000000,0.000000
3.291345,0.000000,0.000000,0.000000,0.000000,0.000000,0.000000
3.295345,0.000000,0.000000,0.000000,0.000000,0.000000,0.000000
3.299345,0.000000,0.000000,0.000000,0.000000,0.000000,0.000000
3.303345,0.000000,0.000000,0.000000,0.000000,0.000000,0.000000
3.307345,0.000000,0.000000,0.000000,0.000000,0.000000,0.000000
3.311345,0.000000,0.000000,0.000000,0.000000,0.000000,0.000000
3.315345,0.000000,0.000000,0.000000,0.000000,0.000000,0.000000
3.319345,0.000000,0.000000,0.000000,0.000000,0.000000,0.000000
3.323345,0.000000,0.000000,0.000000,0.000000,0.000000,0.000000
3.327345,0.000000,0.000000,0.000000,0.000000,0.000000,0.000000
3.331345,0.000000,0.000000,0.000000,0.000000,0.000000,0.000000
3.335345,0.000000,0.000000,0.000000,0.000000,0.000000,0.000000
3.339345,0.000000,0.000000,0.000000,0.000000,0.000000,0.000000
3.343345,0.000000,0.000000,0.000000,0.000000,0.000000,0.000000
3.347345,0.000000,0.000000,0.000000,0.000000,0.000000,0.000000
3.351345,0.000000,0.000000,0.000000,0.000000,0.000000,0.000000
3.355345,0.000000,0.000000,0.000000,0.000000,0.000000,0.000000
3.359345,0.000000,0.000000,0.000000,0.000000,0.000000,0.000000
3.363345,0.000000,0.000000,0.000000,0.000000,0.000000,0.000000
3.367345,0.000000,0.000000,0.000000,0.000000,0.000000,0.000000
3.371345,0.000000,0.000000,0.000000,0.000000,0.000000,0.000000
3.375345,0.000000,0.000000,0.000000,0.000000,0.000000,0.000000
3.379345,0.000000,0.000000,0.000000,0.000000,0.000000,0.000000
3.383345,0.000000,0.000000,0.000000,0.000000,0.000000,0.000000
3.387345,0.000000,0.000000,0.000000,0.000000,0.000000,0.000000
3.391345,0.000000,0.000000,0.000000,0.000000,0.000000,0.000000
3.395345,0.000000,0.000000,0.000000,0.000000,0.000000,0.000000
3.399345,0.000000,0.000000,0.000000,0.000000,0.000000,0.000000
3.403345,0.000000,0.000000,0.000000,0.000000,0.000000,0.000000
3.407345,0.000000,0.000000,0.000000,0.000000,0.000000,0.000000
3.411345,0.000000,0.000000,0.000000,0.000000,0.000000,0.000000
3.415345,0.000000,0.000000,0.000000,0.000000,0.000000,0.000000
3.419345,0.000000,0.000000,0.000000,0.000000,0.000000,0.000000
3.423345,0.000000,0.000000,0.000000,0.000000,0.000000,0.000000
3.427345,0.000000,0.000000,0.000000,0.000000,0.000000,0.000000
3.431345,0.000000,0.000000,0.000000,0.000000,0.000000,0.000000
3.435345,0.000000,0.000000,0.000000,0.000000,0.000000,0.000000
3.439345,0.000000,0.000000,0.000000,0.000000,0.000000,0.000000
3.443345,0.000000,0.000000,0.000000,0.000000,0.000000,0.000000
3.447345,0.000000,0.000000,0.000000,0.000000,0.000000,0.000000
3.451345,0.000000,0.000000,0.000000,0.000000,0.000000,0.000000
3.455345,0.000000,0.000000,0.000000,0.000000,0.000000,0.000000
3.459345,0.000000,0.000000,0.000000,0.000000,0.000000,0.000000
3.463345,0.000000,0.000000,0.000000,0.000000,0.000000,0.000000
3.467345,0.000000,0.000000,0.000000,0.000000,0.000000,0.000000
3.471345,0.000000,0.000000,0.000000,0.000000,0.000000,0.000000
3.475345,0.000000,0.000000,0.000000,0.000000,0.000000,0.000000
3.479345,0.000000,0.000000,0.000000,0.000000,0.000000,0.000000
3.483345,0.000000,0.000000,0.000000,0.000000,0.000000,0.000000
3.487345,0.000000,0.000000,0.000000,0.000000,0.000000,0.000000
3.491345,0.000000,0.000000,0.000000,0.000000,0.000000,0.000000
3.495345,0.000000,0.000000,0.000000,0.000000,0.000000,0.000000
3.499345,0.000000,0.000000,0.000000,0.000000,0.000000,0.000000
3.503345,0.000000,0.000000,0.000000,0.000000,0.000000,0.000000
3.507345,0.000000,0.000000,0.000000,0.000000,0.000000,0.000000
3.511345,0.000000,0.000000,0.000000,0.000000,0.000000,0.000000
3.515345,0.000000,0.000000,0.000000,0.000000,0.000000,0.000000
3.519345,0.000000,0.000000,0.000000,0.000000,0.000000,0.000000
3.523345,0.000000,0.000000,0.000000,0.000000,0.000000,0.000000
3.527345,0.000000,0.000000,0.000000,0.000000,0.000000,0.000000
3.531345,0.000000,0.000000,0.000000,0.000000,0.000000,0.000000
3.535345,0.000000,0.000000,0.000000,0.000000,0.000000,0.000000
3.539345,0.000000,0.000000,0.000000,0.000000,0.000000,0.000000
3.543345,0.000000,0.000000,0.000000,0.000000,0.000000,0.000000
3.547345,0.000000,0.000000,0.000000,0.000000,0.000000,0.000000
3.551345,0.000000,0.000000,0.000000,0.000000,0.000000,0.000000
3.555345,0.000000,0.000000,0.000000,0.000000,0.000000,0.000000
3.559345,0.000000,0.000000,0.000000,0.000000,0.000000,0.000000
3.563345,0.000000,0.000000,0.000000,0.000000,0.000000,0.000000
3.567345,0.000000,0.000000,0.000000,0.000000,0.000000,0.000000
3.571345,0.000000,0.000000,0.000000,0.000000,0.000000,0.000000
3.575345,0.000000,0.000000,0.000000,0.000000,0.000000,0.000000
3.579345,0.000000,0.000000,0.000000,0.000000,0.000000,0.000000
3.583345,0.000000,0.000000,0.000000,0.000000,0.000000,0.000000
3.587345,0.000000,0.000000,0.000000,0.000000,0.000000,0.000000
3.591345,0.000000,0.000000,0.000000,0.000000,0.000000,0.000000
3.595345,0.000000,0.000000,0.000000,0.000000,0.000000,0.000000
3.599345,0.000000,0.000000,0.000000,0.000000,0.000000,0.000000
3.603345,0.000000,0.000000,0.000000,0.000000,0.000000,0.000000
3.607345,0.000000,0.000000,0.000000,0.000000,0.000000,0.000000
3.611345,0.000000,0.000000,0.000000,0.000000,0.000000,0.000000
3.615345,0.000000,0.000000,0.000000,0.000000,0.000000,0.000000
3.619345,0.000000,0.000000,0.000000,0.000000,0.000000,0.000000
3.623345,0.000000,0.000000,0.000000,0.000000,0.000000,0.000000
3.627345,0.000000,0.000000,0.000000,0.000000,0.000000,0.000000
3.631345,0.000000,0.000000,0.000000,0.000000,0.000000,0.000000
3.635345,0.000000,0.000000,0.000000,0.000000,0.000000,0.000000
3.639345,0.000000,0.000000,0.000000,0.000000,0.000000,0.000000
3.643345,0.000000,0.000000,0.000000,0.000000,0.000000,0.000000
3.647345,0.000000,0.000000,0.000000,0.000000,0.000000,0.000000
3.651345,0.000000,0.000000,0.000000,0.000000,0.000000,0.000000
3.655345,0.000000,0.000000,0.000000,0.000000,0.000000,0.000000
3.659345,0.000000,0.000000,0.000000,0.000000,0.000000,0.000000
3.663345,0.000000,0.000000,0.000000,0.000000,0.000000,0.000000
3.667345,0.000000,0.000000,0.000000,0.000000,0.000000,0.000000
3.671345,0.000000,0.000000,0.000000,0.000000,0.000000,0.000000
3.675345,0.000000,0.000000,0.000000,0.000000,0.000000,0.000000
3.679345,0.000000,0.000000,0.000000,0.000000,0.000000,0.000000
3.683345,0.000000,0.000000,0.000000,0.000000,0.000000,0.000000
3.687345,0.000000,0.000000,0.000000,0.000000,0.000000,0.000000
3.691345,0.000000,0.000000,0.000000,0.000000,0.000000,0.000000
3.695345,0.000000,0.000000,0.000000,0.000000,0.000000,0.000000
3.699345,0.000000,0.000000,0.000000,0.000000,0.000000,0.000000
3.703345,0.000000,0.000000,0.000000,0.000000,0.000000,0.000000
3.707345,0.000000,0.000000,0.000000,0.000000,0.000000,0.000000
3.711345,0.000000,0.000000,0.000000,0.000000,0.000000,0.000000
3.715345,0.000000,0.000000,0.000000,0.000000,0.000000,0.000000
3.719345,0.000000,0.000000,0.000000,0.000000,0.000000,0.000000
3.723345,0.000000,0.000000,0.000000,0.000000,0.000000,0.000000
3.727345,0.000000,0.000000,0.000000,0.000000,0.000000,0.000000
3.731345,0.000000,0.000000,0.000000,0.000000,0.000000,0.000000
3.735345,0.000000,0.000000,0.000000,0.000000,0.000000,0.000000
3.739345,0.000000,0.000000,0.000000,0.000000,0.000000,0.000000
3.743345,0.000000,0.000000,0.000000,0.000000,0.000000,0.000000
3.747345,0.000000,0.000000,0.000000,0.000000,0.000000,0.000000
3.751345,0.000000,0.000000,0.000000,0.000000,0.000000,0.000000
3.755345,0.000000,0.000000,0.000000,0.000000,0.000000,0.000000
3.759345,0.000000,0.000000,0.000000,0.000000,0.000000,0.000000
3.763345,0.000000,0.000000,0.000000,0.000000,0.000000,0.000000
3.767345,0.000000,0.000000,0.000000,0.000000,0.000000,0.000000
3.771345,0.000000,0.000000,0.000000,0.000000,0.000000,0.000000
3.775345,0.000000,0.000000,0.000000,0.000000,0.000000,0.000000
3.779345,0.000000,0.000000,0.000000,0.000000,0.000000,0.000000
3.783345,0.000000,0.000000,0.000000,0.000000,0.000000,0.000000
3.787345,0.000000,0.000000,0.000000,0.000000,0.000000,0.000000
3.791345,0.000000,0.000000,0.000000,0.000000,0.000000,0.000000
3.795345,0.000000,0.000000,0.000000,0.000000,0.000000,0.000000
3.799345,0.000000,0.000000,0.000000,0.000000,0.000000,0.000000
3.803345,0.000000,0.000000,0.000000,0.000000,0.000000,0.000000
3.807345,0.000000,0.000000,0.000000,0.000000,0.000000,0.000000
3.811345,0.000000,0.000000,0.000000,0.000000,0.000000,0.000000
3.815345,0.000000,0.000000,0.000000,0.000000,0.000000,0.000000
3.819345,0.000000,0.000000,0.000000,0.000000,0.000000,0.000000
3.823345,0.000000,0.000000,0.000000,0.000000,0.000000,0.000000
3.827345,0.000000,0.000000,0.000000,0.000000,0.000000,0.000000
3.831345,0.000000,0.000000,0.000000,0.000000,0.000000,0.000000
3.835345,0.000000,0.000000,0.000000,0.000000,0.000000,0.000000
3.839345,0.000000,0.000000,0.000000,0.000000,0.000000,0.000000
3.843345,0.000000,0.000000,0.000000,0.000000,0.000000,0.000000
3.847345,0.000000,0.000000,0.000000,0.000000,0.000000,0.000000
3.851345,0.000000,0.000000,0.000000,0.000000,0.000000,0.000000
3.855345,0.000000,0.000000,0.000000,0.000000,0.000000,0.000000
3.859345,0.000000,0.000000,0.000000,0.000000,0.000000,0.000000
3.863345,0.000000,0.000000,0.000000,0.000000,0.000000,0.000000
3.867345,0.000000,0.000000,0.000000,0.000000,0.000000,0.000000
3.871345,0.000000,0.000000,0.000000,0.000000,0.000000,0.000000
3.875345,0.000000,0.000000,0.000000,0.000000,0.000000,0.000000
3.879345,0.000000,0.000000,0.000000,0.000000,0.000000,0.000000
3.883345,0.000000,0.000000,0.000000,0.000000,0.000000,0.000000
3.887345,0.000000,0.000000,0.000000,0.000000,0.000000,0.000000
3.891345,0.000000,0.000000,0.000000,0.000000,0.000000,0.000000
3.895345,0.000000,0.000000,0.000000,0.000000,0.000000,0.000000
3.899345,0.000000,0.000000,0.000000,0.000000,0.000000,0.000000
3.903345,0.000000,0.000000,0.000000,0.000000,0.000000,0.000000
3.907345,0.000000,0.000000,0.000000,0.000000,0.000000,0.000000
3.911345,0.000000,0.000000,0.000000,0.000000,0.000000,0.000000
3.915345,0.000000,0.000000,0.000000,0.000000,0.000000,0.000000
3.919345,0.000000,0.000000,0.000000,0.000000,0.000000,0.000000
3.923345,0.000000,0.000000,0.000000,0.000000,0.000000,0.000000
3.927345,0.000000,0.000000,0.000000,0.000000,0.000000,0.000000
3.931345,0.000000,0.000000,0.000000,0.000000,0.000000,0.000000
3.935345,0.000000,0.000000,0.000000,0.000000,0.000000,0.000000
3.939345,0.000000,0.000000,0.000000,0.000000,0.000000,0.000000
3.943345,0.000000,0.000000,0.000000,0.000000,0.000000,0.000000
3.947345,0.000000,0.000000,0.000000,0.000000,0.000000,0.000000
3.951345,0.000000,0.000000,0.000000,0.000000,0.000000,0.000000
3.955345,0.000000,0.000000,0.000000,0.000000,0.000000,0.000000
3.959345,0.000000,0.000000,0.000000,0.000000,0.000000,0.000000
3.963345,0.000000,0.000000,0.000000,0.000000,0.000000,0.000000
3.967345,0.000000,0.000000,0.000000,0.000000,0.000000,0.000000
3.971345,0.000000,0.000000,0.000000,0.000000,0.000000,0.000000
3.975345,0.000000,0.000000,0.000000,0.000000,0.000000,0.000000
3.979345,0.000000,0.000000,0.000000,0.000000,0.000000,0.000000
3.983345,0.000000,0.000000,0.000000,0.000000,0.000000,0.000000
3.987345,0.000000,0.000000,0.000000,0.000000,0.000000,0.000000
3.991345,0.000000,0.000000,0.000000,0.000000,0.000000,0.000000
3.995345,0.000000,0.000000,0.000000,0.000000,0.000000,0.000000
3.999345,0.000000,0.000000,0.000000,0.000000,0.000000,0.000000
4.003345,0.000000,0.000000,0.000000,0.000000,0.000000,0.000000
4.007345,0.000000,0.000000,0.000000,0.000000,0.000000,0.000000
4.011345,0.000000,0.000000,0.000000,0.000000,0.000000,0.000000
4.015345,0.000000,0.000000,0.000000,0.000000,0.000000,0.000000
4.019345,0.000000,0.000000,0.000000,0.000000,0.000000,0.000000
4.023345,0.000000,0.000000,0.000000,0.000000,0.000000,0.000000
4.027345,0.000000,0.000000,0.000000,0.000000,0.000000,0.000000
4.031345,0.000000,0.000000,0.000000,0.000000,0.000000,0.000000
4.035345,0.000000,0.000000,0.000000,0.000000,0.000000,0.000000
4.039345,0.000000,0.000000,0.000000,0.000000,0.000000,0.000000
4.043345,0.000000,0.000000,0.000000,0.000000,0.000000,0.000000
4.047345,0.000000,0.000000,0.000000,0.000000,0.000000,0.000000
4.051345,0.000000,0.000000,0.000000,0.000000,0.000000,0.000000
4.055345,0.000000,0.000000,0.000000,0.000000,0.000000,0.000000
4.059345,0.000000,0.000000,0.000000,0.000000,0.000000,0.000000
4.063345,0.000000,0.000000,0.000000,0.000000,0.000000,0.000000
4.067345,0.000000,0.000000,0.000000,0.000000,0.000000,0.000000
4.071345,0.000000,0.000000,0.000000,0.000000,0.000000,0.000000
4.075345,0.000000,0.000000,0.000000,0.000000,0.000000,0.000000
4.079345,0.000000,0.000000,0.000000,0.000000,0.000000,0.000000
4.083345,0.000000,0.000000,0.000000,0.000000,0.000000,0.000000
4.087345,0.000000,0.000000,0.000000,0.000000,0.000000,0.000000
4.091345,0.000000,0.000000,0.000000,0.000000,0.000000,0.000000
4.095345,0.000000,0.000000,0.000000,0.000000,0.000000,0.000000
4.099345,0.000000,0.000000,0.000000,0.000000,0.000000,0.000000
4.103345,0.000000,0.000000,0.000000,0.000000,0.000000,0.000000
4.107345,0.000000,0.000000,0.000000,0.000000,0.000000,0.000000
4.111345,0.000000,0.000000,0.000000,0.000000,0.000000,0.000000
4.115345,0.000000,0.000000,0.000000,0.000000,0.000000,0.000000
4.119345,0.000000,0.000000,0.000000,0.000000,0.000000,0.000000
4.123345,0.000000,0.000000,0.000000,0.000000,0.000000,0.000000
4.127345,0.000000,0.000000,0.000000,0.000000,0.000000,0.000000
4.131345,0.000000,0.000000,0.000000,0.000000,0.000000,0.000000
4.135345,0.000000,0.000000,0.000000,0.000000,0.000000,0.000000
4.139345,0.000000,0.000000,0.000000,0.000000,0.000000,0.000000
4.143345,0.000000,0.000000,0.000000,0.000000,0.000000,0.000000
4.147345,0.000000,0.000000,0.000000,0.000000,0.000000,0.000000
4.151345,0.000000,0.000000,0.000000,0.000000,0.000000,0.000000
4.155345,0.000000,0.000000,0.000000,0.000000,0.000000,0.000000
4.159345,0.000000,0.000000,0.000000,0.000000,0.000000,0.000000
4.163345,0.000000,0.000000,0.000000,0.000000,0.000000,0.000000
4.167345,0.000000,0.000000,0.000000,0.000000,0.000000,0.000000
4.171345,0.000000,0.000000,0.000000,0.000000,0.000000,0.000000
4.175345,0.000000,0.000000,0.000000,0.000000,0.000000,0.000000
4.179345,0.000000,0.000000,0.000000,0.000000,0.000000,0.000000
4.183345,0.000000,0.000000,0.000000,0.000000,0.000000,0.000000
4.187345,0.000000,0.000000,0.000000,0.000000,0.000000,0.000000
4.191345,0.000000,0.000000,0.000000,0.000000,0.000000,0.000000
4.195345,0.000000,0.000000,0.000000,0.000000,0.000000,0.000000
4.199345,0.000000,0.000000,0.000000,0.000000,0.000000,0.000000
4.203345,0.000000,0.000000,0.000000,0.000000,0.000000,0.000000
4.207345,0.000000,0.000000,0.000000,0.000000,0.000000,0.000000
4.211345,0.000000,0.000000,0.000000,0.000000,0.000000,0.000000
4.215345,0.000000,0.000000,0.000000,0.000000,0.000000,0.000000
4.219345,0.000000,0.000000,0.000000,0.000000,0.000000,0.000000
4.223345,0.000000,0.000000,0.000000,0.000000,0.000000,0.000000
4.227345,0.000000,0.000000,0.000000,0.000000,0.000000,0.000000
4.231345,0.000000,0.000000,0.000000,0.000000,0.000000,0.000000
4.235345,0.000000,0.000000,0.000000,0.000000,0.000000,0.000000
4.239345,0.000000,0.000000,0.000000,0.000000,0.000000,0.000000
4.243345,0.000000,0.000000,0.000000,0.000000,0.000000,0.000000
4.247345,0.000000,0.000000,0.000000,0.000000,0.000000,0.000000
4.251345,0.000000,0.000000,0.000000,0.000000,0.000000,0.000000
4.255345,0.000000,0.000000,0.000000,0.000000,0.000000,0.000000
4.259345,0.000000,0.000000,0.000000,0.000000,0.000000,0.000000
4.263345,0.000000,0.000000,0.000000,0.000000,0.000000,0.000000
4.267345,0.000000,0.000000,0.000000,0.000000,0.000000,0.000000
4.271345,0.000000,0.000000,0.000000,0.000000,0.000000,0.000000
4.275345,0.000000,0.000000,0.000000,0.000000,0.000000,0.000000
4.279345,0.000000,0.000000,0.000000,0.000000,0.000000,0.000000
4.283345,0.000000,0.000000,0.000000,0.000000,0.000000,0.000000
4.287345,0.000000,0.000000,0.000000,0.000000,0.000000,0.000000
4.291345,0.000000,0.000000,0.000000,0.000000,0.000000,0.000000
4.295345,0.000000,0.000000,0.000000,0.000000,0.000000,0.000000
4.299345,0.000000,0.000000,0.000000,0.000000,0.000000,0.000000
4.303345,0.000000,0.000000,0.000000,0.000000,0.000000,0.000000
4.307345,0.000000,0.000000,0.000000,0.000000,0.000000,0.000000
4.311345,0.000000,0.000000,0.000000,0.000000,0.000000,0.000000
4.315345,0.000000,0.000000,0.000000,0.000000,0.000000,0.000000
4.319345,0.000000,0.000000,0.000000,0.000000,0.000000,0.000000
4.323345,0.000000,0.000000,0.000000,0.000000,0.000000,0.000000
4.327345,0.000000,0.000000,0.000000,0.000000,0.000000,0.000000
4.331345,0.000000,0.000000,0.000000,0.000000,0.000000,0.000000
4.335345,0.000000,0.000000,0.000000,0.000000,0.000000,0.000000
4.339345,0.000000,0.000000,0.000000,0.000000,0.000000,0.000000
4.343345,0.000000,0.000000,0.000000,0.000000,0.000000,0.000000
4.347345,0.000000,0.000000,0.000000,0.000000,0.000000,0.000000
4.351345,0.000000,0.000000,0.000000,0.000000,0.000000,0.000000
4.355345,0.000000,0.000000,0.000000,0.000000,0.000000,0.000000
4.359345,0.000000,0.000000,0.000000,0.000000,0.000000,0.000000
4.363345,0.000000,0.000000,0.000000,0.000000,0.000000,0.000000
4.367345,0.000000,0.000000,0.000000,0.000000,0.000000,0.000000
4.371345,0.000000,0.000000,0.000000,0.000000,0.000000,0.000000
4.375345,0.000000,0.000000,0.000000,0.000000,0.000000,0.000000
4.379345,0.000000,0.000000,0.000000,0.000000,0.000000,0.000000
4.383345,0.000000,0.000000,0.000000,0.000000,0.000000,0.000000
4.387345,0.000000,0.000000,0.000000,0.000000,0.000000,0.000000
4.391345,0.000000,0.000000,0.000000,0.000000,0.000000,0.000000
4.395345,0.000000,0.000000,0.000000,0.000000,0.000000,0.000000
4.399345,0.000000,0.000000,0.000000,0.000000,0.000000,0.000000
4.403345,0.000000,0.000000,0.000000,0.000000,0.000000,0.000000
4.407345,0.000000,0.000000,0.000000,0.000000,0.000000,0.000000
4.411345,0.000000,0.000000,0.000000,0.000000,0.000000,0.000000
4.415345,0.000000,0.000000,0.000000,0.000000,0.000000,0.000000
4.419345,0.000000,0.000000,0.000000,0.000000,0.000000,0.000000
4.423345,0.000000,0.000000,0.000000,0.000000,0.000000,0.000000
4.427345,0.000000,0.000000,0.000000,0.000000,0.000000,0.000000
4.431345,0.000000,0.000000,0.000000,0.000000,0.000000,0.000000
4.435345,0.000000,0.000000,0.000000,0.000000,0.000000,0.000000
4.439345,0.000000,0.000000,0.000000,0.000000,0.000000,0.000000
4.443345,0.000000,0.000000,0.000000,0.000000,0.000000,0.000000
4.447345,0.000000,0.000000,0.000000,0.000000,0.000000,0.000000
4.451345,0.000000,0.000000,0.000000,0.000000,0.000000,0.000000
4.455345,0.000000,0.000000,0.000000,0.000000,0.000000,0.000000
4.459345,0.000000,0.000000,0.000000,0.000000,0.000000,0.000000
4.463345,0.000000,0.000000,0.000000,0.000000,0.000000,0.000000
4.467345,0.000000,0.000000,0.000000,0.000000,0.000000,0.000000
4.471345,0.000000,0.000000,0.000000,0.000000,0.000000,0.000000
4.475345,0.000000,0.000000,0.000000,0.000000,0.000000,0.000000
4.479345,0.000000,0.000000,0.000000,0.000000,0.000000,0.000000
4.483345,0.000000,0.000000,0.000000,0.000000,0.000000,0.000000
4.487345,0.000000,0.000000,0.000000,0.000000,0.000000,0.000000
4.491345,0.000000,0.000000,0.000000,0.000000,0.000000,0.000000
4.495345,0.000000,0.000000,0.000000,0.000000,0.000000,0.000000
4.499345,0.000000,0.000000,0.000000,0.000000,0.000000,0.000000
4.503345,0.000000,0.000000,0.000000,0.000000,0.000000,0.000000
4.507345,0.000000,0.000000,0.000000,0.000000,0.000000,0.000000
4.511345,0.000000,0.000000,0.000000,0.000000,0.000000,0.000000
4.515345,0.000000,0.000000,0.000000,0.000000,0.000000,0.000000
4.519345,0.000000,0.000000,0.000000,0.000000,0.000000,0.000000
4.523345,0.000000,0.000000,0.000000,0.000000,0.000000,0.000000
4.527345,0.000000,0.000000,0.000000,0.000000,0.000000,0.000000
4.531345,0.000000,0.000000,0.000000,0.000000,0.000000,0.000000
4.535345,0.000000,0.000000,0.000000,0.000000,0.000000,0.000000
4.539345,0.000000,0.000000,0.000000,0.000000,0.000000,0.000000
4.543345,0.000000,0.000000,0.000000,0.000000,0.000000,0.000000
4.547345,0.000000,0.000000,0.000000,0.000000,0.000000,0.000000
4.551345,0.000000,0.000000,0.000000,0.000000,0.000000,0.000000
4.555345,0.000000,0.000000,0.000000,0.000000,0.000000,0.000000
4.559345,0.000000,0.000000,0.000000,0.000000,0.000000,0.000000
4.563345,0.000000,0.000000,0.000000,0.000000,0.000000,0.000000
4.567345,0.000000,0.000000,0.000000,0.000000,0.000000,0.000000
4.571345,0.000000,0.000000,0.000000,0.000000,0.000000,0.000000
4.575345,0.000000,0.000000,0.000000,0.000000,0.000000,0.000000
4.579345,0.000000,0.000000,0.000000,0.000000,0.000000,0.000000
4.583345,0.000000,0.000000,0.000000,0.000000,0.000000,0.000000
4.587345,0.000000,0.000000,0.000000,0.000000,0.000000,0.000000
4.591345,0.000000,0.000000,0.000000,0.000000,0.000000,0.000000
4.595345,0.000000,0.000000,0.000000,0.000000,0.000000,0.000000
4.599345,0.000000,0.000000,0.000000,0.000000,0.000000,0.000000
4.603345,0.000000,0.000000,0.000000,0.000000,0.000000,0.000000
4.607345,0.000000,0.000000,0.000000,0.000000,0.000000,0.000000
4.611345,0.000000,0.000000,0.000000,0.000000,0.000000,0.000000
4.615345,0.000000,0.000000,0.000000,0.000000,0.000000,0.000000
4.619345,0.000000,0.000000,0.000000,0.000000,0.000000,0.000000
4.623345,0.000000,0.000000,0.000000,0.000000,0.000000,0.000000
4.627345,0.000000,0.000000,0.000000,0.000000,0.000000,0.000000
4.631345,0.000000,0.000000,0.000000,0.000000,0.000000,0.000000
4.635345,0.000000,0.000000,0.000000,0.000000,0.000000,0.000000
4.639345,0.000000,0.000000,0.000000,0.000000,0.000000,0.000000
4.643345,0.000000,0.000000,0.000000,0.000000,0.000000,0.000000
4.647345,0.000000,0.000000,0.000000,0.000000,0.000000,0.000000
4.651345,0.000000,0.000000,0.000000,0.000000,0.000000,0.000000
4.655345,0.000000,0.000000,0.000000,0.000000,0.000000,0.000000
4.659345,0.000000,0.000000,0.000000,0.000000,0.000000,0.000000
4.663345,0.000000,0.000000,0.000000,0.000000,0.000000,0.000000
4.667345,0.000000,0.000000,0.000000,0.000000,0.000000,0.000000
4.671345,0.000000,0.000000,0.000000,0.000000,0.000000,0.000000
4.675345,0.000000,0.000000,0.000000,0.000000,0.000000,0.000000
4.679345,0.000000,0.000000,0.000000,0.000000,0.000000,0.000000
4.683345,0.000000,0.000000,0.000000,0.000000,0.000000,0.000000
4.687345,0.000000,0.000000,0.000000,0.000000,0.000000,0.000000
4.691345,0.000000,0.000000,0.000000,0.000000,0.000000,0.000000
4.695345,0.000000,0.000000,0.000000,0.000000,0.000000,0.000000
4.699345,0.000000,0.000000,0.000000,0.000000,0.000000,0.000000
4.703345,0.000000,0.000000,0.000000,0.000000,0.000000,0.000000
4.707345,0.000000,0.000000,0.000000,0.000000,0.000000,0.000000
4.711345,0.000000,0.000000,0.000000,0.000000,0.000000,0.000000
4.715345,0.000000,0.000000,0.000000,0.000000,0.000000,0.000000
4.719345,0.000000,0.000000,0.000000,0.000000,0.000000,0.000000
4.723345,0.000000,0.000000,0.000000,0.000000,0.000000,0.000000
4.727345,0.000000,0.000000,0.000000,0.000000,0.000000,0.000000
4.731345,0.000000,0.000000,0.000000,0.000000,0.000000,0.000000
4.735345,0.000000,0.000000,0.000000,0.000000,0.000000,0.000000
4.739345,0.000000,0.000000,0.000000,0.000000,0.000000,0.000000
4.743345,0.000000,0.000000,0.000000,0.000000,0.000000,0.000000
4.747345,0.000000,0.000000,0.000000,0.000000,0.000000,0.000000
4.751345,0.000000,0.000000,0.000000,0.000000,0.000000,0.000000
4.755345,0.000000,0.000000,0.000000,0.000000,0.000000,0.000000
4.759345,0.000000,0.000000,0.000000,0.000000,0.000000,0.000000
4.763345,0.000000,0.000000,0.000000,0.000000,0.000000,0.000000
4.767345,0.000000,0.000000,0.000000,0.000000,0.000000,0.000000
4.771345,0.000000,0.000000,0.000000,0.000000,0.000000,0.000000
4.775345,0.000000,0.000000,0.000000,0.000000,0.000000,0.000000
4.779345,0.000000,0.000000,0.000000,0.000000,0.000000,0.000000
4.783345,0.000000,0.000000,0.000000,0.000000,0.000000,0.000000
4.787345,0.000000,0.000000,0.000000,0.000000,0.000000,0.000000
4.791345,0.000000,0.000000,0.000000,0.000000,0.000000,0.000000
4.795345,0.000000,0.000000,0.000000,0.000000,0.000000,0.000000
4.799345,0.000000,0.000000,0.000000,0.000000,0.000000,0.000000
4.803345,0.000000,0.000000,0.000000,0.000000,0.000000,0.000000
4.807345,0.000000,0.000000,0.000000,0.000000,0.000000,0.000000
4.811345,0.000000,0.000000,0.000000,0.000000,0.000000,0.000000
4.815345,0.000000,0.000000,0.000000,0.000000,0.000000,0.000000
4.819345,0.000000,0.000000,0.000000,0.000000,0.000000,0.000000
4.823345,0.000000,0.000000,0.000000,0.000000,0.000000,0.000000
4.827345,0.000000,0.000000,0.000000,0.000000,0.000000,0.000000
4.831345,0.000000,0.000000,0.000000,0.000000,0.000000,0.000000
4.835345,0.000000,0.000000,0.000000,0.000000,0.000000,0.000000
4.839345,0.000000,0.000000,0.000000,0.000000,0.000000,0.000000
4.843345,0.000000,0.000000,0.000000,0.000000,0.000000,0.000000
4.847345,0.000000,0.000000,0.000000,0.000000,0.000000,0.000000
4.851345,0.000000,0.000000,0.000000,0.000000,0.000000,0.000000
4.855345,0.000000,0.000000,0.000000,0.000000,0.000000,0.000000
4.859345,0.000000,0.000000,0.000000,0.000000,0.000000,0.000000
4.863345,0.000000,0.000000,0.000000,0.000000,0.000000,0.000000
4.867345,0.000000,0.000000,0.000000,0.000000,0.000000,0.000000
4.871345,0.000000,0.000000,0.000000,0.000000,0.000000,0.000000
4.875345,0.000000,0.000000,0.000000,0.000000,0.000000,0.000000
4.879345,0.000000,0.000000,0.000000,0.000000,0.000000,0.000000
4.883345,0.000000,0.000000,0.000000,0.000000,0.000000,0.000000
4.887345,0.000000,0.000000,0.000000,0.000000,0.000000,0.000000
4.891345,0.000000,0.000000,0.000000,0.000000,0.000000,0.000000
4.895345,0.000000,0.000000,0.000000,0.000000,0.000000,0.000000
4.899345,0.000000,0.000000,0.000000,0.000000,0.000000,0.000000
4.903345,0.000000,0.000000,0.000000,0.000000,0.000000,0.000000
4.907345,0.000000,0.000000,0.000000,0.000000,0.000000,0.000000
4.911345,0.000000,0.000000,0.000000,0.000000,0.000000,0.000000
4.915345,0.000000,0.000000,0.000000,0.000000,0.000000,0.000000
4.919345,0.000000,0.000000,0.000000,0.000000,0.000000,0.000000
4.923345,0.000000,0.000000,0.000000,0.000000,0.000000,0.000000
4.927345,0.000000,0.000000,0.000000,0.000000,0.000000,0.000000
4.931345,0.000000,0.000000,0.000000,0.000000,0.000000,0.000000
4.935345,0.000000,0.000000,0.000000,0.000000,0.000000,0.000000
4.939345,0.000000,0.000000,0.000000,0.000000,0.000000,0.000000
4.943345,0.000000,0.000000,0.000000,0.000000,0.000000,0.000000
4.947345,0.000000,0.000000,0.000000,0.000000,0.000000,0.000000
4.951345,0.000000,0.000000,0.000000,0.000000,0.000000,0.000000
4.955345,0.000000,0.000000,0.000000,0.000000,0.000000,0.000000
4.959345,0.000000,0.000000,0.000000,0.000000,0.000000,0.000000
4.963345,0.000000,0.000000,0.000000,0.000000,0.000000,0.000000
4.967345,0.000000,0.000000,0.000000,0.000000,0.000000,0.000000
4.971345,0.000000,0.000000,0.000000,0.000000,0.000000,0.000000
4.975345,0.000000,0.000000,0.000000,0.000000,0.000000,0.000000
4.979345,0.000000,0.000000,0.000000,0.000000,0.000000,0.000000
4.983345,0.000000,0.000000,0.000000,0.000000,0.000000,0.000000
4.987345,0.000000,0.000000,0.000000,0.000000,0.000000,0.000000
4.991345,0.000000,0.000000,0.000000,0.000000,0.000000,0.000000
4.995345,0.000000,0.000000,0.000000,0.000000,0.000000,0.000000
4.999345,0.000000,0.000000,0.000000,0.000000,0.000000,0.000000
5.003345,0.000000,0.000000,0.000000,0.000000,0.000000,0.000000
5.007345,0.000000,0.000000,0.000000,0.000000,0.000000,0.000000
5.011345,0.000000,0.000000,0.000000,0.000000,0.000000,0.000000
5.015345,0.000000,0.000000,0.000000,0.000000,0.000000,0.000000
5.019345,0.000000,0.000000,0.000000,0.000000,0.000000,0.000000
5.023345,0.000000,0.000000,0.000000,0.000000,0.000000,0.000000
5.027345,0.000000,0.000000,0.000000,0.000000,0.000000,0.000000
5.031345,0.000000,0.000000,0.000000,0.000000,0.000000,0.000000
5.035345,0.000000,0.000000,0.000000,0.000000,0.000000,0.000000
5.039345,0.000000,0.000000,0.000000,0.000000,0.000000,0.000000
5.043345,0.000000,0.000000,0.000000,0.000000,0.000000,0.000000
5.047345,0.000000,0.000000,0.000000,0.000000,0.000000,0.000000
5.051345,0.000000,0.000000,0.000000,0.000000,0.000000,0.000000
5.055345,0.000000,0.000000,0.000000,0.000000,0.000000,0.000000
5.059345,0.000000,0.000000,0.000000,0.000000,0.000000,0.000000
5.063345,0.000000,0.000000,0.000000,0.000000,0.000000,0.000000
5.067345,0.000000,0.000000,0.000000,0.000000,0.000000,0.000000
5.071345,0.000000,0.000000,0.000000,0.000000,0.000000,0.000000
5.075345,0.000000,0.000000,0.000000,0.000000,0.000000,0.000000
5.079345,0.000000,0.000000,0.000000,0.000000,0.000000,0.000000
5.083345,0.000000,0.000000,0.000000,0.000000,0.000000,0.000000
5.087345,0.000000,0.000000,0.000000,0.000000,0.000000,0.000000
5.091345,0.000000,0.000000,0.000000,0.000000,0.000000,0.000000
5.095345,0.000000,0.000000,0.000000,0.000000,0.000000,0.000000
5.099345,0.000000,0.000000,0.000000,0.000000,0.000000,0.000000
5.103345,0.000000,0.000000,0.000000,0.000000,0.000000,0.000000
5.107345,0.000000,0.000000,0.000000,0.000000,0.000000,0.000000
5.111345,0.000000,0.000000,0.000000,0.000000,0.000000,0.000000
5.115345,0.000000,0.000000,0.000000,0.000000,0.000000,0.000000
5.119345,0.000000,0.000000,0.000000,0.000000,0.000000,0.000000
5.123345,0.000000,0.000000,0.000000,0.000000,0.000000,0.000000
5.127345,0.000000,0.000000,0.000000,0.000000,0.000000,0.000000
5.131345,0.000000,0.000000,0.000000,0.000000,0.000000,0.000000
5.135345,0.000000,0.000000,0.000000,0.000000,0.000000,0.000000
5.139345,0.000000,0.000000,0.000000,0.000000,0.000000,0.000000
5.143345,0.000000,0.000000,0.000000,0.000000,0.000000,0.000000
5.147345,0.000000,0.000000,0.000000,0.000000,0.000000,0.000000
5.151345,0.000000,0.000000,0.000000,0.000000,0.000000,0.000000
5.155345,0.000000,0.000000,0.000000,0.000000,0.000000,0.000000
5.159345,0.000000,0.000000,0.000000,0.000000,0.000000,0.000000
5.163345,0.000000,0.000000,0.000000,0.000000,0.000000,0.000000
5.167345,0.000000,0.000000,0.000000,0.000000,0.000000,0.000000
5.171345,0.000000,0.000000,0.000000,0.000000,0.000000,0.000000
5.175345,0.000000,0.000000,0.000000,0.000000,0.000000,0.000000
5.179345,0.000000,0.000000,0.000000,0.000000,0.000000,0.000000
5.183345,0.000000,0.000000,0.000000,0.000000,0.000000,0.000000
5.187345,0.000000,0.000000,0.000000,0.000000,0.000000,0.000000
5.191345,0.000000,0.000000,0.000000,0.000000,0.000000,0.000000
5.195345,0.000000,0.000000,0.000000,0.000000,0.000000,0.000000
5.199345,0.000000,0.000000,0.000000,0.000000,0.000000,0.000000
5.203345,0.000000,0.000000,0.000000,0.000000,0.000000,0.000000
5.207345,0.000000,0.000000,0.000000,0.000000,0.000000,0.000000
5.211345,0.000000,0.000000,0.000000,0.000000,0.000000,0.000000
5.215345,0.000000,0.000000,0.000000,0.000000,0.000000,0.000000
5.219345,0.000000,0.000000,0.000000,0.000000,0.000000,0.000000
5.223345,0.000000,0.000000,0.000000,0.000000,0.000000,0.000000
5.227345,0.000000,0.000000,0.000000,0.000000,0.000000,0.000000
5.231345,0.000000,0.000000,0.000000,0.000000,0.000000,0.000000
5.235345,0.000000,0.000000,0.000000,0.000000,0.000000,0.000000
5.239345,0.000000,0.000000,0.000000,0.000000,0.000000,0.000000
5.243345,0.000000,0.000000,0.000000,0.000000,0.000000,0.000000
5.247345,0.000000,0.000000,0.000000,0.000000,0.000000,0.000000
5.251345,0.000000,0.000000,0.000000,0.000000,0.000000,0.000000
5.255345,0.000000,0.000000,0.000000,0.000000,0.000000,0.000000
5.259345,0.000000,0.000000,0.000000,0.000000,0.000000,0.000000
5.263345,0.000000,0.000000,0.000000,0.000000,0.000000,0.000000
5.267345,0.000000,0.000000,0.000000,0.000000,0.000000,0.000000
5.271345,0.000000,0.000000,0.000000,0.000000,0.000000,0.000000
5.275345,0.000000,0.000000,0.000000,0.000000,0.000000,0.000000
5.279345,0.000000,0.000000,0.000000,0.000000,0.000000,0.000000
5.283345,0.000000,0.000000,0.000000,0.000000,0.000000,0.000000
5.287345,0.000000,0.000000,0.000000,0.000000,0.000000,0.000000
5.291345,0.000000,0.000000,0.000000,0.000000,0.000000,0.000000
5.295345,0.000000,0.000000,0.000000,0.000000,0.000000,0.000000
5.299345,0.000000,0.000000,0.000000,0.000000,0.000000,0.000000
5.303345,0.000000,0.000000,0.000000,0.000000,0.000000,0.000000
5.307345,0.000000,0.000000,0.000000,0.000000,0.000000,0.000000
5.311345,0.000000,0.000000,0.000000,0.000000,0.000000,0.000000
5.315345,0.000000,0.000000,0.000000,0.000000,0.000000,0.000000
5.319345,0.000000,0.000000,0.000000,0.000000,0.000000,0.000000
5.323345,0.000000,0.000000,0.000000,0.000000,0.000000,0.000000
5.327345,0.000000,0.000000,0.000000,0.000000,0.000000,0.000000
5.331345,0.000000,0.000000,0.000000,0.000000,0.000000,0.000000
5.335345,0.000000,0.000000,0.000000,0.000000,0.000000,0.000000
5.339345,0.000000,0.000000,0.000000,0.000000,0.000000,0.000000
5.343345,0.000000,0.000000,0.000000,0.000000,0.000000,0.000000
5.347345,0.000000,0.000000,0.000000,0.000000,0.000000,0.000000
5.351345,0.000000,0.000000,0.000000,0.000000,0.000000,0.000000
5.355345,0.000000,0.000000,0.000000,0.000000,0.000000,0.000000
5.359345,0.000000,0.000000,0.000000,0.000000,0.000000,0.000000
5.363345,0.000000,0.000000,0.000000,0.000000,0.000000,0.000000
5.367345,0.000000,0.000000,0.000000,0.000000,0.000000,0.000000
5.371345,0.000000,0.000000,0.000000,0.000000,0.000000,0.000000
5.375345,0.000000,0.000000,0.000000,0.000000,0.000000,0.000000
5.379345,0.000000,0.000000,0.000000,0.000000,0.000000,0.000000
5.383345,0.000000,0.000000,0.000000,0.000000,0.000000,0.000000
5.387345,0.000000,0.000000,0.000000,0.000000,0.000000,0.000000
5.391345,0.000000,0.000000,0.000000,0.000000,0.000000,0.000000
5.395345,0.000000,0.000000,0.000000,0.000000,0.000000,0.000000
5.399345,0.000000,0.000000,0.000000,0.000000,0.000000,0.000000
5.403345,0.000000,0.000000,0.000000,0.000000,0.000000,0.000000
5.407345,0.000000,0.000000,0.000000,0.000000,0.000000,0.000000
5.411345,0.000000,0.000000,0.000000,0.000000,0.000000,0.000000
5.415345,0.000000,0.000000,0.000000,0.000000,0.000000,0.000000
5.419345,0.000000,0.000000,0.000000,0.000000,0.000000,0.000000
5.423345,0.000000,0.000000,0.000000,0.000000,0.000000,0.000000
5.427345,0.000000,0.000000,0.000000,0.000000,0.000000,0.000000
5.431345,0.000000,0.000000,0.000000,0.000000,0.000000,0.000000
5.435345,0.000000,0.000000,0.000000,0.000000,0.000000,0.000000
5.439345,0.000000,0.000000,0.000000,0.000000,0.000000,0.000000
5.443345,0.000000,0.000000,0.000000,0.000000,0.000000,0.000000
5.447345,0.000000,0.000000,0.000000,0.000000,0.000000,0.000000
5.451345,0.000000,0.000000,0.000000,0.000000,0.000000,0.000000
5.455345,0.000000,0.000000,0.000000,0.000000,0.000000,0.000000
5.459345,0.000000,0.000000,0.000000,0.000000,0.000000,0.000000
5.463345,0.000000,0.000000,0.000000,0.000000,0.000000,0.000000
5.467345,0.000000,0.000000,0.000000,0.000000,0.000000,0.000000
5.471345,0.000000,0.000000,0.000000,0.000000,0.000000,0.000000
5.475345,0.000000,0.000000,0.000000,0.000000,0.000000,0.000000
5.479345,0.000000,0.000000,0.000000,0.000000,0.000000,0.000000
5.483345,0.000000,0.000000,0.000000,0.000000,0.000000,0.000000
5.487345,0.000000,0.000000,0.000000,0.000000,0.000000,0.000000
5.491345,0.000000,0.000000,0.000000,0.000000,0.000000,0.000000
5.495345,0.000000,0.000000,0.000000,0.000000,0.000000,0.000000
5.499345,0.000000,0.000000,0.000000,0.000000,0.000000,0.000000
5.503345,0.000000,0.000000,0.000000,0.000000,0.000000,0.000000
5.507345,0.000000,0.000000,0.000000,0.000000,0.000000,0.000000
5.511345,0.000000,0.000000,0.000000,0.000000,0.000000,0.000000
5.515345,0.000000,0.000000,0.000000,0.000000,0.000000,0.000000
5.519345,0.000000,0.000000,0.000000,0.000000,0.000000,0.000000
5.523345,0.000000,0.000000,0.000000,0.000000,0.000000,0.000000
5.527345,0.000000,0.000000,0.000000,0.000000,0.000000,0.000000
5.531345,0.000000,0.000000,0.000000,0.000000,0.000000,0.000000
5.535345,0.000000,0.000000,0.000000,0.000000,0.000000,0.000000
5.539345,0.000000,0.000000,0.000000,0.000000,0.000000,0.000000
5.543345,0.000000,0.000000,0.000000,0.000000,0.000000,0.000000
5.547345,0.000000,0.000000,0.000000,0.000000,0.000000,0.000000
5.551345,0.000000,0.000000,0.000000,0.000000,0.000000,0.000000
5.555345,0.000000,0.000000,0.000000,0.000000,0.000000,0.000000
5.559345,0.000000,0.000000,0.000000,0.000000,0.000000,0.000000
5.563345,0.000000,0.000000,0.000000,0.000000,0.000000,0.000000
5.567345,0.000000,0.000000,0.000000,0.000000,0.000000,0.000000
5.571345,0.000000,0.000000,0.000000,0.000000,0.000000,0.000000
5.575345,0.000000,0.000000,0.000000,0.000000,0.000000,0.000000
5.579345,0.000000,0.000000,0.000000,0.000000,0.000000,0.000000
5.583345,0.000000,0.000000,0.000000,0.000000,0.000000,0.000000
5.587345,0.000000,0.000000,0.000000,0.000000,0.000000,0.000000
5.591345,0.000000,0.000000,0.000000,0.000000,0.000000,0.000000
5.595345,0.000000,0.000000,0.000000,0.000000,0.000000,0.000000
5.599345,0.000000,0.000000,0.000000,0.000000,0.000000,0.000000
5.603345,0.000000,0.000000,0.000000,0.000000,0.000000,0.000000
5.607345,0.000000,0.000000,0.000000,0.000000,0.000000,0.000000
5.611345,0.000000,0.000000,0.000000,0.000000,0.000000,0.000000
5.615345,0.000000,0.000000,0.000000,0.000000,0.000000,0.000000
5.619345,0.000000,0.000000,0.000000,0.000000,0.000000,0.000000
5.623345,0.000000,0.000000,0.000000,0.000000,0.000000,0.000000
5.627345,0.000000,0.000000,0.000000,0.000000,0.000000,0.000000
5.631345,0.000200,0.000000,0.000000,0.000000,0.000000,0.000000
5.635345,0.000200,0.000000,0.000000,0.000000,0.000000,0.000000
5.639345,0.000200,0.000000,0.000000,0.000000,0.000000,0.000000
5.643345,0.000200,0.000000,0.000000,0.000000,0.000000,0.000000
5.647345,0.000200,0.000000,0.000000,0.000000,0.000000,0.000000
5.651345,0.000200,0.000000,0.000000,0.000000,0.000000,0.000000
5.655345,0.000200,0.000000,0.000000,0.000000,0.000000,0.000000
5.659345,0.000200,0.000000,0.000000,0.000000,0.000000,0.000000
5.663345,0.001600,0.000000,0.000000,0.000000,0.000000,0.000000
5.667345,0.001600,0.000000,0.000000,0.000000,0.000000,0.000000
5.671345,0.001600,0.000000,0.000000,0.000000,0.000000,0.000000
5.675345,0.001600,0.000000,0.000000,0.000000,0.000000,0.000000
5.679345,0.001600,0.000000,0.000000,0.000000,0.000000,0.000000
5.683345,0.001600,0.000000,0.000000,0.000000,0.000000,0.000000
5.687345,0.001600,0.000000,0.000000,0.000000,0.000000,0.000000
5.691345,0.003000,0.000000,0.000000,0.000000,0.000000,0.000000
5.695345,0.003000,0.000000,0.000000,0.000000,0.000000,0.000000
5.699345,0.003000,0.000000,0.000000,0.000000,0.000000,0.000000
5.703345,0.003000,0.000000,0.000000,0.000000,0.000000,0.000000
5.707345,0.003000,0.000000,0.000000,0.000000,0.000000,0.000000
5.711345,0.003000,0.000000,0.000000,0.000000,0.000000,0.000000
5.715345,0.004600,0.000000,0.000000,0.000000,0.000000,0.000000
5.719345,0.004600,0.000000,0.000000,0.000000,0.000000,0.000000
5.723345,0.004600,0.000000,0.000000,0.000000,0.000000,0.000000
5.727345,0.004600,0.000000,0.000000,0.000000,0.000000,0.000000
5.731345,0.004600,0.000000,0.000000,0.000000,0.000000,0.000000
5.735345,0.004600,0.000000,0.000000,0.000000,0.000000,0.000000
5.739345,0.004600,0.000000,0.000000,0.000000,0.000000,0.000000
5.743345,0.004600,0.000000,0.000000,0.000000,0.000000,0.000000
5.747345,0.004600,0.000000,0.000000,0.000000,0.000000,0.000000
5.751345,0.006000,0.000000,0.000000,0.000000,0.000000,0.000000
5.755345,0.006000,0.000000,0.000000,0.000000,0.000000,0.000000
5.759345,0.006000,0.000000,0.000000,0.000000,0.000000,0.000000
5.763345,0.006000,0.000000,0.000000,0.000000,0.000000,0.000000
5.767345,0.006000,0.000000,0.000000,0.000000,0.000000,0.000000
5.771345,0.006000,0.000000,0.000000,0.000000,0.000000,0.000000
5.775345,0.006000,0.000000,0.000000,0.000000,0.000000,0.000000
5.779345,0.007200,0.000000,0.000000,0.000000,0.000000,0.000000
5.783345,0.007200,0.000000,0.000000,0.000000,0.000000,0.000000
5.787345,0.007200,0.000000,0.000000,0.000000,0.000000,0.000000
5.791345,0.007200,0.000000,0.000000,0.000000,0.000000,0.000000
5.795345,0.007200,0.000000,0.000000,0.000000,0.000000,0.000000
5.799345,0.008400,0.000000,0.000000,0.000000,0.000000,0.000000
5.803345,0.008400,0.000000,0.000000,0.000000,0.000000,0.000000
5.807345,0.008400,0.000000,0.000000,0.000000,0.000000,0.000000
5.811345,0.008400,0.000000,0.000000,0.000000,0.000000,0.000000
5.815345,0.008400,0.000000,0.000000,0.000000,0.000000,0.000000
5.819345,0.008400,0.000000,0.000000,0.000000,0.000000,0.000000
5.823345,0.008400,0.000000,0.000000,0.000000,0.000000,0.000000
5.827345,0.009800,0.000000,0.000000,0.000000,0.000000,0.000000
5.831345,0.009800,0.000000,0.000000,0.000000,0.000000,0.000000
5.835345,0.009800,0.000000,0.000000,0.000000,0.000000,0.000000
5.839345,0.009800,0.000000,0.000000,0.000000,0.000000,0.000000
5.843345,0.009800,0.000000,0.000000,0.000000,0.000000,0.000000
5.847345,0.009800,0.000000,0.000000,0.000000,0.000000,0.000000
5.851345,0.009800,0.000000,0.000000,0.000000,0.000000,0.000000
5.855345,0.011000,0.000000,0.000000,0.000000,0.000000,0.000000
5.859345,0.011000,0.000000,0.000000,0.000000,0.000000,0.000000
5.863345,0.011000,0.000000,0.000000,0.000000,0.000000,0.000000
5.867345,0.011000,0.000000,0.000000,0.000000,0.000000,0.000000
5.871345,0.011000,0.000000,0.000000,0.000000,0.000000,0.000000
5.875345,0.011000,0.000000,0.000000,0.000000,0.000000,0.000000
5.879345,0.012200,0.000000,0.000000,0.000000,0.000000,0.000000
5.883345,0.012200,0.000000,0.000000,0.000000,0.000000,0.000000
5.887345,0.012200,0.000000,0.000000,0.000000,0.000000,0.000000
5.891345,0.012200,0.000000,0.000000,0.000000,0.000000,0.000000
5.895345,0.012200,0.000000,0.000000,0.000000,0.000000,0.000000
5.899345,0.013600,0.000000,0.000000,0.000000,0.000000,0.000000
5.903345,0.013600,0.000000,0.000000,0.000000,0.000000,0.000000
5.907345,0.013600,0.000000,0.000000,0.000000,0.000000,0.000000
5.911345,0.013600,0.000000,0.000000,0.000000,0.000000,0.000000
5.915345,0.013600,0.000000,0.000000,0.000000,0.000000,0.000000
5.919345,0.013600,0.000000,0.000000,0.000000,0.000000,0.000000
5.923345,0.013600,0.000000,0.000000,0.000000,0.000000,0.000000
5.927345,0.014800,0.000000,0.000000,0.000000,0.000000,0.000000
5.931345,0.014800,0.000000,0.000000,0.000000,0.000000,0.000000
5.935345,0.014800,0.000000,0.000000,0.000000,0.000000,0.000000
5.939345,0.014800,0.000000,0.000000,0.000000,0.000000,0.000000
5.943345,0.014800,0.000000,0.000000,0.000000,0.000000,0.000000
5.947345,0.014800,0.000000,0.000000,0.000000,0.000000,0.000000
5.951345,0.014800,0.000000,0.000000,0.000000,0.000000,0.000000
5.955345,0.016200,0.000000,0.000000,0.000000,0.000000,0.000000
5.959345,0.016200,0.000000,0.000000,0.000000,0.000000,0.000000
5.963345,0.016200,0.000000,0.000000,0.000000,0.000000,0.000000
5.967345,0.016200,0.000000,0.000000,0.000000,0.000000,0.000000
5.971345,0.016200,0.000000,0.000000,0.000000,0.000000,0.000000
5.975345,0.016200,0.000000,0.000000,0.000000,0.000000,0.000000
5.979345,0.017600,0.000000,0.000000,0.000000,0.000000,0.000000
5.983345,0.017600,0.000000,0.000000,0.000000,0.000000,0.000000
5.987345,0.017600,0.000000,0.000000,0.000000,0.000000,0.000000
5.991345,0.017600,0.000000,0.000000,0.000000,0.000000,0.000000
5.995345,0.017600,0.000000,0.000000,0.000000,0.000000,0.000000
5.999345,0.017600,0.000000,0.000000,0.000000,0.000000,0.000000
6.003345,0.017600,0.000000,0.000000,0.000000,0.000000,0.000000
6.007345,0.017600,0.000000,0.000000,0.000000,0.000000,0.000000
6.011345,0.019000,0.000000,0.000000,0.000000,0.000000,0.000000
6.015345,0.019000,0.000000,0.000000,0.000000,0.000000,0.000000
6.019345,0.019000,0.000000,0.000000,0.000000,0.000000,0.000000
6.023345,0.019000,0.000000,0.000000,0.000000,0.000000,0.000000
6.027345,0.019000,0.000000,0.000000,0.000000,0.000000,0.000000
6.031345,0.019000,0.000000,0.000000,0.000000,0.000000,0.000000
6.035345,0.019000,0.000000,0.000000,0.000000,0.000000,0.000000
6.039345,0.020600,0.000000,0.000000,0.000000,0.000000,0.000000
6.043345,0.020600,0.000000,0.000000,0.000000,0.000000,0.000000
6.047345,0.020600,0.000000,0.000000,0.000000,0.000000,0.000000
6.051345,0.020600,0.000000,0.000000,0.000000,0.000000,0.000000
6.055345,0.020600,0.000000,0.000000,0.000000,0.000000,0.000000
6.059345,0.020600,0.000000,0.000000,0.000000,0.000000,0.000000
6.063345,0.020600,0.000000,0.000000,0.000000,0.000000,0.000000
6.067345,0.020600,0.000000,0.000000,0.000000,0.000000,0.000000
6.071345,0.022000,0.000000,0.000000,0.000000,0.000000,0.000000
6.075345,0.022000,0.000000,0.000000,0.000000,0.000000,0.000000
6.079345,0.022000,0.000000,0.000000,0.000000,0.000000,0.000000
6.083345,0.022000,0.000000,0.000000,0.000000,0.000000,0.000000
6.087345,0.022000,0.000000,0.000000,0.000000,0.000000,0.000000
6.091345,0.022000,0.000000,0.000000,0.000000,0.000000,0.000000
6.095345,0.023600,0.000000,0.000000,0.000000,0.000000,0.000000
6.099345,0.023600,0.000000,0.000000,0.000000,0.000000,0.000000
6.103345,0.023600,0.000000,0.000000,0.000000,0.000000,0.000000
6.107345,0.023600,0.000000,0.000000,0.000000,0.000000,0.000000
6.111345,0.023600,0.000000,0.000000,0.000000,0.000000,0.000000
6.115345,0.023600,0.000000,0.000000,0.000000,0.000000,0.000000
6.119345,0.023600,0.000000,0.000000,0.000000,0.000000,0.000000
6.123345,0.023600,0.000000,0.000000,0.000000,0.000000,0.000000
6.127345,0.025000,0.000000,0.000000,0.000000,0.000000,0.000000
6.131345,0.025000,0.000000,0.000000,0.000000,0.000000,0.000000
6.135345,0.025000,0.000000,0.000000,0.000000,0.000000,0.000000
6.139345,0.025000,0.000000,0.000000,0.000000,0.000000,0.000000
6.143345,0.025000,0.000000,0.000000,0.000000,0.000000,0.000000
6.147345,0.025000,0.000000,0.000000,0.000000,0.000000,0.000000
6.151345,0.025000,0.000000,0.000000,0.000000,0.000000,0.000000
6.155345,0.025000,0.000000,0.000000,0.000000,0.000000,0.000000
6.159345,0.026600,0.000000,0.000000,0.000000,0.000000,0.000000
6.163345,0.026600,0.000000,0.000000,0.000000,0.000000,0.000000
6.167345,0.026600,0.000000,0.000000,0.000000,0.000000,0.000000
6.171345,0.026600,0.000000,0.000000,0.000000,0.000000,0.000000
6.175345,0.026600,0.000000,0.000000,0.000000,0.000000,0.000000
6.179345,0.026600,0.000000,0.000000,0.000000,0.000000,0.000000
6.183345,0.026600,0.000000,0.000000,0.000000,0.000000,0.000000
6.187345,0.026600,0.000000,0.000000,0.000000,0.000000,0.000000
6.191345,0.028000,0.000000,0.000000,0.000000,0.000000,0.000000
6.195345,0.028000,0.000000,0.000000,0.000000,0.000000,0.000000
6.199345,0.028000,0.000000,0.000000,0.000000,0.000000,0.000000
6.203345,0.028000,0.000000,0.000000,0.000000,0.000000,0.000000
6.207345,0.028000,0.000000,0.000000,0.000000,0.000000,0.000000
6.211345,0.028000,0.000000,0.000000,0.000000,0.000000,0.000000
6.215345,0.028000,0.000000,0.000000,0.000000,0.000000,0.000000
6.219345,0.029400,0.000000,0.000000,0.000000,0.000000,0.000000
6.223345,0.029400,0.000000,0.000000,0.000000,0.000000,0.000000
6.227345,0.029400,0.000000,0.000000,0.000000,0.000000,0.000000
6.231345,0.029400,0.000000,0.000000,0.000000,0.000000,0.000000
6.235345,0.029400,0.000000,0.000000,0.000000,0.000000,0.000000
6.239345,0.029400,0.000000,0.000000,0.000000,0.000000,0.000000
6.243345,0.029400,0.000000,0.000000,0.000000,0.000000,0.000000
6.247345,0.030800,0.000000,0.000000,0.000000,0.000000,0.000000
6.251345,0.030800,0.000000,0.000000,0.000000,0.000000,0.000000
6.255345,0.030800,0.000000,0.000000,0.000000,0.000000,0.000000
6.259345,0.030800,0.000000,0.000000,0.000000,0.000000,0.000000
6.263345,0.030800,0.000000,0.000000,0.000000,0.000000,0.000000
6.267345,0.030800,0.000000,0.000000,0.000000,0.000000,0.000000
6.271345,0.030800,0.000000,0.000000,0.000000,0.000000,0.000000
6.275345,0.032400,0.000000,0.000000,0.000000,0.000000,0.000000
6.279345,0.032400,0.000000,0.000000,0.000000,0.000000,0.000000
6.283345,0.032400,0.000000,0.000000,0.000000,0.000000,0.000000
6.287345,0.032400,0.000000,0.000000,0.000000,0.000000,0.000000
6.291345,0.032400,0.000000,0.000000,0.000000,0.000000,0.000000
6.295345,0.032400,0.000000,0.000000,0.000000,0.000000,0.000000
6.299345,0.032400,0.000000,0.000000,0.000000,0.000000,0.000000
6.303345,0.032400,0.000000,0.000000,0.000000,0.000000,0.000000
6.307345,0.033800,0.000000,0.000000,0.000000,0.000000,0.000000
6.311345,0.033800,0.000000,0.000000,0.000000,0.000000,0.000000
6.315345,0.033800,0.000000,0.000000,0.000000,0.000000,0.000000
6.319345,0.033800,0.000000,0.000000,0.000000,0.000000,0.000000
6.323345,0.033800,0.000000,0.000000,0.000000,0.000000,0.000000
6.327345,0.033800,0.000000,0.000000,0.000000,0.000000,0.000000
6.331345,0.035000,0.000000,0.000000,0.000000,0.000000,0.000000
6.335345,0.035000,0.000000,0.000000,0.000000,0.000000,0.000000
6.339345,0.035000,0.000000,0.000000,0.000000,0.000000,0.000000
6.343345,0.035000,0.000000,0.000000,0.000000,0.000000,0.000000
6.347345,0.035000,0.000000,0.000000,0.000000,0.000000,0.000000
6.351345,0.035000,0.000000,0.000000,0.000000,0.000000,0.000000
6.355345,0.035000,0.000000,0.000000,0.000000,0.000000,0.000000
6.359345,0.036400,0.000000,0.000000,0.000000,0.000000,0.000000
6.363345,0.036400,0.000000,0.000000,0.000000,0.000000,0.000000
6.367345,0.036400,0.000000,0.000000,0.000000,0.000000,0.000000
6.371345,0.036400,0.000000,0.000000,0.000000,0.000000,0.000000
6.375345,0.036400,0.000000,0.000000,0.000000,0.000000,0.000000
6.379345,0.036400,0.000000,0.000000,0.000000,0.000000,0.000000
6.383345,0.036400,0.000000,0.000000,0.000000,0.000000,0.000000
6.387345,0.037800,0.000000,0.000000,0.000000,0.000000,0.000000
6.391345,0.037800,0.000000,0.000000,0.000000,0.000000,0.000000
6.395345,0.037800,0.000000,0.000000,0.000000,0.000000,0.000000
6.399345,0.037800,0.000000,0.000000,0.000000,0.000000,0.000000
6.403345,0.037800,0.000000,0.000000,0.000000,0.000000,0.000000
6.407345,0.037800,0.000000,0.000000,0.000000,0.000000,0.000000
6.411345,0.039400,0.000000,0.000000,0.000000,0.000000,0.000000
6.415345,0.039400,0.000000,0.000000,0.000000,0.000000,0.000000
6.419345,0.039400,0.000000,0.000000,0.000000,0.000000,0.000000
6.423345,0.039400,0.000000,0.000000,0.000000,0.000000,0.000000
6.427345,0.039400,0.000000,0.000000,0.000000,0.000000,0.000000
6.431345,0.039400,0.000000,0.000000,0.000000,0.000000,0.000000
6.435345,0.039400,0.000000,0.000000,0.000000,0.000000,0.000000
6.439345,0.039400,0.000000,0.000000,0.000000,0.000000,0.000000
6.443345,0.039400,0.000000,0.000000,0.000000,0.000000,0.000000
6.447345,0.041000,0.000000,0.000000,0.000000,0.000000,0.000000
6.451345,0.041000,0.000000,0.000000,0.000000,0.000000,0.000000
6.455345,0.041000,0.000000,0.000000,0.000000,0.000000,0.000000
6.459345,0.041000,0.000000,0.000000,0.000000,0.000000,0.000000
6.463345,0.041000,0.000000,0.000000,0.000000,0.000000,0.000000
6.467345,0.041000,0.000000,0.000000,0.000000,0.000000,0.000000
6.471345,0.041000,0.000000,0.000000,0.000000,0.000000,0.000000
6.475345,0.042400,0.000000,0.000000,0.000000,0.000000,0.000000
6.479345,0.042400,0.000000,0.000000,0.000000,0.000000,0.000000
6.483345,0.042400,0.000000,0.000000,0.000000,0.000000,0.000000
6.487345,0.042400,0.000000,0.000000,0.000000,0.000000,0.000000
6.491345,0.042400,0.000000,0.000000,0.000000,0.000000,0.000000
6.495345,0.042400,0.000000,0.000000,0.000000,0.000000,0.000000
6.499345,0.042400,0.000000,0.000000,0.000000,0.000000,0.000000
6.503345,0.043800,0.000000,0.000000,0.000000,0.000000,0.000000
6.507345,0.043800,0.000000,0.000000,0.000000,0.000000,0.000000
6.511345,0.043800,0.000000,0.000000,0.000000,0.000000,0.000000
6.515345,0.043800,0.000000,0.000000,0.000000,0.000000,0.000000
6.519345,0.043800,0.000000,0.000000,0.000000,0.000000,0.000000
6.523345,0.043800,0.000000,0.000000,0.000000,0.000000,0.000000
6.527345,0.043800,0.000000,0.000000,0.000000,0.000000,0.000000
6.531345,0.045200,0.000000,0.000000,0.000000,0.000000,0.000000
6.535345,0.045200,0.000000,0.000000,0.000000,0.000000,0.000000
6.539345,0.045200,0.000000,0.000000,0.000000,0.000000,0.000000
6.543345,0.045200,0.000000,0.000000,0.000000,0.000000,0.000000
6.547345,0.045200,0.000000,0.000000,0.000000,0.000000,0.000000
6.551345,0.045200,0.000000,0.000000,0.000000,0.000000,0.000000
6.555345,0.045200,0.000000,0.000000,0.000000,0.000000,0.000000
6.559345,0.046800,0.000000,0.000000,0.000000,0.000000,0.000000
6.563345,0.046800,0.000000,0.000000,0.000000,0.000000,0.000000
6.567345,0.046800,0.000000,0.000000,0.000000,0.000000,0.000000
6.571345,0.046800,0.000000,0.000000,0.000000,0.000000,0.000000
6.575345,0.046800,0.000000,0.000000,0.000000,0.000000,0.000000
6.579345,0.046800,0.000000,0.000000,0.000000,0.000000,0.000000
6.583345,0.046800,0.000000,0.000000,0.000000,0.000000,0.000000
6.587345,0.046800,0.000000,0.000000,0.000000,0.000000,0.000000
6.591345,0.046800,0.000000,0.000000,0.000000,0.000000,0.000000
6.595345,0.048200,0.000000,0.000000,0.000000,0.000000,0.000000
6.599345,0.048200,0.000000,0.000000,0.000000,0.000000,0.000000
6.603345,0.048200,0.000000,0.000000,0.000000,0.000000,0.000000
6.607345,0.048200,0.000000,0.000000,0.000000,0.000000,0.000000
6.611345,0.048200,0.000000,0.000000,0.000000,0.000000,0.000000
6.615345,0.048200,0.000000,0.000000,0.000000,0.000000,0.000000
6.619345,0.049800,0.000000,0.000000,0.000000,0.000000,0.000000
6.623345,0.049800,0.000000,0.000000,0.000000,0.000000,0.000000
6.627345,0.049800,0.000000,0.000000,0.000000,0.000000,0.000000
6.631345,0.049800,0.000000,0.000000,0.000000,0.000000,0.000000
6.635345,0.049800,0.000000,0.000000,0.000000,0.000000,0.000000
6.639345,0.049800,0.000000,0.000000,0.000000,0.000000,0.000000
6.643345,0.049800,0.000000,0.000000,0.000000,0.000000,0.000000
6.647345,0.049800,0.000000,0.000000,0.000000,0.000000,0.000000
6.651345,0.049800,0.000000,0.000000,0.000000,0.000000,0.000000
6.655345,0.051400,0.000000,0.000000,0.000000,0.000000,0.000000
6.659345,0.051400,0.000000,0.000000,0.000000,0.000000,0.000000
6.663345,0.051400,0.000000,0.000000,0.000000,0.000000,0.000000
6.667345,0.051400,0.000000,0.000000,0.000000,0.000000,0.000000
6.671345,0.051400,0.000000,0.000000,0.000000,0.000000,0.000000
6.675345,0.051400,0.000000,0.000000,0.000000,0.000000,0.000000
6.679345,0.051400,0.000000,0.000000,0.000000,0.000000,0.000000
6.683345,0.051400,0.000000,0.000000,0.000000,0.000000,0.000000
6.687345,0.052800,0.000000,0.000000,0.000000,0.000000,0.000000
6.691345,0.052800,0.000000,0.000000,0.000000,0.000000,0.000000
6.695345,0.052800,0.000000,0.000000,0.000000,0.000000,0.000000
6.699345,0.052800,0.000000,0.000000,0.000000,0.000000,0.000000
6.703345,0.052800,0.000000,0.000000,0.000000,0.000000,0.000000
6.707345,0.052800,0.000000,0.000000,0.000000,0.000000,0.000000
6.711345,0.054000,0.000000,0.000000,0.000000,0.000000,0.000000
6.715345,0.054000,0.000000,0.000000,0.000000,0.000000,0.000000
6.719345,0.054000,0.000000,0.000000,0.000000,0.000000,0.000000
6.723345,0.054000,0.000000,0.000000,0.000000,0.000000,0.000000
6.727345,0.054000,0.000000,0.000000,0.000000,0.000000,0.000000
6.731345,0.054000,0.000000,0.000000,0.000000,0.000000,0.000000
6.735345,0.054000,0.000000,0.000000,0.000000,0.000000,0.000000
6.739345,0.055200,0.000000,0.000000,0.000000,0.000000,0.000000
6.743345,0.055200,0.000000,0.000000,0.000000,0.000000,0.000000
6.747345,0.055200,0.000000,0.000000,0.000000,0.000000,0.000000
6.751345,0.055200,0.000000,0.000000,0.000000,0.000000,0.000000
6.755345,0.055200,0.000000,0.000000,0.000000,0.000000,0.000000
6.759345,0.055200,0.000000,0.000000,0.000000,0.000000,0.000000
6.763345,0.056600,0.000000,0.000000,0.000000,0.000000,0.000000
6.767345,0.056600,0.000000,0.000000,0.000000,0.000000,0.000000
6.771345,0.056600,0.000000,0.000000,0.000000,0.000000,0.000000
6.775345,0.056600,0.000000,0.000000,0.000000,0.000000,0.000000
6.779345,0.056600,0.000000,0.000000,0.000000,0.000000,0.000000
6.783345,0.056600,0.000000,0.000000,0.000000,0.000000,0.000000
6.787345,0.056600,0.000000,0.000000,0.000000,0.000000,0.000000
6.791345,0.058200,0.000000,0.000000,0.000000,0.000000,0.000000
6.795345,0.058200,0.000000,0.000000,0.000000,0.000000,0.000000
6.799345,0.058200,0.000000,0.000000,0.000000,0.000000,0.000000
6.803345,0.058200,0.000000,0.000000,0.000000,0.000000,0.000000
6.807345,0.058200,0.000000,0.000000,0.000000,0.000000,0.000000
6.811345,0.058200,0.000000,0.000000,0.000000,0.000000,0.000000
6.815345,0.058200,0.000000,0.000000,0.000000,0.000000,0.000000
6.819345,0.058200,0.000000,0.000000,0.000000,0.000000,0.000000
6.823345,0.059800,0.000000,0.000000,0.000000,0.000000,0.000000
6.827345,0.059800,0.000000,0.000000,0.000000,0.000000,0.000000
6.831345,0.059800,0.000000,0.000000,0.000000,0.000000,0.000000
6.835345,0.059800,0.000000,0.000000,0.000000,0.000000,0.000000
6.839345,0.059800,0.000000,0.000000,0.000000,0.000000,0.000000
6.843345,0.059800,0.000000,0.000000,0.000000,0.000000,0.000000
6.847345,0.059800,0.000000,0.000000,0.000000,0.000000,0.000000
6.851345,0.059800,0.000000,0.000000,0.000000,0.000000,0.000000
6.855345,0.061200,0.000000,0.000000,0.000000,0.000000,0.000000
6.859345,0.061200,0.000000,0.000000,0.000000,0.000000,0.000000
6.863345,0.061200,0.000000,0.000000,0.000000,0.000000,0.000000
6.867345,0.061200,0.000000,0.000000,0.000000,0.000000,0.000000
6.871345,0.061200,0.000000,0.000000,0.000000,0.000000,0.000000
6.875345,0.061200,0.000000,0.000000,0.000000,0.000000,0.000000
6.879345,0.061200,0.000000,0.000000,0.000000,0.000000,0.000000
6.883345,0.062800,0.000000,0.000000,0.000000,0.000000,0.000000
6.887345,0.062800,0.000000,0.000000,0.000000,0.000000,0.000000
6.891345,0.062800,0.000000,0.000000,0.000000,0.000000,0.000000
6.895345,0.062800,0.000000,0.000000,0.000000,0.000000,0.000000
6.899345,0.062800,0.000000,0.000000,0.000000,0.000000,0.000000
6.903345,0.062800,0.000000,0.000000,0.000000,0.000000,0.000000
6.907345,0.062800,0.000000,0.000000,0.000000,0.000000,0.000000
6.911345,0.062800,0.000000,0.000000,0.000000,0.000000,0.000000
6.915345,0.064200,0.000000,0.000000,0.000000,0.000000,0.000000
6.919345,0.064200,0.000000,0.000000,0.000000,0.000000,0.000000
6.923345,0.064200,0.000000,0.000000,0.000000,0.000000,0.000000
6.927345,0.064200,0.000000,0.000000,0.000000,0.000000,0.000000
6.931345,0.064200,0.000000,0.000000,0.000000,0.000000,0.000000
6.935345,0.064200,0.000000,0.000000,0.000000,0.000000,0.000000
6.939345,0.065600,0.000000,0.000000,0.000000,0.000000,0.000000
6.943345,0.065600,0.000000,0.000000,0.000000,0.000000,0.000000
6.947345,0.065600,0.000000,0.000000,0.000000,0.000000,0.000000
6.951345,0.065600,0.000000,0.000000,0.000000,0.000000,0.000000
6.955345,0.065600,0.000000,0.000000,0.000000,0.000000,0.000000
6.959345,0.065600,0.000000,0.000000,0.000000,0.000000,0.000000
6.963345,0.065600,0.000000,0.000000,0.000000,0.000000,0.000000
6.967345,0.065600,0.000000,0.000000,0.000000,0.000000,0.000000
6.971345,0.066800,0.000000,0.000000,0.000000,0.000000,0.000000
6.975345,0.066800,0.000000,0.000000,0.000000,0.000000,0.000000
6.979345,0.066800,0.000000,0.000000,0.000000,0.000000,0.000000
6.983345,0.066800,0.000000,0.000000,0.000000,0.000000,0.000000
6.987345,0.066800,0.000000,0.000000,0.000000,0.000000,0.000000
6.991345,0.068200,0.000000,0.000000,0.000000,0.000000,0.000000
6.995345,0.068200,0.000000,0.000000,0.000000,0.000000,0.000000
6.999345,0.068200,0.000000,0.000000,0.000000,0.000000,0.000000
7.003345,0.068200,0.000000,0.000000,0.000000,0.000000,0.000000
7.007345,0.068200,0.000000,0.000000,0.000000,0.000000,0.000000
7.011345,0.068200,0.000000,0.000000,0.000000,0.000000,0.000000
7.015345,0.068200,0.000000,0.000000,0.000000,0.000000,0.000000
7.019345,0.069400,0.000000,0.000000,0.000000,0.000000,0.000000
7.023345,0.069400,0.000000,0.000000,0.000000,0.000000,0.000000
7.027345,0.069400,0.000000,0.000000,0.000000,0.000000,0.000000
7.031345,0.069400,0.000000,0.000000,0.000000,0.000000,0.000000
7.035345,0.069400,0.000000,0.000000,0.000000,0.000000,0.000000
7.039345,0.069400,0.000000,0.000000,0.000000,0.000000,0.000000
7.043345,0.070800,0.000000,0.000000,0.000000,0.000000,0.000000
7.047345,0.070800,0.000000,0.000000,0.000000,0.000000,0.000000
7.051345,0.070800,0.000000,0.000000,0.000000,0.000000,0.000000
7.055345,0.070800,0.000000,0.000000,0.000000,0.000000,0.000000
7.059345,0.070800,0.000000,0.000000,0.000000,0.000000,0.000000
7.063345,0.070800,0.000000,0.000000,0.000000,0.000000,0.000000
7.067345,0.070800,0.000000,0.000000,0.000000,0.000000,0.000000
7.071345,0.070800,0.000000,0.000000,0.000000,0.000000,0.000000
7.075345,0.072000,0.000000,0.000000,0.000000,0.000000,0.000000
7.079345,0.072000,0.000000,0.000000,0.000000,0.000000,0.000000
7.083345,0.072000,0.000000,0.000000,0.000000,0.000000,0.000000
7.087345,0.072000,0.000000,0.000000,0.000000,0.000000,0.000000
7.091345,0.072000,0.000000,0.000000,0.000000,0.000000,0.000000
7.095345,0.072000,0.000000,0.000000,0.000000,0.000000,0.000000
7.099345,0.073600,0.000000,0.000000,0.000000,0.000000,0.000000
7.103345,0.073600,0.000000,0.000000,0.000000,0.000000,0.000000
7.107345,0.073600,0.000000,0.000000,0.000000,0.000000,0.000000
7.111345,0.073600,0.000000,0.000000,0.000000,0.000000,0.000000
7.115345,0.073600,0.000000,0.000000,0.000000,0.000000,0.000000
7.119345,0.073600,0.000000,0.000000,0.000000,0.000000,0.000000
7.123345,0.073600,0.000000,0.000000,0.000000,0.000000,0.000000
7.127345,0.073600,0.000000,0.000000,0.000000,0.000000,0.000000
7.131345,0.074800,0.000000,0.000000,0.000000,0.000000,0.000000
7.135345,0.074800,0.000000,0.000000,0.000000,0.000000,0.000000
7.139345,0.074800,0.000000,0.000000,0.000000,0.000000,0.000000
7.143345,0.074800,0.000000,0.000000,0.000000,0.000000,0.000000
7.147345,0.074800,0.000000,0.000000,0.000000,0.000000,0.000000
7.151345,0.076200,0.000000,0.000000,0.000000,0.000000,0.000000
7.155345,0.076200,0.000000,0.000000,0.000000,0.000000,0.000000
7.159345,0.076200,0.000000,0.000000,0.000000,0.000000,0.000000
7.163345,0.076200,0.000000,0.000000,0.000000,0.000000,0.000000
7.167345,0.076200,0.000000,0.000000,0.000000,0.000000,0.000000
7.171345,0.076200,0.000000,0.000000,0.000000,0.000000,0.000000
7.175345,0.076200,0.000000,0.000000,0.000000,0.000000,0.000000
7.179345,0.077800,0.000000,0.000000,0.000000,0.000000,0.000000
7.183345,0.077800,0.000000,0.000000,0.000000,0.000000,0.000000
7.187345,0.077800,0.000000,0.000000,0.000000,0.000000,0.000000
7.191345,0.077800,0.000000,0.000000,0.000000,0.000000,0.000000
7.195345,0.077800,0.000000,0.000000,0.000000,0.000000,0.000000
7.199345,0.077800,0.000000,0.000000,0.000000,0.000000,0.000000
7.203345,0.077800,0.000000,0.000000,0.000000,0.000000,0.000000
7.207345,0.077800,0.000000,0.000000,0.000000,0.000000,0.000000
7.211345,0.077800,0.000000,0.000000,0.000000,0.000000,0.000000
7.215345,0.079200,0.000000,0.000000,0.000000,0.000000,0.000000
7.219345,0.079200,0.000000,0.000000,0.000000,0.000000,0.000000
7.223345,0.079200,0.000000,0.000000,0.000000,0.000000,0.000000
7.227345,0.079200,0.000000,0.000000,0.000000,0.000000,0.000000
7.231345,0.079200,0.000000,0.000000,0.000000,0.000000,0.000000
7.235345,0.079200,0.000000,0.000000,0.000000,0.000000,0.000000
7.239345,0.079200,0.000000,0.000000,0.000000,0.000000,0.000000
7.243345,0.080600,0.000000,0.000000,0.000000,0.000000,0.000000
7.247345,0.080600,0.000000,0.000000,0.000000,0.000000,0.000000
7.251345,0.080600,0.000000,0.000000,0.000000,0.000000,0.000000
7.255345,0.080600,0.000000,0.000000,0.000000,0.000000,0.000000
7.259345,0.080600,0.000000,0.000000,0.000000,0.000000,0.000000
7.263345,0.080600,0.000000,0.000000,0.000000,0.000000,0.000000
7.267345,0.080600,0.000000,0.000000,0.000000,0.000000,0.000000
7.271345,0.082000,0.000000,0.000000,0.000000,0.000000,0.000000
7.275345,0.082000,0.000000,0.000000,0.000000,0.000000,0.000000
7.279345,0.082000,0.000000,0.000000,0.000000,0.000000,0.000000
7.283345,0.082000,0.000000,0.000000,0.000000,0.000000,0.000000
7.287345,0.082000,0.000000,0.000000,0.000000,0.000000,0.000000
7.291345,0.082000,0.000000,0.000000,0.000000,0.000000,0.000000
7.295345,0.082000,0.000000,0.000000,0.000000,0.000000,0.000000
7.299345,0.083400,0.000000,0.000000,0.000000,0.000000,0.000000
7.303345,0.083400,0.000000,0.000000,0.000000,0.000000,0.000000
7.307345,0.083400,0.000000,0.000000,0.000000,0.000000,0.000000
7.311345,0.083400,0.000000,0.000000,0.000000,0.000000,0.000000
7.315345,0.083400,0.000000,0.000000,0.000000,0.000000,0.000000
7.319345,0.083400,0.000000,0.000000,0.000000,0.000000,0.000000
7.323345,0.083400,0.000000,0.000000,0.000000,0.000000,0.000000
7.327345,0.085000,0.000000,0.000000,0.000000,0.000000,0.000000
7.331345,0.085000,0.000000,0.000000,0.000000,0.000000,0.000000
7.335345,0.085000,0.000000,0.000000,0.000000,0.000000,0.000000
7.339345,0.085000,0.000000,0.000000,0.000000,0.000000,0.000000
7.343345,0.085000,0.000000,0.000000,0.000000,0.000000,0.000000
7.347345,0.085000,0.000000,0.000000,0.000000,0.000000,0.000000
7.351345,0.085000,0.000000,0.000000,0.000000,0.000000,0.000000
7.355345,0.086400,0.000000,0.000000,0.000000,0.000000,0.000000
7.359345,0.086400,0.000000,0.000000,0.000000,0.000000,0.000000
7.363345,0.086400,0.000000,0.000000,0.000000,0.000000,0.000000
7.367345,0.086400,0.000000,0.000000,0.000000,0.000000,0.000000
7.371345,0.086400,0.000000,0.000000,0.000000,0.000000,0.000000
7.375345,0.086400,0.000000,0.000000,0.000000,0.000000,0.000000
7.379345,0.086400,0.000000,0.000000,0.000000,0.000000,0.000000
7.383345,0.088000,0.000000,0.000000,0.000000,0.000000,0.000000
7.387345,0.088000,0.000000,0.000000,0.000000,0.000000,0.000000
7.391345,0.088000,0.000000,0.000000,0.000000,0.000000,0.000000
7.395345,0.088000,0.000000,0.000000,0.000000,0.000000,0.000000
7.399345,0.088000,0.000000,0.000000,0.000000,0.000000,0.000000
7.403345,0.088000,0.000000,0.000000,0.000000,0.000000,0.000000
7.407345,0.088000,0.000000,0.000000,0.000000,0.000000,0.000000
7.411345,0.088000,0.000000,0.000000,0.000000,0.000000,0.000000
7.415345,0.088000,0.000000,0.000000,0.000000,0.000000,0.000000
7.419345,0.089400,0.000000,0.000000,0.000000,0.000000,0.000000
7.423345,0.089400,0.000000,0.000000,0.000000,0.000000,0.000000
7.427345,0.089400,0.000000,0.000000,0.000000,0.000000,0.000000
7.431345,0.089400,0.000000,0.000000,0.000000,0.000000,0.000000
7.435345,0.089400,0.000000,0.000000,0.000000,0.000000,0.000000
7.439345,0.089400,0.000000,0.000000,0.000000,0.000000,0.000000
7.443345,0.090400,0.000000,0.000000,0.000000,0.000000,0.000000
7.447345,0.090400,0.000000,0.000000,0.000000,0.000000,0.000000
7.451345,0.090400,0.000000,0.000000,0.000000,0.000000,0.000000
7.455345,0.090400,0.000000,0.000000,0.000000,0.000000,0.000000
7.459345,0.090400,0.000000,0.000000,0.000000,0.000000,0.000000
7.463345,0.090400,0.000000,0.000000,0.000000,0.000000,0.000000
7.467345,0.092000,0.000000,0.000000,0.000000,0.000000,0.000000
7.471345,0.092000,0.000000,0.000000,0.000000,0.000000,0.000000
7.475345,0.092000,0.000000,0.000000,0.000000,0.000000,0.000000
7.479345,0.092000,0.000000,0.000000,0.000000,0.000000,0.000000
7.483345,0.092000,0.000000,0.000000,0.000000,0.000000,0.000000
7.487345,0.092000,0.000000,0.000000,0.000000,0.000000,0.000000
7.491345,0.092000,0.000000,0.000000,0.000000,0.000000,0.000000
7.495345,0.092000,0.000000,0.000000,0.000000,0.000000,0.000000
7.499345,0.093200,0.000000,0.000000,0.000000,0.000000,0.000000
7.503345,0.093200,0.000000,0.000000,0.000000,0.000000,0.000000
7.507345,0.093200,0.000000,0.000000,0.000000,0.000000,0.000000
7.511345,0.093200,0.000000,0.000000,0.000000,0.000000,0.000000
7.515345,0.093200,0.000000,0.000000,0.000000,0.000000,0.000000
7.519345,0.094600,0.000000,0.000000,0.000000,0.000000,0.000000
7.523345,0.094600,0.000000,0.000000,0.000000,0.000000,0.000000
7.527345,0.094600,0.000000,0.000000,0.000000,0.000000,0.000000
7.531345,0.094600,0.000000,0.000000,0.000000,0.000000,0.000000
7.535345,0.094600,0.000000,0.000000,0.000000,0.000000,0.000000
7.539345,0.094600,0.000000,0.000000,0.000000,0.000000,0.000000
7.543345,0.094600,0.000000,0.000000,0.000000,0.000000,0.000000
7.547345,0.096000,0.000000,0.000000,0.000000,0.000000,0.000000
7.551345,0.096000,0.000000,0.000000,0.000000,0.000000,0.000000
7.555345,0.096000,0.000000,0.000000,0.000000,0.000000,0.000000
7.559345,0.096000,0.000000,0.000000,0.000000,0.000000,0.000000
7.563345,0.096000,0.000000,0.000000,0.000000,0.000000,0.000000
7.567345,0.096000,0.000000,0.000000,0.000000,0.000000,0.000000
7.571345,0.096000,0.000000,0.000000,0.000000,0.000000,0.000000
7.575345,0.097400,0.000000,0.000000,0.000000,0.000000,0.000000
7.579345,0.097400,0.000000,0.000000,0.000000,0.000000,0.000000
7.583345,0.097400,0.000000,0.000000,0.000000,0.000000,0.000000
7.587345,0.097400,0.000000,0.000000,0.000000,0.000000,0.000000
7.591345,0.097400,0.000000,0.000000,0.000000,0.000000,0.000000
7.595345,0.097400,0.000000,0.000000,0.000000,0.000000,0.000000
7.599345,0.097400,0.000000,0.000000,0.000000,0.000000,0.000000
7.603345,0.097400,0.000000,0.000000,0.000000,0.000000,0.000000
7.607345,0.098400,0.000000,0.000000,0.000000,0.000000,0.000000
7.611345,0.098400,0.000000,0.000000,0.000000,0.000000,0.000000
7.615345,0.098400,0.000000,0.000000,0.000000,0.000000,0.000000
7.619345,0.098400,0.000000,0.000000,0.000000,0.000000,0.000000
7.623345,0.100000,0.000000,0.000000,0.000000,0.000000,0.000000
7.627345,0.100000,0.000000,0.000000,0.000000,0.000000,0.000000
7.631345,0.100000,0.000000,0.000000,0.000000,0.000000,0.000000
7.635345,0.100000,0.000000,0.000000,0.000000,0.000000,0.000000
7.639345,0.100000,0.000000,0.000000,0.000000,0.000000,0.000000
7.643345,0.100000,0.000000,0.000000,0.000000,0.000000,0.000000
7.647345,0.100000,0.000000,0.000000,0.000000,0.000000,0.000000
7.651345,0.100000,0.000000,0.000000,0.000000,0.000000,0.000000
7.655345,0.100000,0.000000,0.000000,0.000000,0.000000,0.000000
7.659345,0.098600,0.000000,0.000000,0.000000,0.000000,0.000000
7.663345,0.098600,0.000000,0.000000,0.000000,0.000000,0.000000
7.667345,0.098600,0.000000,0.000000,0.000000,0.000000,0.000000
7.671345,0.098600,0.000000,0.000000,0.000000,0.000000,0.000000
7.675345,0.098600,0.000000,0.000000,0.000000,0.000000,0.000000
7.679345,0.098600,0.000000,0.000000,0.000000,0.000000,0.000000
7.683345,0.097000,0.000000,0.000000,0.000000,0.000000,0.000000
7.687345,0.097000,0.000000,0.000000,0.000000,0.000000,0.000000
7.691345,0.097000,0.000000,0.000000,0.000000,0.000000,0.000000
7.695345,0.097000,0.000000,0.000000,0.000000,0.000000,0.000000
7.699345,0.097000,0.000000,0.000000,0.000000,0.000000,0.000000
7.703345,0.097000,0.000000,0.000000,0.000000,0.000000,0.000000
7.707345,0.097000,0.000000,0.000000,0.000000,0.000000,0.000000
7.711345,0.097000,0.000000,0.000000,0.000000,0.000000,0.000000
7.715345,0.097000,0.000000,0.000000,0.000000,0.000000,0.000000
7.719345,0.095800,0.000000,0.000000,0.000000,0.000000,0.000000
7.723345,0.095800,0.000000,0.000000,0.000000,0.000000,0.000000
7.727345,0.095800,0.000000,0.000000,0.000000,0.000000,0.000000
7.731345,0.095800,0.000000,0.000000,0.000000,0.000000,0.000000
7.735345,0.095800,0.000000,0.000000,0.000000,0.000000,0.000000
7.739345,0.095800,0.000000,0.000000,0.000000,0.000000,0.000000
7.743345,0.094200,0.000000,0.000000,0.000000,0.000000,0.000000
7.747345,0.094200,0.000000,0.000000,0.000000,0.000000,0.000000
7.751345,0.094200,0.000000,0.000000,0.000000,0.000000,0.000000
7.755345,0.094200,0.000000,0.000000,0.000000,0.000000,0.000000
7.759345,0.094200,0.000000,0.000000,0.000000,0.000000,0.000000
7.763345,0.094200,0.000000,0.000000,0.000000,0.000000,0.000000
7.767345,0.094200,0.000000,0.000000,0.000000,0.000000,0.000000
7.771345,0.094200,0.000000,0.000000,0.000000,0.000000,0.000000
7.775345,0.092800,0.000000,0.000000,0.000000,0.000000,0.000000
7.779345,0.092800,0.000000,0.000000,0.000000,0.000000,0.000000
7.783345,0.092800,0.000000,0.000000,0.000000,0.000000,0.000000
7.787345,0.092800,0.000000,0.000000,0.000000,0.000000,0.000000
7.791345,0.092800,0.000000,0.000000,0.000000,0.000000,0.000000
7.795345,0.092800,0.000000,0.000000,0.000000,0.000000,0.000000
7.799345,0.091200,0.000000,0.000000,0.000000,0.000000,0.000000
7.803345,0.091200,0.000000,0.000000,0.000000,0.000000,0.000000
7.807345,0.091200,0.000000,0.000000,0.000000,0.000000,0.000000
7.811345,0.091200,0.000000,0.000000,0.000000,0.000000,0.000000
7.815345,0.091200,0.000000,0.000000,0.000000,0.000000,0.000000
7.819345,0.091200,0.000000,0.000000,0.000000,0.000000,0.000000
7.823345,0.091200,0.000000,0.000000,0.000000,0.000000,0.000000
7.827345,0.091200,0.000000,0.000000,0.000000,0.000000,0.000000
7.831345,0.091200,0.000000,0.000000,0.000000,0.000000,0.000000
7.835345,0.089800,0.000000,0.000000,0.000000,0.000000,0.000000
7.839345,0.089800,0.000000,0.000000,0.000000,0.000000,0.000000
7.843345,0.089800,0.000000,0.000000,0.000000,0.000000,0.000000
7.847345,0.089800,0.000000,0.000000,0.000000,0.000000,0.000000
7.851345,0.089800,0.000000,0.000000,0.000000,0.000000,0.000000
7.855345,0.089800,0.000000,0.000000,0.000000,0.000000,0.000000
7.859345,0.088400,0.000000,0.000000,0.000000,0.000000,0.000000
7.863345,0.088400,0.000000,0.000000,0.000000,0.000000,0.000000
7.867345,0.088400,0.000000,0.000000,0.000000,0.000000,0.000000
7.871345,0.088400,0.000000,0.000000,0.000000,0.000000,0.000000
7.875345,0.088400,0.000000,0.000000,0.000000,0.000000,0.000000
7.879345,0.088400,0.000000,0.000000,0.000000,0.000000,0.000000
7.883345,0.088400,0.000000,0.000000,0.000000,0.000000,0.000000
7.887345,0.087200,0.000000,0.000000,0.000000,0.000000,0.000000
7.891345,0.087200,0.000000,0.000000,0.000000,0.000000,0.000000
7.895345,0.087200,0.000000,0.000000,0.000000,0.000000,0.000000
7.899345,0.087200,0.000000,0.000000,0.000000,0.000000,0.000000
7.903345,0.087200,0.000000,0.000000,0.000000,0.000000,0.000000
7.907345,0.087200,0.000000,0.000000,0.000000,0.000000,0.000000
7.911345,0.087200,0.000000,0.000000,0.000000,0.000000,0.000000
7.915345,0.086000,0.000000,0.000000,0.000000,0.000000,0.000000
7.919345,0.086000,0.000000,0.000000,0.000000,0.000000,0.000000
7.923345,0.086000,0.000000,0.000000,0.000000,0.000000,0.000000
7.927345,0.086000,0.000000,0.000000,0.000000,0.000000,0.000000
7.931345,0.086000,0.000000,0.000000,0.000000,0.000000,0.000000
7.935345,0.086000,0.000000,0.000000,0.000000,0.000000,0.000000
7.939345,0.084400,0.000000,0.000000,0.000000,0.000000,0.000000
7.943345,0.084400,0.000000,0.000000,0.000000,0.000000,0.000000
7.947345,0.084400,0.000000,0.000000,0.000000,0.000000,0.000000
7.951345,0.084400,0.000000,0.000000,0.000000,0.000000,0.000000
7.955345,0.084400,0.000000,0.000000,0.000000,0.000000,0.000000
7.959345,0.084400,0.000000,0.000000,0.000000,0.000000,0.000000
7.963345,0.084400,0.000000,0.000000,0.000000,0.000000,0.000000
7.967345,0.084400,0.000000,0.000000,0.000000,0.000000,0.000000
7.971345,0.083000,0.000000,0.000000,0.000000,0.000000,0.000000
7.975345,0.083000,0.000000,0.000000,0.000000,0.000000,0.000000
7.979345,0.083000,0.000000,0.000000,0.000000,0.000000,0.000000
7.983345,0.083000,0.000000,0.000000,0.000000,0.000000,0.000000
7.987345,0.083000,0.000000,0.000000,0.000000,0.000000,0.000000
7.991345,0.083000,0.000000,0.000000,0.000000,0.000000,0.000000
7.995345,0.083000,0.000000,0.000000,0.000000,0.000000,0.000000
7.999345,0.081600,0.000000,0.000000,0.000000,0.000000,0.000000
8.003345,0.081600,0.000000,0.000000,0.000000,0.000000,0.000000
8.007345,0.081600,0.000000,0.000000,0.000000,0.000000,0.000000
8.011345,0.081600,0.000000,0.000000,0.000000,0.000000,0.000000
8.015345,0.081600,0.000000,0.000000,0.000000,0.000000,0.000000
8.019345,0.081600,0.000000,0.000000,0.000000,0.000000,0.000000
8.023345,0.081600,0.000000,0.000000,0.000000,0.000000,0.000000
8.027345,0.080000,0.000000,0.000000,0.000000,0.000000,0.000000
8.031345,0.080000,0.000000,0.000000,0.000000,0.000000,0.000000
8.035345,0.080000,0.000000,0.000000,0.000000,0.000000,0.000000
8.039345,0.080000,0.000000,0.000000,0.000000,0.000000,0.000000
8.043345,0.080000,0.000000,0.000000,0.000000,0.000000,0.000000
8.047345,0.080000,0.000000,0.000000,0.000000,0.000000,0.000000
8.051345,0.080000,0.000000,0.000000,0.000000,0.000000,0.000000
8.055345,0.080000,0.000000,0.000000,0.000000,0.000000,0.000000
8.059345,0.078400,0.000000,0.000000,0.000000,0.000000,0.000000
8.063345,0.078400,0.000000,0.000000,0.000000,0.000000,0.000000
8.067345,0.078400,0.000000,0.000000,0.000000,0.000000,0.000000
8.071345,0.078400,0.000000,0.000000,0.000000,0.000000,0.000000
8.075345,0.078400,0.000000,0.000000,0.000000,0.000000,0.000000
8.079345,0.078400,0.000000,0.000000,0.000000,0.000000,0.000000
8.083345,0.078400,0.000000,0.000000,0.000000,0.000000,0.000000
8.087345,0.078400,0.000000,0.000000,0.000000,0.000000,0.000000
8.091345,0.077200,0.000000,0.000000,0.000000,0.000000,0.000000
8.095345,0.077200,0.000000,0.000000,0.000000,0.000000,0.000000
8.099345,0.077200,0.000000,0.000000,0.000000,0.000000,0.000000
8.103345,0.077200,0.000000,0.000000,0.000000,0.000000,0.000000
8.107345,0.077200,0.000000,0.000000,0.000000,0.000000,0.000000
8.111345,0.075600,0.000000,0.000000,0.000000,0.000000,0.000000
8.115345,0.075600,0.000000,0.000000,0.000000,0.000000,0.000000
8.119345,0.075600,0.000000,0.000000,0.000000,0.000000,0.000000
8.123345,0.075600,0.000000,0.000000,0.000000,0.000000,0.000000
8.127345,0.075600,0.000000,0.000000,0.000000,0.000000,0.000000
8.131345,0.075600,0.000000,0.000000,0.000000,0.000000,0.000000
8.135345,0.075600,0.000000,0.000000,0.000000,0.000000,0.000000
8.139345,0.075600,0.000000,0.000000,0.000000,0.000000,0.000000
8.143345,0.075600,0.000000,0.000000,0.000000,0.000000,0.000000
8.147345,0.074000,0.000000,0.000000,0.000000,0.000000,0.000000
8.151345,0.074000,0.000000,0.000000,0.000000,0.000000,0.000000
8.155345,0.074000,0.000000,0.000000,0.000000,0.000000,0.000000
8.159345,0.074000,0.000000,0.000000,0.000000,0.000000,0.000000
8.163345,0.074000,0.000000,0.000000,0.000000,0.000000,0.000000
8.167345,0.074000,0.000000,0.000000,0.000000,0.000000,0.000000
8.171345,0.074000,0.000000,0.000000,0.000000,0.000000,0.000000
8.175345,0.074000,0.000000,0.000000,0.000000,0.000000,0.000000
8.179345,0.072400,0.000000,0.000000,0.000000,0.000000,0.000000
8.183345,0.072400,0.000000,0.000000,0.000000,0.000000,0.000000
8.187345,0.072400,0.000000,0.000000,0.000000,0.000000,0.000000
8.191345,0.072400,0.000000,0.000000,0.000000,0.000000,0.000000
8.195345,0.072400,0.000000,0.000000,0.000000,0.000000,0.000000
8.199345,0.072400,0.000000,0.000000,0.000000,0.000000,0.000000
8.203345,0.072400,0.000000,0.000000,0.000000,0.000000,0.000000
8.207345,0.072400,0.000000,0.000000,0.000000,0.000000,0.000000
8.211345,0.071000,0.000000,0.000000,0.000000,0.000000,0.000000
8.215345,0.071000,0.000000,0.000000,0.000000,0.000000,0.000000
8.219345,0.071000,0.000000,0.000000,0.000000,0.000000,0.000000
8.223345,0.071000,0.000000,0.000000,0.000000,0.000000,0.000000
8.227345,0.071000,0.000000,0.000000,0.000000,0.000000,0.000000
8.231345,0.071000,0.000000,0.000000,0.000000,0.000000,0.000000
8.235345,0.069600,0.000000,0.000000,0.000000,0.000000,0.000000
8.239345,0.069600,0.000000,0.000000,0.000000,0.000000,0.000000
8.243345,0.069600,0.000000,0.000000,0.000000,0.000000,0.000000
8.247345,0.069600,0.000000,0.000000,0.000000,0.000000,0.000000
8.251345,0.069600,0.000000,0.000000,0.000000,0.000000,0.000000
8.255345,0.069600,0.000000,0.000000,0.000000,0.000000,0.000000
8.259345,0.069600,0.000000,0.000000,0.000000,0.000000,0.000000
8.263345,0.069600,0.000000,0.000000,0.000000,0.000000,0.000000
8.267345,0.068400,0.000000,0.000000,0.000000,0.000000,0.000000
8.271345,0.068400,0.000000,0.000000,0.000000,0.000000,0.000000
8.275345,0.068400,0.000000,0.000000,0.000000,0.000000,0.000000
8.279345,0.068400,0.000000,0.000000,0.000000,0.000000,0.000000
8.283345,0.068400,0.000000,0.000000,0.000000,0.000000,0.000000
8.287345,0.068400,0.000000,0.000000,0.000000,0.000000,0.000000
8.291345,0.067000,0.000000,0.000000,0.000000,0.000000,0.000000
8.295345,0.067000,0.000000,0.000000,0.000000,0.000000,0.000000
8.299345,0.067000,0.000000,0.000000,0.000000,0.000000,0.000000
8.303345,0.067000,0.000000,0.000000,0.000000,0.000000,0.000000
8.307345,0.067000,0.000000,0.000000,0.000000,0.000000,0.000000
8.311345,0.067000,0.000000,0.000000,0.000000,0.000000,0.000000
8.315345,0.065400,0.000000,0.000000,0.000000,0.000000,0.000000
8.319345,0.065400,0.000000,0.000000,0.000000,0.000000,0.000000
8.323345,0.065400,0.000000,0.000000,0.000000,0.000000,0.000000
8.327345,0.065400,0.000000,0.000000,0.000000,0.000000,0.000000
8.331345,0.065400,0.000000,0.000000,0.000000,0.000000,0.000000
8.335345,0.065400,0.000000,0.000000,0.000000,0.000000,0.000000
8.339345,0.065400,0.000000,0.000000,0.000000,0.000000,0.000000
8.343345,0.065400,0.000000,0.000000,0.000000,0.000000,0.000000
8.347345,0.063800,0.000000,0.000000,0.000000,0.000000,0.000000
8.351345,0.063800,0.000000,0.000000,0.000000,0.000000,0.000000
8.355345,0.063800,0.000000,0.000000,0.000000,0.000000,0.000000
8.359345,0.063800,0.000000,0.000000,0.000000,0.000000,0.000000
8.363345,0.063800,0.000000,0.000000,0.000000,0.000000,0.000000
8.367345,0.063800,0.000000,0.000000,0.000000,0.000000,0.000000
8.371345,0.063800,0.000000,0.000000,0.000000,0.000000,0.000000
8.375345,0.063800,0.000000,0.000000,0.000000,0.000000,0.000000
8.379345,0.062400,0.000000,0.000000,0.000000,0.000000,0.000000
8.383345,0.062400,0.000000,0.000000,0.000000,0.000000,0.000000
8.387345,0.062400,0.000000,0.000000,0.000000,0.000000,0.000000
8.391345,0.062400,0.000000,0.000000,0.000000,0.000000,0.000000
8.395345,0.062400,0.000000,0.000000,0.000000,0.000000,0.000000
8.399345,0.062400,0.000000,0.000000,0.000000,0.000000,0.000000
8.403345,0.062400,0.000000,0.000000,0.000000,0.000000,0.000000
8.407345,0.062400,0.000000,0.000000,0.000000,0.000000,0.000000
8.411345,0.061000,0.000000,0.000000,0.000000,0.000000,0.000000
8.415345,0.061000,0.000000,0.000000,0.000000,0.000000,0.000000
8.419345,0.061000,0.000000,0.000000,0.000000,0.000000,0.000000
8.423345,0.061000,0.000000,0.000000,0.000000,0.000000,0.000000
8.427345,0.061000,0.000000,0.000000,0.000000,0.000000,0.000000
8.431345,0.061000,0.000000,0.000000,0.000000,0.000000,0.000000
8.435345,0.061000,0.000000,0.000000,0.000000,0.000000,0.000000
8.439345,0.059800,0.000000,0.000000,0.000000,0.000000,0.000000
8.443345,0.059800,0.000000,0.000000,0.000000,0.000000,0.000000
8.447345,0.059800,0.000000,0.000000,0.000000,0.000000,0.000000
8.451345,0.059800,0.000000,0.000000,0.000000,0.000000,0.000000
8.455345,0.059800,0.000000,0.000000,0.000000,0.000000,0.000000
8.459345,0.059800,0.000000,0.000000,0.000000,0.000000,0.000000
8.463345,0.058200,0.000000,0.000000,0.000000,0.000000,0.000000
8.467345,0.058200,0.000000,0.000000,0.000000,0.000000,0.000000
8.471345,0.058200,0.000000,0.000000,0.000000,0.000000,0.000000
8.475345,0.058200,0.000000,0.000000,0.000000,0.000000,0.000000
8.479345,0.058200,0.000000,0.000000,0.000000,0.000000,0.000000
8.483345,0.058200,0.000000,0.000000,0.000000,0.000000,0.000000
8.487345,0.058200,0.000000,0.000000,0.000000,0.000000,0.000000
8.491345,0.056800,0.000000,0.000000,0.000000,0.000000,0.000000
8.495345,0.056800,0.000000,0.000000,0.000000,0.000000,0.000000
8.499345,0.056800,0.000000,0.000000,0.000000,0.000000,0.000000
8.503345,0.056800,0.000000,0.000000,0.000000,0.000000,0.000000
8.507345,0.056800,0.000000,0.000000,0.000000,0.000000,0.000000
8.511345,0.056800,0.000000,0.000000,0.000000,0.000000,0.000000
8.515345,0.056800,0.000000,0.000000,0.000000,0.000000,0.000000
8.519345,0.055400,0.000000,0.000000,0.000000,0.000000,0.000000
8.523345,0.055400,0.000000,0.000000,0.000000,0.000000,0.000000
8.527345,0.055400,0.000000,0.000000,0.000000,0.000000,0.000000
8.531345,0.055400,0.000000,0.000000,0.000000,0.000000,0.000000
8.535345,0.055400,0.000000,0.000000,0.000000,0.000000,0.000000
8.539345,0.055400,0.000000,0.000000,0.000000,0.000000,0.000000
8.543345,0.055400,0.000000,0.000000,0.000000,0.000000,0.000000
8.547345,0.054000,0.000000,0.000000,0.000000,0.000000,0.000000
8.551345,0.054000,0.000000,0.000000,0.000000,0.000000,0.000000
8.555345,0.054000,0.000000,0.000000,0.000000,0.000000,0.000000
8.559345,0.054000,0.000000,0.000000,0.000000,0.000000,0.000000
8.563345,0.054000,0.000000,0.000000,0.000000,0.000000,0.000000
8.567345,0.054000,0.000000,0.000000,0.000000,0.000000,0.000000
8.571345,0.054000,0.000000,0.000000,0.000000,0.000000,0.000000
8.575345,0.052600,0.000000,0.000000,0.000000,0.000000,0.000000
8.579345,0.052600,0.000000,0.000000,0.000000,0.000000,0.000000
8.583345,0.052600,0.000000,0.000000,0.000000,0.000000,0.000000
8.587345,0.052600,0.000000,0.000000,0.000000,0.000000,0.000000
8.591345,0.052600,0.000000,0.000000,0.000000,0.000000,0.000000
8.595345,0.052600,0.000000,0.000000,0.000000,0.000000,0.000000
8.599345,0.052600,0.000000,0.000000,0.000000,0.000000,0.000000
8.603345,0.052600,0.000000,0.000000,0.000000,0.000000,0.000000
8.607345,0.051000,0.000000,0.000000,0.000000,0.000000,0.000000
8.611345,0.051000,0.000000,0.000000,0.000000,0.000000,0.000000
8.615345,0.051000,0.000000,0.000000,0.000000,0.000000,0.000000
8.619345,0.051000,0.000000,0.000000,0.000000,0.000000,0.000000
8.623345,0.051000,0.000000,0.000000,0.000000,0.000000,0.000000
8.627345,0.051000,0.000000,0.000000,0.000000,0.000000,0.000000
8.631345,0.051000,0.000000,0.000000,0.000000,0.000000,0.000000
8.635345,0.051000,0.000000,0.000000,0.000000,0.000000,0.000000
8.639345,0.049600,0.000000,0.000000,0.000000,0.000000,0.000000
8.643345,0.049600,0.000000,0.000000,0.000000,0.000000,0.000000
8.647345,0.049600,0.000000,0.000000,0.000000,0.000000,0.000000
8.651345,0.049600,0.000000,0.000000,0.000000,0.000000,0.000000
8.655345,0.049600,0.000000,0.000000,0.000000,0.000000,0.000000
8.659345,0.049600,0.000000,0.000000,0.000000,0.000000,0.000000
8.663345,0.049600,0.000000,0.000000,0.000000,0.000000,0.000000
8.667345,0.048400,0.000000,0.000000,0.000000,0.000000,0.000000
8.671345,0.048400,0.000000,0.000000,0.000000,0.000000,0.000000
8.675345,0.048400,0.000000,0.000000,0.000000,0.000000,0.000000
8.679345,0.048400,0.000000,0.000000,0.000000,0.000000,0.000000
8.683345,0.048400,0.000000,0.000000,0.000000,0.000000,0.000000
8.687345,0.048400,0.000000,0.000000,0.000000,0.000000,0.000000
8.691345,0.047200,0.000000,0.000000,0.000000,0.000000,0.000000
8.695345,0.047200,0.000000,0.000000,0.000000,0.000000,0.000000
8.699345,0.047200,0.000000,0.000000,0.000000,0.000000,0.000000
8.703345,0.047200,0.000000,0.000000,0.000000,0.000000,0.000000
8.707345,0.047200,0.000000,0.000000,0.000000,0.000000,0.000000
8.711345,0.045800,0.000000,0.000000,0.000000,0.000000,0.000000
8.715345,0.045800,0.000000,0.000000,0.000000,0.000000,0.000000
8.719345,0.045800,0.000000,0.000000,0.000000,0.000000,0.000000
8.723345,0.045800,0.000000,0.000000,0.000000,0.000000,0.000000
8.727345,0.045800,0.000000,0.000000,0.000000,0.000000,0.000000
8.731345,0.045800,0.000000,0.000000,0.000000,0.000000,0.000000
8.735345,0.045800,0.000000,0.000000,0.000000,0.000000,0.000000
8.739345,0.044200,0.000000,0.000000,0.000000,0.000000,0.000000
8.743345,0.044200,0.000000,0.000000,0.000000,0.000000,0.000000
8.747345,0.044200,0.000000,0.000000,0.000000,0.000000,0.000000
8.751345,0.044200,0.000000,0.000000,0.000000,0.000000,0.000000
8.755345,0.044200,0.000000,0.000000,0.000000,0.000000,0.000000
8.759345,0.044200,0.000000,0.000000,0.000000,0.000000,0.000000
8.763345,0.044200,0.000000,0.000000,0.000000,0.000000,0.000000
8.767345,0.044200,0.000000,0.000000,0.000000,0.000000,0.000000
8.771345,0.042800,0.000000,0.000000,0.000000,0.000000,0.000000
8.775345,0.042800,0.000000,0.000000,0.000000,0.000000,0.000000
8.779345,0.042800,0.000000,0.000000,0.000000,0.000000,0.000000
8.783345,0.042800,0.000000,0.000000,0.000000,0.000000,0.000000
8.787345,0.042800,0.000000,0.000000,0.000000,0.000000,0.000000
8.791345,0.042800,0.000000,0.000000,0.000000,0.000000,0.000000
8.795345,0.042800,0.000000,0.000000,0.000000,0.000000,0.000000
8.799345,0.042800,0.000000,0.000000,0.000000,0.000000,0.000000
8.803345,0.041400,0.000000,0.000000,0.000000,0.000000,0.000000
8.807345,0.041400,0.000000,0.000000,0.000000,0.000000,0.000000
8.811345,0.041400,0.000000,0.000000,0.000000,0.000000,0.000000
8.815345,0.041400,0.000000,0.000000,0.000000,0.000000,0.000000
8.819345,0.041400,0.000000,0.000000,0.000000,0.000000,0.000000
8.823345,0.041400,0.000000,0.000000,0.000000,0.000000,0.000000
8.827345,0.041400,0.000000,0.000000,0.000000,0.000000,0.000000
8.831345,0.040000,0.000000,0.000000,0.000000,0.000000,0.000000
8.835345,0.040000,0.000000,0.000000,0.000000,0.000000,0.000000
8.839345,0.040000,0.000000,0.000000,0.000000,0.000000,0.000000
8.843345,0.040000,0.000000,0.000000,0.000000,0.000000,0.000000
8.847345,0.040000,0.000000,0.000000,0.000000,0.000000,0.000000
8.851345,0.040000,0.000000,0.000000,0.000000,0.000000,0.000000
8.855345,0.038400,0.000000,0.000000,0.000000,0.000000,0.000000
8.859345,0.038400,0.000000,0.000000,0.000000,0.000000,0.000000
8.863345,0.038400,0.000000,0.000000,0.000000,0.000000,0.000000
8.867345,0.038400,0.000000,0.000000,0.000000,0.000000,0.000000
8.871345,0.038400,0.000000,0.000000,0.000000,0.000000,0.000000
8.875345,0.038400,0.000000,0.000000,0.000000,0.000000,0.000000
8.879345,0.038400,0.000000,0.000000,0.000000,0.000000,0.000000
8.883345,0.038400,0.000000,0.000000,0.000000,0.000000,0.000000
8.887345,0.036800,0.000000,0.000000,0.000000,0.000000,0.000000
8.891345,0.036800,0.000000,0.000000,0.000000,0.000000,0.000000
8.895345,0.036800,0.000000,0.000000,0.000000,0.000000,0.000000
8.899345,0.036800,0.000000,0.000000,0.000000,0.000000,0.000000
8.903345,0.036800,0.000000,0.000000,0.000000,0.000000,0.000000
8.907345,0.036800,0.000000,0.000000,0.000000,0.000000,0.000000
8.911345,0.036800,0.000000,0.000000,0.000000,0.000000,0.000000
8.915345,0.036800,0.000000,0.000000,0.000000,0.000000,0.000000
8.919345,0.036800,0.000000,0.000000,0.000000,0.000000,0.000000
8.923345,0.035200,0.000000,0.000000,0.000000,0.000000,0.000000
8.927345,0.035200,0.000000,0.000000,0.000000,0.000000,0.000000
8.931345,0.035200,0.000000,0.000000,0.000000,0.000000,0.000000
8.935345,0.035200,0.000000,0.000000,0.000000,0.000000,0.000000
8.939345,0.035200,0.000000,0.000000,0.000000,0.000000,0.000000
8.943345,0.035200,0.000000,0.000000,0.000000,0.000000,0.000000
8.947345,0.035200,0.000000,0.000000,0.000000,0.000000,0.000000
8.951345,0.035200,0.000000,0.000000,0.000000,0.000000,0.000000
8.955345,0.033600,0.000000,0.000000,0.000000,0.000000,0.000000
8.959345,0.033600,0.000000,0.000000,0.000000,0.000000,0.000000
8.963345,0.033600,0.000000,0.000000,0.000000,0.000000,0.000000
8.967345,0.033600,0.000000,0.000000,0.000000,0.000000,0.000000
8.971345,0.033600,0.000000,0.000000,0.000000,0.000000,0.000000
8.975345,0.033600,0.000000,0.000000,0.000000,0.000000,0.000000
8.979345,0.033600,0.000000,0.000000,0.000000,0.000000,0.000000
8.983345,0.032200,0.000000,0.000000,0.000000,0.000000,0.000000
8.987345,0.032200,0.000000,0.000000,0.000000,0.000000,0.000000
8.991345,0.032200,0.000000,0.000000,0.000000,0.000000,0.000000
8.995345,0.032200,0.000000,0.000000,0.000000,0.000000,0.000000
8.999345,0.032200,0.000000,0.000000,0.000000,0.000000,0.000000
9.003345,0.032200,0.000000,0.000000,0.000000,0.000000,0.000000
9.007345,0.032200,0.000000,0.000000,0.000000,0.000000,0.000000
9.011345,0.032200,0.000000,0.000000,0.000000,0.000000,0.000000
9.015345,0.030800,0.000000,0.000000,0.000000,0.000000,0.000000
9.019345,0.030800,0.000000,0.000000,0.000000,0.000000,0.000000
9.023345,0.030800,0.000000,0.000000,0.000000,0.000000,0.000000
9.027345,0.030800,0.000000,0.000000,0.000000,0.000000,0.000000
9.031345,0.030800,0.000000,0.000000,0.000000,0.000000,0.000000
9.035345,0.030800,0.000000,0.000000,0.000000,0.000000,0.000000
9.039345,0.030800,0.000000,0.000000,0.000000,0.000000,0.000000
9.043345,0.029200,0.000000,0.000000,0.000000,0.000000,0.000000
9.047345,0.029200,0.000000,0.000000,0.000000,0.000000,0.000000
9.051345,0.029200,0.000000,0.000000,0.000000,0.000000,0.000000
9.055345,0.029200,0.000000,0.000000,0.000000,0.000000,0.000000
9.059345,0.029200,0.000000,0.000000,0.000000,0.000000,0.000000
9.063345,0.029200,0.000000,0.000000,0.000000,0.000000,0.000000
9.067345,0.029200,0.000000,0.000000,0.000000,0.000000,0.000000
9.071345,0.029200,0.000000,0.000000,0.000000,0.000000,0.000000
9.075345,0.028000,0.000000,0.000000,0.000000,0.000000,0.000000
9.079345,0.028000,0.000000,0.000000,0.000000,0.000000,0.000000
9.083345,0.028000,0.000000,0.000000,0.000000,0.000000,0.000000
9.087345,0.028000,0.000000,0.000000,0.000000,0.000000,0.000000
9.091345,0.028000,0.000000,0.000000,0.000000,0.000000,0.000000
9.095345,0.028000,0.000000,0.000000,0.000000,0.000000,0.000000
9.099345,0.026400,0.000000,0.000000,0.000000,0.000000,0.000000
9.103345,0.026400,0.000000,0.000000,0.000000,0.000000,0.000000
9.107345,0.026400,0.000000,0.000000,0.000000,0.000000,0.000000
9.111345,0.026400,0.000000,0.000000,0.000000,0.000000,0.000000
9.115345,0.026400,0.000000,0.000000,0.000000,0.000000,0.000000
9.119345,0.026400,0.000000,0.000000,0.000000,0.000000,0.000000
9.123345,0.026400,0.000000,0.000000,0.000000,0.000000,0.000000
9.127345,0.025000,0.000000,0.000000,0.000000,0.000000,0.000000
9.131345,0.025000,0.000000,0.000000,0.000000,0.000000,0.000000
9.135345,0.025000,0.000000,0.000000,0.000000,0.000000,0.000000
9.139345,0.025000,0.000000,0.000000,0.000000,0.000000,0.000000
9.143345,0.025000,0.000000,0.000000,0.000000,0.000000,0.000000
9.147345,0.025000,0.000000,0.000000,0.000000,0.000000,0.000000
9.151345,0.025000,0.000000,0.000000,0.000000,0.000000,0.000000
9.155345,0.023600,0.000000,0.000000,0.000000,0.000000,0.000000
9.159345,0.023600,0.000000,0.000000,0.000000,0.000000,0.000000
9.163345,0.023600,0.000000,0.000000,0.000000,0.000000,0.000000
9.167345,0.023600,0.000000,0.000000,0.000000,0.000000,0.000000
9.171345,0.023600,0.000000,0.000000,0.000000,0.000000,0.000000
9.175345,0.023600,0.000000,0.000000,0.000000,0.000000,0.000000
9.179345,0.023600,0.000000,0.000000,0.000000,0.000000,0.000000
9.183345,0.022200,0.000000,0.000000,0.000000,0.000000,0.000000
9.187345,0.022200,0.000000,0.000000,0.000000,0.000000,0.000000
9.191345,0.022200,0.000000,0.000000,0.000000,0.000000,0.000000
9.195345,0.022200,0.000000,0.000000,0.000000,0.000000,0.000000
9.199345,0.022200,0.000000,0.000000,0.000000,0.000000,0.000000
9.203345,0.022200,0.000000,0.000000,0.000000,0.000000,0.000000
9.207345,0.022200,0.000000,0.000000,0.000000,0.000000,0.000000
9.211345,0.021000,0.000000,0.000000,0.000000,0.000000,0.000000
9.215345,0.021000,0.000000,0.000000,0.000000,0.000000,0.000000
9.219345,0.021000,0.000000,0.000000,0.000000,0.000000,0.000000
9.223345,0.021000,0.000000,0.000000,0.000000,0.000000,0.000000
9.227345,0.021000,0.000000,0.000000,0.000000,0.000000,0.000000
9.231345,0.021000,0.000000,0.000000,0.000000,0.000000,0.000000
9.235345,0.019600,0.000000,0.000000,0.000000,0.000000,0.000000
9.239345,0.019600,0.000000,0.000000,0.000000,0.000000,0.000000
9.243345,0.019600,0.000000,0.000000,0.000000,0.000000,0.000000
9.247345,0.019600,0.000000,0.000000,0.000000,0.000000,0.000000
9.251345,0.019600,0.000000,0.000000,0.000000,0.000000,0.000000
9.255345,0.019600,0.000000,0.000000,0.000000,0.000000,0.000000
9.259345,0.019600,0.000000,0.000000,0.000000,0.000000,0.000000
9.263345,0.019600,0.000000,0.000000,0.000000,0.000000,0.000000
9.267345,0.018400,0.000000,0.000000,0.000000,0.000000,0.000000
9.271345,0.018400,0.000000,0.000000,0.000000,0.000000,0.000000
9.275345,0.018400,0.000000,0.000000,0.000000,0.000000,0.000000
9.279345,0.018400,0.000000,0.000000,0.000000,0.000000,0.000000
9.283345,0.018400,0.000000,0.000000,0.000000,0.000000,0.000000
9.287345,0.018400,0.000000,0.000000,0.000000,0.000000,0.000000
9.291345,0.016800,0.000000,0.000000,0.000000,0.000000,0.000000
9.295345,0.016800,0.000000,0.000000,0.000000,0.000000,0.000000
9.299345,0.016800,0.000000,0.000000,0.000000,0.000000,0.000000
9.303345,0.016800,0.000000,0.000000,0.000000,0.000000,0.000000
9.307345,0.016800,0.000000,0.000000,0.000000,0.000000,0.000000
9.311345,0.016800,0.000000,0.000000,0.000000,0.000000,0.000000
9.315345,0.016800,0.000000,0.000000,0.000000,0.000000,0.000000
9.319345,0.016800,0.000000,0.000000,0.000000,0.000000,0.000000
9.323345,0.015400,0.000000,0.000000,0.000000,0.000000,0.000000
9.327345,0.015400,0.000000,0.000000,0.000000,0.000000,0.000000
9.331345,0.015400,0.000000,0.000000,0.000000,0.000000,0.000000
9.335345,0.015400,0.000000,0.000000,0.000000,0.000000,0.000000
9.339345,0.015400,0.000000,0.000000,0.000000,0.000000,0.000000
9.343345,0.015400,0.000000,0.000000,0.000000,0.000000,0.000000
9.347345,0.014200,0.000000,0.000000,0.000000,0.000000,0.000000
9.351345,0.014200,0.000000,0.000000,0.000000,0.000000,0.000000
9.355345,0.014200,0.000000,0.000000,0.000000,0.000000,0.000000
9.359345,0.014200,0.000000,0.000000,0.000000,0.000000,0.000000
9.363345,0.014200,0.000000,0.000000,0.000000,0.000000,0.000000
9.367345,0.014200,0.000000,0.000000,0.000000,0.000000,0.000000
9.371345,0.012800,0.000000,0.000000,0.000000,0.000000,0.000000
9.375345,0.012800,0.000000,0.000000,0.000000,0.000000,0.000000
9.379345,0.012800,0.000000,0.000000,0.000000,0.000000,0.000000
9.383345,0.012800,0.000000,0.000000,0.000000,0.000000,0.000000
9.387345,0.012800,0.000000,0.000000,0.000000,0.000000,0.000000
9.391345,0.012800,0.000000,0.000000,0.000000,0.000000,0.000000
9.395345,0.012800,0.000000,0.000000,0.000000,0.000000,0.000000
9.399345,0.012800,0.000000,0.000000,0.000000,0.000000,0.000000
9.403345,0.011800,0.000000,0.000000,0.000000,0.000000,0.000000
9.407345,0.011800,0.000000,0.000000,0.000000,0.000000,0.000000
9.411345,0.011800,0.000000,0.000000,0.000000,0.000000,0.000000
9.415345,0.011800,0.000000,0.000000,0.000000,0.000000,0.000000
9.419345,0.011800,0.000000,0.000000,0.000000,0.000000,0.000000
9.423345,0.010600,0.000000,0.000000,0.000000,0.000000,0.000000
9.427345,0.010600,0.000000,0.000000,0.000000,0.000000,0.000000
9.431345,0.010600,0.000000,0.000000,0.000000,0.000000,0.000000
9.435345,0.010600,0.000000,0.000000,0.000000,0.000000,0.000000
9.439345,0.010600,0.000000,0.000000,0.000000,0.000000,0.000000
9.443345,0.009200,0.000000,0.000000,0.000000,0.000000,0.000000
9.447345,0.009200,0.000000,0.000000,0.000000,0.000000,0.000000
9.451345,0.009200,0.000000,0.000000,0.000000,0.000000,0.000000
9.455345,0.009200,0.000000,0.000000,0.000000,0.000000,0.000000
9.459345,0.009200,0.000000,0.000000,0.000000,0.000000,0.000000
9.463345,0.009200,0.000000,0.000000,0.000000,0.000000,0.000000
9.467345,0.009200,0.000000,0.000000,0.000000,0.000000,0.000000
9.471345,0.007800,0.000000,0.000000,0.000000,0.000000,0.000000
9.475345,0.007800,0.000000,0.000000,0.000000,0.000000,0.000000
9.479345,0.007800,0.000000,0.000000,0.000000,0.000000,0.000000
9.483345,0.007800,0.000000,0.000000,0.000000,0.000000,0.000000
9.487345,0.007800,0.000000,0.000000,0.000000,0.000000,0.000000
9.491345,0.007800,0.000000,0.000000,0.000000,0.000000,0.000000
9.495345,0.007800,0.000000,0.000000,0.000000,0.000000,0.000000
9.499345,0.006400,0.000000,0.000000,0.000000,0.000000,0.000000
9.503345,0.006400,0.000000,0.000000,0.000000,0.000000,0.000000
9.507345,0.006400,0.000000,0.000000,0.000000,0.000000,0.000000
9.511345,0.006400,0.000000,0.000000,0.000000,0.000000,0.000000
9.515345,0.006400,0.000000,0.000000,0.000000,0.000000,0.000000
9.519345,0.006400,0.000000,0.000000,0.000000,0.000000,0.000000
9.523345,0.006400,0.000000,0.000000,0.000000,0.000000,0.000000
9.527345,0.006400,0.000000,0.000000,0.000000,0.000000,0.000000
9.531345,0.005200,0.000000,0.000000,0.000000,0.000000,0.000000
9.535345,0.005200,0.000000,0.000000,0.000000,0.000000,0.000000
9.539345,0.005200,0.000000,0.000000,0.000000,0.000000,0.000000
9.543345,0.005200,0.000000,0.000000,0.000000,0.000000,0.000000
9.547345,0.005200,0.000000,0.000000,0.000000,0.000000,0.000000
9.551345,0.003600,0.000000,0.000000,0.000000,0.000000,0.000000
9.555345,0.003600,0.000000,0.000000,0.000000,0.000000,0.000000
9.559345,0.003600,0.000000,0.000000,0.000000,0.000000,0.000000
9.563345,0.003600,0.000000,0.000000,0.000000,0.000000,0.000000
9.567345,0.003600,0.000000,0.000000,0.000000,0.000000,0.000000
9.571345,0.003600,0.000000,0.000000,0.000000,0.000000,0.000000
9.575345,0.003600,0.000000,0.000000,0.000000,0.000000,0.000000
9.579345,0.003600,0.000000,0.000000,0.000000,0.000000,0.000000
9.583345,0.002000,0.000000,0.000000,0.000000,0.000000,0.000000
9.587345,0.002000,0.000000,0.000000,0.000000,0.000000,0.000000
9.591345,0.002000,0.000000,0.000000,0.000000,0.000000,0.000000
9.595345,0.002000,0.000000,0.000000,0.000000,0.000000,0.000000
9.599345,0.002000,0.000000,0.000000,0.000000,0.000000,0.000000
9.603345,0.002000,0.000000,0.000000,0.000000,0.000000,0.000000
9.607345,0.002000,0.000000,0.000000,0.000000,0.000000,0.000000
9.611345,0.002000,0.000000,0.000000,0.000000,0.000000,0.000000
9.615345,0.002000,0.000000,0.000000,0.000000,0.000000,0.000000
9.619345,0.000800,0.000000,0.000000,0.000000,0.000000,0.000000
9.623345,0.000800,0.000000,0.000000,0.000000,0.000000,0.000000
9.627345,0.000800,0.000000,0.000000,0.000000,0.000000,0.000000
9.631345,0.000800,0.000000,0.000000,0.000000,0.000000,0.000000
9.635345,0.000800,0.000000,0.000000,0.000000,0.000000,0.000000
9.639345,0.000000,0.000000,0.000000,0.000000,0.000000,0.000000
9.643345,0.000000,0.000000,0.000000,0.000000,0.000000,0.000000
9.647345,0.000000,0.000000,0.000000,0.000000,0.000000,0.000000
9.651345,0.000000,0.000000,0.000000,0.000000,0.000000,0.000000
9.655345,0.000000,0.000000,0.000000,0.000000,0.000000,0.000000
9.659345,0.000000,0.000000,0.000000,0.000000,0.000000,0.000000
9.663345,0.000000,0.000000,0.000000,0.000000,0.000000,0.000000
9.667345,0.000000,0.000000,0.000000,0.000000,0.000000,0.000000
9.671345,0.000000,0.000000,0.000000,0.000000,0.000000,0.000000
9.675345,0.000000,0.000000,0.000000,0.000000,0.000000,0.000000
9.679345,0.000000,0.000000,0.000000,0.000000,0.000000,0.000000
9.683345,0.000000,0.000000,0.000000,0.000000,0.000000,0.000000
9.687345,0.000000,0.000000,0.000000,0.000000,0.000000,0.000000
9.691345,0.000000,0.000000,0.000000,0.000000,0.000000,0.000000
9.695345,0.000000,0.000000,0.000000,0.000000,0.000000,0.000000
9.699345,0.000000,0.000000,0.000000,0.000000,0.000000,0.000000
9.703345,0.000000,0.000000,0.000000,0.000000,0.000000,0.000000
9.707345,0.000000,0.000000,0.000000,0.000000,0.000000,0.000000
9.711345,0.000000,0.000000,0.000000,0.000000,0.000000,0.000000
9.715345,0.000000,0.000000,0.000000,0.000000,0.000000,0.000000
9.719345,0.000000,0.000000,0.000000,0.000000,0.000000,0.000000
9.723345,0.000000,0.000000,0.000000,0.000000,0.000000,0.000000
9.727345,0.000000,0.000000,0.000000,0.000000,0.000000,0.000000
9.731345,0.000000,0.000000,0.000000,0.000000,0.000000,0.000000
9.735345,0.000000,0.000000,0.000000,0.000000,0.000000,0.000000
9.739345,0.000000,0.000000,0.000000,0.000000,0.000000,0.000000
9.743345,0.000000,0.000000,0.000000,0.000000,0.000000,0.000000
9.747345,0.000000,0.000000,0.000000,0.000000,0.000000,0.000000
9.751345,0.000000,0.000000,0.000000,0.000000,0.000000,0.000000
9.755345,0.000000,0.000000,0.000000,0.000000,0.000000,0.000000
9.759345,0.000000,0.000000,0.000000,0.000000,0.000000,0.000000
9.763345,0.000000,0.000000,0.000000,0.000000,0.000000,0.000000
9.767345,0.000000,0.000000,0.000000,0.000000,0.000000,0.000000
9.771345,0.000000,0.000000,0.000000,0.000000,0.000000,0.000000
9.775345,0.000000,0.000000,0.000000,0.000000,0.000000,0.000000
9.779345,0.000000,0.000000,0.000000,0.000000,0.000000,0.000000
9.783345,0.000000,0.000000,0.000000,0.000000,0.000000,0.000000
9.787345,0.000000,0.000000,0.000000,0.000000,0.000000,0.000000
9.791345,0.000000,0.000000,0.000000,0.000000,0.000000,0.000000
9.795345,0.000000,0.000000,0.000000,0.000000,0.000000,0.000000
9.799345,0.000000,0.000000,0.000000,0.000000,0.000000,0.000000
9.803345,0.000000,0.000000,0.000000,0.000000,0.000000,0.000000
9.807345,0.000000,0.000000,0.000000,0.000000,0.000000,0.000000
9.811345,0.000000,0.000000,0.000000,0.000000,0.000000,0.000000
9.815345,0.000000,0.000000,0.000000,0.000000,0.000000,0.000000
9.819345,0.000000,0.000000,0.000000,0.000000,0.000000,0.000000
9.823345,0.000000,0.000000,0.000000,0.000000,0.000000,0.000000
9.827345,0.000000,0.000000,0.000000,0.000000,0.000000,0.000000
9.831345,0.000000,0.000000,0.000000,0.000000,0.000000,0.000000
9.835345,0.000000,0.000000,0.000000,0.000000,0.000000,0.000000
9.839345,0.000000,0.000000,0.000000,0.000000,0.000000,0.000000
9.843345,0.000000,0.000000,0.000000,0.000000,0.000000,0.000000
9.847345,0.000000,0.000000,0.000000,0.000000,0.000000,0.000000
9.851345,0.000000,0.000000,0.000000,0.000000,0.000000,0.000000
9.855345,0.000000,0.000000,0.000000,0.000000,0.000000,0.000000
9.859345,0.000000,0.000000,0.000000,0.000000,0.000000,0.000000
9.863345,0.000000,0.000000,0.000000,0.000000,0.000000,0.000000
9.867345,0.000000,0.000000,0.000000,0.000000,0.000000,0.000000
9.871345,0.000000,0.000000,0.000000,0.000000,0.000000,0.000000
9.875345,0.000000,0.000000,0.000000,0.000000,0.000000,0.000000
9.879345,0.000000,0.000000,0.000000,0.000000,0.000000,0.000000
9.883345,0.000000,0.000000,0.000000,0.000000,0.000000,0.000000
9.887345,0.000000,0.000000,0.000000,0.000000,0.000000,0.000000
9.891345,0.000000,0.000000,0.000000,0.000000,0.000000,0.000000
9.895345,0.000000,0.000000,0.000000,0.000000,0.000000,0.000000
9.899345,0.000000,0.000000,0.000000,0.000000,0.000000,0.000000
9.903345,0.000000,0.000000,0.000000,0.000000,0.000000,0.000000
9.907345,0.000000,0.000000,0.000000,0.000000,0.000000,0.000000
9.911345,0.000000,0.000000,0.000000,0.000000,0.000000,0.000000
9.915345,0.000000,0.000000,0.000000,0.000000,0.000000,0.000000
9.919345,0.000000,0.000000,0.000000,0.000000,0.000000,0.000000
9.923345,0.000000,0.000000,0.000000,0.000000,0.000000,0.000000
9.927345,0.000000,0.000000,0.000000,0.000000,0.000000,0.000000
9.931345,0.000000,0.000000,0.000000,0.000000,0.000000,0.000000
9.935345,0.000000,0.000000,0.000000,0.000000,0.000000,0.000000
9.939345,0.000000,0.000000,0.000000,0.000000,0.000000,0.000000
9.943345,0.000000,0.000000,0.000000,0.000000,0.000000,0.000000
9.947345,0.000000,0.000000,0.000000,0.000000,0.000000,0.000000
9.951345,0.000000,0.000000,0.000000,0.000000,0.000000,0.000000
9.955345,0.000000,0.000000,0.000000,0.000000,0.000000,0.000000
9.959345,0.000000,0.000000,0.000000,0.000000,0.000000,0.000000
9.963345,0.000000,0.000000,0.000000,0.000000,0.000000,0.000000
9.967345,0.000000,0.000000,0.000000,0.000000,0.000000,0.000000
9.971345,0.000000,0.000000,0.000000,0.000000,0.000000,0.000000
9.975345,0.000000,0.000000,0.000000,0.000000,0.000000,0.000000
9.979345,0.000000,0.000000,0.000000,0.000000,0.000000,0.000000
9.983345,0.000000,0.000000,0.000000,0.000000,0.000000,0.000000
9.987345,0.000000,0.000000,0.000000,0.000000,0.000000,0.000000
9.991345,0.000000,0.000000,0.000000,0.000000,0.000000,0.000000
9.995345,0.000000,0.000000,0.000000,0.000000,0.000000,0.000000
9.999345,0.000000,0.000000,0.000000,0.000000,0.000000,0.000000
10.003345,0.000000,0.000000,0.000000,0.000000,0.000000,0.000000
10.007345,0.000000,0.000000,0.000000,0.000000,0.000000,0.000000
10.011345,0.000000,0.000000,0.000000,0.000000,0.000000,0.000000
10.015345,0.000000,0.000000,0.000000,0.000000,0.000000,0.000000
10.019345,0.000000,0.000000,0.000000,0.000000,0.000000,0.000000
10.023345,0.000000,0.000000,0.000000,0.000000,0.000000,0.000000
10.027345,0.000000,0.000000,0.000000,0.000000,0.000000,0.000000
10.031345,0.000000,0.000000,0.000000,0.000000,0.000000,0.000000
10.035345,0.000000,0.000000,0.000000,0.000000,0.000000,0.000000
10.039345,0.000000,0.000000,0.000000,0.000000,0.000000,0.000000
10.043345,0.000000,0.000000,0.000000,0.000000,0.000000,0.000000
10.047345,0.000000,0.000000,0.000000,0.000000,0.000000,0.000000
10.051345,0.000000,0.000000,0.000000,0.000000,0.000000,0.000000
10.055345,0.000000,0.000000,0.000000,0.000000,0.000000,0.000000
10.059345,0.000000,0.000000,0.000000,0.000000,0.000000,0.000000
10.063345,0.000000,0.000000,0.000000,0.000000,0.000000,0.000000
10.067345,0.000000,0.000000,0.000000,0.000000,0.000000,0.000000
10.071345,0.000000,0.000000,0.000000,0.000000,0.000000,0.000000
10.075345,0.000000,0.000000,0.000000,0.000000,0.000000,0.000000
10.079345,0.000000,0.000000,0.000000,0.000000,0.000000,0.000000
10.083345,0.000000,0.000000,0.000000,0.000000,0.000000,0.000000
10.087345,0.000000,0.000000,0.000000,0.000000,0.000000,0.000000
10.091345,0.000000,0.000000,0.000000,0.000000,0.000000,0.000000
10.095345,0.000000,0.000000,0.000000,0.000000,0.000000,0.000000
10.099345,0.000000,0.000000,0.000000,0.000000,0.000000,0.000000
10.103345,0.000000,0.000000,0.000000,0.000000,0.000000,0.000000
10.107345,0.000000,0.000000,0.000000,0.000000,0.000000,0.000000
10.111345,0.000000,0.000000,0.000000,0.000000,0.000000,0.000000
10.115345,0.000000,0.000000,0.000000,0.000000,0.000000,0.000000
10.119345,0.000000,0.000000,0.000000,0.000000,0.000000,0.000000
10.123345,0.000000,0.000000,0.000000,0.000000,0.000000,0.000000
10.127345,0.000000,0.000000,0.000000,0.000000,0.000000,0.000000
10.131345,0.000000,0.000000,0.000000,0.000000,0.000000,0.000000
10.135345,0.000000,0.000000,0.000000,0.000000,0.000000,0.000000
10.139345,0.000000,0.000000,0.000000,0.000000,0.000000,0.000000
10.143345,0.000000,0.000000,0.000000,0.000000,0.000000,0.000000
10.147345,0.000000,0.000000,0.000000,0.000000,0.000000,0.000000
10.151345,0.000000,0.000000,0.000000,0.000000,0.000000,0.000000
10.155345,0.000000,0.000000,0.000000,0.000000,0.000000,0.000000
10.159345,0.000000,0.000000,0.000000,0.000000,0.000000,0.000000
10.163345,0.000000,0.000000,0.000000,0.000000,0.000000,0.000000
10.167345,0.000000,0.000000,0.000000,0.000000,0.000000,0.000000
10.171345,0.000000,0.000000,0.000000,0.000000,0.000000,0.000000
10.175345,0.000000,0.000000,0.000000,0.000000,0.000000,0.000000
10.179345,0.000000,0.000000,0.000000,0.000000,0.000000,0.000000
10.183345,0.000000,0.000000,0.000000,0.000000,0.000000,0.000000
10.187345,0.000000,0.000000,0.000000,0.000000,0.000000,0.000000
10.191345,0.000000,0.000000,0.000000,0.000000,0.000000,0.000000
10.195345,0.000000,0.000000,0.000000,0.000000,0.000000,0.000000
10.199345,0.000000,0.000000,0.000000,0.000000,0.000000,0.000000
10.203345,0.000000,0.000000,0.000000,0.000000,0.000000,0.000000
10.207345,0.000000,0.000000,0.000000,0.000000,0.000000,0.000000
10.211345,0.000000,0.000000,0.000000,0.000000,0.000000,0.000000
10.215345,0.000000,0.000000,0.000000,0.000000,0.000000,0.000000
10.219345,0.000000,0.000000,0.000000,0.000000,0.000000,0.000000
10.223345,0.000000,0.000000,0.000000,0.000000,0.000000,0.000000
10.227345,0.000000,0.000000,0.000000,0.000000,0.000000,0.000000
10.231345,0.000000,0.000000,0.000000,0.000000,0.000000,0.000000
10.235345,0.000000,0.000000,0.000000,0.000000,0.000000,0.000000
10.239345,0.000000,0.000000,0.000000,0.000000,0.000000,0.000000
10.243345,0.000000,0.000000,0.000000,0.000000,0.000000,0.000000
10.247345,0.000000,0.000000,0.000000,0.000000,0.000000,0.000000
10.251345,0.000000,0.000000,0.000000,0.000000,0.000000,0.000000
10.255345,0.000000,0.000000,0.000000,0.000000,0.000000,0.000000
10.259345,0.000000,0.000000,0.000000,0.000000,0.000000,0.000000
10.263345,0.000000,0.000000,0.000000,0.000000,0.000000,0.000000
10.267345,0.000000,0.000000,0.000000,0.000000,0.000000,0.000000
10.271345,0.000000,0.000000,0.000000,0.000000,0.000000,0.000000
10.275345,0.000000,0.000000,0.000000,0.000000,0.000000,0.000000
10.279345,0.000000,0.000000,0.000000,0.000000,0.000000,0.000000
10.283345,0.000000,0.000000,0.000000,0.000000,0.000000,0.000000
10.287345,0.000000,0.000000,0.000000,0.000000,0.000000,0.000000
10.291345,0.000000,0.000000,0.000000,0.000000,0.000000,0.000000
10.295345,0.000000,0.000000,0.000000,0.000000,0.000000,0.000000
10.299345,0.000000,0.000000,0.000000,0.000000,0.000000,0.000000
10.303345,0.000000,0.000000,0.000000,0.000000,0.000000,0.000000
10.307345,0.000000,0.000000,0.000000,0.000000,0.000000,0.000000
10.311345,0.000000,0.000000,0.000000,0.000000,0.000000,0.000000
10.315345,0.000000,0.000000,0.000000,0.000000,0.000000,0.000000
10.319345,0.000000,0.000000,0.000000,0.000000,0.000000,0.000000
10.323345,0.000000,0.000000,0.000000,0.000000,0.000000,0.000000
10.327345,0.000000,0.000000,0.000000,0.000000,0.000000,0.000000
10.331345,0.000000,0.000000,0.000000,0.000000,0.000000,0.000000
10.335345,0.000000,0.000000,0.000000,0.000000,0.000000,0.000000
10.339345,0.000000,0.000000,0.000000,0.000000,0.000000,0.000000
10.343345,0.000000,0.000000,0.000000,0.000000,0.000000,0.000000
10.347345,0.000000,0.000000,0.000000,0.000000,0.000000,0.000000
10.351345,0.000000,0.000000,0.000000,0.000000,0.000000,0.000000
10.355345,0.000000,0.000000,0.000000,0.000000,0.000000,0.000000
10.359345,0.000000,0.000000,0.000000,0.000000,0.000000,0.000000
10.363345,0.000000,0.000000,0.000000,0.000000,0.000000,0.000000
10.367345,0.000000,0.000000,0.000000,0.000000,0.000000,0.000000
10.371345,0.000000,0.000000,0.000000,0.000000,0.000000,0.000000
10.375345,0.000000,0.000000,0.000000,0.000000,0.000000,0.000000
10.379345,0.000000,0.000000,0.000000,0.000000,0.000000,0.000000
10.383345,0.000000,0.000000,0.000000,0.000000,0.000000,0.000000
10.387345,0.000000,0.000000,0.000000,0.000000,0.000000,0.000000
10.391345,0.000000,0.000000,0.000000,0.000000,0.000000,0.000000
10.395345,0.000000,0.000000,0.000000,0.000000,0.000000,0.000000
10.399345,0.000000,0.000000,0.000000,0.000000,0.000000,0.000000
10.403345,0.000000,0.000000,0.000000,0.000000,0.000000,0.000000
10.407345,0.000000,0.000000,0.000000,0.000000,0.000000,0.000000
10.411345,0.000000,0.000000,0.000000,0.000000,0.000000,0.000000
10.415345,0.000000,0.000000,0.000000,0.000000,0.000000,0.000000
10.419345,0.000000,0.000000,0.000000,0.000000,0.000000,0.000000
10.423345,0.000000,0.000000,0.000000,0.000000,0.000000,0.000000
10.427345,0.000000,0.000000,0.000000,0.000000,0.000000,0.000000
10.431345,0.000000,0.000000,0.000000,0.000000,0.000000,0.000000
10.435345,0.000000,0.000000,0.000000,0.000000,0.000000,0.000000
10.439345,0.000000,0.000000,0.000000,0.000000,0.000000,0.000000
10.443345,0.000000,0.000000,0.000000,0.000000,0.000000,0.000000
10.447345,0.000000,0.000000,0.000000,0.000000,0.000000,0.000000
10.451345,0.000000,0.000000,0.000000,0.000000,0.000000,0.000000
10.455345,0.000000,0.000000,0.000000,0.000000,0.000000,0.000000
10.459345,0.000000,0.000000,0.000000,0.000000,0.000000,0.000000
10.463345,0.000000,0.000000,0.000000,0.000000,0.000000,0.000000
10.467345,0.000000,0.000000,0.000000,0.000000,0.000000,0.000000
10.471345,0.000000,0.000000,0.000000,0.000000,0.000000,0.000000
10.475345,0.000000,0.000000,0.000000,0.000000,0.000000,0.000000
10.479345,0.000000,0.000000,0.000000,0.000000,0.000000,0.000000
10.483345,0.000000,0.000000,0.000000,0.000000,0.000000,0.000000
10.487345,0.000000,0.000000,0.000000,0.000000,0.000000,0.000000
10.491345,0.000000,0.000000,0.000000,0.000000,0.000000,0.000000
10.495345,0.000000,0.000000,0.000000,0.000000,0.000000,0.000000
10.499345,0.000000,0.000000,0.000000,0.000000,0.000000,0.000000
10.503345,0.000000,0.000000,0.000000,0.000000,0.000000,0.000000
10.507345,0.000000,0.000000,0.000000,0.000000,0.000000,0.000000
10.511345,0.000000,0.000000,0.000000,0.000000,0.000000,0.000000
10.515345,0.000000,0.000000,0.000000,0.000000,0.000000,0.000000
10.519345,0.000000,0.000000,0.000000,0.000000,0.000000,0.000000
10.523345,0.000000,0.000000,0.000000,0.000000,0.000000,0.000000
10.527345,0.000000,0.000000,0.000000,0.000000,0.000000,0.000000
10.531345,0.000000,0.000000,0.000000,0.000000,0.000000,0.000000
10.535345,0.000000,0.000000,0.000000,0.000000,0.000000,0.000000
10.539345,0.000000,0.000000,0.000000,0.000000,0.000000,0.000000
10.543345,0.000000,0.000000,0.000000,0.000000,0.000000,0.000000
10.547345,0.000000,0.000000,0.000000,0.000000,0.000000,0.000000
10.551345,0.000000,0.000000,0.000000,0.000000,0.000000,0.000000
10.555345,0.000000,0.000000,0.000000,0.000000,0.000000,0.000000
10.559345,0.000000,0.000000,0.000000,0.000000,0.000000,0.000000
10.563345,0.000000,0.000000,0.000000,0.000000,0.000000,0.000000
10.567345,0.000000,0.000000,0.000000,0.000000,0.000000,0.000000
10.571345,0.000000,0.000000,0.000000,0.000000,0.000000,0.000000
10.575345,0.000000,0.000000,0.000000,0.000000,0.000000,0.000000
10.579345,0.000000,0.000000,0.000000,0.000000,0.000000,0.000000
10.583345,0.000000,0.000000,0.000000,0.000000,0.000000,0.000000
10.587345,0.000000,0.000000,0.000000,0.000000,0.000000,0.000000
10.591345,0.000000,0.000000,0.000000,0.000000,0.000000,0.000000
10.595345,0.000000,0.000000,0.000000,0.000000,0.000000,0.000000
10.599345,0.000000,0.000000,0.000000,0.000000,0.000000,0.000000
10.603345,0.000000,0.000000,0.000000,0.000000,0.000000,0.000000
10.607345,0.000000,0.000000,0.000000,0.000000,0.000000,0.000000
10.611345,0.000000,0.000000,0.000000,0.000000,0.000000,0.000000
10.615345,0.000000,0.000000,0.000000,0.000000,0.000000,0.000000
10.619345,0.000000,0.000000,0.000000,0.000000,0.000000,0.000000
10.623345,0.000000,0.000000,0.000000,0.000000,0.000000,0.000000
10.627345,0.000000,0.000000,0.000000,0.000000,0.000000,0.000000
10.631345,0.000000,0.000000,0.000000,0.000000,0.000000,0.000000
10.635345,0.000000,0.000000,0.000000,0.000000,0.000000,0.000000
10.639345,0.000000,0.000000,0.000000,0.000000,0.000000,0.000000
10.643345,0.000000,0.000000,0.000000,0.000000,0.000000,0.000000
10.647345,0.000000,0.000000,0.000000,0.000000,0.000000,0.000000
10.651345,0.000000,0.000000,0.000000,0.000000,0.000000,0.000000
10.655345,0.000000,0.000000,0.000000,0.000000,0.000000,0.000000
10.659345,0.000000,0.000000,0.000000,0.000000,0.000000,0.000000
10.663345,0.000000,0.000000,0.000000,0.000000,0.000000,0.000000
10.667345,0.000000,0.000000,0.000000,0.000000,0.000000,0.000000
10.671345,0.000000,0.000000,0.000000,0.000000,0.000000,0.000000
10.675345,0.000000,0.000000,0.000000,0.000000,0.000000,0.000000
10.679345,0.000000,0.000000,0.000000,0.000000,0.000000,0.000000
10.683345,0.000000,0.000000,0.000000,0.000000,0.000000,0.000000
10.687345,0.000000,0.000000,0.000000,0.000000,0.000000,0.000000
10.691345,0.000000,0.000000,0.000000,0.000000,0.000000,0.000000
10.695345,0.000000,0.000000,0.000000,0.000000,0.000000,0.000000
10.699345,0.000000,0.000000,0.000000,0.000000,0.000000,0.000000
10.703345,0.000000,0.000000,0.000000,0.000000,0.000000,0.000000
10.707345,0.000000,0.000000,0.000000,0.000000,0.000000,0.000000
10.711345,0.000000,0.000000,0.000000,0.000000,0.000000,0.000000
10.715345,0.000000,0.000000,0.000000,0.000000,0.000000,0.000000
10.719345,0.000000,0.000000,0.000000,0.000000,0.000000,0.000000
10.723345,0.000000,0.000000,0.000000,0.000000,0.000000,0.000000
10.727345,0.000000,0.000000,0.000000,0.000000,0.000000,0.000000
10.731345,0.000000,0.000000,0.000000,0.000000,0.000000,0.000000
10.735345,0.000000,0.000000,0.000000,0.000000,0.000000,0.000000
10.739345,0.000000,0.000000,0.000000,0.000000,0.000000,0.000000
10.743345,0.000000,0.000000,0.000000,0.000000,0.000000,0.000000
10.747345,0.000000,0.000000,0.000000,0.000000,0.000000,0.000000
10.751345,0.000000,0.000000,0.000000,0.000000,0.000000,0.000000
10.755345,0.000000,0.000000,0.000000,0.000000,0.000000,0.000000
10.759345,0.000000,0.000000,0.000000,0.000000,0.000000,0.000000
10.763345,0.000000,0.000000,0.000000,0.000000,0.000000,0.000000
10.767345,0.000000,0.000000,0.000000,0.000000,0.000000,0.000000
10.771345,0.000000,0.000000,0.000000,0.000000,0.000000,0.000000
10.775345,0.000000,0.000000,0.000000,0.000000,0.000000,0.000000
10.779345,0.000000,0.000000,0.000000,0.000000,0.000000,0.000000
10.783345,0.000000,0.000000,0.000000,0.000000,0.000000,0.000000
10.787345,0.000000,0.000000,0.000000,0.000000,0.000000,0.000000
10.791345,0.000000,0.000000,0.000000,0.000000,0.000000,0.000000
10.795345,0.000000,0.000000,0.000000,0.000000,0.000000,0.000000
10.799345,0.000000,0.000000,0.000000,0.000000,0.000000,0.000000
10.803345,0.000000,0.000000,0.000000,0.000000,0.000000,0.000000
10.807345,0.000000,0.000000,0.000000,0.000000,0.000000,0.000000
10.811345,0.000000,0.000000,0.000000,0.000000,0.000000,0.000000
10.815345,0.000000,0.000000,0.000000,0.000000,0.000000,0.000000
10.819345,0.000000,0.000000,0.000000,0.000000,0.000000,0.000000
10.823345,0.000000,0.000000,0.000000,0.000000,0.000000,0.000000
10.827345,0.000000,0.000000,0.000000,0.000000,0.000000,0.000000
10.831345,0.000000,0.000000,0.000000,0.000000,0.000000,0.000000
10.835345,0.000000,0.000000,0.000000,0.000000,0.000000,0.000000
10.839345,0.000000,0.000000,0.000000,0.000000,0.000000,0.000000
10.843345,0.000000,0.000000,0.000000,0.000000,0.000000,0.000000
10.847345,0.000000,0.000000,0.000000,0.000000,0.000000,0.000000
10.851345,0.000000,0.000000,0.000000,0.000000,0.000000,0.000000
10.855345,0.000000,0.000000,0.000000,0.000000,0.000000,0.000000
10.859345,0.000000,0.000000,0.000000,0.000000,0.000000,0.000000
10.863345,0.000000,0.000000,0.000000,0.000000,0.000000,0.000000
10.867345,0.000000,0.000000,0.000000,0.000000,0.000000,0.000000
10.871345,0.000000,0.000000,0.000000,0.000000,0.000000,0.000000
10.875345,0.000000,0.000000,0.000000,0.000000,0.000000,0.000000
10.879345,0.000000,0.000000,0.000000,0.000000,0.000000,0.000000
10.883345,0.000000,0.000000,0.000000,0.000000,0.000000,0.000000
10.887345,0.000000,0.000000,0.000000,0.000000,0.000000,0.000000
10.891345,0.000000,0.000000,0.000000,0.000000,0.000000,0.000000
10.895345,0.000000,0.000000,0.000000,0.000000,0.000000,0.000000
10.899345,0.000000,0.000000,0.000000,0.000000,0.000000,0.000000
10.903345,0.000000,0.000000,0.000000,0.000000,0.000000,0.000000
10.907345,0.000000,0.000000,0.000000,0.000000,0.000000,0.000000
10.911345,0.000000,0.000000,0.000000,0.000000,0.000000,0.000000
10.915345,0.000000,0.000000,0.000000,0.000000,0.000000,0.000000
10.919345,0.000000,0.000000,0.000000,0.000000,0.000000,0.000000
10.923345,0.000000,0.000000,0.000000,0.000000,0.000000,0.000000
10.927345,0.000000,0.000000,0.000000,0.000000,0.000000,0.000000
10.931345,0.000000,0.000000,0.000000,0.000000,0.000000,0.000000
10.935345,0.000000,0.000000,0.000000,0.000000,0.000000,0.000000
10.939345,0.000000,0.000000,0.000000,0.000000,0.000000,0.000000
10.943345,0.000000,0.000000,0.000000,0.000000,0.000000,0.000000
10.947345,0.000000,0.000000,0.000000,0.000000,0.000000,0.000000
10.951345,0.000000,0.000000,0.000000,0.000000,0.000000,0.000000
10.955345,0.000000,0.000000,0.000000,0.000000,0.000000,0.000000
10.959345,0.000000,0.000000,0.000000,0.000000,0.000000,0.000000
10.963345,0.000000,0.000000,0.000000,0.000000,0.000000,0.000000
10.967345,0.000000,0.000000,0.000000,0.000000,0.000000,0.000000
10.971345,0.000000,0.000000,0.000000,0.000000,0.000000,0.000000
10.975345,0.000000,0.000000,0.000000,0.000000,0.000000,0.000000
10.979345,0.000000,0.000000,0.000000,0.000000,0.000000,0.000000
10.983345,0.000000,0.000000,0.000000,0.000000,0.000000,0.000000
10.987345,0.000000,0.000000,0.000000,0.000000,0.000000,0.000000
10.991345,0.000000,0.000000,0.000000,0.000000,0.000000,0.000000
10.995345,0.000000,0.000000,0.000000,0.000000,0.000000,0.000000
10.999345,0.000000,0.000000,0.000000,0.000000,0.000000,0.000000
11.003345,0.000000,0.000000,0.000000,0.000000,0.000000,0.000000
11.007345,0.000000,0.000000,0.000000,0.000000,0.000000,0.000000
11.011345,0.000000,0.000000,0.000000,0.000000,0.000000,0.000000
11.015345,0.000000,0.000000,0.000000,0.000000,0.000000,0.000000
11.019345,0.000000,0.000000,0.000000,0.000000,0.000000,0.000000
11.023345,0.000000,0.000000,0.000000,0.000000,0.000000,0.000000
11.027345,0.000000,0.000000,0.000000,0.000000,0.000000,0.000000
11.031345,0.000000,0.000000,0.000000,0.000000,0.000000,0.000000
11.035345,0.000000,0.000000,0.000000,0.000000,0.000000,0.000000
11.039345,0.000000,0.000000,0.000000,0.000000,0.000000,0.000000
11.043345,0.000000,0.000000,0.000000,0.000000,0.000000,0.000000
11.047345,0.000000,0.000000,0.000000,0.000000,0.000000,0.000000
11.051345,0.000000,0.000000,0.000000,0.000000,0.000000,0.000000
11.055345,0.000000,0.000000,0.000000,0.000000,0.000000,0.000000
11.059345,0.000000,0.000000,0.000000,0.000000,0.000000,0.000000
11.063345,0.000000,0.000000,0.000000,0.000000,0.000000,0.000000
11.067345,0.000000,0.000000,0.000000,0.000000,0.000000,0.000000
11.071345,0.000000,0.000000,0.000000,0.000000,0.000000,0.000000
11.075345,0.000000,0.000000,0.000000,0.000000,0.000000,0.000000
11.079345,0.000000,0.000000,0.000000,0.000000,0.000000,0.000000
11.083345,0.000000,0.000000,0.000000,0.000000,0.000000,0.000000
11.087345,0.000000,0.000000,0.000000,0.000000,0.000000,0.000000
11.091345,0.000000,0.000000,0.000000,0.000000,0.000000,0.000000
11.095345,0.000000,0.000000,0.000000,0.000000,0.000000,0.000000
11.099345,0.000000,0.000000,0.000000,0.000000,0.000000,0.000000
11.103345,0.000000,0.000000,0.000000,0.000000,0.000000,0.000000
11.107345,0.000000,0.000000,0.000000,0.000000,0.000000,0.000000
11.111345,0.000000,0.000000,0.000000,0.000000,0.000000,0.000000
11.115345,0.000000,0.000000,0.000000,0.000000,0.000000,0.000000
11.119345,0.000000,0.000000,0.000000,0.000000,0.000000,0.000000
11.123345,0.000000,0.000000,0.000000,0.000000,0.000000,0.000000
11.127345,0.000000,0.000000,0.000000,0.000000,0.000000,0.000000
11.131345,0.000000,0.000000,0.000000,0.000000,0.000000,0.000000
11.135345,0.000000,0.000000,0.000000,0.000000,0.000000,0.000000
11.139345,0.000000,0.000000,0.000000,0.000000,0.000000,0.000000
11.143345,0.000000,0.000000,0.000000,0.000000,0.000000,0.000000
11.147345,0.000000,0.000000,0.000000,0.000000,0.000000,0.000000
11.151345,0.000000,0.000000,0.000000,0.000000,0.000000,0.000000
11.155345,0.000000,0.000000,0.000000,0.000000,0.000000,0.000000
11.159345,0.000000,0.000000,0.000000,0.000000,0.000000,0.000000
11.163345,0.000000,0.000000,0.000000,0.000000,0.000000,0.000000
11.167345,0.000000,0.000000,0.000000,0.000000,0.000000,0.000000
11.171345,0.000000,0.000000,0.000000,0.000000,0.000000,0.000000
11.175345,0.000000,0.000000,0.000000,0.000000,0.000000,0.000000
11.179345,0.000000,0.000000,0.000000,0.000000,0.000000,0.000000
11.183345,0.000000,0.000000,0.000000,0.000000,0.000000,0.000000
11.187345,0.000000,0.000000,0.000000,0.000000,0.000000,0.000000
11.191345,0.000000,0.000000,0.000000,0.000000,0.000000,0.000000
11.195345,0.000000,0.000000,0.000000,0.000000,0.000000,0.000000
11.199345,0.000000,0.000000,0.000000,0.000000,0.000000,0.000000
11.203345,0.000000,0.000000,0.000000,0.000000,0.000000,0.000000
11.207345,0.000000,0.000000,0.000000,0.000000,0.000000,0.000000
11.211345,0.000000,0.000000,0.000000,0.000000,0.000000,0.000000
11.215345,0.000000,0.000000,0.000000,0.000000,0.000000,0.000000
11.219345,0.000000,0.000000,0.000000,0.000000,0.000000,0.000000
11.223345,0.000000,0.000000,0.000000,0.000000,0.000000,0.000000
11.227345,0.000000,0.000000,0.000000,0.000000,0.000000,0.000000
11.231345,0.000000,0.000000,0.000000,0.000000,0.000000,0.000000
11.235345,0.000000,0.000000,0.000000,0.000000,0.000000,0.000000
11.239345,0.000000,0.000000,0.000000,0.000000,0.000000,0.000000
11.243345,0.000000,0.000000,0.000000,0.000000,0.000000,0.000000
11.247345,0.000000,0.000000,0.000000,0.000000,0.000000,0.000000
11.251345,0.000000,0.000000,0.000000,0.000000,0.000000,0.000000
11.255345,0.000000,0.000000,0.000000,0.000000,0.000000,0.000000
11.259345,0.000000,0.000000,0.000000,0.000000,0.000000,0.000000
11.263345,0.000000,0.000000,0.000000,0.000000,0.000000,0.000000
11.267345,0.000000,0.000000,0.000000,0.000000,0.000000,0.000000
11.271345,0.000000,0.000000,0.000000,0.000000,0.000000,0.000000
11.275345,0.000000,0.000000,0.000000,0.000000,0.000000,0.000000
11.279345,0.000000,0.000000,0.000000,0.000000,0.000000,0.000000
11.283345,0.000000,0.000000,0.000000,0.000000,0.000000,0.000000
11.287345,0.000000,0.000000,0.000000,0.000000,0.000000,0.000000
11.291345,0.000000,0.000000,0.000000,0.000000,0.000000,0.000000
11.295345,0.000000,0.000000,0.000000,0.000000,0.000000,0.000000
11.299345,0.000000,0.000000,0.000000,0.000000,0.000000,0.000000
11.303345,0.000000,0.000000,0.000000,0.000000,0.000000,0.000000
11.307345,0.000000,0.000000,0.000000,0.000000,0.000000,0.000000
11.311345,0.000000,0.000000,0.000000,0.000000,0.000000,0.000000
11.315345,0.000000,0.000000,0.000000,0.000000,0.000000,0.000000
11.319345,0.000000,0.000000,0.000000,0.000000,0.000000,0.000000
11.323345,0.000000,0.000000,0.000000,0.000000,0.000000,0.000000
11.327345,0.000000,0.000000,0.000000,0.000000,0.000000,0.000000
11.331345,0.000000,0.000000,0.000000,0.000000,0.000000,0.000000
11.335345,0.000000,0.000000,0.000000,0.000000,0.000000,0.000000
11.339345,0.000000,0.000000,0.000000,0.000000,0.000000,0.000000
11.343345,0.000000,0.000000,0.000000,0.000000,0.000000,0.000000
11.347345,0.000000,0.000000,0.000000,0.000000,0.000000,0.000000
11.351345,0.000000,0.000000,0.000000,0.000000,0.000000,0.000000
11.355345,0.000000,0.000000,0.000000,0.000000,0.000000,0.000000
11.359345,0.000000,0.000000,0.000000,0.000000,0.000000,0.000000
11.363345,0.000000,0.000000,0.000000,0.000000,0.000000,0.000000
11.367345,0.000000,0.000000,0.000000,0.000000,0.000000,0.000000
11.371345,0.000000,0.000000,0.000000,0.000000,0.000000,0.000000
11.375345,0.000000,0.000000,0.000000,0.000000,0.000000,0.000000
11.379345,0.000000,0.000000,0.000000,0.000000,0.000000,0.000000
11.383345,0.000000,0.000000,0.000000,0.000000,0.000000,0.000000
11.387345,0.000000,0.000000,0.000000,0.000000,0.000000,0.000000
11.391345,0.000000,0.000000,0.000000,0.000000,0.000000,0.000000
11.395345,0.000000,0.000000,0.000000,0.000000,0.000000,0.000000
11.399345,0.000000,0.000000,0.000000,0.000000,0.000000,0.000000
11.403345,0.000000,0.000000,0.000000,0.000000,0.000000,0.000000
11.407345,0.000000,0.000000,0.000000,0.000000,0.000000,0.000000
11.411345,0.000000,0.000000,0.000000,0.000000,0.000000,0.000000
11.415345,0.000000,0.000000,0.000000,0.000000,0.000000,0.000000
11.419345,0.000000,0.000000,0.000000,0.000000,0.000000,0.000000
11.423345,0.000000,0.000000,0.000000,0.000000,0.000000,0.000000
11.427345,0.000000,0.000000,0.000000,0.000000,0.000000,0.000000
11.431345,0.000000,0.000000,0.000000,0.000000,0.000000,0.000000
11.435345,0.000000,0.000000,0.000000,0.000000,0.000000,0.000000
11.439345,0.000000,0.000000,0.000000,0.000000,0.000000,0.000000
11.443345,0.000000,0.000000,0.000000,0.000000,0.000000,0.000000
11.447345,0.000000,0.000000,0.000000,0.000000,0.000000,0.000000
11.451345,0.000000,0.000000,0.000000,0.000000,0.000000,0.000000
11.455345,0.000000,0.000000,0.000000,0.000000,0.000000,0.000000
11.459345,0.000000,0.000000,0.000000,0.000000,0.000000,0.000000
11.463345,0.000000,0.000000,0.000000,0.000000,0.000000,0.000000
11.467345,0.000000,0.000000,0.000000,0.000000,0.000000,0.000000
11.471345,0.000000,0.000000,0.000000,0.000000,0.000000,0.000000
11.475345,0.000000,0.000000,0.000000,0.000000,0.000000,0.000000
11.479345,0.000000,0.000000,0.000000,0.000000,0.000000,0.000000
11.483345,0.000000,0.000000,0.000000,0.000000,0.000000,0.000000
11.487345,0.000000,0.000000,0.000000,0.000000,0.000000,0.000000
11.491345,0.000000,0.000000,0.000000,0.000000,0.000000,0.000000
11.495345,0.000000,0.000000,0.000000,0.000000,0.000000,0.000000
11.499345,0.000000,0.000000,0.000000,0.000000,0.000000,0.000000
11.503345,0.000000,0.000000,0.000000,0.000000,0.000000,0.000000
11.507345,0.000000,0.000000,0.000000,0.000000,0.000000,0.000000
11.511345,0.000000,0.000000,0.000000,0.000000,0.000000,0.000000
11.515345,0.000000,0.000000,0.000000,0.000000,0.000000,0.000000
11.519345,0.000000,0.000000,0.000000,0.000000,0.000000,0.000000
11.523345,0.000000,0.000000,0.000000,0.000000,0.000000,0.000000
11.527345,0.000000,0.000000,0.000000,0.000000,0.000000,0.000000
11.531345,0.000000,0.000000,0.000000,0.000000,0.000000,0.000000
11.535345,0.000000,0.000000,0.000000,0.000000,0.000000,0.000000
11.539345,0.000000,0.000000,0.000000,0.000000,0.000000,0.000000
11.543345,0.000000,0.000000,0.000000,0.000000,0.000000,0.000000
11.547345,0.000000,0.000000,0.000000,0.000000,0.000000,0.000000
11.551345,0.000000,0.000000,0.000000,0.000000,0.000000,0.000000
11.555345,0.000000,0.000000,0.000000,0.000000,0.000000,0.000000
11.559345,0.000000,0.000000,0.000000,0.000000,0.000000,0.000000
11.563345,0.000000,0.000000,0.000000,0.000000,0.000000,0.000000
11.567345,0.000000,0.000000,0.000000,0.000000,0.000000,0.000000
11.571345,0.000000,0.000000,0.000000,0.000000,0.000000,0.000000
11.575345,0.000000,0.000000,0.000000,0.000000,0.000000,0.000000
11.579345,0.000000,0.000000,0.000000,0.000000,0.000000,0.000000
11.583345,0.000000,0.000000,0.000000,0.000000,0.000000,0.000000
11.587345,0.000000,0.000000,0.000000,0.000000,0.000000,0.000000
11.591345,0.000000,0.000000,0.000000,0.000000,0.000000,0.000000
11.595345,0.000000,0.000000,0.000000,0.000000,0.000000,0.000000
11.599345,0.000000,0.000000,0.000000,0.000000,0.000000,0.000000
11.603345,0.000000,0.000000,0.000000,0.000000,0.000000,0.000000
11.607345,0.000000,0.000000,0.000000,0.000000,0.000000,0.000000
11.611345,0.000000,0.000000,0.000000,0.000000,0.000000,0.000000
11.615345,0.000000,0.000000,0.000000,0.000000,0.000000,0.000000
11.619345,0.000000,0.000000,0.000000,0.000000,0.000000,0.000000
11.623345,0.000000,0.000000,0.000000,0.000000,0.000000,0.000000
11.627345,0.000000,0.000000,0.000000,0.000000,0.000000,0.000000
11.631345,0.000000,0.000000,0.000000,0.000000,0.000000,0.000000
11.635345,0.000000,0.000000,0.000000,0.000000,0.000000,0.000000
11.639345,0.000000,0.000000,0.000000,0.000000,0.000000,0.000000
11.643345,0.000000,0.000000,0.000000,0.000000,0.000000,0.000000
11.647345,0.000000,0.000000,0.000000,0.000000,0.000000,0.000000
11.651345,0.000000,0.000000,0.000000,0.000000,0.000000,0.000000
11.655345,0.000000,0.000000,0.000000,0.000000,0.000000,0.000000
11.659345,0.000000,0.000000,0.000000,0.000000,0.000000,0.000000
11.663345,0.000000,0.000000,0.000000,0.000000,0.000000,0.000000
11.667345,0.000000,0.000000,0.000000,0.000000,0.000000,0.000000
11.671345,0.000000,0.000000,0.000000,0.000000,0.000000,0.000000
11.675345,0.000000,0.000000,0.000000,0.000000,0.000000,0.000000
11.679345,0.000000,0.000000,0.000000,0.000000,0.000000,0.000000
11.683345,0.000000,0.000000,0.000000,0.000000,0.000000,0.000000
11.687345,0.000000,0.000000,0.000000,0.000000,0.000000,0.000000
11.691345,0.000000,0.000000,0.000000,0.000000,0.000000,0.000000
11.695345,0.000000,0.000000,0.000000,0.000000,0.000000,0.000000
11.699345,0.000000,0.000000,0.000000,0.000000,0.000000,0.000000
11.703345,0.000000,0.000000,0.000000,0.000000,0.000000,0.000000
11.707345,0.000000,0.000000,0.000000,0.000000,0.000000,0.000000
11.711345,0.000000,0.000000,0.000000,0.000000,0.000000,0.000000
11.715345,0.000000,0.000000,0.000000,0.000000,0.000000,0.000000
11.719345,0.000000,0.000000,0.000000,0.000000,0.000000,0.000000
11.723345,0.000000,0.000000,0.000000,0.000000,0.000000,0.000000
11.727345,0.000000,0.000000,0.000000,0.000000,0.000000,0.000000
11.731345,0.000000,0.000000,0.000000,0.000000,0.000000,0.000000
11.735345,0.000000,0.000000,0.000000,0.000000,0.000000,0.000000
11.739345,0.000000,0.000000,0.000000,0.000000,0.000000,0.000000
11.743345,0.000000,0.000000,0.000000,0.000000,0.000000,0.000000
11.747345,0.000000,0.000000,0.000000,0.000000,0.000000,0.000000
11.751345,0.000000,0.000000,0.000000,0.000000,0.000000,0.000000
11.755345,0.000000,0.000000,0.000000,0.000000,0.000000,0.000000
11.759345,0.000000,0.000000,0.000000,0.000000,0.000000,0.000000
11.763345,0.000000,0.000000,0.000000,0.000000,0.000000,0.000000
11.767345,0.000000,0.000000,0.000000,0.000000,0.000000,0.000000
11.771345,0.000000,0.000000,0.000000,0.000000,0.000000,0.000000
11.775345,0.000000,0.000000,0.000000,0.000000,0.000000,0.000000
11.779345,0.000000,0.000000,0.000000,0.000000,0.000000,0.000000
11.783345,0.000000,0.000000,0.000000,0.000000,0.000000,0.000000
11.787345,0.000000,0.000000,0.000000,0.000000,0.000000,0.000000
11.791345,0.000000,0.000000,0.000000,0.000000,0.000000,0.000000
11.795345,0.000000,0.000000,0.000000,0.000000,0.000000,0.000000
11.799345,0.000000,0.000000,0.000000,0.000000,0.000000,0.000000
11.803345,0.000000,0.000000,0.000000,0.000000,0.000000,0.000000
11.807345,0.000000,0.000000,0.000000,0.000000,0.000000,0.000000
11.811345,0.000000,0.000000,0.000000,0.000000,0.000000,0.000000
11.815345,0.000000,0.000000,0.000000,0.000000,0.000000,0.000000
11.819345,0.000000,0.000000,0.000000,0.000000,0.000000,0.000000
11.823345,0.000000,0.000000,0.000000,0.000000,0.000000,0.000000
11.827345,0.000000,0.000000,0.000000,0.000000,0.000000,0.000000
11.831345,0.000000,0.000000,0.000000,0.000000,0.000000,0.000000
11.835345,0.000000,0.000000,0.000000,0.000000,0.000000,0.000000
11.839345,0.000000,0.000000,0.000000,0.000000,0.000000,0.000000
11.843345,0.000000,0.000000,0.000000,0.000000,0.000000,0.000000
11.847345,0.000000,0.000000,0.000000,0.000000,0.000000,0.000000
11.851345,0.000000,0.000000,0.000000,0.000000,0.000000,0.000000
11.855345,0.000000,0.000000,0.000000,0.000000,0.000000,0.000000
11.859345,0.000000,0.000000,0.000000,0.000000,0.000000,0.000000
11.863345,0.000000,0.000000,0.000000,0.000000,0.000000,0.000000
11.867345,0.000000,0.000000,0.000000,0.000000,0.000000,0.000000
11.871345,0.000000,0.000000,0.000000,0.000000,0.000000,0.000000
11.875345,0.000000,0.000000,0.000000,0.000000,0.000000,0.000000
11.879345,0.000000,0.000000,0.000000,0.000000,0.000000,0.000000
11.883345,0.000000,0.000000,0.000000,0.000000,0.000000,0.000000
11.887345,0.000000,0.000000,0.000000,0.000000,0.000000,0.000000
11.891345,0.000000,0.000000,0.000000,0.000000,0.000000,0.000000
11.895345,0.000000,0.000000,0.000000,0.000000,0.000000,0.000000
11.899345,0.000000,0.000000,0.000000,0.000000,0.000000,0.000000
11.903345,0.000000,0.000000,0.000000,0.000000,0.000000,0.000000
11.907345,0.000000,0.000000,0.000000,0.000000,0.000000,0.000000
11.911345,0.000000,0.000000,0.000000,0.000000,0.000000,0.000000
11.915345,0.000000,0.000000,0.000000,0.000000,0.000000,0.000000
11.919345,0.000000,0.000000,0.000000,0.000000,0.000000,0.000000
11.923345,0.000000,0.000000,0.000000,0.000000,0.000000,0.000000
11.927345,0.000000,0.000000,0.000000,0.000000,0.000000,0.000000
11.931345,0.000000,0.000000,0.000000,0.000000,0.000000,0.000000
11.935345,0.000000,0.000000,0.000000,0.000000,0.000000,0.000000
11.939345,0.000000,0.000000,0.000000,0.000000,0.000000,0.000000
11.943345,0.000000,0.000000,0.000000,0.000000,0.000000,0.000000
11.947345,0.000000,0.000000,0.000000,0.000000,0.000000,0.000000
11.951345,0.000000,0.000000,0.000000,0.000000,0.000000,0.000000
11.955345,0.000000,0.000000,0.000000,0.000000,0.000000,0.000000
11.959345,0.000000,0.000000,0.000000,0.000000,0.000000,0.000000
11.963345,0.000000,0.000000,0.000000,0.000000,0.000000,0.000000
11.967345,0.000000,0.000000,0.000000,0.000000,0.000000,0.000000
11.971345,0.000000,0.000000,0.000000,0.000000,0.000000,0.000000
11.975345,0.000000,0.000000,0.000000,0.000000,0.000000,0.000000
11.979345,0.000000,0.000000,0.000000,0.000000,0.000000,0.000000
11.983345,0.000000,0.000000,0.000000,0.000000,0.000000,0.000000
11.987345,0.000000,0.000000,0.000000,0.000000,0.000000,0.000000
11.991345,0.000000,0.000000,0.000000,0.000000,0.000000,0.000000
11.995345,0.000000,0.000000,0.000000,0.000000,0.000000,0.000000
11.999345,0.000000,0.000000,0.000000,0.000000,0.000000,0.000000
12.003345,0.000000,0.000000,0.000000,0.000000,0.000000,0.000000
12.007345,0.000000,0.000000,0.000000,0.000000,0.000000,0.000000
12.011345,0.000000,0.000000,0.000000,0.000000,0.000000,0.000000
12.015345,0.000000,0.000000,0.000000,0.000000,0.000000,0.000000
12.019345,0.000000,0.000000,0.000000,0.000000,0.000000,0.000000
12.023345,0.000000,0.000000,0.000000,0.000000,0.000000,0.000000
12.027345,0.000000,0.000000,0.000000,0.000000,0.000000,0.000000
12.031345,0.000000,0.000000,0.000000,0.000000,0.000000,0.000000
12.035345,0.000000,0.000000,0.000000,0.000000,0.000000,0.000000
12.039345,0.000000,0.000000,0.000000,0.000000,0.000000,0.000000
12.043345,0.000000,0.000000,0.000000,0.000000,0.000000,0.000000
12.047345,0.000000,0.000000,0.000000,0.000000,0.000000,0.000000
12.051345,0.000000,0.000000,0.000000,0.000000,0.000000,0.000000
12.055345,0.000000,0.000000,0.000000,0.000000,0.000000,0.000000
12.059345,0.000000,0.000000,0.000000,0.000000,0.000000,0.000000
12.063345,0.000000,0.000000,0.000000,0.000000,0.000000,0.000000
12.067345,0.000000,0.000000,0.000000,0.000000,0.000000,0.000000
12.071345,0.000000,0.000000,0.000000,0.000000,0.000000,0.000000
12.075345,0.000000,0.000000,0.000000,0.000000,0.000000,0.000000
12.079345,0.000000,0.000000,0.000000,0.000000,0.000000,0.000000
12.083345,0.000000,0.000000,0.000000,0.000000,0.000000,0.000000
12.087345,0.000000,0.000000,0.000000,0.000000,0.000000,0.000000
12.091345,0.000000,0.000000,0.000000,0.000000,0.000000,0.000000
12.095345,0.000000,0.000000,0.000000,0.000000,0.000000,0.000000
12.099345,0.000000,0.000000,0.000000,0.000000,0.000000,0.000000
12.103345,0.000000,0.000000,0.000000,0.000000,0.000000,0.000000
12.107345,0.000000,0.000000,0.000000,0.000000,0.000000,0.000000
12.111345,0.000000,0.000000,0.000000,0.000000,0.000000,0.000000
12.115345,0.000000,0.000000,0.000000,0.000000,0.000000,0.000000
12.119345,0.000000,0.000000,0.000000,0.000000,0.000000,0.000000
12.123345,0.000000,0.000000,0.000000,0.000000,0.000000,0.000000
12.127345,0.000000,0.000000,0.000000,0.000000,0.000000,0.000000
12.131345,0.000000,0.000000,0.000000,0.000000,0.000000,0.000000
12.135345,0.000000,0.000000,0.000000,0.000000,0.000000,0.000000
12.139345,0.000000,0.000000,0.000000,0.000000,0.000000,0.000000
12.143345,0.000000,0.000000,0.000000,0.000000,0.000000,0.000000
12.147345,0.000000,0.000000,0.000000,0.000000,0.000000,0.000000
12.151345,0.000000,0.000000,0.000000,0.000000,0.000000,0.000000
12.155345,0.000000,0.000000,0.000000,0.000000,0.000000,0.000000
12.159345,0.000000,0.000000,0.000000,0.000000,0.000000,0.000000
12.163345,0.000000,0.000000,0.000000,0.000000,0.000000,0.000000
12.167345,0.000000,0.000000,0.000000,0.000000,0.000000,0.000000
12.171345,0.000000,0.000000,0.000000,0.000000,0.000000,0.000000
12.175345,0.000000,0.000000,0.000000,0.000000,0.000000,0.000000
12.179345,0.000000,0.000000,0.000000,0.000000,0.000000,0.000000
12.183345,0.000000,0.000000,0.000000,0.000000,0.000000,0.000000
12.187345,0.000000,0.000000,0.000000,0.000000,0.000000,0.000000
12.191345,0.000000,0.000000,0.000000,0.000000,0.000000,0.000000
12.195345,0.000000,0.000000,0.000000,0.000000,0.000000,0.000000
12.199345,0.000000,0.000000,0.000000,0.000000,0.000000,0.000000
12.203345,0.000000,0.000000,0.000000,0.000000,0.000000,0.000000
12.207345,0.000000,0.000000,0.000000,0.000000,0.000000,0.000000
12.211345,0.000000,0.000000,0.000000,0.000000,0.000000,0.000000
12.215345,0.000000,0.000000,0.000000,0.000000,0.000000,0.000000
12.219345,0.000000,0.000000,0.000000,0.000000,0.000000,0.000000
12.223345,0.000000,0.000000,0.000000,0.000000,0.000000,0.000000
12.227345,0.000000,0.000000,0.000000,0.000000,0.000000,0.000000
12.231345,0.000000,0.000000,0.000000,0.000000,0.000000,0.000000
12.235345,0.000000,0.000000,0.000000,0.000000,0.000000,0.000000
12.239345,0.000000,0.000000,0.000000,0.000000,0.000000,0.000000
12.243345,0.000000,0.000000,0.000000,0.000000,0.000000,0.000000
12.247345,0.000000,0.000000,0.000000,0.000000,0.000000,0.000000
12.251345,0.000000,0.000000,0.000000,0.000000,0.000000,0.000000
12.255345,0.000000,0.000000,0.000000,0.000000,0.000000,0.000000
12.259345,0.000000,0.000000,0.000000,0.000000,0.000000,0.000000
12.263345,0.000000,0.000000,0.000000,0.000000,0.000000,0.000000
12.267345,0.000000,0.000000,0.000000,0.000000,0.000000,0.000000
12.271345,0.000000,0.000000,0.000000,0.000000,0.000000,0.000000
12.275345,0.000000,0.000000,0.000000,0.000000,0.000000,0.000000
12.279345,0.000000,0.000000,0.000000,0.000000,0.000000,0.000000
12.283345,0.000000,0.000000,0.000000,0.000000,0.000000,0.000000
12.287345,0.000000,0.000000,0.000000,0.000000,0.000000,0.000000
12.291345,0.000000,0.000000,0.000000,0.000000,0.000000,0.000000
12.295345,0.000000,0.000000,0.000000,0.000000,0.000000,0.000000
12.299345,0.000000,0.000000,0.000000,0.000000,0.000000,0.000000
12.303345,0.000000,0.000000,0.000000,0.000000,0.000000,0.000000
12.307345,0.000000,0.000000,0.000000,0.000000,0.000000,0.000000
12.311345,0.000000,0.000000,0.000000,0.000000,0.000000,0.000000
12.315345,0.000000,0.000000,0.000000,0.000000,0.000000,0.000000
12.319345,0.000000,0.000000,0.000000,0.000000,0.000000,0.000000
12.323345,0.000000,0.000000,0.000000,0.000000,0.000000,0.000000
12.327345,0.000000,0.000000,0.000000,0.000000,0.000000,0.000000
12.331345,0.000000,0.000000,0.000000,0.000000,0.000000,0.000000
12.335345,0.000000,0.000000,0.000000,0.000000,0.000000,0.000000
12.339345,0.000000,0.000000,0.000000,0.000000,0.000000,0.000000
12.343345,0.000000,0.000000,0.000000,0.000000,0.000000,0.000000
12.347345,0.000000,0.000000,0.000000,0.000000,0.000000,0.000000
12.351345,0.000000,0.000000,0.000000,0.000000,0.000000,0.000000
12.355345,0.000000,0.000000,0.000000,0.000000,0.000000,0.000000
12.359345,0.000000,0.000000,0.000000,0.000000,0.000000,0.000000
12.363345,0.000000,0.000000,0.000000,0.000000,0.000000,0.000000
12.367345,0.000000,0.000000,0.000000,0.000000,0.000000,0.000000
12.371345,0.000000,0.000000,0.000000,0.000000,0.000000,0.000000
12.375345,0.000000,0.000000,0.000000,0.000000,0.000000,0.000000
12.379345,0.000000,0.000000,0.000000,0.000000,0.000000,0.000000
12.383345,0.000000,0.000000,0.000000,0.000000,0.000000,0.000000
12.387345,0.000000,0.000000,0.000000,0.000000,0.000000,0.000000
12.391345,0.000000,0.000000,0.000000,0.000000,0.000000,0.000000
12.395345,0.000000,0.000000,0.000000,0.000000,0.000000,0.000000
12.399345,0.000000,0.000000,0.000000,0.000000,0.000000,0.000000
12.403345,0.000000,0.000000,0.000000,0.000000,0.000000,0.000000
12.407345,0.000000,0.000000,0.000000,0.000000,0.000000,0.000000
12.411345,0.000000,0.000000,0.000000,0.000000,0.000000,0.000000
12.415345,0.000000,0.000000,0.000000,0.000000,0.000000,0.000000
12.419345,0.000000,0.000000,0.000000,0.000000,0.000000,0.000000
12.423345,0.000000,0.000000,0.000000,0.000000,0.000000,0.000000
12.427345,0.000000,0.000000,0.000000,0.000000,0.000000,0.000000
12.431345,0.000000,0.000000,0.000000,0.000000,0.000000,0.000000
12.435345,0.000000,0.000000,0.000000,0.000000,0.000000,0.000000
12.439345,0.000000,0.000000,0.000000,0.000000,0.000000,0.000000
12.443345,0.000000,0.000000,0.000000,0.000000,0.000000,0.000000
12.447345,0.000000,0.000000,0.000000,0.000000,0.000000,0.000000
12.451345,0.000000,0.000000,0.000000,0.000000,0.000000,0.000000
12.455345,0.000000,0.000000,0.000000,0.000000,0.000000,0.000000
12.459345,0.000000,0.000000,0.000000,0.000000,0.000000,0.000000
12.463345,0.000000,0.000000,0.000000,0.000000,0.000000,0.000000
12.467345,0.000000,0.000000,0.000000,0.000000,0.000000,0.000000
12.471345,0.000000,0.000000,0.000000,0.000000,0.000000,0.000000
12.475345,0.000000,0.000000,0.000000,0.000000,0.000000,0.000000
12.479345,0.000000,0.000000,0.000000,0.000000,0.000000,0.000000
12.483345,0.000000,0.000000,0.000000,0.000000,0.000000,0.000000
12.487345,0.000000,0.000000,0.000000,0.000000,0.000000,0.000000
12.491345,0.000000,0.000000,0.000000,0.000000,0.000000,0.000000
12.495345,0.000000,0.000000,0.000000,0.000000,0.000000,0.000000
12.499345,0.000000,0.000000,0.000000,0.000000,0.000000,0.000000
12.503345,0.000000,0.000000,0.000000,0.000000,0.000000,0.000000
12.507345,0.000000,0.000000,0.000000,0.000000,0.000000,0.000000
12.511345,0.000000,0.000000,0.000000,0.000000,0.000000,0.000000
12.515345,0.000000,0.000000,0.000000,0.000000,0.000000,0.000000
12.519345,0.000000,0.000000,0.000000,0.000000,0.000000,0.000000
12.523345,0.000000,0.000000,0.000000,0.000000,0.000000,0.000000
12.527345,0.000000,0.000000,0.000000,0.000000,0.000000,0.000000
12.531345,0.000000,0.000000,0.000000,0.000000,0.000000,0.000000
12.535345,0.000000,0.000000,0.000000,0.000000,0.000000,0.000000
12.539345,0.000000,0.000000,0.000000,0.000000,0.000000,0.000000
12.543345,0.000000,0.000000,0.000000,0.000000,0.000000,0.000000
12.547345,0.000000,0.000000,0.000000,0.000000,0.000000,0.000000
12.551345,0.000000,0.000000,0.000000,0.000000,0.000000,0.000000
12.555345,0.000000,0.000000,0.000000,0.000000,0.000000,0.000000
12.559345,0.000000,0.000000,0.000000,0.000000,0.000000,0.000000
12.563345,0.000000,0.000000,0.000000,0.000000,0.000000,0.000000
12.567345,0.000000,0.000000,0.000000,0.000000,0.000000,0.000000
12.571345,0.000000,0.000000,0.000000,0.000000,0.000000,0.000000
12.575345,0.000000,0.000000,0.000000,0.000000,0.000000,0.000000
12.579345,0.000000,0.000000,0.000000,0.000000,0.000000,0.000000
12.583345,0.000000,0.000000,0.000000,0.000000,0.000000,0.000000
12.587345,0.000000,0.000000,0.000000,0.000000,0.000000,0.000000
12.591345,0.000000,0.000000,0.000000,0.000000,0.000000,0.000000
12.595345,0.000000,0.000000,0.000000,0.000000,0.000000,0.000000
12.599345,0.000000,0.000000,0.000000,0.000000,0.000000,0.000000
12.603345,0.000000,0.000000,0.000000,0.000000,0.000000,0.000000
12.607345,0.000000,0.000000,0.000000,0.000000,0.000000,0.000000
12.611345,0.000000,0.000000,0.000000,0.000000,0.000000,0.000000
12.615345,0.000000,0.000000,0.000000,0.000000,0.000000,0.000000
12.619345,0.000000,0.000000,0.000000,0.000000,0.000000,0.000000
12.623345,0.000000,0.000000,0.000000,0.000000,0.000000,0.000000
12.627345,0.000000,0.000000,0.000000,0.000000,0.000000,0.000000
12.631345,0.000000,0.000000,0.000000,0.000000,0.000000,0.000000
12.635345,0.000000,0.000000,0.000000,0.000000,0.000000,0.000000
12.639345,0.000000,0.000000,0.000000,0.000000,0.000000,0.000000
12.643345,0.000000,0.000000,0.000000,0.000000,0.000000,0.000000
12.647345,0.000000,0.000000,0.000000,0.000000,0.000000,0.000000
12.651345,0.000000,0.000000,0.000000,0.000000,0.000000,0.000000
12.655345,0.000000,0.000000,0.000000,0.000000,0.000000,0.000000
12.659345,0.000000,0.000000,0.000000,0.000000,0.000000,0.000000
12.663345,0.000000,0.000000,0.000000,0.000000,0.000000,0.000000
12.667345,0.000000,0.000000,0.000000,0.000000,0.000000,0.000000
12.671345,0.000000,0.000000,0.000000,0.000000,0.000000,0.000000
12.675345,0.000000,0.000000,0.000000,0.000000,0.000000,0.000000
12.679345,0.000000,0.000000,0.000000,0.000000,0.000000,0.000000
12.683345,0.000000,0.000000,0.000000,0.000000,0.000000,0.000000
12.687345,0.000000,0.000000,0.000000,0.000000,0.000000,0.000000
12.691345,0.000000,0.000000,0.000000,0.000000,0.000000,0.000000
12.695345,0.000000,0.000000,0.000000,0.000000,0.000000,0.000000
12.699345,0.000000,0.000000,0.000000,0.000000,0.000000,0.000000
12.703345,0.000000,0.000000,0.000000,0.000000,0.000000,0.000000
12.707345,0.000000,0.000000,0.000000,0.000000,0.000000,0.000000
12.711345,0.000000,0.000000,0.000000,0.000000,0.000000,0.000000
12.715345,0.000000,0.000000,0.000000,0.000000,0.000000,0.000000
12.719345,0.000000,0.000000,0.000000,0.000000,0.000000,0.000000
12.723345,0.000000,0.000000,0.000000,0.000000,0.000000,0.000000
12.727345,0.000000,0.000000,0.000000,0.000000,0.000000,0.000000
12.731345,0.000000,0.000000,0.000000,0.000000,0.000000,0.000000
12.735345,0.000000,0.000000,0.000000,0.000000,0.000000,0.000000
12.739345,0.000000,0.000000,0.000000,0.000000,0.000000,0.000000
12.743345,0.000000,0.000000,0.000000,0.000000,0.000000,0.000000
12.747345,0.000000,0.000000,0.000000,0.000000,0.000000,0.000000
12.751345,0.000000,0.000000,0.000000,0.000000,0.000000,0.000000
12.755345,0.000000,0.000000,0.000000,0.000000,0.000000,0.000000
12.759345,0.000000,0.000000,0.000000,0.000000,0.000000,0.000000
12.763345,0.000000,0.000000,0.000000,0.000000,0.000000,0.000000
12.767345,0.000000,0.000000,0.000000,0.000000,0.000000,0.000000
12.771345,0.000000,0.000000,0.000000,0.000000,0.000000,0.000000
12.775345,0.000000,0.000000,0.000000,0.000000,0.000000,0.000000
12.779345,0.000000,0.000000,0.000000,0.000000,0.000000,0.000000
12.783345,0.000000,0.000000,0.000000,0.000000,0.000000,0.000000
12.787345,0.000000,0.000000,0.000000,0.000000,0.000000,0.000000
12.791345,0.000000,0.000000,0.000000,0.000000,0.000000,0.000000
12.795345,0.000000,0.000000,0.000000,0.000000,0.000000,0.000000
12.799345,0.000000,0.000000,0.000000,0.000000,0.000000,0.000000
12.803345,0.000000,0.000000,0.000000,0.000000,0.000000,0.000000
12.807345,0.000000,0.000000,0.000000,0.000000,0.000000,0.000000
12.811345,0.000000,0.000000,0.000000,0.000000,0.000000,0.000000
12.815345,0.000000,0.000000,0.000000,0.000000,0.000000,0.000000
12.819345,0.000000,0.000000,0.000000,0.000000,0.000000,0.000000
12.823345,0.000000,0.000000,0.000000,0.000000,0.000000,0.000000
12.827345,0.000000,0.000000,0.000000,0.000000,0.000000,0.000000
12.831345,0.000000,0.000000,0.000000,0.000000,0.000000,0.000000
12.835345,0.000000,0.000000,0.000000,0.000000,0.000000,0.000000
12.839345,0.000000,0.000000,0.000000,0.000000,0.000000,0.000000
12.843345,0.000000,0.000000,0.000000,0.000000,0.000000,0.000000
12.847345,0.000000,0.000000,0.000000,0.000000,0.000000,0.000000
12.851345,0.000000,0.000000,0.000000,0.000000,0.000000,0.000000
12.855345,0.000000,0.000000,0.000000,0.000000,0.000000,0.000000
12.859345,0.000000,0.000000,0.000000,0.000000,0.000000,0.000000
12.863345,0.000000,0.000000,0.000000,0.000000,0.000000,0.000000
12.867345,0.000000,0.000000,0.000000,0.000000,0.000000,0.000000
12.871345,0.000000,0.000000,0.000000,0.000000,0.000000,0.000000
12.875345,0.000000,0.000000,0.000000,0.000000,0.000000,0.000000
12.879345,0.000000,0.000000,0.000000,0.000000,0.000000,0.000000
12.883345,0.000000,0.000000,0.000000,0.000000,0.000000,0.000000
12.887345,0.000000,0.000000,0.000000,0.000000,0.000000,0.000000
12.891345,0.000000,0.000000,0.000000,0.000000,0.000000,0.000000
12.895345,0.000000,0.000000,0.000000,0.000000,0.000000,0.000000
12.899345,0.000000,0.000000,0.000000,0.000000,0.000000,0.000000
12.903345,0.000000,0.000000,0.000000,0.000000,0.000000,0.000000
12.907345,0.000000,0.000000,0.000000,0.000000,0.000000,0.000000
12.911345,0.000000,0.000000,0.000000,0.000000,0.000000,0.000000
12.915345,0.000000,0.000000,0.000000,0.000000,0.000000,0.000000
12.919345,0.000000,0.000000,0.000000,0.000000,0.000000,0.000000
12.923345,0.000000,0.000000,0.000000,0.000000,0.000000,0.000000
12.927345,0.000000,0.000000,0.000000,0.000000,0.000000,0.000000
12.931345,0.000000,0.000000,0.000000,0.000000,0.000000,0.000000
12.935345,0.000000,0.000000,0.000000,0.000000,0.000000,0.000000
12.939345,0.000000,0.000000,0.000000,0.000000,0.000000,0.000000
12.943345,0.000000,0.000000,0.000000,0.000000,0.000000,0.000000
12.947345,0.000000,0.000000,0.000000,0.000000,0.000000,0.000000
12.951345,0.000000,0.000000,0.000000,0.000000,0.000000,0.000000
12.955345,0.000000,0.000000,0.000000,0.000000,0.000000,0.000000
12.959345,0.000000,0.000000,0.000000,0.000000,0.000000,0.000000
12.963345,0.000000,0.000000,0.000000,0.000000,0.000000,0.000000
12.967345,0.000000,0.000000,0.000000,0.000000,0.000000,0.000000
12.971345,0.000000,0.000000,0.000000,0.000000,0.000000,0.000000
12.975345,0.000000,0.000000,0.000000,0.000000,0.000000,0.000000
12.979345,0.000000,0.000000,0.000000,0.000000,0.000000,0.000000
12.983345,0.000000,0.000000,0.000000,0.000000,0.000000,0.000000
12.987345,0.000000,0.000000,0.000000,0.000000,0.000000,0.000000
12.991345,0.000000,0.000000,0.000000,0.000000,0.000000,0.000000
12.995345,0.000000,0.000000,0.000000,0.000000,0.000000,0.000000
12.999345,0.000000,0.000000,0.000000,0.000000,0.000000,0.000000
13.003345,0.000000,0.000000,0.000000,0.000000,0.000000,0.000000
13.007345,0.000000,0.000000,0.000000,0.000000,0.000000,0.000000
13.011345,0.000000,0.000000,0.000000,0.000000,0.000000,0.000000
13.015345,0.000000,0.000000,0.000000,0.000000,0.000000,0.000000
13.019345,0.000000,0.000000,0.000000,0.000000,0.000000,0.000000
13.023345,0.000000,0.000000,0.000000,0.000000,0.000000,0.000000
13.027345,0.000000,0.000000,0.000000,0.000000,0.000000,0.000000
13.031345,0.000000,0.000000,0.000000,0.000000,0.000000,0.000000
13.035345,0.000000,0.000000,0.000000,0.000000,0.000000,0.000000
13.039345,0.000000,0.000000,0.000000,0.000000,0.000000,0.000000
13.043345,0.000000,0.000000,0.000000,0.000000,0.000000,0.000000
13.047345,0.000000,0.000000,0.000000,0.000000,0.000000,0.000000
13.051345,0.000000,0.000000,0.000000,0.000000,0.000000,0.000000
13.055345,0.000000,0.000000,0.000000,0.000000,0.000000,0.000000
13.059345,0.000000,0.000000,0.000000,0.000000,0.000000,0.000000
13.063345,0.000000,0.000000,0.000000,0.000000,0.000000,0.000000
13.067345,0.000000,0.000000,0.000000,0.000000,0.000000,0.000000
13.071345,0.000000,0.000000,0.000000,0.000000,0.000000,0.000000
13.075345,0.000000,0.000000,0.000000,0.000000,0.000000,0.000000
13.079345,0.000000,0.000000,0.000000,0.000000,0.000000,0.000000
13.083345,0.000000,0.000000,0.000000,0.000000,0.000000,0.000000
13.087345,0.000000,0.000000,0.000000,0.000000,0.000000,0.000000
13.091345,0.000000,0.000000,0.000000,0.000000,0.000000,0.000000
13.095345,0.000000,0.000000,0.000000,0.000000,0.000000,0.000000
13.099345,0.000000,0.000000,0.000000,0.000000,0.000000,0.000000
13.103345,0.000000,0.000000,0.000000,0.000000,0.000000,0.000000
13.107345,0.000000,0.000000,0.000000,0.000000,0.000000,0.000000
13.111345,0.000000,0.000000,0.000000,0.000000,0.000000,0.000000
13.115345,0.000000,0.000000,0.000000,0.000000,0.000000,0.000000
13.119345,0.000000,0.000000,0.000000,0.000000,0.000000,0.000000
13.123345,0.000000,0.000000,0.000000,0.000000,0.000000,0.000000
13.127345,0.000000,0.000000,0.000000,0.000000,0.000000,0.000000
13.131345,0.000000,0.000000,0.000000,0.000000,0.000000,0.000000
13.135345,0.000000,0.000000,0.000000,0.000000,0.000000,0.000000
13.139345,0.000000,0.000000,0.000000,0.000000,0.000000,0.000000
13.143345,0.000000,0.000000,0.000000,0.000000,0.000000,0.000000
13.147345,0.000000,0.000000,0.000000,0.000000,0.000000,0.000000
13.151345,0.000000,0.000000,0.000000,0.000000,0.000000,0.000000
13.155345,0.000000,0.000000,0.000000,0.000000,0.000000,0.000000
13.159345,0.000000,0.000000,0.000000,0.000000,0.000000,0.000000
13.163345,0.000000,0.000000,0.000000,0.000000,0.000000,0.000000
13.167345,0.000000,0.000000,0.000000,0.000000,0.000000,0.000000
13.171345,0.000000,0.000000,0.000000,0.000000,0.000000,0.000000
13.175345,0.000000,0.000000,0.000000,0.000000,0.000000,0.000000
13.179345,0.000000,0.000000,0.000000,0.000000,0.000000,0.000000
13.183345,0.000000,0.000000,0.000000,0.000000,0.000000,0.000000
13.187345,0.000000,0.000000,0.000000,0.000000,0.000000,0.000000
13.191345,0.000000,0.000000,0.000000,0.000000,0.000000,0.000000
13.195345,0.000000,0.000000,0.000000,0.000000,0.000000,0.000000
13.199345,0.000000,0.000000,0.000000,0.000000,0.000000,0.000000
13.203345,0.000000,0.000000,0.000000,0.000000,0.000000,0.000000
13.207345,0.000000,0.000000,0.000000,0.000000,0.000000,0.000000
13.211345,0.000000,0.000000,0.000000,0.000000,0.000000,0.000000
13.215345,0.000000,0.000000,0.000000,0.000000,0.000000,0.000000
13.219345,0.000000,0.000000,0.000000,0.000000,0.000000,0.000000
13.223345,0.000000,0.000000,0.000000,0.000000,0.000000,0.000000
13.227345,0.000000,0.000000,0.000000,0.000000,0.000000,0.000000
13.231345,0.000000,0.000000,0.000000,0.000000,0.000000,0.000000
13.235345,0.000000,0.000000,0.000000,0.000000,0.000000,0.000000
13.239345,0.000000,0.000000,0.000000,0.000000,0.000000,0.000000
13.243345,0.000000,0.000000,0.000000,0.000000,0.000000,0.000000
13.247345,0.000000,0.000000,0.000000,0.000000,0.000000,0.000000
13.251345,0.000000,0.000000,0.000000,0.000000,0.000000,0.000000
13.255345,0.000000,0.000000,0.000000,0.000000,0.000000,0.000000
13.259345,0.000000,0.000000,0.000000,0.000000,0.000000,0.000000
13.263345,0.000000,0.000000,0.000000,0.000000,0.000000,0.000000
13.267345,0.000000,0.000000,0.000000,0.000000,0.000000,0.000000
13.271345,0.000000,0.000000,0.000000,0.000000,0.000000,0.000000
13.275345,0.000000,0.000000,0.000000,0.000000,0.000000,0.000000
13.279345,0.000000,0.000000,0.000000,0.000000,0.000000,0.000000
13.283345,0.000000,0.000000,0.000000,0.000000,0.000000,0.000000
13.287345,0.000000,0.000000,0.000000,0.000000,0.000000,0.000000
13.291345,0.000000,0.000000,0.000000,0.000000,0.000000,0.000000
13.295345,0.000000,0.000000,0.000000,0.000000,0.000000,0.000000
13.299345,0.000000,0.000000,0.000000,0.000000,0.000000,0.000000
13.303345,0.000000,0.000000,0.000000,0.000000,0.000000,0.000000
13.307345,0.000000,0.000000,0.000000,0.000000,0.000000,0.000000
13.311345,0.000000,0.000000,0.000000,0.000000,0.000000,0.000000
13.315345,0.000000,0.000000,0.000000,0.000000,0.000000,0.000000
13.319345,0.000000,0.000000,0.000000,0.000000,0.000000,0.000000
13.323345,0.000000,0.000000,0.000000,0.000000,0.000000,0.000000
13.327345,0.000000,0.000000,0.000000,0.000000,0.000000,0.000000
13.331345,0.000000,0.000000,0.000000,0.000000,0.000000,0.000000
13.335345,0.000000,0.000000,0.000000,0.000000,0.000000,0.000000
13.339345,0.000000,0.000000,0.000000,0.000000,0.000000,0.000000
13.343345,0.000000,0.000000,0.000000,0.000000,0.000000,0.000000
13.347345,0.000000,0.000000,0.000000,0.000000,0.000000,0.000000
13.351345,0.000000,0.000000,0.000000,0.000000,0.000000,0.000000
13.355345,0.000000,0.000000,0.000000,0.000000,0.000000,0.000000
13.359345,0.000000,0.000000,0.000000,0.000000,0.000000,0.000000
13.363345,0.000000,0.000000,0.000000,0.000000,0.000000,0.000000
13.367345,0.000000,0.000000,0.000000,0.000000,0.000000,0.000000
13.371345,0.000000,0.000000,0.000000,0.000000,0.000000,0.000000
13.375345,0.000000,0.000000,0.000000,0.000000,0.000000,0.000000
13.379345,0.000000,0.000000,0.000000,0.000000,0.000000,0.000000
13.383345,0.000000,0.000000,0.000000,0.000000,0.000000,0.000000
13.387345,0.000000,0.000000,0.000000,0.000000,0.000000,0.000000
13.391345,0.000000,0.000000,0.000000,0.000000,0.000000,0.000000
13.395345,0.000000,0.000000,0.000000,0.000000,0.000000,0.000000
13.399345,0.000000,0.000000,0.000000,0.000000,0.000000,0.000000
13.403345,0.000000,0.000000,0.000000,0.000000,0.000000,0.000000
13.407345,0.000000,0.000000,0.000000,0.000000,0.000000,0.000000
13.411345,0.000000,0.000000,0.000000,0.000000,0.000000,0.000000
13.415345,0.000000,0.000000,0.000000,0.000000,0.000000,0.000000
13.419345,0.000000,0.000000,0.000000,0.000000,0.000000,0.000000
13.423345,0.000000,0.000000,0.000000,0.000000,0.000000,0.000000
13.427345,0.000000,0.000000,0.000000,0.000000,0.000000,0.000000
13.431345,0.000000,0.000000,0.000000,0.000000,0.000000,0.000000
13.435345,0.000000,0.000000,0.000000,0.000000,0.000000,0.000000
13.439345,0.000000,0.000000,0.000000,0.000000,0.000000,0.000000
13.443345,0.000000,0.000000,0.000000,0.000000,0.000000,0.000000
13.447345,0.000000,0.000000,0.000000,0.000000,0.000000,0.000000
13.451345,0.000000,0.000000,0.000000,0.000000,0.000000,0.000000
13.455345,0.000000,0.000000,0.000000,0.000000,0.000000,0.000000
13.459345,0.000000,0.000000,0.000000,0.000000,0.000000,0.000000
13.463345,0.000000,0.000000,0.000000,0.000000,0.000000,0.000000
13.467345,0.000000,0.000000,0.000000,0.000000,0.000000,0.000000
13.471345,0.000000,0.000000,0.000000,0.000000,0.000000,0.000000
13.475345,0.000000,0.000000,0.000000,0.000000,0.000000,0.000000
13.479345,0.000000,0.000000,0.000000,0.000000,0.000000,0.000000
13.483345,0.000000,0.000000,0.000000,0.000000,0.000000,0.000000
13.487345,0.000000,0.000000,0.000000,0.000000,0.000000,0.000000
13.491345,0.000000,0.000000,0.000000,0.000000,0.000000,0.000000
13.495345,0.000000,0.000000,0.000000,0.000000,0.000000,0.000000
13.499345,0.000000,0.000000,0.000000,0.000000,0.000000,0.000000
13.503345,0.000000,0.000000,0.000000,0.000000,0.000000,0.000000
13.507345,0.000000,0.000000,0.000000,0.000000,0.000000,0.000000
13.511345,0.000000,0.000000,0.000000,0.000000,0.000000,0.000000
13.515345,0.000000,0.000000,0.000000,0.000000,0.000000,0.000000
13.519345,0.000000,0.000000,0.000000,0.000000,0.000000,0.000000
13.523345,0.000000,0.000000,0.000000,0.000000,0.000000,0.000000
13.527345,0.000000,0.000000,0.000000,0.000000,0.000000,0.000000
13.531345,0.000000,0.000000,0.000000,0.000000,0.000000,0.000000
13.535345,0.000000,0.000000,0.000000,0.000000,0.000000,0.000000
13.539345,0.000000,0.000000,0.000000,0.000000,0.000000,0.000000
13.543345,0.000000,0.000000,0.000000,0.000000,0.000000,0.000000
13.547345,0.000000,0.000000,0.000000,0.000000,0.000000,0.000000
13.551345,0.000000,0.000000,0.000000,0.000000,0.000000,0.000000
13.555345,0.000000,0.000000,0.000000,0.000000,0.000000,0.000000
13.559345,0.000000,0.000000,0.000000,0.000000,0.000000,0.000000
13.563345,0.000000,0.000000,0.000000,0.000000,0.000000,0.000000
13.567345,0.000000,0.000000,0.000000,0.000000,0.000000,0.000000
13.571345,0.000000,0.000000,0.000000,0.000000,0.000000,0.000000
13.575345,0.000000,0.000000,0.000000,0.000000,0.000000,0.000000
13.579345,0.000000,0.000000,0.000000,0.000000,0.000000,0.000000
13.583345,0.000000,0.000000,0.000000,0.000000,0.000000,0.000000
13.587345,0.000000,0.000000,0.000000,0.000000,0.000000,0.000000
13.591345,0.000000,0.000000,0.000000,0.000000,0.000000,0.000000
13.595345,0.000000,0.000000,0.000000,0.000000,0.000000,0.000000
13.599345,0.000000,0.000000,0.000000,0.000000,0.000000,0.000000
13.603345,0.000000,0.000000,0.000000,0.000000,0.000000,0.000000
13.607345,0.000000,0.000000,0.000000,0.000000,0.000000,0.000000
13.611345,0.000000,0.000000,0.000000,0.000000,0.000000,0.000000
13.615345,0.000000,0.000000,0.000000,0.000000,0.000000,0.000000
13.619345,0.000000,0.000000,0.000000,0.000000,0.000000,0.000000
13.623345,0.000000,0.000000,0.000000,0.000000,0.000000,0.000000
13.627345,0.000000,0.000000,0.000000,0.000000,0.000000,0.000000
13.631345,0.000000,0.000000,0.000000,0.000000,0.000000,0.000000
13.635345,0.000000,0.000000,0.000000,0.000000,0.000000,0.000000
13.639345,0.000000,0.000000,0.000000,0.000000,0.000000,0.000000
13.643345,0.000000,0.000000,0.000000,0.000000,0.000000,0.000000
13.647345,0.000000,0.000000,0.000000,0.000000,0.000000,0.000000
13.651345,0.000000,0.000000,0.000000,0.000000,0.000000,0.000000
13.655345,0.000000,0.000000,0.000000,0.000000,0.000000,0.000000
13.659345,0.000000,0.000000,0.000000,0.000000,0.000000,0.000000
13.663345,0.000000,0.000000,0.000000,0.000000,0.000000,0.000000
13.667345,0.000000,0.000000,0.000000,0.000000,0.000000,0.000000
13.671345,0.000000,0.000000,0.000000,0.000000,0.000000,0.000000
13.675345,0.000000,0.000000,0.000000,0.000000,0.000000,0.000000
13.679345,0.000000,0.000000,0.000000,0.000000,0.000000,0.000000
13.683345,0.000000,0.000000,0.000000,0.000000,0.000000,0.000000
13.687345,0.000000,0.000000,0.000000,0.000000,0.000000,0.000000
13.691345,0.000000,0.000000,0.000000,0.000000,0.000000,0.000000
13.695345,0.000000,0.000000,0.000000,0.000000,0.000000,0.000000
13.699345,0.000000,0.000000,0.000000,0.000000,0.000000,0.000000
13.703345,0.000000,0.000000,0.000000,0.000000,0.000000,0.000000
13.707345,0.000000,0.000000,0.000000,0.000000,0.000000,0.000000
13.711345,0.000000,0.000000,0.000000,0.000000,0.000000,0.000000
13.715345,0.000000,0.000000,0.000000,0.000000,0.000000,0.000000
13.719345,0.000000,0.000000,0.000000,0.000000,0.000000,0.000000
13.723345,0.000000,0.000000,0.000000,0.000000,0.000000,0.000000
13.727345,0.000000,0.000000,0.000000,0.000000,0.000000,0.000000
13.731345,0.000000,0.000000,0.000000,0.000000,0.000000,0.000000
13.735345,0.000000,0.000000,0.000000,0.000000,0.000000,0.000000
13.739345,0.000000,0.000000,0.000000,0.000000,0.000000,0.000000
13.743345,0.000000,0.000000,0.000000,0.000000,0.000000,0.000000
13.747345,0.000000,0.000000,0.000000,0.000000,0.000000,0.000000
13.751345,0.000000,0.000000,0.000000,0.000000,0.000000,0.000000
13.755345,0.000000,0.000000,0.000000,0.000000,0.000000,0.000000
13.759345,0.000000,0.000000,0.000000,0.000000,0.000000,0.000000
13.763345,0.000000,0.000000,0.000000,0.000000,0.000000,0.000000
13.767345,0.000000,0.000000,0.000000,0.000000,0.000000,0.000000
13.771345,0.000000,0.000000,0.000000,0.000000,0.000000,0.000000
13.775345,0.000000,0.000000,0.000000,0.000000,0.000000,0.000000
13.779345,0.000000,0.000000,0.000000,0.000000,0.000000,0.000000
13.783345,0.000000,0.000000,0.000000,0.000000,0.000000,0.000000
13.787345,0.000000,0.000000,0.000000,0.000000,0.000000,0.000000
13.791345,0.000000,0.000000,0.000000,0.000000,0.000000,0.000000
13.795345,0.000000,0.000000,0.000000,0.000000,0.000000,0.000000
13.799345,0.000000,0.000000,0.000000,0.000000,0.000000,0.000000
13.803345,0.000000,0.000000,0.000000,0.000000,0.000000,0.000000
13.807345,0.000000,0.000000,0.000000,0.000000,0.000000,0.000000
13.811345,0.000000,0.000000,0.000000,0.000000,0.000000,0.000000
13.815345,0.000000,0.000000,0.000000,0.000000,0.000000,0.000000
13.819345,0.000000,0.000000,0.000000,0.000000,0.000000,0.000000
13.823345,0.000000,0.000000,0.000000,0.000000,0.000000,0.000000
13.827345,0.000000,0.000000,0.000000,0.000000,0.000000,0.000000
13.831345,0.000000,0.000000,0.000000,0.000000,0.000000,0.000000
13.835345,0.000000,0.000000,0.000000,0.000000,0.000000,0.000000
13.839345,0.000000,0.000000,0.000000,0.000000,0.000000,0.000000
13.843345,0.000000,0.000000,0.000000,0.000000,0.000000,0.000000
13.847345,0.000000,0.000000,0.000000,0.000000,0.000000,0.000000
13.851345,0.000000,0.000000,0.000000,0.000000,0.000000,0.000000
13.855345,0.000000,0.000000,0.000000,0.000000,0.000000,0.000000
13.859345,0.000000,0.000000,0.000000,0.000000,0.000000,0.000000
13.863345,0.000000,0.000000,0.000000,0.000000,0.000000,0.000000
13.867345,0.000000,0.000000,0.000000,0.000000,0.000000,0.000000
13.871345,0.000000,0.000000,0.000000,0.000000,0.000000,0.000000
13.875345,0.000000,0.000000,0.000000,0.000000,0.000000,0.000000
13.879345,0.000000,0.000000,0.000000,0.000000,0.000000,0.000000
13.883345,0.000000,0.000000,0.000000,0.000000,0.000000,0.000000
13.887345,0.000000,0.000000,0.000000,0.000000,0.000000,0.000000
13.891345,0.000000,0.000000,0.000000,0.000000,0.000000,0.000000
13.895345,0.000000,0.000000,0.000000,0.000000,0.000000,0.000000
13.899345,0.000000,0.000000,0.000000,0.000000,0.000000,0.000000
13.903345,0.000000,0.000000,0.000000,0.000000,0.000000,0.000000
13.907345,0.000000,0.000000,0.000000,0.000000,0.000000,0.000000
13.911345,0.000000,0.000000,0.000000,0.000000,0.000000,0.000000
13.915345,0.000000,0.000000,0.000000,0.000000,0.000000,0.000000
13.919345,0.000000,0.000000,0.000000,0.000000,0.000000,0.000000
13.923345,0.000000,0.000000,0.000000,0.000000,0.000000,0.000000
13.927345,0.000000,0.000000,0.000000,0.000000,0.000000,0.000000
13.931345,0.000000,0.000000,0.000000,0.000000,0.000000,0.000000
13.935345,0.000000,0.000000,0.000000,0.000000,0.000000,0.000000
13.939345,0.000000,0.000000,0.000000,0.000000,0.000000,0.000000
13.943345,0.000000,0.000000,0.000000,0.000000,0.000000,0.000000
13.947345,0.000000,0.000000,0.000000,0.000000,0.000000,0.000000
13.951345,0.000000,0.000000,0.000000,0.000000,0.000000,0.000000
13.955345,0.000000,0.000000,0.000000,0.000000,0.000000,0.000000
13.959345,0.000000,0.000000,0.000000,0.000000,0.000000,0.000000
13.963345,0.000000,0.000000,0.000000,0.000000,0.000000,0.000000
13.967345,0.000000,0.000000,0.000000,0.000000,0.000000,0.000000
13.971345,0.000000,0.000000,0.000000,0.000000,0.000000,0.000000
13.975345,0.000000,0.000000,0.000000,0.000000,0.000000,0.000000
13.979345,0.000000,0.000000,0.000000,0.000000,0.000000,0.000000
13.983345,0.000000,0.000000,0.000000,0.000000,0.000000,0.000000
13.987345,0.000000,0.000000,0.000000,0.000000,0.000000,0.000000
13.991345,0.000000,0.000000,0.000000,0.000000,0.000000,0.000000
13.995345,0.000000,0.000000,0.000000,0.000000,0.000000,0.000000
13.999345,0.000000,0.000000,0.000000,0.000000,0.000000,0.000000
14.003345,0.000000,0.000000,0.000000,0.000000,0.000000,0.000000
14.007345,0.000000,0.000000,0.000000,0.000000,0.000000,0.000000
14.011345,0.000000,0.000000,0.000000,0.000000,0.000000,0.000000
14.015345,0.000000,0.000000,0.000000,0.000000,0.000000,0.000000
14.019345,0.000000,0.000000,0.000000,0.000000,0.000000,0.000000
14.023345,0.000000,0.000000,0.000000,0.000000,0.000000,0.000000
14.027345,0.000000,0.000000,0.000000,0.000000,0.000000,0.000000
14.031345,0.000000,0.000000,0.000000,0.000000,0.000000,0.000000
14.035345,0.000000,0.000000,0.000000,0.000000,0.000000,0.000000
14.039345,0.000000,0.000000,0.000000,0.000000,0.000000,0.000000
14.043345,0.000000,0.000000,0.000000,0.000000,0.000000,0.000000
14.047345,0.000000,0.000000,0.000000,0.000000,0.000000,0.000000
14.051345,0.000000,0.000000,0.000000,0.000000,0.000000,0.000000
14.055345,0.000000,0.000000,0.000000,0.000000,0.000000,0.000000
14.059345,0.000000,0.000000,0.000000,0.000000,0.000000,0.000000
14.063345,0.000000,0.000000,0.000000,0.000000,0.000000,0.000000
14.067345,0.000000,0.000000,0.000000,0.000000,0.000000,0.000000
14.071345,0.000000,0.000000,0.000000,0.000000,0.000000,0.000000
14.075345,0.000000,0.000000,0.000000,0.000000,0.000000,0.000000
14.079345,0.000000,0.000000,0.000000,0.000000,0.000000,0.000000
14.083345,0.000000,0.000000,0.000000,0.000000,0.000000,0.000000
14.087345,0.000000,0.000000,0.000000,0.000000,0.000000,0.000000
14.091345,0.000000,0.000000,0.000000,0.000000,0.000000,0.000000
14.095345,0.000000,0.000000,0.000000,0.000000,0.000000,0.000000
14.099345,0.000000,0.000000,0.000000,0.000000,0.000000,0.000000
14.103345,0.000000,0.000000,0.000000,0.000000,0.000000,0.000000
14.107345,0.000000,0.000000,0.000000,0.000000,0.000000,0.000000
14.111345,0.000000,0.000000,0.000000,0.000000,0.000000,0.000000
14.115345,0.000000,0.000000,0.000000,0.000000,0.000000,0.000000
14.119345,0.000000,0.000000,0.000000,0.000000,0.000000,0.000000
14.123345,0.000000,0.000000,0.000000,0.000000,0.000000,0.000000
14.127345,0.000000,0.000000,0.000000,0.000000,0.000000,0.000000
14.131345,0.000000,0.000000,0.000000,0.000000,0.000000,0.000000
14.135345,0.000000,0.000000,0.000000,0.000000,0.000000,0.000000
14.139345,0.000000,0.000000,0.000000,0.000000,0.000000,0.000000
14.143345,0.000000,0.000000,0.000000,0.000000,0.000000,0.000000
14.147345,0.000000,0.000000,0.000000,0.000000,0.000000,0.000000
14.151345,0.000000,0.000000,0.000000,0.000000,0.000000,0.000000
14.155345,0.000000,0.000000,0.000000,0.000000,0.000000,0.000000
14.159345,0.000000,0.000000,0.000000,0.000000,0.000000,0.000000
14.163345,0.000000,0.000000,0.000000,0.000000,0.000000,0.000000
14.167345,0.000000,0.000000,0.000000,0.000000,0.000000,0.000000
14.171345,0.000000,0.000000,0.000000,0.000000,0.000000,0.000000
14.175345,0.000000,0.000000,0.000000,0.000000,0.000000,0.000000
14.179345,0.000000,0.000000,0.000000,0.000000,0.000000,0.000000
14.183345,0.000000,0.000000,0.000000,0.000000,0.000000,0.000000
14.187345,0.000000,0.000000,0.000000,0.000000,0.000000,0.000000
14.191345,0.000000,0.000000,0.000000,0.000000,0.000000,0.000000
14.195345,0.000000,0.000000,0.000000,0.000000,0.000000,0.000000
14.199345,0.000000,0.000000,0.000000,0.000000,0.000000,0.000000
14.203345,0.000000,0.000000,0.000000,0.000000,0.000000,0.000000
14.207345,0.000000,0.000000,0.000000,0.000000,0.000000,0.000000
14.211345,0.000000,0.000000,0.000000,0.000000,0.000000,0.000000
14.215345,0.000000,0.000000,0.000000,0.000000,0.000000,0.000000
14.219345,0.000000,0.000000,0.000000,0.000000,0.000000,0.000000
14.223345,0.000000,0.000000,0.000000,0.000000,0.000000,0.000000
14.227345,0.000000,0.000000,0.000000,0.000000,0.000000,0.000000
14.231345,0.000000,0.000000,0.000000,0.000000,0.000000,0.000000
14.235345,0.000000,0.000000,0.000000,0.000000,0.000000,0.000000
14.239345,0.000000,0.000000,0.000000,0.000000,0.000000,0.000000
14.243345,0.000000,0.000000,0.000000,0.000000,0.000000,0.000000
14.247345,0.000000,0.000000,0.000000,0.000000,0.000000,0.000000
14.251345,0.000000,0.000000,0.000000,0.000000,0.000000,0.000000
14.255345,0.000000,0.000000,0.000000,0.000000,0.000000,0.000000
14.259345,0.000000,0.000000,0.000000,0.000000,0.000000,0.000000
14.263345,0.000000,0.000000,0.000000,0.000000,0.000000,0.000000
14.267345,0.000000,0.000000,0.000000,0.000000,0.000000,0.000000
14.271345,0.000000,0.000000,0.000000,0.000000,0.000000,0.000000
14.275345,0.000000,0.000000,0.000000,0.000000,0.000000,0.000000
14.279345,0.000000,0.000000,0.000000,0.000000,0.000000,0.000000
14.283345,0.000000,0.000000,0.000000,0.000000,0.000000,0.000000
14.287345,0.000000,0.000000,0.000000,0.000000,0.000000,0.000000
14.291345,0.000000,0.000000,0.000000,0.000000,0.000000,0.000000
14.295345,0.000000,0.000000,0.000000,0.000000,0.000000,0.000000
14.299345,0.000000,0.000000,0.000000,0.000000,0.000000,0.000000
14.303345,0.000000,0.000000,0.000000,0.000000,0.000000,0.000000
14.307345,0.000000,0.000000,0.000000,0.000000,0.000000,0.000000
14.311345,0.000000,0.000000,0.000000,0.000000,0.000000,0.000000
14.315345,0.000000,0.000000,0.000000,0.000000,0.000000,0.000000
14.319345,0.000000,0.000000,0.000000,0.000000,0.000000,0.000000
14.323345,0.000000,0.000000,0.000000,0.000000,0.000000,0.000000
14.327345,0.000000,0.000000,0.000000,0.000000,0.000000,0.000000
14.331345,0.000000,0.000000,0.000000,0.000000,0.000000,0.000000
14.335345,0.000000,0.000000,0.000000,0.000000,0.000000,0.000000
14.339345,0.000000,0.000000,0.000000,0.000000,0.000000,0.000000
14.343345,0.000000,0.000000,0.000000,0.000000,0.000000,0.000000
14.347345,0.000000,0.000000,0.000000,0.000000,0.000000,0.000000
14.351345,0.000000,0.000000,0.000000,0.000000,0.000000,0.000000
14.355345,0.000000,0.000000,0.000000,0.000000,0.000000,0.000000
14.359345,0.000000,0.000000,0.000000,0.000000,0.000000,0.000000
14.363345,0.000000,0.000000,0.000000,0.000000,0.000000,0.000000
14.367345,0.000000,0.000000,0.000000,0.000000,0.000000,0.000000
14.371345,0.000000,0.000000,0.000000,0.000000,0.000000,0.000000
14.375345,0.000000,0.000000,0.000000,0.000000,0.000000,0.000000
14.379345,0.000000,0.000000,0.000000,0.000000,0.000000,0.000000
14.383345,0.000000,0.000000,0.000000,0.000000,0.000000,0.000000
14.387345,0.000000,0.000000,0.000000,0.000000,0.000000,0.000000
14.391345,0.000000,0.000000,0.000000,0.000000,0.000000,0.000000
14.395345,0.000000,0.000000,0.000000,0.000000,0.000000,0.000000
14.399345,0.000000,0.000000,0.000000,0.000000,0.000000,0.000000
14.403345,0.000000,0.000000,0.000000,0.000000,0.000000,0.000000
14.407345,0.000000,0.000000,0.000000,0.000000,0.000000,0.000000
14.411345,0.000000,0.000000,0.000000,0.000000,0.000000,0.000000
14.415345,0.000000,0.000000,0.000000,0.000000,0.000000,0.000000
14.419345,0.000000,0.000000,0.000000,0.000000,0.000000,0.000000
14.423345,0.000000,0.000000,0.000000,0.000000,0.000000,0.000000
14.427345,0.000000,0.000000,0.000000,0.000000,0.000000,0.000000
14.431345,0.000000,0.000000,0.000000,0.000000,0.000000,0.000000
14.435345,0.000000,0.000000,0.000000,0.000000,0.000000,0.000000
14.439345,0.000000,0.000000,0.000000,0.000000,0.000000,0.000000
14.443345,0.000000,0.000000,0.000000,0.000000,0.000000,0.000000
14.447345,0.000000,0.000000,0.000000,0.000000,0.000000,0.000000
14.451345,0.000000,0.000000,0.000000,0.000000,0.000000,0.000000
14.455345,0.000000,0.000000,0.000000,0.000000,0.000000,0.000000
14.459345,0.000000,0.000000,0.000000,0.000000,0.000000,0.000000
14.463345,0.000000,0.000000,0.000000,0.000000,0.000000,0.000000
14.467345,0.000000,0.000000,0.000000,0.000000,0.000000,0.000000
14.471345,0.000000,0.000000,0.000000,0.000000,0.000000,0.000000
14.475345,0.000000,0.000000,0.000000,0.000000,0.000000,0.000000
14.479345,0.000000,0.000000,0.000000,0.000000,0.000000,0.000000
14.483345,0.000000,0.000000,0.000000,0.000000,0.000000,0.000000
14.487345,0.000000,0.000000,0.000000,0.000000,0.000000,0.000000
14.491345,0.000000,0.000000,0.000000,0.000000,0.000000,0.000000
14.495345,0.000000,0.000000,0.000000,0.000000,0.000000,0.000000
14.499345,0.000000,0.000000,0.000000,0.000000,0.000000,0.000000
14.503345,0.000000,0.000000,0.000000,0.000000,0.000000,0.000000
14.507345,0.000000,0.000000,0.000000,0.000000,0.000000,0.000000
14.511345,0.000000,0.000000,0.000000,0.000000,0.000000,0.000000
14.515345,0.000000,0.000000,0.000000,0.000000,0.000000,0.000000
14.519345,0.000000,0.000000,0.000000,0.000000,0.000000,0.000000
14.523345,0.000000,0.000000,0.000000,0.000000,0.000000,0.000000
14.527345,0.000000,0.000000,0.000000,0.000000,0.000000,0.000000
14.531345,0.000000,0.000000,0.000000,0.000000,0.000000,0.000000
14.535345,0.000000,0.000000,0.000000,0.000000,0.000000,0.000000
14.539345,0.000000,0.000000,0.000000,0.000000,0.000000,0.000000
14.543345,0.000000,0.000000,0.000000,0.000000,0.000000,0.000000
14.547345,0.000000,0.000000,0.000000,0.000000,0.000000,0.000000
14.551345,0.000000,0.000000,0.000000,0.000000,0.000000,0.000000
14.555345,0.000000,0.000000,0.000000,0.000000,0.000000,0.000000
14.559345,0.000000,0.000000,0.000000,0.000000,0.000000,0.000000
14.563345,0.000000,0.000000,0.000000,0.000000,0.000000,0.000000
14.567345,0.000000,0.000000,0.000000,0.000000,0.000000,0.000000
14.571345,0.000000,0.000000,0.000000,0.000000,0.000000,0.000000
14.575345,0.000000,0.000000,0.000000,0.000000,0.000000,0.000000
14.579345,0.000000,0.000000,0.000000,0.000000,0.000000,0.000000
14.583345,0.000000,0.000000,0.000000,0.000000,0.000000,0.000000
14.587345,0.000000,0.000000,0.000000,0.000000,0.000000,0.000000
14.591345,0.000000,0.000000,0.000000,0.000000,0.000000,0.000000
14.595345,0.000000,0.000000,0.000000,0.000000,0.000000,0.000000
14.599345,0.000000,0.000000,0.000000,0.000000,0.000000,0.000000
14.603345,0.000000,0.000000,0.000000,0.000000,0.000000,0.000000
14.607345,0.000000,0.000000,0.000000,0.000000,0.000000,0.000000
14.611345,0.000000,0.000000,0.000000,0.000000,0.000000,0.000000
14.615345,0.000000,0.000000,0.000000,0.000000,0.000000,0.000000
14.619345,0.000000,0.000000,0.000000,0.000000,0.000000,0.000000
14.623345,0.000000,0.000000,0.000000,0.000000,0.000000,0.000000
14.627345,0.000000,0.000000,0.000000,0.000000,0.000000,0.000000
14.631345,0.000000,0.000000,0.000000,0.000000,0.000000,0.000000
14.635345,0.000000,0.000000,0.000000,0.000000,0.000000,0.000000
14.639345,0.000000,0.000000,0.000000,0.000000,0.000000,0.000000
14.643345,0.000000,0.000000,0.000000,0.000000,0.000000,0.000000
14.647345,0.000000,0.000000,0.000000,0.000000,0.000000,0.000000
14.651345,0.000000,0.000000,0.000000,0.000000,0.000000,0.000000
14.655345,0.000000,0.000000,0.000000,0.000000,0.000000,0.000000
14.659345,0.000000,0.000000,0.000000,0.000000,0.000000,0.000000
14.663345,0.000000,0.000000,0.000000,0.000000,0.000000,0.000000
14.667345,0.000000,0.000000,0.000000,0.000000,0.000000,0.000000
14.671345,0.000000,0.000000,0.000000,0.000000,0.000000,0.000000
14.675345,0.000000,0.000000,0.000000,0.000000,0.000000,0.000000
14.679345,0.000000,0.000000,0.000000,0.000000,0.000000,0.000000
14.683345,0.000000,0.000000,0.000000,0.000000,0.000000,0.000000
14.687345,0.000000,0.000000,0.000000,0.000000,0.000000,0.000000
14.691345,0.000000,0.000000,0.000000,0.000000,0.000000,0.000000
14.695345,0.000000,0.000000,0.000000,0.000000,0.000000,0.000000
14.699345,0.000000,0.000000,0.000000,0.000000,0.000000,0.000000
14.703345,0.000000,0.000000,0.000000,0.000000,0.000000,0.000000
14.707345,0.000000,0.000000,0.000000,0.000000,0.000000,0.000000
14.711345,0.000000,0.000000,0.000000,0.000000,0.000000,0.000000
14.715345,0.000000,0.000000,0.000000,0.000000,0.000000,0.000000
14.719345,0.000000,0.000000,0.000000,0.000000,0.000000,0.000000
14.723345,0.000000,0.000000,0.000000,0.000000,0.000000,0.000000
14.727345,0.000000,0.000000,0.000000,0.000000,0.000000,0.000000
14.731345,0.000000,0.000000,0.000000,0.000000,0.000000,0.000000
14.735345,0.000000,0.000000,0.000000,0.000000,0.000000,0.000000
14.739345,0.000000,0.000000,0.000000,0.000000,0.000000,0.000000
14.743345,0.000000,0.000000,0.000000,0.000000,0.000000,0.000000
14.747345,0.000000,0.000000,0.000000,0.000000,0.000000,0.000000
14.751345,0.000000,0.000000,0.000000,0.000000,0.000000,0.000000
14.755345,0.000000,0.000000,0.000000,0.000000,0.000000,0.000000
14.759345,0.000000,0.000000,0.000000,0.000000,0.000000,0.000000
14.763345,0.000000,0.000000,0.000000,0.000000,0.000000,0.000000
14.767345,0.000000,0.000000,0.000000,0.000000,0.000000,0.000000
14.771345,0.000000,0.000000,0.000000,0.000000,0.000000,0.000000
14.775345,0.000000,0.000000,0.000000,0.000000,0.000000,0.000000
14.779345,0.000000,0.000000,0.000000,0.000000,0.000000,0.000000
14.783345,0.000000,0.000000,0.000000,0.000000,0.000000,0.000000
14.787345,0.000000,0.000000,0.000000,0.000000,0.000000,0.000000
14.791345,0.000000,0.000000,0.000000,0.000000,0.000000,0.000000
14.795345,0.000000,0.000000,0.000000,0.000000,0.000000,0.000000
14.799345,0.000000,0.000000,0.000000,0.000000,0.000000,0.000000
14.803345,0.000000,0.000000,0.000000,0.000000,0.000000,0.000000
14.807345,0.000000,0.000000,0.000000,0.000000,0.000000,0.000000
14.811345,0.000000,0.000000,0.000000,0.000000,0.000000,0.000000
14.815345,0.000000,0.000000,0.000000,0.000000,0.000000,0.000000
14.819345,0.000000,0.000000,0.000000,0.000000,0.000000,0.000000
14.823345,0.000000,0.000000,0.000000,0.000000,0.000000,0.000000
14.827345,0.000000,0.000000,0.000000,0.000000,0.000000,0.000000
14.831345,0.000000,0.000000,0.000000,0.000000,0.000000,0.000000
14.835345,0.000000,0.000000,0.000000,0.000000,0.000000,0.000000
14.839345,0.000000,0.000000,0.000000,0.000000,0.000000,0.000000
14.843345,0.000000,0.000000,0.000000,0.000000,0.000000,0.000000
14.847345,0.000000,0.000000,0.000000,0.000000,0.000000,0.000000
14.851345,0.000000,0.000000,0.000000,0.000000,0.000000,0.000000
14.855345,0.000000,0.000000,0.000000,0.000000,0.000000,0.000000
14.859345,0.000000,0.000000,0.000000,0.000000,0.000000,0.000000
14.863345,0.000000,0.000000,0.000000,0.000000,0.000000,0.000000
14.867345,0.000000,0.000000,0.000000,0.000000,0.000000,0.000000
14.871345,0.000000,0.000000,0.000000,0.000000,0.000000,0.000000
14.875345,0.000000,0.000000,0.000000,0.000000,0.000000,0.000000
14.879345,0.000000,0.000000,0.000000,0.000000,0.000000,0.000000
14.883345,0.000000,0.000000,0.000000,0.000000,0.000000,0.000000
14.887345,0.000000,0.000000,0.000000,0.000000,0.000000,0.000000
14.891345,0.000000,0.000000,0.000000,0.000000,0.000000,0.000000
14.895345,0.000000,0.000000,0.000000,0.000000,0.000000,0.000000
14.899345,0.000000,0.000000,0.000000,0.000000,0.000000,0.000000
14.903345,0.000000,0.000000,0.000000,0.000000,0.000000,0.000000
14.907345,0.000000,0.000000,0.000000,0.000000,0.000000,0.000000
14.911345,0.000000,0.000000,0.000000,0.000000,0.000000,0.000000
14.915345,0.000000,0.000000,0.000000,0.000000,0.000000,0.000000
14.919345,0.000000,0.000000,0.000000,0.000000,0.000000,0.000000
14.923345,0.000000,0.000000,0.000000,0.000000,0.000000,0.000000
14.927345,0.000000,0.000000,0.000000,0.000000,0.000000,0.000000
14.931345,0.000000,0.000000,0.000000,0.000000,0.000000,0.000000
14.935345,0.000000,0.000000,0.000000,0.000000,0.000000,0.000000
14.939345,0.000000,0.000000,0.000000,0.000000,0.000000,0.000000
14.943345,0.000000,0.000000,0.000000,0.000000,0.000000,0.000000
14.947345,0.000000,0.000000,0.000000,0.000000,0.000000,0.000000
14.951345,0.000000,0.000000,0.000000,0.000000,0.000000,0.000000
14.955345,0.000000,0.000000,0.000000,0.000000,0.000000,0.000000
14.959345,0.000000,0.000000,0.000000,0.000000,0.000000,0.000000
14.963345,0.000000,0.000000,0.000000,0.000000,0.000000,0.000000
14.967345,0.000000,0.000000,0.000000,0.000000,0.000000,0.000000
14.971345,0.000000,0.000000,0.000000,0.000000,0.000000,0.000000
14.975345,0.000000,0.000000,0.000000,0.000000,0.000000,0.000000
14.979345,0.000000,0.000000,0.000000,0.000000,0.000000,0.000000
14.983345,0.000000,0.000000,0.000000,0.000000,0.000000,0.000000
14.987345,0.000000,0.000000,0.000000,0.000000,0.000000,0.000000
14.991345,0.000000,0.000000,0.000000,0.000000,0.000000,0.000000
14.995345,0.000000,0.000000,0.000000,0.000000,0.000000,0.000000
14.999345,0.000000,0.000000,0.000000,0.000000,0.000000,0.000000
15.003345,0.000000,0.000000,0.000000,0.000000,0.000000,0.000000
15.007345,0.000000,0.000000,0.000000,0.000000,0.000000,0.000000
15.011345,0.000000,0.000000,0.000000,0.000000,0.000000,0.000000
15.015345,0.000000,0.000000,0.000000,0.000000,0.000000,0.000000
15.019345,0.000000,0.000000,0.000000,0.000000,0.000000,0.000000
15.023345,0.000000,0.000000,0.000000,0.000000,0.000000,0.000000
15.027345,0.000000,0.000000,0.000000,0.000000,0.000000,0.000000
15.031345,0.000000,0.000000,0.000000,0.000000,0.000000,0.000000
15.035345,0.000000,0.000000,0.000000,0.000000,0.000000,0.000000
15.039345,0.000000,0.000000,0.000000,0.000000,0.000000,0.000000
15.043345,0.000000,0.000000,0.000000,0.000000,0.000000,0.000000
15.047345,0.000000,0.000000,0.000000,0.000000,0.000000,0.000000
15.051345,0.000000,0.000000,0.000000,0.000000,0.000000,0.000000
15.055345,0.000000,0.000000,0.000000,0.000000,0.000000,0.000000
15.059345,0.000000,0.000000,0.000000,0.000000,0.000000,0.000000
15.063345,0.000000,0.000000,0.000000,0.000000,0.000000,0.000000
15.067345,0.000000,0.000000,0.000000,0.000000,0.000000,0.000000
15.071345,0.000000,0.000000,0.000000,0.000000,0.000000,0.000000
15.075345,0.000000,0.000000,0.000000,0.000000,0.000000,0.000000
15.079345,0.000000,0.000000,0.000000,0.000000,0.000000,0.000000
15.083345,0.000000,0.000000,0.000000,0.000000,0.000000,0.000000
15.087345,0.000000,0.000000,0.000000,0.000000,0.000000,0.000000
15.091345,0.000000,0.000000,0.000000,0.000000,0.000000,0.000000
15.095345,0.000000,0.000000,0.000000,0.000000,0.000000,0.000000
15.099345,0.000000,0.000000,0.000000,0.000000,0.000000,0.000000
15.103345,0.000000,0.000000,0.000000,0.000000,0.000000,0.000000
15.107345,0.000000,0.000000,0.000000,0.000000,0.000000,0.000000
15.111345,0.000000,0.000000,0.000000,0.000000,0.000000,0.000000
15.115345,0.000000,0.000000,0.000000,0.000000,0.000000,0.000000
15.119345,0.000000,0.000000,0.000000,0.000000,0.000000,0.000000
15.123345,0.000000,0.000000,0.000000,0.000000,0.000000,0.000000
15.127345,0.000000,0.000000,0.000000,0.000000,0.000000,0.000000
15.131345,0.000000,0.000000,0.000000,0.000000,0.000000,0.000000
15.135345,0.000000,0.000000,0.000000,0.000000,0.000000,0.000000
15.139345,0.000000,0.000000,0.000000,0.000000,0.000000,0.000000
15.143345,0.000000,0.000000,0.000000,0.000000,0.000000,0.000000
15.147345,0.000000,0.000000,0.000000,0.000000,0.000000,0.000000
15.151345,0.000000,0.000000,0.000000,0.000000,0.000000,0.000000
15.155345,0.000000,0.000000,0.000000,0.000000,0.000000,0.000000
15.159345,0.000000,0.000000,0.000000,0.000000,0.000000,0.000000
15.163345,0.000000,0.000000,0.000000,0.000000,0.000000,0.000000
15.167345,0.000000,0.000000,0.000000,0.000000,0.000000,0.000000
15.171345,0.000000,0.000000,0.000000,0.000000,0.000000,0.000000
15.175345,0.000000,0.000000,0.000000,0.000000,0.000000,0.000000
15.179345,0.000000,0.000000,0.000000,0.000000,0.000000,0.000000
15.183345,0.000000,0.000000,0.000000,0.000000,0.000000,0.000000
15.187345,0.000000,0.000000,0.000000,0.000000,0.000000,0.000000
15.191345,0.000000,0.000000,0.000000,0.000000,0.000000,0.000000
15.195345,0.000000,0.000000,0.000000,0.000000,0.000000,0.000000
15.199345,0.000000,0.000000,0.000000,0.000000,0.000000,0.000000
15.203345,0.000000,0.000000,0.000000,0.000000,0.000000,0.000000
15.207345,0.000000,0.000000,0.000000,0.000000,0.000000,0.000000
15.211345,0.000000,0.000000,0.000000,0.000000,0.000000,0.000000
15.215345,0.000000,0.000000,0.000000,0.000000,0.000000,0.000000
15.219345,0.000000,0.000000,0.000000,0.000000,0.000000,0.000000
15.223345,0.000000,0.000000,0.000000,0.000000,0.000000,0.000000
15.227345,0.000000,0.000000,0.000000,0.000000,0.000000,0.000000
15.231345,0.000000,0.000000,0.000000,0.000000,0.000000,0.000000
15.235345,0.000000,0.000000,0.000000,0.000000,0.000000,0.000000
15.239345,0.000000,0.000000,0.000000,0.000000,0.000000,0.000000
15.243345,0.000000,0.000000,0.000000,0.000000,0.000000,0.000000
15.247345,0.000000,0.000000,0.000000,0.000000,0.000000,0.000000
15.251345,0.000000,0.000000,0.000000,0.000000,0.000000,0.000000
15.255345,0.000000,0.000000,0.000000,0.000000,0.000000,0.000000
15.259345,0.000000,0.000000,0.000000,0.000000,0.000000,0.000000
15.263345,0.000000,0.000000,0.000000,0.000000,0.000000,0.000000
15.267345,0.000000,0.000000,0.000000,0.000000,0.000000,0.000000
15.271345,0.000000,0.000000,0.000000,0.000000,0.000000,0.000000
15.275345,0.000000,0.000000,0.000000,0.000000,0.000000,0.000000
15.279345,0.000000,0.000000,0.000000,0.000000,0.000000,0.000000
15.283345,0.000000,0.000000,0.000000,0.000000,0.000000,0.000000
15.287345,0.000000,0.000000,0.000000,0.000000,0.000000,0.000000
15.291345,0.000000,0.000000,0.000000,0.000000,0.000000,0.000000
15.295345,0.000000,0.000000,0.000000,0.000000,0.000000,0.000000
15.299345,0.000000,0.000000,0.000000,0.000000,0.000000,0.000000
15.303345,0.000000,0.000000,0.000000,0.000000,0.000000,0.000000
15.307345,0.000000,0.000000,0.000000,0.000000,0.000000,0.000000
15.311345,0.000000,0.000000,0.000000,0.000000,0.000000,0.000000
15.315345,0.000000,0.000000,0.000000,0.000000,0.000000,0.000000
15.319345,0.000000,0.000000,0.000000,0.000000,0.000000,0.000000
15.323345,0.000000,0.000000,0.000000,0.000000,0.000000,0.000000
15.327345,0.000000,0.000000,0.000000,0.000000,0.000000,0.000000
15.331345,0.000000,0.000000,0.000000,0.000000,0.000000,0.000000
15.335345,0.000000,0.000000,0.000000,0.000000,0.000000,0.000000
15.339345,0.000000,0.000000,0.000000,0.000000,0.000000,0.000000
15.343345,0.000000,0.000000,0.000000,0.000000,0.000000,0.000000
15.347345,0.000000,0.000000,0.000000,0.000000,0.000000,0.000000
15.351345,0.000000,0.000000,0.000000,0.000000,0.000000,0.000000
15.355345,0.000000,0.000000,0.000000,0.000000,0.000000,0.000000
15.359345,0.000000,0.000000,0.000000,0.000000,0.000000,0.000000
15.363345,0.000000,0.000000,0.000000,0.000000,0.000000,0.000000
15.367345,0.000000,0.000000,0.000000,0.000000,0.000000,0.000000
15.371345,0.000000,0.000000,0.000000,0.000000,0.000000,0.000000
15.375345,0.000000,0.000000,0.000000,0.000000,0.000000,0.000000
15.379345,0.000000,0.000000,0.000000,0.000000,0.000000,0.000000
15.383345,0.000000,0.000000,0.000000,0.000000,0.000000,0.000000
15.387345,0.000000,0.000000,0.000000,0.000000,0.000000,0.000000
15.391345,0.000000,0.000000,0.000000,0.000000,0.000000,0.000000
15.395345,0.000000,0.000000,0.000000,0.000000,0.000000,0.000000
15.399345,0.000000,0.000000,0.000000,0.000000,0.000000,0.000000
15.403345,0.000000,0.000000,0.000000,0.000000,0.000000,0.000000
15.407345,0.000000,0.000000,0.000000,0.000000,0.000000,0.000000
15.411345,0.000000,0.000000,0.000000,0.000000,0.000000,0.000000
15.415345,0.000000,0.000000,0.000000,0.000000,0.000000,0.000000
15.419345,0.000000,0.000000,0.000000,0.000000,0.000000,0.000000
15.423345,0.000000,0.000000,0.000000,0.000000,0.000000,0.000000
15.427345,0.000000,0.000000,0.000000,0.000000,0.000000,0.000000
15.431345,0.000000,0.000000,0.000000,0.000000,0.000000,0.000000
15.435345,0.000000,0.000000,0.000000,0.000000,0.000000,0.000000
15.439345,0.000000,0.000000,0.000000,0.000000,0.000000,0.000000
15.443345,0.000000,0.000000,0.000000,0.000000,0.000000,0.000000
15.447345,0.000000,0.000000,0.000000,0.000000,0.000000,0.000000
15.451345,0.000000,0.000000,0.000000,0.000000,0.000000,0.000000
15.455345,0.000000,0.000000,0.000000,0.000000,0.000000,0.000000
15.459345,0.000000,0.000000,0.000000,0.000000,0.000000,0.000000
15.463345,0.000000,0.000000,0.000000,0.000000,0.000000,0.000000
15.467345,0.000000,0.000000,0.000000,0.000000,0.000000,0.000000
15.471345,0.000000,0.000000,0.000000,0.000000,0.000000,0.000000
15.475345,0.000000,0.000000,0.000000,0.000000,0.000000,0.000000
15.479345,0.000000,0.000000,0.000000,0.000000,0.000000,0.000000
15.483345,0.000000,0.000000,0.000000,0.000000,0.000000,0.000000
15.487345,0.000000,0.000000,0.000000,0.000000,0.000000,0.000000
15.491345,0.000000,0.000000,0.000000,0.000000,0.000000,0.000000
15.495345,0.000000,0.000000,0.000000,0.000000,0.000000,0.000000
15.499345,0.000000,0.000000,0.000000,0.000000,0.000000,0.000000
15.503345,0.000000,0.000000,0.000000,0.000000,0.000000,0.000000
15.507345,0.000000,0.000000,0.000000,0.000000,0.000000,0.000000
15.511345,0.000000,0.000000,0.000000,0.000000,0.000000,0.000000
15.515345,0.000000,0.000000,0.000000,0.000000,0.000000,0.000000
15.519345,0.000000,0.000000,0.000000,0.000000,0.000000,0.000000
15.523345,0.000000,0.000000,0.000000,0.000000,0.000000,0.000000
15.527345,0.000000,0.000000,0.000000,0.000000,0.000000,0.000000
15.531345,0.000000,0.000000,0.000000,0.000000,0.000000,0.000000
15.535345,0.000000,0.000000,0.000000,0.000000,0.000000,0.000000
15.539345,0.000000,0.000000,0.000000,0.000000,0.000000,0.000000
15.543345,0.000000,0.000000,0.000000,0.000000,0.000000,0.000000
15.547345,0.000000,0.000000,0.000000,0.000000,0.000000,0.000000
15.551345,0.000000,0.000000,0.000000,0.000000,0.000000,0.000000
15.555345,0.000000,0.000000,0.000000,0.000000,0.000000,0.000000
15.559345,0.000000,0.000000,0.000000,0.000000,0.000000,0.000000
15.563345,0.000000,0.000000,0.000000,0.000000,0.000000,0.000000
15.567345,0.000000,0.000000,0.000000,0.000000,0.000000,0.000000
15.571345,0.000000,0.000000,0.000000,0.000000,0.000000,0.000000
15.575345,0.000000,0.000000,0.000000,0.000000,0.000000,0.000000
15.579345,0.000000,0.000000,0.000000,0.000000,0.000000,0.000000
15.583345,0.000000,0.000000,0.000000,0.000000,0.000000,0.000000
15.587345,0.000000,0.000000,0.000000,0.000000,0.000000,0.000000
15.591345,0.000000,0.000000,0.000000,0.000000,0.000000,0.000000
15.595345,0.000000,0.000000,0.000000,0.000000,0.000000,0.000000
15.599345,0.000000,0.000000,0.000000,0.000000,0.000000,0.000000
15.603345,0.000000,0.000000,0.000000,0.000000,0.000000,0.000000
15.607345,0.000000,0.000000,0.000000,0.000000,0.000000,0.000000
15.611345,0.000000,0.000000,0.000000,0.000000,0.000000,0.000000
15.615345,0.000000,0.000000,0.000000,0.000000,0.000000,0.000000
15.619345,0.000000,0.000000,0.000000,0.000000,0.000000,0.000000
15.623345,0.000000,0.000000,0.000000,0.000000,0.000000,0.000000
15.627345,0.000000,0.000000,0.000000,0.000000,0.000000,0.000000
15.631345,0.000000,0.000000,0.000000,0.000000,0.000000,0.000000
15.635345,0.000000,0.000000,0.000000,0.000000,0.000000,0.000000
15.639345,0.000000,0.000000,0.000000,0.000000,0.000000,0.000000
15.643345,0.000000,0.000000,0.000000,0.000000,0.000000,0.000000
15.647345,-0.001200,0.000000,0.000000,0.000000,0.000000,0.000000
15.651345,-0.001200,0.000000,0.000000,0.000000,0.000000,0.000000
15.655345,-0.001200,0.000000,0.000000,0.000000,0.000000,0.000000
15.659345,-0.001200,0.000000,0.000000,0.000000,0.000000,0.000000
15.663345,-0.001200,0.000000,0.000000,0.000000,0.000000,0.000000
15.667345,-0.001200,0.000000,0.000000,0.000000,0.000000,0.000000
15.671345,-0.001200,0.000000,0.000000,0.000000,0.000000,0.000000
15.675345,-0.001200,0.000000,0.000000,0.000000,0.000000,0.000000
15.679345,-0.001200,0.000000,0.000000,0.000000,0.000000,0.000000
15.683345,-0.002600,0.000000,0.000000,0.000000,0.000000,0.000000
15.687345,-0.002600,0.000000,0.000000,0.000000,0.000000,0.000000
15.691345,-0.002600,0.000000,0.000000,0.000000,0.000000,0.000000
15.695345,-0.002600,0.000000,0.000000,0.000000,0.000000,0.000000
15.699345,-0.002600,0.000000,0.000000,0.000000,0.000000,0.000000
15.703345,-0.002600,0.000000,0.000000,0.000000,0.000000,0.000000
15.707345,-0.003800,0.000000,0.000000,0.000000,0.000000,0.000000
15.711345,-0.003800,0.000000,0.000000,0.000000,0.000000,0.000000
15.715345,-0.003800,0.000000,0.000000,0.000000,0.000000,0.000000
15.719345,-0.003800,0.000000,0.000000,0.000000,0.000000,0.000000
15.723345,-0.003800,0.000000,0.000000,0.000000,0.000000,0.000000
15.727345,-0.003800,0.000000,0.000000,0.000000,0.000000,0.000000
15.731345,-0.003800,0.000000,0.000000,0.000000,0.000000,0.000000
15.735345,-0.005400,0.000000,0.000000,0.000000,0.000000,0.000000
15.739345,-0.005400,0.000000,0.000000,0.000000,0.000000,0.000000
15.743345,-0.005400,0.000000,0.000000,0.000000,0.000000,0.000000
15.747345,-0.005400,0.000000,0.000000,0.000000,0.000000,0.000000
15.751345,-0.005400,0.000000,0.000000,0.000000,0.000000,0.000000
15.755345,-0.005400,0.000000,0.000000,0.000000,0.000000,0.000000
15.759345,-0.005400,0.000000,0.000000,0.000000,0.000000,0.000000
15.763345,-0.007000,0.000000,0.000000,0.000000,0.000000,0.000000
15.767345,-0.007000,0.000000,0.000000,0.000000,0.000000,0.000000
15.771345,-0.007000,0.000000,0.000000,0.000000,0.000000,0.000000
15.775345,-0.007000,0.000000,0.000000,0.000000,0.000000,0.000000
15.779345,-0.007000,0.000000,0.000000,0.000000,0.000000,0.000000
15.783345,-0.007000,0.000000,0.000000,0.000000,0.000000,0.000000
15.787345,-0.007000,0.000000,0.000000,0.000000,0.000000,0.000000
15.791345,-0.007000,0.000000,0.000000,0.000000,0.000000,0.000000
15.795345,-0.007000,0.000000,0.000000,0.000000,0.000000,0.000000
15.799345,-0.008400,0.000000,0.000000,0.000000,0.000000,0.000000
15.803345,-0.008400,0.000000,0.000000,0.000000,0.000000,0.000000
15.807345,-0.008400,0.000000,0.000000,0.000000,0.000000,0.000000
15.811345,-0.008400,0.000000,0.000000,0.000000,0.000000,0.000000
15.815345,-0.008400,0.000000,0.000000,0.000000,0.000000,0.000000
15.819345,-0.008400,0.000000,0.000000,0.000000,0.000000,0.000000
15.823345,-0.008400,0.000000,0.000000,0.000000,0.000000,0.000000
15.827345,-0.010000,0.000000,0.000000,0.000000,0.000000,0.000000
15.831345,-0.010000,0.000000,0.000000,0.000000,0.000000,0.000000
15.835345,-0.010000,0.000000,0.000000,0.000000,0.000000,0.000000
15.839345,-0.010000,0.000000,0.000000,0.000000,0.000000,0.000000
15.843345,-0.010000,0.000000,0.000000,0.000000,0.000000,0.000000
15.847345,-0.010000,0.000000,0.000000,0.000000,0.000000,0.000000
15.851345,-0.010000,0.000000,0.000000,0.000000,0.000000,0.000000
15.855345,-0.010000,0.000000,0.000000,0.000000,0.000000,0.000000
15.859345,-0.011200,0.000000,0.000000,0.000000,0.000000,0.000000
15.863345,-0.011200,0.000000,0.000000,0.000000,0.000000,0.000000
15.867345,-0.011200,0.000000,0.000000,0.000000,0.000000,0.000000
15.871345,-0.011200,0.000000,0.000000,0.000000,0.000000,0.000000
15.875345,-0.011200,0.000000,0.000000,0.000000,0.000000,0.000000
15.879345,-0.011200,0.000000,0.000000,0.000000,0.000000,0.000000
15.883345,-0.012600,0.000000,0.000000,0.000000,0.000000,0.000000
15.887345,-0.012600,0.000000,0.000000,0.000000,0.000000,0.000000
15.891345,-0.012600,0.000000,0.000000,0.000000,0.000000,0.000000
15.895345,-0.012600,0.000000,0.000000,0.000000,0.000000,0.000000
15.899345,-0.012600,0.000000,0.000000,0.000000,0.000000,0.000000
15.903345,-0.012600,0.000000,0.000000,0.000000,0.000000,0.000000
15.907345,-0.014200,0.000000,0.000000,0.000000,0.000000,0.000000
15.911345,-0.014200,0.000000,0.000000,0.000000,0.000000,0.000000
15.915345,-0.014200,0.000000,0.000000,0.000000,0.000000,0.000000
15.919345,-0.014200,0.000000,0.000000,0.000000,0.000000,0.000000
15.923345,-0.014200,0.000000,0.000000,0.000000,0.000000,0.000000
15.927345,-0.014200,0.000000,0.000000,0.000000,0.000000,0.000000
15.931345,-0.014200,0.000000,0.000000,0.000000,0.000000,0.000000
15.935345,-0.014200,0.000000,0.000000,0.000000,0.000000,0.000000
15.939345,-0.015600,0.000000,0.000000,0.000000,0.000000,0.000000
15.943345,-0.015600,0.000000,0.000000,0.000000,0.000000,0.000000
15.947345,-0.015600,0.000000,0.000000,0.000000,0.000000,0.000000
15.951345,-0.015600,0.000000,0.000000,0.000000,0.000000,0.000000
15.955345,-0.015600,0.000000,0.000000,0.000000,0.000000,0.000000
15.959345,-0.015600,0.000000,0.000000,0.000000,0.000000,0.000000
15.963345,-0.015600,0.000000,0.000000,0.000000,0.000000,0.000000
15.967345,-0.015600,0.000000,0.000000,0.000000,0.000000,0.000000
15.971345,-0.017200,0.000000,0.000000,0.000000,0.000000,0.000000
15.975345,-0.017200,0.000000,0.000000,0.000000,0.000000,0.000000
15.979345,-0.017200,0.000000,0.000000,0.000000,0.000000,0.000000
15.983345,-0.017200,0.000000,0.000000,0.000000,0.000000,0.000000
15.987345,-0.017200,0.000000,0.000000,0.000000,0.000000,0.000000
15.991345,-0.017200,0.000000,0.000000,0.000000,0.000000,0.000000
15.995345,-0.017200,0.000000,0.000000,0.000000,0.000000,0.000000
15.999345,-0.017200,0.000000,0.000000,0.000000,0.000000,0.000000
16.003345,-0.018600,0.000000,0.000000,0.000000,0.000000,0.000000
16.007345,-0.018600,0.000000,0.000000,0.000000,0.000000,0.000000
16.011345,-0.018600,0.000000,0.000000,0.000000,0.000000,0.000000
16.015345,-0.018600,0.000000,0.000000,0.000000,0.000000,0.000000
16.019345,-0.018600,0.000000,0.000000,0.000000,0.000000,0.000000
16.023345,-0.018600,0.000000,0.000000,0.000000,0.000000,0.000000
16.027345,-0.018600,0.000000,0.000000,0.000000,0.000000,0.000000
16.031345,-0.020000,0.000000,0.000000,0.000000,0.000000,0.000000
16.035345,-0.020000,0.000000,0.000000,0.000000,0.000000,0.000000
16.039345,-0.020000,0.000000,0.000000,0.000000,0.000000,0.000000
16.043345,-0.020000,0.000000,0.000000,0.000000,0.000000,0.000000
16.047345,-0.020000,0.000000,0.000000,0.000000,0.000000,0.000000
16.051345,-0.020000,0.000000,0.000000,0.000000,0.000000,0.000000
16.055345,-0.020000,0.000000,0.000000,0.000000,0.000000,0.000000
16.059345,-0.021400,0.000000,0.000000,0.000000,0.000000,0.000000
16.063345,-0.021400,0.000000,0.000000,0.000000,0.000000,0.000000
16.067345,-0.021400,0.000000,0.000000,0.000000,0.000000,0.000000
16.071345,-0.021400,0.000000,0.000000,0.000000,0.000000,0.000000
16.075345,-0.021400,0.000000,0.000000,0.000000,0.000000,0.000000
16.079345,-0.021400,0.000000,0.000000,0.000000,0.000000,0.000000
16.083345,-0.021400,0.000000,0.000000,0.000000,0.000000,0.000000
16.087345,-0.022600,0.000000,0.000000,0.000000,0.000000,0.000000
16.091345,-0.022600,0.000000,0.000000,0.000000,0.000000,0.000000
16.095345,-0.022600,0.000000,0.000000,0.000000,0.000000,0.000000
16.099345,-0.022600,0.000000,0.000000,0.000000,0.000000,0.000000
16.103345,-0.022600,0.000000,0.000000,0.000000,0.000000,0.000000
16.107345,-0.022600,0.000000,0.000000,0.000000,0.000000,0.000000
16.111345,-0.023800,0.000000,0.000000,0.000000,0.000000,0.000000
16.115345,-0.023800,0.000000,0.000000,0.000000,0.000000,0.000000
16.119345,-0.023800,0.000000,0.000000,0.000000,0.000000,0.000000
16.123345,-0.023800,0.000000,0.000000,0.000000,0.000000,0.000000
16.127345,-0.023800,0.000000,0.000000,0.000000,0.000000,0.000000
16.131345,-0.023800,0.000000,0.000000,0.000000,0.000000,0.000000
16.135345,-0.025200,0.000000,0.000000,0.000000,0.000000,0.000000
16.139345,-0.025200,0.000000,0.000000,0.000000,0.000000,0.000000
16.143345,-0.025200,0.000000,0.000000,0.000000,0.000000,0.000000
16.147345,-0.025200,0.000000,0.000000,0.000000,0.000000,0.000000
16.151345,-0.025200,0.000000,0.000000,0.000000,0.000000,0.000000
16.155345,-0.025200,0.000000,0.000000,0.000000,0.000000,0.000000
16.159345,-0.026800,0.000000,0.000000,0.000000,0.000000,0.000000
16.163345,-0.026800,0.000000,0.000000,0.000000,0.000000,0.000000
16.167345,-0.026800,0.000000,0.000000,0.000000,0.000000,0.000000
16.171345,-0.026800,0.000000,0.000000,0.000000,0.000000,0.000000
16.175345,-0.026800,0.000000,0.000000,0.000000,0.000000,0.000000
16.179345,-0.026800,0.000000,0.000000,0.000000,0.000000,0.000000
16.183345,-0.026800,0.000000,0.000000,0.000000,0.000000,0.000000
16.187345,-0.026800,0.000000,0.000000,0.000000,0.000000,0.000000
16.191345,-0.028200,0.000000,0.000000,0.000000,0.000000,0.000000
16.195345,-0.028200,0.000000,0.000000,0.000000,0.000000,0.000000
16.199345,-0.028200,0.000000,0.000000,0.000000,0.000000,0.000000
16.203345,-0.028200,0.000000,0.000000,0.000000,0.000000,0.000000
16.207345,-0.028200,0.000000,0.000000,0.000000,0.000000,0.000000
16.211345,-0.028200,0.000000,0.000000,0.000000,0.000000,0.000000
16.215345,-0.028200,0.000000,0.000000,0.000000,0.000000,0.000000
16.219345,-0.028200,0.000000,0.000000,0.000000,0.000000,0.000000
16.223345,-0.029600,0.000000,0.000000,0.000000,0.000000,0.000000
16.227345,-0.029600,0.000000,0.000000,0.000000,0.000000,0.000000
16.231345,-0.029600,0.000000,0.000000,0.000000,0.000000,0.000000
16.235345,-0.029600,0.000000,0.000000,0.000000,0.000000,0.000000
16.239345,-0.029600,0.000000,0.000000,0.000000,0.000000,0.000000
16.243345,-0.029600,0.000000,0.000000,0.000000,0.000000,0.000000
16.247345,-0.029600,0.000000,0.000000,0.000000,0.000000,0.000000
16.251345,-0.031200,0.000000,0.000000,0.000000,0.000000,0.000000
16.255345,-0.031200,0.000000,0.000000,0.000000,0.000000,0.000000
16.259345,-0.031200,0.000000,0.000000,0.000000,0.000000,0.000000
16.263345,-0.031200,0.000000,0.000000,0.000000,0.000000,0.000000
16.267345,-0.031200,0.000000,0.000000,0.000000,0.000000,0.000000
16.271345,-0.031200,0.000000,0.000000,0.000000,0.000000,0.000000
16.275345,-0.031200,0.000000,0.000000,0.000000,0.000000,0.000000
16.279345,-0.031200,0.000000,0.000000,0.000000,0.000000,0.000000
16.283345,-0.032800,0.000000,0.000000,0.000000,0.000000,0.000000
16.287345,-0.032800,0.000000,0.000000,0.000000,0.000000,0.000000
16.291345,-0.032800,0.000000,0.000000,0.000000,0.000000,0.000000
16.295345,-0.032800,0.000000,0.000000,0.000000,0.000000,0.000000
16.299345,-0.032800,0.000000,0.000000,0.000000,0.000000,0.000000
16.303345,-0.032800,0.000000,0.000000,0.000000,0.000000,0.000000
16.307345,-0.032800,0.000000,0.000000,0.000000,0.000000,0.000000
16.311345,-0.034400,0.000000,0.000000,0.000000,0.000000,0.000000
16.315345,-0.034400,0.000000,0.000000,0.000000,0.000000,0.000000
16.319345,-0.034400,0.000000,0.000000,0.000000,0.000000,0.000000
16.323345,-0.034400,0.000000,0.000000,0.000000,0.000000,0.000000
16.327345,-0.034400,0.000000,0.000000,0.000000,0.000000,0.000000
16.331345,-0.034400,0.000000,0.000000,0.000000,0.000000,0.000000
16.335345,-0.034400,0.000000,0.000000,0.000000,0.000000,0.000000
16.339345,-0.034400,0.000000,0.000000,0.000000,0.000000,0.000000
16.343345,-0.034400,0.000000,0.000000,0.000000,0.000000,0.000000
16.347345,-0.035800,0.000000,0.000000,0.000000,0.000000,0.000000
16.351345,-0.035800,0.000000,0.000000,0.000000,0.000000,0.000000
16.355345,-0.035800,0.000000,0.000000,0.000000,0.000000,0.000000
16.359345,-0.035800,0.000000,0.000000,0.000000,0.000000,0.000000
16.363345,-0.035800,0.000000,0.000000,0.000000,0.000000,0.000000
16.367345,-0.035800,0.000000,0.000000,0.000000,0.000000,0.000000
16.371345,-0.035800,0.000000,0.000000,0.000000,0.000000,0.000000
16.375345,-0.037400,0.000000,0.000000,0.000000,0.000000,0.000000
16.379345,-0.037400,0.000000,0.000000,0.000000,0.000000,0.000000
16.383345,-0.037400,0.000000,0.000000,0.000000,0.000000,0.000000
16.387345,-0.037400,0.000000,0.000000,0.000000,0.000000,0.000000
16.391345,-0.037400,0.000000,0.000000,0.000000,0.000000,0.000000
16.395345,-0.037400,0.000000,0.000000,0.000000,0.000000,0.000000
16.399345,-0.037400,0.000000,0.000000,0.000000,0.000000,0.000000
16.403345,-0.037400,0.000000,0.000000,0.000000,0.000000,0.000000
16.407345,-0.038600,0.000000,0.000000,0.000000,0.000000,0.000000
16.411345,-0.038600,0.000000,0.000000,0.000000,0.000000,0.000000
16.415345,-0.038600,0.000000,0.000000,0.000000,0.000000,0.000000
16.419345,-0.038600,0.000000,0.000000,0.000000,0.000000,0.000000
16.423345,-0.038600,0.000000,0.000000,0.000000,0.000000,0.000000
16.427345,-0.040200,0.000000,0.000000,0.000000,0.000000,0.000000
16.431345,-0.040200,0.000000,0.000000,0.000000,0.000000,0.000000
16.435345,-0.040200,0.000000,0.000000,0.000000,0.000000,0.000000
16.439345,-0.040200,0.000000,0.000000,0.000000,0.000000,0.000000
16.443345,-0.040200,0.000000,0.000000,0.000000,0.000000,0.000000
16.447345,-0.040200,0.000000,0.000000,0.000000,0.000000,0.000000
16.451345,-0.040200,0.000000,0.000000,0.000000,0.000000,0.000000
16.455345,-0.040200,0.000000,0.000000,0.000000,0.000000,0.000000
16.459345,-0.041800,0.000000,0.000000,0.000000,0.000000,0.000000
16.463345,-0.041800,0.000000,0.000000,0.000000,0.000000,0.000000
16.467345,-0.041800,0.000000,0.000000,0.000000,0.000000,0.000000
16.471345,-0.041800,0.000000,0.000000,0.000000,0.000000,0.000000
16.475345,-0.041800,0.000000,0.000000,0.000000,0.000000,0.000000
16.479345,-0.041800,0.000000,0.000000,0.000000,0.000000,0.000000
16.483345,-0.041800,0.000000,0.000000,0.000000,0.000000,0.000000
16.487345,-0.041800,0.000000,0.000000,0.000000,0.000000,0.000000
16.491345,-0.043200,0.000000,0.000000,0.000000,0.000000,0.000000
16.495345,-0.043200,0.000000,0.000000,0.000000,0.000000,0.000000
16.499345,-0.043200,0.000000,0.000000,0.000000,0.000000,0.000000
16.503345,-0.043200,0.000000,0.000000,0.000000,0.000000,0.000000
16.507345,-0.043200,0.000000,0.000000,0.000000,0.000000,0.000000
16.511345,-0.043200,0.000000,0.000000,0.000000,0.000000,0.000000
16.515345,-0.043200,0.000000,0.000000,0.000000,0.000000,0.000000
16.519345,-0.043200,0.000000,0.000000,0.000000,0.000000,0.000000
16.523345,-0.044600,0.000000,0.000000,0.000000,0.000000,0.000000
16.527345,-0.044600,0.000000,0.000000,0.000000,0.000000,0.000000
16.531345,-0.044600,0.000000,0.000000,0.000000,0.000000,0.000000
16.535345,-0.044600,0.000000,0.000000,0.000000,0.000000,0.000000
16.539345,-0.044600,0.000000,0.000000,0.000000,0.000000,0.000000
16.543345,-0.044600,0.000000,0.000000,0.000000,0.000000,0.000000
16.547345,-0.044600,0.000000,0.000000,0.000000,0.000000,0.000000
16.551345,-0.046000,0.000000,0.000000,0.000000,0.000000,0.000000
16.555345,-0.046000,0.000000,0.000000,0.000000,0.000000,0.000000
16.559345,-0.046000,0.000000,0.000000,0.000000,0.000000,0.000000
16.563345,-0.046000,0.000000,0.000000,0.000000,0.000000,0.000000
16.567345,-0.046000,0.000000,0.000000,0.000000,0.000000,0.000000
16.571345,-0.046000,0.000000,0.000000,0.000000,0.000000,0.000000
16.575345,-0.047600,0.000000,0.000000,0.000000,0.000000,0.000000
16.579345,-0.047600,0.000000,0.000000,0.000000,0.000000,0.000000
16.583345,-0.047600,0.000000,0.000000,0.000000,0.000000,0.000000
16.587345,-0.047600,0.000000,0.000000,0.000000,0.000000,0.000000
16.591345,-0.047600,0.000000,0.000000,0.000000,0.000000,0.000000
16.595345,-0.047600,0.000000,0.000000,0.000000,0.000000,0.000000
16.599345,-0.047600,0.000000,0.000000,0.000000,0.000000,0.000000
16.603345,-0.047600,0.000000,0.000000,0.000000,0.000000,0.000000
16.607345,-0.047600,0.000000,0.000000,0.000000,0.000000,0.000000
16.611345,-0.049200,0.000000,0.000000,0.000000,0.000000,0.000000
16.615345,-0.049200,0.000000,0.000000,0.000000,0.000000,0.000000
16.619345,-0.049200,0.000000,0.000000,0.000000,0.000000,0.000000
16.623345,-0.049200,0.000000,0.000000,0.000000,0.000000,0.000000
16.627345,-0.049200,0.000000,0.000000,0.000000,0.000000,0.000000
16.631345,-0.049200,0.000000,0.000000,0.000000,0.000000,0.000000
16.635345,-0.049200,0.000000,0.000000,0.000000,0.000000,0.000000
16.639345,-0.049200,0.000000,0.000000,0.000000,0.000000,0.000000
16.643345,-0.050200,0.000000,0.000000,0.000000,0.000000,0.000000
16.647345,-0.050200,0.000000,0.000000,0.000000,0.000000,0.000000
16.651345,-0.050200,0.000000,0.000000,0.000000,0.000000,0.000000
16.655345,-0.050200,0.000000,0.000000,0.000000,0.000000,0.000000
16.659345,-0.051800,0.000000,0.000000,0.000000,0.000000,0.000000
16.663345,-0.051800,0.000000,0.000000,0.000000,0.000000,0.000000
16.667345,-0.051800,0.000000,0.000000,0.000000,0.000000,0.000000
16.671345,-0.051800,0.000000,0.000000,0.000000,0.000000,0.000000
16.675345,-0.051800,0.000000,0.000000,0.000000,0.000000,0.000000
16.679345,-0.051800,0.000000,0.000000,0.000000,0.000000,0.000000
16.683345,-0.051800,0.000000,0.000000,0.000000,0.000000,0.000000
16.687345,-0.051800,0.000000,0.000000,0.000000,0.000000,0.000000
16.691345,-0.051800,0.000000,0.000000,0.000000,0.000000,0.000000
16.695345,-0.053000,0.000000,0.000000,0.000000,0.000000,0.000000
16.699345,-0.053000,0.000000,0.000000,0.000000,0.000000,0.000000
16.703345,-0.053000,0.000000,0.000000,0.000000,0.000000,0.000000
16.707345,-0.053000,0.000000,0.000000,0.000000,0.000000,0.000000
16.711345,-0.053000,0.000000,0.000000,0.000000,0.000000,0.000000
16.715345,-0.053000,0.000000,0.000000,0.000000,0.000000,0.000000
16.719345,-0.054200,0.000000,0.000000,0.000000,0.000000,0.000000
16.723345,-0.054200,0.000000,0.000000,0.000000,0.000000,0.000000
16.727345,-0.054200,0.000000,0.000000,0.000000,0.000000,0.000000
16.731345,-0.054200,0.000000,0.000000,0.000000,0.000000,0.000000
16.735345,-0.054200,0.000000,0.000000,0.000000,0.000000,0.000000
16.739345,-0.054200,0.000000,0.000000,0.000000,0.000000,0.000000
16.743345,-0.055800,0.000000,0.000000,0.000000,0.000000,0.000000
16.747345,-0.055800,0.000000,0.000000,0.000000,0.000000,0.000000
16.751345,-0.055800,0.000000,0.000000,0.000000,0.000000,0.000000
16.755345,-0.055800,0.000000,0.000000,0.000000,0.000000,0.000000
16.759345,-0.055800,0.000000,0.000000,0.000000,0.000000,0.000000
16.763345,-0.055800,0.000000,0.000000,0.000000,0.000000,0.000000
16.767345,-0.055800,0.000000,0.000000,0.000000,0.000000,0.000000
16.771345,-0.055800,0.000000,0.000000,0.000000,0.000000,0.000000
16.775345,-0.057400,0.000000,0.000000,0.000000,0.000000,0.000000
16.779345,-0.057400,0.000000,0.000000,0.000000,0.000000,0.000000
16.783345,-0.057400,0.000000,0.000000,0.000000,0.000000,0.000000
16.787345,-0.057400,0.000000,0.000000,0.000000,0.000000,0.000000
16.791345,-0.057400,0.000000,0.000000,0.000000,0.000000,0.000000
16.795345,-0.057400,0.000000,0.000000,0.000000,0.000000,0.000000
16.799345,-0.057400,0.000000,0.000000,0.000000,0.000000,0.000000
16.803345,-0.058800,0.000000,0.000000,0.000000,0.000000,0.000000
16.807345,-0.058800,0.000000,0.000000,0.000000,0.000000,0.000000
16.811345,-0.058800,0.000000,0.000000,0.000000,0.000000,0.000000
16.815345,-0.058800,0.000000,0.000000,0.000000,0.000000,0.000000
16.819345,-0.058800,0.000000,0.000000,0.000000,0.000000,0.000000
16.823345,-0.058800,0.000000,0.000000,0.000000,0.000000,0.000000
16.827345,-0.058800,0.000000,0.000000,0.000000,0.000000,0.000000
16.831345,-0.058800,0.000000,0.000000,0.000000,0.000000,0.000000
16.835345,-0.060400,0.000000,0.000000,0.000000,0.000000,0.000000
16.839345,-0.060400,0.000000,0.000000,0.000000,0.000000,0.000000
16.843345,-0.060400,0.000000,0.000000,0.000000,0.000000,0.000000
16.847345,-0.060400,0.000000,0.000000,0.000000,0.000000,0.000000
16.851345,-0.060400,0.000000,0.000000,0.000000,0.000000,0.000000
16.855345,-0.060400,0.000000,0.000000,0.000000,0.000000,0.000000
16.859345,-0.060400,0.000000,0.000000,0.000000,0.000000,0.000000
16.863345,-0.060400,0.000000,0.000000,0.000000,0.000000,0.000000
16.867345,-0.061600,0.000000,0.000000,0.000000,0.000000,0.000000
16.871345,-0.061600,0.000000,0.000000,0.000000,0.000000,0.000000
16.875345,-0.061600,0.000000,0.000000,0.000000,0.000000,0.000000
16.879345,-0.061600,0.000000,0.000000,0.000000,0.000000,0.000000
16.883345,-0.061600,0.000000,0.000000,0.000000,0.000000,0.000000
16.887345,-0.061600,0.000000,0.000000,0.000000,0.000000,0.000000
16.891345,-0.063000,0.000000,0.000000,0.000000,0.000000,0.000000
16.895345,-0.063000,0.000000,0.000000,0.000000,0.000000,0.000000
16.899345,-0.063000,0.000000,0.000000,0.000000,0.000000,0.000000
16.903345,-0.063000,0.000000,0.000000,0.000000,0.000000,0.000000
16.907345,-0.063000,0.000000,0.000000,0.000000,0.000000,0.000000
16.911345,-0.063000,0.000000,0.000000,0.000000,0.000000,0.000000
16.915345,-0.064600,0.000000,0.000000,0.000000,0.000000,0.000000
16.919345,-0.064600,0.000000,0.000000,0.000000,0.000000,0.000000
16.923345,-0.064600,0.000000,0.000000,0.000000,0.000000,0.000000
16.927345,-0.064600,0.000000,0.000000,0.000000,0.000000,0.000000
16.931345,-0.064600,0.000000,0.000000,0.000000,0.000000,0.000000
16.935345,-0.064600,0.000000,0.000000,0.000000,0.000000,0.000000
16.939345,-0.064600,0.000000,0.000000,0.000000,0.000000,0.000000
16.943345,-0.064600,0.000000,0.000000,0.000000,0.000000,0.000000
16.947345,-0.064600,0.000000,0.000000,0.000000,0.000000,0.000000
16.951345,-0.066000,0.000000,0.000000,0.000000,0.000000,0.000000
16.955345,-0.066000,0.000000,0.000000,0.000000,0.000000,0.000000
16.959345,-0.066000,0.000000,0.000000,0.000000,0.000000,0.000000
16.963345,-0.066000,0.000000,0.000000,0.000000,0.000000,0.000000
16.967345,-0.066000,0.000000,0.000000,0.000000,0.000000,0.000000
16.971345,-0.066000,0.000000,0.000000,0.000000,0.000000,0.000000
16.975345,-0.067600,0.000000,0.000000,0.000000,0.000000,0.000000
16.979345,-0.067600,0.000000,0.000000,0.000000,0.000000,0.000000
16.983345,-0.067600,0.000000,0.000000,0.000000,0.000000,0.000000
16.987345,-0.067600,0.000000,0.000000,0.000000,0.000000,0.000000
16.991345,-0.067600,0.000000,0.000000,0.000000,0.000000,0.000000
16.995345,-0.067600,0.000000,0.000000,0.000000,0.000000,0.000000
16.999345,-0.067600,0.000000,0.000000,0.000000,0.000000,0.000000
17.003345,-0.067600,0.000000,0.000000,0.000000,0.000000,0.000000
17.007345,-0.067600,0.000000,0.000000,0.000000,0.000000,0.000000
17.011345,-0.069000,0.000000,0.000000,0.000000,0.000000,0.000000
17.015345,-0.069000,0.000000,0.000000,0.000000,0.000000,0.000000
17.019345,-0.069000,0.000000,0.000000,0.000000,0.000000,0.000000
17.023345,-0.069000,0.000000,0.000000,0.000000,0.000000,0.000000
17.027345,-0.069000,0.000000,0.000000,0.000000,0.000000,0.000000
17.031345,-0.069000,0.000000,0.000000,0.000000,0.000000,0.000000
17.035345,-0.069000,0.000000,0.000000,0.000000,0.000000,0.000000
17.039345,-0.070400,0.000000,0.000000,0.000000,0.000000,0.000000
17.043345,-0.070400,0.000000,0.000000,0.000000,0.000000,0.000000
17.047345,-0.070400,0.000000,0.000000,0.000000,0.000000,0.000000
17.051345,-0.070400,0.000000,0.000000,0.000000,0.000000,0.000000
17.055345,-0.070400,0.000000,0.000000,0.000000,0.000000,0.000000
17.059345,-0.070400,0.000000,0.000000,0.000000,0.000000,0.000000
17.063345,-0.070400,0.000000,0.000000,0.000000,0.000000,0.000000
17.067345,-0.071800,0.000000,0.000000,0.000000,0.000000,0.000000
17.071345,-0.071800,0.000000,0.000000,0.000000,0.000000,0.000000
17.075345,-0.071800,0.000000,0.000000,0.000000,0.000000,0.000000
17.079345,-0.071800,0.000000,0.000000,0.000000,0.000000,0.000000
17.083345,-0.071800,0.000000,0.000000,0.000000,0.000000,0.000000
17.087345,-0.071800,0.000000,0.000000,0.000000,0.000000,0.000000
17.091345,-0.073400,0.000000,0.000000,0.000000,0.000000,0.000000
17.095345,-0.073400,0.000000,0.000000,0.000000,0.000000,0.000000
17.099345,-0.073400,0.000000,0.000000,0.000000,0.000000,0.000000
17.103345,-0.073400,0.000000,0.000000,0.000000,0.000000,0.000000
17.107345,-0.073400,0.000000,0.000000,0.000000,0.000000,0.000000
17.111345,-0.073400,0.000000,0.000000,0.000000,0.000000,0.000000
17.115345,-0.073400,0.000000,0.000000,0.000000,0.000000,0.000000
17.119345,-0.073400,0.000000,0.000000,0.000000,0.000000,0.000000
17.123345,-0.075000,0.000000,0.000000,0.000000,0.000000,0.000000
17.127345,-0.075000,0.000000,0.000000,0.000000,0.000000,0.000000
17.131345,-0.075000,0.000000,0.000000,0.000000,0.000000,0.000000
17.135345,-0.075000,0.000000,0.000000,0.000000,0.000000,0.000000
17.139345,-0.075000,0.000000,0.000000,0.000000,0.000000,0.000000
17.143345,-0.075000,0.000000,0.000000,0.000000,0.000000,0.000000
17.147345,-0.075000,0.000000,0.000000,0.000000,0.000000,0.000000
17.151345,-0.075000,0.000000,0.000000,0.000000,0.000000,0.000000
17.155345,-0.076400,0.000000,0.000000,0.000000,0.000000,0.000000
17.159345,-0.076400,0.000000,0.000000,0.000000,0.000000,0.000000
17.163345,-0.076400,0.000000,0.000000,0.000000,0.000000,0.000000
17.167345,-0.076400,0.000000,0.000000,0.000000,0.000000,0.000000
17.171345,-0.076400,0.000000,0.000000,0.000000,0.000000,0.000000
17.175345,-0.076400,0.000000,0.000000,0.000000,0.000000,0.000000
17.179345,-0.076400,0.000000,0.000000,0.000000,0.000000,0.000000
17.183345,-0.077800,0.000000,0.000000,0.000000,0.000000,0.000000
17.187345,-0.077800,0.000000,0.000000,0.000000,0.000000,0.000000
17.191345,-0.077800,0.000000,0.000000,0.000000,0.000000,0.000000
17.195345,-0.077800,0.000000,0.000000,0.000000,0.000000,0.000000
17.199345,-0.077800,0.000000,0.000000,0.000000,0.000000,0.000000
17.203345,-0.077800,0.000000,0.000000,0.000000,0.000000,0.000000
17.207345,-0.077800,0.000000,0.000000,0.000000,0.000000,0.000000
17.211345,-0.079400,0.000000,0.000000,0.000000,0.000000,0.000000
17.215345,-0.079400,0.000000,0.000000,0.000000,0.000000,0.000000
17.219345,-0.079400,0.000000,0.000000,0.000000,0.000000,0.000000
17.223345,-0.079400,0.000000,0.000000,0.000000,0.000000,0.000000
17.227345,-0.079400,0.000000,0.000000,0.000000,0.000000,0.000000
17.231345,-0.079400,0.000000,0.000000,0.000000,0.000000,0.000000
17.235345,-0.079400,0.000000,0.000000,0.000000,0.000000,0.000000
17.239345,-0.079400,0.000000,0.000000,0.000000,0.000000,0.000000
17.243345,-0.079400,0.000000,0.000000,0.000000,0.000000,0.000000
17.247345,-0.080800,0.000000,0.000000,0.000000,0.000000,0.000000
17.251345,-0.080800,0.000000,0.000000,0.000000,0.000000,0.000000
17.255345,-0.080800,0.000000,0.000000,0.000000,0.000000,0.000000
17.259345,-0.080800,0.000000,0.000000,0.000000,0.000000,0.000000
17.263345,-0.080800,0.000000,0.000000,0.000000,0.000000,0.000000
17.267345,-0.080800,0.000000,0.000000,0.000000,0.000000,0.000000
17.271345,-0.082000,0.000000,0.000000,0.000000,0.000000,0.000000
17.275345,-0.082000,0.000000,0.000000,0.000000,0.000000,0.000000
17.279345,-0.082000,0.000000,0.000000,0.000000,0.000000,0.000000
17.283345,-0.082000,0.000000,0.000000,0.000000,0.000000,0.000000
17.287345,-0.082000,0.000000,0.000000,0.000000,0.000000,0.000000
17.291345,-0.082000,0.000000,0.000000,0.000000,0.000000,0.000000
17.295345,-0.082000,0.000000,0.000000,0.000000,0.000000,0.000000
17.299345,-0.083400,0.000000,0.000000,0.000000,0.000000,0.000000
17.303345,-0.083400,0.000000,0.000000,0.000000,0.000000,0.000000
17.307345,-0.083400,0.000000,0.000000,0.000000,0.000000,0.000000
17.311345,-0.083400,0.000000,0.000000,0.000000,0.000000,0.000000
17.315345,-0.083400,0.000000,0.000000,0.000000,0.000000,0.000000
17.319345,-0.083400,0.000000,0.000000,0.000000,0.000000,0.000000
17.323345,-0.084800,0.000000,0.000000,0.000000,0.000000,0.000000
17.327345,-0.084800,0.000000,0.000000,0.000000,0.000000,0.000000
17.331345,-0.084800,0.000000,0.000000,0.000000,0.000000,0.000000
17.335345,-0.084800,0.000000,0.000000,0.000000,0.000000,0.000000
17.339345,-0.084800,0.000000,0.000000,0.000000,0.000000,0.000000
17.343345,-0.084800,0.000000,0.000000,0.000000,0.000000,0.000000
17.347345,-0.084800,0.000000,0.000000,0.000000,0.000000,0.000000
17.351345,-0.086400,0.000000,0.000000,0.000000,0.000000,0.000000
17.355345,-0.086400,0.000000,0.000000,0.000000,0.000000,0.000000
17.359345,-0.086400,0.000000,0.000000,0.000000,0.000000,0.000000
17.363345,-0.086400,0.000000,0.000000,0.000000,0.000000,0.000000
17.367345,-0.086400,0.000000,0.000000,0.000000,0.000000,0.000000
17.371345,-0.086400,0.000000,0.000000,0.000000,0.000000,0.000000
17.375345,-0.086400,0.000000,0.000000,0.000000,0.000000,0.000000
17.379345,-0.086400,0.000000,0.000000,0.000000,0.000000,0.000000
17.383345,-0.087600,0.000000,0.000000,0.000000,0.000000,0.000000
17.387345,-0.087600,0.000000,0.000000,0.000000,0.000000,0.000000
17.391345,-0.087600,0.000000,0.000000,0.000000,0.000000,0.000000
17.395345,-0.087600,0.000000,0.000000,0.000000,0.000000,0.000000
17.399345,-0.087600,0.000000,0.000000,0.000000,0.000000,0.000000
17.403345,-0.087600,0.000000,0.000000,0.000000,0.000000,0.000000
17.407345,-0.087600,0.000000,0.000000,0.000000,0.000000,0.000000
17.411345,-0.089000,0.000000,0.000000,0.000000,0.000000,0.000000
17.415345,-0.089000,0.000000,0.000000,0.000000,0.000000,0.000000
17.419345,-0.089000,0.000000,0.000000,0.000000,0.000000,0.000000
17.423345,-0.089000,0.000000,0.000000,0.000000,0.000000,0.000000
17.427345,-0.089000,0.000000,0.000000,0.000000,0.000000,0.000000
17.431345,-0.089000,0.000000,0.000000,0.000000,0.000000,0.000000
17.435345,-0.089000,0.000000,0.000000,0.000000,0.000000,0.000000
17.439345,-0.090600,0.000000,0.000000,0.000000,0.000000,0.000000
17.443345,-0.090600,0.000000,0.000000,0.000000,0.000000,0.000000
17.447345,-0.090600,0.000000,0.000000,0.000000,0.000000,0.000000
17.451345,-0.090600,0.000000,0.000000,0.000000,0.000000,0.000000
17.455345,-0.090600,0.000000,0.000000,0.000000,0.000000,0.000000
17.459345,-0.090600,0.000000,0.000000,0.000000,0.000000,0.000000
17.463345,-0.090600,0.000000,0.000000,0.000000,0.000000,0.000000
17.467345,-0.090600,0.000000,0.000000,0.000000,0.000000,0.000000
17.471345,-0.092000,0.000000,0.000000,0.000000,0.000000,0.000000
17.475345,-0.092000,0.000000,0.000000,0.000000,0.000000,0.000000
17.479345,-0.092000,0.000000,0.000000,0.000000,0.000000,0.000000
17.483345,-0.092000,0.000000,0.000000,0.000000,0.000000,0.000000
17.487345,-0.092000,0.000000,0.000000,0.000000,0.000000,0.000000
17.491345,-0.092000,0.000000,0.000000,0.000000,0.000000,0.000000
17.495345,-0.092000,0.000000,0.000000,0.000000,0.000000,0.000000
17.499345,-0.093600,0.000000,0.000000,0.000000,0.000000,0.000000
17.503345,-0.093600,0.000000,0.000000,0.000000,0.000000,0.000000
17.507345,-0.093600,0.000000,0.000000,0.000000,0.000000,0.000000
17.511345,-0.093600,0.000000,0.000000,0.000000,0.000000,0.000000
17.515345,-0.093600,0.000000,0.000000,0.000000,0.000000,0.000000
17.519345,-0.093600,0.000000,0.000000,0.000000,0.000000,0.000000
17.523345,-0.093600,0.000000,0.000000,0.000000,0.000000,0.000000
17.527345,-0.093600,0.000000,0.000000,0.000000,0.000000,0.000000
17.531345,-0.095200,0.000000,0.000000,0.000000,0.000000,0.000000
17.535345,-0.095200,0.000000,0.000000,0.000000,0.000000,0.000000
17.539345,-0.095200,0.000000,0.000000,0.000000,0.000000,0.000000
17.543345,-0.095200,0.000000,0.000000,0.000000,0.000000,0.000000
17.547345,-0.095200,0.000000,0.000000,0.000000,0.000000,0.000000
17.551345,-0.095200,0.000000,0.000000,0.000000,0.000000,0.000000
17.555345,-0.095200,0.000000,0.000000,0.000000,0.000000,0.000000
17.559345,-0.095200,0.000000,0.000000,0.000000,0.000000,0.000000
17.563345,-0.096600,0.000000,0.000000,0.000000,0.000000,0.000000
17.567345,-0.096600,0.000000,0.000000,0.000000,0.000000,0.000000
17.571345,-0.096600,0.000000,0.000000,0.000000,0.000000,0.000000
17.575345,-0.096600,0.000000,0.000000,0.000000,0.000000,0.000000
17.579345,-0.096600,0.000000,0.000000,0.000000,0.000000,0.000000
17.583345,-0.096600,0.000000,0.000000,0.000000,0.000000,0.000000
17.587345,-0.098000,0.000000,0.000000,0.000000,0.000000,0.000000
17.591345,-0.098000,0.000000,0.000000,0.000000,0.000000,0.000000
17.595345,-0.098000,0.000000,0.000000,0.000000,0.000000,0.000000
17.599345,-0.098000,0.000000,0.000000,0.000000,0.000000,0.000000
17.603345,-0.098000,0.000000,0.000000,0.000000,0.000000,0.000000
17.607345,-0.098000,0.000000,0.000000,0.000000,0.000000,0.000000
17.611345,-0.098000,0.000000,0.000000,0.000000,0.000000,0.000000
17.615345,-0.099400,0.000000,0.000000,0.000000,0.000000,0.000000
17.619345,-0.099400,0.000000,0.000000,0.000000,0.000000,0.000000
17.623345,-0.099400,0.000000,0.000000,0.000000,0.000000,0.000000
17.627345,-0.099400,0.000000,0.000000,0.000000,0.000000,0.000000
17.631345,-0.099400,0.000000,0.000000,0.000000,0.000000,0.000000
17.635345,-0.099400,0.000000,0.000000,0.000000,0.000000,0.000000
17.639345,-0.099400,0.000000,0.000000,0.000000,0.000000,0.000000
17.643345,-0.099200,0.000000,0.000000,0.000000,0.000000,0.000000
17.647345,-0.099200,0.000000,0.000000,0.000000,0.000000,0.000000
17.651345,-0.099200,0.000000,0.000000,0.000000,0.000000,0.000000
17.655345,-0.099200,0.000000,0.000000,0.000000,0.000000,0.000000
17.659345,-0.099200,0.000000,0.000000,0.000000,0.000000,0.000000
17.663345,-0.099200,0.000000,0.000000,0.000000,0.000000,0.000000
17.667345,-0.099200,0.000000,0.000000,0.000000,0.000000,0.000000
17.671345,-0.099200,0.000000,0.000000,0.000000,0.000000,0.000000
17.675345,-0.097600,0.000000,0.000000,0.000000,0.000000,0.000000
17.679345,-0.097600,0.000000,0.000000,0.000000,0.000000,0.000000
17.683345,-0.097600,0.000000,0.000000,0.000000,0.000000,0.000000
17.687345,-0.097600,0.000000,0.000000,0.000000,0.000000,0.000000
17.691345,-0.097600,0.000000,0.000000,0.000000,0.000000,0.000000
17.695345,-0.097600,0.000000,0.000000,0.000000,0.000000,0.000000
17.699345,-0.097600,0.000000,0.000000,0.000000,0.000000,0.000000
17.703345,-0.097600,0.000000,0.000000,0.000000,0.000000,0.000000
17.707345,-0.096400,0.000000,0.000000,0.000000,0.000000,0.000000
17.711345,-0.096400,0.000000,0.000000,0.000000,0.000000,0.000000
17.715345,-0.096400,0.000000,0.000000,0.000000,0.000000,0.000000
17.719345,-0.096400,0.000000,0.000000,0.000000,0.000000,0.000000
17.723345,-0.096400,0.000000,0.000000,0.000000,0.000000,0.000000
17.727345,-0.096400,0.000000,0.000000,0.000000,0.000000,0.000000
17.731345,-0.095000,0.000000,0.000000,0.000000,0.000000,0.000000
17.735345,-0.095000,0.000000,0.000000,0.000000,0.000000,0.000000
17.739345,-0.095000,0.000000,0.000000,0.000000,0.000000,0.000000
17.743345,-0.095000,0.000000,0.000000,0.000000,0.000000,0.000000
17.747345,-0.095000,0.000000,0.000000,0.000000,0.000000,0.000000
17.751345,-0.095000,0.000000,0.000000,0.000000,0.000000,0.000000
17.755345,-0.095000,0.000000,0.000000,0.000000,0.000000,0.000000
17.759345,-0.093600,0.000000,0.000000,0.000000,0.000000,0.000000
17.763345,-0.093600,0.000000,0.000000,0.000000,0.000000,0.000000
17.767345,-0.093600,0.000000,0.000000,0.000000,0.000000,0.000000
17.771345,-0.093600,0.000000,0.000000,0.000000,0.000000,0.000000
17.775345,-0.093600,0.000000,0.000000,0.000000,0.000000,0.000000
17.779345,-0.093600,0.000000,0.000000,0.000000,0.000000,0.000000
17.783345,-0.092400,0.000000,0.000000,0.000000,0.000000,0.000000
17.787345,-0.092400,0.000000,0.000000,0.000000,0.000000,0.000000
17.791345,-0.092400,0.000000,0.000000,0.000000,0.000000,0.000000
17.795345,-0.092400,0.000000,0.000000,0.000000,0.000000,0.000000
17.799345,-0.092400,0.000000,0.000000,0.000000,0.000000,0.000000
17.803345,-0.092400,0.000000,0.000000,0.000000,0.000000,0.000000
17.807345,-0.092400,0.000000,0.000000,0.000000,0.000000,0.000000
17.811345,-0.090800,0.000000,0.000000,0.000000,0.000000,0.000000
17.815345,-0.090800,0.000000,0.000000,0.000000,0.000000,0.000000
17.819345,-0.090800,0.000000,0.000000,0.000000,0.000000,0.000000
17.823345,-0.090800,0.000000,0.000000,0.000000,0.000000,0.000000
17.827345,-0.090800,0.000000,0.000000,0.000000,0.000000,0.000000
17.831345,-0.090800,0.000000,0.000000,0.000000,0.000000,0.000000
17.835345,-0.090800,0.000000,0.000000,0.000000,0.000000,0.000000
17.839345,-0.090800,0.000000,0.000000,0.000000,0.000000,0.000000
17.843345,-0.089400,0.000000,0.000000,0.000000,0.000000,0.000000
17.847345,-0.089400,0.000000,0.000000,0.000000,0.000000,0.000000
17.851345,-0.089400,0.000000,0.000000,0.000000,0.000000,0.000000
17.855345,-0.089400,0.000000,0.000000,0.000000,0.000000,0.000000
17.859345,-0.089400,0.000000,0.000000,0.000000,0.000000,0.000000
17.863345,-0.089400,0.000000,0.000000,0.000000,0.000000,0.000000
17.867345,-0.087800,0.000000,0.000000,0.000000,0.000000,0.000000
17.871345,-0.087800,0.000000,0.000000,0.000000,0.000000,0.000000
17.875345,-0.087800,0.000000,0.000000,0.000000,0.000000,0.000000
17.879345,-0.087800,0.000000,0.000000,0.000000,0.000000,0.000000
17.883345,-0.087800,0.000000,0.000000,0.000000,0.000000,0.000000
17.887345,-0.087800,0.000000,0.000000,0.000000,0.000000,0.000000
17.891345,-0.087800,0.000000,0.000000,0.000000,0.000000,0.000000
17.895345,-0.087800,0.000000,0.000000,0.000000,0.000000,0.000000
17.899345,-0.086200,0.000000,0.000000,0.000000,0.000000,0.000000
17.903345,-0.086200,0.000000,0.000000,0.000000,0.000000,0.000000
17.907345,-0.086200,0.000000,0.000000,0.000000,0.000000,0.000000
17.911345,-0.086200,0.000000,0.000000,0.000000,0.000000,0.000000
17.915345,-0.086200,0.000000,0.000000,0.000000,0.000000,0.000000
17.919345,-0.086200,0.000000,0.000000,0.000000,0.000000,0.000000
17.923345,-0.086200,0.000000,0.000000,0.000000,0.000000,0.000000
17.927345,-0.086200,0.000000,0.000000,0.000000,0.000000,0.000000
17.931345,-0.086200,0.000000,0.000000,0.000000,0.000000,0.000000
17.935345,-0.084800,0.000000,0.000000,0.000000,0.000000,0.000000
17.939345,-0.084800,0.000000,0.000000,0.000000,0.000000,0.000000
17.943345,-0.084800,0.000000,0.000000,0.000000,0.000000,0.000000
17.947345,-0.084800,0.000000,0.000000,0.000000,0.000000,0.000000
17.951345,-0.084800,0.000000,0.000000,0.000000,0.000000,0.000000
17.955345,-0.084800,0.000000,0.000000,0.000000,0.000000,0.000000
17.959345,-0.083400,0.000000,0.000000,0.000000,0.000000,0.000000
17.963345,-0.083400,0.000000,0.000000,0.000000,0.000000,0.000000
17.967345,-0.083400,0.000000,0.000000,0.000000,0.000000,0.000000
17.971345,-0.083400,0.000000,0.000000,0.000000,0.000000,0.000000
17.975345,-0.083400,0.000000,0.000000,0.000000,0.000000,0.000000
17.979345,-0.083400,0.000000,0.000000,0.000000,0.000000,0.000000
17.983345,-0.083400,0.000000,0.000000,0.000000,0.000000,0.000000
17.987345,-0.083400,0.000000,0.000000,0.000000,0.000000,0.000000
17.991345,-0.082000,0.000000,0.000000,0.000000,0.000000,0.000000
17.995345,-0.082000,0.000000,0.000000,0.000000,0.000000,0.000000
17.999345,-0.082000,0.000000,0.000000,0.000000,0.000000,0.000000
18.003345,-0.082000,0.000000,0.000000,0.000000,0.000000,0.000000
18.007345,-0.082000,0.000000,0.000000,0.000000,0.000000,0.000000
18.011345,-0.082000,0.000000,0.000000,0.000000,0.000000,0.000000
18.015345,-0.082000,0.000000,0.000000,0.000000,0.000000,0.000000
18.019345,-0.080600,0.000000,0.000000,0.000000,0.000000,0.000000
18.023345,-0.080600,0.000000,0.000000,0.000000,0.000000,0.000000
18.027345,-0.080600,0.000000,0.000000,0.000000,0.000000,0.000000
18.031345,-0.080600,0.000000,0.000000,0.000000,0.000000,0.000000
18.035345,-0.080600,0.000000,0.000000,0.000000,0.000000,0.000000
18.039345,-0.080600,0.000000,0.000000,0.000000,0.000000,0.000000
18.043345,-0.079000,0.000000,0.000000,0.000000,0.000000,0.000000
18.047345,-0.079000,0.000000,0.000000,0.000000,0.000000,0.000000
18.051345,-0.079000,0.000000,0.000000,0.000000,0.000000,0.000000
18.055345,-0.079000,0.000000,0.000000,0.000000,0.000000,0.000000
18.059345,-0.079000,0.000000,0.000000,0.000000,0.000000,0.000000
18.063345,-0.079000,0.000000,0.000000,0.000000,0.000000,0.000000
18.067345,-0.079000,0.000000,0.000000,0.000000,0.000000,0.000000
18.071345,-0.079000,0.000000,0.000000,0.000000,0.000000,0.000000
18.075345,-0.079000,0.000000,0.000000,0.000000,0.000000,0.000000
18.079345,-0.077600,0.000000,0.000000,0.000000,0.000000,0.000000
18.083345,-0.077600,0.000000,0.000000,0.000000,0.000000,0.000000
18.087345,-0.077600,0.000000,0.000000,0.000000,0.000000,0.000000
18.091345,-0.077600,0.000000,0.000000,0.000000,0.000000,0.000000
18.095345,-0.077600,0.000000,0.000000,0.000000,0.000000,0.000000
18.099345,-0.077600,0.000000,0.000000,0.000000,0.000000,0.000000
18.103345,-0.077600,0.000000,0.000000,0.000000,0.000000,0.000000
18.107345,-0.076200,0.000000,0.000000,0.000000,0.000000,0.000000
18.111345,-0.076200,0.000000,0.000000,0.000000,0.000000,0.000000
18.115345,-0.076200,0.000000,0.000000,0.000000,0.000000,0.000000
18.119345,-0.076200,0.000000,0.000000,0.000000,0.000000,0.000000
18.123345,-0.076200,0.000000,0.000000,0.000000,0.000000,0.000000
18.127345,-0.076200,0.000000,0.000000,0.000000,0.000000,0.000000
18.131345,-0.076200,0.000000,0.000000,0.000000,0.000000,0.000000
18.135345,-0.074800,0.000000,0.000000,0.000000,0.000000,0.000000
18.139345,-0.074800,0.000000,0.000000,0.000000,0.000000,0.000000
18.143345,-0.074800,0.000000,0.000000,0.000000,0.000000,0.000000
18.147345,-0.074800,0.000000,0.000000,0.000000,0.000000,0.000000
18.151345,-0.074800,0.000000,0.000000,0.000000,0.000000,0.000000
18.155345,-0.074800,0.000000,0.000000,0.000000,0.000000,0.000000
18.159345,-0.074800,0.000000,0.000000,0.000000,0.000000,0.000000
18.163345,-0.073400,0.000000,0.000000,0.000000,0.000000,0.000000
18.167345,-0.073400,0.000000,0.000000,0.000000,0.000000,0.000000
18.171345,-0.073400,0.000000,0.000000,0.000000,0.000000,0.000000
18.175345,-0.073400,0.000000,0.000000,0.000000,0.000000,0.000000
18.179345,-0.073400,0.000000,0.000000,0.000000,0.000000,0.000000
18.183345,-0.073400,0.000000,0.000000,0.000000,0.000000,0.000000
18.187345,-0.073400,0.000000,0.000000,0.000000,0.000000,0.000000
18.191345,-0.072000,0.000000,0.000000,0.000000,0.000000,0.000000
18.195345,-0.072000,0.000000,0.000000,0.000000,0.000000,0.000000
18.199345,-0.072000,0.000000,0.000000,0.000000,0.000000,0.000000
18.203345,-0.072000,0.000000,0.000000,0.000000,0.000000,0.000000
18.207345,-0.072000,0.000000,0.000000,0.000000,0.000000,0.000000
18.211345,-0.072000,0.000000,0.000000,0.000000,0.000000,0.000000
18.215345,-0.070400,0.000000,0.000000,0.000000,0.000000,0.000000
18.219345,-0.070400,0.000000,0.000000,0.000000,0.000000,0.000000
18.223345,-0.070400,0.000000,0.000000,0.000000,0.000000,0.000000
18.227345,-0.070400,0.000000,0.000000,0.000000,0.000000,0.000000
18.231345,-0.070400,0.000000,0.000000,0.000000,0.000000,0.000000
18.235345,-0.070400,0.000000,0.000000,0.000000,0.000000,0.000000
18.239345,-0.070400,0.000000,0.000000,0.000000,0.000000,0.000000
18.243345,-0.070400,0.000000,0.000000,0.000000,0.000000,0.000000
18.247345,-0.070400,0.000000,0.000000,0.000000,0.000000,0.000000
18.251345,-0.069000,0.000000,0.000000,0.000000,0.000000,0.000000
18.255345,-0.069000,0.000000,0.000000,0.000000,0.000000,0.000000
18.259345,-0.069000,0.000000,0.000000,0.000000,0.000000,0.000000
18.263345,-0.069000,0.000000,0.000000,0.000000,0.000000,0.000000
18.267345,-0.069000,0.000000,0.000000,0.000000,0.000000,0.000000
18.271345,-0.069000,0.000000,0.000000,0.000000,0.000000,0.000000
18.275345,-0.067600,0.000000,0.000000,0.000000,0.000000,0.000000
18.279345,-0.067600,0.000000,0.000000,0.000000,0.000000,0.000000
18.283345,-0.067600,0.000000,0.000000,0.000000,0.000000,0.000000
18.287345,-0.067600,0.000000,0.000000,0.000000,0.000000,0.000000
18.291345,-0.067600,0.000000,0.000000,0.000000,0.000000,0.000000
18.295345,-0.067600,0.000000,0.000000,0.000000,0.000000,0.000000
18.299345,-0.067600,0.000000,0.000000,0.000000,0.000000,0.000000
18.303345,-0.067600,0.000000,0.000000,0.000000,0.000000,0.000000
18.307345,-0.066400,0.000000,0.000000,0.000000,0.000000,0.000000
18.311345,-0.066400,0.000000,0.000000,0.000000,0.000000,0.000000
18.315345,-0.066400,0.000000,0.000000,0.000000,0.000000,0.000000
18.319345,-0.066400,0.000000,0.000000,0.000000,0.000000,0.000000
18.323345,-0.066400,0.000000,0.000000,0.000000,0.000000,0.000000
18.327345,-0.066400,0.000000,0.000000,0.000000,0.000000,0.000000
18.331345,-0.064800,0.000000,0.000000,0.000000,0.000000,0.000000
18.335345,-0.064800,0.000000,0.000000,0.000000,0.000000,0.000000
18.339345,-0.064800,0.000000,0.000000,0.000000,0.000000,0.000000
18.343345,-0.064800,0.000000,0.000000,0.000000,0.000000,0.000000
18.347345,-0.064800,0.000000,0.000000,0.000000,0.000000,0.000000
18.351345,-0.064800,0.000000,0.000000,0.000000,0.000000,0.000000
18.355345,-0.064800,0.000000,0.000000,0.000000,0.000000,0.000000
18.359345,-0.063400,0.000000,0.000000,0.000000,0.000000,0.000000
18.363345,-0.063400,0.000000,0.000000,0.000000,0.000000,0.000000
18.367345,-0.063400,0.000000,0.000000,0.000000,0.000000,0.000000
18.371345,-0.063400,0.000000,0.000000,0.000000,0.000000,0.000000
18.375345,-0.063400,0.000000,0.000000,0.000000,0.000000,0.000000
18.379345,-0.063400,0.000000,0.000000,0.000000,0.000000,0.000000
18.383345,-0.063400,0.000000,0.000000,0.000000,0.000000,0.000000
18.387345,-0.063400,0.000000,0.000000,0.000000,0.000000,0.000000
18.391345,-0.062000,0.000000,0.000000,0.000000,0.000000,0.000000
18.395345,-0.062000,0.000000,0.000000,0.000000,0.000000,0.000000
18.399345,-0.062000,0.000000,0.000000,0.000000,0.000000,0.000000
18.403345,-0.062000,0.000000,0.000000,0.000000,0.000000,0.000000
18.407345,-0.062000,0.000000,0.000000,0.000000,0.000000,0.000000
18.411345,-0.062000,0.000000,0.000000,0.000000,0.000000,0.000000
18.415345,-0.062000,0.000000,0.000000,0.000000,0.000000,0.000000
18.419345,-0.060800,0.000000,0.000000,0.000000,0.000000,0.000000
18.423345,-0.060800,0.000000,0.000000,0.000000,0.000000,0.000000
18.427345,-0.060800,0.000000,0.000000,0.000000,0.000000,0.000000
18.431345,-0.060800,0.000000,0.000000,0.000000,0.000000,0.000000
18.435345,-0.060800,0.000000,0.000000,0.000000,0.000000,0.000000
18.439345,-0.060800,0.000000,0.000000,0.000000,0.000000,0.000000
18.443345,-0.059200,0.000000,0.000000,0.000000,0.000000,0.000000
18.447345,-0.059200,0.000000,0.000000,0.000000,0.000000,0.000000
18.451345,-0.059200,0.000000,0.000000,0.000000,0.000000,0.000000
18.455345,-0.059200,0.000000,0.000000,0.000000,0.000000,0.000000
18.459345,-0.059200,0.000000,0.000000,0.000000,0.000000,0.000000
18.463345,-0.059200,0.000000,0.000000,0.000000,0.000000,0.000000
18.467345,-0.059200,0.000000,0.000000,0.000000,0.000000,0.000000
18.471345,-0.057600,0.000000,0.000000,0.000000,0.000000,0.000000
18.475345,-0.057600,0.000000,0.000000,0.000000,0.000000,0.000000
18.479345,-0.057600,0.000000,0.000000,0.000000,0.000000,0.000000
18.483345,-0.057600,0.000000,0.000000,0.000000,0.000000,0.000000
18.487345,-0.057600,0.000000,0.000000,0.000000,0.000000,0.000000
18.491345,-0.057600,0.000000,0.000000,0.000000,0.000000,0.000000
18.495345,-0.057600,0.000000,0.000000,0.000000,0.000000,0.000000
18.499345,-0.057600,0.000000,0.000000,0.000000,0.000000,0.000000
18.503345,-0.057600,0.000000,0.000000,0.000000,0.000000,0.000000
18.507345,-0.056200,0.000000,0.000000,0.000000,0.000000,0.000000
18.511345,-0.056200,0.000000,0.000000,0.000000,0.000000,0.000000
18.515345,-0.056200,0.000000,0.000000,0.000000,0.000000,0.000000
18.519345,-0.056200,0.000000,0.000000,0.000000,0.000000,0.000000
18.523345,-0.056200,0.000000,0.000000,0.000000,0.000000,0.000000
18.527345,-0.056200,0.000000,0.000000,0.000000,0.000000,0.000000
18.531345,-0.054600,0.000000,0.000000,0.000000,0.000000,0.000000
18.535345,-0.054600,0.000000,0.000000,0.000000,0.000000,0.000000
18.539345,-0.054600,0.000000,0.000000,0.000000,0.000000,0.000000
18.543345,-0.054600,0.000000,0.000000,0.000000,0.000000,0.000000
18.547345,-0.054600,0.000000,0.000000,0.000000,0.000000,0.000000
18.551345,-0.054600,0.000000,0.000000,0.000000,0.000000,0.000000
18.555345,-0.054600,0.000000,0.000000,0.000000,0.000000,0.000000
18.559345,-0.054600,0.000000,0.000000,0.000000,0.000000,0.000000
18.563345,-0.053400,0.000000,0.000000,0.000000,0.000000,0.000000
18.567345,-0.053400,0.000000,0.000000,0.000000,0.000000,0.000000
18.571345,-0.053400,0.000000,0.000000,0.000000,0.000000,0.000000
18.575345,-0.053400,0.000000,0.000000,0.000000,0.000000,0.000000
18.579345,-0.053400,0.000000,0.000000,0.000000,0.000000,0.000000
18.583345,-0.053400,0.000000,0.000000,0.000000,0.000000,0.000000
18.587345,-0.053400,0.000000,0.000000,0.000000,0.000000,0.000000
18.591345,-0.052000,0.000000,0.000000,0.000000,0.000000,0.000000
18.595345,-0.052000,0.000000,0.000000,0.000000,0.000000,0.000000
18.599345,-0.052000,0.000000,0.000000,0.000000,0.000000,0.000000
18.603345,-0.052000,0.000000,0.000000,0.000000,0.000000,0.000000
18.607345,-0.052000,0.000000,0.000000,0.000000,0.000000,0.000000
18.611345,-0.052000,0.000000,0.000000,0.000000,0.000000,0.000000
18.615345,-0.052000,0.000000,0.000000,0.000000,0.000000,0.000000
18.619345,-0.050600,0.000000,0.000000,0.000000,0.000000,0.000000
18.623345,-0.050600,0.000000,0.000000,0.000000,0.000000,0.000000
18.627345,-0.050600,0.000000,0.000000,0.000000,0.000000,0.000000
18.631345,-0.050600,0.000000,0.000000,0.000000,0.000000,0.000000
18.635345,-0.050600,0.000000,0.000000,0.000000,0.000000,0.000000
18.639345,-0.050600,0.000000,0.000000,0.000000,0.000000,0.000000
18.643345,-0.050600,0.000000,0.000000,0.000000,0.000000,0.000000
18.647345,-0.049200,0.000000,0.000000,0.000000,0.000000,0.000000
18.651345,-0.049200,0.000000,0.000000,0.000000,0.000000,0.000000
18.655345,-0.049200,0.000000,0.000000,0.000000,0.000000,0.000000
18.659345,-0.049200,0.000000,0.000000,0.000000,0.000000,0.000000
18.663345,-0.049200,0.000000,0.000000,0.000000,0.000000,0.000000
18.667345,-0.049200,0.000000,0.000000,0.000000,0.000000,0.000000
18.671345,-0.049200,0.000000,0.000000,0.000000,0.000000,0.000000
18.675345,-0.047800,0.000000,0.000000,0.000000,0.000000,0.000000
18.679345,-0.047800,0.000000,0.000000,0.000000,0.000000,0.000000
18.683345,-0.047800,0.000000,0.000000,0.000000,0.000000,0.000000
18.687345,-0.047800,0.000000,0.000000,0.000000,0.000000,0.000000
18.691345,-0.047800,0.000000,0.000000,0.000000,0.000000,0.000000
18.695345,-0.047800,0.000000,0.000000,0.000000,0.000000,0.000000
18.699345,-0.047800,0.000000,0.000000,0.000000,0.000000,0.000000
18.703345,-0.046400,0.000000,0.000000,0.000000,0.000000,0.000000
18.707345,-0.046400,0.000000,0.000000,0.000000,0.000000,0.000000
18.711345,-0.046400,0.000000,0.000000,0.000000,0.000000,0.000000
18.715345,-0.046400,0.000000,0.000000,0.000000,0.000000,0.000000
18.719345,-0.046400,0.000000,0.000000,0.000000,0.000000,0.000000
18.723345,-0.046400,0.000000,0.000000,0.000000,0.000000,0.000000
18.727345,-0.044800,0.000000,0.000000,0.000000,0.000000,0.000000
18.731345,-0.044800,0.000000,0.000000,0.000000,0.000000,0.000000
18.735345,-0.044800,0.000000,0.000000,0.000000,0.000000,0.000000
18.739345,-0.044800,0.000000,0.000000,0.000000,0.000000,0.000000
18.743345,-0.044800,0.000000,0.000000,0.000000,0.000000,0.000000
18.747345,-0.044800,0.000000,0.000000,0.000000,0.000000,0.000000
18.751345,-0.044800,0.000000,0.000000,0.000000,0.000000,0.000000
18.755345,-0.044800,0.000000,0.000000,0.000000,0.000000,0.000000
18.759345,-0.044800,0.000000,0.000000,0.000000,0.000000,0.000000
18.763345,-0.043200,0.000000,0.000000,0.000000,0.000000,0.000000
18.767345,-0.043200,0.000000,0.000000,0.000000,0.000000,0.000000
18.771345,-0.043200,0.000000,0.000000,0.000000,0.000000,0.000000
18.775345,-0.043200,0.000000,0.000000,0.000000,0.000000,0.000000
18.779345,-0.043200,0.000000,0.000000,0.000000,0.000000,0.000000
18.783345,-0.043200,0.000000,0.000000,0.000000,0.000000,0.000000
18.787345,-0.043200,0.000000,0.000000,0.000000,0.000000,0.000000
18.791345,-0.043200,0.000000,0.000000,0.000000,0.000000,0.000000
18.795345,-0.041800,0.000000,0.000000,0.000000,0.000000,0.000000
18.799345,-0.041800,0.000000,0.000000,0.000000,0.000000,0.000000
18.803345,-0.041800,0.000000,0.000000,0.000000,0.000000,0.000000
18.807345,-0.041800,0.000000,0.000000,0.000000,0.000000,0.000000
18.811345,-0.041800,0.000000,0.000000,0.000000,0.000000,0.000000
18.815345,-0.041800,0.000000,0.000000,0.000000,0.000000,0.000000
18.819345,-0.040200,0.000000,0.000000,0.000000,0.000000,0.000000
18.823345,-0.040200,0.000000,0.000000,0.000000,0.000000,0.000000
18.827345,-0.040200,0.000000,0.000000,0.000000,0.000000,0.000000
18.831345,-0.040200,0.000000,0.000000,0.000000,0.000000,0.000000
18.835345,-0.040200,0.000000,0.000000,0.000000,0.000000,0.000000
18.839345,-0.040200,0.000000,0.000000,0.000000,0.000000,0.000000
18.843345,-0.040200,0.000000,0.000000,0.000000,0.000000,0.000000
18.847345,-0.040200,0.000000,0.000000,0.000000,0.000000,0.000000
18.851345,-0.038800,0.000000,0.000000,0.000000,0.000000,0.000000
18.855345,-0.038800,0.000000,0.000000,0.000000,0.000000,0.000000
18.859345,-0.038800,0.000000,0.000000,0.000000,0.000000,0.000000
18.863345,-0.038800,0.000000,0.000000,0.000000,0.000000,0.000000
18.867345,-0.038800,0.000000,0.000000,0.000000,0.000000,0.000000
18.871345,-0.038800,0.000000,0.000000,0.000000,0.000000,0.000000
18.875345,-0.038800,0.000000,0.000000,0.000000,0.000000,0.000000
18.879345,-0.038800,0.000000,0.000000,0.000000,0.000000,0.000000
18.883345,-0.037400,0.000000,0.000000,0.000000,0.000000,0.000000
18.887345,-0.037400,0.000000,0.000000,0.000000,0.000000,0.000000
18.891345,-0.037400,0.000000,0.000000,0.000000,0.000000,0.000000
18.895345,-0.037400,0.000000,0.000000,0.000000,0.000000,0.000000
18.899345,-0.037400,0.000000,0.000000,0.000000,0.000000,0.000000
18.903345,-0.037400,0.000000,0.000000,0.000000,0.000000,0.000000
18.907345,-0.036000,0.000000,0.000000,0.000000,0.000000,0.000000
18.911345,-0.036000,0.000000,0.000000,0.000000,0.000000,0.000000
18.915345,-0.036000,0.000000,0.000000,0.000000,0.000000,0.000000
18.919345,-0.036000,0.000000,0.000000,0.000000,0.000000,0.000000
18.923345,-0.036000,0.000000,0.000000,0.000000,0.000000,0.000000
18.927345,-0.036000,0.000000,0.000000,0.000000,0.000000,0.000000
18.931345,-0.036000,0.000000,0.000000,0.000000,0.000000,0.000000
18.935345,-0.034600,0.000000,0.000000,0.000000,0.000000,0.000000
18.939345,-0.034600,0.000000,0.000000,0.000000,0.000000,0.000000
18.943345,-0.034600,0.000000,0.000000,0.000000,0.000000,0.000000
18.947345,-0.034600,0.000000,0.000000,0.000000,0.000000,0.000000
18.951345,-0.034600,0.000000,0.000000,0.000000,0.000000,0.000000
18.955345,-0.034600,0.000000,0.000000,0.000000,0.000000,0.000000
18.959345,-0.034600,0.000000,0.000000,0.000000,0.000000,0.000000
18.963345,-0.034600,0.000000,0.000000,0.000000,0.000000,0.000000
18.967345,-0.033000,0.000000,0.000000,0.000000,0.000000,0.000000
18.971345,-0.033000,0.000000,0.000000,0.000000,0.000000,0.000000
18.975345,-0.033000,0.000000,0.000000,0.000000,0.000000,0.000000
18.979345,-0.033000,0.000000,0.000000,0.000000,0.000000,0.000000
18.983345,-0.033000,0.000000,0.000000,0.000000,0.000000,0.000000
18.987345,-0.033000,0.000000,0.000000,0.000000,0.000000,0.000000
18.991345,-0.033000,0.000000,0.000000,0.000000,0.000000,0.000000
18.995345,-0.031600,0.000000,0.000000,0.000000,0.000000,0.000000
18.999345,-0.031600,0.000000,0.000000,0.000000,0.000000,0.000000
19.003345,-0.031600,0.000000,0.000000,0.000000,0.000000,0.000000
19.007345,-0.031600,0.000000,0.000000,0.000000,0.000000,0.000000
19.011345,-0.031600,0.000000,0.000000,0.000000,0.000000,0.000000
19.015345,-0.031600,0.000000,0.000000,0.000000,0.000000,0.000000
19.019345,-0.031600,0.000000,0.000000,0.000000,0.000000,0.000000
19.023345,-0.031600,0.000000,0.000000,0.000000,0.000000,0.000000
19.027345,-0.030200,0.000000,0.000000,0.000000,0.000000,0.000000
19.031345,-0.030200,0.000000,0.000000,0.000000,0.000000,0.000000
19.035345,-0.030200,0.000000,0.000000,0.000000,0.000000,0.000000
19.039345,-0.030200,0.000000,0.000000,0.000000,0.000000,0.000000
19.043345,-0.030200,0.000000,0.000000,0.000000,0.000000,0.000000
19.047345,-0.030200,0.000000,0.000000,0.000000,0.000000,0.000000
19.051345,-0.029000,0.000000,0.000000,0.000000,0.000000,0.000000
19.055345,-0.029000,0.000000,0.000000,0.000000,0.000000,0.000000
19.059345,-0.029000,0.000000,0.000000,0.000000,0.000000,0.000000
19.063345,-0.029000,0.000000,0.000000,0.000000,0.000000,0.000000
19.067345,-0.029000,0.000000,0.000000,0.000000,0.000000,0.000000
19.071345,-0.029000,0.000000,0.000000,0.000000,0.000000,0.000000
19.075345,-0.027600,0.000000,0.000000,0.000000,0.000000,0.000000
19.079345,-0.027600,0.000000,0.000000,0.000000,0.000000,0.000000
19.083345,-0.027600,0.000000,0.000000,0.000000,0.000000,0.000000
19.087345,-0.027600,0.000000,0.000000,0.000000,0.000000,0.000000
19.091345,-0.027600,0.000000,0.000000,0.000000,0.000000,0.000000
19.095345,-0.027600,0.000000,0.000000,0.000000,0.000000,0.000000
19.099345,-0.027600,0.000000,0.000000,0.000000,0.000000,0.000000
19.103345,-0.026000,0.000000,0.000000,0.000000,0.000000,0.000000
19.107345,-0.026000,0.000000,0.000000,0.000000,0.000000,0.000000
19.111345,-0.026000,0.000000,0.000000,0.000000,0.000000,0.000000
19.115345,-0.026000,0.000000,0.000000,0.000000,0.000000,0.000000
19.119345,-0.026000,0.000000,0.000000,0.000000,0.000000,0.000000
19.123345,-0.026000,0.000000,0.000000,0.000000,0.000000,0.000000
19.127345,-0.026000,0.000000,0.000000,0.000000,0.000000,0.000000
19.131345,-0.026000,0.000000,0.000000,0.000000,0.000000,0.000000
19.135345,-0.026000,0.000000,0.000000,0.000000,0.000000,0.000000
19.139345,-0.024400,0.000000,0.000000,0.000000,0.000000,0.000000
19.143345,-0.024400,0.000000,0.000000,0.000000,0.000000,0.000000
19.147345,-0.024400,0.000000,0.000000,0.000000,0.000000,0.000000
19.151345,-0.024400,0.000000,0.000000,0.000000,0.000000,0.000000
19.155345,-0.024400,0.000000,0.000000,0.000000,0.000000,0.000000
19.159345,-0.024400,0.000000,0.000000,0.000000,0.000000,0.000000
19.163345,-0.024400,0.000000,0.000000,0.000000,0.000000,0.000000
19.167345,-0.023200,0.000000,0.000000,0.000000,0.000000,0.000000
19.171345,-0.023200,0.000000,0.000000,0.000000,0.000000,0.000000
19.175345,-0.023200,0.000000,0.000000,0.000000,0.000000,0.000000
19.179345,-0.023200,0.000000,0.000000,0.000000,0.000000,0.000000
19.183345,-0.023200,0.000000,0.000000,0.000000,0.000000,0.000000
19.187345,-0.023200,0.000000,0.000000,0.000000,0.000000,0.000000
19.191345,-0.023200,0.000000,0.000000,0.000000,0.000000,0.000000
19.195345,-0.021800,0.000000,0.000000,0.000000,0.000000,0.000000
19.199345,-0.021800,0.000000,0.000000,0.000000,0.000000,0.000000
19.203345,-0.021800,0.000000,0.000000,0.000000,0.000000,0.000000
19.207345,-0.021800,0.000000,0.000000,0.000000,0.000000,0.000000
19.211345,-0.021800,0.000000,0.000000,0.000000,0.000000,0.000000
19.215345,-0.021800,0.000000,0.000000,0.000000,0.000000,0.000000
19.219345,-0.021800,0.000000,0.000000,0.000000,0.000000,0.000000
19.223345,-0.020200,0.000000,0.000000,0.000000,0.000000,0.000000
19.227345,-0.020200,0.000000,0.000000,0.000000,0.000000,0.000000
19.231345,-0.020200,0.000000,0.000000,0.000000,0.000000,0.000000
19.235345,-0.020200,0.000000,0.000000,0.000000,0.000000,0.000000
19.239345,-0.020200,0.000000,0.000000,0.000000,0.000000,0.000000
19.243345,-0.020200,0.000000,0.000000,0.000000,0.000000,0.000000
19.247345,-0.020200,0.000000,0.000000,0.000000,0.000000,0.000000
19.251345,-0.019000,0.000000,0.000000,0.000000,0.000000,0.000000
19.255345,-0.019000,0.000000,0.000000,0.000000,0.000000,0.000000
19.259345,-0.019000,0.000000,0.000000,0.000000,0.000000,0.000000
19.263345,-0.019000,0.000000,0.000000,0.000000,0.000000,0.000000
19.267345,-0.019000,0.000000,0.000000,0.000000,0.000000,0.000000
19.271345,-0.019000,0.000000,0.000000,0.000000,0.000000,0.000000
19.275345,-0.018000,0.000000,0.000000,0.000000,0.000000,0.000000
19.279345,-0.018000,0.000000,0.000000,0.000000,0.000000,0.000000
19.283345,-0.018000,0.000000,0.000000,0.000000,0.000000,0.000000
19.287345,-0.018000,0.000000,0.000000,0.000000,0.000000,0.000000
19.291345,-0.018000,0.000000,0.000000,0.000000,0.000000,0.000000
19.295345,-0.018000,0.000000,0.000000,0.000000,0.000000,0.000000
19.299345,-0.016800,0.000000,0.000000,0.000000,0.000000,0.000000
19.303345,-0.016800,0.000000,0.000000,0.000000,0.000000,0.000000
19.307345,-0.016800,0.000000,0.000000,0.000000,0.000000,0.000000
19.311345,-0.016800,0.000000,0.000000,0.000000,0.000000,0.000000
19.315345,-0.016800,0.000000,0.000000,0.000000,0.000000,0.000000
19.319345,-0.015400,0.000000,0.000000,0.000000,0.000000,0.000000
19.323345,-0.015400,0.000000,0.000000,0.000000,0.000000,0.000000
19.327345,-0.015400,0.000000,0.000000,0.000000,0.000000,0.000000
19.331345,-0.015400,0.000000,0.000000,0.000000,0.000000,0.000000
19.335345,-0.015400,0.000000,0.000000,0.000000,0.000000,0.000000
19.339345,-0.015400,0.000000,0.000000,0.000000,0.000000,0.000000
19.343345,-0.015400,0.000000,0.000000,0.000000,0.000000,0.000000
19.347345,-0.015400,0.000000,0.000000,0.000000,0.000000,0.000000
19.351345,-0.014000,0.000000,0.000000,0.000000,0.000000,0.000000
19.355345,-0.014000,0.000000,0.000000,0.000000,0.000000,0.000000
19.359345,-0.014000,0.000000,0.000000,0.000000,0.000000,0.000000
19.363345,-0.014000,0.000000,0.000000,0.000000,0.000000,0.000000
19.367345,-0.014000,0.000000,0.000000,0.000000,0.000000,0.000000
19.371345,-0.014000,0.000000,0.000000,0.000000,0.000000,0.000000
19.375345,-0.014000,0.000000,0.000000,0.000000,0.000000,0.000000
19.379345,-0.012600,0.000000,0.000000,0.000000,0.000000,0.000000
19.383345,-0.012600,0.000000,0.000000,0.000000,0.000000,0.000000
19.387345,-0.012600,0.000000,0.000000,0.000000,0.000000,0.000000
19.391345,-0.012600,0.000000,0.000000,0.000000,0.000000,0.000000
19.395345,-0.012600,0.000000,0.000000,0.000000,0.000000,0.000000
19.399345,-0.012600,0.000000,0.000000,0.000000,0.000000,0.000000
19.403345,-0.011000,0.000000,0.000000,0.000000,0.000000,0.000000
19.407345,-0.011000,0.000000,0.000000,0.000000,0.000000,0.000000
19.411345,-0.011000,0.000000,0.000000,0.000000,0.000000,0.000000
19.415345,-0.011000,0.000000,0.000000,0.000000,0.000000,0.000000
19.419345,-0.011000,0.000000,0.000000,0.000000,0.000000,0.000000
19.423345,-0.011000,0.000000,0.000000,0.000000,0.000000,0.000000
19.427345,-0.011000,0.000000,0.000000,0.000000,0.000000,0.000000
19.431345,-0.011000,0.000000,0.000000,0.000000,0.000000,0.000000
19.435345,-0.011000,0.000000,0.000000,0.000000,0.000000,0.000000
19.439345,-0.009600,0.000000,0.000000,0.000000,0.000000,0.000000
19.443345,-0.009600,0.000000,0.000000,0.000000,0.000000,0.000000
19.447345,-0.009600,0.000000,0.000000,0.000000,0.000000,0.000000
19.451345,-0.009600,0.000000,0.000000,0.000000,0.000000,0.000000
19.455345,-0.009600,0.000000,0.000000,0.000000,0.000000,0.000000
19.459345,-0.009600,0.000000,0.000000,0.000000,0.000000,0.000000
19.463345,-0.009600,0.000000,0.000000,0.000000,0.000000,0.000000
19.467345,-0.008000,0.000000,0.000000,0.000000,0.000000,0.000000
19.471345,-0.008000,0.000000,0.000000,0.000000,0.000000,0.000000
19.475345,-0.008000,0.000000,0.000000,0.000000,0.000000,0.000000
19.479345,-0.008000,0.000000,0.000000,0.000000,0.000000,0.000000
19.483345,-0.008000,0.000000,0.000000,0.000000,0.000000,0.000000
19.487345,-0.008000,0.000000,0.000000,0.000000,0.000000,0.000000
19.491345,-0.008000,0.000000,0.000000,0.000000,0.000000,0.000000
19.495345,-0.006600,0.000000,0.000000,0.000000,0.000000,0.000000
19.499345,-0.006600,0.000000,0.000000,0.000000,0.000000,0.000000
19.503345,-0.006600,0.000000,0.000000,0.000000,0.000000,0.000000
19.507345,-0.006600,0.000000,0.000000,0.000000,0.000000,0.000000
19.511345,-0.006600,0.000000,0.000000,0.000000,0.000000,0.000000
19.515345,-0.006600,0.000000,0.000000,0.000000,0.000000,0.000000
19.519345,-0.006600,0.000000,0.000000,0.000000,0.000000,0.000000
19.523345,-0.005000,0.000000,0.000000,0.000000,0.000000,0.000000
19.527345,-0.005000,0.000000,0.000000,0.000000,0.000000,0.000000
19.531345,-0.005000,0.000000,0.000000,0.000000,0.000000,0.000000
19.535345,-0.005000,0.000000,0.000000,0.000000,0.000000,0.000000
19.539345,-0.005000,0.000000,0.000000,0.000000,0.000000,0.000000
19.543345,-0.005000,0.000000,0.000000,0.000000,0.000000,0.000000
19.547345,-0.005000,0.000000,0.000000,0.000000,0.000000,0.000000
19.551345,-0.005000,0.000000,0.000000,0.000000,0.000000,0.000000
19.555345,-0.003600,0.000000,0.000000,0.000000,0.000000,0.000000
19.559345,-0.003600,0.000000,0.000000,0.000000,0.000000,0.000000
19.563345,-0.003600,0.000000,0.000000,0.000000,0.000000,0.000000
19.567345,-0.003600,0.000000,0.000000,0.000000,0.000000,0.000000
19.571345,-0.003600,0.000000,0.000000,0.000000,0.000000,0.000000
19.575345,-0.003600,0.000000,0.000000,0.000000,0.000000,0.000000
19.579345,-0.003600,0.000000,0.000000,0.000000,0.000000,0.000000
19.583345,-0.003600,0.000000,0.000000,0.000000,0.000000,0.000000
19.587345,-0.002400,0.000000,0.000000,0.000000,0.000000,0.000000
19.591345,-0.002400,0.000000,0.000000,0.000000,0.000000,0.000000
19.595345,-0.002400,0.000000,0.000000,0.000000,0.000000,0.000000
19.599345,-0.002400,0.000000,0.000000,0.000000,0.000000,0.000000
19.603345,-0.002400,0.000000,0.000000,0.000000,0.000000,0.000000
19.607345,-0.002400,0.000000,0.000000,0.000000,0.000000,0.000000
19.611345,-0.000800,0.000000,0.000000,0.000000,0.000000,0.000000
19.615345,-0.000800,0.000000,0.000000,0.000000,0.000000,0.000000
19.619345,-0.000800,0.000000,0.000000,0.000000,0.000000,0.000000
19.623345,-0.000800,0.000000,0.000000,0.000000,0.000000,0.000000
19.627345,-0.000800,0.000000,0.000000,0.000000,0.000000,0.000000
19.631345,-0.000800,0.000000,0.000000,0.000000,0.000000,0.000000
19.635345,-0.000800,0.000000,0.000000,0.000000,0.000000,0.000000
19.639345,-0.000800,0.000000,0.000000,0.000000,0.000000,0.000000
19.643345,0.000000,0.000000,0.000000,0.000000,0.000000,0.000000
19.647345,0.000000,0.000000,0.000000,0.000000,0.000000,0.000000
19.651345,0.000000,0.000000,0.000000,0.000000,0.000000,0.000000
19.655345,0.000000,0.000000,0.000000,0.000000,0.000000,0.000000
19.659345,0.000000,0.000000,0.000000,0.000000,0.000000,0.000000
19.663345,0.000000,0.000000,0.000000,0.000000,0.000000,0.000000
19.667345,0.000000,0.000000,0.000000,0.000000,0.000000,0.000000
19.671345,0.000000,0.000000,0.000000,0.000000,0.000000,0.000000
19.675345,0.000000,0.000000,0.000000,0.000000,0.000000,0.000000
19.679345,0.000000,0.000000,0.000000,0.000000,0.000000,0.000000
19.683345,0.000000,0.000000,0.000000,0.000000,0.000000,0.000000
19.687345,0.000000,0.000000,0.000000,0.000000,0.000000,0.000000
19.691345,0.000000,0.000000,0.000000,0.000000,0.000000,0.000000
19.695345,0.000000,0.000000,0.000000,0.000000,0.000000,0.000000
19.699345,0.000000,0.000000,0.000000,0.000000,0.000000,0.000000
19.703345,0.000000,0.000000,0.000000,0.000000,0.000000,0.000000
19.707345,0.000000,0.000000,0.000000,0.000000,0.000000,0.000000
19.711345,0.000000,0.000000,0.000000,0.000000,0.000000,0.000000
19.715345,0.000000,0.000000,0.000000,0.000000,0.000000,0.000000
19.719345,0.000000,0.000000,0.000000,0.000000,0.000000,0.000000
19.723345,0.000000,0.000000,0.000000,0.000000,0.000000,0.000000
19.727345,0.000000,0.000000,0.000000,0.000000,0.000000,0.000000
19.731345,0.000000,0.000000,0.000000,0.000000,0.000000,0.000000
19.735345,0.000000,0.000000,0.000000,0.000000,0.000000,0.000000
19.739345,0.000000,0.000000,0.000000,0.000000,0.000000,0.000000
19.743345,0.000000,0.000000,0.000000,0.000000,0.000000,0.000000
19.747345,0.000000,0.000000,0.000000,0.000000,0.000000,0.000000
19.751345,0.000000,0.000000,0.000000,0.000000,0.000000,0.000000
19.755345,0.000000,0.000000,0.000000,0.000000,0.000000,0.000000
19.759345,0.000000,0.000000,0.000000,0.000000,0.000000,0.000000
19.763345,0.000000,0.000000,0.000000,0.000000,0.000000,0.000000
19.767345,0.000000,0.000000,0.000000,0.000000,0.000000,0.000000
19.771345,0.000000,0.000000,0.000000,0.000000,0.000000,0.000000
19.775345,0.000000,0.000000,0.000000,0.000000,0.000000,0.000000
19.779345,0.000000,0.000000,0.000000,0.000000,0.000000,0.000000
19.783345,0.000000,0.000000,0.000000,0.000000,0.000000,0.000000
19.787345,0.000000,0.000000,0.000000,0.000000,0.000000,0.000000
19.791345,0.000000,0.000000,0.000000,0.000000,0.000000,0.000000
19.795345,0.000000,0.000000,0.000000,0.000000,0.000000,0.000000
19.799345,0.000000,0.000000,0.000000,0.000000,0.000000,0.000000
19.803345,0.000000,0.000000,0.000000,0.000000,0.000000,0.000000
19.807345,0.000000,0.000000,0.000000,0.000000,0.000000,0.000000
19.811345,0.000000,0.000000,0.000000,0.000000,0.000000,0.000000
19.815345,0.000000,0.000000,0.000000,0.000000,0.000000,0.000000
19.819345,0.000000,0.000000,0.000000,0.000000,0.000000,0.000000
19.823345,0.000000,0.000000,0.000000,0.000000,0.000000,0.000000
19.827345,0.000000,0.000000,0.000000,0.000000,0.000000,0.000000
19.831345,0.000000,0.000000,0.000000,0.000000,0.000000,0.000000
19.835345,0.000000,0.000000,0.000000,0.000000,0.000000,0.000000
19.839345,0.000000,0.000000,0.000000,0.000000,0.000000,0.000000
19.843345,0.000000,0.000000,0.000000,0.000000,0.000000,0.000000
19.847345,0.000000,0.000000,0.000000,0.000000,0.000000,0.000000
19.851345,0.000000,0.000000,0.000000,0.000000,0.000000,0.000000
19.855345,0.000000,0.000000,0.000000,0.000000,0.000000,0.000000
19.859345,0.000000,0.000000,0.000000,0.000000,0.000000,0.000000
19.863345,0.000000,0.000000,0.000000,0.000000,0.000000,0.000000
19.867345,0.000000,0.000000,0.000000,0.000000,0.000000,0.000000
19.871345,0.000000,0.000000,0.000000,0.000000,0.000000,0.000000
19.875345,0.000000,0.000000,0.000000,0.000000,0.000000,0.000000
19.879345,0.000000,0.000000,0.000000,0.000000,0.000000,0.000000
19.883345,0.000000,0.000000,0.000000,0.000000,0.000000,0.000000
19.887345,0.000000,0.000000,0.000000,0.000000,0.000000,0.000000
19.891345,0.000000,0.000000,0.000000,0.000000,0.000000,0.000000
19.895345,0.000000,0.000000,0.000000,0.000000,0.000000,0.000000
19.899345,0.000000,0.000000,0.000000,0.000000,0.000000,0.000000
19.903345,0.000000,0.000000,0.000000,0.000000,0.000000,0.000000
19.907345,0.000000,0.000000,0.000000,0.000000,0.000000,0.000000
19.911345,0.000000,0.000000,0.000000,0.000000,0.000000,0.000000
19.915345,0.000000,0.000000,0.000000,0.000000,0.000000,0.000000
19.919345,0.000000,0.000000,0.000000,0.000000,0.000000,0.000000
19.923345,0.000000,0.000000,0.000000,0.000000,0.000000,0.000000
19.927345,0.000000,0.000000,0.000000,0.000000,0.000000,0.000000
19.931345,0.000000,0.000000,0.000000,0.000000,0.000000,0.000000
19.935345,0.000000,0.000000,0.000000,0.000000,0.000000,0.000000
19.939345,0.000000,0.000000,0.000000,0.000000,0.000000,0.000000
19.943345,0.000000,0.000000,0.000000,0.000000,0.000000,0.000000
19.947345,0.000000,0.000000,0.000000,0.000000,0.000000,0.000000
19.951345,0.000000,0.000000,0.000000,0.000000,0.000000,0.000000
19.955345,0.000000,0.000000,0.000000,0.000000,0.000000,0.000000
19.959345,0.000000,0.000000,0.000000,0.000000,0.000000,0.000000
19.963345,0.000000,0.000000,0.000000,0.000000,0.000000,0.000000
19.967345,0.000000,0.000000,0.000000,0.000000,0.000000,0.000000
19.971345,0.000000,0.000000,0.000000,0.000000,0.000000,0.000000
19.975345,0.000000,0.000000,0.000000,0.000000,0.000000,0.000000
19.979345,0.000000,0.000000,0.000000,0.000000,0.000000,0.000000
19.983345,0.000000,0.000000,0.000000,0.000000,0.000000,0.000000
19.987345,0.000000,0.000000,0.000000,0.000000,0.000000,0.000000
19.991345,0.000000,0.000000,0.000000,0.000000,0.000000,0.000000
19.995345,0.000000,0.000000,0.000000,0.000000,0.000000,0.000000
19.999345,0.000000,0.000000,0.000000,0.000000,0.000000,0.000000
20.003345,0.000000,0.000000,0.000000,0.000000,0.000000,0.000000
20.007345,0.000000,0.000000,0.000000,0.000000,0.000000,0.000000
20.011345,0.000000,0.000000,0.000000,0.000000,0.000000,0.000000
20.015345,0.000000,0.000000,0.000000,0.000000,0.000000,0.000000
20.019345,0.000000,0.000000,0.000000,0.000000,0.000000,0.000000
20.023345,0.000000,0.000000,0.000000,0.000000,0.000000,0.000000
20.027345,0.000000,0.000000,0.000000,0.000000,0.000000,0.000000
20.031345,0.000000,0.000000,0.000000,0.000000,0.000000,0.000000
20.035345,0.000000,0.000000,0.000000,0.000000,0.000000,0.000000
20.039345,0.000000,0.000000,0.000000,0.000000,0.000000,0.000000
20.043345,0.000000,0.000000,0.000000,0.000000,0.000000,0.000000
20.047345,0.000000,0.000000,0.000000,0.000000,0.000000,0.000000
20.051345,0.000000,0.000000,0.000000,0.000000,0.000000,0.000000
20.055345,0.000000,0.000000,0.000000,0.000000,0.000000,0.000000
20.059345,0.000000,0.000000,0.000000,0.000000,0.000000,0.000000
20.063345,0.000000,0.000000,0.000000,0.000000,0.000000,0.000000
20.067345,0.000000,0.000000,0.000000,0.000000,0.000000,0.000000
20.071345,0.000000,0.000000,0.000000,0.000000,0.000000,0.000000
20.075345,0.000000,0.000000,0.000000,0.000000,0.000000,0.000000
20.079345,0.000000,0.000000,0.000000,0.000000,0.000000,0.000000
20.083345,0.000000,0.000000,0.000000,0.000000,0.000000,0.000000
20.087345,0.000000,0.000000,0.000000,0.000000,0.000000,0.000000
20.091345,0.000000,0.000000,0.000000,0.000000,0.000000,0.000000
20.095345,0.000000,0.000000,0.000000,0.000000,0.000000,0.000000
20.099345,0.000000,0.000000,0.000000,0.000000,0.000000,0.000000
20.103345,0.000000,0.000000,0.000000,0.000000,0.000000,0.000000
20.107345,0.000000,0.000000,0.000000,0.000000,0.000000,0.000000
20.111345,0.000000,0.000000,0.000000,0.000000,0.000000,0.000000
20.115345,0.000000,0.000000,0.000000,0.000000,0.000000,0.000000
20.119345,0.000000,0.000000,0.000000,0.000000,0.000000,0.000000
20.123345,0.000000,0.000000,0.000000,0.000000,0.000000,0.000000
20.127345,0.000000,0.000000,0.000000,0.000000,0.000000,0.000000
20.131345,0.000000,0.000000,0.000000,0.000000,0.000000,0.000000
20.135345,0.000000,0.000000,0.000000,0.000000,0.000000,0.000000
20.139345,0.000000,0.000000,0.000000,0.000000,0.000000,0.000000
20.143345,0.000000,0.000000,0.000000,0.000000,0.000000,0.000000
20.147345,0.000000,0.000000,0.000000,0.000000,0.000000,0.000000
20.151345,0.000000,0.000000,0.000000,0.000000,0.000000,0.000000
20.155345,0.000000,0.000000,0.000000,0.000000,0.000000,0.000000
20.159345,0.000000,0.000000,0.000000,0.000000,0.000000,0.000000
20.163345,0.000000,0.000000,0.000000,0.000000,0.000000,0.000000
20.167345,0.000000,0.000000,0.000000,0.000000,0.000000,0.000000
20.171345,0.000000,0.000000,0.000000,0.000000,0.000000,0.000000
20.175345,0.000000,0.000000,0.000000,0.000000,0.000000,0.000000
20.179345,0.000000,0.000000,0.000000,0.000000,0.000000,0.000000
20.183345,0.000000,0.000000,0.000000,0.000000,0.000000,0.000000
20.187345,0.000000,0.000000,0.000000,0.000000,0.000000,0.000000
20.191345,0.000000,0.000000,0.000000,0.000000,0.000000,0.000000
20.195345,0.000000,0.000000,0.000000,0.000000,0.000000,0.000000
20.199345,0.000000,0.000000,0.000000,0.000000,0.000000,0.000000
20.203345,0.000000,0.000000,0.000000,0.000000,0.000000,0.000000
20.207345,0.000000,0.000000,0.000000,0.000000,0.000000,0.000000
20.211345,0.000000,0.000000,0.000000,0.000000,0.000000,0.000000
20.215345,0.000000,0.000000,0.000000,0.000000,0.000000,0.000000
20.219345,0.000000,0.000000,0.000000,0.000000,0.000000,0.000000
20.223345,0.000000,0.000000,0.000000,0.000000,0.000000,0.000000
20.227345,0.000000,0.000000,0.000000,0.000000,0.000000,0.000000
20.231345,0.000000,0.000000,0.000000,0.000000,0.000000,0.000000
20.235345,0.000000,0.000000,0.000000,0.000000,0.000000,0.000000
20.239345,0.000000,0.000000,0.000000,0.000000,0.000000,0.000000
20.243345,0.000000,0.000000,0.000000,0.000000,0.000000,0.000000
20.247345,0.000000,0.000000,0.000000,0.000000,0.000000,0.000000
20.251345,0.000000,0.000000,0.000000,0.000000,0.000000,0.000000
20.255345,0.000000,0.000000,0.000000,0.000000,0.000000,0.000000
20.259345,0.000000,0.000000,0.000000,0.000000,0.000000,0.000000
20.263345,0.000000,0.000000,0.000000,0.000000,0.000000,0.000000
20.267345,0.000000,0.000000,0.000000,0.000000,0.000000,0.000000
20.271345,0.000000,0.000000,0.000000,0.000000,0.000000,0.000000
20.275345,0.000000,0.000000,0.000000,0.000000,0.000000,0.000000
20.279345,0.000000,0.000000,0.000000,0.000000,0.000000,0.000000
20.283345,0.000000,0.000000,0.000000,0.000000,0.000000,0.000000
20.287345,0.000000,0.000000,0.000000,0.000000,0.000000,0.000000
20.291345,0.000000,0.000000,0.000000,0.000000,0.000000,0.000000
20.295345,0.000000,0.000000,0.000000,0.000000,0.000000,0.000000
20.299345,0.000000,0.000000,0.000000,0.000000,0.000000,0.000000
20.303345,0.000000,0.000000,0.000000,0.000000,0.000000,0.000000
20.307345,0.000000,0.000000,0.000000,0.000000,0.000000,0.000000
20.311345,0.000000,0.000000,0.000000,0.000000,0.000000,0.000000
20.315345,0.000000,0.000000,0.000000,0.000000,0.000000,0.000000
20.319345,0.000000,0.000000,0.000000,0.000000,0.000000,0.000000
20.323345,0.000000,0.000000,0.000000,0.000000,0.000000,0.000000
20.327345,0.000000,0.000000,0.000000,0.000000,0.000000,0.000000
20.331345,0.000000,0.000000,0.000000,0.000000,0.000000,0.000000
20.335345,0.000000,0.000000,0.000000,0.000000,0.000000,0.000000
20.339345,0.000000,0.000000,0.000000,0.000000,0.000000,0.000000
20.343345,0.000000,0.000000,0.000000,0.000000,0.000000,0.000000
20.347345,0.000000,0.000000,0.000000,0.000000,0.000000,0.000000
20.351345,0.000000,0.000000,0.000000,0.000000,0.000000,0.000000
20.355345,0.000000,0.000000,0.000000,0.000000,0.000000,0.000000
20.359345,0.000000,0.000000,0.000000,0.000000,0.000000,0.000000
20.363345,0.000000,0.000000,0.000000,0.000000,0.000000,0.000000
20.367345,0.000000,0.000000,0.000000,0.000000,0.000000,0.000000
20.371345,0.000000,0.000000,0.000000,0.000000,0.000000,0.000000
20.375345,0.000000,0.000000,0.000000,0.000000,0.000000,0.000000
20.379345,0.000000,0.000000,0.000000,0.000000,0.000000,0.000000
20.383345,0.000000,0.000000,0.000000,0.000000,0.000000,0.000000
20.387345,0.000000,0.000000,0.000000,0.000000,0.000000,0.000000
20.391345,0.000000,0.000000,0.000000,0.000000,0.000000,0.000000
20.395345,0.000000,0.000000,0.000000,0.000000,0.000000,0.000000
20.399345,0.000000,0.000000,0.000000,0.000000,0.000000,0.000000
20.403345,0.000000,0.000000,0.000000,0.000000,0.000000,0.000000
20.407345,0.000000,0.000000,0.000000,0.000000,0.000000,0.000000
20.411345,0.000000,0.000000,0.000000,0.000000,0.000000,0.000000
20.415345,0.000000,0.000000,0.000000,0.000000,0.000000,0.000000
20.419345,0.000000,0.000000,0.000000,0.000000,0.000000,0.000000
20.423345,0.000000,0.000000,0.000000,0.000000,0.000000,0.000000
20.427345,0.000000,0.000000,0.000000,0.000000,0.000000,0.000000
20.431345,0.000000,0.000000,0.000000,0.000000,0.000000,0.000000
20.435345,0.000000,0.000000,0.000000,0.000000,0.000000,0.000000
20.439345,0.000000,0.000000,0.000000,0.000000,0.000000,0.000000
20.443345,0.000000,0.000000,0.000000,0.000000,0.000000,0.000000
20.447345,0.000000,0.000000,0.000000,0.000000,0.000000,0.000000
20.451345,0.000000,0.000000,0.000000,0.000000,0.000000,0.000000
20.455345,0.000000,0.000000,0.000000,0.000000,0.000000,0.000000
20.459345,0.000000,0.000000,0.000000,0.000000,0.000000,0.000000
20.463345,0.000000,0.000000,0.000000,0.000000,0.000000,0.000000
20.467345,0.000000,0.000000,0.000000,0.000000,0.000000,0.000000
20.471345,0.000000,0.000000,0.000000,0.000000,0.000000,0.000000
20.475345,0.000000,0.000000,0.000000,0.000000,0.000000,0.000000
20.479345,0.000000,0.000000,0.000000,0.000000,0.000000,0.000000
20.483345,0.000000,0.000000,0.000000,0.000000,0.000000,0.000000
20.487345,0.000000,0.000000,0.000000,0.000000,0.000000,0.000000
20.491345,0.000000,0.000000,0.000000,0.000000,0.000000,0.000000
20.495345,0.000000,0.000000,0.000000,0.000000,0.000000,0.000000
20.499345,0.000000,0.000000,0.000000,0.000000,0.000000,0.000000
20.503345,0.000000,0.000000,0.000000,0.000000,0.000000,0.000000
20.507345,0.000000,0.000000,0.000000,0.000000,0.000000,0.000000
20.511345,0.000000,0.000000,0.000000,0.000000,0.000000,0.000000
20.515345,0.000000,0.000000,0.000000,0.000000,0.000000,0.000000
20.519345,0.000000,0.000000,0.000000,0.000000,0.000000,0.000000
20.523345,0.000000,0.000000,0.000000,0.000000,0.000000,0.000000
20.527345,0.000000,0.000000,0.000000,0.000000,0.000000,0.000000
20.531345,0.000000,0.000000,0.000000,0.000000,0.000000,0.000000
20.535345,0.000000,0.000000,0.000000,0.000000,0.000000,0.000000
20.539345,0.000000,0.000000,0.000000,0.000000,0.000000,0.000000
20.543345,0.000000,0.000000,0.000000,0.000000,0.000000,0.000000
20.547345,0.000000,0.000000,0.000000,0.000000,0.000000,0.000000
20.551345,0.000000,0.000000,0.000000,0.000000,0.000000,0.000000
20.555345,0.000000,0.000000,0.000000,0.000000,0.000000,0.000000
20.559345,0.000000,0.000000,0.000000,0.000000,0.000000,0.000000
20.563345,0.000000,0.000000,0.000000,0.000000,0.000000,0.000000
20.567345,0.000000,0.000000,0.000000,0.000000,0.000000,0.000000
20.571345,0.000000,0.000000,0.000000,0.000000,0.000000,0.000000
20.575345,0.000000,0.000000,0.000000,0.000000,0.000000,0.000000
20.579345,0.000000,0.000000,0.000000,0.000000,0.000000,0.000000
20.583345,0.000000,0.000000,0.000000,0.000000,0.000000,0.000000
20.587345,0.000000,0.000000,0.000000,0.000000,0.000000,0.000000
20.591345,0.000000,0.000000,0.000000,0.000000,0.000000,0.000000
20.595345,0.000000,0.000000,0.000000,0.000000,0.000000,0.000000
20.599345,0.000000,0.000000,0.000000,0.000000,0.000000,0.000000
20.603345,0.000000,0.000000,0.000000,0.000000,0.000000,0.000000
20.607345,0.000000,0.000000,0.000000,0.000000,0.000000,0.000000
20.611345,0.000000,0.000000,0.000000,0.000000,0.000000,0.000000
20.615345,0.000000,0.000000,0.000000,0.000000,0.000000,0.000000
20.619345,0.000000,0.000000,0.000000,0.000000,0.000000,0.000000
20.623345,0.000000,0.000000,0.000000,0.000000,0.000000,0.000000
20.627345,0.000000,0.000000,0.000000,0.000000,0.000000,0.000000
20.631345,0.000000,0.000000,0.000000,0.000000,0.000000,0.000000
20.635345,0.000000,0.000000,0.000000,0.000000,0.000000,0.000000
20.639345,0.000000,0.000000,0.000000,0.000000,0.000000,0.000000
20.643345,0.000000,0.000000,0.000000,0.000000,0.000000,0.000000
20.647345,0.000000,0.000000,0.000000,0.000000,0.000000,0.000000
20.651345,0.000000,0.000000,0.000000,0.000000,0.000000,0.000000
20.655345,0.000000,0.000000,0.000000,0.000000,0.000000,0.000000
20.659345,0.000000,0.000000,0.000000,0.000000,0.000000,0.000000
20.663345,0.000000,0.000000,0.000000,0.000000,0.000000,0.000000
20.667345,0.000000,0.000000,0.000000,0.000000,0.000000,0.000000
20.671345,0.000000,0.000000,0.000000,0.000000,0.000000,0.000000
20.675345,0.000000,0.000000,0.000000,0.000000,0.000000,0.000000
20.679345,0.000000,0.000000,0.000000,0.000000,0.000000,0.000000
20.683345,0.000000,0.000000,0.000000,0.000000,0.000000,0.000000
20.687345,0.000000,0.000000,0.000000,0.000000,0.000000,0.000000
20.691345,0.000000,0.000000,0.000000,0.000000,0.000000,0.000000
20.695345,0.000000,0.000000,0.000000,0.000000,0.000000,0.000000
20.699345,0.000000,0.000000,0.000000,0.000000,0.000000,0.000000
20.703345,0.000000,0.000000,0.000000,0.000000,0.000000,0.000000
20.707345,0.000000,0.000000,0.000000,0.000000,0.000000,0.000000
20.711345,0.000000,0.000000,0.000000,0.000000,0.000000,0.000000
20.715345,0.000000,0.000000,0.000000,0.000000,0.000000,0.000000
20.719345,0.000000,0.000000,0.000000,0.000000,0.000000,0.000000
20.723345,0.000000,0.000000,0.000000,0.000000,0.000000,0.000000
20.727345,0.000000,0.000000,0.000000,0.000000,0.000000,0.000000
20.731345,0.000000,0.000000,0.000000,0.000000,0.000000,0.000000
20.735345,0.000000,0.000000,0.000000,0.000000,0.000000,0.000000
20.739345,0.000000,0.000000,0.000000,0.000000,0.000000,0.000000
20.743345,0.000000,0.000000,0.000000,0.000000,0.000000,0.000000
20.747345,0.000000,0.000000,0.000000,0.000000,0.000000,0.000000
20.751345,0.000000,0.000000,0.000000,0.000000,0.000000,0.000000
20.755345,0.000000,0.000000,0.000000,0.000000,0.000000,0.000000
20.759345,0.000000,0.000000,0.000000,0.000000,0.000000,0.000000
20.763345,0.000000,0.000000,0.000000,0.000000,0.000000,0.000000
20.767345,0.000000,0.000000,0.000000,0.000000,0.000000,0.000000
20.771345,0.000000,0.000000,0.000000,0.000000,0.000000,0.000000
20.775345,0.000000,0.000000,0.000000,0.000000,0.000000,0.000000
20.779345,0.000000,0.000000,0.000000,0.000000,0.000000,0.000000
20.783345,0.000000,0.000000,0.000000,0.000000,0.000000,0.000000
20.787345,0.000000,0.000000,0.000000,0.000000,0.000000,0.000000
20.791345,0.000000,0.000000,0.000000,0.000000,0.000000,0.000000
20.795345,0.000000,0.000000,0.000000,0.000000,0.000000,0.000000
20.799345,0.000000,0.000000,0.000000,0.000000,0.000000,0.000000
20.803345,0.000000,0.000000,0.000000,0.000000,0.000000,0.000000
20.807345,0.000000,0.000000,0.000000,0.000000,0.000000,0.000000
20.811345,0.000000,0.000000,0.000000,0.000000,0.000000,0.000000
20.815345,0.000000,0.000000,0.000000,0.000000,0.000000,0.000000
20.819345,0.000000,0.000000,0.000000,0.000000,0.000000,0.000000
20.823345,0.000000,0.000000,0.000000,0.000000,0.000000,0.000000
20.827345,0.000000,0.000000,0.000000,0.000000,0.000000,0.000000
20.831345,0.000000,0.000000,0.000000,0.000000,0.000000,0.000000
20.835345,0.000000,0.000000,0.000000,0.000000,0.000000,0.000000
20.839345,0.000000,0.000000,0.000000,0.000000,0.000000,0.000000
20.843345,0.000000,0.000000,0.000000,0.000000,0.000000,0.000000
20.847345,0.000000,0.000000,0.000000,0.000000,0.000000,0.000000
20.851345,0.000000,0.000000,0.000000,0.000000,0.000000,0.000000
20.855345,0.000000,0.000000,0.000000,0.000000,0.000000,0.000000
20.859345,0.000000,0.000000,0.000000,0.000000,0.000000,0.000000
20.863345,0.000000,0.000000,0.000000,0.000000,0.000000,0.000000
20.867345,0.000000,0.000000,0.000000,0.000000,0.000000,0.000000
20.871345,0.000000,0.000000,0.000000,0.000000,0.000000,0.000000
20.875345,0.000000,0.000000,0.000000,0.000000,0.000000,0.000000
20.879345,0.000000,0.000000,0.000000,0.000000,0.000000,0.000000
20.883345,0.000000,0.000000,0.000000,0.000000,0.000000,0.000000
20.887345,0.000000,0.000000,0.000000,0.000000,0.000000,0.000000
20.891345,0.000000,0.000000,0.000000,0.000000,0.000000,0.000000
20.895345,0.000000,0.000000,0.000000,0.000000,0.000000,0.000000
20.899345,0.000000,0.000000,0.000000,0.000000,0.000000,0.000000
20.903345,0.000000,0.000000,0.000000,0.000000,0.000000,0.000000
20.907345,0.000000,0.000000,0.000000,0.000000,0.000000,0.000000
20.911345,0.000000,0.000000,0.000000,0.000000,0.000000,0.000000
20.915345,0.000000,0.000000,0.000000,0.000000,0.000000,0.000000
20.919345,0.000000,0.000000,0.000000,0.000000,0.000000,0.000000
20.923345,0.000000,0.000000,0.000000,0.000000,0.000000,0.000000
20.927345,0.000000,0.000000,0.000000,0.000000,0.000000,0.000000
20.931345,0.000000,0.000000,0.000000,0.000000,0.000000,0.000000
20.935345,0.000000,0.000000,0.000000,0.000000,0.000000,0.000000
20.939345,0.000000,0.000000,0.000000,0.000000,0.000000,0.000000
20.943345,0.000000,0.000000,0.000000,0.000000,0.000000,0.000000
20.947345,0.000000,0.000000,0.000000,0.000000,0.000000,0.000000
20.951345,0.000000,0.000000,0.000000,0.000000,0.000000,0.000000
20.955345,0.000000,0.000000,0.000000,0.000000,0.000000,0.000000
20.959345,0.000000,0.000000,0.000000,0.000000,0.000000,0.000000
20.963345,0.000000,0.000000,0.000000,0.000000,0.000000,0.000000
20.967345,0.000000,0.000000,0.000000,0.000000,0.000000,0.000000
20.971345,0.000000,0.000000,0.000000,0.000000,0.000000,0.000000
20.975345,0.000000,0.000000,0.000000,0.000000,0.000000,0.000000
20.979345,0.000000,0.000000,0.000000,0.000000,0.000000,0.000000
20.983345,0.000000,0.000000,0.000000,0.000000,0.000000,0.000000
20.987345,0.000000,0.000000,0.000000,0.000000,0.000000,0.000000
20.991345,0.000000,0.000000,0.000000,0.000000,0.000000,0.000000
20.995345,0.000000,0.000000,0.000000,0.000000,0.000000,0.000000
20.999345,0.000000,0.000000,0.000000,0.000000,0.000000,0.000000
21.003345,0.000000,0.000000,0.000000,0.000000,0.000000,0.000000
21.007345,0.000000,0.000000,0.000000,0.000000,0.000000,0.000000
21.011345,0.000000,0.000000,0.000000,0.000000,0.000000,0.000000
21.015345,0.000000,0.000000,0.000000,0.000000,0.000000,0.000000
21.019345,0.000000,0.000000,0.000000,0.000000,0.000000,0.000000
21.023345,0.000000,0.000000,0.000000,0.000000,0.000000,0.000000
21.027345,0.000000,0.000000,0.000000,0.000000,0.000000,0.000000
21.031345,0.000000,0.000000,0.000000,0.000000,0.000000,0.000000
21.035345,0.000000,0.000000,0.000000,0.000000,0.000000,0.000000
21.039345,0.000000,0.000000,0.000000,0.000000,0.000000,0.000000
21.043345,0.000000,0.000000,0.000000,0.000000,0.000000,0.000000
21.047345,0.000000,0.000000,0.000000,0.000000,0.000000,0.000000
21.051345,0.000000,0.000000,0.000000,0.000000,0.000000,0.000000
21.055345,0.000000,0.000000,0.000000,0.000000,0.000000,0.000000
21.059345,0.000000,0.000000,0.000000,0.000000,0.000000,0.000000
21.063345,0.000000,0.000000,0.000000,0.000000,0.000000,0.000000
21.067345,0.000000,0.000000,0.000000,0.000000,0.000000,0.000000
21.071345,0.000000,0.000000,0.000000,0.000000,0.000000,0.000000
21.075345,0.000000,0.000000,0.000000,0.000000,0.000000,0.000000
21.079345,0.000000,0.000000,0.000000,0.000000,0.000000,0.000000
21.083345,0.000000,0.000000,0.000000,0.000000,0.000000,0.000000
21.087345,0.000000,0.000000,0.000000,0.000000,0.000000,0.000000
21.091345,0.000000,0.000000,0.000000,0.000000,0.000000,0.000000
21.095345,0.000000,0.000000,0.000000,0.000000,0.000000,0.000000
21.099345,0.000000,0.000000,0.000000,0.000000,0.000000,0.000000
21.103345,0.000000,0.000000,0.000000,0.000000,0.000000,0.000000
21.107345,0.000000,0.000000,0.000000,0.000000,0.000000,0.000000
21.111345,0.000000,0.000000,0.000000,0.000000,0.000000,0.000000
21.115345,0.000000,0.000000,0.000000,0.000000,0.000000,0.000000
21.119345,0.000000,0.000000,0.000000,0.000000,0.000000,0.000000
21.123345,0.000000,0.000000,0.000000,0.000000,0.000000,0.000000
21.127345,0.000000,0.000000,0.000000,0.000000,0.000000,0.000000
21.131345,0.000000,0.000000,0.000000,0.000000,0.000000,0.000000
21.135345,0.000000,0.000000,0.000000,0.000000,0.000000,0.000000
21.139345,0.000000,0.000000,0.000000,0.000000,0.000000,0.000000
21.143345,0.000000,0.000000,0.000000,0.000000,0.000000,0.000000
21.147345,0.000000,0.000000,0.000000,0.000000,0.000000,0.000000
21.151345,0.000000,0.000000,0.000000,0.000000,0.000000,0.000000
21.155345,0.000000,0.000000,0.000000,0.000000,0.000000,0.000000
21.159345,0.000000,0.000000,0.000000,0.000000,0.000000,0.000000
21.163345,0.000000,0.000000,0.000000,0.000000,0.000000,0.000000
21.167345,0.000000,0.000000,0.000000,0.000000,0.000000,0.000000
21.171345,0.000000,0.000000,0.000000,0.000000,0.000000,0.000000
21.175345,0.000000,0.000000,0.000000,0.000000,0.000000,0.000000
21.179345,0.000000,0.000000,0.000000,0.000000,0.000000,0.000000
21.183345,0.000000,0.000000,0.000000,0.000000,0.000000,0.000000
21.187345,0.000000,0.000000,0.000000,0.000000,0.000000,0.000000
21.191345,0.000000,0.000000,0.000000,0.000000,0.000000,0.000000
21.195345,0.000000,0.000000,0.000000,0.000000,0.000000,0.000000
21.199345,0.000000,0.000000,0.000000,0.000000,0.000000,0.000000
21.203345,0.000000,0.000000,0.000000,0.000000,0.000000,0.000000
21.207345,0.000000,0.000000,0.000000,0.000000,0.000000,0.000000
21.211345,0.000000,0.000000,0.000000,0.000000,0.000000,0.000000
21.215345,0.000000,0.000000,0.000000,0.000000,0.000000,0.000000
21.219345,0.000000,0.000000,0.000000,0.000000,0.000000,0.000000
21.223345,0.000000,0.000000,0.000000,0.000000,0.000000,0.000000
21.227345,0.000000,0.000000,0.000000,0.000000,0.000000,0.000000
21.231345,0.000000,0.000000,0.000000,0.000000,0.000000,0.000000
21.235345,0.000000,0.000000,0.000000,0.000000,0.000000,0.000000
21.239345,0.000000,0.000000,0.000000,0.000000,0.000000,0.000000
21.243345,0.000000,0.000000,0.000000,0.000000,0.000000,0.000000
21.247345,0.000000,0.000000,0.000000,0.000000,0.000000,0.000000
21.251345,0.000000,0.000000,0.000000,0.000000,0.000000,0.000000
21.255345,0.000000,0.000000,0.000000,0.000000,0.000000,0.000000
21.259345,0.000000,0.000000,0.000000,0.000000,0.000000,0.000000
21.263345,0.000000,0.000000,0.000000,0.000000,0.000000,0.000000
21.267345,0.000000,0.000000,0.000000,0.000000,0.000000,0.000000
21.271345,0.000000,0.000000,0.000000,0.000000,0.000000,0.000000
21.275345,0.000000,0.000000,0.000000,0.000000,0.000000,0.000000
21.279345,0.000000,0.000000,0.000000,0.000000,0.000000,0.000000
21.283345,0.000000,0.000000,0.000000,0.000000,0.000000,0.000000
21.287345,0.000000,0.000000,0.000000,0.000000,0.000000,0.000000
21.291345,0.000000,0.000000,0.000000,0.000000,0.000000,0.000000
21.295345,0.000000,0.000000,0.000000,0.000000,0.000000,0.000000
21.299345,0.000000,0.000000,0.000000,0.000000,0.000000,0.000000
21.303345,0.000000,0.000000,0.000000,0.000000,0.000000,0.000000
21.307345,0.000000,0.000000,0.000000,0.000000,0.000000,0.000000
21.311345,0.000000,0.000000,0.000000,0.000000,0.000000,0.000000
21.315345,0.000000,0.000000,0.000000,0.000000,0.000000,0.000000
21.319345,0.000000,0.000000,0.000000,0.000000,0.000000,0.000000
21.323345,0.000000,0.000000,0.000000,0.000000,0.000000,0.000000
21.327345,0.000000,0.000000,0.000000,0.000000,0.000000,0.000000
21.331345,0.000000,0.000000,0.000000,0.000000,0.000000,0.000000
21.335345,0.000000,0.000000,0.000000,0.000000,0.000000,0.000000
21.339345,0.000000,0.000000,0.000000,0.000000,0.000000,0.000000
21.343345,0.000000,0.000000,0.000000,0.000000,0.000000,0.000000
21.347345,0.000000,0.000000,0.000000,0.000000,0.000000,0.000000
21.351345,0.000000,0.000000,0.000000,0.000000,0.000000,0.000000
21.355345,0.000000,0.000000,0.000000,0.000000,0.000000,0.000000
21.359345,0.000000,0.000000,0.000000,0.000000,0.000000,0.000000
21.363345,0.000000,0.000000,0.000000,0.000000,0.000000,0.000000
21.367345,0.000000,0.000000,0.000000,0.000000,0.000000,0.000000
21.371345,0.000000,0.000000,0.000000,0.000000,0.000000,0.000000
21.375345,0.000000,0.000000,0.000000,0.000000,0.000000,0.000000
21.379345,0.000000,0.000000,0.000000,0.000000,0.000000,0.000000
21.383345,0.000000,0.000000,0.000000,0.000000,0.000000,0.000000
21.387345,0.000000,0.000000,0.000000,0.000000,0.000000,0.000000
21.391345,0.000000,0.000000,0.000000,0.000000,0.000000,0.000000
21.395345,0.000000,0.000000,0.000000,0.000000,0.000000,0.000000
21.399345,0.000000,0.000000,0.000000,0.000000,0.000000,0.000000
21.403345,0.000000,0.000000,0.000000,0.000000,0.000000,0.000000
21.407345,0.000000,0.000000,0.000000,0.000000,0.000000,0.000000
21.411345,0.000000,0.000000,0.000000,0.000000,0.000000,0.000000
21.415345,0.000000,0.000000,0.000000,0.000000,0.000000,0.000000
21.419345,0.000000,0.000000,0.000000,0.000000,0.000000,0.000000
21.423345,0.000000,0.000000,0.000000,0.000000,0.000000,0.000000
21.427345,0.000000,0.000000,0.000000,0.000000,0.000000,0.000000
21.431345,0.000000,0.000000,0.000000,0.000000,0.000000,0.000000
21.435345,0.000000,0.000000,0.000000,0.000000,0.000000,0.000000
21.439345,0.000000,0.000000,0.000000,0.000000,0.000000,0.000000
21.443345,0.000000,0.000000,0.000000,0.000000,0.000000,0.000000
21.447345,0.000000,0.000000,0.000000,0.000000,0.000000,0.000000
21.451345,0.000000,0.000000,0.000000,0.000000,0.000000,0.000000
21.455345,0.000000,0.000000,0.000000,0.000000,0.000000,0.000000
21.459345,0.000000,0.000000,0.000000,0.000000,0.000000,0.000000
21.463345,0.000000,0.000000,0.000000,0.000000,0.000000,0.000000
21.467345,0.000000,0.000000,0.000000,0.000000,0.000000,0.000000
21.471345,0.000000,0.000000,0.000000,0.000000,0.000000,0.000000
21.475345,0.000000,0.000000,0.000000,0.000000,0.000000,0.000000
21.479345,0.000000,0.000000,0.000000,0.000000,0.000000,0.000000
21.483345,0.000000,0.000000,0.000000,0.000000,0.000000,0.000000
21.487345,0.000000,0.000000,0.000000,0.000000,0.000000,0.000000
21.491345,0.000000,0.000000,0.000000,0.000000,0.000000,0.000000
21.495345,0.000000,0.000000,0.000000,0.000000,0.000000,0.000000
21.499345,0.000000,0.000000,0.000000,0.000000,0.000000,0.000000
21.503345,0.000000,0.000000,0.000000,0.000000,0.000000,0.000000
21.507345,0.000000,0.000000,0.000000,0.000000,0.000000,0.000000
21.511345,0.000000,0.000000,0.000000,0.000000,0.000000,0.000000
21.515345,0.000000,0.000000,0.000000,0.000000,0.000000,0.000000
21.519345,0.000000,0.000000,0.000000,0.000000,0.000000,0.000000
21.523345,0.000000,0.000000,0.000000,0.000000,0.000000,0.000000
21.527345,0.000000,0.000000,0.000000,0.000000,0.000000,0.000000
21.531345,0.000000,0.000000,0.000000,0.000000,0.000000,0.000000
21.535345,0.000000,0.000000,0.000000,0.000000,0.000000,0.000000
21.539345,0.000000,0.000000,0.000000,0.000000,0.000000,0.000000
21.543345,0.000000,0.000000,0.000000,0.000000,0.000000,0.000000
21.547345,0.000000,0.000000,0.000000,0.000000,0.000000,0.000000
21.551345,0.000000,0.000000,0.000000,0.000000,0.000000,0.000000
21.555345,0.000000,0.000000,0.000000,0.000000,0.000000,0.000000
21.559345,0.000000,0.000000,0.000000,0.000000,0.000000,0.000000
21.563345,0.000000,0.000000,0.000000,0.000000,0.000000,0.000000
21.567345,0.000000,0.000000,0.000000,0.000000,0.000000,0.000000
21.571345,0.000000,0.000000,0.000000,0.000000,0.000000,0.000000
21.575345,0.000000,0.000000,0.000000,0.000000,0.000000,0.000000
21.579345,0.000000,0.000000,0.000000,0.000000,0.000000,0.000000
21.583345,0.000000,0.000000,0.000000,0.000000,0.000000,0.000000
21.587345,0.000000,0.000000,0.000000,0.000000,0.000000,0.000000
21.591345,0.000000,0.000000,0.000000,0.000000,0.000000,0.000000
21.595345,0.000000,0.000000,0.000000,0.000000,0.000000,0.000000
21.599345,0.000000,0.000000,0.000000,0.000000,0.000000,0.000000
21.603345,0.000000,0.000000,0.000000,0.000000,0.000000,0.000000
21.607345,0.000000,0.000000,0.000000,0.000000,0.000000,0.000000
21.611345,0.000000,0.000000,0.000000,0.000000,0.000000,0.000000
21.615345,0.000000,0.000000,0.000000,0.000000,0.000000,0.000000
21.619345,0.000000,0.000000,0.000000,0.000000,0.000000,0.000000
21.623345,0.000000,0.000000,0.000000,0.000000,0.000000,0.000000
21.627345,0.000000,0.000000,0.000000,0.000000,0.000000,0.000000
21.631345,0.000000,0.000000,0.000000,0.000000,0.000000,0.000000
21.635345,0.000000,0.000000,0.000000,0.000000,0.000000,0.000000
21.639345,0.000000,0.000000,0.000000,0.000000,0.000000,0.000000
21.643345,0.000000,0.000000,0.000000,0.000000,0.000000,0.000000
21.647345,0.000000,0.000000,0.000000,0.000000,0.000000,0.000000
21.651345,0.000000,0.000000,0.000000,0.000000,0.000000,0.000000
21.655345,0.000000,0.000000,0.000000,0.000000,0.000000,0.000000
21.659345,0.000000,0.000000,0.000000,0.000000,0.000000,0.000000
21.663345,0.000000,0.000000,0.000000,0.000000,0.000000,0.000000
21.667345,0.000000,0.000000,0.000000,0.000000,0.000000,0.000000
21.671345,0.000000,0.000000,0.000000,0.000000,0.000000,0.000000
21.675345,0.000000,0.000000,0.000000,0.000000,0.000000,0.000000
21.679345,0.000000,0.000000,0.000000,0.000000,0.000000,0.000000
21.683345,0.000000,0.000000,0.000000,0.000000,0.000000,0.000000
21.687345,0.000000,0.000000,0.000000,0.000000,0.000000,0.000000
21.691345,0.000000,0.000000,0.000000,0.000000,0.000000,0.000000
21.695345,0.000000,0.000000,0.000000,0.000000,0.000000,0.000000
21.699345,0.000000,0.000000,0.000000,0.000000,0.000000,0.000000
21.703345,0.000000,0.000000,0.000000,0.000000,0.000000,0.000000
21.707345,0.000000,0.000000,0.000000,0.000000,0.000000,0.000000
21.711345,0.000000,0.000000,0.000000,0.000000,0.000000,0.000000
21.715345,0.000000,0.000000,0.000000,0.000000,0.000000,0.000000
21.719345,0.000000,0.000000,0.000000,0.000000,0.000000,0.000000
21.723345,0.000000,0.000000,0.000000,0.000000,0.000000,0.000000
21.727345,0.000000,0.000000,0.000000,0.000000,0.000000,0.000000
21.731345,0.000000,0.000000,0.000000,0.000000,0.000000,0.000000
21.735345,0.000000,0.000000,0.000000,0.000000,0.000000,0.000000
21.739345,0.000000,0.000000,0.000000,0.000000,0.000000,0.000000
21.743345,0.000000,0.000000,0.000000,0.000000,0.000000,0.000000
21.747345,0.000000,0.000000,0.000000,0.000000,0.000000,0.000000
21.751345,0.000000,0.000000,0.000000,0.000000,0.000000,0.000000
21.755345,0.000000,0.000000,0.000000,0.000000,0.000000,0.000000
21.759345,0.000000,0.000000,0.000000,0.000000,0.000000,0.000000
21.763345,0.000000,0.000000,0.000000,0.000000,0.000000,0.000000
21.767345,0.000000,0.000000,0.000000,0.000000,0.000000,0.000000
21.771345,0.000000,0.000000,0.000000,0.000000,0.000000,0.000000
21.775345,0.000000,0.000000,0.000000,0.000000,0.000000,0.000000
21.779345,0.000000,0.000000,0.000000,0.000000,0.000000,0.000000
21.783345,0.000000,0.000000,0.000000,0.000000,0.000000,0.000000
21.787345,0.000000,0.000000,0.000000,0.000000,0.000000,0.000000
21.791345,0.000000,0.000000,0.000000,0.000000,0.000000,0.000000
21.795345,0.000000,0.000000,0.000000,0.000000,0.000000,0.000000
21.799345,0.000000,0.000000,0.000000,0.000000,0.000000,0.000000
21.803345,0.000000,0.000000,0.000000,0.000000,0.000000,0.000000
21.807345,0.000000,0.000000,0.000000,0.000000,0.000000,0.000000
21.811345,0.000000,0.000000,0.000000,0.000000,0.000000,0.000000
21.815345,0.000000,0.000000,0.000000,0.000000,0.000000,0.000000
21.819345,0.000000,0.000000,0.000000,0.000000,0.000000,0.000000
21.823345,0.000000,0.000000,0.000000,0.000000,0.000000,0.000000
21.827345,0.000000,0.000000,0.000000,0.000000,0.000000,0.000000
21.831345,0.000000,0.000000,0.000000,0.000000,0.000000,0.000000
21.835345,0.000000,0.000000,0.000000,0.000000,0.000000,0.000000
21.839345,0.000000,0.000000,0.000000,0.000000,0.000000,0.000000
21.843345,0.000000,0.000000,0.000000,0.000000,0.000000,0.000000
21.847345,0.000000,0.000000,0.000000,0.000000,0.000000,0.000000
21.851345,0.000000,0.000000,0.000000,0.000000,0.000000,0.000000
21.855345,0.000000,0.000000,0.000000,0.000000,0.000000,0.000000
21.859345,0.000000,0.000000,0.000000,0.000000,0.000000,0.000000
21.863345,0.000000,0.000000,0.000000,0.000000,0.000000,0.000000
21.867345,0.000000,0.000000,0.000000,0.000000,0.000000,0.000000
21.871345,0.000000,0.000000,0.000000,0.000000,0.000000,0.000000
21.875345,0.000000,0.000000,0.000000,0.000000,0.000000,0.000000
21.879345,0.000000,0.000000,0.000000,0.000000,0.000000,0.000000
21.883345,0.000000,0.000000,0.000000,0.000000,0.000000,0.000000
21.887345,0.000000,0.000000,0.000000,0.000000,0.000000,0.000000
21.891345,0.000000,0.000000,0.000000,0.000000,0.000000,0.000000
21.895345,0.000000,0.000000,0.000000,0.000000,0.000000,0.000000
21.899345,0.000000,0.000000,0.000000,0.000000,0.000000,0.000000
21.903345,0.000000,0.000000,0.000000,0.000000,0.000000,0.000000
21.907345,0.000000,0.000000,0.000000,0.000000,0.000000,0.000000
21.911345,0.000000,0.000000,0.000000,0.000000,0.000000,0.000000
21.915345,0.000000,0.000000,0.000000,0.000000,0.000000,0.000000
21.919345,0.000000,0.000000,0.000000,0.000000,0.000000,0.000000
21.923345,0.000000,0.000000,0.000000,0.000000,0.000000,0.000000
21.927345,0.000000,0.000000,0.000000,0.000000,0.000000,0.000000
