time,linear_accel_x,linear_accel_y,linear_accel_z,angular_vel_x,angular_vel_y,angular_vel_z
0.103559,0.000000,0.000000,0.000000,0.000000,0.000000,0.000000
0.113559,0.000000,0.000000,0.000000,0.000000,0.000000,0.000000
0.123559,0.000000,0.000000,0.000000,0.000000,0.000000,0.000000
0.133559,0.000000,0.000000,0.000000,0.000000,0.000000,0.000000
0.143559,0.000000,0.000000,0.000000,0.000000,0.000000,0.000000
0.153559,0.000000,0.000000,0.000000,0.000000,0.000000,0.000000
0.163559,0.000000,0.000000,0.000000,0.000000,0.000000,0.000000
0.173559,0.000000,0.000000,0.000000,0.000000,0.000000,0.000000
0.183559,0.000000,0.000000,0.000000,0.000000,0.000000,0.000000
0.193559,0.000000,0.000000,0.000000,0.000000,0.000000,0.000000
0.203559,0.000000,0.000000,0.000000,0.000000,0.000000,0.000000
0.213559,0.000000,0.000000,0.000000,0.000000,0.000000,0.000000
0.223559,0.000000,0.000000,0.000000,0.000000,0.000000,0.000000
0.233559,0.000000,0.000000,0.000000,0.000000,0.000000,0.000000
0.243559,0.000000,0.000000,0.000000,0.000000,0.000000,0.000000
0.253559,0.000000,0.000000,0.000000,0.000000,0.000000,0.000000
0.263559,0.000000,0.000000,0.000000,0.000000,0.000000,0.000000
0.273559,0.000000,0.000000,0.000000,0.000000,0.000000,0.000000
0.283559,0.000000,0.000000,0.000000,0.000000,0.000000,0.000000
0.293559,0.000000,0.000000,0.000000,0.000000,0.000000,0.000000
0.303559,0.000000,0.000000,0.000000,0.000000,0.000000,0.000000
0.313559,0.000000,0.000000,0.000000,0.000000,0.000000,0.000000
0.323559,0.000000,0.000000,0.000000,0.000000,0.000000,0.000000
0.333559,0.000000,0.000000,0.000000,0.000000,0.000000,0.000000
0.343559,0.000000,0.000000,0.000000,0.000000,0.000000,0.000000
0.353559,0.000000,0.000000,0.000000,0.000000,0.000000,0.000000
0.363559,0.000000,0.000000,0.000000,0.000000,0.000000,0.000000
0.373559,0.000000,0.000000,0.000000,0.000000,0.000000,0.000000
0.383559,0.000000,0.000000,0.000000,0.000000,0.000000,0.000000
0.393559,0.000000,0.000000,0.000000,0.000000,0.000000,0.000000
0.403559,0.000000,0.000000,0.000000,0.000000,0.000000,0.000000
0.413559,0.000000,0.000000,0.000000,0.000000,0.000000,0.000000
0.423559,0.000000,0.000000,0.000000,0.000000,0.000000,0.000000
0.433559,0.000000,0.000000,0.000000,0.000000,0.000000,0.000000
0.443559,0.000000,0.000000,0.000000,0.000000,0.000000,0.000000
0.453559,0.000000,0.000000,0.000000,0.000000,0.000000,0.000000
0.463559,0.000000,0.000000,0.000000,0.000000,0.000000,0.000000
0.473559,0.000000,0.000000,0.000000,0.000000,0.000000,0.000000
0.483559,0.000000,0.000000,0.000000,0.000000,0.000000,0.000000
0.493559,0.000000,0.000000,0.000000,0.000000,0.000000,0.000000
0.503559,0.000000,0.000000,0.000000,0.000000,0.000000,0.000000
0.513559,0.000000,0.000000,0.000000,0.000000,0.000000,0.000000
0.523559,0.000000,0.000000,0.000000,0.000000,0.000000,0.000000
0.533559,0.000000,0.000000,0.000000,0.000000,0.000000,0.000000
0.543559,0.000000,0.000000,0.000000,0.000000,0.000000,0.000000
0.553559,0.000000,0.000000,0.000000,0.000000,0.000000,0.000000
0.563559,0.000000,0.000000,0.000000,0.000000,0.000000,0.000000
0.573559,0.000000,0.000000,0.000000,0.000000,0.000000,0.000000
0.583559,0.000000,0.000000,0.000000,0.000000,0.000000,0.000000
0.593559,0.000000,0.000000,0.000000,0.000000,0.000000,0.000000
0.603559,0.000000,0.000000,0.000000,0.000000,0.000000,0.000000
0.613559,0.000000,0.000000,0.000000,0.000000,0.000000,0.000000
0.623559,0.000000,0.000000,0.000000,0.000000,0.000000,0.000000
0.633559,0.000000,0.000000,0.000000,0.000000,0.000000,0.000000
0.643559,0.000000,0.000000,0.000000,0.000000,0.000000,0.000000
0.653559,0.000000,0.000000,0.000000,0.000000,0.000000,0.000000
0.663559,0.000000,0.000000,0.000000,0.000000,0.000000,0.000000
0.673559,0.000000,0.000000,0.000000,0.000000,0.000000,0.000000
0.683559,0.000000,0.000000,0.000000,0.000000,0.000000,0.000000
0.693559,0.000000,0.000000,0.000000,0.000000,0.000000,0.000000
0.703559,0.000000,0.000000,0.000000,0.000000,0.000000,0.000000
0.713559,0.000000,0.000000,0.000000,0.000000,0.000000,0.000000
0.723559,0.000000,0.000000,0.000000,0.000000,0.000000,0.000000
0.733559,0.000000,0.000000,0.000000,0.000000,0.000000,0.000000
0.743559,0.000000,0.000000,0.000000,0.000000,0.000000,0.000000
0.753559,0.000000,0.000000,0.000000,0.000000,0.000000,0.000000
0.763559,0.000000,0.000000,0.000000,0.000000,0.000000,0.000000
0.773559,0.000000,0.000000,0.000000,0.000000,0.000000,0.000000
0.783559,0.000000,0.000000,0.000000,0.000000,0.000000,0.000000
0.793559,0.000000,0.000000,0.000000,0.000000,0.000000,0.000000
0.803559,0.000000,0.000000,0.000000,0.000000,0.000000,0.000000
0.813559,0.000000,0.000000,0.000000,0.000000,0.000000,0.000000
0.823559,0.000000,0.000000,0.000000,0.000000,0.000000,0.000000
0.833559,0.000000,0.000000,0.000000,0.000000,0.000000,0.000000
0.843559,0.000000,0.000000,0.000000,0.000000,0.000000,0.000000
0.853559,0.000000,0.000000,0.000000,0.000000,0.000000,0.000000
0.863559,0.000000,0.000000,0.000000,0.000000,0.000000,0.000000
0.873559,0.000000,0.000000,0.000000,0.000000,0.000000,0.000000
0.883559,0.000000,0.000000,0.000000,0.000000,0.000000,0.000000
0.893559,0.000000,0.000000,0.000000,0.000000,0.000000,0.000000
0.903559,0.000000,0.000000,0.000000,0.000000,0.000000,0.000000
0.913559,0.000000,0.000000,0.000000,0.000000,0.000000,0.000000
0.923559,0.000000,0.000000,0.000000,0.000000,0.000000,0.000000
0.933559,0.000000,0.000000,0.000000,0.000000,0.000000,0.000000
0.943559,0.000000,0.000000,0.000000,0.000000,0.000000,0.000000
0.953559,0.000000,0.000000,0.000000,0.000000,0.000000,0.000000
0.963559,0.000000,0.000000,0.000000,0.000000,0.000000,0.000000
0.973559,0.000000,0.000000,0.000000,0.000000,0.000000,0.000000
0.983559,0.000000,0.000000,0.000000,0.000000,0.000000,0.000000
0.993559,0.000000,0.000000,0.000000,0.000000,0.000000,0.000000
1.003559,0.000000,0.000000,0.000000,0.000000,0.000000,0.000000
1.013559,0.000000,0.000000,0.000000,0.000000,0.000000,0.000000
1.023559,0.000000,0.000000,0.000000,0.000000,0.000000,0.000000
1.033559,0.000000,0.000000,0.000000,0.000000,0.000000,0.000000
1.043559,0.000000,0.000000,0.000000,0.000000,0.000000,0.000000
1.053559,0.000000,0.000000,0.000000,0.000000,0.000000,0.000000
1.063559,0.000000,0.000000,0.000000,0.000000,0.000000,0.000000
1.073559,0.000000,0.000000,0.000000,0.000000,0.000000,0.000000
1.083559,0.000000,0.000000,0.000000,0.000000,0.000000,0.000000
1.093559,0.000000,0.000000,0.000000,0.000000,0.000000,0.000000
1.103559,0.000000,0.000000,0.000000,0.000000,0.000000,0.000000
1.113559,0.000000,0.000000,0.000000,0.000000,0.000000,0.000000
1.123559,0.000000,0.000000,0.000000,0.000000,0.000000,0.000000
1.133559,0.000000,0.000000,0.000000,0.000000,0.000000,0.000000
1.143559,0.000000,0.000000,0.000000,0.000000,0.000000,0.000000
1.153559,0.000000,0.000000,0.000000,0.000000,0.000000,0.000000
1.163559,0.000000,0.000000,0.000000,0.000000,0.000000,0.000000
1.173559,0.000000,0.000000,0.000000,0.000000,0.000000,0.000000
1.183559,0.000000,0.000000,0.000000,0.000000,0.000000,0.000000
1.193559,0.000000,0.000000,0.000000,0.000000,0.000000,0.000000
1.203559,0.000000,0.000000,0.000000,0.000000,0.000000,0.000000
1.213559,0.000000,0.000000,0.000000,0.000000,0.000000,0.000000
1.223559,0.000000,0.000000,0.000000,0.000000,0.000000,0.000000
1.233559,0.000000,0.000000,0.000000,0.000000,0.000000,0.000000
1.243559,0.000000,0.000000,0.000000,0.000000,0.000000,0.000000
1.253559,0.000000,0.000000,0.000000,0.000000,0.000000,0.000000
1.263559,0.000000,0.000000,0.000000,0.000000,0.000000,0.000000
1.273559,0.000000,0.000000,0.000000,0.000000,0.000000,0.000000
1.283559,0.000000,0.000000,0.000000,0.000000,0.000000,0.000000
1.293559,0.000000,0.000000,0.000000,0.000000,0.000000,0.000000
1.303559,0.000000,0.000000,0.000000,0.000000,0.000000,0.000000
1.313559,0.000000,0.000000,0.000000,0.000000,0.000000,0.000000
1.323559,0.000000,0.000000,0.000000,0.000000,0.000000,0.000000
1.333559,0.000000,0.000000,0.000000,0.000000,0.000000,0.000000
1.343559,0.000000,0.000000,0.000000,0.000000,0.000000,0.000000
1.353559,0.000000,0.000000,0.000000,0.000000,0.000000,0.000000
1.363559,0.000000,0.000000,0.000000,0.000000,0.000000,0.000000
1.373559,0.000000,0.000000,0.000000,0.000000,0.000000,0.000000
1.383559,0.000000,0.000000,0.000000,0.000000,0.000000,0.000000
1.393559,0.000000,0.000000,0.000000,0.000000,0.000000,0.000000
1.403559,0.000000,0.000000,0.000000,0.000000,0.000000,0.000000
1.413559,0.000000,0.000000,0.000000,0.000000,0.000000,0.000000
1.423559,0.000000,0.000000,0.000000,0.000000,0.000000,0.000000
1.433559,0.000000,0.000000,0.000000,0.000000,0.000000,0.000000
1.443559,0.000000,0.000000,0.000000,0.000000,0.000000,0.000000
1.453559,0.000000,0.000000,0.000000,0.000000,0.000000,0.000000
1.463559,0.000000,0.000000,0.000000,0.000000,0.000000,0.000000
1.473559,0.000000,0.000000,0.000000,0.000000,0.000000,0.000000
1.483559,0.000000,0.000000,0.000000,0.000000,0.000000,0.000000
1.493559,0.000000,0.000000,0.000000,0.000000,0.000000,0.000000
1.503559,0.000000,0.000000,0.000000,0.000000,0.000000,0.000000
1.513559,0.000000,0.000000,0.000000,0.000000,0.000000,0.000000
1.523559,0.000000,0.000000,0.000000,0.000000,0.000000,0.000000
1.533559,0.000000,0.000000,0.000000,0.000000,0.000000,0.000000
1.543559,0.000000,0.000000,0.000000,0.000000,0.000000,0.000000
1.553559,0.000000,0.000000,0.000000,0.000000,0.000000,0.000000
1.563559,0.000000,0.000000,0.000000,0.000000,0.000000,0.000000
1.573559,0.000000,0.000000,0.000000,0.000000,0.000000,0.000000
1.583559,0.000000,0.000000,0.000000,0.000000,0.000000,0.000000
1.593559,0.000000,0.000000,0.000000,0.000000,0.000000,0.000000
1.603559,0.000000,0.000000,0.000000,0.000000,0.000000,0.000000
1.613559,0.000000,0.000000,0.000000,0.000000,0.000000,0.000000
1.623559,0.000000,0.000000,0.000000,0.000000,0.000000,0.000000
1.633559,0.000000,0.000000,0.000000,0.000000,0.000000,0.000000
1.643559,0.000000,0.000000,0.000000,0.000000,0.000000,0.000000
1.653559,0.000000,0.000000,0.000000,0.000000,0.000000,0.000000
1.663559,0.000000,0.000000,0.000000,0.000000,0.000000,0.000000
1.673559,0.000000,0.000000,0.000000,0.000000,0.000000,0.000000
1.683559,0.000000,0.000000,0.000000,0.000000,0.000000,0.000000
1.693559,0.000000,0.000000,0.000000,0.000000,0.000000,0.000000
1.703559,0.000000,0.000000,0.000000,0.000000,0.000000,0.000000
1.713559,0.000000,0.000000,0.000000,0.000000,0.000000,0.000000
1.723559,0.000000,0.000000,0.000000,0.000000,0.000000,0.000000
1.733559,0.000000,0.000000,0.000000,0.000000,0.000000,0.000000
1.743559,0.000000,0.000000,0.000000,0.000000,0.000000,0.000000
1.753559,0.000000,0.000000,0.000000,0.000000,0.000000,0.000000
1.763559,0.000000,0.000000,0.000000,0.000000,0.000000,0.000000
1.773559,0.000000,0.000000,0.000000,0.000000,0.000000,0.000000
1.783559,0.000000,0.000000,0.000000,0.000000,0.000000,0.000000
1.793559,0.000000,0.000000,0.000000,0.000000,0.000000,0.000000
1.803559,0.000000,0.000000,0.000000,0.000000,0.000000,0.000000
1.813559,0.000000,0.000000,0.000000,0.000000,0.000000,0.000000
1.823559,0.000000,0.000000,0.000000,0.000000,0.000000,0.000000
1.833559,0.000000,0.000000,0.000000,0.000000,0.000000,0.000000
1.843559,0.000000,0.000000,0.000000,0.000000,0.000000,0.000000
1.853559,0.000000,0.000000,0.000000,0.000000,0.000000,0.000000
1.863559,0.000000,0.000000,0.000000,0.000000,0.000000,0.000000
1.873559,0.000000,0.000000,0.000000,0.000000,0.000000,0.000000
1.883559,0.000000,0.000000,0.000000,0.000000,0.000000,0.000000
1.893559,0.000000,0.000000,0.000000,0.000000,0.000000,0.000000
1.903559,0.000000,0.000000,0.000000,0.000000,0.000000,0.000000
1.913559,0.000000,0.000000,0.000000,0.000000,0.000000,0.000000
1.923559,0.000000,0.000000,0.000000,0.000000,0.000000,0.000000
1.933559,0.000000,0.000000,0.000000,0.000000,0.000000,0.000000
1.943559,0.000000,0.000000,0.000000,0.000000,0.000000,0.000000
1.953559,0.000000,0.000000,0.000000,0.000000,0.000000,0.000000
1.963559,0.000000,0.000000,0.000000,0.000000,0.000000,0.000000
1.973559,0.000000,0.000000,0.000000,0.000000,0.000000,0.000000
1.983559,0.000000,0.000000,0.000000,0.000000,0.000000,0.000000
1.993559,0.000000,0.000000,0.000000,0.000000,0.000000,0.000000
2.003559,0.000000,0.000000,0.000000,0.000000,0.000000,0.000000
2.013559,0.000000,0.000000,0.000000,0.000000,0.000000,0.000000
2.023559,0.000000,0.000000,0.000000,0.000000,0.000000,0.000000
2.033559,0.000000,0.000000,0.000000,0.000000,0.000000,0.000000
2.043559,0.000000,0.000000,0.000000,0.000000,0.000000,0.000000
2.053559,0.000000,0.000000,0.000000,0.000000,0.000000,0.000000
2.063559,0.000000,0.000000,0.000000,0.000000,0.000000,0.000000
2.073559,0.000000,0.000000,0.000000,0.000000,0.000000,0.000000
2.083559,0.000000,0.000000,0.000000,0.000000,0.000000,0.000000
2.093559,0.000000,0.000000,0.000000,0.000000,0.000000,0.000000
2.103559,0.000000,0.000000,0.000000,0.000000,0.000000,0.000000
2.113559,0.000000,0.000000,0.000000,0.000000,0.000000,0.000000
2.123559,0.000000,0.000000,0.000000,0.000000,0.000000,0.000000
2.133559,0.000000,0.000000,0.000000,0.000000,0.000000,0.000000
2.143559,0.000000,0.000000,0.000000,0.000000,0.000000,0.000000
2.153559,0.000000,0.000000,0.000000,0.000000,0.000000,0.000000
2.163559,0.000000,0.000000,0.000000,0.000000,0.000000,0.000000
2.173559,0.000000,0.000000,0.000000,0.000000,0.000000,0.000000
2.183559,0.000000,0.000000,0.000000,0.000000,0.000000,0.000000
2.193559,0.000000,0.000000,0.000000,0.000000,0.000000,0.000000
2.203559,0.000000,0.000000,0.000000,0.000000,0.000000,0.000000
2.213559,0.000000,0.000000,0.000000,0.000000,0.000000,0.000000
2.223559,0.000000,0.000000,0.000000,0.000000,0.000000,0.000000
2.233559,0.000000,0.000000,0.000000,0.000000,0.000000,0.000000
2.243559,0.000000,0.000000,0.000000,0.000000,0.000000,0.000000
2.253559,0.000000,0.000000,0.000000,0.000000,0.000000,0.000000
2.263559,0.000000,0.000000,0.000000,0.000000,0.000000,0.000000
2.273559,0.000000,0.000000,0.000000,0.000000,0.000000,0.000000
2.283559,0.000000,0.000000,0.000000,0.000000,0.000000,0.000000
2.293559,0.000000,0.000000,0.000000,0.000000,0.000000,0.000000
2.303559,0.000000,0.000000,0.000000,0.000000,0.000000,0.000000
2.313559,0.000000,0.000000,0.000000,0.000000,0.000000,0.000000
2.323559,0.000000,0.000000,0.000000,0.000000,0.000000,0.000000
2.333559,0.000000,0.000000,0.000000,0.000000,0.000000,0.000000
2.343559,0.000000,0.000000,0.000000,0.000000,0.000000,0.000000
2.353559,0.000000,0.000000,0.000000,0.000000,0.000000,0.000000
2.363559,0.000000,0.000000,0.000000,0.000000,0.000000,0.000000
2.373559,0.000000,0.000000,0.000000,0.000000,0.000000,0.000000
2.383559,0.000000,0.000000,0.000000,0.000000,0.000000,0.000000
2.393559,0.000000,0.000000,0.000000,0.000000,0.000000,0.000000
2.403559,0.000000,0.000000,0.000000,0.000000,0.000000,0.000000
2.413559,0.000000,0.000000,0.000000,0.000000,0.000000,0.000000
2.423559,0.000000,0.000000,0.000000,0.000000,0.000000,0.000000
2.433559,0.000000,0.000000,0.000000,0.000000,0.000000,0.000000
2.443559,0.000000,0.000000,0.000000,0.000000,0.000000,0.000000
2.453559,0.000000,0.000000,0.000000,0.000000,0.000000,0.000000
2.463559,0.000000,0.000000,0.000000,0.000000,0.000000,0.000000
2.473559,0.000000,0.000000,0.000000,0.000000,0.000000,0.000000
2.483559,0.000000,0.000000,0.000000,0.000000,0.000000,0.000000
2.493559,0.000000,0.000000,0.000000,0.000000,0.000000,0.000000
2.503559,0.000000,0.000000,0.000000,0.000000,0.000000,0.000000
2.513559,0.000000,0.000000,0.000000,0.000000,0.000000,0.000000
2.523559,0.000000,0.000000,0.000000,0.000000,0.000000,0.000000
2.533559,0.000000,0.000000,0.000000,0.000000,0.000000,0.000000
2.543559,0.000000,0.000000,0.000000,0.000000,0.000000,0.000000
2.553559,0.000000,0.000000,0.000000,0.000000,0.000000,0.000000
2.563559,0.000000,0.000000,0.000000,0.000000,0.000000,0.000000
2.573559,0.000000,0.000000,0.000000,0.000000,0.000000,0.000000
2.583559,0.000000,0.000000,0.000000,0.000000,0.000000,0.000000
2.593559,0.000000,0.000000,0.000000,0.000000,0.000000,0.000000
2.603559,0.000000,0.000000,0.000000,0.000000,0.000000,0.000000
2.613559,0.000000,0.000000,0.000000,0.000000,0.000000,0.000000
2.623559,0.000000,0.000000,0.000000,0.000000,0.000000,0.000000
2.633559,0.000000,0.000000,0.000000,0.000000,0.000000,0.000000
2.643559,0.000000,0.000000,0.000000,0.000000,0.000000,0.000000
2.653559,0.000000,0.000000,0.000000,0.000000,0.000000,0.000000
2.663559,0.000000,0.000000,0.000000,0.000000,0.000000,0.000000
2.673559,0.000000,0.000000,0.000000,0.000000,0.000000,0.000000
2.683559,0.000000,0.000000,0.000000,0.000000,0.000000,0.000000
2.693559,0.000000,0.000000,0.000000,0.000000,0.000000,0.000000
2.703559,0.000000,0.000000,0.000000,0.000000,0.000000,0.000000
2.713559,0.000000,0.000000,0.000000,0.000000,0.000000,0.000000
2.723559,0.000000,0.000000,0.000000,0.000000,0.000000,0.000000
2.733559,0.000000,0.000000,0.000000,0.000000,0.000000,0.000000
2.743559,0.000000,0.000000,0.000000,0.000000,0.000000,0.000000
2.753559,0.000000,0.000000,0.000000,0.000000,0.000000,0.000000
2.763559,0.000000,0.000000,0.000000,0.000000,0.000000,0.000000
2.773559,0.000000,0.000000,0.000000,0.000000,0.000000,0.000000
2.783559,0.000000,0.000000,0.000000,0.000000,0.000000,0.000000
2.793559,0.000000,0.000000,0.000000,0.000000,0.000000,0.000000
2.803559,0.000000,0.000000,0.000000,0.000000,0.000000,0.000000
2.813559,0.000000,0.000000,0.000000,0.000000,0.000000,0.000000
2.823559,0.000000,0.000000,0.000000,0.000000,0.000000,0.000000
2.833559,0.000000,0.000000,0.000000,0.000000,0.000000,0.000000
2.843559,0.000000,0.000000,0.000000,0.000000,0.000000,0.000000
2.853559,0.000000,0.000000,0.000000,0.000000,0.000000,0.000000
2.863559,0.000000,0.000000,0.000000,0.000000,0.000000,0.000000
2.873559,0.000000,0.000000,0.000000,0.000000,0.000000,0.000000
2.883559,0.000000,0.000000,0.000000,0.000000,0.000000,0.000000
2.893559,0.000000,0.000000,0.000000,0.000000,0.000000,0.000000
2.903559,0.000000,0.000000,0.000000,0.000000,0.000000,0.000000
2.913559,0.000000,0.000000,0.000000,0.000000,0.000000,0.000000
2.923559,0.000000,0.000000,0.000000,0.000000,0.000000,0.000000
2.933559,0.000000,0.000000,0.000000,0.000000,0.000000,0.000000
2.943559,0.000000,0.000000,0.000000,0.000000,0.000000,0.000000
2.953559,0.000000,0.000000,0.000000,0.000000,0.000000,0.000000
2.963559,0.000000,0.000000,0.000000,0.000000,0.000000,0.000000
2.973559,0.000000,0.000000,0.000000,0.000000,0.000000,0.000000
2.983559,0.000000,0.000000,0.000000,0.000000,0.000000,0.000000
2.993559,0.000000,0.000000,0.000000,0.000000,0.000000,0.000000
3.003559,0.000000,0.000000,0.000000,0.000000,0.000000,0.000000
3.013559,0.000000,0.000000,0.000000,0.000000,0.000000,0.000000
3.023559,0.000000,0.000000,0.000000,0.000000,0.000000,0.000000
3.033559,0.000000,0.000000,0.000000,0.000000,0.000000,0.000000
3.043559,0.000000,0.000000,0.000000,0.000000,0.000000,0.000000
3.053559,0.000000,0.000000,0.000000,0.000000,0.000000,0.000000
3.063559,0.000000,0.000000,0.000000,0.000000,0.000000,0.000000
3.073559,0.000000,0.000000,0.000000,0.000000,0.000000,0.000000
3.083559,0.000000,0.000000,0.000000,0.000000,0.000000,0.000000
3.093559,0.000000,0.000000,0.000000,0.000000,0.000000,0.000000
3.103559,0.000000,0.000000,0.000000,0.000000,0.000000,0.000000
3.113559,0.000000,0.000000,0.000000,0.000000,0.000000,0.000000
3.123559,0.000000,0.000000,0.000000,0.000000,0.000000,0.000000
3.133559,0.000000,0.000000,0.000000,0.000000,0.000000,0.000000
3.143559,0.000000,0.000000,0.000000,0.000000,0.000000,0.000000
3.153559,0.000000,0.000000,0.000000,0.000000,0.000000,0.000000
3.163559,0.000000,0.000000,0.000000,0.000000,0.000000,0.000000
3.173559,0.000000,0.000000,0.000000,0.000000,0.000000,0.000000
3.183559,0.000000,0.000000,0.000000,0.000000,0.000000,0.000000
3.193559,0.000000,0.000000,0.000000,0.000000,0.000000,0.000000
3.203559,0.000000,0.000000,0.000000,0.000000,0.000000,0.000000
3.213559,0.000000,0.000000,0.000000,0.000000,0.000000,0.000000
3.223559,0.000000,0.000000,0.000000,0.000000,0.000000,0.000000
3.233559,0.000000,0.000000,0.000000,0.000000,0.000000,0.000000
3.243559,0.000000,0.000000,0.000000,0.000000,0.000000,0.000000
3.253559,0.000000,0.000000,0.000000,0.000000,0.000000,0.000000
3.263559,0.000000,0.000000,0.000000,0.000000,0.000000,0.000000
3.273559,0.000000,0.000000,0.000000,0.000000,0.000000,0.000000
3.283559,0.000000,0.000000,0.000000,0.000000,0.000000,0.000000
3.293559,0.000000,0.000000,0.000000,0.000000,0.000000,0.000000
3.303559,0.000000,0.000000,0.000000,0.000000,0.000000,0.000000
3.313559,0.000000,0.000000,0.000000,0.000000,0.000000,0.000000
3.323559,0.000000,0.000000,0.000000,0.000000,0.000000,0.000000
3.333559,0.000000,0.000000,0.000000,0.000000,0.000000,0.000000
3.343559,0.000000,0.000000,0.000000,0.000000,0.000000,0.000000
3.353559,0.000000,0.000000,0.000000,0.000000,0.000000,0.000000
3.363559,0.000000,0.000000,0.000000,0.000000,0.000000,0.000000
3.373559,0.000000,0.000000,0.000000,0.000000,0.000000,0.000000
3.383559,0.000000,0.000000,0.000000,0.000000,0.000000,0.000000
3.393559,0.000000,0.000000,0.000000,0.000000,0.000000,0.000000
3.403559,0.000000,0.000000,0.000000,0.000000,0.000000,0.000000
3.413559,0.000000,0.000000,0.000000,0.000000,0.000000,0.000000
3.423559,0.000000,0.000000,0.000000,0.000000,0.000000,0.000000
3.433559,0.000000,0.000000,0.000000,0.000000,0.000000,0.000000
3.443559,0.000000,0.000000,0.000000,0.000000,0.000000,0.000000
3.453559,0.000000,0.000000,0.000000,0.000000,0.000000,0.000000
3.463559,0.000000,0.000000,0.000000,0.000000,0.000000,0.000000
3.473559,0.000000,0.000000,0.000000,0.000000,0.000000,0.000000
3.483559,0.000000,0.000000,0.000000,0.000000,0.000000,0.000000
3.493559,0.000000,0.000000,0.000000,0.000000,0.000000,0.000000
3.503559,0.000000,0.000000,0.000000,0.000000,0.000000,0.000000
3.513559,0.000000,0.000000,0.000000,0.000000,0.000000,0.000000
3.523559,0.000000,0.000000,0.000000,0.000000,0.000000,0.000000
3.533559,0.000000,0.000000,0.000000,0.000000,0.000000,0.000000
3.543559,0.000000,0.000000,0.000000,0.000000,0.000000,0.000000
3.553559,0.000000,0.000000,0.000000,0.000000,0.000000,0.000000
3.563559,0.000000,0.000000,0.000000,0.000000,0.000000,0.000000
3.573559,0.000000,0.000000,0.000000,0.000000,0.000000,0.000000
3.583559,0.000000,0.000000,0.000000,0.000000,0.000000,0.000000
3.593559,0.000000,0.000000,0.000000,0.000000,0.000000,0.000000
3.603559,0.000000,0.000000,0.000000,0.000000,0.000000,0.000000
3.613559,0.000000,0.000000,0.000000,0.000000,0.000000,0.000000
3.623559,0.000000,0.000000,0.000000,0.000000,0.000000,0.000000
3.633559,0.000000,0.000000,0.000000,0.000000,0.000000,0.000000
3.643559,0.000000,0.000000,0.000000,0.000000,0.000000,0.000000
3.653559,0.000000,0.000000,0.000000,0.000000,0.000000,0.000000
3.663559,0.000000,0.000000,0.000000,0.000000,0.000000,0.000000
3.673559,0.000000,0.000000,0.000000,0.000000,0.000000,0.000000
3.683559,0.000000,0.000000,0.000000,0.000000,0.000000,0.000000
3.693559,0.000000,0.000000,0.000000,0.000000,0.000000,0.000000
3.703559,0.000000,0.000000,0.000000,0.000000,0.000000,0.000000
3.713559,0.000000,0.000000,0.000000,0.000000,0.000000,0.000000
3.723559,0.000000,0.000000,0.000000,0.000000,0.000000,0.000000
3.733559,0.000000,0.000000,0.000000,0.000000,0.000000,0.000000
3.743559,0.000000,0.000000,0.000000,0.000000,0.000000,0.000000
3.753559,0.000000,0.000000,0.000000,0.000000,0.000000,0.000000
3.763559,0.000000,0.000000,0.000000,0.000000,0.000000,0.000000
3.773559,0.000000,0.000000,0.000000,0.000000,0.000000,0.000000
3.783559,0.000000,0.000000,0.000000,0.000000,0.000000,0.000000
3.793559,0.000000,0.000000,0.000000,0.000000,0.000000,0.000000
3.803559,0.000000,0.000000,0.000000,0.000000,0.000000,0.000000
3.813559,0.000000,0.000000,0.000000,0.000000,0.000000,0.000000
3.823559,0.000000,0.000000,0.000000,0.000000,0.000000,0.000000
3.833559,0.000000,0.000000,0.000000,0.000000,0.000000,0.000000
3.843559,0.000000,0.000000,0.000000,0.000000,0.000000,0.000000
3.853559,0.000000,0.000000,0.000000,0.000000,0.000000,0.000000
3.863559,0.000000,0.000000,0.000000,0.000000,0.000000,0.000000
3.873559,0.000000,0.000000,0.000000,0.000000,0.000000,0.000000
3.883559,0.000000,0.000000,0.000000,0.000000,0.000000,0.000000
3.893559,0.000000,0.000000,0.000000,0.000000,0.000000,0.000000
3.903559,0.000000,0.000000,0.000000,0.000000,0.000000,0.000000
3.913559,0.000000,0.000000,0.000000,0.000000,0.000000,0.000000
3.923559,0.000000,0.000000,0.000000,0.000000,0.000000,0.000000
3.933559,0.000000,0.000000,0.000000,0.000000,0.000000,0.000000
3.943559,0.000000,0.000000,0.000000,0.000000,0.000000,0.000000
3.953559,0.000000,0.000000,0.000000,0.000000,0.000000,0.000000
3.963559,0.000000,0.000000,0.000000,0.000000,0.000000,0.000000
3.973559,0.000000,0.000000,0.000000,0.000000,0.000000,0.000000
3.983559,0.000000,0.000000,0.000000,0.000000,0.000000,0.000000
3.993559,0.000000,0.000000,0.000000,0.000000,0.000000,0.000000
4.003559,0.000000,0.000000,0.000000,0.000000,0.000000,0.000000
4.013559,0.000000,0.000000,0.000000,0.000000,0.000000,0.000000
4.023559,0.000000,0.000000,0.000000,0.000000,0.000000,0.000000
4.033559,0.000000,0.000000,0.000000,0.000000,0.000000,0.000000
4.043559,0.000000,0.000000,0.000000,0.000000,0.000000,0.000000
4.053559,0.000000,0.000000,0.000000,0.000000,0.000000,0.000000
4.063559,0.000000,0.000000,0.000000,0.000000,0.000000,0.000000
4.073559,0.000000,0.000000,0.000000,0.000000,0.000000,0.000000
4.083559,0.000000,0.000000,0.000000,0.000000,0.000000,0.000000
4.093559,0.000000,0.000000,0.000000,0.000000,0.000000,0.000000
4.103559,0.000000,0.000000,0.000000,0.000000,0.000000,0.000000
4.113559,0.000000,0.000000,0.000000,0.000000,0.000000,0.000000
4.123559,0.000000,0.000000,0.000000,0.000000,0.000000,0.000000
4.133559,0.000000,0.000000,0.000000,0.000000,0.000000,0.000000
4.143559,0.000000,0.000000,0.000000,0.000000,0.000000,0.000000
4.153559,0.000000,0.000000,0.000000,0.000000,0.000000,0.000000
4.163559,0.000000,0.000000,0.000000,0.000000,0.000000,0.000000
4.173559,0.000000,0.000000,0.000000,0.000000,0.000000,0.000000
4.183559,0.000000,0.000000,0.000000,0.000000,0.000000,0.000000
4.193559,0.000000,0.000000,0.000000,0.000000,0.000000,0.000000
4.203559,0.000000,0.000000,0.000000,0.000000,0.000000,0.000000
4.213559,0.000000,0.000000,0.000000,0.000000,0.000000,0.000000
4.223559,0.000000,0.000000,0.000000,0.000000,0.000000,0.000000
4.233559,0.000000,0.000000,0.000000,0.000000,0.000000,0.000000
4.243559,0.000000,0.000000,0.000000,0.000000,0.000000,0.000000
4.253559,0.000000,0.000000,0.000000,0.000000,0.000000,0.000000
4.263559,0.000000,0.000000,0.000000,0.000000,0.000000,0.000000
4.273559,0.000000,0.000000,0.000000,0.000000,0.000000,0.000000
4.283559,0.000000,0.000000,0.000000,0.000000,0.000000,0.000000
4.293559,0.000000,0.000000,0.000000,0.000000,0.000000,0.000000
4.303559,0.000000,0.000000,0.000000,0.000000,0.000000,0.000000
4.313559,0.000000,0.000000,0.000000,0.000000,0.000000,0.000000
4.323559,0.000000,0.000000,0.000000,0.000000,0.000000,0.000000
4.333559,0.000000,0.000000,0.000000,0.000000,0.000000,0.000000
4.343559,0.000000,0.000000,0.000000,0.000000,0.000000,0.000000
4.353559,0.000000,0.000000,0.000000,0.000000,0.000000,0.000000
4.363559,0.000000,0.000000,0.000000,0.000000,0.000000,0.000000
4.373559,0.000000,0.000000,0.000000,0.000000,0.000000,0.000000
4.383559,0.000000,0.000000,0.000000,0.000000,0.000000,0.000000
4.393559,0.000000,0.000000,0.000000,0.000000,0.000000,0.000000
4.403559,0.000000,0.000000,0.000000,0.000000,0.000000,0.000000
4.413559,0.000000,0.000000,0.000000,0.000000,0.000000,0.000000
4.423559,0.000000,0.000000,0.000000,0.000000,0.000000,0.000000
4.433559,0.000000,0.000000,0.000000,0.000000,0.000000,0.000000
4.443559,0.000000,0.000000,0.000000,0.000000,0.000000,0.000000
4.453559,0.000000,0.000000,0.000000,0.000000,0.000000,0.000000
4.463559,0.000000,0.000000,0.000000,0.000000,0.000000,0.000000
4.473559,0.000000,0.000000,0.000000,0.000000,0.000000,0.000000
4.483559,0.000000,0.000000,0.000000,0.000000,0.000000,0.000000
4.493559,0.000000,0.000000,0.000000,0.000000,0.000000,0.000000
4.503559,0.000000,0.000000,0.000000,0.000000,0.000000,0.000000
4.513559,0.000000,0.000000,0.000000,0.000000,0.000000,0.000000
4.523559,0.000000,0.000000,0.000000,0.000000,0.000000,0.000000
4.533559,0.000000,0.000000,0.000000,0.000000,0.000000,0.000000
4.543559,0.000000,0.000000,0.000000,0.000000,0.000000,0.000000
4.553559,0.000000,0.000000,0.000000,0.000000,0.000000,0.000000
4.563559,0.000000,0.000000,0.000000,0.000000,0.000000,0.000000
4.573559,0.000000,0.000000,0.000000,0.000000,0.000000,0.000000
4.583559,0.000000,0.000000,0.000000,0.000000,0.000000,0.000000
4.593559,0.000000,0.000000,0.000000,0.000000,0.000000,0.000000
4.603559,0.000000,0.000000,0.000000,0.000000,0.000000,0.000000
4.613559,0.000000,0.000000,0.000000,0.000000,0.000000,0.000000
4.623559,0.000000,0.000000,0.000000,0.000000,0.000000,0.000000
4.633559,0.000000,0.000000,0.000000,0.000000,0.000000,0.000000
4.643559,0.000000,0.000000,0.000000,0.000000,0.000000,0.000000
4.653559,0.000000,0.000000,0.000000,0.000000,0.000000,0.000000
4.663559,0.000000,0.000000,0.000000,0.000000,0.000000,0.000000
4.673559,0.000000,0.000000,0.000000,0.000000,0.000000,0.000000
4.683559,0.000000,0.000000,0.000000,0.000000,0.000000,0.000000
4.693559,0.000000,0.000000,0.000000,0.000000,0.000000,0.000000
4.703559,0.000000,0.000000,0.000000,0.000000,0.000000,0.000000
4.713559,0.000000,0.000000,0.000000,0.000000,0.000000,0.000000
4.723559,0.000000,0.000000,0.000000,0.000000,0.000000,0.000000
4.733559,0.000000,0.000000,0.000000,0.000000,0.000000,0.000000
4.743559,0.000000,0.000000,0.000000,0.000000,0.000000,0.000000
4.753559,0.000000,0.000000,0.000000,0.000000,0.000000,0.000000
4.763559,0.000000,0.000000,0.000000,0.000000,0.000000,0.000000
4.773559,0.000000,0.000000,0.000000,0.000000,0.000000,0.000000
4.783559,0.000000,0.000000,0.000000,0.000000,0.000000,0.000000
4.793559,0.000000,0.000000,0.000000,0.000000,0.000000,0.000000
4.803559,0.000000,0.000000,0.000000,0.000000,0.000000,0.000000
4.813559,0.000000,0.000000,0.000000,0.000000,0.000000,0.000000
4.823559,0.000000,0.000000,0.000000,0.000000,0.000000,0.000000
4.833559,0.000000,0.000000,0.000000,0.000000,0.000000,0.000000
4.843559,0.000000,0.000000,0.000000,0.000000,0.000000,0.000000
4.853559,0.000000,0.000000,0.000000,0.000000,0.000000,0.000000
4.863559,0.000000,0.000000,0.000000,0.000000,0.000000,0.000000
4.873559,0.000000,0.000000,0.000000,0.000000,0.000000,0.000000
4.883559,0.000000,0.000000,0.000000,0.000000,0.000000,0.000000
4.893559,0.000000,0.000000,0.000000,0.000000,0.000000,0.000000
4.903559,0.000000,0.000000,0.000000,0.000000,0.000000,0.000000
4.913559,0.000000,0.000000,0.000000,0.000000,0.000000,0.000000
4.923559,0.000000,0.000000,0.000000,0.000000,0.000000,0.000000
4.933559,0.000000,0.000000,0.000000,0.000000,0.000000,0.000000
4.943559,0.000000,0.000000,0.000000,0.000000,0.000000,0.000000
4.953559,0.000000,0.000000,0.000000,0.000000,0.000000,0.000000
4.963559,0.000000,0.000000,0.000000,0.000000,0.000000,0.000000
4.973559,0.000000,0.000000,0.000000,0.000000,0.000000,0.000000
4.983559,0.000000,0.000000,0.000000,0.000000,0.000000,0.000000
4.993559,0.000000,0.000000,0.000000,0.000000,0.000000,0.000000
5.003559,0.000000,0.000000,0.000000,0.000000,0.000000,0.000000
5.013559,0.000000,0.000000,0.000000,0.000000,0.000000,0.000000
5.023559,0.000000,0.000000,0.000000,0.000000,0.000000,0.000000
5.033559,0.000000,0.000000,0.000000,0.000000,0.000000,0.000000
5.043559,0.000000,0.000000,0.000000,0.000000,0.000000,0.000000
5.053559,0.000000,0.000000,0.000000,0.000000,0.000000,0.000000
5.063559,0.000000,0.000000,0.000000,0.000000,0.000000,0.000000
5.073559,0.000000,0.000000,0.000000,0.000000,0.000000,0.000000
5.083559,0.000000,0.000000,0.000000,0.000000,0.000000,0.000000
5.093559,0.000000,0.000000,0.000000,0.000000,0.000000,0.000000
5.103559,0.005000,0.000000,0.000000,0.000000,0.000000,0.000000
5.113559,0.005000,0.000000,0.000000,0.000000,0.000000,0.000000
5.123559,0.005000,0.000000,0.000000,0.000000,0.000000,0.000000
5.133559,0.005000,0.000000,0.000000,0.000000,0.000000,0.000000
5.143559,0.005000,0.000000,0.000000,0.000000,0.000000,0.000000
5.153559,0.005000,0.000000,0.000000,0.000000,0.000000,0.000000
5.163559,0.005000,0.000000,0.000000,0.000000,0.000000,0.000000
5.173559,0.005000,0.000000,0.000000,0.000000,0.000000,0.000000
5.183559,0.005000,0.000000,0.000000,0.000000,0.000000,0.000000
5.193559,0.010000,0.000000,0.000000,0.000000,0.000000,0.000000
5.203559,0.010000,0.000000,0.000000,0.000000,0.000000,0.000000
5.213559,0.010000,0.000000,0.000000,0.000000,0.000000,0.000000
5.223559,0.010000,0.000000,0.000000,0.000000,0.000000,0.000000
5.233559,0.010000,0.000000,0.000000,0.000000,0.000000,0.000000
5.243559,0.010000,0.000000,0.000000,0.000000,0.000000,0.000000
5.253559,0.010000,0.000000,0.000000,0.000000,0.000000,0.000000
5.263559,0.010000,0.000000,0.000000,0.000000,0.000000,0.000000
5.273559,0.010000,0.000000,0.000000,0.000000,0.000000,0.000000
5.283559,0.010000,0.000000,0.000000,0.000000,0.000000,0.000000
5.293559,0.010000,0.000000,0.000000,0.000000,0.000000,0.000000
5.303559,0.015000,0.000000,0.000000,0.000000,0.000000,0.000000
5.313559,0.015000,0.000000,0.000000,0.000000,0.000000,0.000000
5.323559,0.015000,0.000000,0.000000,0.000000,0.000000,0.000000
5.333559,0.015000,0.000000,0.000000,0.000000,0.000000,0.000000
5.343559,0.015000,0.000000,0.000000,0.000000,0.000000,0.000000
5.353559,0.015000,0.000000,0.000000,0.000000,0.000000,0.000000
5.363559,0.015000,0.000000,0.000000,0.000000,0.000000,0.000000
5.373559,0.015000,0.000000,0.000000,0.000000,0.000000,0.000000
5.383559,0.015000,0.000000,0.000000,0.000000,0.000000,0.000000
5.393559,0.015000,0.000000,0.000000,0.000000,0.000000,0.000000
5.403559,0.020000,0.000000,0.000000,0.000000,0.000000,0.000000
5.413559,0.020000,0.000000,0.000000,0.000000,0.000000,0.000000
5.423559,0.020000,0.000000,0.000000,0.000000,0.000000,0.000000
5.433559,0.020000,0.000000,0.000000,0.000000,0.000000,0.000000
5.443559,0.020000,0.000000,0.000000,0.000000,0.000000,0.000000
5.453559,0.020000,0.000000,0.000000,0.000000,0.000000,0.000000
5.463559,0.020000,0.000000,0.000000,0.000000,0.000000,0.000000
5.473559,0.020000,0.000000,0.000000,0.000000,0.000000,0.000000
5.483559,0.020000,0.000000,0.000000,0.000000,0.000000,0.000000
5.493559,0.020000,0.000000,0.000000,0.000000,0.000000,0.000000
5.503559,0.025000,0.000000,0.000000,0.000000,0.000000,0.000000
5.513559,0.025000,0.000000,0.000000,0.000000,0.000000,0.000000
5.523559,0.025000,0.000000,0.000000,0.000000,0.000000,0.000000
5.533559,0.025000,0.000000,0.000000,0.000000,0.000000,0.000000
5.543559,0.025000,0.000000,0.000000,0.000000,0.000000,0.000000
5.553559,0.025000,0.000000,0.000000,0.000000,0.000000,0.000000
5.563559,0.025000,0.000000,0.000000,0.000000,0.000000,0.000000
5.573559,0.025000,0.000000,0.000000,0.000000,0.000000,0.000000
5.583559,0.025000,0.000000,0.000000,0.000000,0.000000,0.000000
5.593559,0.025000,0.000000,0.000000,0.000000,0.000000,0.000000
5.603559,0.030000,0.000000,0.000000,0.000000,0.000000,0.000000
5.613559,0.030000,0.000000,0.000000,0.000000,0.000000,0.000000
5.623559,0.030000,0.000000,0.000000,0.000000,0.000000,0.000000
5.633559,0.030000,0.000000,0.000000,0.000000,0.000000,0.000000
5.643559,0.030000,0.000000,0.000000,0.000000,0.000000,0.000000
5.653559,0.030000,0.000000,0.000000,0.000000,0.000000,0.000000
5.663559,0.030000,0.000000,0.000000,0.000000,0.000000,0.000000
5.673559,0.030000,0.000000,0.000000,0.000000,0.000000,0.000000
5.683559,0.030000,0.000000,0.000000,0.000000,0.000000,0.000000
5.693559,0.030000,0.000000,0.000000,0.000000,0.000000,0.000000
5.703559,0.035000,0.000000,0.000000,0.000000,0.000000,0.000000
5.713559,0.035000,0.000000,0.000000,0.000000,0.000000,0.000000
5.723559,0.035000,0.000000,0.000000,0.000000,0.000000,0.000000
5.733559,0.035000,0.000000,0.000000,0.000000,0.000000,0.000000
5.743559,0.035000,0.000000,0.000000,0.000000,0.000000,0.000000
5.753559,0.035000,0.000000,0.000000,0.000000,0.000000,0.000000
5.763559,0.035000,0.000000,0.000000,0.000000,0.000000,0.000000
5.773559,0.035000,0.000000,0.000000,0.000000,0.000000,0.000000
5.783559,0.035000,0.000000,0.000000,0.000000,0.000000,0.000000
5.793559,0.035000,0.000000,0.000000,0.000000,0.000000,0.000000
5.803559,0.040000,0.000000,0.000000,0.000000,0.000000,0.000000
5.813559,0.040000,0.000000,0.000000,0.000000,0.000000,0.000000
5.823559,0.040000,0.000000,0.000000,0.000000,0.000000,0.000000
5.833559,0.040000,0.000000,0.000000,0.000000,0.000000,0.000000
5.843559,0.040000,0.000000,0.000000,0.000000,0.000000,0.000000
5.853559,0.040000,0.000000,0.000000,0.000000,0.000000,0.000000
5.863559,0.040000,0.000000,0.000000,0.000000,0.000000,0.000000
5.873559,0.040000,0.000000,0.000000,0.000000,0.000000,0.000000
5.883559,0.040000,0.000000,0.000000,0.000000,0.000000,0.000000
5.893559,0.045000,0.000000,0.000000,0.000000,0.000000,0.000000
5.903559,0.045000,0.000000,0.000000,0.000000,0.000000,0.000000
5.913559,0.045000,0.000000,0.000000,0.000000,0.000000,0.000000
5.923559,0.045000,0.000000,0.000000,0.000000,0.000000,0.000000
5.933559,0.045000,0.000000,0.000000,0.000000,0.000000,0.000000
5.943559,0.045000,0.000000,0.000000,0.000000,0.000000,0.000000
5.953559,0.045000,0.000000,0.000000,0.000000,0.000000,0.000000
5.963559,0.045000,0.000000,0.000000,0.000000,0.000000,0.000000
5.973559,0.045000,0.000000,0.000000,0.000000,0.000000,0.000000
5.983559,0.045000,0.000000,0.000000,0.000000,0.000000,0.000000
5.993559,0.050000,0.000000,0.000000,0.000000,0.000000,0.000000
6.003559,0.050000,0.000000,0.000000,0.000000,0.000000,0.000000
6.013559,0.050000,0.000000,0.000000,0.000000,0.000000,0.000000
6.023559,0.050000,0.000000,0.000000,0.000000,0.000000,0.000000
6.033559,0.050000,0.000000,0.000000,0.000000,0.000000,0.000000
6.043559,0.050000,0.000000,0.000000,0.000000,0.000000,0.000000
6.053559,0.050000,0.000000,0.000000,0.000000,0.000000,0.000000
6.063559,0.050000,0.000000,0.000000,0.000000,0.000000,0.000000
6.073559,0.050000,0.000000,0.000000,0.000000,0.000000,0.000000
6.083559,0.050000,0.000000,0.000000,0.000000,0.000000,0.000000
6.093559,0.050000,0.000000,0.000000,0.000000,0.000000,0.000000
6.103559,0.055000,0.000000,0.000000,0.000000,0.000000,0.000000
6.113559,0.055000,0.000000,0.000000,0.000000,0.000000,0.000000
6.123559,0.055000,0.000000,0.000000,0.000000,0.000000,0.000000
6.133559,0.055000,0.000000,0.000000,0.000000,0.000000,0.000000
6.143559,0.055000,0.000000,0.000000,0.000000,0.000000,0.000000
6.153559,0.055000,0.000000,0.000000,0.000000,0.000000,0.000000
6.163559,0.055000,0.000000,0.000000,0.000000,0.000000,0.000000
6.173559,0.055000,0.000000,0.000000,0.000000,0.000000,0.000000
6.183559,0.055000,0.000000,0.000000,0.000000,0.000000,0.000000
6.193559,0.060000,0.000000,0.000000,0.000000,0.000000,0.000000
6.203559,0.060000,0.000000,0.000000,0.000000,0.000000,0.000000
6.213559,0.060000,0.000000,0.000000,0.000000,0.000000,0.000000
6.223559,0.060000,0.000000,0.000000,0.000000,0.000000,0.000000
6.233559,0.060000,0.000000,0.000000,0.000000,0.000000,0.000000
6.243559,0.060000,0.000000,0.000000,0.000000,0.000000,0.000000
6.253559,0.060000,0.000000,0.000000,0.000000,0.000000,0.000000
6.263559,0.060000,0.000000,0.000000,0.000000,0.000000,0.000000
6.273559,0.060000,0.000000,0.000000,0.000000,0.000000,0.000000
6.283559,0.060000,0.000000,0.000000,0.000000,0.000000,0.000000
6.293559,0.060000,0.000000,0.000000,0.000000,0.000000,0.000000
6.303559,0.065000,0.000000,0.000000,0.000000,0.000000,0.000000
6.313559,0.065000,0.000000,0.000000,0.000000,0.000000,0.000000
6.323559,0.065000,0.000000,0.000000,0.000000,0.000000,0.000000
6.333559,0.065000,0.000000,0.000000,0.000000,0.000000,0.000000
6.343559,0.065000,0.000000,0.000000,0.000000,0.000000,0.000000
6.353559,0.065000,0.000000,0.000000,0.000000,0.000000,0.000000
6.363559,0.065000,0.000000,0.000000,0.000000,0.000000,0.000000
6.373559,0.065000,0.000000,0.000000,0.000000,0.000000,0.000000
6.383559,0.065000,0.000000,0.000000,0.000000,0.000000,0.000000
6.393559,0.065000,0.000000,0.000000,0.000000,0.000000,0.000000
6.403559,0.070000,0.000000,0.000000,0.000000,0.000000,0.000000
6.413559,0.070000,0.000000,0.000000,0.000000,0.000000,0.000000
6.423559,0.070000,0.000000,0.000000,0.000000,0.000000,0.000000
6.433559,0.070000,0.000000,0.000000,0.000000,0.000000,0.000000
6.443559,0.070000,0.000000,0.000000,0.000000,0.000000,0.000000
6.453559,0.070000,0.000000,0.000000,0.000000,0.000000,0.000000
6.463559,0.070000,0.000000,0.000000,0.000000,0.000000,0.000000
6.473559,0.070000,0.000000,0.000000,0.000000,0.000000,0.000000
6.483559,0.070000,0.000000,0.000000,0.000000,0.000000,0.000000
6.493559,0.070000,0.000000,0.000000,0.000000,0.000000,0.000000
6.503559,0.075000,0.000000,0.000000,0.000000,0.000000,0.000000
6.513559,0.075000,0.000000,0.000000,0.000000,0.000000,0.000000
6.523559,0.075000,0.000000,0.000000,0.000000,0.000000,0.000000
6.533559,0.075000,0.000000,0.000000,0.000000,0.000000,0.000000
6.543559,0.075000,0.000000,0.000000,0.000000,0.000000,0.000000
6.553559,0.075000,0.000000,0.000000,0.000000,0.000000,0.000000
6.563559,0.075000,0.000000,0.000000,0.000000,0.000000,0.000000
6.573559,0.075000,0.000000,0.000000,0.000000,0.000000,0.000000
6.583559,0.075000,0.000000,0.000000,0.000000,0.000000,0.000000
6.593559,0.075000,0.000000,0.000000,0.000000,0.000000,0.000000
6.603559,0.080000,0.000000,0.000000,0.000000,0.000000,0.000000
6.613559,0.080000,0.000000,0.000000,0.000000,0.000000,0.000000
6.623559,0.080000,0.000000,0.000000,0.000000,0.000000,0.000000
6.633559,0.080000,0.000000,0.000000,0.000000,0.000000,0.000000
6.643559,0.080000,0.000000,0.000000,0.000000,0.000000,0.000000
6.653559,0.080000,0.000000,0.000000,0.000000,0.000000,0.000000
6.663559,0.080000,0.000000,0.000000,0.000000,0.000000,0.000000
6.673559,0.080000,0.000000,0.000000,0.000000,0.000000,0.000000
6.683559,0.080000,0.000000,0.000000,0.000000,0.000000,0.000000
6.693559,0.085000,0.000000,0.000000,0.000000,0.000000,0.000000
6.703559,0.085000,0.000000,0.000000,0.000000,0.000000,0.000000
6.713559,0.085000,0.000000,0.000000,0.000000,0.000000,0.000000
6.723559,0.085000,0.000000,0.000000,0.000000,0.000000,0.000000
6.733559,0.085000,0.000000,0.000000,0.000000,0.000000,0.000000
6.743559,0.085000,0.000000,0.000000,0.000000,0.000000,0.000000
6.753559,0.085000,0.000000,0.000000,0.000000,0.000000,0.000000
6.763559,0.085000,0.000000,0.000000,0.000000,0.000000,0.000000
6.773559,0.085000,0.000000,0.000000,0.000000,0.000000,0.000000
6.783559,0.085000,0.000000,0.000000,0.000000,0.000000,0.000000
6.793559,0.090000,0.000000,0.000000,0.000000,0.000000,0.000000
6.803559,0.090000,0.000000,0.000000,0.000000,0.000000,0.000000
6.813559,0.090000,0.000000,0.000000,0.000000,0.000000,0.000000
6.823559,0.090000,0.000000,0.000000,0.000000,0.000000,0.000000
6.833559,0.090000,0.000000,0.000000,0.000000,0.000000,0.000000
6.843559,0.090000,0.000000,0.000000,0.000000,0.000000,0.000000
6.853559,0.090000,0.000000,0.000000,0.000000,0.000000,0.000000
6.863559,0.090000,0.000000,0.000000,0.000000,0.000000,0.000000
6.873559,0.090000,0.000000,0.000000,0.000000,0.000000,0.000000
6.883559,0.090000,0.000000,0.000000,0.000000,0.000000,0.000000
6.893559,0.095000,0.000000,0.000000,0.000000,0.000000,0.000000
6.903559,0.095000,0.000000,0.000000,0.000000,0.000000,0.000000
6.913559,0.095000,0.000000,0.000000,0.000000,0.000000,0.000000
6.923559,0.095000,0.000000,0.000000,0.000000,0.000000,0.000000
6.933559,0.095000,0.000000,0.000000,0.000000,0.000000,0.000000
6.943559,0.095000,0.000000,0.000000,0.000000,0.000000,0.000000
6.953559,0.095000,0.000000,0.000000,0.000000,0.000000,0.000000
6.963559,0.095000,0.000000,0.000000,0.000000,0.000000,0.000000
6.973559,0.095000,0.000000,0.000000,0.000000,0.000000,0.000000
6.983559,0.095000,0.000000,0.000000,0.000000,0.000000,0.000000
6.993559,0.095000,0.000000,0.000000,0.000000,0.000000,0.000000
7.003559,0.100000,0.000000,0.000000,0.000000,0.000000,0.000000
7.013559,0.100000,0.000000,0.000000,0.000000,0.000000,0.000000
7.023559,0.100000,0.000000,0.000000,0.000000,0.000000,0.000000
7.033559,0.100000,0.000000,0.000000,0.000000,0.000000,0.000000
7.043559,0.100000,0.000000,0.000000,0.000000,0.000000,0.000000
7.053559,0.100000,0.000000,0.000000,0.000000,0.000000,0.000000
7.063559,0.100000,0.000000,0.000000,0.000000,0.000000,0.000000
7.073559,0.100000,0.000000,0.000000,0.000000,0.000000,0.000000
7.083559,0.100000,0.000000,0.000000,0.000000,0.000000,0.000000
7.093559,0.100000,0.000000,0.000000,0.000000,0.000000,0.000000
7.103559,0.095000,0.000000,0.000000,0.000000,0.000000,0.000000
7.113559,0.095000,0.000000,0.000000,0.000000,0.000000,0.000000
7.123559,0.095000,0.000000,0.000000,0.000000,0.000000,0.000000
7.133559,0.095000,0.000000,0.000000,0.000000,0.000000,0.000000
7.143559,0.095000,0.000000,0.000000,0.000000,0.000000,0.000000
7.153559,0.095000,0.000000,0.000000,0.000000,0.000000,0.000000
7.163559,0.095000,0.000000,0.000000,0.000000,0.000000,0.000000
7.173559,0.095000,0.000000,0.000000,0.000000,0.000000,0.000000
7.183559,0.095000,0.000000,0.000000,0.000000,0.000000,0.000000
7.193559,0.090000,0.000000,0.000000,0.000000,0.000000,0.000000
7.203559,0.090000,0.000000,0.000000,0.000000,0.000000,0.000000
7.213559,0.090000,0.000000,0.000000,0.000000,0.000000,0.000000
7.223559,0.090000,0.000000,0.000000,0.000000,0.000000,0.000000
7.233559,0.090000,0.000000,0.000000,0.000000,0.000000,0.000000
7.243559,0.090000,0.000000,0.000000,0.000000,0.000000,0.000000
7.253559,0.090000,0.000000,0.000000,0.000000,0.000000,0.000000
7.263559,0.090000,0.000000,0.000000,0.000000,0.000000,0.000000
7.273559,0.090000,0.000000,0.000000,0.000000,0.000000,0.000000
7.283559,0.090000,0.000000,0.000000,0.000000,0.000000,0.000000
7.293559,0.090000,0.000000,0.000000,0.000000,0.000000,0.000000
7.303559,0.085000,0.000000,0.000000,0.000000,0.000000,0.000000
7.313559,0.085000,0.000000,0.000000,0.000000,0.000000,0.000000
7.323559,0.085000,0.000000,0.000000,0.000000,0.000000,0.000000
7.333559,0.085000,0.000000,0.000000,0.000000,0.000000,0.000000
7.343559,0.085000,0.000000,0.000000,0.000000,0.000000,0.000000
7.353559,0.085000,0.000000,0.000000,0.000000,0.000000,0.000000
7.363559,0.085000,0.000000,0.000000,0.000000,0.000000,0.000000
7.373559,0.085000,0.000000,0.000000,0.000000,0.000000,0.000000
7.383559,0.085000,0.000000,0.000000,0.000000,0.000000,0.000000
7.393559,0.085000,0.000000,0.000000,0.000000,0.000000,0.000000
7.403559,0.080000,0.000000,0.000000,0.000000,0.000000,0.000000
7.413559,0.080000,0.000000,0.000000,0.000000,0.000000,0.000000
7.423559,0.080000,0.000000,0.000000,0.000000,0.000000,0.000000
7.433559,0.080000,0.000000,0.000000,0.000000,0.000000,0.000000
7.443559,0.080000,0.000000,0.000000,0.000000,0.000000,0.000000
7.453559,0.080000,0.000000,0.000000,0.000000,0.000000,0.000000
7.463559,0.080000,0.000000,0.000000,0.000000,0.000000,0.000000
7.473559,0.080000,0.000000,0.000000,0.000000,0.000000,0.000000
7.483559,0.080000,0.000000,0.000000,0.000000,0.000000,0.000000
7.493559,0.080000,0.000000,0.000000,0.000000,0.000000,0.000000
7.503559,0.075000,0.000000,0.000000,0.000000,0.000000,0.000000
7.513559,0.075000,0.000000,0.000000,0.000000,0.000000,0.000000
7.523559,0.075000,0.000000,0.000000,0.000000,0.000000,0.000000
7.533559,0.075000,0.000000,0.000000,0.000000,0.000000,0.000000
7.543559,0.075000,0.000000,0.000000,0.000000,0.000000,0.000000
7.553559,0.075000,0.000000,0.000000,0.000000,0.000000,0.000000
7.563559,0.075000,0.000000,0.000000,0.000000,0.000000,0.000000
7.573559,0.075000,0.000000,0.000000,0.000000,0.000000,0.000000
7.583559,0.075000,0.000000,0.000000,0.000000,0.000000,0.000000
7.593559,0.075000,0.000000,0.000000,0.000000,0.000000,0.000000
7.603559,0.070000,0.000000,0.000000,0.000000,0.000000,0.000000
7.613559,0.070000,0.000000,0.000000,0.000000,0.000000,0.000000
7.623559,0.070000,0.000000,0.000000,0.000000,0.000000,0.000000
7.633559,0.070000,0.000000,0.000000,0.000000,0.000000,0.000000
7.643559,0.070000,0.000000,0.000000,0.000000,0.000000,0.000000
7.653559,0.070000,0.000000,0.000000,0.000000,0.000000,0.000000
7.663559,0.070000,0.000000,0.000000,0.000000,0.000000,0.000000
7.673559,0.070000,0.000000,0.000000,0.000000,0.000000,0.000000
7.683559,0.070000,0.000000,0.000000,0.000000,0.000000,0.000000
7.693559,0.070000,0.000000,0.000000,0.000000,0.000000,0.000000
7.703559,0.065000,0.000000,0.000000,0.000000,0.000000,0.000000
7.713559,0.065000,0.000000,0.000000,0.000000,0.000000,0.000000
7.723559,0.065000,0.000000,0.000000,0.000000,0.000000,0.000000
7.733559,0.065000,0.000000,0.000000,0.000000,0.000000,0.000000
7.743559,0.065000,0.000000,0.000000,0.000000,0.000000,0.000000
7.753559,0.065000,0.000000,0.000000,0.000000,0.000000,0.000000
7.763559,0.065000,0.000000,0.000000,0.000000,0.000000,0.000000
7.773559,0.065000,0.000000,0.000000,0.000000,0.000000,0.000000
7.783559,0.065000,0.000000,0.000000,0.000000,0.000000,0.000000
7.793559,0.065000,0.000000,0.000000,0.000000,0.000000,0.000000
7.803559,0.060000,0.000000,0.000000,0.000000,0.000000,0.000000
7.813559,0.060000,0.000000,0.000000,0.000000,0.000000,0.000000
7.823559,0.060000,0.000000,0.000000,0.000000,0.000000,0.000000
7.833559,0.060000,0.000000,0.000000,0.000000,0.000000,0.000000
7.843559,0.060000,0.000000,0.000000,0.000000,0.000000,0.000000
7.853559,0.060000,0.000000,0.000000,0.000000,0.000000,0.000000
7.863559,0.060000,0.000000,0.000000,0.000000,0.000000,0.000000
7.873559,0.060000,0.000000,0.000000,0.000000,0.000000,0.000000
7.883559,0.060000,0.000000,0.000000,0.000000,0.000000,0.000000
7.893559,0.060000,0.000000,0.000000,0.000000,0.000000,0.000000
7.903559,0.055000,0.000000,0.000000,0.000000,0.000000,0.000000
7.913559,0.055000,0.000000,0.000000,0.000000,0.000000,0.000000
7.923559,0.055000,0.000000,0.000000,0.000000,0.000000,0.000000
7.933559,0.055000,0.000000,0.000000,0.000000,0.000000,0.000000
7.943559,0.055000,0.000000,0.000000,0.000000,0.000000,0.000000
7.953559,0.055000,0.000000,0.000000,0.000000,0.000000,0.000000
7.963559,0.055000,0.000000,0.000000,0.000000,0.000000,0.000000
7.973559,0.055000,0.000000,0.000000,0.000000,0.000000,0.000000
7.983559,0.055000,0.000000,0.000000,0.000000,0.000000,0.000000
7.993559,0.055000,0.000000,0.000000,0.000000,0.000000,0.000000
8.003559,0.050000,0.000000,0.000000,0.000000,0.000000,0.000000
8.013559,0.050000,0.000000,0.000000,0.000000,0.000000,0.000000
8.023559,0.050000,0.000000,0.000000,0.000000,0.000000,0.000000
8.033559,0.050000,0.000000,0.000000,0.000000,0.000000,0.000000
8.043559,0.050000,0.000000,0.000000,0.000000,0.000000,0.000000
8.053559,0.050000,0.000000,0.000000,0.000000,0.000000,0.000000
8.063559,0.050000,0.000000,0.000000,0.000000,0.000000,0.000000
8.073559,0.050000,0.000000,0.000000,0.000000,0.000000,0.000000
8.083559,0.050000,0.000000,0.000000,0.000000,0.000000,0.000000
8.093559,0.050000,0.000000,0.000000,0.000000,0.000000,0.000000
8.103559,0.045000,0.000000,0.000000,0.000000,0.000000,0.000000
8.113559,0.045000,0.000000,0.000000,0.000000,0.000000,0.000000
8.123559,0.045000,0.000000,0.000000,0.000000,0.000000,0.000000
8.133559,0.045000,0.000000,0.000000,0.000000,0.000000,0.000000
8.143559,0.045000,0.000000,0.000000,0.000000,0.000000,0.000000
8.153559,0.045000,0.000000,0.000000,0.000000,0.000000,0.000000
8.163559,0.045000,0.000000,0.000000,0.000000,0.000000,0.000000
8.173559,0.045000,0.000000,0.000000,0.000000,0.000000,0.000000
8.183559,0.045000,0.000000,0.000000,0.000000,0.000000,0.000000
8.193559,0.045000,0.000000,0.000000,0.000000,0.000000,0.000000
8.203559,0.040000,0.000000,0.000000,0.000000,0.000000,0.000000
8.213559,0.040000,0.000000,0.000000,0.000000,0.000000,0.000000
8.223559,0.040000,0.000000,0.000000,0.000000,0.000000,0.000000
8.233559,0.040000,0.000000,0.000000,0.000000,0.000000,0.000000
8.243559,0.040000,0.000000,0.000000,0.000000,0.000000,0.000000
8.253559,0.040000,0.000000,0.000000,0.000000,0.000000,0.000000
8.263559,0.040000,0.000000,0.000000,0.000000,0.000000,0.000000
8.273559,0.040000,0.000000,0.000000,0.000000,0.000000,0.000000
8.283559,0.040000,0.000000,0.000000,0.000000,0.000000,0.000000
8.293559,0.040000,0.000000,0.000000,0.000000,0.000000,0.000000
8.303559,0.035000,0.000000,0.000000,0.000000,0.000000,0.000000
8.313559,0.035000,0.000000,0.000000,0.000000,0.000000,0.000000
8.323559,0.035000,0.000000,0.000000,0.000000,0.000000,0.000000
8.333559,0.035000,0.000000,0.000000,0.000000,0.000000,0.000000
8.343559,0.035000,0.000000,0.000000,0.000000,0.000000,0.000000
8.353559,0.035000,0.000000,0.000000,0.000000,0.000000,0.000000
8.363559,0.035000,0.000000,0.000000,0.000000,0.000000,0.000000
8.373559,0.035000,0.000000,0.000000,0.000000,0.000000,0.000000
8.383559,0.035000,0.000000,0.000000,0.000000,0.000000,0.000000
8.393559,0.035000,0.000000,0.000000,0.000000,0.000000,0.000000
8.403559,0.030000,0.000000,0.000000,0.000000,0.000000,0.000000
8.413559,0.030000,0.000000,0.000000,0.000000,0.000000,0.000000
8.423559,0.030000,0.000000,0.000000,0.000000,0.000000,0.000000
8.433559,0.030000,0.000000,0.000000,0.000000,0.000000,0.000000
8.443559,0.030000,0.000000,0.000000,0.000000,0.000000,0.000000
8.453559,0.030000,0.000000,0.000000,0.000000,0.000000,0.000000
8.463559,0.030000,0.000000,0.000000,0.000000,0.000000,0.000000
8.473559,0.030000,0.000000,0.000000,0.000000,0.000000,0.000000
8.483559,0.030000,0.000000,0.000000,0.000000,0.000000,0.000000
8.493559,0.030000,0.000000,0.000000,0.000000,0.000000,0.000000
8.503559,0.025000,0.000000,0.000000,0.000000,0.000000,0.000000
8.513559,0.025000,0.000000,0.000000,0.000000,0.000000,0.000000
8.523559,0.025000,0.000000,0.000000,0.000000,0.000000,0.000000
8.533559,0.025000,0.000000,0.000000,0.000000,0.000000,0.000000
8.543559,0.025000,0.000000,0.000000,0.000000,0.000000,0.000000
8.553559,0.025000,0.000000,0.000000,0.000000,0.000000,0.000000
8.563559,0.025000,0.000000,0.000000,0.000000,0.000000,0.000000
8.573559,0.025000,0.000000,0.000000,0.000000,0.000000,0.000000
8.583559,0.025000,0.000000,0.000000,0.000000,0.000000,0.000000
8.593559,0.020000,0.000000,0.000000,0.000000,0.000000,0.000000
8.603559,0.020000,0.000000,0.000000,0.000000,0.000000,0.000000
8.613559,0.020000,0.000000,0.000000,0.000000,0.000000,0.000000
8.623559,0.020000,0.000000,0.000000,0.000000,0.000000,0.000000
8.633559,0.020000,0.000000,0.000000,0.000000,0.000000,0.000000
8.643559,0.020000,0.000000,0.000000,0.000000,0.000000,0.000000
8.653559,0.020000,0.000000,0.000000,0.000000,0.000000,0.000000
8.663559,0.020000,0.000000,0.000000,0.000000,0.000000,0.000000
8.673559,0.020000,0.000000,0.000000,0.000000,0.000000,0.000000
8.683559,0.020000,0.000000,0.000000,0.000000,0.000000,0.000000
8.693559,0.020000,0.000000,0.000000,0.000000,0.000000,0.000000
8.703559,0.015000,0.000000,0.000000,0.000000,0.000000,0.000000
8.713559,0.015000,0.000000,0.000000,0.000000,0.000000,0.000000
8.723559,0.015000,0.000000,0.000000,0.000000,0.000000,0.000000
8.733559,0.015000,0.000000,0.000000,0.000000,0.000000,0.000000
8.743559,0.015000,0.000000,0.000000,0.000000,0.000000,0.000000
8.753559,0.015000,0.000000,0.000000,0.000000,0.000000,0.000000
8.763559,0.015000,0.000000,0.000000,0.000000,0.000000,0.000000
8.773559,0.015000,0.000000,0.000000,0.000000,0.000000,0.000000
8.783559,0.015000,0.000000,0.000000,0.000000,0.000000,0.000000
8.793559,0.010000,0.000000,0.000000,0.000000,0.000000,0.000000
8.803559,0.010000,0.000000,0.000000,0.000000,0.000000,0.000000
8.813559,0.010000,0.000000,0.000000,0.000000,0.000000,0.000000
8.823559,0.010000,0.000000,0.000000,0.000000,0.000000,0.000000
8.833559,0.010000,0.000000,0.000000,0.000000,0.000000,0.000000
8.843559,0.010000,0.000000,0.000000,0.000000,0.000000,0.000000
8.853559,0.010000,0.000000,0.000000,0.000000,0.000000,0.000000
8.863559,0.010000,0.000000,0.000000,0.000000,0.000000,0.000000
8.873559,0.010000,0.000000,0.000000,0.000000,0.000000,0.000000
8.883559,0.010000,0.000000,0.000000,0.000000,0.000000,0.000000
8.893559,0.010000,0.000000,0.000000,0.000000,0.000000,0.000000
8.903559,0.005000,0.000000,0.000000,0.000000,0.000000,0.000000
8.913559,0.005000,0.000000,0.000000,0.000000,0.000000,0.000000
8.923559,0.005000,0.000000,0.000000,0.000000,0.000000,0.000000
8.933559,0.005000,0.000000,0.000000,0.000000,0.000000,0.000000
8.943559,0.005000,0.000000,0.000000,0.000000,0.000000,0.000000
8.953559,0.005000,0.000000,0.000000,0.000000,0.000000,0.000000
8.963559,0.005000,0.000000,0.000000,0.000000,0.000000,0.000000
8.973559,0.005000,0.000000,0.000000,0.000000,0.000000,0.000000
8.983559,0.005000,0.000000,0.000000,0.000000,0.000000,0.000000
8.993559,0.005000,0.000000,0.000000,0.000000,0.000000,0.000000
9.003559,0.000000,0.000000,0.000000,0.000000,0.000000,0.000000
9.013559,0.000000,0.000000,0.000000,0.000000,0.000000,0.000000
9.023559,0.000000,0.000000,0.000000,0.000000,0.000000,0.000000
9.033559,0.000000,0.000000,0.000000,0.000000,0.000000,0.000000
9.043559,0.000000,0.000000,0.000000,0.000000,0.000000,0.000000
9.053559,0.000000,0.000000,0.000000,0.000000,0.000000,0.000000
9.063559,0.000000,0.000000,0.000000,0.000000,0.000000,0.000000
9.073559,0.000000,0.000000,0.000000,0.000000,0.000000,0.000000
9.083559,0.000000,0.000000,0.000000,0.000000,0.000000,0.000000
9.093559,0.000000,0.000000,0.000000,0.000000,0.000000,0.000000
9.103559,0.000000,0.000000,0.000000,0.000000,0.000000,0.000000
9.113559,0.000000,0.000000,0.000000,0.000000,0.000000,0.000000
9.123559,0.000000,0.000000,0.000000,0.000000,0.000000,0.000000
9.133559,0.000000,0.000000,0.000000,0.000000,0.000000,0.000000
9.143559,0.000000,0.000000,0.000000,0.000000,0.000000,0.000000
9.153559,0.000000,0.000000,0.000000,0.000000,0.000000,0.000000
9.163559,0.000000,0.000000,0.000000,0.000000,0.000000,0.000000
9.173559,0.000000,0.000000,0.000000,0.000000,0.000000,0.000000
9.183559,0.000000,0.000000,0.000000,0.000000,0.000000,0.000000
9.193559,0.000000,0.000000,0.000000,0.000000,0.000000,0.000000
9.203559,0.000000,0.000000,0.000000,0.000000,0.000000,0.000000
9.213559,0.000000,0.000000,0.000000,0.000000,0.000000,0.000000
9.223559,0.000000,0.000000,0.000000,0.000000,0.000000,0.000000
9.233559,0.000000,0.000000,0.000000,0.000000,0.000000,0.000000
9.243559,0.000000,0.000000,0.000000,0.000000,0.000000,0.000000
9.253559,0.000000,0.000000,0.000000,0.000000,0.000000,0.000000
9.263559,0.000000,0.000000,0.000000,0.000000,0.000000,0.000000
9.273559,0.000000,0.000000,0.000000,0.000000,0.000000,0.000000
9.283559,0.000000,0.000000,0.000000,0.000000,0.000000,0.000000
9.293559,0.000000,0.000000,0.000000,0.000000,0.000000,0.000000
9.303559,0.000000,0.000000,0.000000,0.000000,0.000000,0.000000
9.313559,0.000000,0.000000,0.000000,0.000000,0.000000,0.000000
9.323559,0.000000,0.000000,0.000000,0.000000,0.000000,0.000000
9.333559,0.000000,0.000000,0.000000,0.000000,0.000000,0.000000
9.343559,0.000000,0.000000,0.000000,0.000000,0.000000,0.000000
9.353559,0.000000,0.000000,0.000000,0.000000,0.000000,0.000000
9.363559,0.000000,0.000000,0.000000,0.000000,0.000000,0.000000
9.373559,0.000000,0.000000,0.000000,0.000000,0.000000,0.000000
9.383559,0.000000,0.000000,0.000000,0.000000,0.000000,0.000000
9.393559,0.000000,0.000000,0.000000,0.000000,0.000000,0.000000
9.403559,0.000000,0.000000,0.000000,0.000000,0.000000,0.000000
9.413559,0.000000,0.000000,0.000000,0.000000,0.000000,0.000000
9.423559,0.000000,0.000000,0.000000,0.000000,0.000000,0.000000
9.433559,0.000000,0.000000,0.000000,0.000000,0.000000,0.000000
9.443559,0.000000,0.000000,0.000000,0.000000,0.000000,0.000000
9.453559,0.000000,0.000000,0.000000,0.000000,0.000000,0.000000
9.463559,0.000000,0.000000,0.000000,0.000000,0.000000,0.000000
9.473559,0.000000,0.000000,0.000000,0.000000,0.000000,0.000000
9.483559,0.000000,0.000000,0.000000,0.000000,0.000000,0.000000
9.493559,0.000000,0.000000,0.000000,0.000000,0.000000,0.000000
9.503559,0.000000,0.000000,0.000000,0.000000,0.000000,0.000000
9.513559,0.000000,0.000000,0.000000,0.000000,0.000000,0.000000
9.523559,0.000000,0.000000,0.000000,0.000000,0.000000,0.000000
9.533559,0.000000,0.000000,0.000000,0.000000,0.000000,0.000000
9.543559,0.000000,0.000000,0.000000,0.000000,0.000000,0.000000
9.553559,0.000000,0.000000,0.000000,0.000000,0.000000,0.000000
9.563559,0.000000,0.000000,0.000000,0.000000,0.000000,0.000000
9.573559,0.000000,0.000000,0.000000,0.000000,0.000000,0.000000
9.583559,0.000000,0.000000,0.000000,0.000000,0.000000,0.000000
9.593559,0.000000,0.000000,0.000000,0.000000,0.000000,0.000000
9.603559,0.000000,0.000000,0.000000,0.000000,0.000000,0.000000
9.613559,0.000000,0.000000,0.000000,0.000000,0.000000,0.000000
9.623559,0.000000,0.000000,0.000000,0.000000,0.000000,0.000000
9.633559,0.000000,0.000000,0.000000,0.000000,0.000000,0.000000
9.643559,0.000000,0.000000,0.000000,0.000000,0.000000,0.000000
9.653559,0.000000,0.000000,0.000000,0.000000,0.000000,0.000000
9.663559,0.000000,0.000000,0.000000,0.000000,0.000000,0.000000
9.673559,0.000000,0.000000,0.000000,0.000000,0.000000,0.000000
9.683559,0.000000,0.000000,0.000000,0.000000,0.000000,0.000000
9.693559,0.000000,0.000000,0.000000,0.000000,0.000000,0.000000
9.703559,0.000000,0.000000,0.000000,0.000000,0.000000,0.000000
9.713559,0.000000,0.000000,0.000000,0.000000,0.000000,0.000000
9.723559,0.000000,0.000000,0.000000,0.000000,0.000000,0.000000
9.733559,0.000000,0.000000,0.000000,0.000000,0.000000,0.000000
9.743559,0.000000,0.000000,0.000000,0.000000,0.000000,0.000000
9.753559,0.000000,0.000000,0.000000,0.000000,0.000000,0.000000
9.763559,0.000000,0.000000,0.000000,0.000000,0.000000,0.000000
9.773559,0.000000,0.000000,0.000000,0.000000,0.000000,0.000000
9.783559,0.000000,0.000000,0.000000,0.000000,0.000000,0.000000
9.793559,0.000000,0.000000,0.000000,0.000000,0.000000,0.000000
9.803559,0.000000,0.000000,0.000000,0.000000,0.000000,0.000000
9.813559,0.000000,0.000000,0.000000,0.000000,0.000000,0.000000
9.823559,0.000000,0.000000,0.000000,0.000000,0.000000,0.000000
9.833559,0.000000,0.000000,0.000000,0.000000,0.000000,0.000000
9.843559,0.000000,0.000000,0.000000,0.000000,0.000000,0.000000
9.853559,0.000000,0.000000,0.000000,0.000000,0.000000,0.000000
9.863559,0.000000,0.000000,0.000000,0.000000,0.000000,0.000000
9.873559,0.000000,0.000000,0.000000,0.000000,0.000000,0.000000
9.883559,0.000000,0.000000,0.000000,0.000000,0.000000,0.000000
9.893559,0.000000,0.000000,0.000000,0.000000,0.000000,0.000000
9.903559,0.000000,0.000000,0.000000,0.000000,0.000000,0.000000
9.913559,0.000000,0.000000,0.000000,0.000000,0.000000,0.000000
9.923559,0.000000,0.000000,0.000000,0.000000,0.000000,0.000000
9.933559,0.000000,0.000000,0.000000,0.000000,0.000000,0.000000
9.943559,0.000000,0.000000,0.000000,0.000000,0.000000,0.000000
9.953559,0.000000,0.000000,0.000000,0.000000,0.000000,0.000000
9.963559,0.000000,0.000000,0.000000,0.000000,0.000000,0.000000
9.973559,0.000000,0.000000,0.000000,0.000000,0.000000,0.000000
9.983559,0.000000,0.000000,0.000000,0.000000,0.000000,0.000000
9.993559,0.000000,0.000000,0.000000,0.000000,0.000000,0.000000
10.003559,0.000000,0.000000,0.000000,0.000000,0.000000,0.000000
10.013559,0.000000,0.000000,0.000000,0.000000,0.000000,0.000000
10.023559,0.000000,0.000000,0.000000,0.000000,0.000000,0.000000
10.033559,0.000000,0.000000,0.000000,0.000000,0.000000,0.000000
10.043559,0.000000,0.000000,0.000000,0.000000,0.000000,0.000000
10.053559,0.000000,0.000000,0.000000,0.000000,0.000000,0.000000
10.063559,0.000000,0.000000,0.000000,0.000000,0.000000,0.000000
10.073559,0.000000,0.000000,0.000000,0.000000,0.000000,0.000000
10.083559,0.000000,0.000000,0.000000,0.000000,0.000000,0.000000
10.093559,0.000000,0.000000,0.000000,0.000000,0.000000,0.000000
10.103559,0.000000,0.000000,0.000000,0.000000,0.000000,0.000000
10.113559,0.000000,0.000000,0.000000,0.000000,0.000000,0.000000
10.123559,0.000000,0.000000,0.000000,0.000000,0.000000,0.000000
10.133559,0.000000,0.000000,0.000000,0.000000,0.000000,0.000000
10.143559,0.000000,0.000000,0.000000,0.000000,0.000000,0.000000
10.153559,0.000000,0.000000,0.000000,0.000000,0.000000,0.000000
10.163559,0.000000,0.000000,0.000000,0.000000,0.000000,0.000000
10.173559,0.000000,0.000000,0.000000,0.000000,0.000000,0.000000
10.183559,0.000000,0.000000,0.000000,0.000000,0.000000,0.000000
10.193559,0.000000,0.000000,0.000000,0.000000,0.000000,0.000000
10.203559,0.000000,0.000000,0.000000,0.000000,0.000000,0.000000
10.213559,0.000000,0.000000,0.000000,0.000000,0.000000,0.000000
10.223559,0.000000,0.000000,0.000000,0.000000,0.000000,0.000000
10.233559,0.000000,0.000000,0.000000,0.000000,0.000000,0.000000
10.243559,0.000000,0.000000,0.000000,0.000000,0.000000,0.000000
10.253559,0.000000,0.000000,0.000000,0.000000,0.000000,0.000000
10.263559,0.000000,0.000000,0.000000,0.000000,0.000000,0.000000
10.273559,0.000000,0.000000,0.000000,0.000000,0.000000,0.000000
10.283559,0.000000,0.000000,0.000000,0.000000,0.000000,0.000000
10.293559,0.000000,0.000000,0.000000,0.000000,0.000000,0.000000
10.303559,0.000000,0.000000,0.000000,0.000000,0.000000,0.000000
10.313559,0.000000,0.000000,0.000000,0.000000,0.000000,0.000000
10.323559,0.000000,0.000000,0.000000,0.000000,0.000000,0.000000
10.333559,0.000000,0.000000,0.000000,0.000000,0.000000,0.000000
10.343559,0.000000,0.000000,0.000000,0.000000,0.000000,0.000000
10.353559,0.000000,0.000000,0.000000,0.000000,0.000000,0.000000
10.363559,0.000000,0.000000,0.000000,0.000000,0.000000,0.000000
10.373559,0.000000,0.000000,0.000000,0.000000,0.000000,0.000000
10.383559,0.000000,0.000000,0.000000,0.000000,0.000000,0.000000
10.393559,0.000000,0.000000,0.000000,0.000000,0.000000,0.000000
10.403559,0.000000,0.000000,0.000000,0.000000,0.000000,0.000000
10.413559,0.000000,0.000000,0.000000,0.000000,0.000000,0.000000
10.423559,0.000000,0.000000,0.000000,0.000000,0.000000,0.000000
10.433559,0.000000,0.000000,0.000000,0.000000,0.000000,0.000000
10.443559,0.000000,0.000000,0.000000,0.000000,0.000000,0.000000
10.453559,0.000000,0.000000,0.000000,0.000000,0.000000,0.000000
10.463559,0.000000,0.000000,0.000000,0.000000,0.000000,0.000000
10.473559,0.000000,0.000000,0.000000,0.000000,0.000000,0.000000
10.483559,0.000000,0.000000,0.000000,0.000000,0.000000,0.000000
10.493559,0.000000,0.000000,0.000000,0.000000,0.000000,0.000000
10.503559,0.000000,0.000000,0.000000,0.000000,0.000000,0.000000
10.513559,0.000000,0.000000,0.000000,0.000000,0.000000,0.000000
10.523559,0.000000,0.000000,0.000000,0.000000,0.000000,0.000000
10.533559,0.000000,0.000000,0.000000,0.000000,0.000000,0.000000
10.543559,0.000000,0.000000,0.000000,0.000000,0.000000,0.000000
10.553559,0.000000,0.000000,0.000000,0.000000,0.000000,0.000000
10.563559,0.000000,0.000000,0.000000,0.000000,0.000000,0.000000
10.573559,0.000000,0.000000,0.000000,0.000000,0.000000,0.000000
10.583559,0.000000,0.000000,0.000000,0.000000,0.000000,0.000000
10.593559,0.000000,0.000000,0.000000,0.000000,0.000000,0.000000
10.603559,0.000000,0.000000,0.000000,0.000000,0.000000,0.000000
10.613559,0.000000,0.000000,0.000000,0.000000,0.000000,0.000000
10.623559,0.000000,0.000000,0.000000,0.000000,0.000000,0.000000
10.633559,0.000000,0.000000,0.000000,0.000000,0.000000,0.000000
10.643559,0.000000,0.000000,0.000000,0.000000,0.000000,0.000000
10.653559,0.000000,0.000000,0.000000,0.000000,0.000000,0.000000
10.663559,0.000000,0.000000,0.000000,0.000000,0.000000,0.000000
10.673559,0.000000,0.000000,0.000000,0.000000,0.000000,0.000000
10.683559,0.000000,0.000000,0.000000,0.000000,0.000000,0.000000
10.693559,0.000000,0.000000,0.000000,0.000000,0.000000,0.000000
10.703559,0.000000,0.000000,0.000000,0.000000,0.000000,0.000000
10.713559,0.000000,0.000000,0.000000,0.000000,0.000000,0.000000
10.723559,0.000000,0.000000,0.000000,0.000000,0.000000,0.000000
10.733559,0.000000,0.000000,0.000000,0.000000,0.000000,0.000000
10.743559,0.000000,0.000000,0.000000,0.000000,0.000000,0.000000
10.753559,0.000000,0.000000,0.000000,0.000000,0.000000,0.000000
10.763559,0.000000,0.000000,0.000000,0.000000,0.000000,0.000000
10.773559,0.000000,0.000000,0.000000,0.000000,0.000000,0.000000
10.783559,0.000000,0.000000,0.000000,0.000000,0.000000,0.000000
10.793559,0.000000,0.000000,0.000000,0.000000,0.000000,0.000000
10.803559,0.000000,0.000000,0.000000,0.000000,0.000000,0.000000
10.813559,0.000000,0.000000,0.000000,0.000000,0.000000,0.000000
10.823559,0.000000,0.000000,0.000000,0.000000,0.000000,0.000000
10.833559,0.000000,0.000000,0.000000,0.000000,0.000000,0.000000
10.843559,0.000000,0.000000,0.000000,0.000000,0.000000,0.000000
10.853559,0.000000,0.000000,0.000000,0.000000,0.000000,0.000000
10.863559,0.000000,0.000000,0.000000,0.000000,0.000000,0.000000
10.873559,0.000000,0.000000,0.000000,0.000000,0.000000,0.000000
10.883559,0.000000,0.000000,0.000000,0.000000,0.000000,0.000000
10.893559,0.000000,0.000000,0.000000,0.000000,0.000000,0.000000
10.903559,0.000000,0.000000,0.000000,0.000000,0.000000,0.000000
10.913559,0.000000,0.000000,0.000000,0.000000,0.000000,0.000000
10.923559,0.000000,0.000000,0.000000,0.000000,0.000000,0.000000
10.933559,0.000000,0.000000,0.000000,0.000000,0.000000,0.000000
10.943559,0.000000,0.000000,0.000000,0.000000,0.000000,0.000000
10.953559,0.000000,0.000000,0.000000,0.000000,0.000000,0.000000
10.963559,0.000000,0.000000,0.000000,0.000000,0.000000,0.000000
10.973559,0.000000,0.000000,0.000000,0.000000,0.000000,0.000000
10.983559,0.000000,0.000000,0.000000,0.000000,0.000000,0.000000
10.993559,0.000000,0.000000,0.000000,0.000000,0.000000,0.000000
11.003559,0.000000,0.000000,0.000000,0.000000,0.000000,0.000000
11.013559,0.000000,0.000000,0.000000,0.000000,0.000000,0.000000
11.023559,0.000000,0.000000,0.000000,0.000000,0.000000,0.000000
11.033559,0.000000,0.000000,0.000000,0.000000,0.000000,0.000000
11.043559,0.000000,0.000000,0.000000,0.000000,0.000000,0.000000
11.053559,0.000000,0.000000,0.000000,0.000000,0.000000,0.000000
11.063559,0.000000,0.000000,0.000000,0.000000,0.000000,0.000000
11.073559,0.000000,0.000000,0.000000,0.000000,0.000000,0.000000
11.083559,0.000000,0.000000,0.000000,0.000000,0.000000,0.000000
11.093559,0.000000,0.000000,0.000000,0.000000,0.000000,0.000000
11.103559,0.000000,0.000000,0.000000,0.000000,0.000000,0.000000
11.113559,0.000000,0.000000,0.000000,0.000000,0.000000,0.000000
11.123559,0.000000,0.000000,0.000000,0.000000,0.000000,0.000000
11.133559,0.000000,0.000000,0.000000,0.000000,0.000000,0.000000
11.143559,0.000000,0.000000,0.000000,0.000000,0.000000,0.000000
11.153559,0.000000,0.000000,0.000000,0.000000,0.000000,0.000000
11.163559,0.000000,0.000000,0.000000,0.000000,0.000000,0.000000
11.173559,0.000000,0.000000,0.000000,0.000000,0.000000,0.000000
11.183559,0.000000,0.000000,0.000000,0.000000,0.000000,0.000000
11.193559,0.000000,0.000000,0.000000,0.000000,0.000000,0.000000
11.203559,0.000000,0.000000,0.000000,0.000000,0.000000,0.000000
11.213559,0.000000,0.000000,0.000000,0.000000,0.000000,0.000000
11.223559,0.000000,0.000000,0.000000,0.000000,0.000000,0.000000
11.233559,0.000000,0.000000,0.000000,0.000000,0.000000,0.000000
11.243559,0.000000,0.000000,0.000000,0.000000,0.000000,0.000000
11.253559,0.000000,0.000000,0.000000,0.000000,0.000000,0.000000
11.263559,0.000000,0.000000,0.000000,0.000000,0.000000,0.000000
11.273559,0.000000,0.000000,0.000000,0.000000,0.000000,0.000000
11.283559,0.000000,0.000000,0.000000,0.000000,0.000000,0.000000
11.293559,0.000000,0.000000,0.000000,0.000000,0.000000,0.000000
11.303559,0.000000,0.000000,0.000000,0.000000,0.000000,0.000000
11.313559,0.000000,0.000000,0.000000,0.000000,0.000000,0.000000
11.323559,0.000000,0.000000,0.000000,0.000000,0.000000,0.000000
11.333559,0.000000,0.000000,0.000000,0.000000,0.000000,0.000000
11.343559,0.000000,0.000000,0.000000,0.000000,0.000000,0.000000
11.353559,0.000000,0.000000,0.000000,0.000000,0.000000,0.000000
11.363559,0.000000,0.000000,0.000000,0.000000,0.000000,0.000000
11.373559,0.000000,0.000000,0.000000,0.000000,0.000000,0.000000
11.383559,0.000000,0.000000,0.000000,0.000000,0.000000,0.000000
11.393559,0.000000,0.000000,0.000000,0.000000,0.000000,0.000000
11.403559,0.000000,0.000000,0.000000,0.000000,0.000000,0.000000
11.413559,0.000000,0.000000,0.000000,0.000000,0.000000,0.000000
11.423559,0.000000,0.000000,0.000000,0.000000,0.000000,0.000000
11.433559,0.000000,0.000000,0.000000,0.000000,0.000000,0.000000
11.443559,0.000000,0.000000,0.000000,0.000000,0.000000,0.000000
11.453559,0.000000,0.000000,0.000000,0.000000,0.000000,0.000000
11.463559,0.000000,0.000000,0.000000,0.000000,0.000000,0.000000
11.473559,0.000000,0.000000,0.000000,0.000000,0.000000,0.000000
11.483559,0.000000,0.000000,0.000000,0.000000,0.000000,0.000000
11.493559,0.000000,0.000000,0.000000,0.000000,0.000000,0.000000
11.503559,0.000000,0.000000,0.000000,0.000000,0.000000,0.000000
11.513559,0.000000,0.000000,0.000000,0.000000,0.000000,0.000000
11.523559,0.000000,0.000000,0.000000,0.000000,0.000000,0.000000
11.533559,0.000000,0.000000,0.000000,0.000000,0.000000,0.000000
11.543559,0.000000,0.000000,0.000000,0.000000,0.000000,0.000000
11.553559,0.000000,0.000000,0.000000,0.000000,0.000000,0.000000
11.563559,0.000000,0.000000,0.000000,0.000000,0.000000,0.000000
11.573559,0.000000,0.000000,0.000000,0.000000,0.000000,0.000000
11.583559,0.000000,0.000000,0.000000,0.000000,0.000000,0.000000
11.593559,0.000000,0.000000,0.000000,0.000000,0.000000,0.000000
11.603559,0.000000,0.000000,0.000000,0.000000,0.000000,0.000000
11.613559,0.000000,0.000000,0.000000,0.000000,0.000000,0.000000
11.623559,0.000000,0.000000,0.000000,0.000000,0.000000,0.000000
11.633559,0.000000,0.000000,0.000000,0.000000,0.000000,0.000000
11.643559,0.000000,0.000000,0.000000,0.000000,0.000000,0.000000
11.653559,0.000000,0.000000,0.000000,0.000000,0.000000,0.000000
11.663559,0.000000,0.000000,0.000000,0.000000,0.000000,0.000000
11.673559,0.000000,0.000000,0.000000,0.000000,0.000000,0.000000
11.683559,0.000000,0.000000,0.000000,0.000000,0.000000,0.000000
11.693559,0.000000,0.000000,0.000000,0.000000,0.000000,0.000000
11.703559,0.000000,0.000000,0.000000,0.000000,0.000000,0.000000
11.713559,0.000000,0.000000,0.000000,0.000000,0.000000,0.000000
11.723559,0.000000,0.000000,0.000000,0.000000,0.000000,0.000000
11.733559,0.000000,0.000000,0.000000,0.000000,0.000000,0.000000
11.743559,0.000000,0.000000,0.000000,0.000000,0.000000,0.000000
11.753559,0.000000,0.000000,0.000000,0.000000,0.000000,0.000000
11.763559,0.000000,0.000000,0.000000,0.000000,0.000000,0.000000
11.773559,0.000000,0.000000,0.000000,0.000000,0.000000,0.000000
11.783559,0.000000,0.000000,0.000000,0.000000,0.000000,0.000000
11.793559,0.000000,0.000000,0.000000,0.000000,0.000000,0.000000
11.803559,0.000000,0.000000,0.000000,0.000000,0.000000,0.000000
11.813559,0.000000,0.000000,0.000000,0.000000,0.000000,0.000000
11.823559,0.000000,0.000000,0.000000,0.000000,0.000000,0.000000
11.833559,0.000000,0.000000,0.000000,0.000000,0.000000,0.000000
11.843559,0.000000,0.000000,0.000000,0.000000,0.000000,0.000000
11.853559,0.000000,0.000000,0.000000,0.000000,0.000000,0.000000
11.863559,0.000000,0.000000,0.000000,0.000000,0.000000,0.000000
11.873559,0.000000,0.000000,0.000000,0.000000,0.000000,0.000000
11.883559,0.000000,0.000000,0.000000,0.000000,0.000000,0.000000
11.893559,0.000000,0.000000,0.000000,0.000000,0.000000,0.000000
11.903559,0.000000,0.000000,0.000000,0.000000,0.000000,0.000000
11.913559,0.000000,0.000000,0.000000,0.000000,0.000000,0.000000
11.923559,0.000000,0.000000,0.000000,0.000000,0.000000,0.000000
11.933559,0.000000,0.000000,0.000000,0.000000,0.000000,0.000000
11.943559,0.000000,0.000000,0.000000,0.000000,0.000000,0.000000
11.953559,0.000000,0.000000,0.000000,0.000000,0.000000,0.000000
11.963559,0.000000,0.000000,0.000000,0.000000,0.000000,0.000000
11.973559,0.000000,0.000000,0.000000,0.000000,0.000000,0.000000
11.983559,0.000000,0.000000,0.000000,0.000000,0.000000,0.000000
11.993559,0.000000,0.000000,0.000000,0.000000,0.000000,0.000000
12.003559,0.000000,0.000000,0.000000,0.000000,0.000000,0.000000
12.013559,0.000000,0.000000,0.000000,0.000000,0.000000,0.000000
12.023559,0.000000,0.000000,0.000000,0.000000,0.000000,0.000000
12.033559,0.000000,0.000000,0.000000,0.000000,0.000000,0.000000
12.043559,0.000000,0.000000,0.000000,0.000000,0.000000,0.000000
12.053559,0.000000,0.000000,0.000000,0.000000,0.000000,0.000000
12.063559,0.000000,0.000000,0.000000,0.000000,0.000000,0.000000
12.073559,0.000000,0.000000,0.000000,0.000000,0.000000,0.000000
12.083559,0.000000,0.000000,0.000000,0.000000,0.000000,0.000000
12.093559,0.000000,0.000000,0.000000,0.000000,0.000000,0.000000
12.103559,0.000000,0.000000,0.000000,0.000000,0.000000,0.000000
12.113559,0.000000,0.000000,0.000000,0.000000,0.000000,0.000000
12.123559,0.000000,0.000000,0.000000,0.000000,0.000000,0.000000
12.133559,0.000000,0.000000,0.000000,0.000000,0.000000,0.000000
12.143559,0.000000,0.000000,0.000000,0.000000,0.000000,0.000000
12.153559,0.000000,0.000000,0.000000,0.000000,0.000000,0.000000
12.163559,0.000000,0.000000,0.000000,0.000000,0.000000,0.000000
12.173559,0.000000,0.000000,0.000000,0.000000,0.000000,0.000000
12.183559,0.000000,0.000000,0.000000,0.000000,0.000000,0.000000
12.193559,0.000000,0.000000,0.000000,0.000000,0.000000,0.000000
12.203559,0.000000,0.000000,0.000000,0.000000,0.000000,0.000000
12.213559,0.000000,0.000000,0.000000,0.000000,0.000000,0.000000
12.223559,0.000000,0.000000,0.000000,0.000000,0.000000,0.000000
12.233559,0.000000,0.000000,0.000000,0.000000,0.000000,0.000000
12.243559,0.000000,0.000000,0.000000,0.000000,0.000000,0.000000
12.253559,0.000000,0.000000,0.000000,0.000000,0.000000,0.000000
12.263559,0.000000,0.000000,0.000000,0.000000,0.000000,0.000000
12.273559,0.000000,0.000000,0.000000,0.000000,0.000000,0.000000
12.283559,0.000000,0.000000,0.000000,0.000000,0.000000,0.000000
12.293559,0.000000,0.000000,0.000000,0.000000,0.000000,0.000000
12.303559,0.000000,0.000000,0.000000,0.000000,0.000000,0.000000
12.313559,0.000000,0.000000,0.000000,0.000000,0.000000,0.000000
12.323559,0.000000,0.000000,0.000000,0.000000,0.000000,0.000000
12.333559,0.000000,0.000000,0.000000,0.000000,0.000000,0.000000
12.343559,0.000000,0.000000,0.000000,0.000000,0.000000,0.000000
12.353559,0.000000,0.000000,0.000000,0.000000,0.000000,0.000000
12.363559,0.000000,0.000000,0.000000,0.000000,0.000000,0.000000
12.373559,0.000000,0.000000,0.000000,0.000000,0.000000,0.000000
12.383559,0.000000,0.000000,0.000000,0.000000,0.000000,0.000000
12.393559,0.000000,0.000000,0.000000,0.000000,0.000000,0.000000
12.403559,0.000000,0.000000,0.000000,0.000000,0.000000,0.000000
12.413559,0.000000,0.000000,0.000000,0.000000,0.000000,0.000000
12.423559,0.000000,0.000000,0.000000,0.000000,0.000000,0.000000
12.433559,0.000000,0.000000,0.000000,0.000000,0.000000,0.000000
12.443559,0.000000,0.000000,0.000000,0.000000,0.000000,0.000000
12.453559,0.000000,0.000000,0.000000,0.000000,0.000000,0.000000
12.463559,0.000000,0.000000,0.000000,0.000000,0.000000,0.000000
12.473559,0.000000,0.000000,0.000000,0.000000,0.000000,0.000000
12.483559,0.000000,0.000000,0.000000,0.000000,0.000000,0.000000
12.493559,0.000000,0.000000,0.000000,0.000000,0.000000,0.000000
12.503559,0.000000,0.000000,0.000000,0.000000,0.000000,0.000000
12.513559,0.000000,0.000000,0.000000,0.000000,0.000000,0.000000
12.523559,0.000000,0.000000,0.000000,0.000000,0.000000,0.000000
12.533559,0.000000,0.000000,0.000000,0.000000,0.000000,0.000000
12.543559,0.000000,0.000000,0.000000,0.000000,0.000000,0.000000
12.553559,0.000000,0.000000,0.000000,0.000000,0.000000,0.000000
12.563559,0.000000,0.000000,0.000000,0.000000,0.000000,0.000000
12.573559,0.000000,0.000000,0.000000,0.000000,0.000000,0.000000
12.583559,0.000000,0.000000,0.000000,0.000000,0.000000,0.000000
12.593559,0.000000,0.000000,0.000000,0.000000,0.000000,0.000000
12.603559,0.000000,0.000000,0.000000,0.000000,0.000000,0.000000
12.613559,0.000000,0.000000,0.000000,0.000000,0.000000,0.000000
12.623559,0.000000,0.000000,0.000000,0.000000,0.000000,0.000000
12.633559,0.000000,0.000000,0.000000,0.000000,0.000000,0.000000
12.643559,0.000000,0.000000,0.000000,0.000000,0.000000,0.000000
12.653559,0.000000,0.000000,0.000000,0.000000,0.000000,0.000000
12.663559,0.000000,0.000000,0.000000,0.000000,0.000000,0.000000
12.673559,0.000000,0.000000,0.000000,0.000000,0.000000,0.000000
12.683559,0.000000,0.000000,0.000000,0.000000,0.000000,0.000000
12.693559,0.000000,0.000000,0.000000,0.000000,0.000000,0.000000
12.703559,0.000000,0.000000,0.000000,0.000000,0.000000,0.000000
12.713559,0.000000,0.000000,0.000000,0.000000,0.000000,0.000000
12.723559,0.000000,0.000000,0.000000,0.000000,0.000000,0.000000
12.733559,0.000000,0.000000,0.000000,0.000000,0.000000,0.000000
12.743559,0.000000,0.000000,0.000000,0.000000,0.000000,0.000000
12.753559,0.000000,0.000000,0.000000,0.000000,0.000000,0.000000
12.763559,0.000000,0.000000,0.000000,0.000000,0.000000,0.000000
12.773559,0.000000,0.000000,0.000000,0.000000,0.000000,0.000000
12.783559,0.000000,0.000000,0.000000,0.000000,0.000000,0.000000
12.793559,0.000000,0.000000,0.000000,0.000000,0.000000,0.000000
12.803559,0.000000,0.000000,0.000000,0.000000,0.000000,0.000000
12.813559,0.000000,0.000000,0.000000,0.000000,0.000000,0.000000
12.823559,0.000000,0.000000,0.000000,0.000000,0.000000,0.000000
12.833559,0.000000,0.000000,0.000000,0.000000,0.000000,0.000000
12.843559,0.000000,0.000000,0.000000,0.000000,0.000000,0.000000
12.853559,0.000000,0.000000,0.000000,0.000000,0.000000,0.000000
12.863559,0.000000,0.000000,0.000000,0.000000,0.000000,0.000000
12.873559,0.000000,0.000000,0.000000,0.000000,0.000000,0.000000
12.883559,0.000000,0.000000,0.000000,0.000000,0.000000,0.000000
12.893559,0.000000,0.000000,0.000000,0.000000,0.000000,0.000000
12.903559,0.000000,0.000000,0.000000,0.000000,0.000000,0.000000
12.913559,0.000000,0.000000,0.000000,0.000000,0.000000,0.000000
12.923559,0.000000,0.000000,0.000000,0.000000,0.000000,0.000000
12.933559,0.000000,0.000000,0.000000,0.000000,0.000000,0.000000
12.943559,0.000000,0.000000,0.000000,0.000000,0.000000,0.000000
12.953559,0.000000,0.000000,0.000000,0.000000,0.000000,0.000000
12.963559,0.000000,0.000000,0.000000,0.000000,0.000000,0.000000
12.973559,0.000000,0.000000,0.000000,0.000000,0.000000,0.000000
12.983559,0.000000,0.000000,0.000000,0.000000,0.000000,0.000000
12.993559,0.000000,0.000000,0.000000,0.000000,0.000000,0.000000
13.003559,0.000000,0.000000,0.000000,0.000000,0.000000,0.000000
13.013559,0.000000,0.000000,0.000000,0.000000,0.000000,0.000000
13.023559,0.000000,0.000000,0.000000,0.000000,0.000000,0.000000
13.033559,0.000000,0.000000,0.000000,0.000000,0.000000,0.000000
13.043559,0.000000,0.000000,0.000000,0.000000,0.000000,0.000000
13.053559,0.000000,0.000000,0.000000,0.000000,0.000000,0.000000
13.063559,0.000000,0.000000,0.000000,0.000000,0.000000,0.000000
13.073559,0.000000,0.000000,0.000000,0.000000,0.000000,0.000000
13.083559,0.000000,0.000000,0.000000,0.000000,0.000000,0.000000
13.093559,0.000000,0.000000,0.000000,0.000000,0.000000,0.000000
13.103559,0.000000,0.000000,0.000000,0.000000,0.000000,0.000000
13.113559,0.000000,0.000000,0.000000,0.000000,0.000000,0.000000
13.123559,0.000000,0.000000,0.000000,0.000000,0.000000,0.000000
13.133559,0.000000,0.000000,0.000000,0.000000,0.000000,0.000000
13.143559,0.000000,0.000000,0.000000,0.000000,0.000000,0.000000
13.153559,0.000000,0.000000,0.000000,0.000000,0.000000,0.000000
13.163559,0.000000,0.000000,0.000000,0.000000,0.000000,0.000000
13.173559,0.000000,0.000000,0.000000,0.000000,0.000000,0.000000
13.183559,0.000000,0.000000,0.000000,0.000000,0.000000,0.000000
13.193559,0.000000,0.000000,0.000000,0.000000,0.000000,0.000000
13.203559,0.000000,0.000000,0.000000,0.000000,0.000000,0.000000
13.213559,0.000000,0.000000,0.000000,0.000000,0.000000,0.000000
13.223559,0.000000,0.000000,0.000000,0.000000,0.000000,0.000000
13.233559,0.000000,0.000000,0.000000,0.000000,0.000000,0.000000
13.243559,0.000000,0.000000,0.000000,0.000000,0.000000,0.000000
13.253559,0.000000,0.000000,0.000000,0.000000,0.000000,0.000000
13.263559,0.000000,0.000000,0.000000,0.000000,0.000000,0.000000
13.273559,0.000000,0.000000,0.000000,0.000000,0.000000,0.000000
13.283559,0.000000,0.000000,0.000000,0.000000,0.000000,0.000000
13.293559,0.000000,0.000000,0.000000,0.000000,0.000000,0.000000
13.303559,0.000000,0.000000,0.000000,0.000000,0.000000,0.000000
13.313559,0.000000,0.000000,0.000000,0.000000,0.000000,0.000000
13.323559,0.000000,0.000000,0.000000,0.000000,0.000000,0.000000
13.333559,0.000000,0.000000,0.000000,0.000000,0.000000,0.000000
13.343559,0.000000,0.000000,0.000000,0.000000,0.000000,0.000000
13.353559,0.000000,0.000000,0.000000,0.000000,0.000000,0.000000
13.363559,0.000000,0.000000,0.000000,0.000000,0.000000,0.000000
13.373559,0.000000,0.000000,0.000000,0.000000,0.000000,0.000000
13.383559,0.000000,0.000000,0.000000,0.000000,0.000000,0.000000
13.393559,0.000000,0.000000,0.000000,0.000000,0.000000,0.000000
13.403559,0.000000,0.000000,0.000000,0.000000,0.000000,0.000000
13.413559,0.000000,0.000000,0.000000,0.000000,0.000000,0.000000
13.423559,0.000000,0.000000,0.000000,0.000000,0.000000,0.000000
13.433559,0.000000,0.000000,0.000000,0.000000,0.000000,0.000000
13.443559,0.000000,0.000000,0.000000,0.000000,0.000000,0.000000
13.453559,0.000000,0.000000,0.000000,0.000000,0.000000,0.000000
13.463559,0.000000,0.000000,0.000000,0.000000,0.000000,0.000000
13.473559,0.000000,0.000000,0.000000,0.000000,0.000000,0.000000
13.483559,0.000000,0.000000,0.000000,0.000000,0.000000,0.000000
13.493559,0.000000,0.000000,0.000000,0.000000,0.000000,0.000000
13.503559,0.000000,0.000000,0.000000,0.000000,0.000000,0.000000
13.513559,0.000000,0.000000,0.000000,0.000000,0.000000,0.000000
13.523559,0.000000,0.000000,0.000000,0.000000,0.000000,0.000000
13.533559,0.000000,0.000000,0.000000,0.000000,0.000000,0.000000
13.543559,0.000000,0.000000,0.000000,0.000000,0.000000,0.000000
13.553559,0.000000,0.000000,0.000000,0.000000,0.000000,0.000000
13.563559,0.000000,0.000000,0.000000,0.000000,0.000000,0.000000
13.573559,0.000000,0.000000,0.000000,0.000000,0.000000,0.000000
13.583559,0.000000,0.000000,0.000000,0.000000,0.000000,0.000000
13.593559,0.000000,0.000000,0.000000,0.000000,0.000000,0.000000
13.603559,0.000000,0.000000,0.000000,0.000000,0.000000,0.000000
13.613559,0.000000,0.000000,0.000000,0.000000,0.000000,0.000000
13.623559,0.000000,0.000000,0.000000,0.000000,0.000000,0.000000
13.633559,0.000000,0.000000,0.000000,0.000000,0.000000,0.000000
13.643559,0.000000,0.000000,0.000000,0.000000,0.000000,0.000000
13.653559,0.000000,0.000000,0.000000,0.000000,0.000000,0.000000
13.663559,0.000000,0.000000,0.000000,0.000000,0.000000,0.000000
13.673559,0.000000,0.000000,0.000000,0.000000,0.000000,0.000000
13.683559,0.000000,0.000000,0.000000,0.000000,0.000000,0.000000
13.693559,0.000000,0.000000,0.000000,0.000000,0.000000,0.000000
13.703559,0.000000,0.000000,0.000000,0.000000,0.000000,0.000000
13.713559,0.000000,0.000000,0.000000,0.000000,0.000000,0.000000
13.723559,0.000000,0.000000,0.000000,0.000000,0.000000,0.000000
13.733559,0.000000,0.000000,0.000000,0.000000,0.000000,0.000000
13.743559,0.000000,0.000000,0.000000,0.000000,0.000000,0.000000
13.753559,0.000000,0.000000,0.000000,0.000000,0.000000,0.000000
13.763559,0.000000,0.000000,0.000000,0.000000,0.000000,0.000000
13.773559,0.000000,0.000000,0.000000,0.000000,0.000000,0.000000
13.783559,0.000000,0.000000,0.000000,0.000000,0.000000,0.000000
13.793559,0.000000,0.000000,0.000000,0.000000,0.000000,0.000000
13.803559,0.000000,0.000000,0.000000,0.000000,0.000000,0.000000
13.813559,0.000000,0.000000,0.000000,0.000000,0.000000,0.000000
13.823559,0.000000,0.000000,0.000000,0.000000,0.000000,0.000000
13.833559,0.000000,0.000000,0.000000,0.000000,0.000000,0.000000
13.843559,0.000000,0.000000,0.000000,0.000000,0.000000,0.000000
13.853559,0.000000,0.000000,0.000000,0.000000,0.000000,0.000000
13.863559,0.000000,0.000000,0.000000,0.000000,0.000000,0.000000
13.873559,0.000000,0.000000,0.000000,0.000000,0.000000,0.000000
13.883559,0.000000,0.000000,0.000000,0.000000,0.000000,0.000000
13.893559,0.000000,0.000000,0.000000,0.000000,0.000000,0.000000
13.903559,0.000000,0.000000,0.000000,0.000000,0.000000,0.000000
13.913559,0.000000,0.000000,0.000000,0.000000,0.000000,0.000000
13.923559,0.000000,0.000000,0.000000,0.000000,0.000000,0.000000
13.933559,0.000000,0.000000,0.000000,0.000000,0.000000,0.000000
13.943559,0.000000,0.000000,0.000000,0.000000,0.000000,0.000000
13.953559,0.000000,0.000000,0.000000,0.000000,0.000000,0.000000
13.963559,0.000000,0.000000,0.000000,0.000000,0.000000,0.000000
13.973559,0.000000,0.000000,0.000000,0.000000,0.000000,0.000000
13.983559,0.000000,0.000000,0.000000,0.000000,0.000000,0.000000
13.993559,0.000000,0.000000,0.000000,0.000000,0.000000,0.000000
14.003559,0.000000,0.000000,0.000000,0.000000,0.000000,0.000000
14.013559,0.000000,0.000000,0.000000,0.000000,0.000000,0.000000
14.023559,0.000000,0.000000,0.000000,0.000000,0.000000,0.000000
14.033559,0.000000,0.000000,0.000000,0.000000,0.000000,0.000000
14.043559,0.000000,0.000000,0.000000,0.000000,0.000000,0.000000
14.053559,0.000000,0.000000,0.000000,0.000000,0.000000,0.000000
14.063559,0.000000,0.000000,0.000000,0.000000,0.000000,0.000000
14.073559,0.000000,0.000000,0.000000,0.000000,0.000000,0.000000
14.083559,0.000000,0.000000,0.000000,0.000000,0.000000,0.000000
14.093559,0.000000,0.000000,0.000000,0.000000,0.000000,0.000000
14.103559,0.000000,0.000000,0.000000,0.000000,0.000000,0.000000
14.113559,0.000000,0.000000,0.000000,0.000000,0.000000,0.000000
14.123559,0.000000,0.000000,0.000000,0.000000,0.000000,0.000000
14.133559,0.000000,0.000000,0.000000,0.000000,0.000000,0.000000
14.143559,0.000000,0.000000,0.000000,0.000000,0.000000,0.000000
14.153559,0.000000,0.000000,0.000000,0.000000,0.000000,0.000000
14.163559,0.000000,0.000000,0.000000,0.000000,0.000000,0.000000
14.173559,0.000000,0.000000,0.000000,0.000000,0.000000,0.000000
14.183559,0.000000,0.000000,0.000000,0.000000,0.000000,0.000000
14.193559,0.000000,0.000000,0.000000,0.000000,0.000000,0.000000
14.203559,0.000000,0.000000,0.000000,0.000000,0.000000,0.000000
14.213559,0.000000,0.000000,0.000000,0.000000,0.000000,0.000000
14.223559,0.000000,0.000000,0.000000,0.000000,0.000000,0.000000
14.233559,0.000000,0.000000,0.000000,0.000000,0.000000,0.000000
14.243559,0.000000,0.000000,0.000000,0.000000,0.000000,0.000000
14.253559,0.000000,0.000000,0.000000,0.000000,0.000000,0.000000
14.263559,0.000000,0.000000,0.000000,0.000000,0.000000,0.000000
14.273559,0.000000,0.000000,0.000000,0.000000,0.000000,0.000000
14.283559,0.000000,0.000000,0.000000,0.000000,0.000000,0.000000
14.293559,0.000000,0.000000,0.000000,0.000000,0.000000,0.000000
14.303559,0.000000,0.000000,0.000000,0.000000,0.000000,0.000000
14.313559,0.000000,0.000000,0.000000,0.000000,0.000000,0.000000
14.323559,0.000000,0.000000,0.000000,0.000000,0.000000,0.000000
14.333559,0.000000,0.000000,0.000000,0.000000,0.000000,0.000000
14.343559,0.000000,0.000000,0.000000,0.000000,0.000000,0.000000
14.353559,0.000000,0.000000,0.000000,0.000000,0.000000,0.000000
14.363559,0.000000,0.000000,0.000000,0.000000,0.000000,0.000000
14.373559,0.000000,0.000000,0.000000,0.000000,0.000000,0.000000
14.383559,0.000000,0.000000,0.000000,0.000000,0.000000,0.000000
14.393559,0.000000,0.000000,0.000000,0.000000,0.000000,0.000000
14.403559,0.000000,0.000000,0.000000,0.000000,0.000000,0.000000
14.413559,0.000000,0.000000,0.000000,0.000000,0.000000,0.000000
14.423559,0.000000,0.000000,0.000000,0.000000,0.000000,0.000000
14.433559,0.000000,0.000000,0.000000,0.000000,0.000000,0.000000
14.443559,0.000000,0.000000,0.000000,0.000000,0.000000,0.000000
14.453559,0.000000,0.000000,0.000000,0.000000,0.000000,0.000000
14.463559,0.000000,0.000000,0.000000,0.000000,0.000000,0.000000
14.473559,0.000000,0.000000,0.000000,0.000000,0.000000,0.000000
14.483559,0.000000,0.000000,0.000000,0.000000,0.000000,0.000000
14.493559,0.000000,0.000000,0.000000,0.000000,0.000000,0.000000
14.503559,0.000000,0.000000,0.000000,0.000000,0.000000,0.000000
14.513559,0.000000,0.000000,0.000000,0.000000,0.000000,0.000000
14.523559,0.000000,0.000000,0.000000,0.000000,0.000000,0.000000
14.533559,0.000000,0.000000,0.000000,0.000000,0.000000,0.000000
14.543559,0.000000,0.000000,0.000000,0.000000,0.000000,0.000000
14.553559,0.000000,0.000000,0.000000,0.000000,0.000000,0.000000
14.563559,0.000000,0.000000,0.000000,0.000000,0.000000,0.000000
14.573559,0.000000,0.000000,0.000000,0.000000,0.000000,0.000000
14.583559,0.000000,0.000000,0.000000,0.000000,0.000000,0.000000
14.593559,0.000000,0.000000,0.000000,0.000000,0.000000,0.000000
14.603559,0.000000,0.000000,0.000000,0.000000,0.000000,0.000000
14.613559,0.000000,0.000000,0.000000,0.000000,0.000000,0.000000
14.623559,0.000000,0.000000,0.000000,0.000000,0.000000,0.000000
14.633559,0.000000,0.000000,0.000000,0.000000,0.000000,0.000000
14.643559,0.000000,0.000000,0.000000,0.000000,0.000000,0.000000
14.653559,0.000000,0.000000,0.000000,0.000000,0.000000,0.000000
14.663559,0.000000,0.000000,0.000000,0.000000,0.000000,0.000000
14.673559,0.000000,0.000000,0.000000,0.000000,0.000000,0.000000
14.683559,0.000000,0.000000,0.000000,0.000000,0.000000,0.000000
14.693559,0.000000,0.000000,0.000000,0.000000,0.000000,0.000000
14.703559,0.000000,0.000000,0.000000,0.000000,0.000000,0.000000
14.713559,0.000000,0.000000,0.000000,0.000000,0.000000,0.000000
14.723559,0.000000,0.000000,0.000000,0.000000,0.000000,0.000000
14.733559,0.000000,0.000000,0.000000,0.000000,0.000000,0.000000
14.743559,0.000000,0.000000,0.000000,0.000000,0.000000,0.000000
14.753559,0.000000,0.000000,0.000000,0.000000,0.000000,0.000000
14.763559,0.000000,0.000000,0.000000,0.000000,0.000000,0.000000
14.773559,0.000000,0.000000,0.000000,0.000000,0.000000,0.000000
14.783559,0.000000,0.000000,0.000000,0.000000,0.000000,0.000000
14.793559,0.000000,0.000000,0.000000,0.000000,0.000000,0.000000
14.803559,0.000000,0.000000,0.000000,0.000000,0.000000,0.000000
14.813559,0.000000,0.000000,0.000000,0.000000,0.000000,0.000000
14.823559,0.000000,0.000000,0.000000,0.000000,0.000000,0.000000
14.833559,0.000000,0.000000,0.000000,0.000000,0.000000,0.000000
14.843559,0.000000,0.000000,0.000000,0.000000,0.000000,0.000000
14.853559,0.000000,0.000000,0.000000,0.000000,0.000000,0.000000
14.863559,0.000000,0.000000,0.000000,0.000000,0.000000,0.000000
14.873559,0.000000,0.000000,0.000000,0.000000,0.000000,0.000000
14.883559,0.000000,0.000000,0.000000,0.000000,0.000000,0.000000
14.893559,0.000000,0.000000,0.000000,0.000000,0.000000,0.000000
14.903559,0.000000,0.000000,0.000000,0.000000,0.000000,0.000000
14.913559,0.000000,0.000000,0.000000,0.000000,0.000000,0.000000
14.923559,0.000000,0.000000,0.000000,0.000000,0.000000,0.000000
14.933559,0.000000,0.000000,0.000000,0.000000,0.000000,0.000000
14.943559,0.000000,0.000000,0.000000,0.000000,0.000000,0.000000
14.953559,0.000000,0.000000,0.000000,0.000000,0.000000,0.000000
14.963559,0.000000,0.000000,0.000000,0.000000,0.000000,0.000000
14.973559,0.000000,0.000000,0.000000,0.000000,0.000000,0.000000
14.983559,0.000000,0.000000,0.000000,0.000000,0.000000,0.000000
14.993559,0.000000,0.000000,0.000000,0.000000,0.000000,0.000000
15.003559,0.000000,0.000000,0.000000,0.000000,0.000000,0.000000
15.013559,0.000000,0.000000,0.000000,0.000000,0.000000,0.000000
15.023559,0.000000,0.000000,0.000000,0.000000,0.000000,0.000000
15.033559,0.000000,0.000000,0.000000,0.000000,0.000000,0.000000
15.043559,0.000000,0.000000,0.000000,0.000000,0.000000,0.000000
15.053559,0.000000,0.000000,0.000000,0.000000,0.000000,0.000000
15.063559,0.000000,0.000000,0.000000,0.000000,0.000000,0.000000
15.073559,0.000000,0.000000,0.000000,0.000000,0.000000,0.000000
15.083559,0.000000,0.000000,0.000000,0.000000,0.000000,0.000000
15.093559,0.000000,0.000000,0.000000,0.000000,0.000000,0.000000
15.103559,-0.005000,0.000000,0.000000,0.000000,0.000000,0.000000
15.113559,-0.005000,0.000000,0.000000,0.000000,0.000000,0.000000
15.123559,-0.005000,0.000000,0.000000,0.000000,0.000000,0.000000
15.133559,-0.005000,0.000000,0.000000,0.000000,0.000000,0.000000
15.143559,-0.005000,0.000000,0.000000,0.000000,0.000000,0.000000
15.153559,-0.005000,0.000000,0.000000,0.000000,0.000000,0.000000
15.163559,-0.005000,0.000000,0.000000,0.000000,0.000000,0.000000
15.173559,-0.005000,0.000000,0.000000,0.000000,0.000000,0.000000
15.183559,-0.005000,0.000000,0.000000,0.000000,0.000000,0.000000
15.193559,-0.005000,0.000000,0.000000,0.000000,0.000000,0.000000
15.203559,-0.010000,0.000000,0.000000,0.000000,0.000000,0.000000
15.213559,-0.010000,0.000000,0.000000,0.000000,0.000000,0.000000
15.223559,-0.010000,0.000000,0.000000,0.000000,0.000000,0.000000
15.233559,-0.010000,0.000000,0.000000,0.000000,0.000000,0.000000
15.243559,-0.010000,0.000000,0.000000,0.000000,0.000000,0.000000
15.253559,-0.010000,0.000000,0.000000,0.000000,0.000000,0.000000
15.263559,-0.010000,0.000000,0.000000,0.000000,0.000000,0.000000
15.273559,-0.010000,0.000000,0.000000,0.000000,0.000000,0.000000
15.283559,-0.010000,0.000000,0.000000,0.000000,0.000000,0.000000
15.293559,-0.015000,0.000000,0.000000,0.000000,0.000000,0.000000
15.303559,-0.015000,0.000000,0.000000,0.000000,0.000000,0.000000
15.313559,-0.015000,0.000000,0.000000,0.000000,0.000000,0.000000
15.323559,-0.015000,0.000000,0.000000,0.000000,0.000000,0.000000
15.333559,-0.015000,0.000000,0.000000,0.000000,0.000000,0.000000
15.343559,-0.015000,0.000000,0.000000,0.000000,0.000000,0.000000
15.353559,-0.015000,0.000000,0.000000,0.000000,0.000000,0.000000
15.363559,-0.015000,0.000000,0.000000,0.000000,0.000000,0.000000
15.373559,-0.015000,0.000000,0.000000,0.000000,0.000000,0.000000
15.383559,-0.015000,0.000000,0.000000,0.000000,0.000000,0.000000
15.393559,-0.015000,0.000000,0.000000,0.000000,0.000000,0.000000
15.403559,-0.020000,0.000000,0.000000,0.000000,0.000000,0.000000
15.413559,-0.020000,0.000000,0.000000,0.000000,0.000000,0.000000
15.423559,-0.020000,0.000000,0.000000,0.000000,0.000000,0.000000
15.433559,-0.020000,0.000000,0.000000,0.000000,0.000000,0.000000
15.443559,-0.020000,0.000000,0.000000,0.000000,0.000000,0.000000
15.453559,-0.020000,0.000000,0.000000,0.000000,0.000000,0.000000
15.463559,-0.020000,0.000000,0.000000,0.000000,0.000000,0.000000
15.473559,-0.020000,0.000000,0.000000,0.000000,0.000000,0.000000
15.483559,-0.020000,0.000000,0.000000,0.000000,0.000000,0.000000
15.493559,-0.025000,0.000000,0.000000,0.000000,0.000000,0.000000
15.503559,-0.025000,0.000000,0.000000,0.000000,0.000000,0.000000
15.513559,-0.025000,0.000000,0.000000,0.000000,0.000000,0.000000
15.523559,-0.025000,0.000000,0.000000,0.000000,0.000000,0.000000
15.533559,-0.025000,0.000000,0.000000,0.000000,0.000000,0.000000
15.543559,-0.025000,0.000000,0.000000,0.000000,0.000000,0.000000
15.553559,-0.025000,0.000000,0.000000,0.000000,0.000000,0.000000
15.563559,-0.025000,0.000000,0.000000,0.000000,0.000000,0.000000
15.573559,-0.025000,0.000000,0.000000,0.000000,0.000000,0.000000
15.583559,-0.025000,0.000000,0.000000,0.000000,0.000000,0.000000
15.593559,-0.025000,0.000000,0.000000,0.000000,0.000000,0.000000
15.603559,-0.030000,0.000000,0.000000,0.000000,0.000000,0.000000
15.613559,-0.030000,0.000000,0.000000,0.000000,0.000000,0.000000
15.623559,-0.030000,0.000000,0.000000,0.000000,0.000000,0.000000
15.633559,-0.030000,0.000000,0.000000,0.000000,0.000000,0.000000
15.643559,-0.030000,0.000000,0.000000,0.000000,0.000000,0.000000
15.653559,-0.030000,0.000000,0.000000,0.000000,0.000000,0.000000
15.663559,-0.030000,0.000000,0.000000,0.000000,0.000000,0.000000
15.673559,-0.030000,0.000000,0.000000,0.000000,0.000000,0.000000
15.683559,-0.030000,0.000000,0.000000,0.000000,0.000000,0.000000
15.693559,-0.030000,0.000000,0.000000,0.000000,0.000000,0.000000
15.703559,-0.035000,0.000000,0.000000,0.000000,0.000000,0.000000
15.713559,-0.035000,0.000000,0.000000,0.000000,0.000000,0.000000
15.723559,-0.035000,0.000000,0.000000,0.000000,0.000000,0.000000
15.733559,-0.035000,0.000000,0.000000,0.000000,0.000000,0.000000
15.743559,-0.035000,0.000000,0.000000,0.000000,0.000000,0.000000
15.753559,-0.035000,0.000000,0.000000,0.000000,0.000000,0.000000
15.763559,-0.035000,0.000000,0.000000,0.000000,0.000000,0.000000
15.773559,-0.035000,0.000000,0.000000,0.000000,0.000000,0.000000
15.783559,-0.035000,0.000000,0.000000,0.000000,0.000000,0.000000
15.793559,-0.035000,0.000000,0.000000,0.000000,0.000000,0.000000
15.803559,-0.040000,0.000000,0.000000,0.000000,0.000000,0.000000
15.813559,-0.040000,0.000000,0.000000,0.000000,0.000000,0.000000
15.823559,-0.040000,0.000000,0.000000,0.000000,0.000000,0.000000
15.833559,-0.040000,0.000000,0.000000,0.000000,0.000000,0.000000
15.843559,-0.040000,0.000000,0.000000,0.000000,0.000000,0.000000
15.853559,-0.040000,0.000000,0.000000,0.000000,0.000000,0.000000
15.863559,-0.040000,0.000000,0.000000,0.000000,0.000000,0.000000
15.873559,-0.040000,0.000000,0.000000,0.000000,0.000000,0.000000
15.883559,-0.040000,0.000000,0.000000,0.000000,0.000000,0.000000
15.893559,-0.040000,0.000000,0.000000,0.000000,0.000000,0.000000
15.903559,-0.045000,0.000000,0.000000,0.000000,0.000000,0.000000
15.913559,-0.045000,0.000000,0.000000,0.000000,0.000000,0.000000
15.923559,-0.045000,0.000000,0.000000,0.000000,0.000000,0.000000
15.933559,-0.045000,0.000000,0.000000,0.000000,0.000000,0.000000
15.943559,-0.045000,0.000000,0.000000,0.000000,0.000000,0.000000
15.953559,-0.045000,0.000000,0.000000,0.000000,0.000000,0.000000
15.963559,-0.045000,0.000000,0.000000,0.000000,0.000000,0.000000
15.973559,-0.045000,0.000000,0.000000,0.000000,0.000000,0.000000
15.983559,-0.045000,0.000000,0.000000,0.000000,0.000000,0.000000
15.993559,-0.050000,0.000000,0.000000,0.000000,0.000000,0.000000
16.003559,-0.050000,0.000000,0.000000,0.000000,0.000000,0.000000
16.013559,-0.050000,0.000000,0.000000,0.000000,0.000000,0.000000
16.023559,-0.050000,0.000000,0.000000,0.000000,0.000000,0.000000
16.033559,-0.050000,0.000000,0.000000,0.000000,0.000000,0.000000
16.043559,-0.050000,0.000000,0.000000,0.000000,0.000000,0.000000
16.053559,-0.050000,0.000000,0.000000,0.000000,0.000000,0.000000
16.063559,-0.050000,0.000000,0.000000,0.000000,0.000000,0.000000
16.073559,-0.050000,0.000000,0.000000,0.000000,0.000000,0.000000
16.083559,-0.050000,0.000000,0.000000,0.000000,0.000000,0.000000
16.093559,-0.050000,0.000000,0.000000,0.000000,0.000000,0.000000
16.103559,-0.055000,0.000000,0.000000,0.000000,0.000000,0.000000
16.113559,-0.055000,0.000000,0.000000,0.000000,0.000000,0.000000
16.123559,-0.055000,0.000000,0.000000,0.000000,0.000000,0.000000
16.133559,-0.055000,0.000000,0.000000,0.000000,0.000000,0.000000
16.143559,-0.055000,0.000000,0.000000,0.000000,0.000000,0.000000
16.153559,-0.055000,0.000000,0.000000,0.000000,0.000000,0.000000
16.163559,-0.055000,0.000000,0.000000,0.000000,0.000000,0.000000
16.173559,-0.055000,0.000000,0.000000,0.000000,0.000000,0.000000
16.183559,-0.055000,0.000000,0.000000,0.000000,0.000000,0.000000
16.193559,-0.055000,0.000000,0.000000,0.000000,0.000000,0.000000
16.203559,-0.060000,0.000000,0.000000,0.000000,0.000000,0.000000
16.213559,-0.060000,0.000000,0.000000,0.000000,0.000000,0.000000
16.223559,-0.060000,0.000000,0.000000,0.000000,0.000000,0.000000
16.233559,-0.060000,0.000000,0.000000,0.000000,0.000000,0.000000
16.243559,-0.060000,0.000000,0.000000,0.000000,0.000000,0.000000
16.253559,-0.060000,0.000000,0.000000,0.000000,0.000000,0.000000
16.263559,-0.060000,0.000000,0.000000,0.000000,0.000000,0.000000
16.273559,-0.060000,0.000000,0.000000,0.000000,0.000000,0.000000
16.283559,-0.060000,0.000000,0.000000,0.000000,0.000000,0.000000
16.293559,-0.060000,0.000000,0.000000,0.000000,0.000000,0.000000
16.303559,-0.065000,0.000000,0.000000,0.000000,0.000000,0.000000
16.313559,-0.065000,0.000000,0.000000,0.000000,0.000000,0.000000
16.323559,-0.065000,0.000000,0.000000,0.000000,0.000000,0.000000
16.333559,-0.065000,0.000000,0.000000,0.000000,0.000000,0.000000
16.343559,-0.065000,0.000000,0.000000,0.000000,0.000000,0.000000
16.353559,-0.065000,0.000000,0.000000,0.000000,0.000000,0.000000
16.363559,-0.065000,0.000000,0.000000,0.000000,0.000000,0.000000
16.373559,-0.065000,0.000000,0.000000,0.000000,0.000000,0.000000
16.383559,-0.065000,0.000000,0.000000,0.000000,0.000000,0.000000
16.393559,-0.065000,0.000000,0.000000,0.000000,0.000000,0.000000
16.403559,-0.070000,0.000000,0.000000,0.000000,0.000000,0.000000
16.413559,-0.070000,0.000000,0.000000,0.000000,0.000000,0.000000
16.423559,-0.070000,0.000000,0.000000,0.000000,0.000000,0.000000
16.433559,-0.070000,0.000000,0.000000,0.000000,0.000000,0.000000
16.443559,-0.070000,0.000000,0.000000,0.000000,0.000000,0.000000
16.453559,-0.070000,0.000000,0.000000,0.000000,0.000000,0.000000
16.463559,-0.070000,0.000000,0.000000,0.000000,0.000000,0.000000
16.473559,-0.070000,0.000000,0.000000,0.000000,0.000000,0.000000
16.483559,-0.070000,0.000000,0.000000,0.000000,0.000000,0.000000
16.493559,-0.070000,0.000000,0.000000,0.000000,0.000000,0.000000
16.503559,-0.075000,0.000000,0.000000,0.000000,0.000000,0.000000
16.513559,-0.075000,0.000000,0.000000,0.000000,0.000000,0.000000
16.523559,-0.075000,0.000000,0.000000,0.000000,0.000000,0.000000
16.533559,-0.075000,0.000000,0.000000,0.000000,0.000000,0.000000
16.543559,-0.075000,0.000000,0.000000,0.000000,0.000000,0.000000
16.553559,-0.075000,0.000000,0.000000,0.000000,0.000000,0.000000
16.563559,-0.075000,0.000000,0.000000,0.000000,0.000000,0.000000
16.573559,-0.075000,0.000000,0.000000,0.000000,0.000000,0.000000
16.583559,-0.075000,0.000000,0.000000,0.000000,0.000000,0.000000
16.593559,-0.075000,0.000000,0.000000,0.000000,0.000000,0.000000
16.603559,-0.080000,0.000000,0.000000,0.000000,0.000000,0.000000
16.613559,-0.080000,0.000000,0.000000,0.000000,0.000000,0.000000
16.623559,-0.080000,0.000000,0.000000,0.000000,0.000000,0.000000
16.633559,-0.080000,0.000000,0.000000,0.000000,0.000000,0.000000
16.643559,-0.080000,0.000000,0.000000,0.000000,0.000000,0.000000
16.653559,-0.080000,0.000000,0.000000,0.000000,0.000000,0.000000
16.663559,-0.080000,0.000000,0.000000,0.000000,0.000000,0.000000
16.673559,-0.080000,0.000000,0.000000,0.000000,0.000000,0.000000
16.683559,-0.080000,0.000000,0.000000,0.000000,0.000000,0.000000
16.693559,-0.085000,0.000000,0.000000,0.000000,0.000000,0.000000
16.703559,-0.085000,0.000000,0.000000,0.000000,0.000000,0.000000
16.713559,-0.085000,0.000000,0.000000,0.000000,0.000000,0.000000
16.723559,-0.085000,0.000000,0.000000,0.000000,0.000000,0.000000
16.733559,-0.085000,0.000000,0.000000,0.000000,0.000000,0.000000
16.743559,-0.085000,0.000000,0.000000,0.000000,0.000000,0.000000
16.753559,-0.085000,0.000000,0.000000,0.000000,0.000000,0.000000
16.763559,-0.085000,0.000000,0.000000,0.000000,0.000000,0.000000
16.773559,-0.085000,0.000000,0.000000,0.000000,0.000000,0.000000
16.783559,-0.085000,0.000000,0.000000,0.000000,0.000000,0.000000
16.793559,-0.085000,0.000000,0.000000,0.000000,0.000000,0.000000
16.803559,-0.090000,0.000000,0.000000,0.000000,0.000000,0.000000
16.813559,-0.090000,0.000000,0.000000,0.000000,0.000000,0.000000
16.823559,-0.090000,0.000000,0.000000,0.000000,0.000000,0.000000
16.833559,-0.090000,0.000000,0.000000,0.000000,0.000000,0.000000
16.843559,-0.090000,0.000000,0.000000,0.000000,0.000000,0.000000
16.853559,-0.090000,0.000000,0.000000,0.000000,0.000000,0.000000
16.863559,-0.090000,0.000000,0.000000,0.000000,0.000000,0.000000
16.873559,-0.090000,0.000000,0.000000,0.000000,0.000000,0.000000
16.883559,-0.090000,0.000000,0.000000,0.000000,0.000000,0.000000
16.893559,-0.090000,0.000000,0.000000,0.000000,0.000000,0.000000
16.903559,-0.095000,0.000000,0.000000,0.000000,0.000000,0.000000
16.913559,-0.095000,0.000000,0.000000,0.000000,0.000000,0.000000
16.923559,-0.095000,0.000000,0.000000,0.000000,0.000000,0.000000
16.933559,-0.095000,0.000000,0.000000,0.000000,0.000000,0.000000
16.943559,-0.095000,0.000000,0.000000,0.000000,0.000000,0.000000
16.953559,-0.095000,0.000000,0.000000,0.000000,0.000000,0.000000
16.963559,-0.095000,0.000000,0.000000,0.000000,0.000000,0.000000
16.973559,-0.095000,0.000000,0.000000,0.000000,0.000000,0.000000
16.983559,-0.095000,0.000000,0.000000,0.000000,0.000000,0.000000
16.993559,-0.095000,0.000000,0.000000,0.000000,0.000000,0.000000
17.003559,-0.100000,0.000000,0.000000,0.000000,0.000000,0.000000
17.013559,-0.100000,0.000000,0.000000,0.000000,0.000000,0.000000
17.023559,-0.100000,0.000000,0.000000,0.000000,0.000000,0.000000
17.033559,-0.100000,0.000000,0.000000,0.000000,0.000000,0.000000
17.043559,-0.100000,0.000000,0.000000,0.000000,0.000000,0.000000
17.053559,-0.100000,0.000000,0.000000,0.000000,0.000000,0.000000
17.063559,-0.100000,0.000000,0.000000,0.000000,0.000000,0.000000
17.073559,-0.100000,0.000000,0.000000,0.000000,0.000000,0.000000
17.083559,-0.100000,0.000000,0.000000,0.000000,0.000000,0.000000
17.093559,-0.100000,0.000000,0.000000,0.000000,0.000000,0.000000
17.103559,-0.095000,0.000000,0.000000,0.000000,0.000000,0.000000
17.113559,-0.095000,0.000000,0.000000,0.000000,0.000000,0.000000
17.123559,-0.095000,0.000000,0.000000,0.000000,0.000000,0.000000
17.133559,-0.095000,0.000000,0.000000,0.000000,0.000000,0.000000
17.143559,-0.095000,0.000000,0.000000,0.000000,0.000000,0.000000
17.153559,-0.095000,0.000000,0.000000,0.000000,0.000000,0.000000
17.163559,-0.095000,0.000000,0.000000,0.000000,0.000000,0.000000
17.173559,-0.095000,0.000000,0.000000,0.000000,0.000000,0.000000
17.183559,-0.095000,0.000000,0.000000,0.000000,0.000000,0.000000
17.193559,-0.095000,0.000000,0.000000,0.000000,0.000000,0.000000
17.203559,-0.090000,0.000000,0.000000,0.000000,0.000000,0.000000
17.213559,-0.090000,0.000000,0.000000,0.000000,0.000000,0.000000
17.223559,-0.090000,0.000000,0.000000,0.000000,0.000000,0.000000
17.233559,-0.090000,0.000000,0.000000,0.000000,0.000000,0.000000
17.243559,-0.090000,0.000000,0.000000,0.000000,0.000000,0.000000
17.253559,-0.090000,0.000000,0.000000,0.000000,0.000000,0.000000
17.263559,-0.090000,0.000000,0.000000,0.000000,0.000000,0.000000
17.273559,-0.090000,0.000000,0.000000,0.000000,0.000000,0.000000
17.283559,-0.090000,0.000000,0.000000,0.000000,0.000000,0.000000
17.293559,-0.090000,0.000000,0.000000,0.000000,0.000000,0.000000
17.303559,-0.085000,0.000000,0.000000,0.000000,0.000000,0.000000
17.313559,-0.085000,0.000000,0.000000,0.000000,0.000000,0.000000
17.323559,-0.085000,0.000000,0.000000,0.000000,0.000000,0.000000
17.333559,-0.085000,0.000000,0.000000,0.000000,0.000000,0.000000
17.343559,-0.085000,0.000000,0.000000,0.000000,0.000000,0.000000
17.353559,-0.085000,0.000000,0.000000,0.000000,0.000000,0.000000
17.363559,-0.085000,0.000000,0.000000,0.000000,0.000000,0.000000
17.373559,-0.085000,0.000000,0.000000,0.000000,0.000000,0.000000
17.383559,-0.085000,0.000000,0.000000,0.000000,0.000000,0.000000
17.393559,-0.085000,0.000000,0.000000,0.000000,0.000000,0.000000
17.403559,-0.080000,0.000000,0.000000,0.000000,0.000000,0.000000
17.413559,-0.080000,0.000000,0.000000,0.000000,0.000000,0.000000
17.423559,-0.080000,0.000000,0.000000,0.000000,0.000000,0.000000
17.433559,-0.080000,0.000000,0.000000,0.000000,0.000000,0.000000
17.443559,-0.080000,0.000000,0.000000,0.000000,0.000000,0.000000
17.453559,-0.080000,0.000000,0.000000,0.000000,0.000000,0.000000
17.463559,-0.080000,0.000000,0.000000,0.000000,0.000000,0.000000
17.473559,-0.080000,0.000000,0.000000,0.000000,0.000000,0.000000
17.483559,-0.080000,0.000000,0.000000,0.000000,0.000000,0.000000
17.493559,-0.080000,0.000000,0.000000,0.000000,0.000000,0.000000
17.503559,-0.075000,0.000000,0.000000,0.000000,0.000000,0.000000
17.513559,-0.075000,0.000000,0.000000,0.000000,0.000000,0.000000
17.523559,-0.075000,0.000000,0.000000,0.000000,0.000000,0.000000
17.533559,-0.075000,0.000000,0.000000,0.000000,0.000000,0.000000
17.543559,-0.075000,0.000000,0.000000,0.000000,0.000000,0.000000
17.553559,-0.075000,0.000000,0.000000,0.000000,0.000000,0.000000
17.563559,-0.075000,0.000000,0.000000,0.000000,0.000000,0.000000
17.573559,-0.075000,0.000000,0.000000,0.000000,0.000000,0.000000
17.583559,-0.075000,0.000000,0.000000,0.000000,0.000000,0.000000
17.593559,-0.075000,0.000000,0.000000,0.000000,0.000000,0.000000
17.603559,-0.070000,0.000000,0.000000,0.000000,0.000000,0.000000
17.613559,-0.070000,0.000000,0.000000,0.000000,0.000000,0.000000
17.623559,-0.070000,0.000000,0.000000,0.000000,0.000000,0.000000
17.633559,-0.070000,0.000000,0.000000,0.000000,0.000000,0.000000
17.643559,-0.070000,0.000000,0.000000,0.000000,0.000000,0.000000
17.653559,-0.070000,0.000000,0.000000,0.000000,0.000000,0.000000
17.663559,-0.070000,0.000000,0.000000,0.000000,0.000000,0.000000
17.673559,-0.070000,0.000000,0.000000,0.000000,0.000000,0.000000
17.683559,-0.070000,0.000000,0.000000,0.000000,0.000000,0.000000
17.693559,-0.070000,0.000000,0.000000,0.000000,0.000000,0.000000
17.703559,-0.065000,0.000000,0.000000,0.000000,0.000000,0.000000
17.713559,-0.065000,0.000000,0.000000,0.000000,0.000000,0.000000
17.723559,-0.065000,0.000000,0.000000,0.000000,0.000000,0.000000
17.733559,-0.065000,0.000000,0.000000,0.000000,0.000000,0.000000
17.743559,-0.065000,0.000000,0.000000,0.000000,0.000000,0.000000
17.753559,-0.065000,0.000000,0.000000,0.000000,0.000000,0.000000
17.763559,-0.065000,0.000000,0.000000,0.000000,0.000000,0.000000
17.773559,-0.065000,0.000000,0.000000,0.000000,0.000000,0.000000
17.783559,-0.065000,0.000000,0.000000,0.000000,0.000000,0.000000
17.793559,-0.065000,0.000000,0.000000,0.000000,0.000000,0.000000
17.803559,-0.060000,0.000000,0.000000,0.000000,0.000000,0.000000
17.813559,-0.060000,0.000000,0.000000,0.000000,0.000000,0.000000
17.823559,-0.060000,0.000000,0.000000,0.000000,0.000000,0.000000
17.833559,-0.060000,0.000000,0.000000,0.000000,0.000000,0.000000
17.843559,-0.060000,0.000000,0.000000,0.000000,0.000000,0.000000
17.853559,-0.060000,0.000000,0.000000,0.000000,0.000000,0.000000
17.863559,-0.060000,0.000000,0.000000,0.000000,0.000000,0.000000
17.873559,-0.060000,0.000000,0.000000,0.000000,0.000000,0.000000
17.883559,-0.060000,0.000000,0.000000,0.000000,0.000000,0.000000
17.893559,-0.060000,0.000000,0.000000,0.000000,0.000000,0.000000
17.903559,-0.055000,0.000000,0.000000,0.000000,0.000000,0.000000
17.913559,-0.055000,0.000000,0.000000,0.000000,0.000000,0.000000
17.923559,-0.055000,0.000000,0.000000,0.000000,0.000000,0.000000
17.933559,-0.055000,0.000000,0.000000,0.000000,0.000000,0.000000
17.943559,-0.055000,0.000000,0.000000,0.000000,0.000000,0.000000
17.953559,-0.055000,0.000000,0.000000,0.000000,0.000000,0.000000
17.963559,-0.055000,0.000000,0.000000,0.000000,0.000000,0.000000
17.973559,-0.055000,0.000000,0.000000,0.000000,0.000000,0.000000
17.983559,-0.055000,0.000000,0.000000,0.000000,0.000000,0.000000
17.993559,-0.055000,0.000000,0.000000,0.000000,0.000000,0.000000
18.003559,-0.050000,0.000000,0.000000,0.000000,0.000000,0.000000
18.013559,-0.050000,0.000000,0.000000,0.000000,0.000000,0.000000
18.023559,-0.050000,0.000000,0.000000,0.000000,0.000000,0.000000
18.033559,-0.050000,0.000000,0.000000,0.000000,0.000000,0.000000
18.043559,-0.050000,0.000000,0.000000,0.000000,0.000000,0.000000
18.053559,-0.050000,0.000000,0.000000,0.000000,0.000000,0.000000
18.063559,-0.050000,0.000000,0.000000,0.000000,0.000000,0.000000
18.073559,-0.050000,0.000000,0.000000,0.000000,0.000000,0.000000
18.083559,-0.050000,0.000000,0.000000,0.000000,0.000000,0.000000
18.093559,-0.050000,0.000000,0.000000,0.000000,0.000000,0.000000
18.103559,-0.045000,0.000000,0.000000,0.000000,0.000000,0.000000
18.113559,-0.045000,0.000000,0.000000,0.000000,0.000000,0.000000
18.123559,-0.045000,0.000000,0.000000,0.000000,0.000000,0.000000
18.133559,-0.045000,0.000000,0.000000,0.000000,0.000000,0.000000
18.143559,-0.045000,0.000000,0.000000,0.000000,0.000000,0.000000
18.153559,-0.045000,0.000000,0.000000,0.000000,0.000000,0.000000
18.163559,-0.045000,0.000000,0.000000,0.000000,0.000000,0.000000
18.173559,-0.045000,0.000000,0.000000,0.000000,0.000000,0.000000
18.183559,-0.045000,0.000000,0.000000,0.000000,0.000000,0.000000
18.193559,-0.045000,0.000000,0.000000,0.000000,0.000000,0.000000
18.203559,-0.040000,0.000000,0.000000,0.000000,0.000000,0.000000
18.213559,-0.040000,0.000000,0.000000,0.000000,0.000000,0.000000
18.223559,-0.040000,0.000000,0.000000,0.000000,0.000000,0.000000
18.233559,-0.040000,0.000000,0.000000,0.000000,0.000000,0.000000
18.243559,-0.040000,0.000000,0.000000,0.000000,0.000000,0.000000
18.253559,-0.040000,0.000000,0.000000,0.000000,0.000000,0.000000
18.263559,-0.040000,0.000000,0.000000,0.000000,0.000000,0.000000
18.273559,-0.040000,0.000000,0.000000,0.000000,0.000000,0.000000
18.283559,-0.040000,0.000000,0.000000,0.000000,0.000000,0.000000
18.293559,-0.035000,0.000000,0.000000,0.000000,0.000000,0.000000
18.303559,-0.035000,0.000000,0.000000,0.000000,0.000000,0.000000
18.313559,-0.035000,0.000000,0.000000,0.000000,0.000000,0.000000
18.323559,-0.035000,0.000000,0.000000,0.000000,0.000000,0.000000
18.333559,-0.035000,0.000000,0.000000,0.000000,0.000000,0.000000
18.343559,-0.035000,0.000000,0.000000,0.000000,0.000000,0.000000
18.353559,-0.035000,0.000000,0.000000,0.000000,0.000000,0.000000
18.363559,-0.035000,0.000000,0.000000,0.000000,0.000000,0.000000
18.373559,-0.035000,0.000000,0.000000,0.000000,0.000000,0.000000
18.383559,-0.035000,0.000000,0.000000,0.000000,0.000000,0.000000
18.393559,-0.035000,0.000000,0.000000,0.000000,0.000000,0.000000
18.403559,-0.030000,0.000000,0.000000,0.000000,0.000000,0.000000
18.413559,-0.030000,0.000000,0.000000,0.000000,0.000000,0.000000
18.423559,-0.030000,0.000000,0.000000,0.000000,0.000000,0.000000
18.433559,-0.030000,0.000000,0.000000,0.000000,0.000000,0.000000
18.443559,-0.030000,0.000000,0.000000,0.000000,0.000000,0.000000
18.453559,-0.030000,0.000000,0.000000,0.000000,0.000000,0.000000
18.463559,-0.030000,0.000000,0.000000,0.000000,0.000000,0.000000
18.473559,-0.030000,0.000000,0.000000,0.000000,0.000000,0.000000
18.483559,-0.030000,0.000000,0.000000,0.000000,0.000000,0.000000
18.493559,-0.030000,0.000000,0.000000,0.000000,0.000000,0.000000
18.503559,-0.025000,0.000000,0.000000,0.000000,0.000000,0.000000
18.513559,-0.025000,0.000000,0.000000,0.000000,0.000000,0.000000
18.523559,-0.025000,0.000000,0.000000,0.000000,0.000000,0.000000
18.533559,-0.025000,0.000000,0.000000,0.000000,0.000000,0.000000
18.543559,-0.025000,0.000000,0.000000,0.000000,0.000000,0.000000
18.553559,-0.025000,0.000000,0.000000,0.000000,0.000000,0.000000
18.563559,-0.025000,0.000000,0.000000,0.000000,0.000000,0.000000
18.573559,-0.025000,0.000000,0.000000,0.000000,0.000000,0.000000
18.583559,-0.025000,0.000000,0.000000,0.000000,0.000000,0.000000
18.593559,-0.020000,0.000000,0.000000,0.000000,0.000000,0.000000
18.603559,-0.020000,0.000000,0.000000,0.000000,0.000000,0.000000
18.613559,-0.020000,0.000000,0.000000,0.000000,0.000000,0.000000
18.623559,-0.020000,0.000000,0.000000,0.000000,0.000000,0.000000
18.633559,-0.020000,0.000000,0.000000,0.000000,0.000000,0.000000
18.643559,-0.020000,0.000000,0.000000,0.000000,0.000000,0.000000
18.653559,-0.020000,0.000000,0.000000,0.000000,0.000000,0.000000
18.663559,-0.020000,0.000000,0.000000,0.000000,0.000000,0.000000
18.673559,-0.020000,0.000000,0.000000,0.000000,0.000000,0.000000
18.683559,-0.020000,0.000000,0.000000,0.000000,0.000000,0.000000
18.693559,-0.020000,0.000000,0.000000,0.000000,0.000000,0.000000
18.703559,-0.015000,0.000000,0.000000,0.000000,0.000000,0.000000
18.713559,-0.015000,0.000000,0.000000,0.000000,0.000000,0.000000
18.723559,-0.015000,0.000000,0.000000,0.000000,0.000000,0.000000
18.733559,-0.015000,0.000000,0.000000,0.000000,0.000000,0.000000
18.743559,-0.015000,0.000000,0.000000,0.000000,0.000000,0.000000
18.753559,-0.015000,0.000000,0.000000,0.000000,0.000000,0.000000
18.763559,-0.015000,0.000000,0.000000,0.000000,0.000000,0.000000
18.773559,-0.015000,0.000000,0.000000,0.000000,0.000000,0.000000
18.783559,-0.015000,0.000000,0.000000,0.000000,0.000000,0.000000
18.793559,-0.015000,0.000000,0.000000,0.000000,0.000000,0.000000
18.803559,-0.010000,0.000000,0.000000,0.000000,0.000000,0.000000
18.813559,-0.010000,0.000000,0.000000,0.000000,0.000000,0.000000
18.823559,-0.010000,0.000000,0.000000,0.000000,0.000000,0.000000
18.833559,-0.010000,0.000000,0.000000,0.000000,0.000000,0.000000
18.843559,-0.010000,0.000000,0.000000,0.000000,0.000000,0.000000
18.853559,-0.010000,0.000000,0.000000,0.000000,0.000000,0.000000
18.863559,-0.010000,0.000000,0.000000,0.000000,0.000000,0.000000
18.873559,-0.010000,0.000000,0.000000,0.000000,0.000000,0.000000
18.883559,-0.010000,0.000000,0.000000,0.000000,0.000000,0.000000
18.893559,-0.010000,0.000000,0.000000,0.000000,0.000000,0.000000
18.903559,-0.005000,0.000000,0.000000,0.000000,0.000000,0.000000
18.913559,-0.005000,0.000000,0.000000,0.000000,0.000000,0.000000
18.923559,-0.005000,0.000000,0.000000,0.000000,0.000000,0.000000
18.933559,-0.005000,0.000000,0.000000,0.000000,0.000000,0.000000
18.943559,-0.005000,0.000000,0.000000,0.000000,0.000000,0.000000
18.953559,-0.005000,0.000000,0.000000,0.000000,0.000000,0.000000
18.963559,-0.005000,0.000000,0.000000,0.000000,0.000000,0.000000
18.973559,-0.005000,0.000000,0.000000,0.000000,0.000000,0.000000
18.983559,-0.005000,0.000000,0.000000,0.000000,0.000000,0.000000
18.993559,0.000000,0.000000,0.000000,0.000000,0.000000,0.000000
19.003559,0.000000,0.000000,0.000000,0.000000,0.000000,0.000000
19.013559,0.000000,0.000000,0.000000,0.000000,0.000000,0.000000
19.023559,0.000000,0.000000,0.000000,0.000000,0.000000,0.000000
19.033559,0.000000,0.000000,0.000000,0.000000,0.000000,0.000000
19.043559,0.000000,0.000000,0.000000,0.000000,0.000000,0.000000
19.053559,0.000000,0.000000,0.000000,0.000000,0.000000,0.000000
19.063559,0.000000,0.000000,0.000000,0.000000,0.000000,0.000000
19.073559,0.000000,0.000000,0.000000,0.000000,0.000000,0.000000
19.083559,0.000000,0.000000,0.000000,0.000000,0.000000,0.000000
19.093559,0.000000,0.000000,0.000000,0.000000,0.000000,0.000000
19.103559,0.000000,0.000000,0.000000,0.000000,0.000000,0.000000
19.113559,0.000000,0.000000,0.000000,0.000000,0.000000,0.000000
19.123559,0.000000,0.000000,0.000000,0.000000,0.000000,0.000000
19.133559,0.000000,0.000000,0.000000,0.000000,0.000000,0.000000
19.143559,0.000000,0.000000,0.000000,0.000000,0.000000,0.000000
19.153559,0.000000,0.000000,0.000000,0.000000,0.000000,0.000000
19.163559,0.000000,0.000000,0.000000,0.000000,0.000000,0.000000
19.173559,0.000000,0.000000,0.000000,0.000000,0.000000,0.000000
19.183559,0.000000,0.000000,0.000000,0.000000,0.000000,0.000000
19.193559,0.000000,0.000000,0.000000,0.000000,0.000000,0.000000
19.203559,0.000000,0.000000,0.000000,0.000000,0.000000,0.000000
19.213559,0.000000,0.000000,0.000000,0.000000,0.000000,0.000000
19.223559,0.000000,0.000000,0.000000,0.000000,0.000000,0.000000
19.233559,0.000000,0.000000,0.000000,0.000000,0.000000,0.000000
19.243559,0.000000,0.000000,0.000000,0.000000,0.000000,0.000000
19.253559,0.000000,0.000000,0.000000,0.000000,0.000000,0.000000
19.263559,0.000000,0.000000,0.000000,0.000000,0.000000,0.000000
19.273559,0.000000,0.000000,0.000000,0.000000,0.000000,0.000000
19.283559,0.000000,0.000000,0.000000,0.000000,0.000000,0.000000
19.293559,0.000000,0.000000,0.000000,0.000000,0.000000,0.000000
19.303559,0.000000,0.000000,0.000000,0.000000,0.000000,0.000000
19.313559,0.000000,0.000000,0.000000,0.000000,0.000000,0.000000
19.323559,0.000000,0.000000,0.000000,0.000000,0.000000,0.000000
19.333559,0.000000,0.000000,0.000000,0.000000,0.000000,0.000000
19.343559,0.000000,0.000000,0.000000,0.000000,0.000000,0.000000
19.353559,0.000000,0.000000,0.000000,0.000000,0.000000,0.000000
19.363559,0.000000,0.000000,0.000000,0.000000,0.000000,0.000000
19.373559,0.000000,0.000000,0.000000,0.000000,0.000000,0.000000
19.383559,0.000000,0.000000,0.000000,0.000000,0.000000,0.000000
19.393559,0.000000,0.000000,0.000000,0.000000,0.000000,0.000000
19.403559,0.000000,0.000000,0.000000,0.000000,0.000000,0.000000
19.413559,0.000000,0.000000,0.000000,0.000000,0.000000,0.000000
19.423559,0.000000,0.000000,0.000000,0.000000,0.000000,0.000000
19.433559,0.000000,0.000000,0.000000,0.000000,0.000000,0.000000
19.443559,0.000000,0.000000,0.000000,0.000000,0.000000,0.000000
19.453559,0.000000,0.000000,0.000000,0.000000,0.000000,0.000000
19.463559,0.000000,0.000000,0.000000,0.000000,0.000000,0.000000
19.473559,0.000000,0.000000,0.000000,0.000000,0.000000,0.000000
19.483559,0.000000,0.000000,0.000000,0.000000,0.000000,0.000000
19.493559,0.000000,0.000000,0.000000,0.000000,0.000000,0.000000
19.503559,0.000000,0.000000,0.000000,0.000000,0.000000,0.000000
19.513559,0.000000,0.000000,0.000000,0.000000,0.000000,0.000000
19.523559,0.000000,0.000000,0.000000,0.000000,0.000000,0.000000
19.533559,0.000000,0.000000,0.000000,0.000000,0.000000,0.000000
19.543559,0.000000,0.000000,0.000000,0.000000,0.000000,0.000000
19.553559,0.000000,0.000000,0.000000,0.000000,0.000000,0.000000
19.563559,0.000000,0.000000,0.000000,0.000000,0.000000,0.000000
19.573559,0.000000,0.000000,0.000000,0.000000,0.000000,0.000000
19.583559,0.000000,0.000000,0.000000,0.000000,0.000000,0.000000
19.593559,0.000000,0.000000,0.000000,0.000000,0.000000,0.000000
19.603559,0.000000,0.000000,0.000000,0.000000,0.000000,0.000000
19.613559,0.000000,0.000000,0.000000,0.000000,0.000000,0.000000
19.623559,0.000000,0.000000,0.000000,0.000000,0.000000,0.000000
19.633559,0.000000,0.000000,0.000000,0.000000,0.000000,0.000000
19.643559,0.000000,0.000000,0.000000,0.000000,0.000000,0.000000
19.653559,0.000000,0.000000,0.000000,0.000000,0.000000,0.000000
19.663559,0.000000,0.000000,0.000000,0.000000,0.000000,0.000000
19.673559,0.000000,0.000000,0.000000,0.000000,0.000000,0.000000
19.683559,0.000000,0.000000,0.000000,0.000000,0.000000,0.000000
19.693559,0.000000,0.000000,0.000000,0.000000,0.000000,0.000000
19.703559,0.000000,0.000000,0.000000,0.000000,0.000000,0.000000
19.713559,0.000000,0.000000,0.000000,0.000000,0.000000,0.000000
19.723559,0.000000,0.000000,0.000000,0.000000,0.000000,0.000000
19.733559,0.000000,0.000000,0.000000,0.000000,0.000000,0.000000
19.743559,0.000000,0.000000,0.000000,0.000000,0.000000,0.000000
19.753559,0.000000,0.000000,0.000000,0.000000,0.000000,0.000000
19.763559,0.000000,0.000000,0.000000,0.000000,0.000000,0.000000
19.773559,0.000000,0.000000,0.000000,0.000000,0.000000,0.000000
19.783559,0.000000,0.000000,0.000000,0.000000,0.000000,0.000000
19.793559,0.000000,0.000000,0.000000,0.000000,0.000000,0.000000
19.803559,0.000000,0.000000,0.000000,0.000000,0.000000,0.000000
19.813559,0.000000,0.000000,0.000000,0.000000,0.000000,0.000000
19.823559,0.000000,0.000000,0.000000,0.000000,0.000000,0.000000
19.833559,0.000000,0.000000,0.000000,0.000000,0.000000,0.000000
19.843559,0.000000,0.000000,0.000000,0.000000,0.000000,0.000000
19.853559,0.000000,0.000000,0.000000,0.000000,0.000000,0.000000
19.863559,0.000000,0.000000,0.000000,0.000000,0.000000,0.000000
19.873559,0.000000,0.000000,0.000000,0.000000,0.000000,0.000000
19.883559,0.000000,0.000000,0.000000,0.000000,0.000000,0.000000
19.893559,0.000000,0.000000,0.000000,0.000000,0.000000,0.000000
19.903559,0.000000,0.000000,0.000000,0.000000,0.000000,0.000000
19.913559,0.000000,0.000000,0.000000,0.000000,0.000000,0.000000
19.923559,0.000000,0.000000,0.000000,0.000000,0.000000,0.000000
19.933559,0.000000,0.000000,0.000000,0.000000,0.000000,0.000000
19.943559,0.000000,0.000000,0.000000,0.000000,0.000000,0.000000
19.953559,0.000000,0.000000,0.000000,0.000000,0.000000,0.000000
19.963559,0.000000,0.000000,0.000000,0.000000,0.000000,0.000000
19.973559,0.000000,0.000000,0.000000,0.000000,0.000000,0.000000
19.983559,0.000000,0.000000,0.000000,0.000000,0.000000,0.000000
19.993559,0.000000,0.000000,0.000000,0.000000,0.000000,0.000000
20.003559,0.000000,0.000000,0.000000,0.000000,0.000000,0.000000
20.013559,0.000000,0.000000,0.000000,0.000000,0.000000,0.000000
20.023559,0.000000,0.000000,0.000000,0.000000,0.000000,0.000000
20.033559,0.000000,0.000000,0.000000,0.000000,0.000000,0.000000
20.043559,0.000000,0.000000,0.000000,0.000000,0.000000,0.000000
20.053559,0.000000,0.000000,0.000000,0.000000,0.000000,0.000000
20.063559,0.000000,0.000000,0.000000,0.000000,0.000000,0.000000
20.073559,0.000000,0.000000,0.000000,0.000000,0.000000,0.000000
20.083559,0.000000,0.000000,0.000000,0.000000,0.000000,0.000000
20.093559,0.000000,0.000000,0.000000,0.000000,0.000000,0.000000
20.103559,0.000000,0.000000,0.000000,0.000000,0.000000,0.000000
20.113559,0.000000,0.000000,0.000000,0.000000,0.000000,0.000000
20.123559,0.000000,0.000000,0.000000,0.000000,0.000000,0.000000
20.133559,0.000000,0.000000,0.000000,0.000000,0.000000,0.000000
20.143559,0.000000,0.000000,0.000000,0.000000,0.000000,0.000000
20.153559,0.000000,0.000000,0.000000,0.000000,0.000000,0.000000
20.163559,0.000000,0.000000,0.000000,0.000000,0.000000,0.000000
20.173559,0.000000,0.000000,0.000000,0.000000,0.000000,0.000000
20.183559,0.000000,0.000000,0.000000,0.000000,0.000000,0.000000
20.193559,0.000000,0.000000,0.000000,0.000000,0.000000,0.000000
20.203559,0.000000,0.000000,0.000000,0.000000,0.000000,0.000000
20.213559,0.000000,0.000000,0.000000,0.000000,0.000000,0.000000
20.223559,0.000000,0.000000,0.000000,0.000000,0.000000,0.000000
20.233559,0.000000,0.000000,0.000000,0.000000,0.000000,0.000000
20.243559,0.000000,0.000000,0.000000,0.000000,0.000000,0.000000
20.253559,0.000000,0.000000,0.000000,0.000000,0.000000,0.000000
20.263559,0.000000,0.000000,0.000000,0.000000,0.000000,0.000000
20.273559,0.000000,0.000000,0.000000,0.000000,0.000000,0.000000
20.283559,0.000000,0.000000,0.000000,0.000000,0.000000,0.000000
20.293559,0.000000,0.000000,0.000000,0.000000,0.000000,0.000000
20.303559,0.000000,0.000000,0.000000,0.000000,0.000000,0.000000
20.313559,0.000000,0.000000,0.000000,0.000000,0.000000,0.000000
20.323559,0.000000,0.000000,0.000000,0.000000,0.000000,0.000000
20.333559,0.000000,0.000000,0.000000,0.000000,0.000000,0.000000
20.343559,0.000000,0.000000,0.000000,0.000000,0.000000,0.000000
20.353559,0.000000,0.000000,0.000000,0.000000,0.000000,0.000000
20.363559,0.000000,0.000000,0.000000,0.000000,0.000000,0.000000
20.373559,0.000000,0.000000,0.000000,0.000000,0.000000,0.000000
20.383559,0.000000,0.000000,0.000000,0.000000,0.000000,0.000000
20.393559,0.000000,0.000000,0.000000,0.000000,0.000000,0.000000
20.403559,0.000000,0.000000,0.000000,0.000000,0.000000,0.000000
20.413559,0.000000,0.000000,0.000000,0.000000,0.000000,0.000000
20.423559,0.000000,0.000000,0.000000,0.000000,0.000000,0.000000
20.433559,0.000000,0.000000,0.000000,0.000000,0.000000,0.000000
20.443559,0.000000,0.000000,0.000000,0.000000,0.000000,0.000000
20.453559,0.000000,0.000000,0.000000,0.000000,0.000000,0.000000
20.463559,0.000000,0.000000,0.000000,0.000000,0.000000,0.000000
20.473559,0.000000,0.000000,0.000000,0.000000,0.000000,0.000000
20.483559,0.000000,0.000000,0.000000,0.000000,0.000000,0.000000
20.493559,0.000000,0.000000,0.000000,0.000000,0.000000,0.000000
20.503559,0.000000,0.000000,0.000000,0.000000,0.000000,0.000000
20.513559,0.000000,0.000000,0.000000,0.000000,0.000000,0.000000
20.523559,0.000000,0.000000,0.000000,0.000000,0.000000,0.000000
20.533559,0.000000,0.000000,0.000000,0.000000,0.000000,0.000000
20.543559,0.000000,0.000000,0.000000,0.000000,0.000000,0.000000
20.553559,0.000000,0.000000,0.000000,0.000000,0.000000,0.000000
20.563559,0.000000,0.000000,0.000000,0.000000,0.000000,0.000000
20.573559,0.000000,0.000000,0.000000,0.000000,0.000000,0.000000
20.583559,0.000000,0.000000,0.000000,0.000000,0.000000,0.000000
20.593559,0.000000,0.000000,0.000000,0.000000,0.000000,0.000000
20.603559,0.000000,0.000000,0.000000,0.000000,0.000000,0.000000
20.613559,0.000000,0.000000,0.000000,0.000000,0.000000,0.000000
20.623559,0.000000,0.000000,0.000000,0.000000,0.000000,0.000000
20.633559,0.000000,0.000000,0.000000,0.000000,0.000000,0.000000
20.643559,0.000000,0.000000,0.000000,0.000000,0.000000,0.000000
20.653559,0.000000,0.000000,0.000000,0.000000,0.000000,0.000000
20.663559,0.000000,0.000000,0.000000,0.000000,0.000000,0.000000
20.673559,0.000000,0.000000,0.000000,0.000000,0.000000,0.000000
20.683559,0.000000,0.000000,0.000000,0.000000,0.000000,0.000000
20.693559,0.000000,0.000000,0.000000,0.000000,0.000000,0.000000
20.703559,0.000000,0.000000,0.000000,0.000000,0.000000,0.000000
20.713559,0.000000,0.000000,0.000000,0.000000,0.000000,0.000000
20.723559,0.000000,0.000000,0.000000,0.000000,0.000000,0.000000
20.733559,0.000000,0.000000,0.000000,0.000000,0.000000,0.000000
20.743559,0.000000,0.000000,0.000000,0.000000,0.000000,0.000000
20.753559,0.000000,0.000000,0.000000,0.000000,0.000000,0.000000
20.763559,0.000000,0.000000,0.000000,0.000000,0.000000,0.000000
20.773559,0.000000,0.000000,0.000000,0.000000,0.000000,0.000000
20.783559,0.000000,0.000000,0.000000,0.000000,0.000000,0.000000
20.793559,0.000000,0.000000,0.000000,0.000000,0.000000,0.000000
20.803559,0.000000,0.000000,0.000000,0.000000,0.000000,0.000000
20.813559,0.000000,0.000000,0.000000,0.000000,0.000000,0.000000
20.823559,0.000000,0.000000,0.000000,0.000000,0.000000,0.000000
20.833559,0.000000,0.000000,0.000000,0.000000,0.000000,0.000000
20.843559,0.000000,0.000000,0.000000,0.000000,0.000000,0.000000
20.853559,0.000000,0.000000,0.000000,0.000000,0.000000,0.000000
20.863559,0.000000,0.000000,0.000000,0.000000,0.000000,0.000000
20.873559,0.000000,0.000000,0.000000,0.000000,0.000000,0.000000
20.883559,0.000000,0.000000,0.000000,0.000000,0.000000,0.000000
20.893559,0.000000,0.000000,0.000000,0.000000,0.000000,0.000000
20.903559,0.000000,0.000000,0.000000,0.000000,0.000000,0.000000
20.913559,0.000000,0.000000,0.000000,0.000000,0.000000,0.000000
20.923559,0.000000,0.000000,0.000000,0.000000,0.000000,0.000000
20.933559,0.000000,0.000000,0.000000,0.000000,0.000000,0.000000
20.943559,0.000000,0.000000,0.000000,0.000000,0.000000,0.000000
20.953559,0.000000,0.000000,0.000000,0.000000,0.000000,0.000000
20.963559,0.000000,0.000000,0.000000,0.000000,0.000000,0.000000
20.973559,0.000000,0.000000,0.000000,0.000000,0.000000,0.000000
20.983559,0.000000,0.000000,0.000000,0.000000,0.000000,0.000000
20.993559,0.000000,0.000000,0.000000,0.000000,0.000000,0.000000
21.003559,0.000000,0.000000,0.000000,0.000000,0.000000,0.000000
21.013559,0.000000,0.000000,0.000000,0.000000,0.000000,0.000000
21.023559,0.000000,0.000000,0.000000,0.000000,0.000000,0.000000
21.033559,0.000000,0.000000,0.000000,0.000000,0.000000,0.000000
21.043559,0.000000,0.000000,0.000000,0.000000,0.000000,0.000000
21.053559,0.000000,0.000000,0.000000,0.000000,0.000000,0.000000
21.063559,0.000000,0.000000,0.000000,0.000000,0.000000,0.000000
21.073559,0.000000,0.000000,0.000000,0.000000,0.000000,0.000000
21.083559,0.000000,0.000000,0.000000,0.000000,0.000000,0.000000
21.093559,0.000000,0.000000,0.000000,0.000000,0.000000,0.000000
21.103559,0.000000,0.000000,0.000000,0.000000,0.000000,0.000000
21.113559,0.000000,0.000000,0.000000,0.000000,0.000000,0.000000
21.123559,0.000000,0.000000,0.000000,0.000000,0.000000,0.000000
21.133559,0.000000,0.000000,0.000000,0.000000,0.000000,0.000000
21.143559,0.000000,0.000000,0.000000,0.000000,0.000000,0.000000
21.153559,0.000000,0.000000,0.000000,0.000000,0.000000,0.000000
21.163559,0.000000,0.000000,0.000000,0.000000,0.000000,0.000000
21.173559,0.000000,0.000000,0.000000,0.000000,0.000000,0.000000
21.183559,0.000000,0.000000,0.000000,0.000000,0.000000,0.000000
21.193559,0.000000,0.000000,0.000000,0.000000,0.000000,0.000000
21.203559,0.000000,0.000000,0.000000,0.000000,0.000000,0.000000
21.213559,0.000000,0.000000,0.000000,0.000000,0.000000,0.000000
21.223559,0.000000,0.000000,0.000000,0.000000,0.000000,0.000000
21.233559,0.000000,0.000000,0.000000,0.000000,0.000000,0.000000
21.243559,0.000000,0.000000,0.000000,0.000000,0.000000,0.000000
21.253559,0.000000,0.000000,0.000000,0.000000,0.000000,0.000000
21.263559,0.000000,0.000000,0.000000,0.000000,0.000000,0.000000
21.273559,0.000000,0.000000,0.000000,0.000000,0.000000,0.000000
21.283559,0.000000,0.000000,0.000000,0.000000,0.000000,0.000000
21.293559,0.000000,0.000000,0.000000,0.000000,0.000000,0.000000
21.303559,0.000000,0.000000,0.000000,0.000000,0.000000,0.000000
21.313559,0.000000,0.000000,0.000000,0.000000,0.000000,0.000000
21.323559,0.000000,0.000000,0.000000,0.000000,0.000000,0.000000
21.333559,0.000000,0.000000,0.000000,0.000000,0.000000,0.000000
21.343559,0.000000,0.000000,0.000000,0.000000,0.000000,0.000000
21.353559,0.000000,0.000000,0.000000,0.000000,0.000000,0.000000
21.363559,0.000000,0.000000,0.000000,0.000000,0.000000,0.000000
21.373559,0.000000,0.000000,0.000000,0.000000,0.000000,0.000000
21.383559,0.000000,0.000000,0.000000,0.000000,0.000000,0.000000
21.393559,0.000000,0.000000,0.000000,0.000000,0.000000,0.000000
21.403559,0.000000,0.000000,0.000000,0.000000,0.000000,0.000000
21.413559,0.000000,0.000000,0.000000,0.000000,0.000000,0.000000
21.423559,0.000000,0.000000,0.000000,0.000000,0.000000,0.000000
21.433559,0.000000,0.000000,0.000000,0.000000,0.000000,0.000000
21.443559,0.000000,0.000000,0.000000,0.000000,0.000000,0.000000
21.453559,0.000000,0.000000,0.000000,0.000000,0.000000,0.000000
21.463559,0.000000,0.000000,0.000000,0.000000,0.000000,0.000000
21.473559,0.000000,0.000000,0.000000,0.000000,0.000000,0.000000
21.483559,0.000000,0.000000,0.000000,0.000000,0.000000,0.000000
21.493559,0.000000,0.000000,0.000000,0.000000,0.000000,0.000000
21.503559,0.000000,0.000000,0.000000,0.000000,0.000000,0.000000
21.513559,0.000000,0.000000,0.000000,0.000000,0.000000,0.000000
21.523559,0.000000,0.000000,0.000000,0.000000,0.000000,0.000000
21.533559,0.000000,0.000000,0.000000,0.000000,0.000000,0.000000
21.543559,0.000000,0.000000,0.000000,0.000000,0.000000,0.000000
21.553559,0.000000,0.000000,0.000000,0.000000,0.000000,0.000000
21.563559,0.000000,0.000000,0.000000,0.000000,0.000000,0.000000
21.573559,0.000000,0.000000,0.000000,0.000000,0.000000,0.000000
21.583559,0.000000,0.000000,0.000000,0.000000,0.000000,0.000000
21.593559,0.000000,0.000000,0.000000,0.000000,0.000000,0.000000
21.603559,0.000000,0.000000,0.000000,0.000000,0.000000,0.000000
21.613559,0.000000,0.000000,0.000000,0.000000,0.000000,0.000000
21.623559,0.000000,0.000000,0.000000,0.000000,0.000000,0.000000
21.633559,0.000000,0.000000,0.000000,0.000000,0.000000,0.000000
21.643559,0.000000,0.000000,0.000000,0.000000,0.000000,0.000000
21.653559,0.000000,0.000000,0.000000,0.000000,0.000000,0.000000
21.663559,0.000000,0.000000,0.000000,0.000000,0.000000,0.000000
21.673559,0.000000,0.000000,0.000000,0.000000,0.000000,0.000000
21.683559,0.000000,0.000000,0.000000,0.000000,0.000000,0.000000
21.693559,0.000000,0.000000,0.000000,0.000000,0.000000,0.000000
21.703559,0.000000,0.000000,0.000000,0.000000,0.000000,0.000000
21.713559,0.000000,0.000000,0.000000,0.000000,0.000000,0.000000
21.723559,0.000000,0.000000,0.000000,0.000000,0.000000,0.000000
21.733559,0.000000,0.000000,0.000000,0.000000,0.000000,0.000000
21.743559,0.000000,0.000000,0.000000,0.000000,0.000000,0.000000
21.753559,0.000000,0.000000,0.000000,0.000000,0.000000,0.000000
21.763559,0.000000,0.000000,0.000000,0.000000,0.000000,0.000000
21.773559,0.000000,0.000000,0.000000,0.000000,0.000000,0.000000
21.783559,0.000000,0.000000,0.000000,0.000000,0.000000,0.000000
21.793559,0.000000,0.000000,0.000000,0.000000,0.000000,0.000000
21.803559,0.000000,0.000000,0.000000,0.000000,0.000000,0.000000
21.813559,0.000000,0.000000,0.000000,0.000000,0.000000,0.000000
21.823559,0.000000,0.000000,0.000000,0.000000,0.000000,0.000000
21.833559,0.000000,0.000000,0.000000,0.000000,0.000000,0.000000
21.843559,0.000000,0.000000,0.000000,0.000000,0.000000,0.000000
21.853559,0.000000,0.000000,0.000000,0.000000,0.000000,0.000000
21.863559,0.000000,0.000000,0.000000,0.000000,0.000000,0.000000
21.873559,0.000000,0.000000,0.000000,0.000000,0.000000,0.000000
21.883559,0.000000,0.000000,0.000000,0.000000,0.000000,0.000000
21.893559,0.000000,0.000000,0.000000,0.000000,0.000000,0.000000
21.903559,0.000000,0.000000,0.000000,0.000000,0.000000,0.000000
21.913559,0.000000,0.000000,0.000000,0.000000,0.000000,0.000000
21.923559,0.000000,0.000000,0.000000,0.000000,0.000000,0.000000
21.933559,0.000000,0.000000,0.000000,0.000000,0.000000,0.000000
21.943559,0.000000,0.000000,0.000000,0.000000,0.000000,0.000000
21.953559,0.000000,0.000000,0.000000,0.000000,0.000000,0.000000
21.963559,0.000000,0.000000,0.000000,0.000000,0.000000,0.000000
21.973559,0.000000,0.000000,0.000000,0.000000,0.000000,0.000000
21.983559,0.000000,0.000000,0.000000,0.000000,0.000000,0.000000
21.993559,0.000000,0.000000,0.000000,0.000000,0.000000,0.000000
22.003559,0.000000,0.000000,0.000000,0.000000,0.000000,0.000000
22.013559,0.000000,0.000000,0.000000,0.000000,0.000000,0.000000
22.023559,0.000000,0.000000,0.000000,0.000000,0.000000,0.000000
22.033559,0.000000,0.000000,0.000000,0.000000,0.000000,0.000000
22.043559,0.000000,0.000000,0.000000,0.000000,0.000000,0.000000
22.053559,0.000000,0.000000,0.000000,0.000000,0.000000,0.000000
22.063559,0.000000,0.000000,0.000000,0.000000,0.000000,0.000000
22.073559,0.000000,0.000000,0.000000,0.000000,0.000000,0.000000
22.083559,0.000000,0.000000,0.000000,0.000000,0.000000,0.000000
22.093559,0.000000,0.000000,0.000000,0.000000,0.000000,0.000000
22.103559,0.000000,0.000000,0.000000,0.000000,0.000000,0.000000
22.113559,0.000000,0.000000,0.000000,0.000000,0.000000,0.000000
22.123559,0.000000,0.000000,0.000000,0.000000,0.000000,0.000000
22.133559,0.000000,0.000000,0.000000,0.000000,0.000000,0.000000
22.143559,0.000000,0.000000,0.000000,0.000000,0.000000,0.000000
22.153559,0.000000,0.000000,0.000000,0.000000,0.000000,0.000000
22.163559,0.000000,0.000000,0.000000,0.000000,0.000000,0.000000
22.173559,0.000000,0.000000,0.000000,0.000000,0.000000,0.000000
22.183559,0.000000,0.000000,0.000000,0.000000,0.000000,0.000000
22.193559,0.000000,0.000000,0.000000,0.000000,0.000000,0.000000
22.203559,0.000000,0.000000,0.000000,0.000000,0.000000,0.000000
22.213559,0.000000,0.000000,0.000000,0.000000,0.000000,0.000000
22.223559,0.000000,0.000000,0.000000,0.000000,0.000000,0.000000
22.233559,0.000000,0.000000,0.000000,0.000000,0.000000,0.000000
22.243559,0.000000,0.000000,0.000000,0.000000,0.000000,0.000000
22.253559,0.000000,0.000000,0.000000,0.000000,0.000000,0.000000
22.263559,0.000000,0.000000,0.000000,0.000000,0.000000,0.000000
22.273559,0.000000,0.000000,0.000000,0.000000,0.000000,0.000000
22.283559,0.000000,0.000000,0.000000,0.000000,0.000000,0.000000
22.293559,0.000000,0.000000,0.000000,0.000000,0.000000,0.000000
22.303559,0.000000,0.000000,0.000000,0.000000,0.000000,0.000000
22.313559,0.000000,0.000000,0.000000,0.000000,0.000000,0.000000
22.323559,0.000000,0.000000,0.000000,0.000000,0.000000,0.000000
22.333559,0.000000,0.000000,0.000000,0.000000,0.000000,0.000000
22.343559,0.000000,0.000000,0.000000,0.000000,0.000000,0.000000
22.353559,0.000000,0.000000,0.000000,0.000000,0.000000,0.000000
22.363559,0.000000,0.000000,0.000000,0.000000,0.000000,0.000000
22.373559,0.000000,0.000000,0.000000,0.000000,0.000000,0.000000
22.383559,0.000000,0.000000,0.000000,0.000000,0.000000,0.000000
22.393559,0.000000,0.000000,0.000000,0.000000,0.000000,0.000000
22.403559,0.000000,0.000000,0.000000,0.000000,0.000000,0.000000
22.413559,0.000000,0.000000,0.000000,0.000000,0.000000,0.000000
22.423559,0.000000,0.000000,0.000000,0.000000,0.000000,0.000000
22.433559,0.000000,0.000000,0.000000,0.000000,0.000000,0.000000
22.443559,0.000000,0.000000,0.000000,0.000000,0.000000,0.000000
22.453559,0.000000,0.000000,0.000000,0.000000,0.000000,0.000000
22.463559,0.000000,0.000000,0.000000,0.000000,0.000000,0.000000
22.473559,0.000000,0.000000,0.000000,0.000000,0.000000,0.000000
22.483559,0.000000,0.000000,0.000000,0.000000,0.000000,0.000000
22.493559,0.000000,0.000000,0.000000,0.000000,0.000000,0.000000
22.503559,0.000000,0.000000,0.000000,0.000000,0.000000,0.000000
22.513559,0.000000,0.000000,0.000000,0.000000,0.000000,0.000000
22.523559,0.000000,0.000000,0.000000,0.000000,0.000000,0.000000
22.533559,0.000000,0.000000,0.000000,0.000000,0.000000,0.000000
22.543559,0.000000,0.000000,0.000000,0.000000,0.000000,0.000000
22.553559,0.000000,0.000000,0.000000,0.000000,0.000000,0.000000
22.563559,0.000000,0.000000,0.000000,0.000000,0.000000,0.000000
22.573559,0.000000,0.000000,0.000000,0.000000,0.000000,0.000000
22.583559,0.000000,0.000000,0.000000,0.000000,0.000000,0.000000
22.593559,0.000000,0.000000,0.000000,0.000000,0.000000,0.000000
22.603559,0.000000,0.000000,0.000000,0.000000,0.000000,0.000000
22.613559,0.000000,0.000000,0.000000,0.000000,0.000000,0.000000
22.623559,0.000000,0.000000,0.000000,0.000000,0.000000,0.000000
22.633559,0.000000,0.000000,0.000000,0.000000,0.000000,0.000000
22.643559,0.000000,0.000000,0.000000,0.000000,0.000000,0.000000
22.653559,0.000000,0.000000,0.000000,0.000000,0.000000,0.000000
22.663559,0.000000,0.000000,0.000000,0.000000,0.000000,0.000000
22.673559,0.000000,0.000000,0.000000,0.000000,0.000000,0.000000
22.683559,0.000000,0.000000,0.000000,0.000000,0.000000,0.000000
22.693559,0.000000,0.000000,0.000000,0.000000,0.000000,0.000000
22.703559,0.000000,0.000000,0.000000,0.000000,0.000000,0.000000
22.713559,0.000000,0.000000,0.000000,0.000000,0.000000,0.000000
22.723559,0.000000,0.000000,0.000000,0.000000,0.000000,0.000000
22.733559,0.000000,0.000000,0.000000,0.000000,0.000000,0.000000
22.743559,0.000000,0.000000,0.000000,0.000000,0.000000,0.000000
22.753559,0.000000,0.000000,0.000000,0.000000,0.000000,0.000000
22.763559,0.000000,0.000000,0.000000,0.000000,0.000000,0.000000
22.773559,0.000000,0.000000,0.000000,0.000000,0.000000,0.000000
22.783559,0.000000,0.000000,0.000000,0.000000,0.000000,0.000000
22.793559,0.000000,0.000000,0.000000,0.000000,0.000000,0.000000
22.803559,0.000000,0.000000,0.000000,0.000000,0.000000,0.000000
22.813559,0.000000,0.000000,0.000000,0.000000,0.000000,0.000000
22.823559,0.000000,0.000000,0.000000,0.000000,0.000000,0.000000
22.833559,0.000000,0.000000,0.000000,0.000000,0.000000,0.000000
22.843559,0.000000,0.000000,0.000000,0.000000,0.000000,0.000000
22.853559,0.000000,0.000000,0.000000,0.000000,0.000000,0.000000
22.863559,0.000000,0.000000,0.000000,0.000000,0.000000,0.000000
22.873559,0.000000,0.000000,0.000000,0.000000,0.000000,0.000000
22.883559,0.000000,0.000000,0.000000,0.000000,0.000000,0.000000
22.893559,0.000000,0.000000,0.000000,0.000000,0.000000,0.000000
22.903559,0.000000,0.000000,0.000000,0.000000,0.000000,0.000000
22.913559,0.000000,0.000000,0.000000,0.000000,0.000000,0.000000
22.923559,0.000000,0.000000,0.000000,0.000000,0.000000,0.000000
22.933559,0.000000,0.000000,0.000000,0.000000,0.000000,0.000000
22.943559,0.000000,0.000000,0.000000,0.000000,0.000000,0.000000
22.953559,0.000000,0.000000,0.000000,0.000000,0.000000,0.000000
22.963559,0.000000,0.000000,0.000000,0.000000,0.000000,0.000000
22.973559,0.000000,0.000000,0.000000,0.000000,0.000000,0.000000
22.983559,0.000000,0.000000,0.000000,0.000000,0.000000,0.000000
22.993559,0.000000,0.000000,0.000000,0.000000,0.000000,0.000000
23.003559,0.000000,0.000000,0.000000,0.000000,0.000000,0.000000
23.013559,0.000000,0.000000,0.000000,0.000000,0.000000,0.000000
23.023559,0.000000,0.000000,0.000000,0.000000,0.000000,0.000000
23.033559,0.000000,0.000000,0.000000,0.000000,0.000000,0.000000
23.043559,0.000000,0.000000,0.000000,0.000000,0.000000,0.000000
23.053559,0.000000,0.000000,0.000000,0.000000,0.000000,0.000000
23.063559,0.000000,0.000000,0.000000,0.000000,0.000000,0.000000
23.073559,0.000000,0.000000,0.000000,0.000000,0.000000,0.000000
23.083559,0.000000,0.000000,0.000000,0.000000,0.000000,0.000000
23.093559,0.000000,0.000000,0.000000,0.000000,0.000000,0.000000
23.103559,0.000000,0.000000,0.000000,0.000000,0.000000,0.000000
23.113559,0.000000,0.000000,0.000000,0.000000,0.000000,0.000000
23.123559,0.000000,0.000000,0.000000,0.000000,0.000000,0.000000
23.133559,0.000000,0.000000,0.000000,0.000000,0.000000,0.000000
23.143559,0.000000,0.000000,0.000000,0.000000,0.000000,0.000000
23.153559,0.000000,0.000000,0.000000,0.000000,0.000000,0.000000
23.163559,0.000000,0.000000,0.000000,0.000000,0.000000,0.000000
23.173559,0.000000,0.000000,0.000000,0.000000,0.000000,0.000000
23.183559,0.000000,0.000000,0.000000,0.000000,0.000000,0.000000
23.193559,0.000000,0.000000,0.000000,0.000000,0.000000,0.000000
