time,linear_accel_x,linear_accel_y,linear_accel_z,angular_vel_x,angular_vel_y,angular_vel_z
1.109095,0.000000,0.000000,0.000000,0.000000,0.000000,0.000000
1.119095,0.000000,0.000000,0.000000,0.000000,0.000000,0.000000
1.129095,0.000000,0.000000,0.000000,0.000000,0.000000,0.000000
1.139095,0.000000,0.000000,0.000000,0.000000,0.000000,0.000000
1.149095,0.000000,0.000000,0.000000,0.000000,0.000000,0.000000
1.159095,0.000000,0.000000,0.000000,0.000000,0.000000,0.000000
1.169095,0.000000,0.000000,0.000000,0.000000,0.000000,0.000000
1.179095,0.000000,0.000000,0.000000,0.000000,0.000000,0.000000
1.189095,0.000000,0.000000,0.000000,0.000000,0.000000,0.000000
1.199095,0.000000,0.000000,0.000000,0.000000,0.000000,0.000000
1.209095,0.000000,0.000000,0.000000,0.000000,0.000000,0.000000
1.219095,0.000000,0.000000,0.000000,0.000000,0.000000,0.000000
1.229095,0.000000,0.000000,0.000000,0.000000,0.000000,0.000000
1.239095,0.000000,0.000000,0.000000,0.000000,0.000000,0.000000
1.249095,0.000000,0.000000,0.000000,0.000000,0.000000,0.000000
1.259095,0.000000,0.000000,0.000000,0.000000,0.000000,0.000000
1.269095,0.000000,0.000000,0.000000,0.000000,0.000000,0.000000
1.279095,0.000000,0.000000,0.000000,0.000000,0.000000,0.000000
1.289095,0.000000,0.000000,0.000000,0.000000,0.000000,0.000000
1.299095,0.000000,0.000000,0.000000,0.000000,0.000000,0.000000
1.309095,0.000000,0.000000,0.000000,0.000000,0.000000,0.000000
1.319095,0.000000,0.000000,0.000000,0.000000,0.000000,0.000000
1.329095,0.000000,0.000000,0.000000,0.000000,0.000000,0.000000
1.339095,0.000000,0.000000,0.000000,0.000000,0.000000,0.000000
1.349095,0.000000,0.000000,0.000000,0.000000,0.000000,0.000000
1.359095,0.000000,0.000000,0.000000,0.000000,0.000000,0.000000
1.369095,0.000000,0.000000,0.000000,0.000000,0.000000,0.000000
1.379095,0.000000,0.000000,0.000000,0.000000,0.000000,0.000000
1.389095,0.000000,0.000000,0.000000,0.000000,0.000000,0.000000
1.399095,0.000000,0.000000,0.000000,0.000000,0.000000,0.000000
1.409095,0.000000,0.000000,0.000000,0.000000,0.000000,0.000000
1.419095,0.000000,0.000000,0.000000,0.000000,0.000000,0.000000
1.429095,0.000000,0.000000,0.000000,0.000000,0.000000,0.000000
1.439095,0.000000,0.000000,0.000000,0.000000,0.000000,0.000000
1.449095,0.000000,0.000000,0.000000,0.000000,0.000000,0.000000
1.459095,0.000000,0.000000,0.000000,0.000000,0.000000,0.000000
1.469095,0.000000,0.000000,0.000000,0.000000,0.000000,0.000000
1.479095,0.000000,0.000000,0.000000,0.000000,0.000000,0.000000
1.489095,0.000000,0.000000,0.000000,0.000000,0.000000,0.000000
1.499095,0.000000,0.000000,0.000000,0.000000,0.000000,0.000000
1.509095,0.000000,0.000000,0.000000,0.000000,0.000000,0.000000
1.519095,0.000000,0.000000,0.000000,0.000000,0.000000,0.000000
1.529095,0.000000,0.000000,0.000000,0.000000,0.000000,0.000000
1.539095,0.000000,0.000000,0.000000,0.000000,0.000000,0.000000
1.549095,0.000000,0.000000,0.000000,0.000000,0.000000,0.000000
1.559095,0.000000,0.000000,0.000000,0.000000,0.000000,0.000000
1.569095,0.000000,0.000000,0.000000,0.000000,0.000000,0.000000
1.579095,0.000000,0.000000,0.000000,0.000000,0.000000,0.000000
1.589095,0.000000,0.000000,0.000000,0.000000,0.000000,0.000000
1.599095,0.000000,0.000000,0.000000,0.000000,0.000000,0.000000
1.609095,0.000000,0.000000,0.000000,0.000000,0.000000,0.000000
1.619095,0.000000,0.000000,0.000000,0.000000,0.000000,0.000000
1.629095,0.000000,0.000000,0.000000,0.000000,0.000000,0.000000
1.639095,0.000000,0.000000,0.000000,0.000000,0.000000,0.000000
1.649095,0.000000,0.000000,0.000000,0.000000,0.000000,0.000000
1.659095,0.000000,0.000000,0.000000,0.000000,0.000000,0.000000
1.669095,0.000000,0.000000,0.000000,0.000000,0.000000,0.000000
1.679095,0.000000,0.000000,0.000000,0.000000,0.000000,0.000000
1.689095,0.000000,0.000000,0.000000,0.000000,0.000000,0.000000
1.699095,0.000000,0.000000,0.000000,0.000000,0.000000,0.000000
1.709095,0.000000,0.000000,0.000000,0.000000,0.000000,0.000000
1.719095,0.000000,0.000000,0.000000,0.000000,0.000000,0.000000
1.729095,0.000000,0.000000,0.000000,0.000000,0.000000,0.000000
1.739095,0.000000,0.000000,0.000000,0.000000,0.000000,0.000000
1.749095,0.000000,0.000000,0.000000,0.000000,0.000000,0.000000
1.759095,0.000000,0.000000,0.000000,0.000000,0.000000,0.000000
1.769095,0.000000,0.000000,0.000000,0.000000,0.000000,0.000000
1.779095,0.000000,0.000000,0.000000,0.000000,0.000000,0.000000
1.789095,0.000000,0.000000,0.000000,0.000000,0.000000,0.000000
1.799095,0.000000,0.000000,0.000000,0.000000,0.000000,0.000000
1.809095,0.000000,0.000000,0.000000,0.000000,0.000000,0.000000
1.819095,0.000000,0.000000,0.000000,0.000000,0.000000,0.000000
1.829095,0.000000,0.000000,0.000000,0.000000,0.000000,0.000000
1.839095,0.000000,0.000000,0.000000,0.000000,0.000000,0.000000
1.849095,0.000000,0.000000,0.000000,0.000000,0.000000,0.000000
1.859095,0.000000,0.000000,0.000000,0.000000,0.000000,0.000000
1.869095,0.000000,0.000000,0.000000,0.000000,0.000000,0.000000
1.879095,0.000000,0.000000,0.000000,0.000000,0.000000,0.000000
1.889095,0.000000,0.000000,0.000000,0.000000,0.000000,0.000000
1.899095,0.000000,0.000000,0.000000,0.000000,0.000000,0.000000
1.909095,0.000000,0.000000,0.000000,0.000000,0.000000,0.000000
1.919095,0.000000,0.000000,0.000000,0.000000,0.000000,0.000000
1.929095,0.000000,0.000000,0.000000,0.000000,0.000000,0.000000
1.939095,0.000000,0.000000,0.000000,0.000000,0.000000,0.000000
1.949095,0.000000,0.000000,0.000000,0.000000,0.000000,0.000000
1.959095,0.000000,0.000000,0.000000,0.000000,0.000000,0.000000
1.969095,0.000000,0.000000,0.000000,0.000000,0.000000,0.000000
1.979095,0.000000,0.000000,0.000000,0.000000,0.000000,0.000000
1.989095,0.000000,0.000000,0.000000,0.000000,0.000000,0.000000
1.999095,0.000000,0.000000,0.000000,0.000000,0.000000,0.000000
2.009095,0.000000,0.000000,0.000000,0.000000,0.000000,0.000000
2.019095,0.000000,0.000000,0.000000,0.000000,0.000000,0.000000
2.029095,0.000000,0.000000,0.000000,0.000000,0.000000,0.000000
2.039095,0.000000,0.000000,0.000000,0.000000,0.000000,0.000000
2.049095,0.000000,0.000000,0.000000,0.000000,0.000000,0.000000
2.059095,0.000000,0.000000,0.000000,0.000000,0.000000,0.000000
2.069095,0.000000,0.000000,0.000000,0.000000,0.000000,0.000000
2.079095,0.000000,0.000000,0.000000,0.000000,0.000000,0.000000
2.089095,0.000000,0.000000,0.000000,0.000000,0.000000,0.000000
2.099095,0.000000,0.000000,0.000000,0.000000,0.000000,0.000000
2.109095,0.000000,0.000000,0.000000,0.000000,0.000000,0.000000
2.119095,0.000000,0.000000,0.000000,0.000000,0.000000,0.000000
2.129095,0.000000,0.000000,0.000000,0.000000,0.000000,0.000000
2.139095,0.000000,0.000000,0.000000,0.000000,0.000000,0.000000
2.149095,0.000000,0.000000,0.000000,0.000000,0.000000,0.000000
2.159095,0.000000,0.000000,0.000000,0.000000,0.000000,0.000000
2.169095,0.000000,0.000000,0.000000,0.000000,0.000000,0.000000
2.179095,0.000000,0.000000,0.000000,0.000000,0.000000,0.000000
2.189095,0.000000,0.000000,0.000000,0.000000,0.000000,0.000000
2.199095,0.000000,0.000000,0.000000,0.000000,0.000000,0.000000
2.209095,0.000000,0.000000,0.000000,0.000000,0.000000,0.000000
2.219095,0.000000,0.000000,0.000000,0.000000,0.000000,0.000000
2.229095,0.000000,0.000000,0.000000,0.000000,0.000000,0.000000
2.239095,0.000000,0.000000,0.000000,0.000000,0.000000,0.000000
2.249095,0.000000,0.000000,0.000000,0.000000,0.000000,0.000000
2.259095,0.000000,0.000000,0.000000,0.000000,0.000000,0.000000
2.269095,0.000000,0.000000,0.000000,0.000000,0.000000,0.000000
2.279095,0.000000,0.000000,0.000000,0.000000,0.000000,0.000000
2.289095,0.000000,0.000000,0.000000,0.000000,0.000000,0.000000
2.299095,0.000000,0.000000,0.000000,0.000000,0.000000,0.000000
2.309095,0.000000,0.000000,0.000000,0.000000,0.000000,0.000000
2.319095,0.000000,0.000000,0.000000,0.000000,0.000000,0.000000
2.329095,0.000000,0.000000,0.000000,0.000000,0.000000,0.000000
2.339095,0.000000,0.000000,0.000000,0.000000,0.000000,0.000000
2.349095,0.000000,0.000000,0.000000,0.000000,0.000000,0.000000
2.359095,0.000000,0.000000,0.000000,0.000000,0.000000,0.000000
2.369095,0.000000,0.000000,0.000000,0.000000,0.000000,0.000000
2.379095,0.000000,0.000000,0.000000,0.000000,0.000000,0.000000
2.389095,0.000000,0.000000,0.000000,0.000000,0.000000,0.000000
2.399095,0.000000,0.000000,0.000000,0.000000,0.000000,0.000000
2.409095,0.000000,0.000000,0.000000,0.000000,0.000000,0.000000
2.419095,0.000000,0.000000,0.000000,0.000000,0.000000,0.000000
2.429095,0.000000,0.000000,0.000000,0.000000,0.000000,0.000000
2.439095,0.000000,0.000000,0.000000,0.000000,0.000000,0.000000
2.449095,0.000000,0.000000,0.000000,0.000000,0.000000,0.000000
2.459095,0.000000,0.000000,0.000000,0.000000,0.000000,0.000000
2.469095,0.000000,0.000000,0.000000,0.000000,0.000000,0.000000
2.479095,0.000000,0.000000,0.000000,0.000000,0.000000,0.000000
2.489095,0.000000,0.000000,0.000000,0.000000,0.000000,0.000000
2.499095,0.000000,0.000000,0.000000,0.000000,0.000000,0.000000
2.509095,0.000000,0.000000,0.000000,0.000000,0.000000,0.000000
2.519095,0.000000,0.000000,0.000000,0.000000,0.000000,0.000000
2.529095,0.000000,0.000000,0.000000,0.000000,0.000000,0.000000
2.539095,0.000000,0.000000,0.000000,0.000000,0.000000,0.000000
2.549095,0.000000,0.000000,0.000000,0.000000,0.000000,0.000000
2.559095,0.000000,0.000000,0.000000,0.000000,0.000000,0.000000
2.569095,0.000000,0.000000,0.000000,0.000000,0.000000,0.000000
2.579095,0.000000,0.000000,0.000000,0.000000,0.000000,0.000000
2.589095,0.000000,0.000000,0.000000,0.000000,0.000000,0.000000
2.599095,0.000000,0.000000,0.000000,0.000000,0.000000,0.000000
2.609095,0.000000,0.000000,0.000000,0.000000,0.000000,0.000000
2.619095,0.000000,0.000000,0.000000,0.000000,0.000000,0.000000
2.629095,0.000000,0.000000,0.000000,0.000000,0.000000,0.000000
2.639095,0.000000,0.000000,0.000000,0.000000,0.000000,0.000000
2.649095,0.000000,0.000000,0.000000,0.000000,0.000000,0.000000
2.659095,0.000000,0.000000,0.000000,0.000000,0.000000,0.000000
2.669095,0.000000,0.000000,0.000000,0.000000,0.000000,0.000000
2.679095,0.000000,0.000000,0.000000,0.000000,0.000000,0.000000
2.689095,0.000000,0.000000,0.000000,0.000000,0.000000,0.000000
2.699095,0.000000,0.000000,0.000000,0.000000,0.000000,0.000000
2.709095,0.000000,0.000000,0.000000,0.000000,0.000000,0.000000
2.719095,0.000000,0.000000,0.000000,0.000000,0.000000,0.000000
2.729095,0.000000,0.000000,0.000000,0.000000,0.000000,0.000000
2.739095,0.000000,0.000000,0.000000,0.000000,0.000000,0.000000
2.749095,0.000000,0.000000,0.000000,0.000000,0.000000,0.000000
2.759095,0.000000,0.000000,0.000000,0.000000,0.000000,0.000000
2.769095,0.000000,0.000000,0.000000,0.000000,0.000000,0.000000
2.779095,0.000000,0.000000,0.000000,0.000000,0.000000,0.000000
2.789095,0.000000,0.000000,0.000000,0.000000,0.000000,0.000000
2.799095,0.000000,0.000000,0.000000,0.000000,0.000000,0.000000
2.809095,0.000000,0.000000,0.000000,0.000000,0.000000,0.000000
2.819095,0.000000,0.000000,0.000000,0.000000,0.000000,0.000000
2.829095,0.000000,0.000000,0.000000,0.000000,0.000000,0.000000
2.839095,0.000000,0.000000,0.000000,0.000000,0.000000,0.000000
2.849095,0.000000,0.000000,0.000000,0.000000,0.000000,0.000000
2.859095,0.000000,0.000000,0.000000,0.000000,0.000000,0.000000
2.869095,0.000000,0.000000,0.000000,0.000000,0.000000,0.000000
2.879095,0.000000,0.000000,0.000000,0.000000,0.000000,0.000000
2.889095,0.000000,0.000000,0.000000,0.000000,0.000000,0.000000
2.899095,0.000000,0.000000,0.000000,0.000000,0.000000,0.000000
2.909095,0.000000,0.000000,0.000000,0.000000,0.000000,0.000000
2.919095,0.000000,0.000000,0.000000,0.000000,0.000000,0.000000
2.929095,0.000000,0.000000,0.000000,0.000000,0.000000,0.000000
2.939095,0.000000,0.000000,0.000000,0.000000,0.000000,0.000000
2.949095,0.000000,0.000000,0.000000,0.000000,0.000000,0.000000
2.959095,0.000000,0.000000,0.000000,0.000000,0.000000,0.000000
2.969095,0.000000,0.000000,0.000000,0.000000,0.000000,0.000000
2.979095,0.000000,0.000000,0.000000,0.000000,0.000000,0.000000
2.989095,0.000000,0.000000,0.000000,0.000000,0.000000,0.000000
2.999095,0.000000,0.000000,0.000000,0.000000,0.000000,0.000000
3.009095,0.000000,0.000000,0.000000,0.000000,0.000000,0.000000
3.019095,0.000000,0.000000,0.000000,0.000000,0.000000,0.000000
3.029095,0.000000,0.000000,0.000000,0.000000,0.000000,0.000000
3.039095,0.000000,0.000000,0.000000,0.000000,0.000000,0.000000
3.049095,0.000000,0.000000,0.000000,0.000000,0.000000,0.000000
3.059095,0.000000,0.000000,0.000000,0.000000,0.000000,0.000000
3.069095,0.000000,0.000000,0.000000,0.000000,0.000000,0.000000
3.079095,0.000000,0.000000,0.000000,0.000000,0.000000,0.000000
3.089095,0.000000,0.000000,0.000000,0.000000,0.000000,0.000000
3.099095,0.000000,0.000000,0.000000,0.000000,0.000000,0.000000
3.109095,0.000000,0.000000,0.000000,0.000000,0.000000,0.000000
3.119095,0.000000,0.000000,0.000000,0.000000,0.000000,0.000000
3.129095,0.000000,0.000000,0.000000,0.000000,0.000000,0.000000
3.139095,0.000000,0.000000,0.000000,0.000000,0.000000,0.000000
3.149095,0.000000,0.000000,0.000000,0.000000,0.000000,0.000000
3.159095,0.000000,0.000000,0.000000,0.000000,0.000000,0.000000
3.169095,0.000000,0.000000,0.000000,0.000000,0.000000,0.000000
3.179095,0.000000,0.000000,0.000000,0.000000,0.000000,0.000000
3.189095,0.000000,0.000000,0.000000,0.000000,0.000000,0.000000
3.199095,0.000000,0.000000,0.000000,0.000000,0.000000,0.000000
3.209095,0.000000,0.000000,0.000000,0.000000,0.000000,0.000000
3.219095,0.000000,0.000000,0.000000,0.000000,0.000000,0.000000
3.229095,0.000000,0.000000,0.000000,0.000000,0.000000,0.000000
3.239095,0.000000,0.000000,0.000000,0.000000,0.000000,0.000000
3.249095,0.000000,0.000000,0.000000,0.000000,0.000000,0.000000
3.259095,0.000000,0.000000,0.000000,0.000000,0.000000,0.000000
3.269095,0.000000,0.000000,0.000000,0.000000,0.000000,0.000000
3.279095,0.000000,0.000000,0.000000,0.000000,0.000000,0.000000
3.289095,0.000000,0.000000,0.000000,0.000000,0.000000,0.000000
3.299095,0.000000,0.000000,0.000000,0.000000,0.000000,0.000000
3.309095,0.000000,0.000000,0.000000,0.000000,0.000000,0.000000
3.319095,0.000000,0.000000,0.000000,0.000000,0.000000,0.000000
3.329095,0.000000,0.000000,0.000000,0.000000,0.000000,0.000000
3.339095,0.000000,0.000000,0.000000,0.000000,0.000000,0.000000
3.349095,0.000000,0.000000,0.000000,0.000000,0.000000,0.000000
3.359095,0.000000,0.000000,0.000000,0.000000,0.000000,0.000000
3.369095,0.000000,0.000000,0.000000,0.000000,0.000000,0.000000
3.379095,0.000000,0.000000,0.000000,0.000000,0.000000,0.000000
3.389095,0.000000,0.000000,0.000000,0.000000,0.000000,0.000000
3.399095,0.000000,0.000000,0.000000,0.000000,0.000000,0.000000
3.409095,0.000000,0.000000,0.000000,0.000000,0.000000,0.000000
3.419095,0.000000,0.000000,0.000000,0.000000,0.000000,0.000000
3.429095,0.000000,0.000000,0.000000,0.000000,0.000000,0.000000
3.439095,0.000000,0.000000,0.000000,0.000000,0.000000,0.000000
3.449095,0.000000,0.000000,0.000000,0.000000,0.000000,0.000000
3.459095,0.000000,0.000000,0.000000,0.000000,0.000000,0.000000
3.469095,0.000000,0.000000,0.000000,0.000000,0.000000,0.000000
3.479095,0.000000,0.000000,0.000000,0.000000,0.000000,0.000000
3.489095,0.000000,0.000000,0.000000,0.000000,0.000000,0.000000
3.499095,0.000000,0.000000,0.000000,0.000000,0.000000,0.000000
3.509095,0.000000,0.000000,0.000000,0.000000,0.000000,0.000000
3.519095,0.000000,0.000000,0.000000,0.000000,0.000000,0.000000
3.529095,0.000000,0.000000,0.000000,0.000000,0.000000,0.000000
3.539095,0.000000,0.000000,0.000000,0.000000,0.000000,0.000000
3.549095,0.000000,0.000000,0.000000,0.000000,0.000000,0.000000
3.559095,0.000000,0.000000,0.000000,0.000000,0.000000,0.000000
3.569095,0.000000,0.000000,0.000000,0.000000,0.000000,0.000000
3.579095,0.000000,0.000000,0.000000,0.000000,0.000000,0.000000
3.589095,0.000000,0.000000,0.000000,0.000000,0.000000,0.000000
3.599095,0.000000,0.000000,0.000000,0.000000,0.000000,0.000000
3.609095,0.000000,0.000000,0.000000,0.000000,0.000000,0.000000
3.619095,0.000000,0.000000,0.000000,0.000000,0.000000,0.000000
3.629095,0.000000,0.000000,0.000000,0.000000,0.000000,0.000000
3.639095,0.000000,0.000000,0.000000,0.000000,0.000000,0.000000
3.649095,0.000000,0.000000,0.000000,0.000000,0.000000,0.000000
3.659095,0.000000,0.000000,0.000000,0.000000,0.000000,0.000000
3.669095,0.000000,0.000000,0.000000,0.000000,0.000000,0.000000
3.679095,0.000000,0.000000,0.000000,0.000000,0.000000,0.000000
3.689095,0.000000,0.000000,0.000000,0.000000,0.000000,0.000000
3.699095,0.000000,0.000000,0.000000,0.000000,0.000000,0.000000
3.709095,0.000000,0.000000,0.000000,0.000000,0.000000,0.000000
3.719095,0.000000,0.000000,0.000000,0.000000,0.000000,0.000000
3.729095,0.000000,0.000000,0.000000,0.000000,0.000000,0.000000
3.739095,0.000000,0.000000,0.000000,0.000000,0.000000,0.000000
3.749095,0.000000,0.000000,0.000000,0.000000,0.000000,0.000000
3.759095,0.000000,0.000000,0.000000,0.000000,0.000000,0.000000
3.769095,0.000000,0.000000,0.000000,0.000000,0.000000,0.000000
3.779095,0.000000,0.000000,0.000000,0.000000,0.000000,0.000000
3.789095,0.000000,0.000000,0.000000,0.000000,0.000000,0.000000
3.799095,0.000000,0.000000,0.000000,0.000000,0.000000,0.000000
3.809095,0.000000,0.000000,0.000000,0.000000,0.000000,0.000000
3.819095,0.000000,0.000000,0.000000,0.000000,0.000000,0.000000
3.829095,0.000000,0.000000,0.000000,0.000000,0.000000,0.000000
3.839095,0.000000,0.000000,0.000000,0.000000,0.000000,0.000000
3.849095,0.000000,0.000000,0.000000,0.000000,0.000000,0.000000
3.859095,0.000000,0.000000,0.000000,0.000000,0.000000,0.000000
3.869095,0.000000,0.000000,0.000000,0.000000,0.000000,0.000000
3.879095,0.000000,0.000000,0.000000,0.000000,0.000000,0.000000
3.889095,0.000000,0.000000,0.000000,0.000000,0.000000,0.000000
3.899095,0.000000,0.000000,0.000000,0.000000,0.000000,0.000000
3.909095,0.000000,0.000000,0.000000,0.000000,0.000000,0.000000
3.919095,0.000000,0.000000,0.000000,0.000000,0.000000,0.000000
3.929095,0.000000,0.000000,0.000000,0.000000,0.000000,0.000000
3.939095,0.000000,0.000000,0.000000,0.000000,0.000000,0.000000
3.949095,0.000000,0.000000,0.000000,0.000000,0.000000,0.000000
3.959095,0.000000,0.000000,0.000000,0.000000,0.000000,0.000000
3.969095,0.000000,0.000000,0.000000,0.000000,0.000000,0.000000
3.979095,0.000000,0.000000,0.000000,0.000000,0.000000,0.000000
3.989095,0.000000,0.000000,0.000000,0.000000,0.000000,0.000000
3.999095,0.000000,0.000000,0.000000,0.000000,0.000000,0.000000
4.009095,0.000000,0.000000,0.000000,0.000000,0.000000,0.000000
4.019095,0.000000,0.000000,0.000000,0.000000,0.000000,0.000000
4.029095,0.000000,0.000000,0.000000,0.000000,0.000000,0.000000
4.039095,0.000000,0.000000,0.000000,0.000000,0.000000,0.000000
4.049095,0.000000,0.000000,0.000000,0.000000,0.000000,0.000000
4.059095,0.000000,0.000000,0.000000,0.000000,0.000000,0.000000
4.069095,0.000000,0.000000,0.000000,0.000000,0.000000,0.000000
4.079095,0.000000,0.000000,0.000000,0.000000,0.000000,0.000000
4.089095,0.000000,0.000000,0.000000,0.000000,0.000000,0.000000
4.099095,0.000000,0.000000,0.000000,0.000000,0.000000,0.000000
4.109095,0.000000,0.000000,0.000000,0.000000,0.000000,0.000000
4.119095,0.000000,0.000000,0.000000,0.000000,0.000000,0.000000
4.129095,0.000000,0.000000,0.000000,0.000000,0.000000,0.000000
4.139095,0.000000,0.000000,0.000000,0.000000,0.000000,0.000000
4.149095,0.000000,0.000000,0.000000,0.000000,0.000000,0.000000
4.159095,0.000000,0.000000,0.000000,0.000000,0.000000,0.000000
4.169095,0.000000,0.000000,0.000000,0.000000,0.000000,0.000000
4.179095,0.000000,0.000000,0.000000,0.000000,0.000000,0.000000
4.189095,0.000000,0.000000,0.000000,0.000000,0.000000,0.000000
4.199095,0.000000,0.000000,0.000000,0.000000,0.000000,0.000000
4.209095,0.000000,0.000000,0.000000,0.000000,0.000000,0.000000
4.219095,0.000000,0.000000,0.000000,0.000000,0.000000,0.000000
4.229095,0.000000,0.000000,0.000000,0.000000,0.000000,0.000000
4.239095,0.000000,0.000000,0.000000,0.000000,0.000000,0.000000
4.249095,0.000000,0.000000,0.000000,0.000000,0.000000,0.000000
4.259095,0.000000,0.000000,0.000000,0.000000,0.000000,0.000000
4.269095,0.000000,0.000000,0.000000,0.000000,0.000000,0.000000
4.279095,0.000000,0.000000,0.000000,0.000000,0.000000,0.000000
4.289095,0.000000,0.000000,0.000000,0.000000,0.000000,0.000000
4.299095,0.000000,0.000000,0.000000,0.000000,0.000000,0.000000
4.309095,0.000000,0.000000,0.000000,0.000000,0.000000,0.000000
4.319095,0.000000,0.000000,0.000000,0.000000,0.000000,0.000000
4.329095,0.000000,0.000000,0.000000,0.000000,0.000000,0.000000
4.339095,0.000000,0.000000,0.000000,0.000000,0.000000,0.000000
4.349095,0.000000,0.000000,0.000000,0.000000,0.000000,0.000000
4.359095,0.000000,0.000000,0.000000,0.000000,0.000000,0.000000
4.369095,0.000000,0.000000,0.000000,0.000000,0.000000,0.000000
4.379095,0.000000,0.000000,0.000000,0.000000,0.000000,0.000000
4.389095,0.000000,0.000000,0.000000,0.000000,0.000000,0.000000
4.399095,0.000000,0.000000,0.000000,0.000000,0.000000,0.000000
4.409095,0.000000,0.000000,0.000000,0.000000,0.000000,0.000000
4.419095,0.000000,0.000000,0.000000,0.000000,0.000000,0.000000
4.429095,0.000000,0.000000,0.000000,0.000000,0.000000,0.000000
4.439095,0.000000,0.000000,0.000000,0.000000,0.000000,0.000000
4.449095,0.000000,0.000000,0.000000,0.000000,0.000000,0.000000
4.459095,0.000000,0.000000,0.000000,0.000000,0.000000,0.000000
4.469095,0.000000,0.000000,0.000000,0.000000,0.000000,0.000000
4.479095,0.000000,0.000000,0.000000,0.000000,0.000000,0.000000
4.489095,0.000000,0.000000,0.000000,0.000000,0.000000,0.000000
4.499095,0.000000,0.000000,0.000000,0.000000,0.000000,0.000000
4.509095,0.000000,0.000000,0.000000,0.000000,0.000000,0.000000
4.519095,0.000000,0.000000,0.000000,0.000000,0.000000,0.000000
4.529095,0.000000,0.000000,0.000000,0.000000,0.000000,0.000000
4.539095,0.000000,0.000000,0.000000,0.000000,0.000000,0.000000
4.549095,0.000000,0.000000,0.000000,0.000000,0.000000,0.000000
4.559095,0.000000,0.000000,0.000000,0.000000,0.000000,0.000000
4.569095,0.000000,0.000000,0.000000,0.000000,0.000000,0.000000
4.579095,0.000000,0.000000,0.000000,0.000000,0.000000,0.000000
4.589095,0.000000,0.000000,0.000000,0.000000,0.000000,0.000000
4.599095,0.000000,0.000000,0.000000,0.000000,0.000000,0.000000
4.609095,0.000000,0.000000,0.000000,0.000000,0.000000,0.000000
4.619095,0.000000,0.000000,0.000000,0.000000,0.000000,0.000000
4.629095,0.000000,0.000000,0.000000,0.000000,0.000000,0.000000
4.639095,0.000000,0.000000,0.000000,0.000000,0.000000,0.000000
4.649095,0.000000,0.000000,0.000000,0.000000,0.000000,0.000000
4.659095,0.000000,0.000000,0.000000,0.000000,0.000000,0.000000
4.669095,0.000000,0.000000,0.000000,0.000000,0.000000,0.000000
4.679095,0.000000,0.000000,0.000000,0.000000,0.000000,0.000000
4.689095,0.000000,0.000000,0.000000,0.000000,0.000000,0.000000
4.699095,0.000000,0.000000,0.000000,0.000000,0.000000,0.000000
4.709095,0.000000,0.000000,0.000000,0.000000,0.000000,0.000000
4.719095,0.000000,0.000000,0.000000,0.000000,0.000000,0.000000
4.729095,0.000000,0.000000,0.000000,0.000000,0.000000,0.000000
4.739095,0.000000,0.000000,0.000000,0.000000,0.000000,0.000000
4.749095,0.000000,0.000000,0.000000,0.000000,0.000000,0.000000
4.759095,0.000000,0.000000,0.000000,0.000000,0.000000,0.000000
4.769095,0.000000,0.000000,0.000000,0.000000,0.000000,0.000000
4.779095,0.000000,0.000000,0.000000,0.000000,0.000000,0.000000
4.789095,0.000000,0.000000,0.000000,0.000000,0.000000,0.000000
4.799095,0.000000,0.000000,0.000000,0.000000,0.000000,0.000000
4.809095,0.000000,0.000000,0.000000,0.000000,0.000000,0.000000
4.819095,0.000000,0.000000,0.000000,0.000000,0.000000,0.000000
4.829095,0.000000,0.000000,0.000000,0.000000,0.000000,0.000000
4.839095,0.000000,0.000000,0.000000,0.000000,0.000000,0.000000
4.849095,0.000000,0.000000,0.000000,0.000000,0.000000,0.000000
4.859095,0.000000,0.000000,0.000000,0.000000,0.000000,0.000000
4.869095,0.000000,0.000000,0.000000,0.000000,0.000000,0.000000
4.879095,0.000000,0.000000,0.000000,0.000000,0.000000,0.000000
4.889095,0.000000,0.000000,0.000000,0.000000,0.000000,0.000000
4.899095,0.000000,0.000000,0.000000,0.000000,0.000000,0.000000
4.909095,0.000000,0.000000,0.000000,0.000000,0.000000,0.000000
4.919095,0.000000,0.000000,0.000000,0.000000,0.000000,0.000000
4.929095,0.000000,0.000000,0.000000,0.000000,0.000000,0.000000
4.939095,0.000000,0.000000,0.000000,0.000000,0.000000,0.000000
4.949095,0.000000,0.000000,0.000000,0.000000,0.000000,0.000000
4.959095,0.000000,0.000000,0.000000,0.000000,0.000000,0.000000
4.969095,0.000000,0.000000,0.000000,0.000000,0.000000,0.000000
4.979095,0.000000,0.000000,0.000000,0.000000,0.000000,0.000000
4.989095,0.000000,0.000000,0.000000,0.000000,0.000000,0.000000
4.999095,0.000000,0.000000,0.000000,0.000000,0.000000,0.000000
5.009095,0.001500,0.000000,0.000000,0.000000,0.000000,0.000000
5.019095,0.001500,0.000000,0.000000,0.000000,0.000000,0.000000
5.029095,0.001500,0.000000,0.000000,0.000000,0.000000,0.000000
5.039095,0.002500,0.000000,0.000000,0.000000,0.000000,0.000000
5.049095,0.002500,0.000000,0.000000,0.000000,0.000000,0.000000
5.059095,0.002500,0.000000,0.000000,0.000000,0.000000,0.000000
5.069095,0.004000,0.000000,0.000000,0.000000,0.000000,0.000000
5.079095,0.004000,0.000000,0.000000,0.000000,0.000000,0.000000
5.089095,0.005000,0.000000,0.000000,0.000000,0.000000,0.000000
5.099095,0.005000,0.000000,0.000000,0.000000,0.000000,0.000000
5.109095,0.006500,0.000000,0.000000,0.000000,0.000000,0.000000
5.119095,0.006500,0.000000,0.000000,0.000000,0.000000,0.000000
5.129095,0.006500,0.000000,0.000000,0.000000,0.000000,0.000000
5.139095,0.007500,0.000000,0.000000,0.000000,0.000000,0.000000
5.149095,0.007500,0.000000,0.000000,0.000000,0.000000,0.000000
5.159095,0.007500,0.000000,0.000000,0.000000,0.000000,0.000000
5.169095,0.009000,0.000000,0.000000,0.000000,0.000000,0.000000
5.179095,0.009000,0.000000,0.000000,0.000000,0.000000,0.000000
5.189095,0.010500,0.000000,0.000000,0.000000,0.000000,0.000000
5.199095,0.010500,0.000000,0.000000,0.000000,0.000000,0.000000
5.209095,0.010500,0.000000,0.000000,0.000000,0.000000,0.000000
5.219095,0.011500,0.000000,0.000000,0.000000,0.000000,0.000000
5.229095,0.011500,0.000000,0.000000,0.000000,0.000000,0.000000
5.239095,0.011500,0.000000,0.000000,0.000000,0.000000,0.000000
5.249095,0.013000,0.000000,0.000000,0.000000,0.000000,0.000000
5.259095,0.013000,0.000000,0.000000,0.000000,0.000000,0.000000
5.269095,0.014500,0.000000,0.000000,0.000000,0.000000,0.000000
5.279095,0.014500,0.000000,0.000000,0.000000,0.000000,0.000000
5.289095,0.014500,0.000000,0.000000,0.000000,0.000000,0.000000
5.299095,0.015500,0.000000,0.000000,0.000000,0.000000,0.000000
5.309095,0.015500,0.000000,0.000000,0.000000,0.000000,0.000000
5.319095,0.015500,0.000000,0.000000,0.000000,0.000000,0.000000
5.329095,0.017000,0.000000,0.000000,0.000000,0.000000,0.000000
5.339095,0.017000,0.000000,0.000000,0.000000,0.000000,0.000000
5.349095,0.018500,0.000000,0.000000,0.000000,0.000000,0.000000
5.359095,0.018500,0.000000,0.000000,0.000000,0.000000,0.000000
5.369095,0.018500,0.000000,0.000000,0.000000,0.000000,0.000000
5.379095,0.018500,0.000000,0.000000,0.000000,0.000000,0.000000
5.389095,0.019500,0.000000,0.000000,0.000000,0.000000,0.000000
5.399095,0.021000,0.000000,0.000000,0.000000,0.000000,0.000000
5.409095,0.021000,0.000000,0.000000,0.000000,0.000000,0.000000
5.419095,0.021000,0.000000,0.000000,0.000000,0.000000,0.000000
5.429095,0.022500,0.000000,0.000000,0.000000,0.000000,0.000000
5.439095,0.022500,0.000000,0.000000,0.000000,0.000000,0.000000
5.449095,0.022500,0.000000,0.000000,0.000000,0.000000,0.000000
5.459095,0.022500,0.000000,0.000000,0.000000,0.000000,0.000000
5.469095,0.024000,0.000000,0.000000,0.000000,0.000000,0.000000
5.479095,0.024000,0.000000,0.000000,0.000000,0.000000,0.000000
5.489095,0.025500,0.000000,0.000000,0.000000,0.000000,0.000000
5.499095,0.025500,0.000000,0.000000,0.000000,0.000000,0.000000
5.509095,0.025500,0.000000,0.000000,0.000000,0.000000,0.000000
5.519095,0.025500,0.000000,0.000000,0.000000,0.000000,0.000000
5.529095,0.027000,0.000000,0.000000,0.000000,0.000000,0.000000
5.539095,0.027000,0.000000,0.000000,0.000000,0.000000,0.000000
5.549095,0.027000,0.000000,0.000000,0.000000,0.000000,0.000000
5.559095,0.028500,0.000000,0.000000,0.000000,0.000000,0.000000
5.569095,0.028500,0.000000,0.000000,0.000000,0.000000,0.000000
5.579095,0.028500,0.000000,0.000000,0.000000,0.000000,0.000000
5.589095,0.030000,0.000000,0.000000,0.000000,0.000000,0.000000
5.599095,0.030000,0.000000,0.000000,0.000000,0.000000,0.000000
5.609095,0.031000,0.000000,0.000000,0.000000,0.000000,0.000000
5.619095,0.031000,0.000000,0.000000,0.000000,0.000000,0.000000
5.629095,0.031000,0.000000,0.000000,0.000000,0.000000,0.000000
5.639095,0.032500,0.000000,0.000000,0.000000,0.000000,0.000000
5.649095,0.032500,0.000000,0.000000,0.000000,0.000000,0.000000
5.659095,0.032500,0.000000,0.000000,0.000000,0.000000,0.000000
5.669095,0.034000,0.000000,0.000000,0.000000,0.000000,0.000000
5.679095,0.034000,0.000000,0.000000,0.000000,0.000000,0.000000
5.689095,0.034000,0.000000,0.000000,0.000000,0.000000,0.000000
5.699095,0.035000,0.000000,0.000000,0.000000,0.000000,0.000000
5.709095,0.035000,0.000000,0.000000,0.000000,0.000000,0.000000
5.719095,0.037000,0.000000,0.000000,0.000000,0.000000,0.000000
5.729095,0.037000,0.000000,0.000000,0.000000,0.000000,0.000000
5.739095,0.037000,0.000000,0.000000,0.000000,0.000000,0.000000
5.749095,0.038500,0.000000,0.000000,0.000000,0.000000,0.000000
5.759095,0.038500,0.000000,0.000000,0.000000,0.000000,0.000000
5.769095,0.038500,0.000000,0.000000,0.000000,0.000000,0.000000
5.779095,0.040000,0.000000,0.000000,0.000000,0.000000,0.000000
5.789095,0.040000,0.000000,0.000000,0.000000,0.000000,0.000000
5.799095,0.040000,0.000000,0.000000,0.000000,0.000000,0.000000
5.809095,0.041000,0.000000,0.000000,0.000000,0.000000,0.000000
5.819095,0.041000,0.000000,0.000000,0.000000,0.000000,0.000000
5.829095,0.041000,0.000000,0.000000,0.000000,0.000000,0.000000
5.839095,0.042500,0.000000,0.000000,0.000000,0.000000,0.000000
5.849095,0.042500,0.000000,0.000000,0.000000,0.000000,0.000000
5.859095,0.042500,0.000000,0.000000,0.000000,0.000000,0.000000
5.869095,0.044000,0.000000,0.000000,0.000000,0.000000,0.000000
5.879095,0.044000,0.000000,0.000000,0.000000,0.000000,0.000000
5.889095,0.044000,0.000000,0.000000,0.000000,0.000000,0.000000
5.899095,0.045500,0.000000,0.000000,0.000000,0.000000,0.000000
5.909095,0.045500,0.000000,0.000000,0.000000,0.000000,0.000000
5.919095,0.045500,0.000000,0.000000,0.000000,0.000000,0.000000
5.929095,0.047000,0.000000,0.000000,0.000000,0.000000,0.000000
5.939095,0.047000,0.000000,0.000000,0.000000,0.000000,0.000000
5.949095,0.048500,0.000000,0.000000,0.000000,0.000000,0.000000
5.959095,0.048500,0.000000,0.000000,0.000000,0.000000,0.000000
5.969095,0.048500,0.000000,0.000000,0.000000,0.000000,0.000000
5.979095,0.048500,0.000000,0.000000,0.000000,0.000000,0.000000
5.989095,0.050000,0.000000,0.000000,0.000000,0.000000,0.000000
5.999095,0.050000,0.000000,0.000000,0.000000,0.000000,0.000000
6.009095,0.051500,0.000000,0.000000,0.000000,0.000000,0.000000
6.019095,0.051500,0.000000,0.000000,0.000000,0.000000,0.000000
6.029095,0.051500,0.000000,0.000000,0.000000,0.000000,0.000000
6.039095,0.051500,0.000000,0.000000,0.000000,0.000000,0.000000
6.049095,0.052500,0.000000,0.000000,0.000000,0.000000,0.000000
6.059095,0.054000,0.000000,0.000000,0.000000,0.000000,0.000000
6.069095,0.054000,0.000000,0.000000,0.000000,0.000000,0.000000
6.079095,0.054000,0.000000,0.000000,0.000000,0.000000,0.000000
6.089095,0.054000,0.000000,0.000000,0.000000,0.000000,0.000000
6.099095,0.055500,0.000000,0.000000,0.000000,0.000000,0.000000
6.109095,0.055500,0.000000,0.000000,0.000000,0.000000,0.000000
6.119095,0.055500,0.000000,0.000000,0.000000,0.000000,0.000000
6.129095,0.057000,0.000000,0.000000,0.000000,0.000000,0.000000
6.139095,0.057000,0.000000,0.000000,0.000000,0.000000,0.000000
6.149095,0.057000,0.000000,0.000000,0.000000,0.000000,0.000000
6.159095,0.058000,0.000000,0.000000,0.000000,0.000000,0.000000
6.169095,0.059500,0.000000,0.000000,0.000000,0.000000,0.000000
6.179095,0.059500,0.000000,0.000000,0.000000,0.000000,0.000000
6.189095,0.059500,0.000000,0.000000,0.000000,0.000000,0.000000
6.199095,0.061000,0.000000,0.000000,0.000000,0.000000,0.000000
6.209095,0.061000,0.000000,0.000000,0.000000,0.000000,0.000000
6.219095,0.061000,0.000000,0.000000,0.000000,0.000000,0.000000
6.229095,0.061000,0.000000,0.000000,0.000000,0.000000,0.000000
6.239095,0.062500,0.000000,0.000000,0.000000,0.000000,0.000000
6.249095,0.062500,0.000000,0.000000,0.000000,0.000000,0.000000
6.259095,0.062500,0.000000,0.000000,0.000000,0.000000,0.000000
6.269095,0.063500,0.000000,0.000000,0.000000,0.000000,0.000000
6.279095,0.063500,0.000000,0.000000,0.000000,0.000000,0.000000
6.289095,0.065000,0.000000,0.000000,0.000000,0.000000,0.000000
6.299095,0.065000,0.000000,0.000000,0.000000,0.000000,0.000000
6.309095,0.065000,0.000000,0.000000,0.000000,0.000000,0.000000
6.319095,0.066000,0.000000,0.000000,0.000000,0.000000,0.000000
6.329095,0.067500,0.000000,0.000000,0.000000,0.000000,0.000000
6.339095,0.067500,0.000000,0.000000,0.000000,0.000000,0.000000
6.349095,0.067500,0.000000,0.000000,0.000000,0.000000,0.000000
6.359095,0.069000,0.000000,0.000000,0.000000,0.000000,0.000000
6.369095,0.069000,0.000000,0.000000,0.000000,0.000000,0.000000
6.379095,0.069000,0.000000,0.000000,0.000000,0.000000,0.000000
6.389095,0.070500,0.000000,0.000000,0.000000,0.000000,0.000000
6.399095,0.070500,0.000000,0.000000,0.000000,0.000000,0.000000
6.409095,0.070500,0.000000,0.000000,0.000000,0.000000,0.000000
6.419095,0.070500,0.000000,0.000000,0.000000,0.000000,0.000000
6.429095,0.072000,0.000000,0.000000,0.000000,0.000000,0.000000
6.439095,0.072000,0.000000,0.000000,0.000000,0.000000,0.000000
6.449095,0.072000,0.000000,0.000000,0.000000,0.000000,0.000000
6.459095,0.073500,0.000000,0.000000,0.000000,0.000000,0.000000
6.469095,0.073500,0.000000,0.000000,0.000000,0.000000,0.000000
6.479095,0.073500,0.000000,0.000000,0.000000,0.000000,0.000000
6.489095,0.075000,0.000000,0.000000,0.000000,0.000000,0.000000
6.499095,0.075000,0.000000,0.000000,0.000000,0.000000,0.000000
6.509095,0.076500,0.000000,0.000000,0.000000,0.000000,0.000000
6.519095,0.076500,0.000000,0.000000,0.000000,0.000000,0.000000
6.529095,0.076500,0.000000,0.000000,0.000000,0.000000,0.000000
6.539095,0.078000,0.000000,0.000000,0.000000,0.000000,0.000000
6.549095,0.078000,0.000000,0.000000,0.000000,0.000000,0.000000
6.559095,0.078000,0.000000,0.000000,0.000000,0.000000,0.000000
6.569095,0.079000,0.000000,0.000000,0.000000,0.000000,0.000000
6.579095,0.079000,0.000000,0.000000,0.000000,0.000000,0.000000
6.589095,0.080500,0.000000,0.000000,0.000000,0.000000,0.000000
6.599095,0.080500,0.000000,0.000000,0.000000,0.000000,0.000000
6.609095,0.080500,0.000000,0.000000,0.000000,0.000000,0.000000
6.619095,0.080500,0.000000,0.000000,0.000000,0.000000,0.000000
6.629095,0.081500,0.000000,0.000000,0.000000,0.000000,0.000000
6.639095,0.081500,0.000000,0.000000,0.000000,0.000000,0.000000
6.649095,0.083000,0.000000,0.000000,0.000000,0.000000,0.000000
6.659095,0.083000,0.000000,0.000000,0.000000,0.000000,0.000000
6.669095,0.084500,0.000000,0.000000,0.000000,0.000000,0.000000
6.679095,0.084500,0.000000,0.000000,0.000000,0.000000,0.000000
6.689095,0.084500,0.000000,0.000000,0.000000,0.000000,0.000000
6.699095,0.084500,0.000000,0.000000,0.000000,0.000000,0.000000
6.709095,0.086000,0.000000,0.000000,0.000000,0.000000,0.000000
6.719095,0.086000,0.000000,0.000000,0.000000,0.000000,0.000000
6.729095,0.087500,0.000000,0.000000,0.000000,0.000000,0.000000
6.739095,0.087500,0.000000,0.000000,0.000000,0.000000,0.000000
6.749095,0.087500,0.000000,0.000000,0.000000,0.000000,0.000000
6.759095,0.089000,0.000000,0.000000,0.000000,0.000000,0.000000
6.769095,0.089000,0.000000,0.000000,0.000000,0.000000,0.000000
6.779095,0.089000,0.000000,0.000000,0.000000,0.000000,0.000000
6.789095,0.089000,0.000000,0.000000,0.000000,0.000000,0.000000
6.799095,0.090500,0.000000,0.000000,0.000000,0.000000,0.000000
6.809095,0.090500,0.000000,0.000000,0.000000,0.000000,0.000000
6.819095,0.090500,0.000000,0.000000,0.000000,0.000000,0.000000
6.829095,0.092000,0.000000,0.000000,0.000000,0.000000,0.000000
6.839095,0.092000,0.000000,0.000000,0.000000,0.000000,0.000000
6.849095,0.092000,0.000000,0.000000,0.000000,0.000000,0.000000
6.859095,0.093500,0.000000,0.000000,0.000000,0.000000,0.000000
6.869095,0.093500,0.000000,0.000000,0.000000,0.000000,0.000000
6.879095,0.095000,0.000000,0.000000,0.000000,0.000000,0.000000
6.889095,0.095000,0.000000,0.000000,0.000000,0.000000,0.000000
6.899095,0.095000,0.000000,0.000000,0.000000,0.000000,0.000000
6.909095,0.096500,0.000000,0.000000,0.000000,0.000000,0.000000
6.919095,0.096500,0.000000,0.000000,0.000000,0.000000,0.000000
6.929095,0.096500,0.000000,0.000000,0.000000,0.000000,0.000000
6.939095,0.096500,0.000000,0.000000,0.000000,0.000000,0.000000
6.949095,0.098000,0.000000,0.000000,0.000000,0.000000,0.000000
6.959095,0.098000,0.000000,0.000000,0.000000,0.000000,0.000000
6.969095,0.098000,0.000000,0.000000,0.000000,0.000000,0.000000
6.979095,0.099000,0.000000,0.000000,0.000000,0.000000,0.000000
6.989095,0.099000,0.000000,0.000000,0.000000,0.000000,0.000000
6.999095,0.099000,0.000000,0.000000,0.000000,0.000000,0.000000
7.009095,0.099000,0.000000,0.000000,0.000000,0.000000,0.000000
7.019095,0.099000,0.000000,0.000000,0.000000,0.000000,0.000000
7.029095,0.099000,0.000000,0.000000,0.000000,0.000000,0.000000
7.039095,0.098000,0.000000,0.000000,0.000000,0.000000,0.000000
7.049095,0.098000,0.000000,0.000000,0.000000,0.000000,0.000000
7.059095,0.096500,0.000000,0.000000,0.000000,0.000000,0.000000
7.069095,0.096500,0.000000,0.000000,0.000000,0.000000,0.000000
7.079095,0.096500,0.000000,0.000000,0.000000,0.000000,0.000000
7.089095,0.095000,0.000000,0.000000,0.000000,0.000000,0.000000
7.099095,0.095000,0.000000,0.000000,0.000000,0.000000,0.000000
7.109095,0.095000,0.000000,0.000000,0.000000,0.000000,0.000000
7.119095,0.093500,0.000000,0.000000,0.000000,0.000000,0.000000
7.129095,0.093500,0.000000,0.000000,0.000000,0.000000,0.000000
7.139095,0.093500,0.000000,0.000000,0.000000,0.000000,0.000000
7.149095,0.092000,0.000000,0.000000,0.000000,0.000000,0.000000
7.159095,0.092000,0.000000,0.000000,0.000000,0.000000,0.000000
7.169095,0.092000,0.000000,0.000000,0.000000,0.000000,0.000000
7.179095,0.090500,0.000000,0.000000,0.000000,0.000000,0.000000
7.189095,0.090500,0.000000,0.000000,0.000000,0.000000,0.000000
7.199095,0.090500,0.000000,0.000000,0.000000,0.000000,0.000000
7.209095,0.089000,0.000000,0.000000,0.000000,0.000000,0.000000
7.219095,0.089000,0.000000,0.000000,0.000000,0.000000,0.000000
7.229095,0.087500,0.000000,0.000000,0.000000,0.000000,0.000000
7.239095,0.087500,0.000000,0.000000,0.000000,0.000000,0.000000
7.249095,0.087500,0.000000,0.000000,0.000000,0.000000,0.000000
7.259095,0.086000,0.000000,0.000000,0.000000,0.000000,0.000000
7.269095,0.086000,0.000000,0.000000,0.000000,0.000000,0.000000
7.279095,0.086000,0.000000,0.000000,0.000000,0.000000,0.000000
7.289095,0.086000,0.000000,0.000000,0.000000,0.000000,0.000000
7.299095,0.084500,0.000000,0.000000,0.000000,0.000000,0.000000
7.309095,0.084500,0.000000,0.000000,0.000000,0.000000,0.000000
7.319095,0.084500,0.000000,0.000000,0.000000,0.000000,0.000000
7.329095,0.083000,0.000000,0.000000,0.000000,0.000000,0.000000
7.339095,0.083000,0.000000,0.000000,0.000000,0.000000,0.000000
7.349095,0.083000,0.000000,0.000000,0.000000,0.000000,0.000000
7.359095,0.081500,0.000000,0.000000,0.000000,0.000000,0.000000
7.369095,0.081500,0.000000,0.000000,0.000000,0.000000,0.000000
7.379095,0.081500,0.000000,0.000000,0.000000,0.000000,0.000000
7.389095,0.080000,0.000000,0.000000,0.000000,0.000000,0.000000
7.399095,0.080000,0.000000,0.000000,0.000000,0.000000,0.000000
7.409095,0.080000,0.000000,0.000000,0.000000,0.000000,0.000000
7.419095,0.078500,0.000000,0.000000,0.000000,0.000000,0.000000
7.429095,0.078500,0.000000,0.000000,0.000000,0.000000,0.000000
7.439095,0.077000,0.000000,0.000000,0.000000,0.000000,0.000000
7.449095,0.077000,0.000000,0.000000,0.000000,0.000000,0.000000
7.459095,0.077000,0.000000,0.000000,0.000000,0.000000,0.000000
7.469095,0.077000,0.000000,0.000000,0.000000,0.000000,0.000000
7.479095,0.076000,0.000000,0.000000,0.000000,0.000000,0.000000
7.489095,0.076000,0.000000,0.000000,0.000000,0.000000,0.000000
7.499095,0.074500,0.000000,0.000000,0.000000,0.000000,0.000000
7.509095,0.074500,0.000000,0.000000,0.000000,0.000000,0.000000
7.519095,0.073000,0.000000,0.000000,0.000000,0.000000,0.000000
7.529095,0.073000,0.000000,0.000000,0.000000,0.000000,0.000000
7.539095,0.073000,0.000000,0.000000,0.000000,0.000000,0.000000
7.549095,0.071500,0.000000,0.000000,0.000000,0.000000,0.000000
7.559095,0.071500,0.000000,0.000000,0.000000,0.000000,0.000000
7.569095,0.071500,0.000000,0.000000,0.000000,0.000000,0.000000
7.579095,0.070000,0.000000,0.000000,0.000000,0.000000,0.000000
7.589095,0.070000,0.000000,0.000000,0.000000,0.000000,0.000000
7.599095,0.070000,0.000000,0.000000,0.000000,0.000000,0.000000
7.609095,0.068500,0.000000,0.000000,0.000000,0.000000,0.000000
7.619095,0.068500,0.000000,0.000000,0.000000,0.000000,0.000000
7.629095,0.068500,0.000000,0.000000,0.000000,0.000000,0.000000
7.639095,0.067500,0.000000,0.000000,0.000000,0.000000,0.000000
7.649095,0.067500,0.000000,0.000000,0.000000,0.000000,0.000000
7.659095,0.066000,0.000000,0.000000,0.000000,0.000000,0.000000
7.669095,0.066000,0.000000,0.000000,0.000000,0.000000,0.000000
7.679095,0.066000,0.000000,0.000000,0.000000,0.000000,0.000000
7.689095,0.065000,0.000000,0.000000,0.000000,0.000000,0.000000
7.699095,0.065000,0.000000,0.000000,0.000000,0.000000,0.000000
7.709095,0.065000,0.000000,0.000000,0.000000,0.000000,0.000000
7.719095,0.063500,0.000000,0.000000,0.000000,0.000000,0.000000
7.729095,0.063500,0.000000,0.000000,0.000000,0.000000,0.000000
7.739095,0.062000,0.000000,0.000000,0.000000,0.000000,0.000000
7.749095,0.062000,0.000000,0.000000,0.000000,0.000000,0.000000
7.759095,0.062000,0.000000,0.000000,0.000000,0.000000,0.000000
7.769095,0.060500,0.000000,0.000000,0.000000,0.000000,0.000000
7.779095,0.060500,0.000000,0.000000,0.000000,0.000000,0.000000
7.789095,0.060500,0.000000,0.000000,0.000000,0.000000,0.000000
7.799095,0.059000,0.000000,0.000000,0.000000,0.000000,0.000000
7.809095,0.059000,0.000000,0.000000,0.000000,0.000000,0.000000
7.819095,0.059000,0.000000,0.000000,0.000000,0.000000,0.000000
7.829095,0.059000,0.000000,0.000000,0.000000,0.000000,0.000000
7.839095,0.057500,0.000000,0.000000,0.000000,0.000000,0.000000
7.849095,0.057500,0.000000,0.000000,0.000000,0.000000,0.000000
7.859095,0.056000,0.000000,0.000000,0.000000,0.000000,0.000000
7.869095,0.056000,0.000000,0.000000,0.000000,0.000000,0.000000
7.879095,0.056000,0.000000,0.000000,0.000000,0.000000,0.000000
7.889095,0.054500,0.000000,0.000000,0.000000,0.000000,0.000000
7.899095,0.054500,0.000000,0.000000,0.000000,0.000000,0.000000
7.909095,0.054500,0.000000,0.000000,0.000000,0.000000,0.000000
7.919095,0.053000,0.000000,0.000000,0.000000,0.000000,0.000000
7.929095,0.053000,0.000000,0.000000,0.000000,0.000000,0.000000
7.939095,0.053000,0.000000,0.000000,0.000000,0.000000,0.000000
7.949095,0.053000,0.000000,0.000000,0.000000,0.000000,0.000000
7.959095,0.051500,0.000000,0.000000,0.000000,0.000000,0.000000
7.969095,0.051500,0.000000,0.000000,0.000000,0.000000,0.000000
7.979095,0.051500,0.000000,0.000000,0.000000,0.000000,0.000000
7.989095,0.050000,0.000000,0.000000,0.000000,0.000000,0.000000
7.999095,0.050000,0.000000,0.000000,0.000000,0.000000,0.000000
8.009095,0.048500,0.000000,0.000000,0.000000,0.000000,0.000000
8.019095,0.048500,0.000000,0.000000,0.000000,0.000000,0.000000
8.029095,0.048500,0.000000,0.000000,0.000000,0.000000,0.000000
8.039095,0.048500,0.000000,0.000000,0.000000,0.000000,0.000000
8.049095,0.047500,0.000000,0.000000,0.000000,0.000000,0.000000
8.059095,0.047500,0.000000,0.000000,0.000000,0.000000,0.000000
8.069095,0.046000,0.000000,0.000000,0.000000,0.000000,0.000000
8.079095,0.046000,0.000000,0.000000,0.000000,0.000000,0.000000
8.089095,0.046000,0.000000,0.000000,0.000000,0.000000,0.000000
8.099095,0.044500,0.000000,0.000000,0.000000,0.000000,0.000000
8.109095,0.044500,0.000000,0.000000,0.000000,0.000000,0.000000
8.119095,0.043000,0.000000,0.000000,0.000000,0.000000,0.000000
8.129095,0.043000,0.000000,0.000000,0.000000,0.000000,0.000000
8.139095,0.043000,0.000000,0.000000,0.000000,0.000000,0.000000
8.149095,0.043000,0.000000,0.000000,0.000000,0.000000,0.000000
8.159095,0.041500,0.000000,0.000000,0.000000,0.000000,0.000000
8.169095,0.041500,0.000000,0.000000,0.000000,0.000000,0.000000
8.179095,0.041500,0.000000,0.000000,0.000000,0.000000,0.000000
8.189095,0.040500,0.000000,0.000000,0.000000,0.000000,0.000000
8.199095,0.040500,0.000000,0.000000,0.000000,0.000000,0.000000
8.209095,0.039000,0.000000,0.000000,0.000000,0.000000,0.000000
8.219095,0.039000,0.000000,0.000000,0.000000,0.000000,0.000000
8.229095,0.039000,0.000000,0.000000,0.000000,0.000000,0.000000
8.239095,0.037500,0.000000,0.000000,0.000000,0.000000,0.000000
8.249095,0.037500,0.000000,0.000000,0.000000,0.000000,0.000000
8.259095,0.036000,0.000000,0.000000,0.000000,0.000000,0.000000
8.269095,0.036000,0.000000,0.000000,0.000000,0.000000,0.000000
8.279095,0.036000,0.000000,0.000000,0.000000,0.000000,0.000000
8.289095,0.034500,0.000000,0.000000,0.000000,0.000000,0.000000
8.299095,0.034500,0.000000,0.000000,0.000000,0.000000,0.000000
8.309095,0.034500,0.000000,0.000000,0.000000,0.000000,0.000000
8.319095,0.034500,0.000000,0.000000,0.000000,0.000000,0.000000
8.329095,0.033000,0.000000,0.000000,0.000000,0.000000,0.000000
8.339095,0.033000,0.000000,0.000000,0.000000,0.000000,0.000000
8.349095,0.032000,0.000000,0.000000,0.000000,0.000000,0.000000
8.359095,0.032000,0.000000,0.000000,0.000000,0.000000,0.000000
8.369095,0.032000,0.000000,0.000000,0.000000,0.000000,0.000000
8.379095,0.030000,0.000000,0.000000,0.000000,0.000000,0.000000
8.389095,0.030000,0.000000,0.000000,0.000000,0.000000,0.000000
8.399095,0.030000,0.000000,0.000000,0.000000,0.000000,0.000000
8.409095,0.028500,0.000000,0.000000,0.000000,0.000000,0.000000
8.419095,0.028500,0.000000,0.000000,0.000000,0.000000,0.000000
8.429095,0.028500,0.000000,0.000000,0.000000,0.000000,0.000000
8.439095,0.027500,0.000000,0.000000,0.000000,0.000000,0.000000
8.449095,0.027500,0.000000,0.000000,0.000000,0.000000,0.000000
8.459095,0.026000,0.000000,0.000000,0.000000,0.000000,0.000000
8.469095,0.026000,0.000000,0.000000,0.000000,0.000000,0.000000
8.479095,0.026000,0.000000,0.000000,0.000000,0.000000,0.000000
8.489095,0.026000,0.000000,0.000000,0.000000,0.000000,0.000000
8.499095,0.024500,0.000000,0.000000,0.000000,0.000000,0.000000
8.509095,0.024500,0.000000,0.000000,0.000000,0.000000,0.000000
8.519095,0.023000,0.000000,0.000000,0.000000,0.000000,0.000000
8.529095,0.023000,0.000000,0.000000,0.000000,0.000000,0.000000
8.539095,0.023000,0.000000,0.000000,0.000000,0.000000,0.000000
8.549095,0.023000,0.000000,0.000000,0.000000,0.000000,0.000000
8.559095,0.022000,0.000000,0.000000,0.000000,0.000000,0.000000
8.569095,0.020500,0.000000,0.000000,0.000000,0.000000,0.000000
8.579095,0.020500,0.000000,0.000000,0.000000,0.000000,0.000000
8.589095,0.020500,0.000000,0.000000,0.000000,0.000000,0.000000
8.599095,0.019000,0.000000,0.000000,0.000000,0.000000,0.000000
8.609095,0.019000,0.000000,0.000000,0.000000,0.000000,0.000000
8.619095,0.019000,0.000000,0.000000,0.000000,0.000000,0.000000
8.629095,0.019000,0.000000,0.000000,0.000000,0.000000,0.000000
8.639095,0.017500,0.000000,0.000000,0.000000,0.000000,0.000000
8.649095,0.017500,0.000000,0.000000,0.000000,0.000000,0.000000
8.659095,0.017500,0.000000,0.000000,0.000000,0.000000,0.000000
8.669095,0.016500,0.000000,0.000000,0.000000,0.000000,0.000000
8.679095,0.016500,0.000000,0.000000,0.000000,0.000000,0.000000
8.689095,0.014500,0.000000,0.000000,0.000000,0.000000,0.000000
8.699095,0.014500,0.000000,0.000000,0.000000,0.000000,0.000000
8.709095,0.014500,0.000000,0.000000,0.000000,0.000000,0.000000
8.719095,0.013000,0.000000,0.000000,0.000000,0.000000,0.000000
8.729095,0.013000,0.000000,0.000000,0.000000,0.000000,0.000000
8.739095,0.013000,0.000000,0.000000,0.000000,0.000000,0.000000
8.749095,0.012000,0.000000,0.000000,0.000000,0.000000,0.000000
8.759095,0.012000,0.000000,0.000000,0.000000,0.000000,0.000000
8.769095,0.012000,0.000000,0.000000,0.000000,0.000000,0.000000
8.779095,0.010500,0.000000,0.000000,0.000000,0.000000,0.000000
8.789095,0.010500,0.000000,0.000000,0.000000,0.000000,0.000000
8.799095,0.010500,0.000000,0.000000,0.000000,0.000000,0.000000
8.809095,0.009500,0.000000,0.000000,0.000000,0.000000,0.000000
8.819095,0.008500,0.000000,0.000000,0.000000,0.000000,0.000000
8.829095,0.008500,0.000000,0.000000,0.000000,0.000000,0.000000
8.839095,0.006500,0.000000,0.000000,0.000000,0.000000,0.000000
8.849095,0.006500,0.000000,0.000000,0.000000,0.000000,0.000000
8.859095,0.006500,0.000000,0.000000,0.000000,0.000000,0.000000
8.869095,0.006500,0.000000,0.000000,0.000000,0.000000,0.000000
8.879095,0.006500,0.000000,0.000000,0.000000,0.000000,0.000000
8.889095,0.005500,0.000000,0.000000,0.000000,0.000000,0.000000
8.899095,0.005500,0.000000,0.000000,0.000000,0.000000,0.000000
8.909095,0.004000,0.000000,0.000000,0.000000,0.000000,0.000000
8.919095,0.004000,0.000000,0.000000,0.000000,0.000000,0.000000
8.929095,0.004000,0.000000,0.000000,0.000000,0.000000,0.000000
8.939095,0.002500,0.000000,0.000000,0.000000,0.000000,0.000000
8.949095,0.002500,0.000000,0.000000,0.000000,0.000000,0.000000
8.959095,0.001000,0.000000,0.000000,0.000000,0.000000,0.000000
8.969095,0.001000,0.000000,0.000000,0.000000,0.000000,0.000000
8.979095,0.001000,0.000000,0.000000,0.000000,0.000000,0.000000
8.989095,0.001000,0.000000,0.000000,0.000000,0.000000,0.000000
8.999095,0.000000,0.000000,0.000000,0.000000,0.000000,0.000000
9.009095,0.000000,0.000000,0.000000,0.000000,0.000000,0.000000
9.019095,0.000000,0.000000,0.000000,0.000000,0.000000,0.000000
9.029095,0.000000,0.000000,0.000000,0.000000,0.000000,0.000000
9.039095,0.000000,0.000000,0.000000,0.000000,0.000000,0.000000
9.049095,0.000000,0.000000,0.000000,0.000000,0.000000,0.000000
9.059095,0.000000,0.000000,0.000000,0.000000,0.000000,0.000000
9.069095,0.000000,0.000000,0.000000,0.000000,0.000000,0.000000
9.079095,0.000000,0.000000,0.000000,0.000000,0.000000,0.000000
9.089095,0.000000,0.000000,0.000000,0.000000,0.000000,0.000000
9.099095,0.000000,0.000000,0.000000,0.000000,0.000000,0.000000
9.109095,0.000000,0.000000,0.000000,0.000000,0.000000,0.000000
9.119095,0.000000,0.000000,0.000000,0.000000,0.000000,0.000000
9.129095,0.000000,0.000000,0.000000,0.000000,0.000000,0.000000
9.139095,0.000000,0.000000,0.000000,0.000000,0.000000,0.000000
9.149095,0.000000,0.000000,0.000000,0.000000,0.000000,0.000000
9.159095,0.000000,0.000000,0.000000,0.000000,0.000000,0.000000
9.169095,0.000000,0.000000,0.000000,0.000000,0.000000,0.000000
9.179095,0.000000,0.000000,0.000000,0.000000,0.000000,0.000000
9.189095,0.000000,0.000000,0.000000,0.000000,0.000000,0.000000
9.199095,0.000000,0.000000,0.000000,0.000000,0.000000,0.000000
9.209095,0.000000,0.000000,0.000000,0.000000,0.000000,0.000000
9.219095,0.000000,0.000000,0.000000,0.000000,0.000000,0.000000
9.229095,0.000000,0.000000,0.000000,0.000000,0.000000,0.000000
9.239095,0.000000,0.000000,0.000000,0.000000,0.000000,0.000000
9.249095,0.000000,0.000000,0.000000,0.000000,0.000000,0.000000
9.259095,0.000000,0.000000,0.000000,0.000000,0.000000,0.000000
9.269095,0.000000,0.000000,0.000000,0.000000,0.000000,0.000000
9.279095,0.000000,0.000000,0.000000,0.000000,0.000000,0.000000
9.289095,0.000000,0.000000,0.000000,0.000000,0.000000,0.000000
9.299095,0.000000,0.000000,0.000000,0.000000,0.000000,0.000000
9.309095,0.000000,0.000000,0.000000,0.000000,0.000000,0.000000
9.319095,0.000000,0.000000,0.000000,0.000000,0.000000,0.000000
9.329095,0.000000,0.000000,0.000000,0.000000,0.000000,0.000000
9.339095,0.000000,0.000000,0.000000,0.000000,0.000000,0.000000
9.349095,0.000000,0.000000,0.000000,0.000000,0.000000,0.000000
9.359095,0.000000,0.000000,0.000000,0.000000,0.000000,0.000000
9.369095,0.000000,0.000000,0.000000,0.000000,0.000000,0.000000
9.379095,0.000000,0.000000,0.000000,0.000000,0.000000,0.000000
9.389095,0.000000,0.000000,0.000000,0.000000,0.000000,0.000000
9.399095,0.000000,0.000000,0.000000,0.000000,0.000000,0.000000
9.409095,0.000000,0.000000,0.000000,0.000000,0.000000,0.000000
9.419095,0.000000,0.000000,0.000000,0.000000,0.000000,0.000000
9.429095,0.000000,0.000000,0.000000,0.000000,0.000000,0.000000
9.439095,0.000000,0.000000,0.000000,0.000000,0.000000,0.000000
9.449095,0.000000,0.000000,0.000000,0.000000,0.000000,0.000000
9.459095,0.000000,0.000000,0.000000,0.000000,0.000000,0.000000
9.469095,0.000000,0.000000,0.000000,0.000000,0.000000,0.000000
9.479095,0.000000,0.000000,0.000000,0.000000,0.000000,0.000000
9.489095,0.000000,0.000000,0.000000,0.000000,0.000000,0.000000
9.499095,0.000000,0.000000,0.000000,0.000000,0.000000,0.000000
9.509095,0.000000,0.000000,0.000000,0.000000,0.000000,0.000000
9.519095,0.000000,0.000000,0.000000,0.000000,0.000000,0.000000
9.529095,0.000000,0.000000,0.000000,0.000000,0.000000,0.000000
9.539095,0.000000,0.000000,0.000000,0.000000,0.000000,0.000000
9.549095,0.000000,0.000000,0.000000,0.000000,0.000000,0.000000
9.559095,0.000000,0.000000,0.000000,0.000000,0.000000,0.000000
9.569095,0.000000,0.000000,0.000000,0.000000,0.000000,0.000000
9.579095,0.000000,0.000000,0.000000,0.000000,0.000000,0.000000
9.589095,0.000000,0.000000,0.000000,0.000000,0.000000,0.000000
9.599095,0.000000,0.000000,0.000000,0.000000,0.000000,0.000000
9.609095,0.000000,0.000000,0.000000,0.000000,0.000000,0.000000
9.619095,0.000000,0.000000,0.000000,0.000000,0.000000,0.000000
9.629095,0.000000,0.000000,0.000000,0.000000,0.000000,0.000000
9.639095,0.000000,0.000000,0.000000,0.000000,0.000000,0.000000
9.649095,0.000000,0.000000,0.000000,0.000000,0.000000,0.000000
9.659095,0.000000,0.000000,0.000000,0.000000,0.000000,0.000000
9.669095,0.000000,0.000000,0.000000,0.000000,0.000000,0.000000
9.679095,0.000000,0.000000,0.000000,0.000000,0.000000,0.000000
9.689095,0.000000,0.000000,0.000000,0.000000,0.000000,0.000000
9.699095,0.000000,0.000000,0.000000,0.000000,0.000000,0.000000
9.709095,0.000000,0.000000,0.000000,0.000000,0.000000,0.000000
9.719095,0.000000,0.000000,0.000000,0.000000,0.000000,0.000000
9.729095,0.000000,0.000000,0.000000,0.000000,0.000000,0.000000
9.739095,0.000000,0.000000,0.000000,0.000000,0.000000,0.000000
9.749095,0.000000,0.000000,0.000000,0.000000,0.000000,0.000000
9.759095,0.000000,0.000000,0.000000,0.000000,0.000000,0.000000
9.769095,0.000000,0.000000,0.000000,0.000000,0.000000,0.000000
9.779095,0.000000,0.000000,0.000000,0.000000,0.000000,0.000000
9.789095,0.000000,0.000000,0.000000,0.000000,0.000000,0.000000
9.799095,0.000000,0.000000,0.000000,0.000000,0.000000,0.000000
9.809095,0.000000,0.000000,0.000000,0.000000,0.000000,0.000000
9.819095,0.000000,0.000000,0.000000,0.000000,0.000000,0.000000
9.829095,0.000000,0.000000,0.000000,0.000000,0.000000,0.000000
9.839095,0.000000,0.000000,0.000000,0.000000,0.000000,0.000000
9.849095,0.000000,0.000000,0.000000,0.000000,0.000000,0.000000
9.859095,0.000000,0.000000,0.000000,0.000000,0.000000,0.000000
9.869095,0.000000,0.000000,0.000000,0.000000,0.000000,0.000000
9.879095,0.000000,0.000000,0.000000,0.000000,0.000000,0.000000
9.889095,0.000000,0.000000,0.000000,0.000000,0.000000,0.000000
9.899095,0.000000,0.000000,0.000000,0.000000,0.000000,0.000000
9.909095,0.000000,0.000000,0.000000,0.000000,0.000000,0.000000
9.919095,0.000000,0.000000,0.000000,0.000000,0.000000,0.000000
9.929095,0.000000,0.000000,0.000000,0.000000,0.000000,0.000000
9.939095,0.000000,0.000000,0.000000,0.000000,0.000000,0.000000
9.949095,0.000000,0.000000,0.000000,0.000000,0.000000,0.000000
9.959095,0.000000,0.000000,0.000000,0.000000,0.000000,0.000000
9.969095,0.000000,0.000000,0.000000,0.000000,0.000000,0.000000
9.979095,0.000000,0.000000,0.000000,0.000000,0.000000,0.000000
9.989095,0.000000,0.000000,0.000000,0.000000,0.000000,0.000000
9.999095,0.000000,0.000000,0.000000,0.000000,0.000000,0.000000
10.009095,0.000000,0.000000,0.000000,0.000000,0.000000,0.000000
10.019095,0.000000,0.000000,0.000000,0.000000,0.000000,0.000000
10.029095,0.000000,0.000000,0.000000,0.000000,0.000000,0.000000
10.039095,0.000000,0.000000,0.000000,0.000000,0.000000,0.000000
10.049095,0.000000,0.000000,0.000000,0.000000,0.000000,0.000000
10.059095,0.000000,0.000000,0.000000,0.000000,0.000000,0.000000
10.069095,0.000000,0.000000,0.000000,0.000000,0.000000,0.000000
10.079095,0.000000,0.000000,0.000000,0.000000,0.000000,0.000000
10.089095,0.000000,0.000000,0.000000,0.000000,0.000000,0.000000
10.099095,0.000000,0.000000,0.000000,0.000000,0.000000,0.000000
10.109095,0.000000,0.000000,0.000000,0.000000,0.000000,0.000000
10.119095,0.000000,0.000000,0.000000,0.000000,0.000000,0.000000
10.129095,0.000000,0.000000,0.000000,0.000000,0.000000,0.000000
10.139095,0.000000,0.000000,0.000000,0.000000,0.000000,0.000000
10.149095,0.000000,0.000000,0.000000,0.000000,0.000000,0.000000
10.159095,0.000000,0.000000,0.000000,0.000000,0.000000,0.000000
10.169095,0.000000,0.000000,0.000000,0.000000,0.000000,0.000000
10.179095,0.000000,0.000000,0.000000,0.000000,0.000000,0.000000
10.189095,0.000000,0.000000,0.000000,0.000000,0.000000,0.000000
10.199095,0.000000,0.000000,0.000000,0.000000,0.000000,0.000000
10.209095,0.000000,0.000000,0.000000,0.000000,0.000000,0.000000
10.219095,0.000000,0.000000,0.000000,0.000000,0.000000,0.000000
10.229095,0.000000,0.000000,0.000000,0.000000,0.000000,0.000000
10.239095,0.000000,0.000000,0.000000,0.000000,0.000000,0.000000
10.249095,0.000000,0.000000,0.000000,0.000000,0.000000,0.000000
10.259095,0.000000,0.000000,0.000000,0.000000,0.000000,0.000000
10.269095,0.000000,0.000000,0.000000,0.000000,0.000000,0.000000
10.279095,0.000000,0.000000,0.000000,0.000000,0.000000,0.000000
10.289095,0.000000,0.000000,0.000000,0.000000,0.000000,0.000000
10.299095,0.000000,0.000000,0.000000,0.000000,0.000000,0.000000
10.309095,0.000000,0.000000,0.000000,0.000000,0.000000,0.000000
10.319095,0.000000,0.000000,0.000000,0.000000,0.000000,0.000000
10.329095,0.000000,0.000000,0.000000,0.000000,0.000000,0.000000
10.339095,0.000000,0.000000,0.000000,0.000000,0.000000,0.000000
10.349095,0.000000,0.000000,0.000000,0.000000,0.000000,0.000000
10.359095,0.000000,0.000000,0.000000,0.000000,0.000000,0.000000
10.369095,0.000000,0.000000,0.000000,0.000000,0.000000,0.000000
10.379095,0.000000,0.000000,0.000000,0.000000,0.000000,0.000000
10.389095,0.000000,0.000000,0.000000,0.000000,0.000000,0.000000
10.399095,0.000000,0.000000,0.000000,0.000000,0.000000,0.000000
10.409095,0.000000,0.000000,0.000000,0.000000,0.000000,0.000000
10.419095,0.000000,0.000000,0.000000,0.000000,0.000000,0.000000
10.429095,0.000000,0.000000,0.000000,0.000000,0.000000,0.000000
10.439095,0.000000,0.000000,0.000000,0.000000,0.000000,0.000000
10.449095,0.000000,0.000000,0.000000,0.000000,0.000000,0.000000
10.459095,0.000000,0.000000,0.000000,0.000000,0.000000,0.000000
10.469095,0.000000,0.000000,0.000000,0.000000,0.000000,0.000000
10.479095,0.000000,0.000000,0.000000,0.000000,0.000000,0.000000
10.489095,0.000000,0.000000,0.000000,0.000000,0.000000,0.000000
10.499095,0.000000,0.000000,0.000000,0.000000,0.000000,0.000000
10.509095,0.000000,0.000000,0.000000,0.000000,0.000000,0.000000
10.519095,0.000000,0.000000,0.000000,0.000000,0.000000,0.000000
10.529095,0.000000,0.000000,0.000000,0.000000,0.000000,0.000000
10.539095,0.000000,0.000000,0.000000,0.000000,0.000000,0.000000
10.549095,0.000000,0.000000,0.000000,0.000000,0.000000,0.000000
10.559095,0.000000,0.000000,0.000000,0.000000,0.000000,0.000000
10.569095,0.000000,0.000000,0.000000,0.000000,0.000000,0.000000
10.579095,0.000000,0.000000,0.000000,0.000000,0.000000,0.000000
10.589095,0.000000,0.000000,0.000000,0.000000,0.000000,0.000000
10.599095,0.000000,0.000000,0.000000,0.000000,0.000000,0.000000
10.609095,0.000000,0.000000,0.000000,0.000000,0.000000,0.000000
10.619095,0.000000,0.000000,0.000000,0.000000,0.000000,0.000000
10.629095,0.000000,0.000000,0.000000,0.000000,0.000000,0.000000
10.639095,0.000000,0.000000,0.000000,0.000000,0.000000,0.000000
10.649095,0.000000,0.000000,0.000000,0.000000,0.000000,0.000000
10.659095,0.000000,0.000000,0.000000,0.000000,0.000000,0.000000
10.669095,0.000000,0.000000,0.000000,0.000000,0.000000,0.000000
10.679095,0.000000,0.000000,0.000000,0.000000,0.000000,0.000000
10.689095,0.000000,0.000000,0.000000,0.000000,0.000000,0.000000
10.699095,0.000000,0.000000,0.000000,0.000000,0.000000,0.000000
10.709095,0.000000,0.000000,0.000000,0.000000,0.000000,0.000000
10.719095,0.000000,0.000000,0.000000,0.000000,0.000000,0.000000
10.729095,0.000000,0.000000,0.000000,0.000000,0.000000,0.000000
10.739095,0.000000,0.000000,0.000000,0.000000,0.000000,0.000000
10.749095,0.000000,0.000000,0.000000,0.000000,0.000000,0.000000
10.759095,0.000000,0.000000,0.000000,0.000000,0.000000,0.000000
10.769095,0.000000,0.000000,0.000000,0.000000,0.000000,0.000000
10.779095,0.000000,0.000000,0.000000,0.000000,0.000000,0.000000
10.789095,0.000000,0.000000,0.000000,0.000000,0.000000,0.000000
10.799095,0.000000,0.000000,0.000000,0.000000,0.000000,0.000000
10.809095,0.000000,0.000000,0.000000,0.000000,0.000000,0.000000
10.819095,0.000000,0.000000,0.000000,0.000000,0.000000,0.000000
10.829095,0.000000,0.000000,0.000000,0.000000,0.000000,0.000000
10.839095,0.000000,0.000000,0.000000,0.000000,0.000000,0.000000
10.849095,0.000000,0.000000,0.000000,0.000000,0.000000,0.000000
10.859095,0.000000,0.000000,0.000000,0.000000,0.000000,0.000000
10.869095,0.000000,0.000000,0.000000,0.000000,0.000000,0.000000
10.879095,0.000000,0.000000,0.000000,0.000000,0.000000,0.000000
10.889095,0.000000,0.000000,0.000000,0.000000,0.000000,0.000000
10.899095,0.000000,0.000000,0.000000,0.000000,0.000000,0.000000
10.909095,0.000000,0.000000,0.000000,0.000000,0.000000,0.000000
10.919095,0.000000,0.000000,0.000000,0.000000,0.000000,0.000000
10.929095,0.000000,0.000000,0.000000,0.000000,0.000000,0.000000
10.939095,0.000000,0.000000,0.000000,0.000000,0.000000,0.000000
10.949095,0.000000,0.000000,0.000000,0.000000,0.000000,0.000000
10.959095,0.000000,0.000000,0.000000,0.000000,0.000000,0.000000
10.969095,0.000000,0.000000,0.000000,0.000000,0.000000,0.000000
10.979095,0.000000,0.000000,0.000000,0.000000,0.000000,0.000000
10.989095,0.000000,0.000000,0.000000,0.000000,0.000000,0.000000
10.999095,0.000000,0.000000,0.000000,0.000000,0.000000,0.000000
11.009095,0.000000,0.000000,0.000000,0.000000,0.000000,0.000000
11.019095,0.000000,0.000000,0.000000,0.000000,0.000000,0.000000
11.029095,0.000000,0.000000,0.000000,0.000000,0.000000,0.000000
11.039095,0.000000,0.000000,0.000000,0.000000,0.000000,0.000000
11.049095,0.000000,0.000000,0.000000,0.000000,0.000000,0.000000
11.059095,0.000000,0.000000,0.000000,0.000000,0.000000,0.000000
11.069095,0.000000,0.000000,0.000000,0.000000,0.000000,0.000000
11.079095,0.000000,0.000000,0.000000,0.000000,0.000000,0.000000
11.089095,0.000000,0.000000,0.000000,0.000000,0.000000,0.000000
11.099095,0.000000,0.000000,0.000000,0.000000,0.000000,0.000000
11.109095,0.000000,0.000000,0.000000,0.000000,0.000000,0.000000
11.119095,0.000000,0.000000,0.000000,0.000000,0.000000,0.000000
11.129095,0.000000,0.000000,0.000000,0.000000,0.000000,0.000000
11.139095,0.000000,0.000000,0.000000,0.000000,0.000000,0.000000
11.149095,0.000000,0.000000,0.000000,0.000000,0.000000,0.000000
11.159095,0.000000,0.000000,0.000000,0.000000,0.000000,0.000000
11.169095,0.000000,0.000000,0.000000,0.000000,0.000000,0.000000
11.179095,0.000000,0.000000,0.000000,0.000000,0.000000,0.000000
11.189095,0.000000,0.000000,0.000000,0.000000,0.000000,0.000000
11.199095,0.000000,0.000000,0.000000,0.000000,0.000000,0.000000
11.209095,0.000000,0.000000,0.000000,0.000000,0.000000,0.000000
11.219095,0.000000,0.000000,0.000000,0.000000,0.000000,0.000000
11.229095,0.000000,0.000000,0.000000,0.000000,0.000000,0.000000
11.239095,0.000000,0.000000,0.000000,0.000000,0.000000,0.000000
11.249095,0.000000,0.000000,0.000000,0.000000,0.000000,0.000000
11.259095,0.000000,0.000000,0.000000,0.000000,0.000000,0.000000
11.269095,0.000000,0.000000,0.000000,0.000000,0.000000,0.000000
11.279095,0.000000,0.000000,0.000000,0.000000,0.000000,0.000000
11.289095,0.000000,0.000000,0.000000,0.000000,0.000000,0.000000
11.299095,0.000000,0.000000,0.000000,0.000000,0.000000,0.000000
11.309095,0.000000,0.000000,0.000000,0.000000,0.000000,0.000000
11.319095,0.000000,0.000000,0.000000,0.000000,0.000000,0.000000
11.329095,0.000000,0.000000,0.000000,0.000000,0.000000,0.000000
11.339095,0.000000,0.000000,0.000000,0.000000,0.000000,0.000000
11.349095,0.000000,0.000000,0.000000,0.000000,0.000000,0.000000
11.359095,0.000000,0.000000,0.000000,0.000000,0.000000,0.000000
11.369095,0.000000,0.000000,0.000000,0.000000,0.000000,0.000000
11.379095,0.000000,0.000000,0.000000,0.000000,0.000000,0.000000
11.389095,0.000000,0.000000,0.000000,0.000000,0.000000,0.000000
11.399095,0.000000,0.000000,0.000000,0.000000,0.000000,0.000000
11.409095,0.000000,0.000000,0.000000,0.000000,0.000000,0.000000
11.419095,0.000000,0.000000,0.000000,0.000000,0.000000,0.000000
11.429095,0.000000,0.000000,0.000000,0.000000,0.000000,0.000000
11.439095,0.000000,0.000000,0.000000,0.000000,0.000000,0.000000
11.449095,0.000000,0.000000,0.000000,0.000000,0.000000,0.000000
11.459095,0.000000,0.000000,0.000000,0.000000,0.000000,0.000000
11.469095,0.000000,0.000000,0.000000,0.000000,0.000000,0.000000
11.479095,0.000000,0.000000,0.000000,0.000000,0.000000,0.000000
11.489095,0.000000,0.000000,0.000000,0.000000,0.000000,0.000000
11.499095,0.000000,0.000000,0.000000,0.000000,0.000000,0.000000
11.509095,0.000000,0.000000,0.000000,0.000000,0.000000,0.000000
11.519095,0.000000,0.000000,0.000000,0.000000,0.000000,0.000000
11.529095,0.000000,0.000000,0.000000,0.000000,0.000000,0.000000
11.539095,0.000000,0.000000,0.000000,0.000000,0.000000,0.000000
11.549095,0.000000,0.000000,0.000000,0.000000,0.000000,0.000000
11.559095,0.000000,0.000000,0.000000,0.000000,0.000000,0.000000
11.569095,0.000000,0.000000,0.000000,0.000000,0.000000,0.000000
11.579095,0.000000,0.000000,0.000000,0.000000,0.000000,0.000000
11.589095,0.000000,0.000000,0.000000,0.000000,0.000000,0.000000
11.599095,0.000000,0.000000,0.000000,0.000000,0.000000,0.000000
11.609095,0.000000,0.000000,0.000000,0.000000,0.000000,0.000000
11.619095,0.000000,0.000000,0.000000,0.000000,0.000000,0.000000
11.629095,0.000000,0.000000,0.000000,0.000000,0.000000,0.000000
11.639095,0.000000,0.000000,0.000000,0.000000,0.000000,0.000000
11.649095,0.000000,0.000000,0.000000,0.000000,0.000000,0.000000
11.659095,0.000000,0.000000,0.000000,0.000000,0.000000,0.000000
11.669095,0.000000,0.000000,0.000000,0.000000,0.000000,0.000000
11.679095,0.000000,0.000000,0.000000,0.000000,0.000000,0.000000
11.689095,0.000000,0.000000,0.000000,0.000000,0.000000,0.000000
11.699095,0.000000,0.000000,0.000000,0.000000,0.000000,0.000000
11.709095,0.000000,0.000000,0.000000,0.000000,0.000000,0.000000
11.719095,0.000000,0.000000,0.000000,0.000000,0.000000,0.000000
11.729095,0.000000,0.000000,0.000000,0.000000,0.000000,0.000000
11.739095,0.000000,0.000000,0.000000,0.000000,0.000000,0.000000
11.749095,0.000000,0.000000,0.000000,0.000000,0.000000,0.000000
11.759095,0.000000,0.000000,0.000000,0.000000,0.000000,0.000000
11.769095,0.000000,0.000000,0.000000,0.000000,0.000000,0.000000
11.779095,0.000000,0.000000,0.000000,0.000000,0.000000,0.000000
11.789095,0.000000,0.000000,0.000000,0.000000,0.000000,0.000000
11.799095,0.000000,0.000000,0.000000,0.000000,0.000000,0.000000
11.809095,0.000000,0.000000,0.000000,0.000000,0.000000,0.000000
11.819095,0.000000,0.000000,0.000000,0.000000,0.000000,0.000000
11.829095,0.000000,0.000000,0.000000,0.000000,0.000000,0.000000
11.839095,0.000000,0.000000,0.000000,0.000000,0.000000,0.000000
11.849095,0.000000,0.000000,0.000000,0.000000,0.000000,0.000000
11.859095,0.000000,0.000000,0.000000,0.000000,0.000000,0.000000
11.869095,0.000000,0.000000,0.000000,0.000000,0.000000,0.000000
11.879095,0.000000,0.000000,0.000000,0.000000,0.000000,0.000000
11.889095,0.000000,0.000000,0.000000,0.000000,0.000000,0.000000
11.899095,0.000000,0.000000,0.000000,0.000000,0.000000,0.000000
11.909095,0.000000,0.000000,0.000000,0.000000,0.000000,0.000000
11.919095,0.000000,0.000000,0.000000,0.000000,0.000000,0.000000
11.929095,0.000000,0.000000,0.000000,0.000000,0.000000,0.000000
11.939095,0.000000,0.000000,0.000000,0.000000,0.000000,0.000000
11.949095,0.000000,0.000000,0.000000,0.000000,0.000000,0.000000
11.959095,0.000000,0.000000,0.000000,0.000000,0.000000,0.000000
11.969095,0.000000,0.000000,0.000000,0.000000,0.000000,0.000000
11.979095,0.000000,0.000000,0.000000,0.000000,0.000000,0.000000
11.989095,0.000000,0.000000,0.000000,0.000000,0.000000,0.000000
11.999095,0.000000,0.000000,0.000000,0.000000,0.000000,0.000000
12.009095,0.000000,0.000000,0.000000,0.000000,0.000000,0.000000
12.019095,0.000000,0.000000,0.000000,0.000000,0.000000,0.000000
12.029095,0.000000,0.000000,0.000000,0.000000,0.000000,0.000000
12.039095,0.000000,0.000000,0.000000,0.000000,0.000000,0.000000
12.049095,0.000000,0.000000,0.000000,0.000000,0.000000,0.000000
12.059095,0.000000,0.000000,0.000000,0.000000,0.000000,0.000000
12.069095,0.000000,0.000000,0.000000,0.000000,0.000000,0.000000
12.079095,0.000000,0.000000,0.000000,0.000000,0.000000,0.000000
12.089095,0.000000,0.000000,0.000000,0.000000,0.000000,0.000000
12.099095,0.000000,0.000000,0.000000,0.000000,0.000000,0.000000
12.109095,0.000000,0.000000,0.000000,0.000000,0.000000,0.000000
12.119095,0.000000,0.000000,0.000000,0.000000,0.000000,0.000000
12.129095,0.000000,0.000000,0.000000,0.000000,0.000000,0.000000
12.139095,0.000000,0.000000,0.000000,0.000000,0.000000,0.000000
12.149095,0.000000,0.000000,0.000000,0.000000,0.000000,0.000000
12.159095,0.000000,0.000000,0.000000,0.000000,0.000000,0.000000
12.169095,0.000000,0.000000,0.000000,0.000000,0.000000,0.000000
12.179095,0.000000,0.000000,0.000000,0.000000,0.000000,0.000000
12.189095,0.000000,0.000000,0.000000,0.000000,0.000000,0.000000
12.199095,0.000000,0.000000,0.000000,0.000000,0.000000,0.000000
12.209095,0.000000,0.000000,0.000000,0.000000,0.000000,0.000000
12.219095,0.000000,0.000000,0.000000,0.000000,0.000000,0.000000
12.229095,0.000000,0.000000,0.000000,0.000000,0.000000,0.000000
12.239095,0.000000,0.000000,0.000000,0.000000,0.000000,0.000000
12.249095,0.000000,0.000000,0.000000,0.000000,0.000000,0.000000
12.259095,0.000000,0.000000,0.000000,0.000000,0.000000,0.000000
12.269095,0.000000,0.000000,0.000000,0.000000,0.000000,0.000000
12.279095,0.000000,0.000000,0.000000,0.000000,0.000000,0.000000
12.289095,0.000000,0.000000,0.000000,0.000000,0.000000,0.000000
12.299095,0.000000,0.000000,0.000000,0.000000,0.000000,0.000000
12.309095,0.000000,0.000000,0.000000,0.000000,0.000000,0.000000
12.319095,0.000000,0.000000,0.000000,0.000000,0.000000,0.000000
12.329095,0.000000,0.000000,0.000000,0.000000,0.000000,0.000000
12.339095,0.000000,0.000000,0.000000,0.000000,0.000000,0.000000
12.349095,0.000000,0.000000,0.000000,0.000000,0.000000,0.000000
12.359095,0.000000,0.000000,0.000000,0.000000,0.000000,0.000000
12.369095,0.000000,0.000000,0.000000,0.000000,0.000000,0.000000
12.379095,0.000000,0.000000,0.000000,0.000000,0.000000,0.000000
12.389095,0.000000,0.000000,0.000000,0.000000,0.000000,0.000000
12.399095,0.000000,0.000000,0.000000,0.000000,0.000000,0.000000
12.409095,0.000000,0.000000,0.000000,0.000000,0.000000,0.000000
12.419095,0.000000,0.000000,0.000000,0.000000,0.000000,0.000000
12.429095,0.000000,0.000000,0.000000,0.000000,0.000000,0.000000
12.439095,0.000000,0.000000,0.000000,0.000000,0.000000,0.000000
12.449095,0.000000,0.000000,0.000000,0.000000,0.000000,0.000000
12.459095,0.000000,0.000000,0.000000,0.000000,0.000000,0.000000
12.469095,0.000000,0.000000,0.000000,0.000000,0.000000,0.000000
12.479095,0.000000,0.000000,0.000000,0.000000,0.000000,0.000000
12.489095,0.000000,0.000000,0.000000,0.000000,0.000000,0.000000
12.499095,0.000000,0.000000,0.000000,0.000000,0.000000,0.000000
12.509095,0.000000,0.000000,0.000000,0.000000,0.000000,0.000000
12.519095,0.000000,0.000000,0.000000,0.000000,0.000000,0.000000
12.529095,0.000000,0.000000,0.000000,0.000000,0.000000,0.000000
12.539095,0.000000,0.000000,0.000000,0.000000,0.000000,0.000000
12.549095,0.000000,0.000000,0.000000,0.000000,0.000000,0.000000
12.559095,0.000000,0.000000,0.000000,0.000000,0.000000,0.000000
12.569095,0.000000,0.000000,0.000000,0.000000,0.000000,0.000000
12.579095,0.000000,0.000000,0.000000,0.000000,0.000000,0.000000
12.589095,0.000000,0.000000,0.000000,0.000000,0.000000,0.000000
12.599095,0.000000,0.000000,0.000000,0.000000,0.000000,0.000000
12.609095,0.000000,0.000000,0.000000,0.000000,0.000000,0.000000
12.619095,0.000000,0.000000,0.000000,0.000000,0.000000,0.000000
12.629095,0.000000,0.000000,0.000000,0.000000,0.000000,0.000000
12.639095,0.000000,0.000000,0.000000,0.000000,0.000000,0.000000
12.649095,0.000000,0.000000,0.000000,0.000000,0.000000,0.000000
12.659095,0.000000,0.000000,0.000000,0.000000,0.000000,0.000000
12.669095,0.000000,0.000000,0.000000,0.000000,0.000000,0.000000
12.679095,0.000000,0.000000,0.000000,0.000000,0.000000,0.000000
12.689095,0.000000,0.000000,0.000000,0.000000,0.000000,0.000000
12.699095,0.000000,0.000000,0.000000,0.000000,0.000000,0.000000
12.709095,0.000000,0.000000,0.000000,0.000000,0.000000,0.000000
12.719095,0.000000,0.000000,0.000000,0.000000,0.000000,0.000000
12.729095,0.000000,0.000000,0.000000,0.000000,0.000000,0.000000
12.739095,0.000000,0.000000,0.000000,0.000000,0.000000,0.000000
12.749095,0.000000,0.000000,0.000000,0.000000,0.000000,0.000000
12.759095,0.000000,0.000000,0.000000,0.000000,0.000000,0.000000
12.769095,0.000000,0.000000,0.000000,0.000000,0.000000,0.000000
12.779095,0.000000,0.000000,0.000000,0.000000,0.000000,0.000000
12.789095,0.000000,0.000000,0.000000,0.000000,0.000000,0.000000
12.799095,0.000000,0.000000,0.000000,0.000000,0.000000,0.000000
12.809095,0.000000,0.000000,0.000000,0.000000,0.000000,0.000000
12.819095,0.000000,0.000000,0.000000,0.000000,0.000000,0.000000
12.829095,0.000000,0.000000,0.000000,0.000000,0.000000,0.000000
12.839095,0.000000,0.000000,0.000000,0.000000,0.000000,0.000000
12.849095,0.000000,0.000000,0.000000,0.000000,0.000000,0.000000
12.859095,0.000000,0.000000,0.000000,0.000000,0.000000,0.000000
12.869095,0.000000,0.000000,0.000000,0.000000,0.000000,0.000000
12.879095,0.000000,0.000000,0.000000,0.000000,0.000000,0.000000
12.889095,0.000000,0.000000,0.000000,0.000000,0.000000,0.000000
12.899095,0.000000,0.000000,0.000000,0.000000,0.000000,0.000000
12.909095,0.000000,0.000000,0.000000,0.000000,0.000000,0.000000
12.919095,0.000000,0.000000,0.000000,0.000000,0.000000,0.000000
12.929095,0.000000,0.000000,0.000000,0.000000,0.000000,0.000000
12.939095,0.000000,0.000000,0.000000,0.000000,0.000000,0.000000
12.949095,0.000000,0.000000,0.000000,0.000000,0.000000,0.000000
12.959095,0.000000,0.000000,0.000000,0.000000,0.000000,0.000000
12.969095,0.000000,0.000000,0.000000,0.000000,0.000000,0.000000
12.979095,0.000000,0.000000,0.000000,0.000000,0.000000,0.000000
12.989095,0.000000,0.000000,0.000000,0.000000,0.000000,0.000000
12.999095,0.000000,0.000000,0.000000,0.000000,0.000000,0.000000
13.009095,0.000000,0.000000,0.000000,0.000000,0.000000,0.000000
13.019095,0.000000,0.000000,0.000000,0.000000,0.000000,0.000000
13.029095,0.000000,0.000000,0.000000,0.000000,0.000000,0.000000
13.039095,0.000000,0.000000,0.000000,0.000000,0.000000,0.000000
13.049095,0.000000,0.000000,0.000000,0.000000,0.000000,0.000000
13.059095,0.000000,0.000000,0.000000,0.000000,0.000000,0.000000
13.069095,0.000000,0.000000,0.000000,0.000000,0.000000,0.000000
13.079095,0.000000,0.000000,0.000000,0.000000,0.000000,0.000000
13.089095,0.000000,0.000000,0.000000,0.000000,0.000000,0.000000
13.099095,0.000000,0.000000,0.000000,0.000000,0.000000,0.000000
13.109095,0.000000,0.000000,0.000000,0.000000,0.000000,0.000000
13.119095,0.000000,0.000000,0.000000,0.000000,0.000000,0.000000
13.129095,0.000000,0.000000,0.000000,0.000000,0.000000,0.000000
13.139095,0.000000,0.000000,0.000000,0.000000,0.000000,0.000000
13.149095,0.000000,0.000000,0.000000,0.000000,0.000000,0.000000
13.159095,0.000000,0.000000,0.000000,0.000000,0.000000,0.000000
13.169095,0.000000,0.000000,0.000000,0.000000,0.000000,0.000000
13.179095,0.000000,0.000000,0.000000,0.000000,0.000000,0.000000
13.189095,0.000000,0.000000,0.000000,0.000000,0.000000,0.000000
13.199095,0.000000,0.000000,0.000000,0.000000,0.000000,0.000000
13.209095,0.000000,0.000000,0.000000,0.000000,0.000000,0.000000
13.219095,0.000000,0.000000,0.000000,0.000000,0.000000,0.000000
13.229095,0.000000,0.000000,0.000000,0.000000,0.000000,0.000000
13.239095,0.000000,0.000000,0.000000,0.000000,0.000000,0.000000
13.249095,0.000000,0.000000,0.000000,0.000000,0.000000,0.000000
13.259095,0.000000,0.000000,0.000000,0.000000,0.000000,0.000000
13.269095,0.000000,0.000000,0.000000,0.000000,0.000000,0.000000
13.279095,0.000000,0.000000,0.000000,0.000000,0.000000,0.000000
13.289095,0.000000,0.000000,0.000000,0.000000,0.000000,0.000000
13.299095,0.000000,0.000000,0.000000,0.000000,0.000000,0.000000
13.309095,0.000000,0.000000,0.000000,0.000000,0.000000,0.000000
13.319095,0.000000,0.000000,0.000000,0.000000,0.000000,0.000000
13.329095,0.000000,0.000000,0.000000,0.000000,0.000000,0.000000
13.339095,0.000000,0.000000,0.000000,0.000000,0.000000,0.000000
13.349095,0.000000,0.000000,0.000000,0.000000,0.000000,0.000000
13.359095,0.000000,0.000000,0.000000,0.000000,0.000000,0.000000
13.369095,0.000000,0.000000,0.000000,0.000000,0.000000,0.000000
13.379095,0.000000,0.000000,0.000000,0.000000,0.000000,0.000000
13.389095,0.000000,0.000000,0.000000,0.000000,0.000000,0.000000
13.399095,0.000000,0.000000,0.000000,0.000000,0.000000,0.000000
13.409095,0.000000,0.000000,0.000000,0.000000,0.000000,0.000000
13.419095,0.000000,0.000000,0.000000,0.000000,0.000000,0.000000
13.429095,0.000000,0.000000,0.000000,0.000000,0.000000,0.000000
13.439095,0.000000,0.000000,0.000000,0.000000,0.000000,0.000000
13.449095,0.000000,0.000000,0.000000,0.000000,0.000000,0.000000
13.459095,0.000000,0.000000,0.000000,0.000000,0.000000,0.000000
13.469095,0.000000,0.000000,0.000000,0.000000,0.000000,0.000000
13.479095,0.000000,0.000000,0.000000,0.000000,0.000000,0.000000
13.489095,0.000000,0.000000,0.000000,0.000000,0.000000,0.000000
13.499095,0.000000,0.000000,0.000000,0.000000,0.000000,0.000000
13.509095,0.000000,0.000000,0.000000,0.000000,0.000000,0.000000
13.519095,0.000000,0.000000,0.000000,0.000000,0.000000,0.000000
13.529095,0.000000,0.000000,0.000000,0.000000,0.000000,0.000000
13.539095,0.000000,0.000000,0.000000,0.000000,0.000000,0.000000
13.549095,0.000000,0.000000,0.000000,0.000000,0.000000,0.000000
13.559095,0.000000,0.000000,0.000000,0.000000,0.000000,0.000000
13.569095,0.000000,0.000000,0.000000,0.000000,0.000000,0.000000
13.579095,0.000000,0.000000,0.000000,0.000000,0.000000,0.000000
13.589095,0.000000,0.000000,0.000000,0.000000,0.000000,0.000000
13.599095,0.000000,0.000000,0.000000,0.000000,0.000000,0.000000
13.609095,0.000000,0.000000,0.000000,0.000000,0.000000,0.000000
13.619095,0.000000,0.000000,0.000000,0.000000,0.000000,0.000000
13.629095,0.000000,0.000000,0.000000,0.000000,0.000000,0.000000
13.639095,0.000000,0.000000,0.000000,0.000000,0.000000,0.000000
13.649095,0.000000,0.000000,0.000000,0.000000,0.000000,0.000000
13.659095,0.000000,0.000000,0.000000,0.000000,0.000000,0.000000
13.669095,0.000000,0.000000,0.000000,0.000000,0.000000,0.000000
13.679095,0.000000,0.000000,0.000000,0.000000,0.000000,0.000000
13.689095,0.000000,0.000000,0.000000,0.000000,0.000000,0.000000
13.699095,0.000000,0.000000,0.000000,0.000000,0.000000,0.000000
13.709095,0.000000,0.000000,0.000000,0.000000,0.000000,0.000000
13.719095,0.000000,0.000000,0.000000,0.000000,0.000000,0.000000
13.729095,0.000000,0.000000,0.000000,0.000000,0.000000,0.000000
13.739095,0.000000,0.000000,0.000000,0.000000,0.000000,0.000000
13.749095,0.000000,0.000000,0.000000,0.000000,0.000000,0.000000
13.759095,0.000000,0.000000,0.000000,0.000000,0.000000,0.000000
13.769095,0.000000,0.000000,0.000000,0.000000,0.000000,0.000000
13.779095,0.000000,0.000000,0.000000,0.000000,0.000000,0.000000
13.789095,0.000000,0.000000,0.000000,0.000000,0.000000,0.000000
13.799095,0.000000,0.000000,0.000000,0.000000,0.000000,0.000000
13.809095,0.000000,0.000000,0.000000,0.000000,0.000000,0.000000
13.819095,0.000000,0.000000,0.000000,0.000000,0.000000,0.000000
13.829095,0.000000,0.000000,0.000000,0.000000,0.000000,0.000000
13.839095,0.000000,0.000000,0.000000,0.000000,0.000000,0.000000
13.849095,0.000000,0.000000,0.000000,0.000000,0.000000,0.000000
13.859095,0.000000,0.000000,0.000000,0.000000,0.000000,0.000000
13.869095,0.000000,0.000000,0.000000,0.000000,0.000000,0.000000
13.879095,0.000000,0.000000,0.000000,0.000000,0.000000,0.000000
13.889095,0.000000,0.000000,0.000000,0.000000,0.000000,0.000000
13.899095,0.000000,0.000000,0.000000,0.000000,0.000000,0.000000
13.909095,0.000000,0.000000,0.000000,0.000000,0.000000,0.000000
13.919095,0.000000,0.000000,0.000000,0.000000,0.000000,0.000000
13.929095,0.000000,0.000000,0.000000,0.000000,0.000000,0.000000
13.939095,0.000000,0.000000,0.000000,0.000000,0.000000,0.000000
13.949095,0.000000,0.000000,0.000000,0.000000,0.000000,0.000000
13.959095,0.000000,0.000000,0.000000,0.000000,0.000000,0.000000
13.969095,0.000000,0.000000,0.000000,0.000000,0.000000,0.000000
13.979095,0.000000,0.000000,0.000000,0.000000,0.000000,0.000000
13.989095,0.000000,0.000000,0.000000,0.000000,0.000000,0.000000
13.999095,0.000000,0.000000,0.000000,0.000000,0.000000,0.000000
14.009095,0.000000,0.000000,0.000000,0.000000,0.000000,0.000000
14.019095,0.000000,0.000000,0.000000,0.000000,0.000000,0.000000
14.029095,0.000000,0.000000,0.000000,0.000000,0.000000,0.000000
14.039095,0.000000,0.000000,0.000000,0.000000,0.000000,0.000000
14.049095,0.000000,0.000000,0.000000,0.000000,0.000000,0.000000
14.059095,0.000000,0.000000,0.000000,0.000000,0.000000,0.000000
14.069095,0.000000,0.000000,0.000000,0.000000,0.000000,0.000000
14.079095,0.000000,0.000000,0.000000,0.000000,0.000000,0.000000
14.089095,0.000000,0.000000,0.000000,0.000000,0.000000,0.000000
14.099095,0.000000,0.000000,0.000000,0.000000,0.000000,0.000000
14.109095,0.000000,0.000000,0.000000,0.000000,0.000000,0.000000
14.119095,0.000000,0.000000,0.000000,0.000000,0.000000,0.000000
14.129095,0.000000,0.000000,0.000000,0.000000,0.000000,0.000000
14.139095,0.000000,0.000000,0.000000,0.000000,0.000000,0.000000
14.149095,0.000000,0.000000,0.000000,0.000000,0.000000,0.000000
14.159095,0.000000,0.000000,0.000000,0.000000,0.000000,0.000000
14.169095,0.000000,0.000000,0.000000,0.000000,0.000000,0.000000
14.179095,0.000000,0.000000,0.000000,0.000000,0.000000,0.000000
14.189095,0.000000,0.000000,0.000000,0.000000,0.000000,0.000000
14.199095,0.000000,0.000000,0.000000,0.000000,0.000000,0.000000
14.209095,0.000000,0.000000,0.000000,0.000000,0.000000,0.000000
14.219095,0.000000,0.000000,0.000000,0.000000,0.000000,0.000000
14.229095,0.000000,0.000000,0.000000,0.000000,0.000000,0.000000
14.239095,0.000000,0.000000,0.000000,0.000000,0.000000,0.000000
14.249095,0.000000,0.000000,0.000000,0.000000,0.000000,0.000000
14.259095,0.000000,0.000000,0.000000,0.000000,0.000000,0.000000
14.269095,0.000000,0.000000,0.000000,0.000000,0.000000,0.000000
14.279095,0.000000,0.000000,0.000000,0.000000,0.000000,0.000000
14.289095,0.000000,0.000000,0.000000,0.000000,0.000000,0.000000
14.299095,0.000000,0.000000,0.000000,0.000000,0.000000,0.000000
14.309095,0.000000,0.000000,0.000000,0.000000,0.000000,0.000000
14.319095,0.000000,0.000000,0.000000,0.000000,0.000000,0.000000
14.329095,0.000000,0.000000,0.000000,0.000000,0.000000,0.000000
14.339095,0.000000,0.000000,0.000000,0.000000,0.000000,0.000000
14.349095,0.000000,0.000000,0.000000,0.000000,0.000000,0.000000
14.359095,0.000000,0.000000,0.000000,0.000000,0.000000,0.000000
14.369095,0.000000,0.000000,0.000000,0.000000,0.000000,0.000000
14.379095,0.000000,0.000000,0.000000,0.000000,0.000000,0.000000
14.389095,0.000000,0.000000,0.000000,0.000000,0.000000,0.000000
14.399095,0.000000,0.000000,0.000000,0.000000,0.000000,0.000000
14.409095,0.000000,0.000000,0.000000,0.000000,0.000000,0.000000
14.419095,0.000000,0.000000,0.000000,0.000000,0.000000,0.000000
14.429095,0.000000,0.000000,0.000000,0.000000,0.000000,0.000000
14.439095,0.000000,0.000000,0.000000,0.000000,0.000000,0.000000
14.449095,0.000000,0.000000,0.000000,0.000000,0.000000,0.000000
14.459095,0.000000,0.000000,0.000000,0.000000,0.000000,0.000000
14.469095,0.000000,0.000000,0.000000,0.000000,0.000000,0.000000
14.479095,0.000000,0.000000,0.000000,0.000000,0.000000,0.000000
14.489095,0.000000,0.000000,0.000000,0.000000,0.000000,0.000000
14.499095,0.000000,0.000000,0.000000,0.000000,0.000000,0.000000
14.509095,0.000000,0.000000,0.000000,0.000000,0.000000,0.000000
14.519095,0.000000,0.000000,0.000000,0.000000,0.000000,0.000000
14.529095,0.000000,0.000000,0.000000,0.000000,0.000000,0.000000
14.539095,0.000000,0.000000,0.000000,0.000000,0.000000,0.000000
14.549095,0.000000,0.000000,0.000000,0.000000,0.000000,0.000000
14.559095,0.000000,0.000000,0.000000,0.000000,0.000000,0.000000
14.569095,0.000000,0.000000,0.000000,0.000000,0.000000,0.000000
14.579095,0.000000,0.000000,0.000000,0.000000,0.000000,0.000000
14.589095,0.000000,0.000000,0.000000,0.000000,0.000000,0.000000
14.599095,0.000000,0.000000,0.000000,0.000000,0.000000,0.000000
14.609095,0.000000,0.000000,0.000000,0.000000,0.000000,0.000000
14.619095,0.000000,0.000000,0.000000,0.000000,0.000000,0.000000
14.629095,0.000000,0.000000,0.000000,0.000000,0.000000,0.000000
14.639095,0.000000,0.000000,0.000000,0.000000,0.000000,0.000000
14.649095,0.000000,0.000000,0.000000,0.000000,0.000000,0.000000
14.659095,0.000000,0.000000,0.000000,0.000000,0.000000,0.000000
14.669095,0.000000,0.000000,0.000000,0.000000,0.000000,0.000000
14.679095,0.000000,0.000000,0.000000,0.000000,0.000000,0.000000
14.689095,0.000000,0.000000,0.000000,0.000000,0.000000,0.000000
14.699095,0.000000,0.000000,0.000000,0.000000,0.000000,0.000000
14.709095,0.000000,0.000000,0.000000,0.000000,0.000000,0.000000
14.719095,0.000000,0.000000,0.000000,0.000000,0.000000,0.000000
14.729095,0.000000,0.000000,0.000000,0.000000,0.000000,0.000000
14.739095,0.000000,0.000000,0.000000,0.000000,0.000000,0.000000
14.749095,0.000000,0.000000,0.000000,0.000000,0.000000,0.000000
14.759095,0.000000,0.000000,0.000000,0.000000,0.000000,0.000000
14.769095,0.000000,0.000000,0.000000,0.000000,0.000000,0.000000
14.779095,0.000000,0.000000,0.000000,0.000000,0.000000,0.000000
14.789095,0.000000,0.000000,0.000000,0.000000,0.000000,0.000000
14.799095,0.000000,0.000000,0.000000,0.000000,0.000000,0.000000
14.809095,0.000000,0.000000,0.000000,0.000000,0.000000,0.000000
14.819095,0.000000,0.000000,0.000000,0.000000,0.000000,0.000000
14.829095,0.000000,0.000000,0.000000,0.000000,0.000000,0.000000
14.839095,0.000000,0.000000,0.000000,0.000000,0.000000,0.000000
14.849095,0.000000,0.000000,0.000000,0.000000,0.000000,0.000000
14.859095,0.000000,0.000000,0.000000,0.000000,0.000000,0.000000
14.869095,0.000000,0.000000,0.000000,0.000000,0.000000,0.000000
14.879095,0.000000,0.000000,0.000000,0.000000,0.000000,0.000000
14.889095,0.000000,0.000000,0.000000,0.000000,0.000000,0.000000
14.899095,0.000000,0.000000,0.000000,0.000000,0.000000,0.000000
14.909095,0.000000,0.000000,0.000000,0.000000,0.000000,0.000000
14.919095,0.000000,0.000000,0.000000,0.000000,0.000000,0.000000
14.929095,0.000000,0.000000,0.000000,0.000000,0.000000,0.000000
14.939095,0.000000,0.000000,0.000000,0.000000,0.000000,0.000000
14.949095,0.000000,0.000000,0.000000,0.000000,0.000000,0.000000
14.959095,0.000000,0.000000,0.000000,0.000000,0.000000,0.000000
14.969095,0.000000,0.000000,0.000000,0.000000,0.000000,0.000000
14.979095,0.000000,0.000000,0.000000,0.000000,0.000000,0.000000
14.989095,0.000000,0.000000,0.000000,0.000000,0.000000,0.000000
14.999095,0.000000,0.000000,0.000000,0.000000,0.000000,0.000000
15.009095,-0.001000,0.000000,0.000000,0.000000,0.000000,0.000000
15.019095,-0.001000,0.000000,0.000000,0.000000,0.000000,0.000000
15.029095,-0.001000,0.000000,0.000000,0.000000,0.000000,0.000000
15.039095,-0.002500,0.000000,0.000000,0.000000,0.000000,0.000000
15.049095,-0.002500,0.000000,0.000000,0.000000,0.000000,0.000000
15.059095,-0.002500,0.000000,0.000000,0.000000,0.000000,0.000000
15.069095,-0.004000,0.000000,0.000000,0.000000,0.000000,0.000000
15.079095,-0.004000,0.000000,0.000000,0.000000,0.000000,0.000000
15.089095,-0.004000,0.000000,0.000000,0.000000,0.000000,0.000000
15.099095,-0.005500,0.000000,0.000000,0.000000,0.000000,0.000000
15.109095,-0.005500,0.000000,0.000000,0.000000,0.000000,0.000000
15.119095,-0.005500,0.000000,0.000000,0.000000,0.000000,0.000000
15.129095,-0.007000,0.000000,0.000000,0.000000,0.000000,0.000000
15.139095,-0.007000,0.000000,0.000000,0.000000,0.000000,0.000000
15.149095,-0.007000,0.000000,0.000000,0.000000,0.000000,0.000000
15.159095,-0.008500,0.000000,0.000000,0.000000,0.000000,0.000000
15.169095,-0.008500,0.000000,0.000000,0.000000,0.000000,0.000000
15.179095,-0.008500,0.000000,0.000000,0.000000,0.000000,0.000000
15.189095,-0.010000,0.000000,0.000000,0.000000,0.000000,0.000000
15.199095,-0.010000,0.000000,0.000000,0.000000,0.000000,0.000000
15.209095,-0.010000,0.000000,0.000000,0.000000,0.000000,0.000000
15.219095,-0.011500,0.000000,0.000000,0.000000,0.000000,0.000000
15.229095,-0.011500,0.000000,0.000000,0.000000,0.000000,0.000000
15.239095,-0.011500,0.000000,0.000000,0.000000,0.000000,0.000000
15.249095,-0.013000,0.000000,0.000000,0.000000,0.000000,0.000000
15.259095,-0.013000,0.000000,0.000000,0.000000,0.000000,0.000000
15.269095,-0.013000,0.000000,0.000000,0.000000,0.000000,0.000000
15.279095,-0.014000,0.000000,0.000000,0.000000,0.000000,0.000000
15.289095,-0.014000,0.000000,0.000000,0.000000,0.000000,0.000000
15.299095,-0.015500,0.000000,0.000000,0.000000,0.000000,0.000000
15.309095,-0.015500,0.000000,0.000000,0.000000,0.000000,0.000000
15.319095,-0.015500,0.000000,0.000000,0.000000,0.000000,0.000000
15.329095,-0.017000,0.000000,0.000000,0.000000,0.000000,0.000000
15.339095,-0.017000,0.000000,0.000000,0.000000,0.000000,0.000000
15.349095,-0.017000,0.000000,0.000000,0.000000,0.000000,0.000000
15.359095,-0.018500,0.000000,0.000000,0.000000,0.000000,0.000000
15.369095,-0.018500,0.000000,0.000000,0.000000,0.000000,0.000000
15.379095,-0.018500,0.000000,0.000000,0.000000,0.000000,0.000000
15.389095,-0.020500,0.000000,0.000000,0.000000,0.000000,0.000000
15.399095,-0.020500,0.000000,0.000000,0.000000,0.000000,0.000000
15.409095,-0.020500,0.000000,0.000000,0.000000,0.000000,0.000000
15.419095,-0.020500,0.000000,0.000000,0.000000,0.000000,0.000000
15.429095,-0.022500,0.000000,0.000000,0.000000,0.000000,0.000000
15.439095,-0.022500,0.000000,0.000000,0.000000,0.000000,0.000000
15.449095,-0.022500,0.000000,0.000000,0.000000,0.000000,0.000000
15.459095,-0.022500,0.000000,0.000000,0.000000,0.000000,0.000000
15.469095,-0.024000,0.000000,0.000000,0.000000,0.000000,0.000000
15.479095,-0.024000,0.000000,0.000000,0.000000,0.000000,0.000000
15.489095,-0.024000,0.000000,0.000000,0.000000,0.000000,0.000000
15.499095,-0.025000,0.000000,0.000000,0.000000,0.000000,0.000000
15.509095,-0.025000,0.000000,0.000000,0.000000,0.000000,0.000000
15.519095,-0.026500,0.000000,0.000000,0.000000,0.000000,0.000000
15.529095,-0.026500,0.000000,0.000000,0.000000,0.000000,0.000000
15.539095,-0.026500,0.000000,0.000000,0.000000,0.000000,0.000000
15.549095,-0.028000,0.000000,0.000000,0.000000,0.000000,0.000000
15.559095,-0.028000,0.000000,0.000000,0.000000,0.000000,0.000000
15.569095,-0.029500,0.000000,0.000000,0.000000,0.000000,0.000000
15.579095,-0.029500,0.000000,0.000000,0.000000,0.000000,0.000000
15.589095,-0.029500,0.000000,0.000000,0.000000,0.000000,0.000000
15.599095,-0.031000,0.000000,0.000000,0.000000,0.000000,0.000000
15.609095,-0.031000,0.000000,0.000000,0.000000,0.000000,0.000000
15.619095,-0.031000,0.000000,0.000000,0.000000,0.000000,0.000000
15.629095,-0.031000,0.000000,0.000000,0.000000,0.000000,0.000000
15.639095,-0.032500,0.000000,0.000000,0.000000,0.000000,0.000000
15.649095,-0.032500,0.000000,0.000000,0.000000,0.000000,0.000000
15.659095,-0.032500,0.000000,0.000000,0.000000,0.000000,0.000000
15.669095,-0.034000,0.000000,0.000000,0.000000,0.000000,0.000000
15.679095,-0.034000,0.000000,0.000000,0.000000,0.000000,0.000000
15.689095,-0.035000,0.000000,0.000000,0.000000,0.000000,0.000000
15.699095,-0.035000,0.000000,0.000000,0.000000,0.000000,0.000000
15.709095,-0.035000,0.000000,0.000000,0.000000,0.000000,0.000000
15.719095,-0.037000,0.000000,0.000000,0.000000,0.000000,0.000000
15.729095,-0.037000,0.000000,0.000000,0.000000,0.000000,0.000000
15.739095,-0.037000,0.000000,0.000000,0.000000,0.000000,0.000000
15.749095,-0.037000,0.000000,0.000000,0.000000,0.000000,0.000000
15.759095,-0.038500,0.000000,0.000000,0.000000,0.000000,0.000000
15.769095,-0.038500,0.000000,0.000000,0.000000,0.000000,0.000000
15.779095,-0.038500,0.000000,0.000000,0.000000,0.000000,0.000000
15.789095,-0.039500,0.000000,0.000000,0.000000,0.000000,0.000000
15.799095,-0.039500,0.000000,0.000000,0.000000,0.000000,0.000000
15.809095,-0.041000,0.000000,0.000000,0.000000,0.000000,0.000000
15.819095,-0.041000,0.000000,0.000000,0.000000,0.000000,0.000000
15.829095,-0.041000,0.000000,0.000000,0.000000,0.000000,0.000000
15.839095,-0.043000,0.000000,0.000000,0.000000,0.000000,0.000000
15.849095,-0.043000,0.000000,0.000000,0.000000,0.000000,0.000000
15.859095,-0.043000,0.000000,0.000000,0.000000,0.000000,0.000000
15.869095,-0.044500,0.000000,0.000000,0.000000,0.000000,0.000000
15.879095,-0.044500,0.000000,0.000000,0.000000,0.000000,0.000000
15.889095,-0.044500,0.000000,0.000000,0.000000,0.000000,0.000000
15.899095,-0.045500,0.000000,0.000000,0.000000,0.000000,0.000000
15.909095,-0.045500,0.000000,0.000000,0.000000,0.000000,0.000000
15.919095,-0.047000,0.000000,0.000000,0.000000,0.000000,0.000000
15.929095,-0.047000,0.000000,0.000000,0.000000,0.000000,0.000000
15.939095,-0.047000,0.000000,0.000000,0.000000,0.000000,0.000000
15.949095,-0.047000,0.000000,0.000000,0.000000,0.000000,0.000000
15.959095,-0.048500,0.000000,0.000000,0.000000,0.000000,0.000000
15.969095,-0.048500,0.000000,0.000000,0.000000,0.000000,0.000000
15.979095,-0.048500,0.000000,0.000000,0.000000,0.000000,0.000000
15.989095,-0.049500,0.000000,0.000000,0.000000,0.000000,0.000000
15.999095,-0.051500,0.000000,0.000000,0.000000,0.000000,0.000000
16.009095,-0.051500,0.000000,0.000000,0.000000,0.000000,0.000000
16.019095,-0.051500,0.000000,0.000000,0.000000,0.000000,0.000000
16.029095,-0.051500,0.000000,0.000000,0.000000,0.000000,0.000000
16.039095,-0.051500,0.000000,0.000000,0.000000,0.000000,0.000000
16.049095,-0.053000,0.000000,0.000000,0.000000,0.000000,0.000000
16.059095,-0.053000,0.000000,0.000000,0.000000,0.000000,0.000000
16.069095,-0.053000,0.000000,0.000000,0.000000,0.000000,0.000000
16.079095,-0.054500,0.000000,0.000000,0.000000,0.000000,0.000000
16.089095,-0.054500,0.000000,0.000000,0.000000,0.000000,0.000000
16.099095,-0.054500,0.000000,0.000000,0.000000,0.000000,0.000000
16.109095,-0.055500,0.000000,0.000000,0.000000,0.000000,0.000000
16.119095,-0.055500,0.000000,0.000000,0.000000,0.000000,0.000000
16.129095,-0.057000,0.000000,0.000000,0.000000,0.000000,0.000000
16.139095,-0.057000,0.000000,0.000000,0.000000,0.000000,0.000000
16.149095,-0.057000,0.000000,0.000000,0.000000,0.000000,0.000000
16.159095,-0.058000,0.000000,0.000000,0.000000,0.000000,0.000000
16.169095,-0.058000,0.000000,0.000000,0.000000,0.000000,0.000000
16.179095,-0.059500,0.000000,0.000000,0.000000,0.000000,0.000000
16.189095,-0.059500,0.000000,0.000000,0.000000,0.000000,0.000000
16.199095,-0.061000,0.000000,0.000000,0.000000,0.000000,0.000000
16.209095,-0.061000,0.000000,0.000000,0.000000,0.000000,0.000000
16.219095,-0.061000,0.000000,0.000000,0.000000,0.000000,0.000000
16.229095,-0.062500,0.000000,0.000000,0.000000,0.000000,0.000000
16.239095,-0.062500,0.000000,0.000000,0.000000,0.000000,0.000000
16.249095,-0.062500,0.000000,0.000000,0.000000,0.000000,0.000000
16.259095,-0.062500,0.000000,0.000000,0.000000,0.000000,0.000000
16.269095,-0.063500,0.000000,0.000000,0.000000,0.000000,0.000000
16.279095,-0.065500,0.000000,0.000000,0.000000,0.000000,0.000000
16.289095,-0.065500,0.000000,0.000000,0.000000,0.000000,0.000000
16.299095,-0.065500,0.000000,0.000000,0.000000,0.000000,0.000000
16.309095,-0.065500,0.000000,0.000000,0.000000,0.000000,0.000000
16.319095,-0.066500,0.000000,0.000000,0.000000,0.000000,0.000000
16.329095,-0.066500,0.000000,0.000000,0.000000,0.000000,0.000000
16.339095,-0.068000,0.000000,0.000000,0.000000,0.000000,0.000000
16.349095,-0.068000,0.000000,0.000000,0.000000,0.000000,0.000000
16.359095,-0.068000,0.000000,0.000000,0.000000,0.000000,0.000000
16.369095,-0.069500,0.000000,0.000000,0.000000,0.000000,0.000000
16.379095,-0.069500,0.000000,0.000000,0.000000,0.000000,0.000000
16.389095,-0.069500,0.000000,0.000000,0.000000,0.000000,0.000000
16.399095,-0.069500,0.000000,0.000000,0.000000,0.000000,0.000000
16.409095,-0.070500,0.000000,0.000000,0.000000,0.000000,0.000000
16.419095,-0.071500,0.000000,0.000000,0.000000,0.000000,0.000000
16.429095,-0.071500,0.000000,0.000000,0.000000,0.000000,0.000000
16.439095,-0.073000,0.000000,0.000000,0.000000,0.000000,0.000000
16.449095,-0.073000,0.000000,0.000000,0.000000,0.000000,0.000000
16.459095,-0.073000,0.000000,0.000000,0.000000,0.000000,0.000000
16.469095,-0.074500,0.000000,0.000000,0.000000,0.000000,0.000000
16.479095,-0.074500,0.000000,0.000000,0.000000,0.000000,0.000000
16.489095,-0.074500,0.000000,0.000000,0.000000,0.000000,0.000000
16.499095,-0.075500,0.000000,0.000000,0.000000,0.000000,0.000000
16.509095,-0.075500,0.000000,0.000000,0.000000,0.000000,0.000000
16.519095,-0.077000,0.000000,0.000000,0.000000,0.000000,0.000000
16.529095,-0.077000,0.000000,0.000000,0.000000,0.000000,0.000000
16.539095,-0.077000,0.000000,0.000000,0.000000,0.000000,0.000000
16.549095,-0.077000,0.000000,0.000000,0.000000,0.000000,0.000000
16.559095,-0.078500,0.000000,0.000000,0.000000,0.000000,0.000000
16.569095,-0.078500,0.000000,0.000000,0.000000,0.000000,0.000000
16.579095,-0.078500,0.000000,0.000000,0.000000,0.000000,0.000000
16.589095,-0.080000,0.000000,0.000000,0.000000,0.000000,0.000000
16.599095,-0.080000,0.000000,0.000000,0.000000,0.000000,0.000000
16.609095,-0.081000,0.000000,0.000000,0.000000,0.000000,0.000000
16.619095,-0.081000,0.000000,0.000000,0.000000,0.000000,0.000000
16.629095,-0.082500,0.000000,0.000000,0.000000,0.000000,0.000000
16.639095,-0.082500,0.000000,0.000000,0.000000,0.000000,0.000000
16.649095,-0.082500,0.000000,0.000000,0.000000,0.000000,0.000000
16.659095,-0.084000,0.000000,0.000000,0.000000,0.000000,0.000000
16.669095,-0.084000,0.000000,0.000000,0.000000,0.000000,0.000000
16.679095,-0.084000,0.000000,0.000000,0.000000,0.000000,0.000000
16.689095,-0.086000,0.000000,0.000000,0.000000,0.000000,0.000000
16.699095,-0.086000,0.000000,0.000000,0.000000,0.000000,0.000000
16.709095,-0.086000,0.000000,0.000000,0.000000,0.000000,0.000000
16.719095,-0.086000,0.000000,0.000000,0.000000,0.000000,0.000000
16.729095,-0.086000,0.000000,0.000000,0.000000,0.000000,0.000000
16.739095,-0.087500,0.000000,0.000000,0.000000,0.000000,0.000000
16.749095,-0.087500,0.000000,0.000000,0.000000,0.000000,0.000000
16.759095,-0.087500,0.000000,0.000000,0.000000,0.000000,0.000000
16.769095,-0.089000,0.000000,0.000000,0.000000,0.000000,0.000000
16.779095,-0.089000,0.000000,0.000000,0.000000,0.000000,0.000000
16.789095,-0.090000,0.000000,0.000000,0.000000,0.000000,0.000000
16.799095,-0.090000,0.000000,0.000000,0.000000,0.000000,0.000000
16.809095,-0.092000,0.000000,0.000000,0.000000,0.000000,0.000000
16.819095,-0.092000,0.000000,0.000000,0.000000,0.000000,0.000000
16.829095,-0.092000,0.000000,0.000000,0.000000,0.000000,0.000000
16.839095,-0.092000,0.000000,0.000000,0.000000,0.000000,0.000000
16.849095,-0.093000,0.000000,0.000000,0.000000,0.000000,0.000000
16.859095,-0.093000,0.000000,0.000000,0.000000,0.000000,0.000000
16.869095,-0.094000,0.000000,0.000000,0.000000,0.000000,0.000000
16.879095,-0.094000,0.000000,0.000000,0.000000,0.000000,0.000000
16.889095,-0.095500,0.000000,0.000000,0.000000,0.000000,0.000000
16.899095,-0.095500,0.000000,0.000000,0.000000,0.000000,0.000000
16.909095,-0.095500,0.000000,0.000000,0.000000,0.000000,0.000000
16.919095,-0.097000,0.000000,0.000000,0.000000,0.000000,0.000000
16.929095,-0.097000,0.000000,0.000000,0.000000,0.000000,0.000000
16.939095,-0.097000,0.000000,0.000000,0.000000,0.000000,0.000000
16.949095,-0.098500,0.000000,0.000000,0.000000,0.000000,0.000000
16.959095,-0.098500,0.000000,0.000000,0.000000,0.000000,0.000000
16.969095,-0.098500,0.000000,0.000000,0.000000,0.000000,0.000000
16.979095,-0.098500,0.000000,0.000000,0.000000,0.000000,0.000000
16.989095,-0.100000,0.000000,0.000000,0.000000,0.000000,0.000000
16.999095,-0.100000,0.000000,0.000000,0.000000,0.000000,0.000000
17.009095,-0.098500,0.000000,0.000000,0.000000,0.000000,0.000000
17.019095,-0.098500,0.000000,0.000000,0.000000,0.000000,0.000000
17.029095,-0.098500,0.000000,0.000000,0.000000,0.000000,0.000000
17.039095,-0.097500,0.000000,0.000000,0.000000,0.000000,0.000000
17.049095,-0.097500,0.000000,0.000000,0.000000,0.000000,0.000000
17.059095,-0.096000,0.000000,0.000000,0.000000,0.000000,0.000000
17.069095,-0.096000,0.000000,0.000000,0.000000,0.000000,0.000000
17.079095,-0.096000,0.000000,0.000000,0.000000,0.000000,0.000000
17.089095,-0.094500,0.000000,0.000000,0.000000,0.000000,0.000000
17.099095,-0.094500,0.000000,0.000000,0.000000,0.000000,0.000000
17.109095,-0.094500,0.000000,0.000000,0.000000,0.000000,0.000000
17.119095,-0.093000,0.000000,0.000000,0.000000,0.000000,0.000000
17.129095,-0.093000,0.000000,0.000000,0.000000,0.000000,0.000000
17.139095,-0.093000,0.000000,0.000000,0.000000,0.000000,0.000000
17.149095,-0.093000,0.000000,0.000000,0.000000,0.000000,0.000000
17.159095,-0.092000,0.000000,0.000000,0.000000,0.000000,0.000000
17.169095,-0.090000,0.000000,0.000000,0.000000,0.000000,0.000000
17.179095,-0.090000,0.000000,0.000000,0.000000,0.000000,0.000000
17.189095,-0.090000,0.000000,0.000000,0.000000,0.000000,0.000000
17.199095,-0.090000,0.000000,0.000000,0.000000,0.000000,0.000000
17.209095,-0.088500,0.000000,0.000000,0.000000,0.000000,0.000000
17.219095,-0.088500,0.000000,0.000000,0.000000,0.000000,0.000000
17.229095,-0.088500,0.000000,0.000000,0.000000,0.000000,0.000000
17.239095,-0.087000,0.000000,0.000000,0.000000,0.000000,0.000000
17.249095,-0.087000,0.000000,0.000000,0.000000,0.000000,0.000000
17.259095,-0.087000,0.000000,0.000000,0.000000,0.000000,0.000000
17.269095,-0.087000,0.000000,0.000000,0.000000,0.000000,0.000000
17.279095,-0.086000,0.000000,0.000000,0.000000,0.000000,0.000000
17.289095,-0.086000,0.000000,0.000000,0.000000,0.000000,0.000000
17.299095,-0.084000,0.000000,0.000000,0.000000,0.000000,0.000000
17.309095,-0.084000,0.000000,0.000000,0.000000,0.000000,0.000000
17.319095,-0.084000,0.000000,0.000000,0.000000,0.000000,0.000000
17.329095,-0.084000,0.000000,0.000000,0.000000,0.000000,0.000000
17.339095,-0.083000,0.000000,0.000000,0.000000,0.000000,0.000000
17.349095,-0.083000,0.000000,0.000000,0.000000,0.000000,0.000000
17.359095,-0.081500,0.000000,0.000000,0.000000,0.000000,0.000000
17.369095,-0.081500,0.000000,0.000000,0.000000,0.000000,0.000000
17.379095,-0.081500,0.000000,0.000000,0.000000,0.000000,0.000000
17.389095,-0.080000,0.000000,0.000000,0.000000,0.000000,0.000000
17.399095,-0.080000,0.000000,0.000000,0.000000,0.000000,0.000000
17.409095,-0.080000,0.000000,0.000000,0.000000,0.000000,0.000000
17.419095,-0.078000,0.000000,0.000000,0.000000,0.000000,0.000000
17.429095,-0.078000,0.000000,0.000000,0.000000,0.000000,0.000000
17.439095,-0.078000,0.000000,0.000000,0.000000,0.000000,0.000000
17.449095,-0.078000,0.000000,0.000000,0.000000,0.000000,0.000000
17.459095,-0.076500,0.000000,0.000000,0.000000,0.000000,0.000000
17.469095,-0.076500,0.000000,0.000000,0.000000,0.000000,0.000000
17.479095,-0.075000,0.000000,0.000000,0.000000,0.000000,0.000000
17.489095,-0.075000,0.000000,0.000000,0.000000,0.000000,0.000000
17.499095,-0.075000,0.000000,0.000000,0.000000,0.000000,0.000000
17.509095,-0.075000,0.000000,0.000000,0.000000,0.000000,0.000000
17.519095,-0.073500,0.000000,0.000000,0.000000,0.000000,0.000000
17.529095,-0.073500,0.000000,0.000000,0.000000,0.000000,0.000000
17.539095,-0.073500,0.000000,0.000000,0.000000,0.000000,0.000000
17.549095,-0.072000,0.000000,0.000000,0.000000,0.000000,0.000000
17.559095,-0.072000,0.000000,0.000000,0.000000,0.000000,0.000000
17.569095,-0.070500,0.000000,0.000000,0.000000,0.000000,0.000000
17.579095,-0.070500,0.000000,0.000000,0.000000,0.000000,0.000000
17.589095,-0.070500,0.000000,0.000000,0.000000,0.000000,0.000000
17.599095,-0.069500,0.000000,0.000000,0.000000,0.000000,0.000000
17.609095,-0.069500,0.000000,0.000000,0.000000,0.000000,0.000000
17.619095,-0.068000,0.000000,0.000000,0.000000,0.000000,0.000000
17.629095,-0.068000,0.000000,0.000000,0.000000,0.000000,0.000000
17.639095,-0.068000,0.000000,0.000000,0.000000,0.000000,0.000000
17.649095,-0.068000,0.000000,0.000000,0.000000,0.000000,0.000000
17.659095,-0.066000,0.000000,0.000000,0.000000,0.000000,0.000000
17.669095,-0.066000,0.000000,0.000000,0.000000,0.000000,0.000000
17.679095,-0.066000,0.000000,0.000000,0.000000,0.000000,0.000000
17.689095,-0.065000,0.000000,0.000000,0.000000,0.000000,0.000000
17.699095,-0.065000,0.000000,0.000000,0.000000,0.000000,0.000000
17.709095,-0.063500,0.000000,0.000000,0.000000,0.000000,0.000000
17.719095,-0.063500,0.000000,0.000000,0.000000,0.000000,0.000000
17.729095,-0.063500,0.000000,0.000000,0.000000,0.000000,0.000000
17.739095,-0.062000,0.000000,0.000000,0.000000,0.000000,0.000000
17.749095,-0.062000,0.000000,0.000000,0.000000,0.000000,0.000000
17.759095,-0.062000,0.000000,0.000000,0.000000,0.000000,0.000000
17.769095,-0.062000,0.000000,0.000000,0.000000,0.000000,0.000000
17.779095,-0.060500,0.000000,0.000000,0.000000,0.000000,0.000000
17.789095,-0.060500,0.000000,0.000000,0.000000,0.000000,0.000000
17.799095,-0.060500,0.000000,0.000000,0.000000,0.000000,0.000000
17.809095,-0.059000,0.000000,0.000000,0.000000,0.000000,0.000000
17.819095,-0.059000,0.000000,0.000000,0.000000,0.000000,0.000000
17.829095,-0.057500,0.000000,0.000000,0.000000,0.000000,0.000000
17.839095,-0.057500,0.000000,0.000000,0.000000,0.000000,0.000000
17.849095,-0.057500,0.000000,0.000000,0.000000,0.000000,0.000000
17.859095,-0.057500,0.000000,0.000000,0.000000,0.000000,0.000000
17.869095,-0.056000,0.000000,0.000000,0.000000,0.000000,0.000000
17.879095,-0.056000,0.000000,0.000000,0.000000,0.000000,0.000000
17.889095,-0.054500,0.000000,0.000000,0.000000,0.000000,0.000000
17.899095,-0.054500,0.000000,0.000000,0.000000,0.000000,0.000000
17.909095,-0.054500,0.000000,0.000000,0.000000,0.000000,0.000000
17.919095,-0.054500,0.000000,0.000000,0.000000,0.000000,0.000000
17.929095,-0.053000,0.000000,0.000000,0.000000,0.000000,0.000000
17.939095,-0.053000,0.000000,0.000000,0.000000,0.000000,0.000000
17.949095,-0.051500,0.000000,0.000000,0.000000,0.000000,0.000000
17.959095,-0.051500,0.000000,0.000000,0.000000,0.000000,0.000000
17.969095,-0.051500,0.000000,0.000000,0.000000,0.000000,0.000000
17.979095,-0.051500,0.000000,0.000000,0.000000,0.000000,0.000000
17.989095,-0.050000,0.000000,0.000000,0.000000,0.000000,0.000000
17.999095,-0.050000,0.000000,0.000000,0.000000,0.000000,0.000000
18.009095,-0.050000,0.000000,0.000000,0.000000,0.000000,0.000000
18.019095,-0.048500,0.000000,0.000000,0.000000,0.000000,0.000000
18.029095,-0.048500,0.000000,0.000000,0.000000,0.000000,0.000000
18.039095,-0.048500,0.000000,0.000000,0.000000,0.000000,0.000000
18.049095,-0.047000,0.000000,0.000000,0.000000,0.000000,0.000000
18.059095,-0.047000,0.000000,0.000000,0.000000,0.000000,0.000000
18.069095,-0.047000,0.000000,0.000000,0.000000,0.000000,0.000000
18.079095,-0.045500,0.000000,0.000000,0.000000,0.000000,0.000000
18.089095,-0.045500,0.000000,0.000000,0.000000,0.000000,0.000000
18.099095,-0.045500,0.000000,0.000000,0.000000,0.000000,0.000000
18.109095,-0.044000,0.000000,0.000000,0.000000,0.000000,0.000000
18.119095,-0.044000,0.000000,0.000000,0.000000,0.000000,0.000000
18.129095,-0.044000,0.000000,0.000000,0.000000,0.000000,0.000000
18.139095,-0.043000,0.000000,0.000000,0.000000,0.000000,0.000000
18.149095,-0.043000,0.000000,0.000000,0.000000,0.000000,0.000000
18.159095,-0.041500,0.000000,0.000000,0.000000,0.000000,0.000000
18.169095,-0.041500,0.000000,0.000000,0.000000,0.000000,0.000000
18.179095,-0.041500,0.000000,0.000000,0.000000,0.000000,0.000000
18.189095,-0.040000,0.000000,0.000000,0.000000,0.000000,0.000000
18.199095,-0.040000,0.000000,0.000000,0.000000,0.000000,0.000000
18.209095,-0.040000,0.000000,0.000000,0.000000,0.000000,0.000000
18.219095,-0.038500,0.000000,0.000000,0.000000,0.000000,0.000000
18.229095,-0.038500,0.000000,0.000000,0.000000,0.000000,0.000000
18.239095,-0.038500,0.000000,0.000000,0.000000,0.000000,0.000000
18.249095,-0.037000,0.000000,0.000000,0.000000,0.000000,0.000000
18.259095,-0.037000,0.000000,0.000000,0.000000,0.000000,0.000000
18.269095,-0.037000,0.000000,0.000000,0.000000,0.000000,0.000000
18.279095,-0.035500,0.000000,0.000000,0.000000,0.000000,0.000000
18.289095,-0.035500,0.000000,0.000000,0.000000,0.000000,0.000000
18.299095,-0.035500,0.000000,0.000000,0.000000,0.000000,0.000000
18.309095,-0.034500,0.000000,0.000000,0.000000,0.000000,0.000000
18.319095,-0.034500,0.000000,0.000000,0.000000,0.000000,0.000000
18.329095,-0.033000,0.000000,0.000000,0.000000,0.000000,0.000000
18.339095,-0.033000,0.000000,0.000000,0.000000,0.000000,0.000000
18.349095,-0.033000,0.000000,0.000000,0.000000,0.000000,0.000000
18.359095,-0.031500,0.000000,0.000000,0.000000,0.000000,0.000000
18.369095,-0.031500,0.000000,0.000000,0.000000,0.000000,0.000000
18.379095,-0.031500,0.000000,0.000000,0.000000,0.000000,0.000000
18.389095,-0.030000,0.000000,0.000000,0.000000,0.000000,0.000000
18.399095,-0.030000,0.000000,0.000000,0.000000,0.000000,0.000000
18.409095,-0.028500,0.000000,0.000000,0.000000,0.000000,0.000000
18.419095,-0.028500,0.000000,0.000000,0.000000,0.000000,0.000000
18.429095,-0.028500,0.000000,0.000000,0.000000,0.000000,0.000000
18.439095,-0.028500,0.000000,0.000000,0.000000,0.000000,0.000000
18.449095,-0.027000,0.000000,0.000000,0.000000,0.000000,0.000000
18.459095,-0.027000,0.000000,0.000000,0.000000,0.000000,0.000000
18.469095,-0.025500,0.000000,0.000000,0.000000,0.000000,0.000000
18.479095,-0.025500,0.000000,0.000000,0.000000,0.000000,0.000000
18.489095,-0.025500,0.000000,0.000000,0.000000,0.000000,0.000000
18.499095,-0.023500,0.000000,0.000000,0.000000,0.000000,0.000000
18.509095,-0.023500,0.000000,0.000000,0.000000,0.000000,0.000000
18.519095,-0.023500,0.000000,0.000000,0.000000,0.000000,0.000000
18.529095,-0.023500,0.000000,0.000000,0.000000,0.000000,0.000000
18.539095,-0.022000,0.000000,0.000000,0.000000,0.000000,0.000000
18.549095,-0.022000,0.000000,0.000000,0.000000,0.000000,0.000000
18.559095,-0.022000,0.000000,0.000000,0.000000,0.000000,0.000000
18.569095,-0.020500,0.000000,0.000000,0.000000,0.000000,0.000000
18.579095,-0.020500,0.000000,0.000000,0.000000,0.000000,0.000000
18.589095,-0.020500,0.000000,0.000000,0.000000,0.000000,0.000000
18.599095,-0.019000,0.000000,0.000000,0.000000,0.000000,0.000000
18.609095,-0.019000,0.000000,0.000000,0.000000,0.000000,0.000000
18.619095,-0.019000,0.000000,0.000000,0.000000,0.000000,0.000000
18.629095,-0.019000,0.000000,0.000000,0.000000,0.000000,0.000000
18.639095,-0.017500,0.000000,0.000000,0.000000,0.000000,0.000000
18.649095,-0.017500,0.000000,0.000000,0.000000,0.000000,0.000000
18.659095,-0.017500,0.000000,0.000000,0.000000,0.000000,0.000000
18.669095,-0.016000,0.000000,0.000000,0.000000,0.000000,0.000000
18.679095,-0.016000,0.000000,0.000000,0.000000,0.000000,0.000000
18.689095,-0.014500,0.000000,0.000000,0.000000,0.000000,0.000000
18.699095,-0.014500,0.000000,0.000000,0.000000,0.000000,0.000000
18.709095,-0.014500,0.000000,0.000000,0.000000,0.000000,0.000000
18.719095,-0.013000,0.000000,0.000000,0.000000,0.000000,0.000000
18.729095,-0.013000,0.000000,0.000000,0.000000,0.000000,0.000000
18.739095,-0.013000,0.000000,0.000000,0.000000,0.000000,0.000000
18.749095,-0.011500,0.000000,0.000000,0.000000,0.000000,0.000000
18.759095,-0.011500,0.000000,0.000000,0.000000,0.000000,0.000000
18.769095,-0.011500,0.000000,0.000000,0.000000,0.000000,0.000000
18.779095,-0.010000,0.000000,0.000000,0.000000,0.000000,0.000000
18.789095,-0.010000,0.000000,0.000000,0.000000,0.000000,0.000000
18.799095,-0.010000,0.000000,0.000000,0.000000,0.000000,0.000000
18.809095,-0.010000,0.000000,0.000000,0.000000,0.000000,0.000000
18.819095,-0.008500,0.000000,0.000000,0.000000,0.000000,0.000000
18.829095,-0.008500,0.000000,0.000000,0.000000,0.000000,0.000000
18.839095,-0.007000,0.000000,0.000000,0.000000,0.000000,0.000000
18.849095,-0.007000,0.000000,0.000000,0.000000,0.000000,0.000000
18.859095,-0.007000,0.000000,0.000000,0.000000,0.000000,0.000000
18.869095,-0.005500,0.000000,0.000000,0.000000,0.000000,0.000000
18.879095,-0.005500,0.000000,0.000000,0.000000,0.000000,0.000000
18.889095,-0.005500,0.000000,0.000000,0.000000,0.000000,0.000000
18.899095,-0.004000,0.000000,0.000000,0.000000,0.000000,0.000000
18.909095,-0.004000,0.000000,0.000000,0.000000,0.000000,0.000000
18.919095,-0.004000,0.000000,0.000000,0.000000,0.000000,0.000000
18.929095,-0.004000,0.000000,0.000000,0.000000,0.000000,0.000000
18.939095,-0.002500,0.000000,0.000000,0.000000,0.000000,0.000000
18.949095,-0.002500,0.000000,0.000000,0.000000,0.000000,0.000000
18.959095,-0.000500,0.000000,0.000000,0.000000,0.000000,0.000000
18.969095,-0.000500,0.000000,0.000000,0.000000,0.000000,0.000000
18.979095,-0.000500,0.000000,0.000000,0.000000,0.000000,0.000000
18.989095,-0.000500,0.000000,0.000000,0.000000,0.000000,0.000000
18.999095,-0.000500,0.000000,0.000000,0.000000,0.000000,0.000000
19.009095,0.000000,0.000000,0.000000,0.000000,0.000000,0.000000
19.019095,0.000000,0.000000,0.000000,0.000000,0.000000,0.000000
19.029095,0.000000,0.000000,0.000000,0.000000,0.000000,0.000000
19.039095,0.000000,0.000000,0.000000,0.000000,0.000000,0.000000
19.049095,0.000000,0.000000,0.000000,0.000000,0.000000,0.000000
19.059095,0.000000,0.000000,0.000000,0.000000,0.000000,0.000000
19.069095,0.000000,0.000000,0.000000,0.000000,0.000000,0.000000
19.079095,0.000000,0.000000,0.000000,0.000000,0.000000,0.000000
19.089095,0.000000,0.000000,0.000000,0.000000,0.000000,0.000000
19.099095,0.000000,0.000000,0.000000,0.000000,0.000000,0.000000
19.109095,0.000000,0.000000,0.000000,0.000000,0.000000,0.000000
19.119095,0.000000,0.000000,0.000000,0.000000,0.000000,0.000000
19.129095,0.000000,0.000000,0.000000,0.000000,0.000000,0.000000
19.139095,0.000000,0.000000,0.000000,0.000000,0.000000,0.000000
19.149095,0.000000,0.000000,0.000000,0.000000,0.000000,0.000000
19.159095,0.000000,0.000000,0.000000,0.000000,0.000000,0.000000
19.169095,0.000000,0.000000,0.000000,0.000000,0.000000,0.000000
19.179095,0.000000,0.000000,0.000000,0.000000,0.000000,0.000000
19.189095,0.000000,0.000000,0.000000,0.000000,0.000000,0.000000
19.199095,0.000000,0.000000,0.000000,0.000000,0.000000,0.000000
19.209095,0.000000,0.000000,0.000000,0.000000,0.000000,0.000000
19.219095,0.000000,0.000000,0.000000,0.000000,0.000000,0.000000
19.229095,0.000000,0.000000,0.000000,0.000000,0.000000,0.000000
19.239095,0.000000,0.000000,0.000000,0.000000,0.000000,0.000000
19.249095,0.000000,0.000000,0.000000,0.000000,0.000000,0.000000
19.259095,0.000000,0.000000,0.000000,0.000000,0.000000,0.000000
19.269095,0.000000,0.000000,0.000000,0.000000,0.000000,0.000000
19.279095,0.000000,0.000000,0.000000,0.000000,0.000000,0.000000
19.289095,0.000000,0.000000,0.000000,0.000000,0.000000,0.000000
19.299095,0.000000,0.000000,0.000000,0.000000,0.000000,0.000000
19.309095,0.000000,0.000000,0.000000,0.000000,0.000000,0.000000
19.319095,0.000000,0.000000,0.000000,0.000000,0.000000,0.000000
19.329095,0.000000,0.000000,0.000000,0.000000,0.000000,0.000000
19.339095,0.000000,0.000000,0.000000,0.000000,0.000000,0.000000
19.349095,0.000000,0.000000,0.000000,0.000000,0.000000,0.000000
19.359095,0.000000,0.000000,0.000000,0.000000,0.000000,0.000000
19.369095,0.000000,0.000000,0.000000,0.000000,0.000000,0.000000
19.379095,0.000000,0.000000,0.000000,0.000000,0.000000,0.000000
19.389095,0.000000,0.000000,0.000000,0.000000,0.000000,0.000000
19.399095,0.000000,0.000000,0.000000,0.000000,0.000000,0.000000
19.409095,0.000000,0.000000,0.000000,0.000000,0.000000,0.000000
19.419095,0.000000,0.000000,0.000000,0.000000,0.000000,0.000000
19.429095,0.000000,0.000000,0.000000,0.000000,0.000000,0.000000
19.439095,0.000000,0.000000,0.000000,0.000000,0.000000,0.000000
19.449095,0.000000,0.000000,0.000000,0.000000,0.000000,0.000000
19.459095,0.000000,0.000000,0.000000,0.000000,0.000000,0.000000
19.469095,0.000000,0.000000,0.000000,0.000000,0.000000,0.000000
19.479095,0.000000,0.000000,0.000000,0.000000,0.000000,0.000000
19.489095,0.000000,0.000000,0.000000,0.000000,0.000000,0.000000
19.499095,0.000000,0.000000,0.000000,0.000000,0.000000,0.000000
19.509095,0.000000,0.000000,0.000000,0.000000,0.000000,0.000000
19.519095,0.000000,0.000000,0.000000,0.000000,0.000000,0.000000
19.529095,0.000000,0.000000,0.000000,0.000000,0.000000,0.000000
19.539095,0.000000,0.000000,0.000000,0.000000,0.000000,0.000000
19.549095,0.000000,0.000000,0.000000,0.000000,0.000000,0.000000
19.559095,0.000000,0.000000,0.000000,0.000000,0.000000,0.000000
19.569095,0.000000,0.000000,0.000000,0.000000,0.000000,0.000000
19.579095,0.000000,0.000000,0.000000,0.000000,0.000000,0.000000
19.589095,0.000000,0.000000,0.000000,0.000000,0.000000,0.000000
19.599095,0.000000,0.000000,0.000000,0.000000,0.000000,0.000000
19.609095,0.000000,0.000000,0.000000,0.000000,0.000000,0.000000
19.619095,0.000000,0.000000,0.000000,0.000000,0.000000,0.000000
19.629095,0.000000,0.000000,0.000000,0.000000,0.000000,0.000000
19.639095,0.000000,0.000000,0.000000,0.000000,0.000000,0.000000
19.649095,0.000000,0.000000,0.000000,0.000000,0.000000,0.000000
19.659095,0.000000,0.000000,0.000000,0.000000,0.000000,0.000000
19.669095,0.000000,0.000000,0.000000,0.000000,0.000000,0.000000
19.679095,0.000000,0.000000,0.000000,0.000000,0.000000,0.000000
19.689095,0.000000,0.000000,0.000000,0.000000,0.000000,0.000000
19.699095,0.000000,0.000000,0.000000,0.000000,0.000000,0.000000
19.709095,0.000000,0.000000,0.000000,0.000000,0.000000,0.000000
19.719095,0.000000,0.000000,0.000000,0.000000,0.000000,0.000000
19.729095,0.000000,0.000000,0.000000,0.000000,0.000000,0.000000
19.739095,0.000000,0.000000,0.000000,0.000000,0.000000,0.000000
19.749095,0.000000,0.000000,0.000000,0.000000,0.000000,0.000000
19.759095,0.000000,0.000000,0.000000,0.000000,0.000000,0.000000
19.769095,0.000000,0.000000,0.000000,0.000000,0.000000,0.000000
19.779095,0.000000,0.000000,0.000000,0.000000,0.000000,0.000000
19.789095,0.000000,0.000000,0.000000,0.000000,0.000000,0.000000
19.799095,0.000000,0.000000,0.000000,0.000000,0.000000,0.000000
19.809095,0.000000,0.000000,0.000000,0.000000,0.000000,0.000000
19.819095,0.000000,0.000000,0.000000,0.000000,0.000000,0.000000
19.829095,0.000000,0.000000,0.000000,0.000000,0.000000,0.000000
19.839095,0.000000,0.000000,0.000000,0.000000,0.000000,0.000000
19.849095,0.000000,0.000000,0.000000,0.000000,0.000000,0.000000
19.859095,0.000000,0.000000,0.000000,0.000000,0.000000,0.000000
19.869095,0.000000,0.000000,0.000000,0.000000,0.000000,0.000000
19.879095,0.000000,0.000000,0.000000,0.000000,0.000000,0.000000
19.889095,0.000000,0.000000,0.000000,0.000000,0.000000,0.000000
19.899095,0.000000,0.000000,0.000000,0.000000,0.000000,0.000000
19.909095,0.000000,0.000000,0.000000,0.000000,0.000000,0.000000
19.919095,0.000000,0.000000,0.000000,0.000000,0.000000,0.000000
19.929095,0.000000,0.000000,0.000000,0.000000,0.000000,0.000000
19.939095,0.000000,0.000000,0.000000,0.000000,0.000000,0.000000
19.949095,0.000000,0.000000,0.000000,0.000000,0.000000,0.000000
19.959095,0.000000,0.000000,0.000000,0.000000,0.000000,0.000000
19.969095,0.000000,0.000000,0.000000,0.000000,0.000000,0.000000
19.979095,0.000000,0.000000,0.000000,0.000000,0.000000,0.000000
19.989095,0.000000,0.000000,0.000000,0.000000,0.000000,0.000000
19.999095,0.000000,0.000000,0.000000,0.000000,0.000000,0.000000
20.009095,0.000000,0.000000,0.000000,0.000000,0.000000,0.000000
20.019095,0.000000,0.000000,0.000000,0.000000,0.000000,0.000000
20.029095,0.000000,0.000000,0.000000,0.000000,0.000000,0.000000
20.039095,0.000000,0.000000,0.000000,0.000000,0.000000,0.000000
20.049095,0.000000,0.000000,0.000000,0.000000,0.000000,0.000000
20.059095,0.000000,0.000000,0.000000,0.000000,0.000000,0.000000
20.069095,0.000000,0.000000,0.000000,0.000000,0.000000,0.000000
20.079095,0.000000,0.000000,0.000000,0.000000,0.000000,0.000000
20.089095,0.000000,0.000000,0.000000,0.000000,0.000000,0.000000
20.099095,0.000000,0.000000,0.000000,0.000000,0.000000,0.000000
20.109095,0.000000,0.000000,0.000000,0.000000,0.000000,0.000000
20.119095,0.000000,0.000000,0.000000,0.000000,0.000000,0.000000
20.129095,0.000000,0.000000,0.000000,0.000000,0.000000,0.000000
20.139095,0.000000,0.000000,0.000000,0.000000,0.000000,0.000000
20.149095,0.000000,0.000000,0.000000,0.000000,0.000000,0.000000
20.159095,0.000000,0.000000,0.000000,0.000000,0.000000,0.000000
20.169095,0.000000,0.000000,0.000000,0.000000,0.000000,0.000000
20.179095,0.000000,0.000000,0.000000,0.000000,0.000000,0.000000
20.189095,0.000000,0.000000,0.000000,0.000000,0.000000,0.000000
20.199095,0.000000,0.000000,0.000000,0.000000,0.000000,0.000000
20.209095,0.000000,0.000000,0.000000,0.000000,0.000000,0.000000
20.219095,0.000000,0.000000,0.000000,0.000000,0.000000,0.000000
20.229095,0.000000,0.000000,0.000000,0.000000,0.000000,0.000000
20.239095,0.000000,0.000000,0.000000,0.000000,0.000000,0.000000
20.249095,0.000000,0.000000,0.000000,0.000000,0.000000,0.000000
20.259095,0.000000,0.000000,0.000000,0.000000,0.000000,0.000000
20.269095,0.000000,0.000000,0.000000,0.000000,0.000000,0.000000
20.279095,0.000000,0.000000,0.000000,0.000000,0.000000,0.000000
20.289095,0.000000,0.000000,0.000000,0.000000,0.000000,0.000000
20.299095,0.000000,0.000000,0.000000,0.000000,0.000000,0.000000
20.309095,0.000000,0.000000,0.000000,0.000000,0.000000,0.000000
20.319095,0.000000,0.000000,0.000000,0.000000,0.000000,0.000000
20.329095,0.000000,0.000000,0.000000,0.000000,0.000000,0.000000
20.339095,0.000000,0.000000,0.000000,0.000000,0.000000,0.000000
20.349095,0.000000,0.000000,0.000000,0.000000,0.000000,0.000000
20.359095,0.000000,0.000000,0.000000,0.000000,0.000000,0.000000
20.369095,0.000000,0.000000,0.000000,0.000000,0.000000,0.000000
20.379095,0.000000,0.000000,0.000000,0.000000,0.000000,0.000000
20.389095,0.000000,0.000000,0.000000,0.000000,0.000000,0.000000
20.399095,0.000000,0.000000,0.000000,0.000000,0.000000,0.000000
20.409095,0.000000,0.000000,0.000000,0.000000,0.000000,0.000000
20.419095,0.000000,0.000000,0.000000,0.000000,0.000000,0.000000
20.429095,0.000000,0.000000,0.000000,0.000000,0.000000,0.000000
20.439095,0.000000,0.000000,0.000000,0.000000,0.000000,0.000000
20.449095,0.000000,0.000000,0.000000,0.000000,0.000000,0.000000
20.459095,0.000000,0.000000,0.000000,0.000000,0.000000,0.000000
20.469095,0.000000,0.000000,0.000000,0.000000,0.000000,0.000000
20.479095,0.000000,0.000000,0.000000,0.000000,0.000000,0.000000
20.489095,0.000000,0.000000,0.000000,0.000000,0.000000,0.000000
20.499095,0.000000,0.000000,0.000000,0.000000,0.000000,0.000000
20.509095,0.000000,0.000000,0.000000,0.000000,0.000000,0.000000
20.519095,0.000000,0.000000,0.000000,0.000000,0.000000,0.000000
20.529095,0.000000,0.000000,0.000000,0.000000,0.000000,0.000000
20.539095,0.000000,0.000000,0.000000,0.000000,0.000000,0.000000
20.549095,0.000000,0.000000,0.000000,0.000000,0.000000,0.000000
20.559095,0.000000,0.000000,0.000000,0.000000,0.000000,0.000000
20.569095,0.000000,0.000000,0.000000,0.000000,0.000000,0.000000
20.579095,0.000000,0.000000,0.000000,0.000000,0.000000,0.000000
20.589095,0.000000,0.000000,0.000000,0.000000,0.000000,0.000000
20.599095,0.000000,0.000000,0.000000,0.000000,0.000000,0.000000
20.609095,0.000000,0.000000,0.000000,0.000000,0.000000,0.000000
20.619095,0.000000,0.000000,0.000000,0.000000,0.000000,0.000000
20.629095,0.000000,0.000000,0.000000,0.000000,0.000000,0.000000
20.639095,0.000000,0.000000,0.000000,0.000000,0.000000,0.000000
20.649095,0.000000,0.000000,0.000000,0.000000,0.000000,0.000000
20.659095,0.000000,0.000000,0.000000,0.000000,0.000000,0.000000
20.669095,0.000000,0.000000,0.000000,0.000000,0.000000,0.000000
20.679095,0.000000,0.000000,0.000000,0.000000,0.000000,0.000000
20.689095,0.000000,0.000000,0.000000,0.000000,0.000000,0.000000
20.699095,0.000000,0.000000,0.000000,0.000000,0.000000,0.000000
20.709095,0.000000,0.000000,0.000000,0.000000,0.000000,0.000000
20.719095,0.000000,0.000000,0.000000,0.000000,0.000000,0.000000
20.729095,0.000000,0.000000,0.000000,0.000000,0.000000,0.000000
20.739095,0.000000,0.000000,0.000000,0.000000,0.000000,0.000000
20.749095,0.000000,0.000000,0.000000,0.000000,0.000000,0.000000
20.759095,0.000000,0.000000,0.000000,0.000000,0.000000,0.000000
20.769095,0.000000,0.000000,0.000000,0.000000,0.000000,0.000000
20.779095,0.000000,0.000000,0.000000,0.000000,0.000000,0.000000
20.789095,0.000000,0.000000,0.000000,0.000000,0.000000,0.000000
20.799095,0.000000,0.000000,0.000000,0.000000,0.000000,0.000000
20.809095,0.000000,0.000000,0.000000,0.000000,0.000000,0.000000
20.819095,0.000000,0.000000,0.000000,0.000000,0.000000,0.000000
20.829095,0.000000,0.000000,0.000000,0.000000,0.000000,0.000000
20.839095,0.000000,0.000000,0.000000,0.000000,0.000000,0.000000
20.849095,0.000000,0.000000,0.000000,0.000000,0.000000,0.000000
20.859095,0.000000,0.000000,0.000000,0.000000,0.000000,0.000000
20.869095,0.000000,0.000000,0.000000,0.000000,0.000000,0.000000
20.879095,0.000000,0.000000,0.000000,0.000000,0.000000,0.000000
20.889095,0.000000,0.000000,0.000000,0.000000,0.000000,0.000000
20.899095,0.000000,0.000000,0.000000,0.000000,0.000000,0.000000
20.909095,0.000000,0.000000,0.000000,0.000000,0.000000,0.000000
20.919095,0.000000,0.000000,0.000000,0.000000,0.000000,0.000000
20.929095,0.000000,0.000000,0.000000,0.000000,0.000000,0.000000
20.939095,0.000000,0.000000,0.000000,0.000000,0.000000,0.000000
20.949095,0.000000,0.000000,0.000000,0.000000,0.000000,0.000000
20.959095,0.000000,0.000000,0.000000,0.000000,0.000000,0.000000
20.969095,0.000000,0.000000,0.000000,0.000000,0.000000,0.000000
20.979095,0.000000,0.000000,0.000000,0.000000,0.000000,0.000000
20.989095,0.000000,0.000000,0.000000,0.000000,0.000000,0.000000
20.999095,0.000000,0.000000,0.000000,0.000000,0.000000,0.000000
21.009095,0.000000,0.000000,0.000000,0.000000,0.000000,0.000000
21.019095,0.000000,0.000000,0.000000,0.000000,0.000000,0.000000
21.029095,0.000000,0.000000,0.000000,0.000000,0.000000,0.000000
21.039095,0.000000,0.000000,0.000000,0.000000,0.000000,0.000000
21.049095,0.000000,0.000000,0.000000,0.000000,0.000000,0.000000
21.059095,0.000000,0.000000,0.000000,0.000000,0.000000,0.000000
21.069095,0.000000,0.000000,0.000000,0.000000,0.000000,0.000000
21.079095,0.000000,0.000000,0.000000,0.000000,0.000000,0.000000
21.089095,0.000000,0.000000,0.000000,0.000000,0.000000,0.000000
21.099095,0.000000,0.000000,0.000000,0.000000,0.000000,0.000000
21.109095,0.000000,0.000000,0.000000,0.000000,0.000000,0.000000
21.119095,0.000000,0.000000,0.000000,0.000000,0.000000,0.000000
21.129095,0.000000,0.000000,0.000000,0.000000,0.000000,0.000000
21.139095,0.000000,0.000000,0.000000,0.000000,0.000000,0.000000
21.149095,0.000000,0.000000,0.000000,0.000000,0.000000,0.000000
21.159095,0.000000,0.000000,0.000000,0.000000,0.000000,0.000000
21.169095,0.000000,0.000000,0.000000,0.000000,0.000000,0.000000
21.179095,0.000000,0.000000,0.000000,0.000000,0.000000,0.000000
21.189095,0.000000,0.000000,0.000000,0.000000,0.000000,0.000000
21.199095,0.000000,0.000000,0.000000,0.000000,0.000000,0.000000
21.209095,0.000000,0.000000,0.000000,0.000000,0.000000,0.000000
21.219095,0.000000,0.000000,0.000000,0.000000,0.000000,0.000000
21.229095,0.000000,0.000000,0.000000,0.000000,0.000000,0.000000
21.239095,0.000000,0.000000,0.000000,0.000000,0.000000,0.000000
21.249095,0.000000,0.000000,0.000000,0.000000,0.000000,0.000000
21.259095,0.000000,0.000000,0.000000,0.000000,0.000000,0.000000
21.269095,0.000000,0.000000,0.000000,0.000000,0.000000,0.000000
21.279095,0.000000,0.000000,0.000000,0.000000,0.000000,0.000000
21.289095,0.000000,0.000000,0.000000,0.000000,0.000000,0.000000
21.299095,0.000000,0.000000,0.000000,0.000000,0.000000,0.000000
21.309095,0.000000,0.000000,0.000000,0.000000,0.000000,0.000000
21.319095,0.000000,0.000000,0.000000,0.000000,0.000000,0.000000
21.329095,0.000000,0.000000,0.000000,0.000000,0.000000,0.000000
21.339095,0.000000,0.000000,0.000000,0.000000,0.000000,0.000000
21.349095,0.000000,0.000000,0.000000,0.000000,0.000000,0.000000
21.359095,0.000000,0.000000,0.000000,0.000000,0.000000,0.000000
21.369095,0.000000,0.000000,0.000000,0.000000,0.000000,0.000000
21.379095,0.000000,0.000000,0.000000,0.000000,0.000000,0.000000
21.389095,0.000000,0.000000,0.000000,0.000000,0.000000,0.000000
21.399095,0.000000,0.000000,0.000000,0.000000,0.000000,0.000000
21.409095,0.000000,0.000000,0.000000,0.000000,0.000000,0.000000
21.419095,0.000000,0.000000,0.000000,0.000000,0.000000,0.000000
21.429095,0.000000,0.000000,0.000000,0.000000,0.000000,0.000000
21.439095,0.000000,0.000000,0.000000,0.000000,0.000000,0.000000
21.449095,0.000000,0.000000,0.000000,0.000000,0.000000,0.000000
21.459095,0.000000,0.000000,0.000000,0.000000,0.000000,0.000000
21.469095,0.000000,0.000000,0.000000,0.000000,0.000000,0.000000
21.479095,0.000000,0.000000,0.000000,0.000000,0.000000,0.000000
21.489095,0.000000,0.000000,0.000000,0.000000,0.000000,0.000000
21.499095,0.000000,0.000000,0.000000,0.000000,0.000000,0.000000
21.509095,0.000000,0.000000,0.000000,0.000000,0.000000,0.000000
21.519095,0.000000,0.000000,0.000000,0.000000,0.000000,0.000000
21.529095,0.000000,0.000000,0.000000,0.000000,0.000000,0.000000
21.539095,0.000000,0.000000,0.000000,0.000000,0.000000,0.000000
21.549095,0.000000,0.000000,0.000000,0.000000,0.000000,0.000000
21.559095,0.000000,0.000000,0.000000,0.000000,0.000000,0.000000
21.569095,0.000000,0.000000,0.000000,0.000000,0.000000,0.000000
21.579095,0.000000,0.000000,0.000000,0.000000,0.000000,0.000000
21.589095,0.000000,0.000000,0.000000,0.000000,0.000000,0.000000
21.599095,0.000000,0.000000,0.000000,0.000000,0.000000,0.000000
21.609095,0.000000,0.000000,0.000000,0.000000,0.000000,0.000000
21.619095,0.000000,0.000000,0.000000,0.000000,0.000000,0.000000
21.629095,0.000000,0.000000,0.000000,0.000000,0.000000,0.000000
21.639095,0.000000,0.000000,0.000000,0.000000,0.000000,0.000000
21.649095,0.000000,0.000000,0.000000,0.000000,0.000000,0.000000
21.659095,0.000000,0.000000,0.000000,0.000000,0.000000,0.000000
21.669095,0.000000,0.000000,0.000000,0.000000,0.000000,0.000000
21.679095,0.000000,0.000000,0.000000,0.000000,0.000000,0.000000
21.689095,0.000000,0.000000,0.000000,0.000000,0.000000,0.000000
21.699095,0.000000,0.000000,0.000000,0.000000,0.000000,0.000000
21.709095,0.000000,0.000000,0.000000,0.000000,0.000000,0.000000
21.719095,0.000000,0.000000,0.000000,0.000000,0.000000,0.000000
21.729095,0.000000,0.000000,0.000000,0.000000,0.000000,0.000000
21.739095,0.000000,0.000000,0.000000,0.000000,0.000000,0.000000
21.749095,0.000000,0.000000,0.000000,0.000000,0.000000,0.000000
21.759095,0.000000,0.000000,0.000000,0.000000,0.000000,0.000000
21.769095,0.000000,0.000000,0.000000,0.000000,0.000000,0.000000
21.779095,0.000000,0.000000,0.000000,0.000000,0.000000,0.000000
21.789095,0.000000,0.000000,0.000000,0.000000,0.000000,0.000000
21.799095,0.000000,0.000000,0.000000,0.000000,0.000000,0.000000
21.809095,0.000000,0.000000,0.000000,0.000000,0.000000,0.000000
21.819095,0.000000,0.000000,0.000000,0.000000,0.000000,0.000000
21.829095,0.000000,0.000000,0.000000,0.000000,0.000000,0.000000
21.839095,0.000000,0.000000,0.000000,0.000000,0.000000,0.000000
21.849095,0.000000,0.000000,0.000000,0.000000,0.000000,0.000000
21.859095,0.000000,0.000000,0.000000,0.000000,0.000000,0.000000
21.869095,0.000000,0.000000,0.000000,0.000000,0.000000,0.000000
21.879095,0.000000,0.000000,0.000000,0.000000,0.000000,0.000000
21.889095,0.000000,0.000000,0.000000,0.000000,0.000000,0.000000
21.899095,0.000000,0.000000,0.000000,0.000000,0.000000,0.000000
21.909095,0.000000,0.000000,0.000000,0.000000,0.000000,0.000000
21.919095,0.000000,0.000000,0.000000,0.000000,0.000000,0.000000
21.929095,0.000000,0.000000,0.000000,0.000000,0.000000,0.000000
21.939095,0.000000,0.000000,0.000000,0.000000,0.000000,0.000000
21.949095,0.000000,0.000000,0.000000,0.000000,0.000000,0.000000
21.959095,0.000000,0.000000,0.000000,0.000000,0.000000,0.000000
21.969095,0.000000,0.000000,0.000000,0.000000,0.000000,0.000000
21.979095,0.000000,0.000000,0.000000,0.000000,0.000000,0.000000
21.989095,0.000000,0.000000,0.000000,0.000000,0.000000,0.000000
21.999095,0.000000,0.000000,0.000000,0.000000,0.000000,0.000000
22.009095,0.000000,0.000000,0.000000,0.000000,0.000000,0.000000
22.019095,0.000000,0.000000,0.000000,0.000000,0.000000,0.000000
22.029095,0.000000,0.000000,0.000000,0.000000,0.000000,0.000000
22.039095,0.000000,0.000000,0.000000,0.000000,0.000000,0.000000
22.049095,0.000000,0.000000,0.000000,0.000000,0.000000,0.000000
22.059095,0.000000,0.000000,0.000000,0.000000,0.000000,0.000000
22.069095,0.000000,0.000000,0.000000,0.000000,0.000000,0.000000
22.079095,0.000000,0.000000,0.000000,0.000000,0.000000,0.000000
22.089095,0.000000,0.000000,0.000000,0.000000,0.000000,0.000000
22.099095,0.000000,0.000000,0.000000,0.000000,0.000000,0.000000
22.109095,0.000000,0.000000,0.000000,0.000000,0.000000,0.000000
22.119095,0.000000,0.000000,0.000000,0.000000,0.000000,0.000000
22.129095,0.000000,0.000000,0.000000,0.000000,0.000000,0.000000
22.139095,0.000000,0.000000,0.000000,0.000000,0.000000,0.000000
22.149095,0.000000,0.000000,0.000000,0.000000,0.000000,0.000000
22.159095,0.000000,0.000000,0.000000,0.000000,0.000000,0.000000
22.169095,0.000000,0.000000,0.000000,0.000000,0.000000,0.000000
22.179095,0.000000,0.000000,0.000000,0.000000,0.000000,0.000000
22.189095,0.000000,0.000000,0.000000,0.000000,0.000000,0.000000
22.199095,0.000000,0.000000,0.000000,0.000000,0.000000,0.000000
22.209095,0.000000,0.000000,0.000000,0.000000,0.000000,0.000000
22.219095,0.000000,0.000000,0.000000,0.000000,0.000000,0.000000
22.229095,0.000000,0.000000,0.000000,0.000000,0.000000,0.000000
22.239095,0.000000,0.000000,0.000000,0.000000,0.000000,0.000000
22.249095,0.000000,0.000000,0.000000,0.000000,0.000000,0.000000
22.259095,0.000000,0.000000,0.000000,0.000000,0.000000,0.000000
22.269095,0.000000,0.000000,0.000000,0.000000,0.000000,0.000000
22.279095,0.000000,0.000000,0.000000,0.000000,0.000000,0.000000
22.289095,0.000000,0.000000,0.000000,0.000000,0.000000,0.000000
22.299095,0.000000,0.000000,0.000000,0.000000,0.000000,0.000000
22.309095,0.000000,0.000000,0.000000,0.000000,0.000000,0.000000
22.319095,0.000000,0.000000,0.000000,0.000000,0.000000,0.000000
22.329095,0.000000,0.000000,0.000000,0.000000,0.000000,0.000000
22.339095,0.000000,0.000000,0.000000,0.000000,0.000000,0.000000
22.349095,0.000000,0.000000,0.000000,0.000000,0.000000,0.000000
22.359095,0.000000,0.000000,0.000000,0.000000,0.000000,0.000000
22.369095,0.000000,0.000000,0.000000,0.000000,0.000000,0.000000
22.379095,0.000000,0.000000,0.000000,0.000000,0.000000,0.000000
22.389095,0.000000,0.000000,0.000000,0.000000,0.000000,0.000000
22.399095,0.000000,0.000000,0.000000,0.000000,0.000000,0.000000
22.409095,0.000000,0.000000,0.000000,0.000000,0.000000,0.000000
22.419095,0.000000,0.000000,0.000000,0.000000,0.000000,0.000000
22.429095,0.000000,0.000000,0.000000,0.000000,0.000000,0.000000
22.439095,0.000000,0.000000,0.000000,0.000000,0.000000,0.000000
22.449095,0.000000,0.000000,0.000000,0.000000,0.000000,0.000000
22.459095,0.000000,0.000000,0.000000,0.000000,0.000000,0.000000
22.469095,0.000000,0.000000,0.000000,0.000000,0.000000,0.000000
22.479095,0.000000,0.000000,0.000000,0.000000,0.000000,0.000000
22.489095,0.000000,0.000000,0.000000,0.000000,0.000000,0.000000
22.499095,0.000000,0.000000,0.000000,0.000000,0.000000,0.000000
22.509095,0.000000,0.000000,0.000000,0.000000,0.000000,0.000000
22.519095,0.000000,0.000000,0.000000,0.000000,0.000000,0.000000
22.529095,0.000000,0.000000,0.000000,0.000000,0.000000,0.000000
22.539095,0.000000,0.000000,0.000000,0.000000,0.000000,0.000000
22.549095,0.000000,0.000000,0.000000,0.000000,0.000000,0.000000
22.559095,0.000000,0.000000,0.000000,0.000000,0.000000,0.000000
22.569095,0.000000,0.000000,0.000000,0.000000,0.000000,0.000000
22.579095,0.000000,0.000000,0.000000,0.000000,0.000000,0.000000
22.589095,0.000000,0.000000,0.000000,0.000000,0.000000,0.000000
22.599095,0.000000,0.000000,0.000000,0.000000,0.000000,0.000000
22.609095,0.000000,0.000000,0.000000,0.000000,0.000000,0.000000
22.619095,0.000000,0.000000,0.000000,0.000000,0.000000,0.000000
22.629095,0.000000,0.000000,0.000000,0.000000,0.000000,0.000000
22.639095,0.000000,0.000000,0.000000,0.000000,0.000000,0.000000
22.649095,0.000000,0.000000,0.000000,0.000000,0.000000,0.000000
22.659095,0.000000,0.000000,0.000000,0.000000,0.000000,0.000000
22.669095,0.000000,0.000000,0.000000,0.000000,0.000000,0.000000
22.679095,0.000000,0.000000,0.000000,0.000000,0.000000,0.000000
22.689095,0.000000,0.000000,0.000000,0.000000,0.000000,0.000000
22.699095,0.000000,0.000000,0.000000,0.000000,0.000000,0.000000
22.709095,0.000000,0.000000,0.000000,0.000000,0.000000,0.000000
22.719095,0.000000,0.000000,0.000000,0.000000,0.000000,0.000000
22.729095,0.000000,0.000000,0.000000,0.000000,0.000000,0.000000
22.739095,0.000000,0.000000,0.000000,0.000000,0.000000,0.000000
22.749095,0.000000,0.000000,0.000000,0.000000,0.000000,0.000000
22.759095,0.000000,0.000000,0.000000,0.000000,0.000000,0.000000
22.769095,0.000000,0.000000,0.000000,0.000000,0.000000,0.000000
22.779095,0.000000,0.000000,0.000000,0.000000,0.000000,0.000000
22.789095,0.000000,0.000000,0.000000,0.000000,0.000000,0.000000
22.799095,0.000000,0.000000,0.000000,0.000000,0.000000,0.000000
22.809095,0.000000,0.000000,0.000000,0.000000,0.000000,0.000000
22.819095,0.000000,0.000000,0.000000,0.000000,0.000000,0.000000
22.829095,0.000000,0.000000,0.000000,0.000000,0.000000,0.000000
22.839095,0.000000,0.000000,0.000000,0.000000,0.000000,0.000000
22.849095,0.000000,0.000000,0.000000,0.000000,0.000000,0.000000
22.859095,0.000000,0.000000,0.000000,0.000000,0.000000,0.000000
22.869095,0.000000,0.000000,0.000000,0.000000,0.000000,0.000000
22.879095,0.000000,0.000000,0.000000,0.000000,0.000000,0.000000
22.889095,0.000000,0.000000,0.000000,0.000000,0.000000,0.000000
22.899095,0.000000,0.000000,0.000000,0.000000,0.000000,0.000000
22.909095,0.000000,0.000000,0.000000,0.000000,0.000000,0.000000
22.919095,0.000000,0.000000,0.000000,0.000000,0.000000,0.000000
22.929095,0.000000,0.000000,0.000000,0.000000,0.000000,0.000000
22.939095,0.000000,0.000000,0.000000,0.000000,0.000000,0.000000
22.949095,0.000000,0.000000,0.000000,0.000000,0.000000,0.000000
22.959095,0.000000,0.000000,0.000000,0.000000,0.000000,0.000000
22.969095,0.000000,0.000000,0.000000,0.000000,0.000000,0.000000
22.979095,0.000000,0.000000,0.000000,0.000000,0.000000,0.000000
22.989095,0.000000,0.000000,0.000000,0.000000,0.000000,0.000000
22.999095,0.000000,0.000000,0.000000,0.000000,0.000000,0.000000
23.009095,0.000000,0.000000,0.000000,0.000000,0.000000,0.000000
23.019095,0.000000,0.000000,0.000000,0.000000,0.000000,0.000000
23.029095,0.000000,0.000000,0.000000,0.000000,0.000000,0.000000
23.039095,0.000000,0.000000,0.000000,0.000000,0.000000,0.000000
23.049095,0.000000,0.000000,0.000000,0.000000,0.000000,0.000000
23.059095,0.000000,0.000000,0.000000,0.000000,0.000000,0.000000
23.069095,0.000000,0.000000,0.000000,0.000000,0.000000,0.000000
23.079095,0.000000,0.000000,0.000000,0.000000,0.000000,0.000000
23.089095,0.000000,0.000000,0.000000,0.000000,0.000000,0.000000
23.099095,0.000000,0.000000,0.000000,0.000000,0.000000,0.000000
23.109095,0.000000,0.000000,0.000000,0.000000,0.000000,0.000000
23.119095,0.000000,0.000000,0.000000,0.000000,0.000000,0.000000
23.129095,0.000000,0.000000,0.000000,0.000000,0.000000,0.000000
23.139095,0.000000,0.000000,0.000000,0.000000,0.000000,0.000000
23.149095,0.000000,0.000000,0.000000,0.000000,0.000000,0.000000
23.159095,0.000000,0.000000,0.000000,0.000000,0.000000,0.000000
23.169095,0.000000,0.000000,0.000000,0.000000,0.000000,0.000000
23.179095,0.000000,0.000000,0.000000,0.000000,0.000000,0.000000
23.189095,0.000000,0.000000,0.000000,0.000000,0.000000,0.000000
23.199095,0.000000,0.000000,0.000000,0.000000,0.000000,0.000000
23.209095,0.000000,0.000000,0.000000,0.000000,0.000000,0.000000
23.219095,0.000000,0.000000,0.000000,0.000000,0.000000,0.000000
23.229095,0.000000,0.000000,0.000000,0.000000,0.000000,0.000000
23.239095,0.000000,0.000000,0.000000,0.000000,0.000000,0.000000
23.249095,0.000000,0.000000,0.000000,0.000000,0.000000,0.000000
23.259095,0.000000,0.000000,0.000000,0.000000,0.000000,0.000000
23.269095,0.000000,0.000000,0.000000,0.000000,0.000000,0.000000
23.279095,0.000000,0.000000,0.000000,0.000000,0.000000,0.000000
23.289095,0.000000,0.000000,0.000000,0.000000,0.000000,0.000000
23.299095,0.000000,0.000000,0.000000,0.000000,0.000000,0.000000
23.309095,0.000000,0.000000,0.000000,0.000000,0.000000,0.000000
23.319095,0.000000,0.000000,0.000000,0.000000,0.000000,0.000000
23.329095,0.000000,0.000000,0.000000,0.000000,0.000000,0.000000
23.339095,0.000000,0.000000,0.000000,0.000000,0.000000,0.000000
23.349095,0.000000,0.000000,0.000000,0.000000,0.000000,0.000000
23.359095,0.000000,0.000000,0.000000,0.000000,0.000000,0.000000
23.369095,0.000000,0.000000,0.000000,0.000000,0.000000,0.000000
23.379095,0.000000,0.000000,0.000000,0.000000,0.000000,0.000000
23.389095,0.000000,0.000000,0.000000,0.000000,0.000000,0.000000
23.399095,0.000000,0.000000,0.000000,0.000000,0.000000,0.000000
23.409095,0.000000,0.000000,0.000000,0.000000,0.000000,0.000000
23.419095,0.000000,0.000000,0.000000,0.000000,0.000000,0.000000
23.429095,0.000000,0.000000,0.000000,0.000000,0.000000,0.000000
23.439095,0.000000,0.000000,0.000000,0.000000,0.000000,0.000000
23.449095,0.000000,0.000000,0.000000,0.000000,0.000000,0.000000
23.459095,0.000000,0.000000,0.000000,0.000000,0.000000,0.000000
23.469095,0.000000,0.000000,0.000000,0.000000,0.000000,0.000000
23.479095,0.000000,0.000000,0.000000,0.000000,0.000000,0.000000
23.489095,0.000000,0.000000,0.000000,0.000000,0.000000,0.000000
23.499095,0.000000,0.000000,0.000000,0.000000,0.000000,0.000000
23.509095,0.000000,0.000000,0.000000,0.000000,0.000000,0.000000
23.519095,0.000000,0.000000,0.000000,0.000000,0.000000,0.000000
23.529095,0.000000,0.000000,0.000000,0.000000,0.000000,0.000000
23.539095,0.000000,0.000000,0.000000,0.000000,0.000000,0.000000
23.549095,0.000000,0.000000,0.000000,0.000000,0.000000,0.000000
23.559095,0.000000,0.000000,0.000000,0.000000,0.000000,0.000000
23.569095,0.000000,0.000000,0.000000,0.000000,0.000000,0.000000
23.579095,0.000000,0.000000,0.000000,0.000000,0.000000,0.000000
23.589095,0.000000,0.000000,0.000000,0.000000,0.000000,0.000000
23.599095,0.000000,0.000000,0.000000,0.000000,0.000000,0.000000
23.609095,0.000000,0.000000,0.000000,0.000000,0.000000,0.000000
23.619095,0.000000,0.000000,0.000000,0.000000,0.000000,0.000000
23.629095,0.000000,0.000000,0.000000,0.000000,0.000000,0.000000
23.639095,0.000000,0.000000,0.000000,0.000000,0.000000,0.000000
23.649095,0.000000,0.000000,0.000000,0.000000,0.000000,0.000000
23.659095,0.000000,0.000000,0.000000,0.000000,0.000000,0.000000
23.669095,0.000000,0.000000,0.000000,0.000000,0.000000,0.000000
23.679095,0.000000,0.000000,0.000000,0.000000,0.000000,0.000000
23.689095,0.000000,0.000000,0.000000,0.000000,0.000000,0.000000
23.699095,0.000000,0.000000,0.000000,0.000000,0.000000,0.000000
23.709095,0.000000,0.000000,0.000000,0.000000,0.000000,0.000000
23.719095,0.000000,0.000000,0.000000,0.000000,0.000000,0.000000
23.729095,0.000000,0.000000,0.000000,0.000000,0.000000,0.000000
23.739095,0.000000,0.000000,0.000000,0.000000,0.000000,0.000000
23.749095,0.000000,0.000000,0.000000,0.000000,0.000000,0.000000
23.759095,0.000000,0.000000,0.000000,0.000000,0.000000,0.000000
23.769095,0.000000,0.000000,0.000000,0.000000,0.000000,0.000000
23.779095,0.000000,0.000000,0.000000,0.000000,0.000000,0.000000
23.789095,0.000000,0.000000,0.000000,0.000000,0.000000,0.000000
23.799095,0.000000,0.000000,0.000000,0.000000,0.000000,0.000000
23.809095,0.000000,0.000000,0.000000,0.000000,0.000000,0.000000
23.819095,0.000000,0.000000,0.000000,0.000000,0.000000,0.000000
23.829095,0.000000,0.000000,0.000000,0.000000,0.000000,0.000000
23.839095,0.000000,0.000000,0.000000,0.000000,0.000000,0.000000
23.849095,0.000000,0.000000,0.000000,0.000000,0.000000,0.000000
23.859095,0.000000,0.000000,0.000000,0.000000,0.000000,0.000000
23.869095,0.000000,0.000000,0.000000,0.000000,0.000000,0.000000
23.879095,0.000000,0.000000,0.000000,0.000000,0.000000,0.000000
23.889095,0.000000,0.000000,0.000000,0.000000,0.000000,0.000000
23.899095,0.000000,0.000000,0.000000,0.000000,0.000000,0.000000
23.909095,0.000000,0.000000,0.000000,0.000000,0.000000,0.000000
23.919095,0.000000,0.000000,0.000000,0.000000,0.000000,0.000000
23.929095,0.000000,0.000000,0.000000,0.000000,0.000000,0.000000
23.939095,0.000000,0.000000,0.000000,0.000000,0.000000,0.000000
23.949095,0.000000,0.000000,0.000000,0.000000,0.000000,0.000000
23.959095,0.000000,0.000000,0.000000,0.000000,0.000000,0.000000
23.969095,0.000000,0.000000,0.000000,0.000000,0.000000,0.000000
23.979095,0.000000,0.000000,0.000000,0.000000,0.000000,0.000000
23.989095,0.000000,0.000000,0.000000,0.000000,0.000000,0.000000
23.999095,0.000000,0.000000,0.000000,0.000000,0.000000,0.000000
24.009095,0.000000,0.000000,0.000000,0.000000,0.000000,0.000000
24.019095,0.000000,0.000000,0.000000,0.000000,0.000000,0.000000
24.029095,0.000000,0.000000,0.000000,0.000000,0.000000,0.000000
24.039095,0.000000,0.000000,0.000000,0.000000,0.000000,0.000000
24.049095,0.000000,0.000000,0.000000,0.000000,0.000000,0.000000
24.059095,0.000000,0.000000,0.000000,0.000000,0.000000,0.000000
24.069095,0.000000,0.000000,0.000000,0.000000,0.000000,0.000000
24.079095,0.000000,0.000000,0.000000,0.000000,0.000000,0.000000
24.089095,0.000000,0.000000,0.000000,0.000000,0.000000,0.000000
24.099095,0.000000,0.000000,0.000000,0.000000,0.000000,0.000000
24.109095,0.000000,0.000000,0.000000,0.000000,0.000000,0.000000
24.119095,0.000000,0.000000,0.000000,0.000000,0.000000,0.000000
24.129095,0.000000,0.000000,0.000000,0.000000,0.000000,0.000000
24.139095,0.000000,0.000000,0.000000,0.000000,0.000000,0.000000
24.149095,0.000000,0.000000,0.000000,0.000000,0.000000,0.000000
24.159095,0.000000,0.000000,0.000000,0.000000,0.000000,0.000000
24.169095,0.000000,0.000000,0.000000,0.000000,0.000000,0.000000
24.179095,0.000000,0.000000,0.000000,0.000000,0.000000,0.000000
24.189095,0.000000,0.000000,0.000000,0.000000,0.000000,0.000000
24.199095,0.000000,0.000000,0.000000,0.000000,0.000000,0.000000
24.209095,0.000000,0.000000,0.000000,0.000000,0.000000,0.000000
24.219095,0.000000,0.000000,0.000000,0.000000,0.000000,0.000000
24.229095,0.000000,0.000000,0.000000,0.000000,0.000000,0.000000
24.239095,0.000000,0.000000,0.000000,0.000000,0.000000,0.000000
24.249095,0.000000,0.000000,0.000000,0.000000,0.000000,0.000000
24.259095,0.000000,0.000000,0.000000,0.000000,0.000000,0.000000
24.269095,0.000000,0.000000,0.000000,0.000000,0.000000,0.000000
24.279095,0.000000,0.000000,0.000000,0.000000,0.000000,0.000000
24.289095,0.000000,0.000000,0.000000,0.000000,0.000000,0.000000
24.299095,0.000000,0.000000,0.000000,0.000000,0.000000,0.000000
24.309095,0.000000,0.000000,0.000000,0.000000,0.000000,0.000000
24.319095,0.000000,0.000000,0.000000,0.000000,0.000000,0.000000
24.329095,0.000000,0.000000,0.000000,0.000000,0.000000,0.000000
24.339095,0.000000,0.000000,0.000000,0.000000,0.000000,0.000000
24.349095,0.000000,0.000000,0.000000,0.000000,0.000000,0.000000
24.359095,0.000000,0.000000,0.000000,0.000000,0.000000,0.000000
24.369095,0.000000,0.000000,0.000000,0.000000,0.000000,0.000000
24.379095,0.000000,0.000000,0.000000,0.000000,0.000000,0.000000
24.389095,0.000000,0.000000,0.000000,0.000000,0.000000,0.000000
24.399095,0.000000,0.000000,0.000000,0.000000,0.000000,0.000000
24.409095,0.000000,0.000000,0.000000,0.000000,0.000000,0.000000
24.419095,0.000000,0.000000,0.000000,0.000000,0.000000,0.000000
24.429095,0.000000,0.000000,0.000000,0.000000,0.000000,0.000000
24.439095,0.000000,0.000000,0.000000,0.000000,0.000000,0.000000
24.449095,0.000000,0.000000,0.000000,0.000000,0.000000,0.000000
24.459095,0.000000,0.000000,0.000000,0.000000,0.000000,0.000000
24.469095,0.000000,0.000000,0.000000,0.000000,0.000000,0.000000
24.479095,0.000000,0.000000,0.000000,0.000000,0.000000,0.000000
24.489095,0.000000,0.000000,0.000000,0.000000,0.000000,0.000000
24.499095,0.000000,0.000000,0.000000,0.000000,0.000000,0.000000
24.509095,0.000000,0.000000,0.000000,0.000000,0.000000,0.000000
24.519095,0.000000,0.000000,0.000000,0.000000,0.000000,0.000000
24.529095,0.000000,0.000000,0.000000,0.000000,0.000000,0.000000
24.539095,0.000000,0.000000,0.000000,0.000000,0.000000,0.000000
24.549095,0.000000,0.000000,0.000000,0.000000,0.000000,0.000000
24.559095,0.000000,0.000000,0.000000,0.000000,0.000000,0.000000
24.569095,0.000000,0.000000,0.000000,0.000000,0.000000,0.000000
24.579095,0.000000,0.000000,0.000000,0.000000,0.000000,0.000000
24.589095,0.000000,0.000000,0.000000,0.000000,0.000000,0.000000
24.599095,0.000000,0.000000,0.000000,0.000000,0.000000,0.000000
24.609095,0.000000,0.000000,0.000000,0.000000,0.000000,0.000000
24.619095,0.000000,0.000000,0.000000,0.000000,0.000000,0.000000
24.629095,0.000000,0.000000,0.000000,0.000000,0.000000,0.000000
24.639095,0.000000,0.000000,0.000000,0.000000,0.000000,0.000000
24.649095,0.000000,0.000000,0.000000,0.000000,0.000000,0.000000
24.659095,0.000000,0.000000,0.000000,0.000000,0.000000,0.000000
24.669095,0.000000,0.000000,0.000000,0.000000,0.000000,0.000000
24.679095,0.000000,0.000000,0.000000,0.000000,0.000000,0.000000
24.689095,0.000000,0.000000,0.000000,0.000000,0.000000,0.000000
24.699095,0.000000,0.000000,0.000000,0.000000,0.000000,0.000000
24.709095,0.000000,0.000000,0.000000,0.000000,0.000000,0.000000
24.719095,0.000000,0.000000,0.000000,0.000000,0.000000,0.000000
24.729095,0.000000,0.000000,0.000000,0.000000,0.000000,0.000000
24.739095,0.000000,0.000000,0.000000,0.000000,0.000000,0.000000
24.749095,0.000000,0.000000,0.000000,0.000000,0.000000,0.000000
24.759095,0.000000,0.000000,0.000000,0.000000,0.000000,0.000000
24.769095,0.000000,0.000000,0.000000,0.000000,0.000000,0.000000
24.779095,0.000000,0.000000,0.000000,0.000000,0.000000,0.000000
24.789095,0.000000,0.000000,0.000000,0.000000,0.000000,0.000000
24.799095,0.000000,0.000000,0.000000,0.000000,0.000000,0.000000
24.809095,0.000000,0.000000,0.000000,0.000000,0.000000,0.000000
24.819095,0.000000,0.000000,0.000000,0.000000,0.000000,0.000000
24.829095,0.000000,0.000000,0.000000,0.000000,0.000000,0.000000
24.839095,0.000000,0.000000,0.000000,0.000000,0.000000,0.000000
24.849095,0.000000,0.000000,0.000000,0.000000,0.000000,0.000000
24.859095,0.000000,0.000000,0.000000,0.000000,0.000000,0.000000
24.869095,0.000000,0.000000,0.000000,0.000000,0.000000,0.000000
24.879095,0.000000,0.000000,0.000000,0.000000,0.000000,0.000000
24.889095,0.000000,0.000000,0.000000,0.000000,0.000000,0.000000
24.899095,0.000000,0.000000,0.000000,0.000000,0.000000,0.000000
24.909095,0.000000,0.000000,0.000000,0.000000,0.000000,0.000000
24.919095,0.000000,0.000000,0.000000,0.000000,0.000000,0.000000
24.929095,0.000000,0.000000,0.000000,0.000000,0.000000,0.000000
24.939095,0.000000,0.000000,0.000000,0.000000,0.000000,0.000000
24.949095,0.000000,0.000000,0.000000,0.000000,0.000000,0.000000
24.959095,0.000000,0.000000,0.000000,0.000000,0.000000,0.000000
24.969095,0.000000,0.000000,0.000000,0.000000,0.000000,0.000000
24.979095,0.000000,0.000000,0.000000,0.000000,0.000000,0.000000
24.989095,0.000000,0.000000,0.000000,0.000000,0.000000,0.000000
24.999095,0.000000,0.000000,0.000000,0.000000,0.000000,0.000000
25.009095,0.000000,0.000000,0.000000,0.000000,0.000000,0.000000
25.019095,0.000000,0.000000,0.000000,0.000000,0.000000,0.000000
25.029095,0.000000,0.000000,0.000000,0.000000,0.000000,0.000000
25.039095,0.000000,0.000000,0.000000,0.000000,0.000000,0.000000
25.049095,0.000000,0.000000,0.000000,0.000000,0.000000,0.000000
25.059095,0.000000,0.000000,0.000000,0.000000,0.000000,0.000000
25.069095,0.000000,0.000000,0.000000,0.000000,0.000000,0.000000
25.079095,0.000000,0.000000,0.000000,0.000000,0.000000,0.000000
25.089095,0.000000,0.000000,0.000000,0.000000,0.000000,0.000000
25.099095,0.000000,0.000000,0.000000,0.000000,0.000000,0.000000
25.109095,0.000000,0.000000,0.000000,0.000000,0.000000,0.000000
25.119095,0.000000,0.000000,0.000000,0.000000,0.000000,0.000000
25.129095,0.000000,0.000000,0.000000,0.000000,0.000000,0.000000
25.139095,0.000000,0.000000,0.000000,0.000000,0.000000,0.000000
25.149095,0.000000,0.000000,0.000000,0.000000,0.000000,0.000000
25.159095,0.000000,0.000000,0.000000,0.000000,0.000000,0.000000
25.169095,0.000000,0.000000,0.000000,0.000000,0.000000,0.000000
25.179095,0.000000,0.000000,0.000000,0.000000,0.000000,0.000000
25.189095,0.000000,0.000000,0.000000,0.000000,0.000000,0.000000
25.199095,0.000000,0.000000,0.000000,0.000000,0.000000,0.000000
25.209095,0.000000,0.000000,0.000000,0.000000,0.000000,0.000000
25.219095,0.000000,0.000000,0.000000,0.000000,0.000000,0.000000
25.229095,0.000000,0.000000,0.000000,0.000000,0.000000,0.000000
25.239095,0.000000,0.000000,0.000000,0.000000,0.000000,0.000000
25.249095,0.000000,0.000000,0.000000,0.000000,0.000000,0.000000
25.259095,0.000000,0.000000,0.000000,0.000000,0.000000,0.000000
25.269095,0.000000,0.000000,0.000000,0.000000,0.000000,0.000000
25.279095,0.000000,0.000000,0.000000,0.000000,0.000000,0.000000
25.289095,0.000000,0.000000,0.000000,0.000000,0.000000,0.000000
25.299095,0.000000,0.000000,0.000000,0.000000,0.000000,0.000000
25.309095,0.000000,0.000000,0.000000,0.000000,0.000000,0.000000
25.319095,0.000000,0.000000,0.000000,0.000000,0.000000,0.000000
25.329095,0.000000,0.000000,0.000000,0.000000,0.000000,0.000000
25.339095,0.000000,0.000000,0.000000,0.000000,0.000000,0.000000
25.349095,0.000000,0.000000,0.000000,0.000000,0.000000,0.000000
25.359095,0.000000,0.000000,0.000000,0.000000,0.000000,0.000000
25.369095,0.000000,0.000000,0.000000,0.000000,0.000000,0.000000
25.379095,0.000000,0.000000,0.000000,0.000000,0.000000,0.000000
25.389095,0.000000,0.000000,0.000000,0.000000,0.000000,0.000000
25.399095,0.000000,0.000000,0.000000,0.000000,0.000000,0.000000
25.409095,0.000000,0.000000,0.000000,0.000000,0.000000,0.000000
25.419095,0.000000,0.000000,0.000000,0.000000,0.000000,0.000000
25.429095,0.000000,0.000000,0.000000,0.000000,0.000000,0.000000
25.439095,0.000000,0.000000,0.000000,0.000000,0.000000,0.000000
25.449095,0.000000,0.000000,0.000000,0.000000,0.000000,0.000000
25.459095,0.000000,0.000000,0.000000,0.000000,0.000000,0.000000
25.469095,0.000000,0.000000,0.000000,0.000000,0.000000,0.000000
25.479095,0.000000,0.000000,0.000000,0.000000,0.000000,0.000000
25.489095,0.000000,0.000000,0.000000,0.000000,0.000000,0.000000
25.499095,0.000000,0.000000,0.000000,0.000000,0.000000,0.000000
25.509095,0.000000,0.000000,0.000000,0.000000,0.000000,0.000000
25.519095,0.000000,0.000000,0.000000,0.000000,0.000000,0.000000
25.529095,0.000000,0.000000,0.000000,0.000000,0.000000,0.000000
25.539095,0.000000,0.000000,0.000000,0.000000,0.000000,0.000000
25.549095,0.000000,0.000000,0.000000,0.000000,0.000000,0.000000
25.559095,0.000000,0.000000,0.000000,0.000000,0.000000,0.000000
25.569095,0.000000,0.000000,0.000000,0.000000,0.000000,0.000000
25.579095,0.000000,0.000000,0.000000,0.000000,0.000000,0.000000
25.589095,0.000000,0.000000,0.000000,0.000000,0.000000,0.000000
25.599095,0.000000,0.000000,0.000000,0.000000,0.000000,0.000000
25.609095,0.000000,0.000000,0.000000,0.000000,0.000000,0.000000
25.619095,0.000000,0.000000,0.000000,0.000000,0.000000,0.000000
25.629095,0.000000,0.000000,0.000000,0.000000,0.000000,0.000000
25.639095,0.000000,0.000000,0.000000,0.000000,0.000000,0.000000
25.649095,0.000000,0.000000,0.000000,0.000000,0.000000,0.000000
25.659095,0.000000,0.000000,0.000000,0.000000,0.000000,0.000000
25.669095,0.000000,0.000000,0.000000,0.000000,0.000000,0.000000
25.679095,0.000000,0.000000,0.000000,0.000000,0.000000,0.000000
25.689095,0.000000,0.000000,0.000000,0.000000,0.000000,0.000000
25.699095,0.000000,0.000000,0.000000,0.000000,0.000000,0.000000
25.709095,0.000000,0.000000,0.000000,0.000000,0.000000,0.000000
25.719095,0.000000,0.000000,0.000000,0.000000,0.000000,0.000000
25.729095,0.000000,0.000000,0.000000,0.000000,0.000000,0.000000
25.739095,0.000000,0.000000,0.000000,0.000000,0.000000,0.000000
25.749095,0.000000,0.000000,0.000000,0.000000,0.000000,0.000000
25.759095,0.000000,0.000000,0.000000,0.000000,0.000000,0.000000
25.769095,0.000000,0.000000,0.000000,0.000000,0.000000,0.000000
25.779095,0.000000,0.000000,0.000000,0.000000,0.000000,0.000000
25.789095,0.000000,0.000000,0.000000,0.000000,0.000000,0.000000
25.799095,0.000000,0.000000,0.000000,0.000000,0.000000,0.000000
25.809095,0.000000,0.000000,0.000000,0.000000,0.000000,0.000000
25.819095,0.000000,0.000000,0.000000,0.000000,0.000000,0.000000
25.829095,0.000000,0.000000,0.000000,0.000000,0.000000,0.000000
25.839095,0.000000,0.000000,0.000000,0.000000,0.000000,0.000000
25.849095,0.000000,0.000000,0.000000,0.000000,0.000000,0.000000
25.859095,0.000000,0.000000,0.000000,0.000000,0.000000,0.000000
25.869095,0.000000,0.000000,0.000000,0.000000,0.000000,0.000000
25.879095,0.000000,0.000000,0.000000,0.000000,0.000000,0.000000
25.889095,0.000000,0.000000,0.000000,0.000000,0.000000,0.000000
25.899095,0.000000,0.000000,0.000000,0.000000,0.000000,0.000000
25.909095,0.000000,0.000000,0.000000,0.000000,0.000000,0.000000
25.919095,0.000000,0.000000,0.000000,0.000000,0.000000,0.000000
25.929095,0.000000,0.000000,0.000000,0.000000,0.000000,0.000000
25.939095,0.000000,0.000000,0.000000,0.000000,0.000000,0.000000
25.949095,0.000000,0.000000,0.000000,0.000000,0.000000,0.000000
25.959095,0.000000,0.000000,0.000000,0.000000,0.000000,0.000000
25.969095,0.000000,0.000000,0.000000,0.000000,0.000000,0.000000
25.979095,0.000000,0.000000,0.000000,0.000000,0.000000,0.000000
25.989095,0.000000,0.000000,0.000000,0.000000,0.000000,0.000000
25.999095,0.000000,0.000000,0.000000,0.000000,0.000000,0.000000
26.009095,0.000000,0.000000,0.000000,0.000000,0.000000,0.000000
26.019095,0.000000,0.000000,0.000000,0.000000,0.000000,0.000000
26.029095,0.000000,0.000000,0.000000,0.000000,0.000000,0.000000
26.039095,0.000000,0.000000,0.000000,0.000000,0.000000,0.000000
26.049095,0.000000,0.000000,0.000000,0.000000,0.000000,0.000000
26.059095,0.000000,0.000000,0.000000,0.000000,0.000000,0.000000
26.069095,0.000000,0.000000,0.000000,0.000000,0.000000,0.000000
26.079095,0.000000,0.000000,0.000000,0.000000,0.000000,0.000000
26.089095,0.000000,0.000000,0.000000,0.000000,0.000000,0.000000
26.099095,0.000000,0.000000,0.000000,0.000000,0.000000,0.000000
26.109095,0.000000,0.000000,0.000000,0.000000,0.000000,0.000000
26.119095,0.000000,0.000000,0.000000,0.000000,0.000000,0.000000
26.129095,0.000000,0.000000,0.000000,0.000000,0.000000,0.000000
26.139095,0.000000,0.000000,0.000000,0.000000,0.000000,0.000000
26.149095,0.000000,0.000000,0.000000,0.000000,0.000000,0.000000
26.159095,0.000000,0.000000,0.000000,0.000000,0.000000,0.000000
26.169095,0.000000,0.000000,0.000000,0.000000,0.000000,0.000000
26.179095,0.000000,0.000000,0.000000,0.000000,0.000000,0.000000
26.189095,0.000000,0.000000,0.000000,0.000000,0.000000,0.000000
26.199095,0.000000,0.000000,0.000000,0.000000,0.000000,0.000000
26.209095,0.000000,0.000000,0.000000,0.000000,0.000000,0.000000
26.219095,0.000000,0.000000,0.000000,0.000000,0.000000,0.000000
26.229095,0.000000,0.000000,0.000000,0.000000,0.000000,0.000000
26.239095,0.000000,0.000000,0.000000,0.000000,0.000000,0.000000
26.249095,0.000000,0.000000,0.000000,0.000000,0.000000,0.000000
26.259095,0.000000,0.000000,0.000000,0.000000,0.000000,0.000000
26.269095,0.000000,0.000000,0.000000,0.000000,0.000000,0.000000
26.279095,0.000000,0.000000,0.000000,0.000000,0.000000,0.000000
26.289095,0.000000,0.000000,0.000000,0.000000,0.000000,0.000000
26.299095,0.000000,0.000000,0.000000,0.000000,0.000000,0.000000
26.309095,0.000000,0.000000,0.000000,0.000000,0.000000,0.000000
26.319095,0.000000,0.000000,0.000000,0.000000,0.000000,0.000000
26.329095,0.000000,0.000000,0.000000,0.000000,0.000000,0.000000
26.339095,0.000000,0.000000,0.000000,0.000000,0.000000,0.000000
26.349095,0.000000,0.000000,0.000000,0.000000,0.000000,0.000000
26.359095,0.000000,0.000000,0.000000,0.000000,0.000000,0.000000
26.369095,0.000000,0.000000,0.000000,0.000000,0.000000,0.000000
26.379095,0.000000,0.000000,0.000000,0.000000,0.000000,0.000000
26.389095,0.000000,0.000000,0.000000,0.000000,0.000000,0.000000
26.399095,0.000000,0.000000,0.000000,0.000000,0.000000,0.000000
26.409095,0.000000,0.000000,0.000000,0.000000,0.000000,0.000000
26.419095,0.000000,0.000000,0.000000,0.000000,0.000000,0.000000
26.429095,0.000000,0.000000,0.000000,0.000000,0.000000,0.000000
26.439095,0.000000,0.000000,0.000000,0.000000,0.000000,0.000000
26.449095,0.000000,0.000000,0.000000,0.000000,0.000000,0.000000
26.459095,0.000000,0.000000,0.000000,0.000000,0.000000,0.000000
26.469095,0.000000,0.000000,0.000000,0.000000,0.000000,0.000000
26.479095,0.000000,0.000000,0.000000,0.000000,0.000000,0.000000
26.489095,0.000000,0.000000,0.000000,0.000000,0.000000,0.000000
26.499095,0.000000,0.000000,0.000000,0.000000,0.000000,0.000000
26.509095,0.000000,0.000000,0.000000,0.000000,0.000000,0.000000
26.519095,0.000000,0.000000,0.000000,0.000000,0.000000,0.000000
26.529095,0.000000,0.000000,0.000000,0.000000,0.000000,0.000000
26.539095,0.000000,0.000000,0.000000,0.000000,0.000000,0.000000
26.549095,0.000000,0.000000,0.000000,0.000000,0.000000,0.000000
26.559095,0.000000,0.000000,0.000000,0.000000,0.000000,0.000000
26.569095,0.000000,0.000000,0.000000,0.000000,0.000000,0.000000
26.579095,0.000000,0.000000,0.000000,0.000000,0.000000,0.000000
26.589095,0.000000,0.000000,0.000000,0.000000,0.000000,0.000000
26.599095,0.000000,0.000000,0.000000,0.000000,0.000000,0.000000
26.609095,0.000000,0.000000,0.000000,0.000000,0.000000,0.000000
26.619095,0.000000,0.000000,0.000000,0.000000,0.000000,0.000000
26.629095,0.000000,0.000000,0.000000,0.000000,0.000000,0.000000
26.639095,0.000000,0.000000,0.000000,0.000000,0.000000,0.000000
26.649095,0.000000,0.000000,0.000000,0.000000,0.000000,0.000000
26.659095,0.000000,0.000000,0.000000,0.000000,0.000000,0.000000
26.669095,0.000000,0.000000,0.000000,0.000000,0.000000,0.000000
26.679095,0.000000,0.000000,0.000000,0.000000,0.000000,0.000000
26.689095,0.000000,0.000000,0.000000,0.000000,0.000000,0.000000
26.699095,0.000000,0.000000,0.000000,0.000000,0.000000,0.000000
26.709095,0.000000,0.000000,0.000000,0.000000,0.000000,0.000000
26.719095,0.000000,0.000000,0.000000,0.000000,0.000000,0.000000
26.729095,0.000000,0.000000,0.000000,0.000000,0.000000,0.000000
26.739095,0.000000,0.000000,0.000000,0.000000,0.000000,0.000000
26.749095,0.000000,0.000000,0.000000,0.000000,0.000000,0.000000
26.759095,0.000000,0.000000,0.000000,0.000000,0.000000,0.000000
26.769095,0.000000,0.000000,0.000000,0.000000,0.000000,0.000000
26.779095,0.000000,0.000000,0.000000,0.000000,0.000000,0.000000
26.789095,0.000000,0.000000,0.000000,0.000000,0.000000,0.000000
26.799095,0.000000,0.000000,0.000000,0.000000,0.000000,0.000000
26.809095,0.000000,0.000000,0.000000,0.000000,0.000000,0.000000
26.819095,0.000000,0.000000,0.000000,0.000000,0.000000,0.000000
26.829095,0.000000,0.000000,0.000000,0.000000,0.000000,0.000000
26.839095,0.000000,0.000000,0.000000,0.000000,0.000000,0.000000
26.849095,0.000000,0.000000,0.000000,0.000000,0.000000,0.000000
26.859095,0.000000,0.000000,0.000000,0.000000,0.000000,0.000000
26.869095,0.000000,0.000000,0.000000,0.000000,0.000000,0.000000
26.879095,0.000000,0.000000,0.000000,0.000000,0.000000,0.000000
26.889095,0.000000,0.000000,0.000000,0.000000,0.000000,0.000000
26.899095,0.000000,0.000000,0.000000,0.000000,0.000000,0.000000
26.909095,0.000000,0.000000,0.000000,0.000000,0.000000,0.000000
26.919095,0.000000,0.000000,0.000000,0.000000,0.000000,0.000000
26.929095,0.000000,0.000000,0.000000,0.000000,0.000000,0.000000
26.939095,0.000000,0.000000,0.000000,0.000000,0.000000,0.000000
26.949095,0.000000,0.000000,0.000000,0.000000,0.000000,0.000000
26.959095,0.000000,0.000000,0.000000,0.000000,0.000000,0.000000
26.969095,0.000000,0.000000,0.000000,0.000000,0.000000,0.000000
26.979095,0.000000,0.000000,0.000000,0.000000,0.000000,0.000000
26.989095,0.000000,0.000000,0.000000,0.000000,0.000000,0.000000
26.999095,0.000000,0.000000,0.000000,0.000000,0.000000,0.000000
27.009095,0.000000,0.000000,0.000000,0.000000,0.000000,0.000000
27.019095,0.000000,0.000000,0.000000,0.000000,0.000000,0.000000
27.029095,0.000000,0.000000,0.000000,0.000000,0.000000,0.000000
27.039095,0.000000,0.000000,0.000000,0.000000,0.000000,0.000000
27.049095,0.000000,0.000000,0.000000,0.000000,0.000000,0.000000
27.059095,0.000000,0.000000,0.000000,0.000000,0.000000,0.000000
27.069095,0.000000,0.000000,0.000000,0.000000,0.000000,0.000000
27.079095,0.000000,0.000000,0.000000,0.000000,0.000000,0.000000
27.089095,0.000000,0.000000,0.000000,0.000000,0.000000,0.000000
27.099095,0.000000,0.000000,0.000000,0.000000,0.000000,0.000000
27.109095,0.000000,0.000000,0.000000,0.000000,0.000000,0.000000
27.119095,0.000000,0.000000,0.000000,0.000000,0.000000,0.000000
27.129095,0.000000,0.000000,0.000000,0.000000,0.000000,0.000000
27.139095,0.000000,0.000000,0.000000,0.000000,0.000000,0.000000
27.149095,0.000000,0.000000,0.000000,0.000000,0.000000,0.000000
27.159095,0.000000,0.000000,0.000000,0.000000,0.000000,0.000000
27.169095,0.000000,0.000000,0.000000,0.000000,0.000000,0.000000
27.179095,0.000000,0.000000,0.000000,0.000000,0.000000,0.000000
27.189095,0.000000,0.000000,0.000000,0.000000,0.000000,0.000000
27.199095,0.000000,0.000000,0.000000,0.000000,0.000000,0.000000
27.209095,0.000000,0.000000,0.000000,0.000000,0.000000,0.000000
27.219095,0.000000,0.000000,0.000000,0.000000,0.000000,0.000000
27.229095,0.000000,0.000000,0.000000,0.000000,0.000000,0.000000
27.239095,0.000000,0.000000,0.000000,0.000000,0.000000,0.000000
27.249095,0.000000,0.000000,0.000000,0.000000,0.000000,0.000000
27.259095,0.000000,0.000000,0.000000,0.000000,0.000000,0.000000
27.269095,0.000000,0.000000,0.000000,0.000000,0.000000,0.000000
27.279095,0.000000,0.000000,0.000000,0.000000,0.000000,0.000000
27.289095,0.000000,0.000000,0.000000,0.000000,0.000000,0.000000
27.299095,0.000000,0.000000,0.000000,0.000000,0.000000,0.000000
27.309095,0.000000,0.000000,0.000000,0.000000,0.000000,0.000000
27.319095,0.000000,0.000000,0.000000,0.000000,0.000000,0.000000
27.329095,0.000000,0.000000,0.000000,0.000000,0.000000,0.000000
27.339095,0.000000,0.000000,0.000000,0.000000,0.000000,0.000000
27.349095,0.000000,0.000000,0.000000,0.000000,0.000000,0.000000
27.359095,0.000000,0.000000,0.000000,0.000000,0.000000,0.000000
27.369095,0.000000,0.000000,0.000000,0.000000,0.000000,0.000000
27.379095,0.000000,0.000000,0.000000,0.000000,0.000000,0.000000
27.389095,0.000000,0.000000,0.000000,0.000000,0.000000,0.000000
27.399095,0.000000,0.000000,0.000000,0.000000,0.000000,0.000000
27.409095,0.000000,0.000000,0.000000,0.000000,0.000000,0.000000
27.419095,0.000000,0.000000,0.000000,0.000000,0.000000,0.000000
27.429095,0.000000,0.000000,0.000000,0.000000,0.000000,0.000000
27.439095,0.000000,0.000000,0.000000,0.000000,0.000000,0.000000
27.449095,0.000000,0.000000,0.000000,0.000000,0.000000,0.000000
27.459095,0.000000,0.000000,0.000000,0.000000,0.000000,0.000000
27.469095,0.000000,0.000000,0.000000,0.000000,0.000000,0.000000
27.479095,0.000000,0.000000,0.000000,0.000000,0.000000,0.000000
27.489095,0.000000,0.000000,0.000000,0.000000,0.000000,0.000000
27.499095,0.000000,0.000000,0.000000,0.000000,0.000000,0.000000
27.509095,0.000000,0.000000,0.000000,0.000000,0.000000,0.000000
27.519095,0.000000,0.000000,0.000000,0.000000,0.000000,0.000000
27.529095,0.000000,0.000000,0.000000,0.000000,0.000000,0.000000
27.539095,0.000000,0.000000,0.000000,0.000000,0.000000,0.000000
27.549095,0.000000,0.000000,0.000000,0.000000,0.000000,0.000000
27.559095,0.000000,0.000000,0.000000,0.000000,0.000000,0.000000
27.569095,0.000000,0.000000,0.000000,0.000000,0.000000,0.000000
27.579095,0.000000,0.000000,0.000000,0.000000,0.000000,0.000000
27.589095,0.000000,0.000000,0.000000,0.000000,0.000000,0.000000
27.599095,0.000000,0.000000,0.000000,0.000000,0.000000,0.000000
27.609095,0.000000,0.000000,0.000000,0.000000,0.000000,0.000000
27.619095,0.000000,0.000000,0.000000,0.000000,0.000000,0.000000
27.629095,0.000000,0.000000,0.000000,0.000000,0.000000,0.000000
27.639095,0.000000,0.000000,0.000000,0.000000,0.000000,0.000000
27.649095,0.000000,0.000000,0.000000,0.000000,0.000000,0.000000
27.659095,0.000000,0.000000,0.000000,0.000000,0.000000,0.000000
27.669095,0.000000,0.000000,0.000000,0.000000,0.000000,0.000000
27.679095,0.000000,0.000000,0.000000,0.000000,0.000000,0.000000
27.689095,0.000000,0.000000,0.000000,0.000000,0.000000,0.000000
27.699095,0.000000,0.000000,0.000000,0.000000,0.000000,0.000000
27.709095,0.000000,0.000000,0.000000,0.000000,0.000000,0.000000
27.719095,0.000000,0.000000,0.000000,0.000000,0.000000,0.000000
27.729095,0.000000,0.000000,0.000000,0.000000,0.000000,0.000000
27.739095,0.000000,0.000000,0.000000,0.000000,0.000000,0.000000
27.749095,0.000000,0.000000,0.000000,0.000000,0.000000,0.000000
27.759095,0.000000,0.000000,0.000000,0.000000,0.000000,0.000000
27.769095,0.000000,0.000000,0.000000,0.000000,0.000000,0.000000
27.779095,0.000000,0.000000,0.000000,0.000000,0.000000,0.000000
27.789095,0.000000,0.000000,0.000000,0.000000,0.000000,0.000000
27.799095,0.000000,0.000000,0.000000,0.000000,0.000000,0.000000
27.809095,0.000000,0.000000,0.000000,0.000000,0.000000,0.000000
27.819095,0.000000,0.000000,0.000000,0.000000,0.000000,0.000000
27.829095,0.000000,0.000000,0.000000,0.000000,0.000000,0.000000
27.839095,0.000000,0.000000,0.000000,0.000000,0.000000,0.000000
27.849095,0.000000,0.000000,0.000000,0.000000,0.000000,0.000000
27.859095,0.000000,0.000000,0.000000,0.000000,0.000000,0.000000
27.869095,0.000000,0.000000,0.000000,0.000000,0.000000,0.000000
27.879095,0.000000,0.000000,0.000000,0.000000,0.000000,0.000000
27.889095,0.000000,0.000000,0.000000,0.000000,0.000000,0.000000
27.899095,0.000000,0.000000,0.000000,0.000000,0.000000,0.000000
27.909095,0.000000,0.000000,0.000000,0.000000,0.000000,0.000000
27.919095,0.000000,0.000000,0.000000,0.000000,0.000000,0.000000
27.929095,0.000000,0.000000,0.000000,0.000000,0.000000,0.000000
27.939095,0.000000,0.000000,0.000000,0.000000,0.000000,0.000000
27.949095,0.000000,0.000000,0.000000,0.000000,0.000000,0.000000
27.959095,0.000000,0.000000,0.000000,0.000000,0.000000,0.000000
27.969095,0.000000,0.000000,0.000000,0.000000,0.000000,0.000000
27.979095,0.000000,0.000000,0.000000,0.000000,0.000000,0.000000
27.989095,0.000000,0.000000,0.000000,0.000000,0.000000,0.000000
27.999095,0.000000,0.000000,0.000000,0.000000,0.000000,0.000000
28.009095,0.000000,0.000000,0.000000,0.000000,0.000000,0.000000
28.019095,0.000000,0.000000,0.000000,0.000000,0.000000,0.000000
28.029095,0.000000,0.000000,0.000000,0.000000,0.000000,0.000000
28.039095,0.000000,0.000000,0.000000,0.000000,0.000000,0.000000
28.049095,0.000000,0.000000,0.000000,0.000000,0.000000,0.000000
28.059095,0.000000,0.000000,0.000000,0.000000,0.000000,0.000000
28.069095,0.000000,0.000000,0.000000,0.000000,0.000000,0.000000
28.079095,0.000000,0.000000,0.000000,0.000000,0.000000,0.000000
28.089095,0.000000,0.000000,0.000000,0.000000,0.000000,0.000000
28.099095,0.000000,0.000000,0.000000,0.000000,0.000000,0.000000
28.109095,0.000000,0.000000,0.000000,0.000000,0.000000,0.000000
28.119095,0.000000,0.000000,0.000000,0.000000,0.000000,0.000000
28.129095,0.000000,0.000000,0.000000,0.000000,0.000000,0.000000
28.139095,0.000000,0.000000,0.000000,0.000000,0.000000,0.000000
28.149095,0.000000,0.000000,0.000000,0.000000,0.000000,0.000000
28.159095,0.000000,0.000000,0.000000,0.000000,0.000000,0.000000
28.169095,0.000000,0.000000,0.000000,0.000000,0.000000,0.000000
28.179095,0.000000,0.000000,0.000000,0.000000,0.000000,0.000000
28.189095,0.000000,0.000000,0.000000,0.000000,0.000000,0.000000
28.199095,0.000000,0.000000,0.000000,0.000000,0.000000,0.000000
28.209095,0.000000,0.000000,0.000000,0.000000,0.000000,0.000000
28.219095,0.000000,0.000000,0.000000,0.000000,0.000000,0.000000
28.229095,0.000000,0.000000,0.000000,0.000000,0.000000,0.000000
28.239095,0.000000,0.000000,0.000000,0.000000,0.000000,0.000000
28.249095,0.000000,0.000000,0.000000,0.000000,0.000000,0.000000
28.259095,0.000000,0.000000,0.000000,0.000000,0.000000,0.000000
28.269095,0.000000,0.000000,0.000000,0.000000,0.000000,0.000000
28.279095,0.000000,0.000000,0.000000,0.000000,0.000000,0.000000
28.289095,0.000000,0.000000,0.000000,0.000000,0.000000,0.000000
28.299095,0.000000,0.000000,0.000000,0.000000,0.000000,0.000000
28.309095,0.000000,0.000000,0.000000,0.000000,0.000000,0.000000
28.319095,0.000000,0.000000,0.000000,0.000000,0.000000,0.000000
28.329095,0.000000,0.000000,0.000000,0.000000,0.000000,0.000000
28.339095,0.000000,0.000000,0.000000,0.000000,0.000000,0.000000
28.349095,0.000000,0.000000,0.000000,0.000000,0.000000,0.000000
28.359095,0.000000,0.000000,0.000000,0.000000,0.000000,0.000000
28.369095,0.000000,0.000000,0.000000,0.000000,0.000000,0.000000
28.379095,0.000000,0.000000,0.000000,0.000000,0.000000,0.000000
28.389095,0.000000,0.000000,0.000000,0.000000,0.000000,0.000000
28.399095,0.000000,0.000000,0.000000,0.000000,0.000000,0.000000
28.409095,0.000000,0.000000,0.000000,0.000000,0.000000,0.000000
28.419095,0.000000,0.000000,0.000000,0.000000,0.000000,0.000000
28.429095,0.000000,0.000000,0.000000,0.000000,0.000000,0.000000
28.439095,0.000000,0.000000,0.000000,0.000000,0.000000,0.000000
28.449095,0.000000,0.000000,0.000000,0.000000,0.000000,0.000000
28.459095,0.000000,0.000000,0.000000,0.000000,0.000000,0.000000
28.469095,0.000000,0.000000,0.000000,0.000000,0.000000,0.000000
28.479095,0.000000,0.000000,0.000000,0.000000,0.000000,0.000000
28.489095,0.000000,0.000000,0.000000,0.000000,0.000000,0.000000
28.499095,0.000000,0.000000,0.000000,0.000000,0.000000,0.000000
28.509095,0.000000,0.000000,0.000000,0.000000,0.000000,0.000000
28.519095,0.000000,0.000000,0.000000,0.000000,0.000000,0.000000
28.529095,0.000000,0.000000,0.000000,0.000000,0.000000,0.000000
28.539095,0.000000,0.000000,0.000000,0.000000,0.000000,0.000000
28.549095,0.000000,0.000000,0.000000,0.000000,0.000000,0.000000
28.559095,0.000000,0.000000,0.000000,0.000000,0.000000,0.000000
28.569095,0.000000,0.000000,0.000000,0.000000,0.000000,0.000000
28.579095,0.000000,0.000000,0.000000,0.000000,0.000000,0.000000
28.589095,0.000000,0.000000,0.000000,0.000000,0.000000,0.000000
28.599095,0.000000,0.000000,0.000000,0.000000,0.000000,0.000000
28.609095,0.000000,0.000000,0.000000,0.000000,0.000000,0.000000
28.619095,0.000000,0.000000,0.000000,0.000000,0.000000,0.000000
28.629095,0.000000,0.000000,0.000000,0.000000,0.000000,0.000000
28.639095,0.000000,0.000000,0.000000,0.000000,0.000000,0.000000
28.649095,0.000000,0.000000,0.000000,0.000000,0.000000,0.000000
28.659095,0.000000,0.000000,0.000000,0.000000,0.000000,0.000000
28.669095,0.000000,0.000000,0.000000,0.000000,0.000000,0.000000
28.679095,0.000000,0.000000,0.000000,0.000000,0.000000,0.000000
28.689095,0.000000,0.000000,0.000000,0.000000,0.000000,0.000000
28.699095,0.000000,0.000000,0.000000,0.000000,0.000000,0.000000
28.709095,0.000000,0.000000,0.000000,0.000000,0.000000,0.000000
28.719095,0.000000,0.000000,0.000000,0.000000,0.000000,0.000000
28.729095,0.000000,0.000000,0.000000,0.000000,0.000000,0.000000
28.739095,0.000000,0.000000,0.000000,0.000000,0.000000,0.000000
28.749095,0.000000,0.000000,0.000000,0.000000,0.000000,0.000000
28.759095,0.000000,0.000000,0.000000,0.000000,0.000000,0.000000
28.769095,0.000000,0.000000,0.000000,0.000000,0.000000,0.000000
28.779095,0.000000,0.000000,0.000000,0.000000,0.000000,0.000000
28.789095,0.000000,0.000000,0.000000,0.000000,0.000000,0.000000
28.799095,0.000000,0.000000,0.000000,0.000000,0.000000,0.000000
28.809095,0.000000,0.000000,0.000000,0.000000,0.000000,0.000000
28.819095,0.000000,0.000000,0.000000,0.000000,0.000000,0.000000
28.829095,0.000000,0.000000,0.000000,0.000000,0.000000,0.000000
28.839095,0.000000,0.000000,0.000000,0.000000,0.000000,0.000000
28.849095,0.000000,0.000000,0.000000,0.000000,0.000000,0.000000
28.859095,0.000000,0.000000,0.000000,0.000000,0.000000,0.000000
28.869095,0.000000,0.000000,0.000000,0.000000,0.000000,0.000000
28.879095,0.000000,0.000000,0.000000,0.000000,0.000000,0.000000
28.889095,0.000000,0.000000,0.000000,0.000000,0.000000,0.000000
28.899095,0.000000,0.000000,0.000000,0.000000,0.000000,0.000000
28.909095,0.000000,0.000000,0.000000,0.000000,0.000000,0.000000
28.919095,0.000000,0.000000,0.000000,0.000000,0.000000,0.000000
28.929095,0.000000,0.000000,0.000000,0.000000,0.000000,0.000000
28.939095,0.000000,0.000000,0.000000,0.000000,0.000000,0.000000
28.949095,0.000000,0.000000,0.000000,0.000000,0.000000,0.000000
28.959095,0.000000,0.000000,0.000000,0.000000,0.000000,0.000000
28.969095,0.000000,0.000000,0.000000,0.000000,0.000000,0.000000
28.979095,0.000000,0.000000,0.000000,0.000000,0.000000,0.000000
28.989095,0.000000,0.000000,0.000000,0.000000,0.000000,0.000000
28.999095,0.000000,0.000000,0.000000,0.000000,0.000000,0.000000
29.009095,0.000000,0.000000,0.000000,0.000000,0.000000,0.000000
29.019095,0.000000,0.000000,0.000000,0.000000,0.000000,0.000000
29.029095,0.000000,0.000000,0.000000,0.000000,0.000000,0.000000
29.039095,0.000000,0.000000,0.000000,0.000000,0.000000,0.000000
29.049095,0.000000,0.000000,0.000000,0.000000,0.000000,0.000000
29.059095,0.000000,0.000000,0.000000,0.000000,0.000000,0.000000
29.069095,0.000000,0.000000,0.000000,0.000000,0.000000,0.000000
29.079095,0.000000,0.000000,0.000000,0.000000,0.000000,0.000000
29.089095,0.000000,0.000000,0.000000,0.000000,0.000000,0.000000
29.099095,0.000000,0.000000,0.000000,0.000000,0.000000,0.000000
29.109095,0.000000,0.000000,0.000000,0.000000,0.000000,0.000000
29.119095,0.000000,0.000000,0.000000,0.000000,0.000000,0.000000
29.129095,0.000000,0.000000,0.000000,0.000000,0.000000,0.000000
29.139095,0.000000,0.000000,0.000000,0.000000,0.000000,0.000000
29.149095,0.000000,0.000000,0.000000,0.000000,0.000000,0.000000
29.159095,0.000000,0.000000,0.000000,0.000000,0.000000,0.000000
29.169095,0.000000,0.000000,0.000000,0.000000,0.000000,0.000000
29.179095,0.000000,0.000000,0.000000,0.000000,0.000000,0.000000
29.189095,0.000000,0.000000,0.000000,0.000000,0.000000,0.000000
29.199095,0.000000,0.000000,0.000000,0.000000,0.000000,0.000000
29.209095,0.000000,0.000000,0.000000,0.000000,0.000000,0.000000
29.219095,0.000000,0.000000,0.000000,0.000000,0.000000,0.000000
29.229095,0.000000,0.000000,0.000000,0.000000,0.000000,0.000000
29.239095,0.000000,0.000000,0.000000,0.000000,0.000000,0.000000
29.249095,0.000000,0.000000,0.000000,0.000000,0.000000,0.000000
29.259095,0.000000,0.000000,0.000000,0.000000,0.000000,0.000000
29.269095,0.000000,0.000000,0.000000,0.000000,0.000000,0.000000
29.279095,0.000000,0.000000,0.000000,0.000000,0.000000,0.000000
29.289095,0.000000,0.000000,0.000000,0.000000,0.000000,0.000000
29.299095,0.000000,0.000000,0.000000,0.000000,0.000000,0.000000
29.309095,0.000000,0.000000,0.000000,0.000000,0.000000,0.000000
29.319095,0.000000,0.000000,0.000000,0.000000,0.000000,0.000000
29.329095,0.000000,0.000000,0.000000,0.000000,0.000000,0.000000
29.339095,0.000000,0.000000,0.000000,0.000000,0.000000,0.000000
29.349095,0.000000,0.000000,0.000000,0.000000,0.000000,0.000000
29.359095,0.000000,0.000000,0.000000,0.000000,0.000000,0.000000
29.369095,0.000000,0.000000,0.000000,0.000000,0.000000,0.000000
29.379095,0.000000,0.000000,0.000000,0.000000,0.000000,0.000000
29.389095,0.000000,0.000000,0.000000,0.000000,0.000000,0.000000
29.399095,0.000000,0.000000,0.000000,0.000000,0.000000,0.000000
29.409095,0.000000,0.000000,0.000000,0.000000,0.000000,0.000000
29.419095,0.000000,0.000000,0.000000,0.000000,0.000000,0.000000
29.429095,0.000000,0.000000,0.000000,0.000000,0.000000,0.000000
29.439095,0.000000,0.000000,0.000000,0.000000,0.000000,0.000000
29.449095,0.000000,0.000000,0.000000,0.000000,0.000000,0.000000
29.459095,0.000000,0.000000,0.000000,0.000000,0.000000,0.000000
29.469095,0.000000,0.000000,0.000000,0.000000,0.000000,0.000000
29.479095,0.000000,0.000000,0.000000,0.000000,0.000000,0.000000
29.489095,0.000000,0.000000,0.000000,0.000000,0.000000,0.000000
29.499095,0.000000,0.000000,0.000000,0.000000,0.000000,0.000000
29.509095,0.000000,0.000000,0.000000,0.000000,0.000000,0.000000
29.519095,0.000000,0.000000,0.000000,0.000000,0.000000,0.000000
29.529095,0.000000,0.000000,0.000000,0.000000,0.000000,0.000000
29.539095,0.000000,0.000000,0.000000,0.000000,0.000000,0.000000
29.549095,0.000000,0.000000,0.000000,0.000000,0.000000,0.000000
29.559095,0.000000,0.000000,0.000000,0.000000,0.000000,0.000000
29.569095,0.000000,0.000000,0.000000,0.000000,0.000000,0.000000
29.579095,0.000000,0.000000,0.000000,0.000000,0.000000,0.000000
29.589095,0.000000,0.000000,0.000000,0.000000,0.000000,0.000000
29.599095,0.000000,0.000000,0.000000,0.000000,0.000000,0.000000
29.609095,0.000000,0.000000,0.000000,0.000000,0.000000,0.000000
29.619095,0.000000,0.000000,0.000000,0.000000,0.000000,0.000000
29.629095,0.000000,0.000000,0.000000,0.000000,0.000000,0.000000
29.639095,0.000000,0.000000,0.000000,0.000000,0.000000,0.000000
29.649095,0.000000,0.000000,0.000000,0.000000,0.000000,0.000000
29.659095,0.000000,0.000000,0.000000,0.000000,0.000000,0.000000
29.669095,0.000000,0.000000,0.000000,0.000000,0.000000,0.000000
29.679095,0.000000,0.000000,0.000000,0.000000,0.000000,0.000000
29.689095,0.000000,0.000000,0.000000,0.000000,0.000000,0.000000
29.699095,0.000000,0.000000,0.000000,0.000000,0.000000,0.000000
29.709095,0.000000,0.000000,0.000000,0.000000,0.000000,0.000000
29.719095,0.000000,0.000000,0.000000,0.000000,0.000000,0.000000
29.729095,0.000000,0.000000,0.000000,0.000000,0.000000,0.000000
29.739095,0.000000,0.000000,0.000000,0.000000,0.000000,0.000000
29.749095,0.000000,0.000000,0.000000,0.000000,0.000000,0.000000
29.759095,0.000000,0.000000,0.000000,0.000000,0.000000,0.000000
29.769095,0.000000,0.000000,0.000000,0.000000,0.000000,0.000000
29.779095,0.000000,0.000000,0.000000,0.000000,0.000000,0.000000
29.789095,0.000000,0.000000,0.000000,0.000000,0.000000,0.000000
29.799095,0.000000,0.000000,0.000000,0.000000,0.000000,0.000000
29.809095,0.000000,0.000000,0.000000,0.000000,0.000000,0.000000
29.819095,0.000000,0.000000,0.000000,0.000000,0.000000,0.000000
29.829095,0.000000,0.000000,0.000000,0.000000,0.000000,0.000000
29.839095,0.000000,0.000000,0.000000,0.000000,0.000000,0.000000
29.849095,0.000000,0.000000,0.000000,0.000000,0.000000,0.000000
29.859095,0.000000,0.000000,0.000000,0.000000,0.000000,0.000000
29.869095,0.000000,0.000000,0.000000,0.000000,0.000000,0.000000
29.879095,0.000000,0.000000,0.000000,0.000000,0.000000,0.000000
29.889095,0.000000,0.000000,0.000000,0.000000,0.000000,0.000000
29.899095,0.000000,0.000000,0.000000,0.000000,0.000000,0.000000
29.909095,0.000000,0.000000,0.000000,0.000000,0.000000,0.000000
29.919095,0.000000,0.000000,0.000000,0.000000,0.000000,0.000000
29.929095,0.000000,0.000000,0.000000,0.000000,0.000000,0.000000
29.939095,0.000000,0.000000,0.000000,0.000000,0.000000,0.000000
29.949095,0.000000,0.000000,0.000000,0.000000,0.000000,0.000000
29.959095,0.000000,0.000000,0.000000,0.000000,0.000000,0.000000
29.969095,0.000000,0.000000,0.000000,0.000000,0.000000,0.000000
29.979095,0.000000,0.000000,0.000000,0.000000,0.000000,0.000000
29.989095,0.000000,0.000000,0.000000,0.000000,0.000000,0.000000
29.999095,0.000000,0.000000,0.000000,0.000000,0.000000,0.000000
30.009095,0.000000,0.000000,0.000000,0.000000,0.000000,0.000000
30.019095,0.000000,0.000000,0.000000,0.000000,0.000000,0.000000
30.029095,0.000000,0.000000,0.000000,0.000000,0.000000,0.000000
30.039095,0.000000,0.000000,0.000000,0.000000,0.000000,0.000000
30.049095,0.000000,0.000000,0.000000,0.000000,0.000000,0.000000
30.059095,0.000000,0.000000,0.000000,0.000000,0.000000,0.000000
30.069095,0.000000,0.000000,0.000000,0.000000,0.000000,0.000000
30.079095,0.000000,0.000000,0.000000,0.000000,0.000000,0.000000
30.089095,0.000000,0.000000,0.000000,0.000000,0.000000,0.000000
30.099095,0.000000,0.000000,0.000000,0.000000,0.000000,0.000000
30.109095,0.000000,0.000000,0.000000,0.000000,0.000000,0.000000
30.119095,0.000000,0.000000,0.000000,0.000000,0.000000,0.000000
30.129095,0.000000,0.000000,0.000000,0.000000,0.000000,0.000000
30.139095,0.000000,0.000000,0.000000,0.000000,0.000000,0.000000
30.149095,0.000000,0.000000,0.000000,0.000000,0.000000,0.000000
30.159095,0.000000,0.000000,0.000000,0.000000,0.000000,0.000000
30.169095,0.000000,0.000000,0.000000,0.000000,0.000000,0.000000
30.179095,0.000000,0.000000,0.000000,0.000000,0.000000,0.000000
30.189095,0.000000,0.000000,0.000000,0.000000,0.000000,0.000000
30.199095,0.000000,0.000000,0.000000,0.000000,0.000000,0.000000
30.209095,0.000000,0.000000,0.000000,0.000000,0.000000,0.000000
30.219095,0.000000,0.000000,0.000000,0.000000,0.000000,0.000000
30.229095,0.000000,0.000000,0.000000,0.000000,0.000000,0.000000
30.239095,0.000000,0.000000,0.000000,0.000000,0.000000,0.000000
30.249095,0.000000,0.000000,0.000000,0.000000,0.000000,0.000000
30.259095,0.000000,0.000000,0.000000,0.000000,0.000000,0.000000
30.269095,0.000000,0.000000,0.000000,0.000000,0.000000,0.000000
30.279095,0.000000,0.000000,0.000000,0.000000,0.000000,0.000000
30.289095,0.000000,0.000000,0.000000,0.000000,0.000000,0.000000
30.299095,0.000000,0.000000,0.000000,0.000000,0.000000,0.000000
30.309095,0.000000,0.000000,0.000000,0.000000,0.000000,0.000000
30.319095,0.000000,0.000000,0.000000,0.000000,0.000000,0.000000
30.329095,0.000000,0.000000,0.000000,0.000000,0.000000,0.000000
30.339095,0.000000,0.000000,0.000000,0.000000,0.000000,0.000000
30.349095,0.000000,0.000000,0.000000,0.000000,0.000000,0.000000
30.359095,0.000000,0.000000,0.000000,0.000000,0.000000,0.000000
30.369095,0.000000,0.000000,0.000000,0.000000,0.000000,0.000000
30.379095,0.000000,0.000000,0.000000,0.000000,0.000000,0.000000
30.389095,0.000000,0.000000,0.000000,0.000000,0.000000,0.000000
30.399095,0.000000,0.000000,0.000000,0.000000,0.000000,0.000000
30.409095,0.000000,0.000000,0.000000,0.000000,0.000000,0.000000
30.419095,0.000000,0.000000,0.000000,0.000000,0.000000,0.000000
30.429095,0.000000,0.000000,0.000000,0.000000,0.000000,0.000000
30.439095,0.000000,0.000000,0.000000,0.000000,0.000000,0.000000
30.449095,0.000000,0.000000,0.000000,0.000000,0.000000,0.000000
30.459095,0.000000,0.000000,0.000000,0.000000,0.000000,0.000000
30.469095,0.000000,0.000000,0.000000,0.000000,0.000000,0.000000
30.479095,0.000000,0.000000,0.000000,0.000000,0.000000,0.000000
30.489095,0.000000,0.000000,0.000000,0.000000,0.000000,0.000000
30.499095,0.000000,0.000000,0.000000,0.000000,0.000000,0.000000
30.509095,0.000000,0.000000,0.000000,0.000000,0.000000,0.000000
30.519095,0.000000,0.000000,0.000000,0.000000,0.000000,0.000000
30.529095,0.000000,0.000000,0.000000,0.000000,0.000000,0.000000
30.539095,0.000000,0.000000,0.000000,0.000000,0.000000,0.000000
30.549095,0.000000,0.000000,0.000000,0.000000,0.000000,0.000000
30.559095,0.000000,0.000000,0.000000,0.000000,0.000000,0.000000
30.569095,0.000000,0.000000,0.000000,0.000000,0.000000,0.000000
30.579095,0.000000,0.000000,0.000000,0.000000,0.000000,0.000000
30.589095,0.000000,0.000000,0.000000,0.000000,0.000000,0.000000
30.599095,0.000000,0.000000,0.000000,0.000000,0.000000,0.000000
30.609095,0.000000,0.000000,0.000000,0.000000,0.000000,0.000000
30.619095,0.000000,0.000000,0.000000,0.000000,0.000000,0.000000
30.629095,0.000000,0.000000,0.000000,0.000000,0.000000,0.000000
30.639095,0.000000,0.000000,0.000000,0.000000,0.000000,0.000000
30.649095,0.000000,0.000000,0.000000,0.000000,0.000000,0.000000
30.659095,0.000000,0.000000,0.000000,0.000000,0.000000,0.000000
30.669095,0.000000,0.000000,0.000000,0.000000,0.000000,0.000000
30.679095,0.000000,0.000000,0.000000,0.000000,0.000000,0.000000
30.689095,0.000000,0.000000,0.000000,0.000000,0.000000,0.000000
30.699095,0.000000,0.000000,0.000000,0.000000,0.000000,0.000000
30.709095,0.000000,0.000000,0.000000,0.000000,0.000000,0.000000
30.719095,0.000000,0.000000,0.000000,0.000000,0.000000,0.000000
30.729095,0.000000,0.000000,0.000000,0.000000,0.000000,0.000000
30.739095,0.000000,0.000000,0.000000,0.000000,0.000000,0.000000
30.749095,0.000000,0.000000,0.000000,0.000000,0.000000,0.000000
30.759095,0.000000,0.000000,0.000000,0.000000,0.000000,0.000000
30.769095,0.000000,0.000000,0.000000,0.000000,0.000000,0.000000
30.779095,0.000000,0.000000,0.000000,0.000000,0.000000,0.000000
30.789095,0.000000,0.000000,0.000000,0.000000,0.000000,0.000000
30.799095,0.000000,0.000000,0.000000,0.000000,0.000000,0.000000
30.809095,0.000000,0.000000,0.000000,0.000000,0.000000,0.000000
30.819095,0.000000,0.000000,0.000000,0.000000,0.000000,0.000000
30.829095,0.000000,0.000000,0.000000,0.000000,0.000000,0.000000
30.839095,0.000000,0.000000,0.000000,0.000000,0.000000,0.000000
30.849095,0.000000,0.000000,0.000000,0.000000,0.000000,0.000000
30.859095,0.000000,0.000000,0.000000,0.000000,0.000000,0.000000
30.869095,0.000000,0.000000,0.000000,0.000000,0.000000,0.000000
30.879095,0.000000,0.000000,0.000000,0.000000,0.000000,0.000000
30.889095,0.000000,0.000000,0.000000,0.000000,0.000000,0.000000
30.899095,0.000000,0.000000,0.000000,0.000000,0.000000,0.000000
30.909095,0.000000,0.000000,0.000000,0.000000,0.000000,0.000000
30.919095,0.000000,0.000000,0.000000,0.000000,0.000000,0.000000
30.929095,0.000000,0.000000,0.000000,0.000000,0.000000,0.000000
30.939095,0.000000,0.000000,0.000000,0.000000,0.000000,0.000000
30.949095,0.000000,0.000000,0.000000,0.000000,0.000000,0.000000
30.959095,0.000000,0.000000,0.000000,0.000000,0.000000,0.000000
30.969095,0.000000,0.000000,0.000000,0.000000,0.000000,0.000000
30.979095,0.000000,0.000000,0.000000,0.000000,0.000000,0.000000
30.989095,0.000000,0.000000,0.000000,0.000000,0.000000,0.000000
30.999095,0.000000,0.000000,0.000000,0.000000,0.000000,0.000000
31.009095,0.000000,0.000000,0.000000,0.000000,0.000000,0.000000
31.019095,0.000000,0.000000,0.000000,0.000000,0.000000,0.000000
31.029095,0.000000,0.000000,0.000000,0.000000,0.000000,0.000000
31.039095,0.000000,0.000000,0.000000,0.000000,0.000000,0.000000
31.049095,0.000000,0.000000,0.000000,0.000000,0.000000,0.000000
31.059095,0.000000,0.000000,0.000000,0.000000,0.000000,0.000000
31.069095,0.000000,0.000000,0.000000,0.000000,0.000000,0.000000
31.079095,0.000000,0.000000,0.000000,0.000000,0.000000,0.000000
31.089095,0.000000,0.000000,0.000000,0.000000,0.000000,0.000000
31.099095,0.000000,0.000000,0.000000,0.000000,0.000000,0.000000
31.109095,0.000000,0.000000,0.000000,0.000000,0.000000,0.000000
31.119095,0.000000,0.000000,0.000000,0.000000,0.000000,0.000000
31.129095,0.000000,0.000000,0.000000,0.000000,0.000000,0.000000
31.139095,0.000000,0.000000,0.000000,0.000000,0.000000,0.000000
31.149095,0.000000,0.000000,0.000000,0.000000,0.000000,0.000000
31.159095,0.000000,0.000000,0.000000,0.000000,0.000000,0.000000
31.169095,0.000000,0.000000,0.000000,0.000000,0.000000,0.000000
31.179095,0.000000,0.000000,0.000000,0.000000,0.000000,0.000000
31.189095,0.000000,0.000000,0.000000,0.000000,0.000000,0.000000
31.199095,0.000000,0.000000,0.000000,0.000000,0.000000,0.000000
31.209095,0.000000,0.000000,0.000000,0.000000,0.000000,0.000000
31.219095,0.000000,0.000000,0.000000,0.000000,0.000000,0.000000
31.229095,0.000000,0.000000,0.000000,0.000000,0.000000,0.000000
31.239095,0.000000,0.000000,0.000000,0.000000,0.000000,0.000000
31.249095,0.000000,0.000000,0.000000,0.000000,0.000000,0.000000
31.259095,0.000000,0.000000,0.000000,0.000000,0.000000,0.000000
31.269095,0.000000,0.000000,0.000000,0.000000,0.000000,0.000000
31.279095,0.000000,0.000000,0.000000,0.000000,0.000000,0.000000
31.289095,0.000000,0.000000,0.000000,0.000000,0.000000,0.000000
31.299095,0.000000,0.000000,0.000000,0.000000,0.000000,0.000000
31.309095,0.000000,0.000000,0.000000,0.000000,0.000000,0.000000
31.319095,0.000000,0.000000,0.000000,0.000000,0.000000,0.000000
31.329095,0.000000,0.000000,0.000000,0.000000,0.000000,0.000000
31.339095,0.000000,0.000000,0.000000,0.000000,0.000000,0.000000
31.349095,0.000000,0.000000,0.000000,0.000000,0.000000,0.000000
31.359095,0.000000,0.000000,0.000000,0.000000,0.000000,0.000000
31.369095,0.000000,0.000000,0.000000,0.000000,0.000000,0.000000
31.379095,0.000000,0.000000,0.000000,0.000000,0.000000,0.000000
31.389095,0.000000,0.000000,0.000000,0.000000,0.000000,0.000000
31.399095,0.000000,0.000000,0.000000,0.000000,0.000000,0.000000
31.409095,0.000000,0.000000,0.000000,0.000000,0.000000,0.000000
31.419095,0.000000,0.000000,0.000000,0.000000,0.000000,0.000000
31.429095,0.000000,0.000000,0.000000,0.000000,0.000000,0.000000
31.439095,0.000000,0.000000,0.000000,0.000000,0.000000,0.000000
31.449095,0.000000,0.000000,0.000000,0.000000,0.000000,0.000000
31.459095,0.000000,0.000000,0.000000,0.000000,0.000000,0.000000
31.469095,0.000000,0.000000,0.000000,0.000000,0.000000,0.000000
31.479095,0.000000,0.000000,0.000000,0.000000,0.000000,0.000000
31.489095,0.000000,0.000000,0.000000,0.000000,0.000000,0.000000
31.499095,0.000000,0.000000,0.000000,0.000000,0.000000,0.000000
31.509095,0.000000,0.000000,0.000000,0.000000,0.000000,0.000000
31.519095,0.000000,0.000000,0.000000,0.000000,0.000000,0.000000
31.529095,0.000000,0.000000,0.000000,0.000000,0.000000,0.000000
31.539095,0.000000,0.000000,0.000000,0.000000,0.000000,0.000000
31.549095,0.000000,0.000000,0.000000,0.000000,0.000000,0.000000
31.559095,0.000000,0.000000,0.000000,0.000000,0.000000,0.000000
31.569095,0.000000,0.000000,0.000000,0.000000,0.000000,0.000000
31.579095,0.000000,0.000000,0.000000,0.000000,0.000000,0.000000
31.589095,0.000000,0.000000,0.000000,0.000000,0.000000,0.000000
31.599095,0.000000,0.000000,0.000000,0.000000,0.000000,0.000000
31.609095,0.000000,0.000000,0.000000,0.000000,0.000000,0.000000
31.619095,0.000000,0.000000,0.000000,0.000000,0.000000,0.000000
31.629095,0.000000,0.000000,0.000000,0.000000,0.000000,0.000000
31.639095,0.000000,0.000000,0.000000,0.000000,0.000000,0.000000
31.649095,0.000000,0.000000,0.000000,0.000000,0.000000,0.000000
31.659095,0.000000,0.000000,0.000000,0.000000,0.000000,0.000000
31.669095,0.000000,0.000000,0.000000,0.000000,0.000000,0.000000
31.679095,0.000000,0.000000,0.000000,0.000000,0.000000,0.000000
31.689095,0.000000,0.000000,0.000000,0.000000,0.000000,0.000000
31.699095,0.000000,0.000000,0.000000,0.000000,0.000000,0.000000
31.709095,0.000000,0.000000,0.000000,0.000000,0.000000,0.000000
31.719095,0.000000,0.000000,0.000000,0.000000,0.000000,0.000000
31.729095,0.000000,0.000000,0.000000,0.000000,0.000000,0.000000
31.739095,0.000000,0.000000,0.000000,0.000000,0.000000,0.000000
31.749095,0.000000,0.000000,0.000000,0.000000,0.000000,0.000000
31.759095,0.000000,0.000000,0.000000,0.000000,0.000000,0.000000
31.769095,0.000000,0.000000,0.000000,0.000000,0.000000,0.000000
31.779095,0.000000,0.000000,0.000000,0.000000,0.000000,0.000000
31.789095,0.000000,0.000000,0.000000,0.000000,0.000000,0.000000
31.799095,0.000000,0.000000,0.000000,0.000000,0.000000,0.000000
31.809095,0.000000,0.000000,0.000000,0.000000,0.000000,0.000000
31.819095,0.000000,0.000000,0.000000,0.000000,0.000000,0.000000
31.829095,0.000000,0.000000,0.000000,0.000000,0.000000,0.000000
31.839095,0.000000,0.000000,0.000000,0.000000,0.000000,0.000000
31.849095,0.000000,0.000000,0.000000,0.000000,0.000000,0.000000
31.859095,0.000000,0.000000,0.000000,0.000000,0.000000,0.000000
31.869095,0.000000,0.000000,0.000000,0.000000,0.000000,0.000000
31.879095,0.000000,0.000000,0.000000,0.000000,0.000000,0.000000
31.889095,0.000000,0.000000,0.000000,0.000000,0.000000,0.000000
31.899095,0.000000,0.000000,0.000000,0.000000,0.000000,0.000000
31.909095,0.000000,0.000000,0.000000,0.000000,0.000000,0.000000
31.919095,0.000000,0.000000,0.000000,0.000000,0.000000,0.000000
31.929095,0.000000,0.000000,0.000000,0.000000,0.000000,0.000000
31.939095,0.000000,0.000000,0.000000,0.000000,0.000000,0.000000
31.949095,0.000000,0.000000,0.000000,0.000000,0.000000,0.000000
31.959095,0.000000,0.000000,0.000000,0.000000,0.000000,0.000000
31.969095,0.000000,0.000000,0.000000,0.000000,0.000000,0.000000
31.979095,0.000000,0.000000,0.000000,0.000000,0.000000,0.000000
31.989095,0.000000,0.000000,0.000000,0.000000,0.000000,0.000000
31.999095,0.000000,0.000000,0.000000,0.000000,0.000000,0.000000
32.009095,0.000000,0.000000,0.000000,0.000000,0.000000,0.000000
32.019095,0.000000,0.000000,0.000000,0.000000,0.000000,0.000000
32.029095,0.000000,0.000000,0.000000,0.000000,0.000000,0.000000
32.039095,0.000000,0.000000,0.000000,0.000000,0.000000,0.000000
32.049095,0.000000,0.000000,0.000000,0.000000,0.000000,0.000000
32.059095,0.000000,0.000000,0.000000,0.000000,0.000000,0.000000
32.069095,0.000000,0.000000,0.000000,0.000000,0.000000,0.000000
32.079095,0.000000,0.000000,0.000000,0.000000,0.000000,0.000000
32.089095,0.000000,0.000000,0.000000,0.000000,0.000000,0.000000
32.099095,0.000000,0.000000,0.000000,0.000000,0.000000,0.000000
32.109095,0.000000,0.000000,0.000000,0.000000,0.000000,0.000000
32.119095,0.000000,0.000000,0.000000,0.000000,0.000000,0.000000
32.129095,0.000000,0.000000,0.000000,0.000000,0.000000,0.000000
32.139095,0.000000,0.000000,0.000000,0.000000,0.000000,0.000000
32.149095,0.000000,0.000000,0.000000,0.000000,0.000000,0.000000
32.159095,0.000000,0.000000,0.000000,0.000000,0.000000,0.000000
32.169095,0.000000,0.000000,0.000000,0.000000,0.000000,0.000000
32.179095,0.000000,0.000000,0.000000,0.000000,0.000000,0.000000
32.189095,0.000000,0.000000,0.000000,0.000000,0.000000,0.000000
32.199095,0.000000,0.000000,0.000000,0.000000,0.000000,0.000000
32.209095,0.000000,0.000000,0.000000,0.000000,0.000000,0.000000
32.219095,0.000000,0.000000,0.000000,0.000000,0.000000,0.000000
32.229095,0.000000,0.000000,0.000000,0.000000,0.000000,0.000000
32.239095,0.000000,0.000000,0.000000,0.000000,0.000000,0.000000
32.249095,0.000000,0.000000,0.000000,0.000000,0.000000,0.000000
32.259095,0.000000,0.000000,0.000000,0.000000,0.000000,0.000000
32.269095,0.000000,0.000000,0.000000,0.000000,0.000000,0.000000
32.279095,0.000000,0.000000,0.000000,0.000000,0.000000,0.000000
32.289095,0.000000,0.000000,0.000000,0.000000,0.000000,0.000000
32.299095,0.000000,0.000000,0.000000,0.000000,0.000000,0.000000
32.309095,0.000000,0.000000,0.000000,0.000000,0.000000,0.000000
32.319095,0.000000,0.000000,0.000000,0.000000,0.000000,0.000000
32.329095,0.000000,0.000000,0.000000,0.000000,0.000000,0.000000
32.339095,0.000000,0.000000,0.000000,0.000000,0.000000,0.000000
32.349095,0.000000,0.000000,0.000000,0.000000,0.000000,0.000000
32.359095,0.000000,0.000000,0.000000,0.000000,0.000000,0.000000
32.369095,0.000000,0.000000,0.000000,0.000000,0.000000,0.000000
32.379095,0.000000,0.000000,0.000000,0.000000,0.000000,0.000000
32.389095,0.000000,0.000000,0.000000,0.000000,0.000000,0.000000
32.399095,0.000000,0.000000,0.000000,0.000000,0.000000,0.000000
32.409095,0.000000,0.000000,0.000000,0.000000,0.000000,0.000000
32.419095,0.000000,0.000000,0.000000,0.000000,0.000000,0.000000
32.429095,0.000000,0.000000,0.000000,0.000000,0.000000,0.000000
32.439095,0.000000,0.000000,0.000000,0.000000,0.000000,0.000000
32.449095,0.000000,0.000000,0.000000,0.000000,0.000000,0.000000
32.459095,0.000000,0.000000,0.000000,0.000000,0.000000,0.000000
32.469095,0.000000,0.000000,0.000000,0.000000,0.000000,0.000000
32.479095,0.000000,0.000000,0.000000,0.000000,0.000000,0.000000
32.489095,0.000000,0.000000,0.000000,0.000000,0.000000,0.000000
32.499095,0.000000,0.000000,0.000000,0.000000,0.000000,0.000000
32.509095,0.000000,0.000000,0.000000,0.000000,0.000000,0.000000
32.519095,0.000000,0.000000,0.000000,0.000000,0.000000,0.000000
32.529095,0.000000,0.000000,0.000000,0.000000,0.000000,0.000000
32.539095,0.000000,0.000000,0.000000,0.000000,0.000000,0.000000
32.549095,0.000000,0.000000,0.000000,0.000000,0.000000,0.000000
32.559095,0.000000,0.000000,0.000000,0.000000,0.000000,0.000000
32.569095,0.000000,0.000000,0.000000,0.000000,0.000000,0.000000
32.579095,0.000000,0.000000,0.000000,0.000000,0.000000,0.000000
32.589095,0.000000,0.000000,0.000000,0.000000,0.000000,0.000000
32.599095,0.000000,0.000000,0.000000,0.000000,0.000000,0.000000
32.609095,0.000000,0.000000,0.000000,0.000000,0.000000,0.000000
32.619095,0.000000,0.000000,0.000000,0.000000,0.000000,0.000000
32.629095,0.000000,0.000000,0.000000,0.000000,0.000000,0.000000
32.639095,0.000000,0.000000,0.000000,0.000000,0.000000,0.000000
32.649095,0.000000,0.000000,0.000000,0.000000,0.000000,0.000000
32.659095,0.000000,0.000000,0.000000,0.000000,0.000000,0.000000
32.669095,0.000000,0.000000,0.000000,0.000000,0.000000,0.000000
32.679095,0.000000,0.000000,0.000000,0.000000,0.000000,0.000000
32.689095,0.000000,0.000000,0.000000,0.000000,0.000000,0.000000
32.699095,0.000000,0.000000,0.000000,0.000000,0.000000,0.000000
32.709095,0.000000,0.000000,0.000000,0.000000,0.000000,0.000000
32.719095,0.000000,0.000000,0.000000,0.000000,0.000000,0.000000
32.729095,0.000000,0.000000,0.000000,0.000000,0.000000,0.000000
32.739095,0.000000,0.000000,0.000000,0.000000,0.000000,0.000000
32.749095,0.000000,0.000000,0.000000,0.000000,0.000000,0.000000
32.759095,0.000000,0.000000,0.000000,0.000000,0.000000,0.000000
32.769095,0.000000,0.000000,0.000000,0.000000,0.000000,0.000000
32.779095,0.000000,0.000000,0.000000,0.000000,0.000000,0.000000
32.789095,0.000000,0.000000,0.000000,0.000000,0.000000,0.000000
32.799095,0.000000,0.000000,0.000000,0.000000,0.000000,0.000000
32.809095,0.000000,0.000000,0.000000,0.000000,0.000000,0.000000
32.819095,0.000000,0.000000,0.000000,0.000000,0.000000,0.000000
32.829095,0.000000,0.000000,0.000000,0.000000,0.000000,0.000000
32.839095,0.000000,0.000000,0.000000,0.000000,0.000000,0.000000
32.849095,0.000000,0.000000,0.000000,0.000000,0.000000,0.000000
32.859095,0.000000,0.000000,0.000000,0.000000,0.000000,0.000000
32.869095,0.000000,0.000000,0.000000,0.000000,0.000000,0.000000
32.879095,0.000000,0.000000,0.000000,0.000000,0.000000,0.000000
32.889095,0.000000,0.000000,0.000000,0.000000,0.000000,0.000000
32.899095,0.000000,0.000000,0.000000,0.000000,0.000000,0.000000
32.909095,0.000000,0.000000,0.000000,0.000000,0.000000,0.000000
32.919095,0.000000,0.000000,0.000000,0.000000,0.000000,0.000000
32.929095,0.000000,0.000000,0.000000,0.000000,0.000000,0.000000
32.939095,0.000000,0.000000,0.000000,0.000000,0.000000,0.000000
32.949095,0.000000,0.000000,0.000000,0.000000,0.000000,0.000000
32.959095,0.000000,0.000000,0.000000,0.000000,0.000000,0.000000
32.969095,0.000000,0.000000,0.000000,0.000000,0.000000,0.000000
32.979095,0.000000,0.000000,0.000000,0.000000,0.000000,0.000000
32.989095,0.000000,0.000000,0.000000,0.000000,0.000000,0.000000
32.999095,0.000000,0.000000,0.000000,0.000000,0.000000,0.000000
33.009095,0.000000,0.000000,0.000000,0.000000,0.000000,0.000000
33.019095,0.000000,0.000000,0.000000,0.000000,0.000000,0.000000
33.029095,0.000000,0.000000,0.000000,0.000000,0.000000,0.000000
33.039095,0.000000,0.000000,0.000000,0.000000,0.000000,0.000000
33.049095,0.000000,0.000000,0.000000,0.000000,0.000000,0.000000
33.059095,0.000000,0.000000,0.000000,0.000000,0.000000,0.000000
33.069095,0.000000,0.000000,0.000000,0.000000,0.000000,0.000000
33.079095,0.000000,0.000000,0.000000,0.000000,0.000000,0.000000
33.089095,0.000000,0.000000,0.000000,0.000000,0.000000,0.000000
33.099095,0.000000,0.000000,0.000000,0.000000,0.000000,0.000000
33.109095,0.000000,0.000000,0.000000,0.000000,0.000000,0.000000
33.119095,0.000000,0.000000,0.000000,0.000000,0.000000,0.000000
33.129095,0.000000,0.000000,0.000000,0.000000,0.000000,0.000000
33.139095,0.000000,0.000000,0.000000,0.000000,0.000000,0.000000
33.149095,0.000000,0.000000,0.000000,0.000000,0.000000,0.000000
33.159095,0.000000,0.000000,0.000000,0.000000,0.000000,0.000000
33.169095,0.000000,0.000000,0.000000,0.000000,0.000000,0.000000
33.179095,0.000000,0.000000,0.000000,0.000000,0.000000,0.000000
33.189095,0.000000,0.000000,0.000000,0.000000,0.000000,0.000000
33.199095,0.000000,0.000000,0.000000,0.000000,0.000000,0.000000
33.209095,0.000000,0.000000,0.000000,0.000000,0.000000,0.000000
33.219095,0.000000,0.000000,0.000000,0.000000,0.000000,0.000000
33.229095,0.000000,0.000000,0.000000,0.000000,0.000000,0.000000
33.239095,0.000000,0.000000,0.000000,0.000000,0.000000,0.000000
33.249095,0.000000,0.000000,0.000000,0.000000,0.000000,0.000000
33.259095,0.000000,0.000000,0.000000,0.000000,0.000000,0.000000
33.269095,0.000000,0.000000,0.000000,0.000000,0.000000,0.000000
33.279095,0.000000,0.000000,0.000000,0.000000,0.000000,0.000000
33.289095,0.000000,0.000000,0.000000,0.000000,0.000000,0.000000
33.299095,0.000000,0.000000,0.000000,0.000000,0.000000,0.000000
33.309095,0.000000,0.000000,0.000000,0.000000,0.000000,0.000000
33.319095,0.000000,0.000000,0.000000,0.000000,0.000000,0.000000
33.329095,0.000000,0.000000,0.000000,0.000000,0.000000,0.000000
33.339095,0.000000,0.000000,0.000000,0.000000,0.000000,0.000000
33.349095,0.000000,0.000000,0.000000,0.000000,0.000000,0.000000
33.359095,0.000000,0.000000,0.000000,0.000000,0.000000,0.000000
33.369095,0.000000,0.000000,0.000000,0.000000,0.000000,0.000000
33.379095,0.000000,0.000000,0.000000,0.000000,0.000000,0.000000
33.389095,0.000000,0.000000,0.000000,0.000000,0.000000,0.000000
33.399095,0.000000,0.000000,0.000000,0.000000,0.000000,0.000000
33.409095,0.000000,0.000000,0.000000,0.000000,0.000000,0.000000
33.419095,0.000000,0.000000,0.000000,0.000000,0.000000,0.000000
33.429095,0.000000,0.000000,0.000000,0.000000,0.000000,0.000000
33.439095,0.000000,0.000000,0.000000,0.000000,0.000000,0.000000
33.449095,0.000000,0.000000,0.000000,0.000000,0.000000,0.000000
33.459095,0.000000,0.000000,0.000000,0.000000,0.000000,0.000000
33.469095,0.000000,0.000000,0.000000,0.000000,0.000000,0.000000
33.479095,0.000000,0.000000,0.000000,0.000000,0.000000,0.000000
33.489095,0.000000,0.000000,0.000000,0.000000,0.000000,0.000000
33.499095,0.000000,0.000000,0.000000,0.000000,0.000000,0.000000
33.509095,0.000000,0.000000,0.000000,0.000000,0.000000,0.000000
33.519095,0.000000,0.000000,0.000000,0.000000,0.000000,0.000000
33.529095,0.000000,0.000000,0.000000,0.000000,0.000000,0.000000
33.539095,0.000000,0.000000,0.000000,0.000000,0.000000,0.000000
33.549095,0.000000,0.000000,0.000000,0.000000,0.000000,0.000000
33.559095,0.000000,0.000000,0.000000,0.000000,0.000000,0.000000
33.569095,0.000000,0.000000,0.000000,0.000000,0.000000,0.000000
33.579095,0.000000,0.000000,0.000000,0.000000,0.000000,0.000000
33.589095,0.000000,0.000000,0.000000,0.000000,0.000000,0.000000
33.599095,0.000000,0.000000,0.000000,0.000000,0.000000,0.000000
33.609095,0.000000,0.000000,0.000000,0.000000,0.000000,0.000000
33.619095,0.000000,0.000000,0.000000,0.000000,0.000000,0.000000
33.629095,0.000000,0.000000,0.000000,0.000000,0.000000,0.000000
33.639095,0.000000,0.000000,0.000000,0.000000,0.000000,0.000000
33.649095,0.000000,0.000000,0.000000,0.000000,0.000000,0.000000
33.659095,0.000000,0.000000,0.000000,0.000000,0.000000,0.000000
33.669095,0.000000,0.000000,0.000000,0.000000,0.000000,0.000000
33.679095,0.000000,0.000000,0.000000,0.000000,0.000000,0.000000
33.689095,0.000000,0.000000,0.000000,0.000000,0.000000,0.000000
33.699095,0.000000,0.000000,0.000000,0.000000,0.000000,0.000000
33.709095,0.000000,0.000000,0.000000,0.000000,0.000000,0.000000
33.719095,0.000000,0.000000,0.000000,0.000000,0.000000,0.000000
33.729095,0.000000,0.000000,0.000000,0.000000,0.000000,0.000000
33.739095,0.000000,0.000000,0.000000,0.000000,0.000000,0.000000
33.749095,0.000000,0.000000,0.000000,0.000000,0.000000,0.000000
33.759095,0.000000,0.000000,0.000000,0.000000,0.000000,0.000000
33.769095,0.000000,0.000000,0.000000,0.000000,0.000000,0.000000
33.779095,0.000000,0.000000,0.000000,0.000000,0.000000,0.000000
33.789095,0.000000,0.000000,0.000000,0.000000,0.000000,0.000000
33.799095,0.000000,0.000000,0.000000,0.000000,0.000000,0.000000
33.809095,0.000000,0.000000,0.000000,0.000000,0.000000,0.000000
33.819095,0.000000,0.000000,0.000000,0.000000,0.000000,0.000000
33.829095,0.000000,0.000000,0.000000,0.000000,0.000000,0.000000
33.839095,0.000000,0.000000,0.000000,0.000000,0.000000,0.000000
33.849095,0.000000,0.000000,0.000000,0.000000,0.000000,0.000000
33.859095,0.000000,0.000000,0.000000,0.000000,0.000000,0.000000
33.869095,0.000000,0.000000,0.000000,0.000000,0.000000,0.000000
33.879095,0.000000,0.000000,0.000000,0.000000,0.000000,0.000000
33.889095,0.000000,0.000000,0.000000,0.000000,0.000000,0.000000
33.899095,0.000000,0.000000,0.000000,0.000000,0.000000,0.000000
33.909095,0.000000,0.000000,0.000000,0.000000,0.000000,0.000000
33.919095,0.000000,0.000000,0.000000,0.000000,0.000000,0.000000
33.929095,0.000000,0.000000,0.000000,0.000000,0.000000,0.000000
33.939095,0.000000,0.000000,0.000000,0.000000,0.000000,0.000000
33.949095,0.000000,0.000000,0.000000,0.000000,0.000000,0.000000
33.959095,0.000000,0.000000,0.000000,0.000000,0.000000,0.000000
33.969095,0.000000,0.000000,0.000000,0.000000,0.000000,0.000000
33.979095,0.000000,0.000000,0.000000,0.000000,0.000000,0.000000
33.989095,0.000000,0.000000,0.000000,0.000000,0.000000,0.000000
33.999095,0.000000,0.000000,0.000000,0.000000,0.000000,0.000000
34.009095,0.000000,0.000000,0.000000,0.000000,0.000000,0.000000
34.019095,0.000000,0.000000,0.000000,0.000000,0.000000,0.000000
34.029095,0.000000,0.000000,0.000000,0.000000,0.000000,0.000000
34.039095,0.000000,0.000000,0.000000,0.000000,0.000000,0.000000
34.049095,0.000000,0.000000,0.000000,0.000000,0.000000,0.000000
34.059095,0.000000,0.000000,0.000000,0.000000,0.000000,0.000000
34.069095,0.000000,0.000000,0.000000,0.000000,0.000000,0.000000
34.079095,0.000000,0.000000,0.000000,0.000000,0.000000,0.000000
34.089095,0.000000,0.000000,0.000000,0.000000,0.000000,0.000000
34.099095,0.000000,0.000000,0.000000,0.000000,0.000000,0.000000
34.109095,0.000000,0.000000,0.000000,0.000000,0.000000,0.000000
34.119095,0.000000,0.000000,0.000000,0.000000,0.000000,0.000000
34.129095,0.000000,0.000000,0.000000,0.000000,0.000000,0.000000
34.139095,0.000000,0.000000,0.000000,0.000000,0.000000,0.000000
34.149095,0.000000,0.000000,0.000000,0.000000,0.000000,0.000000
34.159095,0.000000,0.000000,0.000000,0.000000,0.000000,0.000000
34.169095,0.000000,0.000000,0.000000,0.000000,0.000000,0.000000
34.179095,0.000000,0.000000,0.000000,0.000000,0.000000,0.000000
34.189095,0.000000,0.000000,0.000000,0.000000,0.000000,0.000000
34.199095,0.000000,0.000000,0.000000,0.000000,0.000000,0.000000
34.209095,0.000000,0.000000,0.000000,0.000000,0.000000,0.000000
34.219095,0.000000,0.000000,0.000000,0.000000,0.000000,0.000000
34.229095,0.000000,0.000000,0.000000,0.000000,0.000000,0.000000
34.239095,0.000000,0.000000,0.000000,0.000000,0.000000,0.000000
34.249095,0.000000,0.000000,0.000000,0.000000,0.000000,0.000000
34.259095,0.000000,0.000000,0.000000,0.000000,0.000000,0.000000
34.269095,0.000000,0.000000,0.000000,0.000000,0.000000,0.000000
34.279095,0.000000,0.000000,0.000000,0.000000,0.000000,0.000000
34.289095,0.000000,0.000000,0.000000,0.000000,0.000000,0.000000
34.299095,0.000000,0.000000,0.000000,0.000000,0.000000,0.000000
34.309095,0.000000,0.000000,0.000000,0.000000,0.000000,0.000000
34.319095,0.000000,0.000000,0.000000,0.000000,0.000000,0.000000
34.329095,0.000000,0.000000,0.000000,0.000000,0.000000,0.000000
34.339095,0.000000,0.000000,0.000000,0.000000,0.000000,0.000000
34.349095,0.000000,0.000000,0.000000,0.000000,0.000000,0.000000
34.359095,0.000000,0.000000,0.000000,0.000000,0.000000,0.000000
34.369095,0.000000,0.000000,0.000000,0.000000,0.000000,0.000000
34.379095,0.000000,0.000000,0.000000,0.000000,0.000000,0.000000
34.389095,0.000000,0.000000,0.000000,0.000000,0.000000,0.000000
34.399095,0.000000,0.000000,0.000000,0.000000,0.000000,0.000000
34.409095,0.000000,0.000000,0.000000,0.000000,0.000000,0.000000
34.419095,0.000000,0.000000,0.000000,0.000000,0.000000,0.000000
34.429095,0.000000,0.000000,0.000000,0.000000,0.000000,0.000000
34.439095,0.000000,0.000000,0.000000,0.000000,0.000000,0.000000
34.449095,0.000000,0.000000,0.000000,0.000000,0.000000,0.000000
34.459095,0.000000,0.000000,0.000000,0.000000,0.000000,0.000000
34.469095,0.000000,0.000000,0.000000,0.000000,0.000000,0.000000
34.479095,0.000000,0.000000,0.000000,0.000000,0.000000,0.000000
34.489095,0.000000,0.000000,0.000000,0.000000,0.000000,0.000000
34.499095,0.000000,0.000000,0.000000,0.000000,0.000000,0.000000
34.509095,0.000000,0.000000,0.000000,0.000000,0.000000,0.000000
34.519095,0.000000,0.000000,0.000000,0.000000,0.000000,0.000000
34.529095,0.000000,0.000000,0.000000,0.000000,0.000000,0.000000
34.539095,0.000000,0.000000,0.000000,0.000000,0.000000,0.000000
34.549095,0.000000,0.000000,0.000000,0.000000,0.000000,0.000000
34.559095,0.000000,0.000000,0.000000,0.000000,0.000000,0.000000
34.569095,0.000000,0.000000,0.000000,0.000000,0.000000,0.000000
34.579095,0.000000,0.000000,0.000000,0.000000,0.000000,0.000000
34.589095,0.000000,0.000000,0.000000,0.000000,0.000000,0.000000
34.599095,0.000000,0.000000,0.000000,0.000000,0.000000,0.000000
34.609095,0.000000,0.000000,0.000000,0.000000,0.000000,0.000000
34.619095,0.000000,0.000000,0.000000,0.000000,0.000000,0.000000
34.629095,0.000000,0.000000,0.000000,0.000000,0.000000,0.000000
34.639095,0.000000,0.000000,0.000000,0.000000,0.000000,0.000000
34.649095,0.000000,0.000000,0.000000,0.000000,0.000000,0.000000
34.659095,0.000000,0.000000,0.000000,0.000000,0.000000,0.000000
34.669095,0.000000,0.000000,0.000000,0.000000,0.000000,0.000000
34.679095,0.000000,0.000000,0.000000,0.000000,0.000000,0.000000
34.689095,0.000000,0.000000,0.000000,0.000000,0.000000,0.000000
34.699095,0.000000,0.000000,0.000000,0.000000,0.000000,0.000000
34.709095,0.000000,0.000000,0.000000,0.000000,0.000000,0.000000
34.719095,0.000000,0.000000,0.000000,0.000000,0.000000,0.000000
34.729095,0.000000,0.000000,0.000000,0.000000,0.000000,0.000000
34.739095,0.000000,0.000000,0.000000,0.000000,0.000000,0.000000
34.749095,0.000000,0.000000,0.000000,0.000000,0.000000,0.000000
34.759095,0.000000,0.000000,0.000000,0.000000,0.000000,0.000000
34.769095,0.000000,0.000000,0.000000,0.000000,0.000000,0.000000
34.779095,0.000000,0.000000,0.000000,0.000000,0.000000,0.000000
34.789095,0.000000,0.000000,0.000000,0.000000,0.000000,0.000000
34.799095,0.000000,0.000000,0.000000,0.000000,0.000000,0.000000
34.809095,0.000000,0.000000,0.000000,0.000000,0.000000,0.000000
34.819095,0.000000,0.000000,0.000000,0.000000,0.000000,0.000000
34.829095,0.000000,0.000000,0.000000,0.000000,0.000000,0.000000
34.839095,0.000000,0.000000,0.000000,0.000000,0.000000,0.000000
34.849095,0.000000,0.000000,0.000000,0.000000,0.000000,0.000000
34.859095,0.000000,0.000000,0.000000,0.000000,0.000000,0.000000
34.869095,0.000000,0.000000,0.000000,0.000000,0.000000,0.000000
34.879095,0.000000,0.000000,0.000000,0.000000,0.000000,0.000000
34.889095,0.000000,0.000000,0.000000,0.000000,0.000000,0.000000
34.899095,0.000000,0.000000,0.000000,0.000000,0.000000,0.000000
34.909095,0.000000,0.000000,0.000000,0.000000,0.000000,0.000000
34.919095,0.000000,0.000000,0.000000,0.000000,0.000000,0.000000
34.929095,0.000000,0.000000,0.000000,0.000000,0.000000,0.000000
34.939095,0.000000,0.000000,0.000000,0.000000,0.000000,0.000000
34.949095,0.000000,0.000000,0.000000,0.000000,0.000000,0.000000
34.959095,0.000000,0.000000,0.000000,0.000000,0.000000,0.000000
34.969095,0.000000,0.000000,0.000000,0.000000,0.000000,0.000000
34.979095,0.000000,0.000000,0.000000,0.000000,0.000000,0.000000
34.989095,0.000000,0.000000,0.000000,0.000000,0.000000,0.000000
34.999095,0.000000,0.000000,0.000000,0.000000,0.000000,0.000000
35.009095,0.000000,0.000000,0.000000,0.000000,0.000000,0.000000
35.019095,0.000000,0.000000,0.000000,0.000000,0.000000,0.000000
35.029095,0.000000,0.000000,0.000000,0.000000,0.000000,0.000000
35.039095,0.000000,0.000000,0.000000,0.000000,0.000000,0.000000
35.049095,0.000000,0.000000,0.000000,0.000000,0.000000,0.000000
35.059095,0.000000,0.000000,0.000000,0.000000,0.000000,0.000000
35.069095,0.000000,0.000000,0.000000,0.000000,0.000000,0.000000
35.079095,0.000000,0.000000,0.000000,0.000000,0.000000,0.000000
35.089095,0.000000,0.000000,0.000000,0.000000,0.000000,0.000000
35.099095,0.000000,0.000000,0.000000,0.000000,0.000000,0.000000
35.109095,0.000000,0.000000,0.000000,0.000000,0.000000,0.000000
35.119095,0.000000,0.000000,0.000000,0.000000,0.000000,0.000000
35.129095,0.000000,0.000000,0.000000,0.000000,0.000000,0.000000
35.139095,0.000000,0.000000,0.000000,0.000000,0.000000,0.000000
35.149095,0.000000,0.000000,0.000000,0.000000,0.000000,0.000000
35.159095,0.000000,0.000000,0.000000,0.000000,0.000000,0.000000
35.169095,0.000000,0.000000,0.000000,0.000000,0.000000,0.000000
35.179095,0.000000,0.000000,0.000000,0.000000,0.000000,0.000000
35.189095,0.000000,0.000000,0.000000,0.000000,0.000000,0.000000
35.199095,0.000000,0.000000,0.000000,0.000000,0.000000,0.000000
35.209095,0.000000,0.000000,0.000000,0.000000,0.000000,0.000000
35.219095,0.000000,0.000000,0.000000,0.000000,0.000000,0.000000
35.229095,0.000000,0.000000,0.000000,0.000000,0.000000,0.000000
35.239095,0.000000,0.000000,0.000000,0.000000,0.000000,0.000000
35.249095,0.000000,0.000000,0.000000,0.000000,0.000000,0.000000
35.259095,0.000000,0.000000,0.000000,0.000000,0.000000,0.000000
35.269095,0.000000,0.000000,0.000000,0.000000,0.000000,0.000000
35.279095,0.000000,0.000000,0.000000,0.000000,0.000000,0.000000
35.289095,0.000000,0.000000,0.000000,0.000000,0.000000,0.000000
35.299095,0.000000,0.000000,0.000000,0.000000,0.000000,0.000000
35.309095,0.000000,0.000000,0.000000,0.000000,0.000000,0.000000
35.319095,0.000000,0.000000,0.000000,0.000000,0.000000,0.000000
35.329095,0.000000,0.000000,0.000000,0.000000,0.000000,0.000000
35.339095,0.000000,0.000000,0.000000,0.000000,0.000000,0.000000
35.349095,0.000000,0.000000,0.000000,0.000000,0.000000,0.000000
35.359095,0.000000,0.000000,0.000000,0.000000,0.000000,0.000000
35.369095,0.000000,0.000000,0.000000,0.000000,0.000000,0.000000
35.379095,0.000000,0.000000,0.000000,0.000000,0.000000,0.000000
35.389095,0.000000,0.000000,0.000000,0.000000,0.000000,0.000000
35.399095,0.000000,0.000000,0.000000,0.000000,0.000000,0.000000
35.409095,0.000000,0.000000,0.000000,0.000000,0.000000,0.000000
35.419095,0.000000,0.000000,0.000000,0.000000,0.000000,0.000000
35.429095,0.000000,0.000000,0.000000,0.000000,0.000000,0.000000
35.439095,0.000000,0.000000,0.000000,0.000000,0.000000,0.000000
35.449095,0.000000,0.000000,0.000000,0.000000,0.000000,0.000000
35.459095,0.000000,0.000000,0.000000,0.000000,0.000000,0.000000
35.469095,0.000000,0.000000,0.000000,0.000000,0.000000,0.000000
35.479095,0.000000,0.000000,0.000000,0.000000,0.000000,0.000000
35.489095,0.000000,0.000000,0.000000,0.000000,0.000000,0.000000
35.499095,0.000000,0.000000,0.000000,0.000000,0.000000,0.000000
35.509095,0.000000,0.000000,0.000000,0.000000,0.000000,0.000000
35.519095,0.000000,0.000000,0.000000,0.000000,0.000000,0.000000
35.529095,0.000000,0.000000,0.000000,0.000000,0.000000,0.000000
35.539095,0.000000,0.000000,0.000000,0.000000,0.000000,0.000000
35.549095,0.000000,0.000000,0.000000,0.000000,0.000000,0.000000
35.559095,0.000000,0.000000,0.000000,0.000000,0.000000,0.000000
35.569095,0.000000,0.000000,0.000000,0.000000,0.000000,0.000000
35.579095,0.000000,0.000000,0.000000,0.000000,0.000000,0.000000
35.589095,0.000000,0.000000,0.000000,0.000000,0.000000,0.000000
35.599095,0.000000,0.000000,0.000000,0.000000,0.000000,0.000000
35.609095,0.000000,0.000000,0.000000,0.000000,0.000000,0.000000
35.619095,0.000000,0.000000,0.000000,0.000000,0.000000,0.000000
35.629095,0.000000,0.000000,0.000000,0.000000,0.000000,0.000000
35.639095,0.000000,0.000000,0.000000,0.000000,0.000000,0.000000
35.649095,0.000000,0.000000,0.000000,0.000000,0.000000,0.000000
35.659095,0.000000,0.000000,0.000000,0.000000,0.000000,0.000000
35.669095,0.000000,0.000000,0.000000,0.000000,0.000000,0.000000
35.679095,0.000000,0.000000,0.000000,0.000000,0.000000,0.000000
35.689095,0.000000,0.000000,0.000000,0.000000,0.000000,0.000000
35.699095,0.000000,0.000000,0.000000,0.000000,0.000000,0.000000
35.709095,0.000000,0.000000,0.000000,0.000000,0.000000,0.000000
35.719095,0.000000,0.000000,0.000000,0.000000,0.000000,0.000000
35.729095,0.000000,0.000000,0.000000,0.000000,0.000000,0.000000
35.739095,0.000000,0.000000,0.000000,0.000000,0.000000,0.000000
35.749095,0.000000,0.000000,0.000000,0.000000,0.000000,0.000000
35.759095,0.000000,0.000000,0.000000,0.000000,0.000000,0.000000
35.769095,0.000000,0.000000,0.000000,0.000000,0.000000,0.000000
35.779095,0.000000,0.000000,0.000000,0.000000,0.000000,0.000000
35.789095,0.000000,0.000000,0.000000,0.000000,0.000000,0.000000
35.799095,0.000000,0.000000,0.000000,0.000000,0.000000,0.000000
35.809095,0.000000,0.000000,0.000000,0.000000,0.000000,0.000000
35.819095,0.000000,0.000000,0.000000,0.000000,0.000000,0.000000
35.829095,0.000000,0.000000,0.000000,0.000000,0.000000,0.000000
35.839095,0.000000,0.000000,0.000000,0.000000,0.000000,0.000000
35.849095,0.000000,0.000000,0.000000,0.000000,0.000000,0.000000
35.859095,0.000000,0.000000,0.000000,0.000000,0.000000,0.000000
35.869095,0.000000,0.000000,0.000000,0.000000,0.000000,0.000000
35.879095,0.000000,0.000000,0.000000,0.000000,0.000000,0.000000
35.889095,0.000000,0.000000,0.000000,0.000000,0.000000,0.000000
35.899095,0.000000,0.000000,0.000000,0.000000,0.000000,0.000000
35.909095,0.000000,0.000000,0.000000,0.000000,0.000000,0.000000
35.919095,0.000000,0.000000,0.000000,0.000000,0.000000,0.000000
35.929095,0.000000,0.000000,0.000000,0.000000,0.000000,0.000000
35.939095,0.000000,0.000000,0.000000,0.000000,0.000000,0.000000
35.949095,0.000000,0.000000,0.000000,0.000000,0.000000,0.000000
35.959095,0.000000,0.000000,0.000000,0.000000,0.000000,0.000000
35.969095,0.000000,0.000000,0.000000,0.000000,0.000000,0.000000
35.979095,0.000000,0.000000,0.000000,0.000000,0.000000,0.000000
35.989095,0.000000,0.000000,0.000000,0.000000,0.000000,0.000000
35.999095,0.000000,0.000000,0.000000,0.000000,0.000000,0.000000
36.009095,0.000000,0.000000,0.000000,0.000000,0.000000,0.000000
36.019095,0.000000,0.000000,0.000000,0.000000,0.000000,0.000000
36.029095,0.000000,0.000000,0.000000,0.000000,0.000000,0.000000
36.039095,0.000000,0.000000,0.000000,0.000000,0.000000,0.000000
36.049095,0.000000,0.000000,0.000000,0.000000,0.000000,0.000000
36.059095,0.000000,0.000000,0.000000,0.000000,0.000000,0.000000
36.069095,0.000000,0.000000,0.000000,0.000000,0.000000,0.000000
36.079095,0.000000,0.000000,0.000000,0.000000,0.000000,0.000000
36.089095,0.000000,0.000000,0.000000,0.000000,0.000000,0.000000
36.099095,0.000000,0.000000,0.000000,0.000000,0.000000,0.000000
36.109095,0.000000,0.000000,0.000000,0.000000,0.000000,0.000000
36.119095,0.000000,0.000000,0.000000,0.000000,0.000000,0.000000
36.129095,0.000000,0.000000,0.000000,0.000000,0.000000,0.000000
36.139095,0.000000,0.000000,0.000000,0.000000,0.000000,0.000000
36.149095,0.000000,0.000000,0.000000,0.000000,0.000000,0.000000
36.159095,0.000000,0.000000,0.000000,0.000000,0.000000,0.000000
36.169095,0.000000,0.000000,0.000000,0.000000,0.000000,0.000000
36.179095,0.000000,0.000000,0.000000,0.000000,0.000000,0.000000
36.189095,0.000000,0.000000,0.000000,0.000000,0.000000,0.000000
36.199095,0.000000,0.000000,0.000000,0.000000,0.000000,0.000000
36.209095,0.000000,0.000000,0.000000,0.000000,0.000000,0.000000
36.219095,0.000000,0.000000,0.000000,0.000000,0.000000,0.000000
36.229095,0.000000,0.000000,0.000000,0.000000,0.000000,0.000000
36.239095,0.000000,0.000000,0.000000,0.000000,0.000000,0.000000
36.249095,0.000000,0.000000,0.000000,0.000000,0.000000,0.000000
36.259095,0.000000,0.000000,0.000000,0.000000,0.000000,0.000000
36.269095,0.000000,0.000000,0.000000,0.000000,0.000000,0.000000
36.279095,0.000000,0.000000,0.000000,0.000000,0.000000,0.000000
36.289095,0.000000,0.000000,0.000000,0.000000,0.000000,0.000000
36.299095,0.000000,0.000000,0.000000,0.000000,0.000000,0.000000
36.309095,0.000000,0.000000,0.000000,0.000000,0.000000,0.000000
36.319095,0.000000,0.000000,0.000000,0.000000,0.000000,0.000000
36.329095,0.000000,0.000000,0.000000,0.000000,0.000000,0.000000
36.339095,0.000000,0.000000,0.000000,0.000000,0.000000,0.000000
36.349095,0.000000,0.000000,0.000000,0.000000,0.000000,0.000000
36.359095,0.000000,0.000000,0.000000,0.000000,0.000000,0.000000
36.369095,0.000000,0.000000,0.000000,0.000000,0.000000,0.000000
36.379095,0.000000,0.000000,0.000000,0.000000,0.000000,0.000000
36.389095,0.000000,0.000000,0.000000,0.000000,0.000000,0.000000
36.399095,0.000000,0.000000,0.000000,0.000000,0.000000,0.000000
36.409095,0.000000,0.000000,0.000000,0.000000,0.000000,0.000000
36.419095,0.000000,0.000000,0.000000,0.000000,0.000000,0.000000
36.429095,0.000000,0.000000,0.000000,0.000000,0.000000,0.000000
36.439095,0.000000,0.000000,0.000000,0.000000,0.000000,0.000000
36.449095,0.000000,0.000000,0.000000,0.000000,0.000000,0.000000
36.459095,0.000000,0.000000,0.000000,0.000000,0.000000,0.000000
36.469095,0.000000,0.000000,0.000000,0.000000,0.000000,0.000000
36.479095,0.000000,0.000000,0.000000,0.000000,0.000000,0.000000
36.489095,0.000000,0.000000,0.000000,0.000000,0.000000,0.000000
36.499095,0.000000,0.000000,0.000000,0.000000,0.000000,0.000000
36.509095,0.000000,0.000000,0.000000,0.000000,0.000000,0.000000
36.519095,0.000000,0.000000,0.000000,0.000000,0.000000,0.000000
36.529095,0.000000,0.000000,0.000000,0.000000,0.000000,0.000000
36.539095,0.000000,0.000000,0.000000,0.000000,0.000000,0.000000
36.549095,0.000000,0.000000,0.000000,0.000000,0.000000,0.000000
36.559095,0.000000,0.000000,0.000000,0.000000,0.000000,0.000000
36.569095,0.000000,0.000000,0.000000,0.000000,0.000000,0.000000
36.579095,0.000000,0.000000,0.000000,0.000000,0.000000,0.000000
36.589095,0.000000,0.000000,0.000000,0.000000,0.000000,0.000000
36.599095,0.000000,0.000000,0.000000,0.000000,0.000000,0.000000
36.609095,0.000000,0.000000,0.000000,0.000000,0.000000,0.000000
36.619095,0.000000,0.000000,0.000000,0.000000,0.000000,0.000000
36.629095,0.000000,0.000000,0.000000,0.000000,0.000000,0.000000
36.639095,0.000000,0.000000,0.000000,0.000000,0.000000,0.000000
36.649095,0.000000,0.000000,0.000000,0.000000,0.000000,0.000000
36.659095,0.000000,0.000000,0.000000,0.000000,0.000000,0.000000
36.669095,0.000000,0.000000,0.000000,0.000000,0.000000,0.000000
36.679095,0.000000,0.000000,0.000000,0.000000,0.000000,0.000000
36.689095,0.000000,0.000000,0.000000,0.000000,0.000000,0.000000
36.699095,0.000000,0.000000,0.000000,0.000000,0.000000,0.000000
36.709095,0.000000,0.000000,0.000000,0.000000,0.000000,0.000000
36.719095,0.000000,0.000000,0.000000,0.000000,0.000000,0.000000
36.729095,0.000000,0.000000,0.000000,0.000000,0.000000,0.000000
36.739095,0.000000,0.000000,0.000000,0.000000,0.000000,0.000000
36.749095,0.000000,0.000000,0.000000,0.000000,0.000000,0.000000
36.759095,0.000000,0.000000,0.000000,0.000000,0.000000,0.000000
36.769095,0.000000,0.000000,0.000000,0.000000,0.000000,0.000000
36.779095,0.000000,0.000000,0.000000,0.000000,0.000000,0.000000
36.789095,0.000000,0.000000,0.000000,0.000000,0.000000,0.000000
36.799095,0.000000,0.000000,0.000000,0.000000,0.000000,0.000000
36.809095,0.000000,0.000000,0.000000,0.000000,0.000000,0.000000
36.819095,0.000000,0.000000,0.000000,0.000000,0.000000,0.000000
36.829095,0.000000,0.000000,0.000000,0.000000,0.000000,0.000000
36.839095,0.000000,0.000000,0.000000,0.000000,0.000000,0.000000
36.849095,0.000000,0.000000,0.000000,0.000000,0.000000,0.000000
36.859095,0.000000,0.000000,0.000000,0.000000,0.000000,0.000000
36.869095,0.000000,0.000000,0.000000,0.000000,0.000000,0.000000
36.879095,0.000000,0.000000,0.000000,0.000000,0.000000,0.000000
36.889095,0.000000,0.000000,0.000000,0.000000,0.000000,0.000000
36.899095,0.000000,0.000000,0.000000,0.000000,0.000000,0.000000
36.909095,0.000000,0.000000,0.000000,0.000000,0.000000,0.000000
36.919095,0.000000,0.000000,0.000000,0.000000,0.000000,0.000000
36.929095,0.000000,0.000000,0.000000,0.000000,0.000000,0.000000
36.939095,0.000000,0.000000,0.000000,0.000000,0.000000,0.000000
36.949095,0.000000,0.000000,0.000000,0.000000,0.000000,0.000000
36.959095,0.000000,0.000000,0.000000,0.000000,0.000000,0.000000
36.969095,0.000000,0.000000,0.000000,0.000000,0.000000,0.000000
36.979095,0.000000,0.000000,0.000000,0.000000,0.000000,0.000000
36.989095,0.000000,0.000000,0.000000,0.000000,0.000000,0.000000
36.999095,0.000000,0.000000,0.000000,0.000000,0.000000,0.000000
37.009095,0.000000,0.000000,0.000000,0.000000,0.000000,0.000000
37.019095,0.000000,0.000000,0.000000,0.000000,0.000000,0.000000
37.029095,0.000000,0.000000,0.000000,0.000000,0.000000,0.000000
37.039095,0.000000,0.000000,0.000000,0.000000,0.000000,0.000000
37.049095,0.000000,0.000000,0.000000,0.000000,0.000000,0.000000
37.059095,0.000000,0.000000,0.000000,0.000000,0.000000,0.000000
37.069095,0.000000,0.000000,0.000000,0.000000,0.000000,0.000000
37.079095,0.000000,0.000000,0.000000,0.000000,0.000000,0.000000
37.089095,0.000000,0.000000,0.000000,0.000000,0.000000,0.000000
37.099095,0.000000,0.000000,0.000000,0.000000,0.000000,0.000000
37.109095,0.000000,0.000000,0.000000,0.000000,0.000000,0.000000
37.119095,0.000000,0.000000,0.000000,0.000000,0.000000,0.000000
37.129095,0.000000,0.000000,0.000000,0.000000,0.000000,0.000000
37.139095,0.000000,0.000000,0.000000,0.000000,0.000000,0.000000
37.149095,0.000000,0.000000,0.000000,0.000000,0.000000,0.000000
37.159095,0.000000,0.000000,0.000000,0.000000,0.000000,0.000000
37.169095,0.000000,0.000000,0.000000,0.000000,0.000000,0.000000
37.179095,0.000000,0.000000,0.000000,0.000000,0.000000,0.000000
37.189095,0.000000,0.000000,0.000000,0.000000,0.000000,0.000000
37.199095,0.000000,0.000000,0.000000,0.000000,0.000000,0.000000
37.209095,0.000000,0.000000,0.000000,0.000000,0.000000,0.000000
37.219095,0.000000,0.000000,0.000000,0.000000,0.000000,0.000000
37.229095,0.000000,0.000000,0.000000,0.000000,0.000000,0.000000
37.239095,0.000000,0.000000,0.000000,0.000000,0.000000,0.000000
37.249095,0.000000,0.000000,0.000000,0.000000,0.000000,0.000000
37.259095,0.000000,0.000000,0.000000,0.000000,0.000000,0.000000
37.269095,0.000000,0.000000,0.000000,0.000000,0.000000,0.000000
37.279095,0.000000,0.000000,0.000000,0.000000,0.000000,0.000000
37.289095,0.000000,0.000000,0.000000,0.000000,0.000000,0.000000
37.299095,0.000000,0.000000,0.000000,0.000000,0.000000,0.000000
37.309095,0.000000,0.000000,0.000000,0.000000,0.000000,0.000000
37.319095,0.000000,0.000000,0.000000,0.000000,0.000000,0.000000
37.329095,0.000000,0.000000,0.000000,0.000000,0.000000,0.000000
37.339095,0.000000,0.000000,0.000000,0.000000,0.000000,0.000000
37.349095,0.000000,0.000000,0.000000,0.000000,0.000000,0.000000
37.359095,0.000000,0.000000,0.000000,0.000000,0.000000,0.000000
37.369095,0.000000,0.000000,0.000000,0.000000,0.000000,0.000000
37.379095,0.000000,0.000000,0.000000,0.000000,0.000000,0.000000
37.389095,0.000000,0.000000,0.000000,0.000000,0.000000,0.000000
37.399095,0.000000,0.000000,0.000000,0.000000,0.000000,0.000000
37.409095,0.000000,0.000000,0.000000,0.000000,0.000000,0.000000
37.419095,0.000000,0.000000,0.000000,0.000000,0.000000,0.000000
37.429095,0.000000,0.000000,0.000000,0.000000,0.000000,0.000000
37.439095,0.000000,0.000000,0.000000,0.000000,0.000000,0.000000
37.449095,0.000000,0.000000,0.000000,0.000000,0.000000,0.000000
37.459095,0.000000,0.000000,0.000000,0.000000,0.000000,0.000000
37.469095,0.000000,0.000000,0.000000,0.000000,0.000000,0.000000
37.479095,0.000000,0.000000,0.000000,0.000000,0.000000,0.000000
37.489095,0.000000,0.000000,0.000000,0.000000,0.000000,0.000000
37.499095,0.000000,0.000000,0.000000,0.000000,0.000000,0.000000
37.509095,0.000000,0.000000,0.000000,0.000000,0.000000,0.000000
37.519095,0.000000,0.000000,0.000000,0.000000,0.000000,0.000000
37.529095,0.000000,0.000000,0.000000,0.000000,0.000000,0.000000
37.539095,0.000000,0.000000,0.000000,0.000000,0.000000,0.000000
37.549095,0.000000,0.000000,0.000000,0.000000,0.000000,0.000000
37.559095,0.000000,0.000000,0.000000,0.000000,0.000000,0.000000
37.569095,0.000000,0.000000,0.000000,0.000000,0.000000,0.000000
37.579095,0.000000,0.000000,0.000000,0.000000,0.000000,0.000000
37.589095,0.000000,0.000000,0.000000,0.000000,0.000000,0.000000
37.599095,0.000000,0.000000,0.000000,0.000000,0.000000,0.000000
37.609095,0.000000,0.000000,0.000000,0.000000,0.000000,0.000000
37.619095,0.000000,0.000000,0.000000,0.000000,0.000000,0.000000
37.629095,0.000000,0.000000,0.000000,0.000000,0.000000,0.000000
37.639095,0.000000,0.000000,0.000000,0.000000,0.000000,0.000000
37.649095,0.000000,0.000000,0.000000,0.000000,0.000000,0.000000
37.659095,0.000000,0.000000,0.000000,0.000000,0.000000,0.000000
37.669095,0.000000,0.000000,0.000000,0.000000,0.000000,0.000000
37.679095,0.000000,0.000000,0.000000,0.000000,0.000000,0.000000
37.689095,0.000000,0.000000,0.000000,0.000000,0.000000,0.000000
37.699095,0.000000,0.000000,0.000000,0.000000,0.000000,0.000000
37.709095,0.000000,0.000000,0.000000,0.000000,0.000000,0.000000
37.719095,0.000000,0.000000,0.000000,0.000000,0.000000,0.000000
37.729095,0.000000,0.000000,0.000000,0.000000,0.000000,0.000000
37.739095,0.000000,0.000000,0.000000,0.000000,0.000000,0.000000
37.749095,0.000000,0.000000,0.000000,0.000000,0.000000,0.000000
37.759095,0.000000,0.000000,0.000000,0.000000,0.000000,0.000000
37.769095,0.000000,0.000000,0.000000,0.000000,0.000000,0.000000
37.779095,0.000000,0.000000,0.000000,0.000000,0.000000,0.000000
37.789095,0.000000,0.000000,0.000000,0.000000,0.000000,0.000000
37.799095,0.000000,0.000000,0.000000,0.000000,0.000000,0.000000
37.809095,0.000000,0.000000,0.000000,0.000000,0.000000,0.000000
37.819095,0.000000,0.000000,0.000000,0.000000,0.000000,0.000000
37.829095,0.000000,0.000000,0.000000,0.000000,0.000000,0.000000
37.839095,0.000000,0.000000,0.000000,0.000000,0.000000,0.000000
37.849095,0.000000,0.000000,0.000000,0.000000,0.000000,0.000000
37.859095,0.000000,0.000000,0.000000,0.000000,0.000000,0.000000
37.869095,0.000000,0.000000,0.000000,0.000000,0.000000,0.000000
37.879095,0.000000,0.000000,0.000000,0.000000,0.000000,0.000000
37.889095,0.000000,0.000000,0.000000,0.000000,0.000000,0.000000
37.899095,0.000000,0.000000,0.000000,0.000000,0.000000,0.000000
37.909095,0.000000,0.000000,0.000000,0.000000,0.000000,0.000000
37.919095,0.000000,0.000000,0.000000,0.000000,0.000000,0.000000
37.929095,0.000000,0.000000,0.000000,0.000000,0.000000,0.000000
37.939095,0.000000,0.000000,0.000000,0.000000,0.000000,0.000000
37.949095,0.000000,0.000000,0.000000,0.000000,0.000000,0.000000
37.959095,0.000000,0.000000,0.000000,0.000000,0.000000,0.000000
37.969095,0.000000,0.000000,0.000000,0.000000,0.000000,0.000000
37.979095,0.000000,0.000000,0.000000,0.000000,0.000000,0.000000
37.989095,0.000000,0.000000,0.000000,0.000000,0.000000,0.000000
37.999095,0.000000,0.000000,0.000000,0.000000,0.000000,0.000000
38.009095,0.000000,0.000000,0.000000,0.000000,0.000000,0.000000
38.019095,0.000000,0.000000,0.000000,0.000000,0.000000,0.000000
38.029095,0.000000,0.000000,0.000000,0.000000,0.000000,0.000000
38.039095,0.000000,0.000000,0.000000,0.000000,0.000000,0.000000
38.049095,0.000000,0.000000,0.000000,0.000000,0.000000,0.000000
38.059095,0.000000,0.000000,0.000000,0.000000,0.000000,0.000000
38.069095,0.000000,0.000000,0.000000,0.000000,0.000000,0.000000
38.079095,0.000000,0.000000,0.000000,0.000000,0.000000,0.000000
38.089095,0.000000,0.000000,0.000000,0.000000,0.000000,0.000000
38.099095,0.000000,0.000000,0.000000,0.000000,0.000000,0.000000
38.109095,0.000000,0.000000,0.000000,0.000000,0.000000,0.000000
38.119095,0.000000,0.000000,0.000000,0.000000,0.000000,0.000000
38.129095,0.000000,0.000000,0.000000,0.000000,0.000000,0.000000
38.139095,0.000000,0.000000,0.000000,0.000000,0.000000,0.000000
38.149095,0.000000,0.000000,0.000000,0.000000,0.000000,0.000000
38.159095,0.000000,0.000000,0.000000,0.000000,0.000000,0.000000
38.169095,0.000000,0.000000,0.000000,0.000000,0.000000,0.000000
38.179095,0.000000,0.000000,0.000000,0.000000,0.000000,0.000000
38.189095,0.000000,0.000000,0.000000,0.000000,0.000000,0.000000
38.199095,0.000000,0.000000,0.000000,0.000000,0.000000,0.000000
38.209095,0.000000,0.000000,0.000000,0.000000,0.000000,0.000000
38.219095,0.000000,0.000000,0.000000,0.000000,0.000000,0.000000
38.229095,0.000000,0.000000,0.000000,0.000000,0.000000,0.000000
38.239095,0.000000,0.000000,0.000000,0.000000,0.000000,0.000000
38.249095,0.000000,0.000000,0.000000,0.000000,0.000000,0.000000
38.259095,0.000000,0.000000,0.000000,0.000000,0.000000,0.000000
38.269095,0.000000,0.000000,0.000000,0.000000,0.000000,0.000000
38.279095,0.000000,0.000000,0.000000,0.000000,0.000000,0.000000
38.289095,0.000000,0.000000,0.000000,0.000000,0.000000,0.000000
38.299095,0.000000,0.000000,0.000000,0.000000,0.000000,0.000000
38.309095,0.000000,0.000000,0.000000,0.000000,0.000000,0.000000
38.319095,0.000000,0.000000,0.000000,0.000000,0.000000,0.000000
38.329095,0.000000,0.000000,0.000000,0.000000,0.000000,0.000000
38.339095,0.000000,0.000000,0.000000,0.000000,0.000000,0.000000
38.349095,0.000000,0.000000,0.000000,0.000000,0.000000,0.000000
38.359095,0.000000,0.000000,0.000000,0.000000,0.000000,0.000000
38.369095,0.000000,0.000000,0.000000,0.000000,0.000000,0.000000
38.379095,0.000000,0.000000,0.000000,0.000000,0.000000,0.000000
38.389095,0.000000,0.000000,0.000000,0.000000,0.000000,0.000000
38.399095,0.000000,0.000000,0.000000,0.000000,0.000000,0.000000
38.409095,0.000000,0.000000,0.000000,0.000000,0.000000,0.000000
38.419095,0.000000,0.000000,0.000000,0.000000,0.000000,0.000000
38.429095,0.000000,0.000000,0.000000,0.000000,0.000000,0.000000
38.439095,0.000000,0.000000,0.000000,0.000000,0.000000,0.000000
38.449095,0.000000,0.000000,0.000000,0.000000,0.000000,0.000000
38.459095,0.000000,0.000000,0.000000,0.000000,0.000000,0.000000
38.469095,0.000000,0.000000,0.000000,0.000000,0.000000,0.000000
38.479095,0.000000,0.000000,0.000000,0.000000,0.000000,0.000000
38.489095,0.000000,0.000000,0.000000,0.000000,0.000000,0.000000
38.499095,0.000000,0.000000,0.000000,0.000000,0.000000,0.000000
38.509095,0.000000,0.000000,0.000000,0.000000,0.000000,0.000000
38.519095,0.000000,0.000000,0.000000,0.000000,0.000000,0.000000
38.529095,0.000000,0.000000,0.000000,0.000000,0.000000,0.000000
38.539095,0.000000,0.000000,0.000000,0.000000,0.000000,0.000000
38.549095,0.000000,0.000000,0.000000,0.000000,0.000000,0.000000
38.559095,0.000000,0.000000,0.000000,0.000000,0.000000,0.000000
38.569095,0.000000,0.000000,0.000000,0.000000,0.000000,0.000000
38.579095,0.000000,0.000000,0.000000,0.000000,0.000000,0.000000
38.589095,0.000000,0.000000,0.000000,0.000000,0.000000,0.000000
38.599095,0.000000,0.000000,0.000000,0.000000,0.000000,0.000000
38.609095,0.000000,0.000000,0.000000,0.000000,0.000000,0.000000
38.619095,0.000000,0.000000,0.000000,0.000000,0.000000,0.000000
38.629095,0.000000,0.000000,0.000000,0.000000,0.000000,0.000000
38.639095,0.000000,0.000000,0.000000,0.000000,0.000000,0.000000
38.649095,0.000000,0.000000,0.000000,0.000000,0.000000,0.000000
38.659095,0.000000,0.000000,0.000000,0.000000,0.000000,0.000000
38.669095,0.000000,0.000000,0.000000,0.000000,0.000000,0.000000
38.679095,0.000000,0.000000,0.000000,0.000000,0.000000,0.000000
38.689095,0.000000,0.000000,0.000000,0.000000,0.000000,0.000000
38.699095,0.000000,0.000000,0.000000,0.000000,0.000000,0.000000
38.709095,0.000000,0.000000,0.000000,0.000000,0.000000,0.000000
38.719095,0.000000,0.000000,0.000000,0.000000,0.000000,0.000000
38.729095,0.000000,0.000000,0.000000,0.000000,0.000000,0.000000
38.739095,0.000000,0.000000,0.000000,0.000000,0.000000,0.000000
38.749095,0.000000,0.000000,0.000000,0.000000,0.000000,0.000000
38.759095,0.000000,0.000000,0.000000,0.000000,0.000000,0.000000
38.769095,0.000000,0.000000,0.000000,0.000000,0.000000,0.000000
38.779095,0.000000,0.000000,0.000000,0.000000,0.000000,0.000000
38.789095,0.000000,0.000000,0.000000,0.000000,0.000000,0.000000
38.799095,0.000000,0.000000,0.000000,0.000000,0.000000,0.000000
38.809095,0.000000,0.000000,0.000000,0.000000,0.000000,0.000000
38.819095,0.000000,0.000000,0.000000,0.000000,0.000000,0.000000
38.829095,0.000000,0.000000,0.000000,0.000000,0.000000,0.000000
38.839095,0.000000,0.000000,0.000000,0.000000,0.000000,0.000000
38.849095,0.000000,0.000000,0.000000,0.000000,0.000000,0.000000
38.859095,0.000000,0.000000,0.000000,0.000000,0.000000,0.000000
38.869095,0.000000,0.000000,0.000000,0.000000,0.000000,0.000000
38.879095,0.000000,0.000000,0.000000,0.000000,0.000000,0.000000
38.889095,0.000000,0.000000,0.000000,0.000000,0.000000,0.000000
38.899095,0.000000,0.000000,0.000000,0.000000,0.000000,0.000000
38.909095,0.000000,0.000000,0.000000,0.000000,0.000000,0.000000
38.919095,0.000000,0.000000,0.000000,0.000000,0.000000,0.000000
38.929095,0.000000,0.000000,0.000000,0.000000,0.000000,0.000000
38.939095,0.000000,0.000000,0.000000,0.000000,0.000000,0.000000
38.949095,0.000000,0.000000,0.000000,0.000000,0.000000,0.000000
38.959095,0.000000,0.000000,0.000000,0.000000,0.000000,0.000000
38.969095,0.000000,0.000000,0.000000,0.000000,0.000000,0.000000
38.979095,0.000000,0.000000,0.000000,0.000000,0.000000,0.000000
38.989095,0.000000,0.000000,0.000000,0.000000,0.000000,0.000000
38.999095,0.000000,0.000000,0.000000,0.000000,0.000000,0.000000
39.009095,0.000000,0.000000,0.000000,0.000000,0.000000,0.000000
39.019095,0.000000,0.000000,0.000000,0.000000,0.000000,0.000000
39.029095,0.000000,0.000000,0.000000,0.000000,0.000000,0.000000
39.039095,0.000000,0.000000,0.000000,0.000000,0.000000,0.000000
39.049095,0.000000,0.000000,0.000000,0.000000,0.000000,0.000000
39.059095,0.000000,0.000000,0.000000,0.000000,0.000000,0.000000
39.069095,0.000000,0.000000,0.000000,0.000000,0.000000,0.000000
39.079095,0.000000,0.000000,0.000000,0.000000,0.000000,0.000000
39.089095,0.000000,0.000000,0.000000,0.000000,0.000000,0.000000
39.099095,0.000000,0.000000,0.000000,0.000000,0.000000,0.000000
39.109095,0.000000,0.000000,0.000000,0.000000,0.000000,0.000000
39.119095,0.000000,0.000000,0.000000,0.000000,0.000000,0.000000
39.129095,0.000000,0.000000,0.000000,0.000000,0.000000,0.000000
39.139095,0.000000,0.000000,0.000000,0.000000,0.000000,0.000000
39.149095,0.000000,0.000000,0.000000,0.000000,0.000000,0.000000
39.159095,0.000000,0.000000,0.000000,0.000000,0.000000,0.000000
39.169095,0.000000,0.000000,0.000000,0.000000,0.000000,0.000000
39.179095,0.000000,0.000000,0.000000,0.000000,0.000000,0.000000
39.189095,0.000000,0.000000,0.000000,0.000000,0.000000,0.000000
39.199095,0.000000,0.000000,0.000000,0.000000,0.000000,0.000000
39.209095,0.000000,0.000000,0.000000,0.000000,0.000000,0.000000
39.219095,0.000000,0.000000,0.000000,0.000000,0.000000,0.000000
39.229095,0.000000,0.000000,0.000000,0.000000,0.000000,0.000000
39.239095,0.000000,0.000000,0.000000,0.000000,0.000000,0.000000
39.249095,0.000000,0.000000,0.000000,0.000000,0.000000,0.000000
39.259095,0.000000,0.000000,0.000000,0.000000,0.000000,0.000000
39.269095,0.000000,0.000000,0.000000,0.000000,0.000000,0.000000
39.279095,0.000000,0.000000,0.000000,0.000000,0.000000,0.000000
39.289095,0.000000,0.000000,0.000000,0.000000,0.000000,0.000000
39.299095,0.000000,0.000000,0.000000,0.000000,0.000000,0.000000
39.309095,0.000000,0.000000,0.000000,0.000000,0.000000,0.000000
39.319095,0.000000,0.000000,0.000000,0.000000,0.000000,0.000000
39.329095,0.000000,0.000000,0.000000,0.000000,0.000000,0.000000
39.339095,0.000000,0.000000,0.000000,0.000000,0.000000,0.000000
39.349095,0.000000,0.000000,0.000000,0.000000,0.000000,0.000000
39.359095,0.000000,0.000000,0.000000,0.000000,0.000000,0.000000
39.369095,0.000000,0.000000,0.000000,0.000000,0.000000,0.000000
39.379095,0.000000,0.000000,0.000000,0.000000,0.000000,0.000000
39.389095,0.000000,0.000000,0.000000,0.000000,0.000000,0.000000
39.399095,0.000000,0.000000,0.000000,0.000000,0.000000,0.000000
39.409095,0.000000,0.000000,0.000000,0.000000,0.000000,0.000000
39.419095,0.000000,0.000000,0.000000,0.000000,0.000000,0.000000
39.429095,0.000000,0.000000,0.000000,0.000000,0.000000,0.000000
39.439095,0.000000,0.000000,0.000000,0.000000,0.000000,0.000000
39.449095,0.000000,0.000000,0.000000,0.000000,0.000000,0.000000
39.459095,0.000000,0.000000,0.000000,0.000000,0.000000,0.000000
39.469095,0.000000,0.000000,0.000000,0.000000,0.000000,0.000000
39.479095,0.000000,0.000000,0.000000,0.000000,0.000000,0.000000
39.489095,0.000000,0.000000,0.000000,0.000000,0.000000,0.000000
39.499095,0.000000,0.000000,0.000000,0.000000,0.000000,0.000000
39.509095,0.000000,0.000000,0.000000,0.000000,0.000000,0.000000
39.519095,0.000000,0.000000,0.000000,0.000000,0.000000,0.000000
39.529095,0.000000,0.000000,0.000000,0.000000,0.000000,0.000000
39.539095,0.000000,0.000000,0.000000,0.000000,0.000000,0.000000
39.549095,0.000000,0.000000,0.000000,0.000000,0.000000,0.000000
39.559095,0.000000,0.000000,0.000000,0.000000,0.000000,0.000000
39.569095,0.000000,0.000000,0.000000,0.000000,0.000000,0.000000
39.579095,0.000000,0.000000,0.000000,0.000000,0.000000,0.000000
39.589095,0.000000,0.000000,0.000000,0.000000,0.000000,0.000000
39.599095,0.000000,0.000000,0.000000,0.000000,0.000000,0.000000
39.609095,0.000000,0.000000,0.000000,0.000000,0.000000,0.000000
39.619095,0.000000,0.000000,0.000000,0.000000,0.000000,0.000000
39.629095,0.000000,0.000000,0.000000,0.000000,0.000000,0.000000
39.639095,0.000000,0.000000,0.000000,0.000000,0.000000,0.000000
39.649095,0.000000,0.000000,0.000000,0.000000,0.000000,0.000000
39.659095,0.000000,0.000000,0.000000,0.000000,0.000000,0.000000
39.669095,0.000000,0.000000,0.000000,0.000000,0.000000,0.000000
39.679095,0.000000,0.000000,0.000000,0.000000,0.000000,0.000000
39.689095,0.000000,0.000000,0.000000,0.000000,0.000000,0.000000
39.699095,0.000000,0.000000,0.000000,0.000000,0.000000,0.000000
39.709095,0.000000,0.000000,0.000000,0.000000,0.000000,0.000000
39.719095,0.000000,0.000000,0.000000,0.000000,0.000000,0.000000
39.729095,0.000000,0.000000,0.000000,0.000000,0.000000,0.000000
39.739095,0.000000,0.000000,0.000000,0.000000,0.000000,0.000000
39.749095,0.000000,0.000000,0.000000,0.000000,0.000000,0.000000
39.759095,0.000000,0.000000,0.000000,0.000000,0.000000,0.000000
39.769095,0.000000,0.000000,0.000000,0.000000,0.000000,0.000000
39.779095,0.000000,0.000000,0.000000,0.000000,0.000000,0.000000
39.789095,0.000000,0.000000,0.000000,0.000000,0.000000,0.000000
39.799095,0.000000,0.000000,0.000000,0.000000,0.000000,0.000000
39.809095,0.000000,0.000000,0.000000,0.000000,0.000000,0.000000
39.819095,0.000000,0.000000,0.000000,0.000000,0.000000,0.000000
39.829095,0.000000,0.000000,0.000000,0.000000,0.000000,0.000000
39.839095,0.000000,0.000000,0.000000,0.000000,0.000000,0.000000
39.849095,0.000000,0.000000,0.000000,0.000000,0.000000,0.000000
39.859095,0.000000,0.000000,0.000000,0.000000,0.000000,0.000000
39.869095,0.000000,0.000000,0.000000,0.000000,0.000000,0.000000
39.879095,0.000000,0.000000,0.000000,0.000000,0.000000,0.000000
39.889095,0.000000,0.000000,0.000000,0.000000,0.000000,0.000000
39.899095,0.000000,0.000000,0.000000,0.000000,0.000000,0.000000
39.909095,0.000000,0.000000,0.000000,0.000000,0.000000,0.000000
39.919095,0.000000,0.000000,0.000000,0.000000,0.000000,0.000000
39.929095,0.000000,0.000000,0.000000,0.000000,0.000000,0.000000
39.939095,0.000000,0.000000,0.000000,0.000000,0.000000,0.000000
39.949095,0.000000,0.000000,0.000000,0.000000,0.000000,0.000000
39.959095,0.000000,0.000000,0.000000,0.000000,0.000000,0.000000
39.969095,0.000000,0.000000,0.000000,0.000000,0.000000,0.000000
39.979095,0.000000,0.000000,0.000000,0.000000,0.000000,0.000000
39.989095,0.000000,0.000000,0.000000,0.000000,0.000000,0.000000
39.999095,0.000000,0.000000,0.000000,0.000000,0.000000,0.000000
40.009095,0.000000,0.000000,0.000000,0.000000,0.000000,0.000000
40.019095,0.000000,0.000000,0.000000,0.000000,0.000000,0.000000
40.029095,0.000000,0.000000,0.000000,0.000000,0.000000,0.000000
40.039095,0.000000,0.000000,0.000000,0.000000,0.000000,0.000000
40.049095,0.000000,0.000000,0.000000,0.000000,0.000000,0.000000
40.059095,0.000000,0.000000,0.000000,0.000000,0.000000,0.000000
40.069095,0.000000,0.000000,0.000000,0.000000,0.000000,0.000000
40.079095,0.000000,0.000000,0.000000,0.000000,0.000000,0.000000
40.089095,0.000000,0.000000,0.000000,0.000000,0.000000,0.000000
40.099095,0.000000,0.000000,0.000000,0.000000,0.000000,0.000000
40.109095,0.000000,0.000000,0.000000,0.000000,0.000000,0.000000
40.119095,0.000000,0.000000,0.000000,0.000000,0.000000,0.000000
40.129095,0.000000,0.000000,0.000000,0.000000,0.000000,0.000000
40.139095,0.000000,0.000000,0.000000,0.000000,0.000000,0.000000
40.149095,0.000000,0.000000,0.000000,0.000000,0.000000,0.000000
40.159095,0.000000,0.000000,0.000000,0.000000,0.000000,0.000000
40.169095,0.000000,0.000000,0.000000,0.000000,0.000000,0.000000
40.179095,0.000000,0.000000,0.000000,0.000000,0.000000,0.000000
40.189095,0.000000,0.000000,0.000000,0.000000,0.000000,0.000000
40.199095,0.000000,0.000000,0.000000,0.000000,0.000000,0.000000
40.209095,0.000000,0.000000,0.000000,0.000000,0.000000,0.000000
40.219095,0.000000,0.000000,0.000000,0.000000,0.000000,0.000000
40.229095,0.000000,0.000000,0.000000,0.000000,0.000000,0.000000
40.239095,0.000000,0.000000,0.000000,0.000000,0.000000,0.000000
40.249095,0.000000,0.000000,0.000000,0.000000,0.000000,0.000000
40.259095,0.000000,0.000000,0.000000,0.000000,0.000000,0.000000
40.269095,0.000000,0.000000,0.000000,0.000000,0.000000,0.000000
40.279095,0.000000,0.000000,0.000000,0.000000,0.000000,0.000000
40.289095,0.000000,0.000000,0.000000,0.000000,0.000000,0.000000
40.299095,0.000000,0.000000,0.000000,0.000000,0.000000,0.000000
40.309095,0.000000,0.000000,0.000000,0.000000,0.000000,0.000000
40.319095,0.000000,0.000000,0.000000,0.000000,0.000000,0.000000
40.329095,0.000000,0.000000,0.000000,0.000000,0.000000,0.000000
40.339095,0.000000,0.000000,0.000000,0.000000,0.000000,0.000000
40.349095,0.000000,0.000000,0.000000,0.000000,0.000000,0.000000
40.359095,0.000000,0.000000,0.000000,0.000000,0.000000,0.000000
40.369095,0.000000,0.000000,0.000000,0.000000,0.000000,0.000000
40.379095,0.000000,0.000000,0.000000,0.000000,0.000000,0.000000
40.389095,0.000000,0.000000,0.000000,0.000000,0.000000,0.000000
40.399095,0.000000,0.000000,0.000000,0.000000,0.000000,0.000000
40.409095,0.000000,0.000000,0.000000,0.000000,0.000000,0.000000
40.419095,0.000000,0.000000,0.000000,0.000000,0.000000,0.000000
40.429095,0.000000,0.000000,0.000000,0.000000,0.000000,0.000000
40.439095,0.000000,0.000000,0.000000,0.000000,0.000000,0.000000
40.449095,0.000000,0.000000,0.000000,0.000000,0.000000,0.000000
40.459095,0.000000,0.000000,0.000000,0.000000,0.000000,0.000000
40.469095,0.000000,0.000000,0.000000,0.000000,0.000000,0.000000
40.479095,0.000000,0.000000,0.000000,0.000000,0.000000,0.000000
40.489095,0.000000,0.000000,0.000000,0.000000,0.000000,0.000000
40.499095,0.000000,0.000000,0.000000,0.000000,0.000000,0.000000
40.509095,0.000000,0.000000,0.000000,0.000000,0.000000,0.000000
40.519095,0.000000,0.000000,0.000000,0.000000,0.000000,0.000000
40.529095,0.000000,0.000000,0.000000,0.000000,0.000000,0.000000
40.539095,0.000000,0.000000,0.000000,0.000000,0.000000,0.000000
40.549095,0.000000,0.000000,0.000000,0.000000,0.000000,0.000000
40.559095,0.000000,0.000000,0.000000,0.000000,0.000000,0.000000
40.569095,0.000000,0.000000,0.000000,0.000000,0.000000,0.000000
40.579095,0.000000,0.000000,0.000000,0.000000,0.000000,0.000000
40.589095,0.000000,0.000000,0.000000,0.000000,0.000000,0.000000
40.599095,0.000000,0.000000,0.000000,0.000000,0.000000,0.000000
40.609095,0.000000,0.000000,0.000000,0.000000,0.000000,0.000000
40.619095,0.000000,0.000000,0.000000,0.000000,0.000000,0.000000
40.629095,0.000000,0.000000,0.000000,0.000000,0.000000,0.000000
40.639095,0.000000,0.000000,0.000000,0.000000,0.000000,0.000000
40.649095,0.000000,0.000000,0.000000,0.000000,0.000000,0.000000
40.659095,0.000000,0.000000,0.000000,0.000000,0.000000,0.000000
40.669095,0.000000,0.000000,0.000000,0.000000,0.000000,0.000000
40.679095,0.000000,0.000000,0.000000,0.000000,0.000000,0.000000
40.689095,0.000000,0.000000,0.000000,0.000000,0.000000,0.000000
40.699095,0.000000,0.000000,0.000000,0.000000,0.000000,0.000000
40.709095,0.000000,0.000000,0.000000,0.000000,0.000000,0.000000
40.719095,0.000000,0.000000,0.000000,0.000000,0.000000,0.000000
40.729095,0.000000,0.000000,0.000000,0.000000,0.000000,0.000000
40.739095,0.000000,0.000000,0.000000,0.000000,0.000000,0.000000
40.749095,0.000000,0.000000,0.000000,0.000000,0.000000,0.000000
40.759095,0.000000,0.000000,0.000000,0.000000,0.000000,0.000000
40.769095,0.000000,0.000000,0.000000,0.000000,0.000000,0.000000
40.779095,0.000000,0.000000,0.000000,0.000000,0.000000,0.000000
40.789095,0.000000,0.000000,0.000000,0.000000,0.000000,0.000000
40.799095,0.000000,0.000000,0.000000,0.000000,0.000000,0.000000
40.809095,0.000000,0.000000,0.000000,0.000000,0.000000,0.000000
40.819095,0.000000,0.000000,0.000000,0.000000,0.000000,0.000000
40.829095,0.000000,0.000000,0.000000,0.000000,0.000000,0.000000
40.839095,0.000000,0.000000,0.000000,0.000000,0.000000,0.000000
40.849095,0.000000,0.000000,0.000000,0.000000,0.000000,0.000000
40.859095,0.000000,0.000000,0.000000,0.000000,0.000000,0.000000
40.869095,0.000000,0.000000,0.000000,0.000000,0.000000,0.000000
40.879095,0.000000,0.000000,0.000000,0.000000,0.000000,0.000000
40.889095,0.000000,0.000000,0.000000,0.000000,0.000000,0.000000
40.899095,0.000000,0.000000,0.000000,0.000000,0.000000,0.000000
40.909095,0.000000,0.000000,0.000000,0.000000,0.000000,0.000000
40.919095,0.000000,0.000000,0.000000,0.000000,0.000000,0.000000
40.929095,0.000000,0.000000,0.000000,0.000000,0.000000,0.000000
40.939095,0.000000,0.000000,0.000000,0.000000,0.000000,0.000000
40.949095,0.000000,0.000000,0.000000,0.000000,0.000000,0.000000
40.959095,0.000000,0.000000,0.000000,0.000000,0.000000,0.000000
40.969095,0.000000,0.000000,0.000000,0.000000,0.000000,0.000000
40.979095,0.000000,0.000000,0.000000,0.000000,0.000000,0.000000
40.989095,0.000000,0.000000,0.000000,0.000000,0.000000,0.000000
40.999095,0.000000,0.000000,0.000000,0.000000,0.000000,0.000000
41.009095,0.000000,0.000000,0.000000,0.000000,0.000000,0.000000
41.019095,0.000000,0.000000,0.000000,0.000000,0.000000,0.000000
41.029095,0.000000,0.000000,0.000000,0.000000,0.000000,0.000000
41.039095,0.000000,0.000000,0.000000,0.000000,0.000000,0.000000
41.049095,0.000000,0.000000,0.000000,0.000000,0.000000,0.000000
41.059095,0.000000,0.000000,0.000000,0.000000,0.000000,0.000000
41.069095,0.000000,0.000000,0.000000,0.000000,0.000000,0.000000
41.079095,0.000000,0.000000,0.000000,0.000000,0.000000,0.000000
41.089095,0.000000,0.000000,0.000000,0.000000,0.000000,0.000000
41.099095,0.000000,0.000000,0.000000,0.000000,0.000000,0.000000
41.109095,0.000000,0.000000,0.000000,0.000000,0.000000,0.000000
41.119095,0.000000,0.000000,0.000000,0.000000,0.000000,0.000000
41.129095,0.000000,0.000000,0.000000,0.000000,0.000000,0.000000
41.139095,0.000000,0.000000,0.000000,0.000000,0.000000,0.000000
41.149095,0.000000,0.000000,0.000000,0.000000,0.000000,0.000000
41.159095,0.000000,0.000000,0.000000,0.000000,0.000000,0.000000
41.169095,0.000000,0.000000,0.000000,0.000000,0.000000,0.000000
41.179095,0.000000,0.000000,0.000000,0.000000,0.000000,0.000000
41.189095,0.000000,0.000000,0.000000,0.000000,0.000000,0.000000
41.199095,0.000000,0.000000,0.000000,0.000000,0.000000,0.000000
41.209095,0.000000,0.000000,0.000000,0.000000,0.000000,0.000000
41.219095,0.000000,0.000000,0.000000,0.000000,0.000000,0.000000
41.229095,0.000000,0.000000,0.000000,0.000000,0.000000,0.000000
41.239095,0.000000,0.000000,0.000000,0.000000,0.000000,0.000000
41.249095,0.000000,0.000000,0.000000,0.000000,0.000000,0.000000
41.259095,0.000000,0.000000,0.000000,0.000000,0.000000,0.000000
41.269095,0.000000,0.000000,0.000000,0.000000,0.000000,0.000000
41.279095,0.000000,0.000000,0.000000,0.000000,0.000000,0.000000
41.289095,0.000000,0.000000,0.000000,0.000000,0.000000,0.000000
41.299095,0.000000,0.000000,0.000000,0.000000,0.000000,0.000000
41.309095,0.000000,0.000000,0.000000,0.000000,0.000000,0.000000
41.319095,0.000000,0.000000,0.000000,0.000000,0.000000,0.000000
41.329095,0.000000,0.000000,0.000000,0.000000,0.000000,0.000000
41.339095,0.000000,0.000000,0.000000,0.000000,0.000000,0.000000
41.349095,0.000000,0.000000,0.000000,0.000000,0.000000,0.000000
41.359095,0.000000,0.000000,0.000000,0.000000,0.000000,0.000000
41.369095,0.000000,0.000000,0.000000,0.000000,0.000000,0.000000
41.379095,0.000000,0.000000,0.000000,0.000000,0.000000,0.000000
41.389095,0.000000,0.000000,0.000000,0.000000,0.000000,0.000000
41.399095,0.000000,0.000000,0.000000,0.000000,0.000000,0.000000
41.409095,0.000000,0.000000,0.000000,0.000000,0.000000,0.000000
41.419095,0.000000,0.000000,0.000000,0.000000,0.000000,0.000000
41.429095,0.000000,0.000000,0.000000,0.000000,0.000000,0.000000
41.439095,0.000000,0.000000,0.000000,0.000000,0.000000,0.000000
41.449095,0.000000,0.000000,0.000000,0.000000,0.000000,0.000000
41.459095,0.000000,0.000000,0.000000,0.000000,0.000000,0.000000
41.469095,0.000000,0.000000,0.000000,0.000000,0.000000,0.000000
41.479095,0.000000,0.000000,0.000000,0.000000,0.000000,0.000000
41.489095,0.000000,0.000000,0.000000,0.000000,0.000000,0.000000
41.499095,0.000000,0.000000,0.000000,0.000000,0.000000,0.000000
41.509095,0.000000,0.000000,0.000000,0.000000,0.000000,0.000000
41.519095,0.000000,0.000000,0.000000,0.000000,0.000000,0.000000
41.529095,0.000000,0.000000,0.000000,0.000000,0.000000,0.000000
41.539095,0.000000,0.000000,0.000000,0.000000,0.000000,0.000000
41.549095,0.000000,0.000000,0.000000,0.000000,0.000000,0.000000
41.559095,0.000000,0.000000,0.000000,0.000000,0.000000,0.000000
41.569095,0.000000,0.000000,0.000000,0.000000,0.000000,0.000000
41.579095,0.000000,0.000000,0.000000,0.000000,0.000000,0.000000
41.589095,0.000000,0.000000,0.000000,0.000000,0.000000,0.000000
41.599095,0.000000,0.000000,0.000000,0.000000,0.000000,0.000000
41.609095,0.000000,0.000000,0.000000,0.000000,0.000000,0.000000
41.619095,0.000000,0.000000,0.000000,0.000000,0.000000,0.000000
41.629095,0.000000,0.000000,0.000000,0.000000,0.000000,0.000000
41.639095,0.000000,0.000000,0.000000,0.000000,0.000000,0.000000
41.649095,0.000000,0.000000,0.000000,0.000000,0.000000,0.000000
41.659095,0.000000,0.000000,0.000000,0.000000,0.000000,0.000000
41.669095,0.000000,0.000000,0.000000,0.000000,0.000000,0.000000
41.679095,0.000000,0.000000,0.000000,0.000000,0.000000,0.000000
41.689095,0.000000,0.000000,0.000000,0.000000,0.000000,0.000000
41.699095,0.000000,0.000000,0.000000,0.000000,0.000000,0.000000
41.709095,0.000000,0.000000,0.000000,0.000000,0.000000,0.000000
41.719095,0.000000,0.000000,0.000000,0.000000,0.000000,0.000000
41.729095,0.000000,0.000000,0.000000,0.000000,0.000000,0.000000
41.739095,0.000000,0.000000,0.000000,0.000000,0.000000,0.000000
41.749095,0.000000,0.000000,0.000000,0.000000,0.000000,0.000000
41.759095,0.000000,0.000000,0.000000,0.000000,0.000000,0.000000
41.769095,0.000000,0.000000,0.000000,0.000000,0.000000,0.000000
41.779095,0.000000,0.000000,0.000000,0.000000,0.000000,0.000000
41.789095,0.000000,0.000000,0.000000,0.000000,0.000000,0.000000
41.799095,0.000000,0.000000,0.000000,0.000000,0.000000,0.000000
41.809095,0.000000,0.000000,0.000000,0.000000,0.000000,0.000000
41.819095,0.000000,0.000000,0.000000,0.000000,0.000000,0.000000
41.829095,0.000000,0.000000,0.000000,0.000000,0.000000,0.000000
41.839095,0.000000,0.000000,0.000000,0.000000,0.000000,0.000000
41.849095,0.000000,0.000000,0.000000,0.000000,0.000000,0.000000
41.859095,0.000000,0.000000,0.000000,0.000000,0.000000,0.000000
41.869095,0.000000,0.000000,0.000000,0.000000,0.000000,0.000000
41.879095,0.000000,0.000000,0.000000,0.000000,0.000000,0.000000
41.889095,0.000000,0.000000,0.000000,0.000000,0.000000,0.000000
41.899095,0.000000,0.000000,0.000000,0.000000,0.000000,0.000000
41.909095,0.000000,0.000000,0.000000,0.000000,0.000000,0.000000
41.919095,0.000000,0.000000,0.000000,0.000000,0.000000,0.000000
41.929095,0.000000,0.000000,0.000000,0.000000,0.000000,0.000000
41.939095,0.000000,0.000000,0.000000,0.000000,0.000000,0.000000
41.949095,0.000000,0.000000,0.000000,0.000000,0.000000,0.000000
41.959095,0.000000,0.000000,0.000000,0.000000,0.000000,0.000000
41.969095,0.000000,0.000000,0.000000,0.000000,0.000000,0.000000
41.979095,0.000000,0.000000,0.000000,0.000000,0.000000,0.000000
41.989095,0.000000,0.000000,0.000000,0.000000,0.000000,0.000000
41.999095,0.000000,0.000000,0.000000,0.000000,0.000000,0.000000
42.009095,0.000000,0.000000,0.000000,0.000000,0.000000,0.000000
42.019095,0.000000,0.000000,0.000000,0.000000,0.000000,0.000000
42.029095,0.000000,0.000000,0.000000,0.000000,0.000000,0.000000
42.039095,0.000000,0.000000,0.000000,0.000000,0.000000,0.000000
42.049095,0.000000,0.000000,0.000000,0.000000,0.000000,0.000000
42.059095,0.000000,0.000000,0.000000,0.000000,0.000000,0.000000
42.069095,0.000000,0.000000,0.000000,0.000000,0.000000,0.000000
42.079095,0.000000,0.000000,0.000000,0.000000,0.000000,0.000000
42.089095,0.000000,0.000000,0.000000,0.000000,0.000000,0.000000
42.099095,0.000000,0.000000,0.000000,0.000000,0.000000,0.000000
42.109095,0.000000,0.000000,0.000000,0.000000,0.000000,0.000000
42.119095,0.000000,0.000000,0.000000,0.000000,0.000000,0.000000
42.129095,0.000000,0.000000,0.000000,0.000000,0.000000,0.000000
42.139095,0.000000,0.000000,0.000000,0.000000,0.000000,0.000000
42.149095,0.000000,0.000000,0.000000,0.000000,0.000000,0.000000
42.159095,0.000000,0.000000,0.000000,0.000000,0.000000,0.000000
42.169095,0.000000,0.000000,0.000000,0.000000,0.000000,0.000000
42.179095,0.000000,0.000000,0.000000,0.000000,0.000000,0.000000
42.189095,0.000000,0.000000,0.000000,0.000000,0.000000,0.000000
42.199095,0.000000,0.000000,0.000000,0.000000,0.000000,0.000000
42.209095,0.000000,0.000000,0.000000,0.000000,0.000000,0.000000
42.219095,0.000000,0.000000,0.000000,0.000000,0.000000,0.000000
42.229095,0.000000,0.000000,0.000000,0.000000,0.000000,0.000000
42.239095,0.000000,0.000000,0.000000,0.000000,0.000000,0.000000
42.249095,0.000000,0.000000,0.000000,0.000000,0.000000,0.000000
42.259095,0.000000,0.000000,0.000000,0.000000,0.000000,0.000000
42.269095,0.000000,0.000000,0.000000,0.000000,0.000000,0.000000
42.279095,0.000000,0.000000,0.000000,0.000000,0.000000,0.000000
42.289095,0.000000,0.000000,0.000000,0.000000,0.000000,0.000000
42.299095,0.000000,0.000000,0.000000,0.000000,0.000000,0.000000
42.309095,0.000000,0.000000,0.000000,0.000000,0.000000,0.000000
42.319095,0.000000,0.000000,0.000000,0.000000,0.000000,0.000000
42.329095,0.000000,0.000000,0.000000,0.000000,0.000000,0.000000
42.339095,0.000000,0.000000,0.000000,0.000000,0.000000,0.000000
42.349095,0.000000,0.000000,0.000000,0.000000,0.000000,0.000000
42.359095,0.000000,0.000000,0.000000,0.000000,0.000000,0.000000
42.369095,0.000000,0.000000,0.000000,0.000000,0.000000,0.000000
42.379095,0.000000,0.000000,0.000000,0.000000,0.000000,0.000000
42.389095,0.000000,0.000000,0.000000,0.000000,0.000000,0.000000
42.399095,0.000000,0.000000,0.000000,0.000000,0.000000,0.000000
42.409095,0.000000,0.000000,0.000000,0.000000,0.000000,0.000000
42.419095,0.000000,0.000000,0.000000,0.000000,0.000000,0.000000
42.429095,0.000000,0.000000,0.000000,0.000000,0.000000,0.000000
42.439095,0.000000,0.000000,0.000000,0.000000,0.000000,0.000000
42.449095,0.000000,0.000000,0.000000,0.000000,0.000000,0.000000
42.459095,0.000000,0.000000,0.000000,0.000000,0.000000,0.000000
42.469095,0.000000,0.000000,0.000000,0.000000,0.000000,0.000000
42.479095,0.000000,0.000000,0.000000,0.000000,0.000000,0.000000
42.489095,0.000000,0.000000,0.000000,0.000000,0.000000,0.000000
42.499095,0.000000,0.000000,0.000000,0.000000,0.000000,0.000000
42.509095,0.000000,0.000000,0.000000,0.000000,0.000000,0.000000
42.519095,0.000000,0.000000,0.000000,0.000000,0.000000,0.000000
42.529095,0.000000,0.000000,0.000000,0.000000,0.000000,0.000000
42.539095,0.000000,0.000000,0.000000,0.000000,0.000000,0.000000
42.549095,0.000000,0.000000,0.000000,0.000000,0.000000,0.000000
42.559095,0.000000,0.000000,0.000000,0.000000,0.000000,0.000000
42.569095,0.000000,0.000000,0.000000,0.000000,0.000000,0.000000
42.579095,0.000000,0.000000,0.000000,0.000000,0.000000,0.000000
42.589095,0.000000,0.000000,0.000000,0.000000,0.000000,0.000000
42.599095,0.000000,0.000000,0.000000,0.000000,0.000000,0.000000
42.609095,0.000000,0.000000,0.000000,0.000000,0.000000,0.000000
42.619095,0.000000,0.000000,0.000000,0.000000,0.000000,0.000000
42.629095,0.000000,0.000000,0.000000,0.000000,0.000000,0.000000
42.639095,0.000000,0.000000,0.000000,0.000000,0.000000,0.000000
42.649095,0.000000,0.000000,0.000000,0.000000,0.000000,0.000000
42.659095,0.000000,0.000000,0.000000,0.000000,0.000000,0.000000
42.669095,0.000000,0.000000,0.000000,0.000000,0.000000,0.000000
42.679095,0.000000,0.000000,0.000000,0.000000,0.000000,0.000000
42.689095,0.000000,0.000000,0.000000,0.000000,0.000000,0.000000
42.699095,0.000000,0.000000,0.000000,0.000000,0.000000,0.000000
42.709095,0.000000,0.000000,0.000000,0.000000,0.000000,0.000000
42.719095,0.000000,0.000000,0.000000,0.000000,0.000000,0.000000
42.729095,0.000000,0.000000,0.000000,0.000000,0.000000,0.000000
42.739095,0.000000,0.000000,0.000000,0.000000,0.000000,0.000000
42.749095,0.000000,0.000000,0.000000,0.000000,0.000000,0.000000
42.759095,0.000000,0.000000,0.000000,0.000000,0.000000,0.000000
42.769095,0.000000,0.000000,0.000000,0.000000,0.000000,0.000000
42.779095,0.000000,0.000000,0.000000,0.000000,0.000000,0.000000
42.789095,0.000000,0.000000,0.000000,0.000000,0.000000,0.000000
42.799095,0.000000,0.000000,0.000000,0.000000,0.000000,0.000000
42.809095,0.000000,0.000000,0.000000,0.000000,0.000000,0.000000
42.819095,0.000000,0.000000,0.000000,0.000000,0.000000,0.000000
42.829095,0.000000,0.000000,0.000000,0.000000,0.000000,0.000000
42.839095,0.000000,0.000000,0.000000,0.000000,0.000000,0.000000
42.849095,0.000000,0.000000,0.000000,0.000000,0.000000,0.000000
42.859095,0.000000,0.000000,0.000000,0.000000,0.000000,0.000000
42.869095,0.000000,0.000000,0.000000,0.000000,0.000000,0.000000
42.879095,0.000000,0.000000,0.000000,0.000000,0.000000,0.000000
42.889095,0.000000,0.000000,0.000000,0.000000,0.000000,0.000000
42.899095,0.000000,0.000000,0.000000,0.000000,0.000000,0.000000
42.909095,0.000000,0.000000,0.000000,0.000000,0.000000,0.000000
42.919095,0.000000,0.000000,0.000000,0.000000,0.000000,0.000000
42.929095,0.000000,0.000000,0.000000,0.000000,0.000000,0.000000
42.939095,0.000000,0.000000,0.000000,0.000000,0.000000,0.000000
42.949095,0.000000,0.000000,0.000000,0.000000,0.000000,0.000000
42.959095,0.000000,0.000000,0.000000,0.000000,0.000000,0.000000
42.969095,0.000000,0.000000,0.000000,0.000000,0.000000,0.000000
42.979095,0.000000,0.000000,0.000000,0.000000,0.000000,0.000000
42.989095,0.000000,0.000000,0.000000,0.000000,0.000000,0.000000
42.999095,0.000000,0.000000,0.000000,0.000000,0.000000,0.000000
43.009095,0.000000,0.000000,0.000000,0.000000,0.000000,0.000000
43.019095,0.000000,0.000000,0.000000,0.000000,0.000000,0.000000
43.029095,0.000000,0.000000,0.000000,0.000000,0.000000,0.000000
43.039095,0.000000,0.000000,0.000000,0.000000,0.000000,0.000000
43.049095,0.000000,0.000000,0.000000,0.000000,0.000000,0.000000
43.059095,0.000000,0.000000,0.000000,0.000000,0.000000,0.000000
43.069095,0.000000,0.000000,0.000000,0.000000,0.000000,0.000000
43.079095,0.000000,0.000000,0.000000,0.000000,0.000000,0.000000
43.089095,0.000000,0.000000,0.000000,0.000000,0.000000,0.000000
43.099095,0.000000,0.000000,0.000000,0.000000,0.000000,0.000000
43.109095,0.000000,0.000000,0.000000,0.000000,0.000000,0.000000
43.119095,0.000000,0.000000,0.000000,0.000000,0.000000,0.000000
43.129095,0.000000,0.000000,0.000000,0.000000,0.000000,0.000000
43.139095,0.000000,0.000000,0.000000,0.000000,0.000000,0.000000
43.149095,0.000000,0.000000,0.000000,0.000000,0.000000,0.000000
43.159095,0.000000,0.000000,0.000000,0.000000,0.000000,0.000000
43.169095,0.000000,0.000000,0.000000,0.000000,0.000000,0.000000
43.179095,0.000000,0.000000,0.000000,0.000000,0.000000,0.000000
43.189095,0.000000,0.000000,0.000000,0.000000,0.000000,0.000000
43.199095,0.000000,0.000000,0.000000,0.000000,0.000000,0.000000
43.209095,0.000000,0.000000,0.000000,0.000000,0.000000,0.000000
43.219095,0.000000,0.000000,0.000000,0.000000,0.000000,0.000000
43.229095,0.000000,0.000000,0.000000,0.000000,0.000000,0.000000
43.239095,0.000000,0.000000,0.000000,0.000000,0.000000,0.000000
43.249095,0.000000,0.000000,0.000000,0.000000,0.000000,0.000000
43.259095,0.000000,0.000000,0.000000,0.000000,0.000000,0.000000
43.269095,0.000000,0.000000,0.000000,0.000000,0.000000,0.000000
43.279095,0.000000,0.000000,0.000000,0.000000,0.000000,0.000000
43.289095,0.000000,0.000000,0.000000,0.000000,0.000000,0.000000
43.299095,0.000000,0.000000,0.000000,0.000000,0.000000,0.000000
43.309095,0.000000,0.000000,0.000000,0.000000,0.000000,0.000000
43.319095,0.000000,0.000000,0.000000,0.000000,0.000000,0.000000
43.329095,0.000000,0.000000,0.000000,0.000000,0.000000,0.000000
43.339095,0.000000,0.000000,0.000000,0.000000,0.000000,0.000000
43.349095,0.000000,0.000000,0.000000,0.000000,0.000000,0.000000
43.359095,0.000000,0.000000,0.000000,0.000000,0.000000,0.000000
43.369095,0.000000,0.000000,0.000000,0.000000,0.000000,0.000000
43.379095,0.000000,0.000000,0.000000,0.000000,0.000000,0.000000
43.389095,0.000000,0.000000,0.000000,0.000000,0.000000,0.000000
43.399095,0.000000,0.000000,0.000000,0.000000,0.000000,0.000000
43.409095,0.000000,0.000000,0.000000,0.000000,0.000000,0.000000
43.419095,0.000000,0.000000,0.000000,0.000000,0.000000,0.000000
43.429095,0.000000,0.000000,0.000000,0.000000,0.000000,0.000000
43.439095,0.000000,0.000000,0.000000,0.000000,0.000000,0.000000
43.449095,0.000000,0.000000,0.000000,0.000000,0.000000,0.000000
43.459095,0.000000,0.000000,0.000000,0.000000,0.000000,0.000000
43.469095,0.000000,0.000000,0.000000,0.000000,0.000000,0.000000
43.479095,0.000000,0.000000,0.000000,0.000000,0.000000,0.000000
43.489095,0.000000,0.000000,0.000000,0.000000,0.000000,0.000000
43.499095,0.000000,0.000000,0.000000,0.000000,0.000000,0.000000
43.509095,0.000000,0.000000,0.000000,0.000000,0.000000,0.000000
43.519095,0.000000,0.000000,0.000000,0.000000,0.000000,0.000000
43.529095,0.000000,0.000000,0.000000,0.000000,0.000000,0.000000
43.539095,0.000000,0.000000,0.000000,0.000000,0.000000,0.000000
43.549095,0.000000,0.000000,0.000000,0.000000,0.000000,0.000000
43.559095,0.000000,0.000000,0.000000,0.000000,0.000000,0.000000
43.569095,0.000000,0.000000,0.000000,0.000000,0.000000,0.000000
43.579095,0.000000,0.000000,0.000000,0.000000,0.000000,0.000000
43.589095,0.000000,0.000000,0.000000,0.000000,0.000000,0.000000
43.599095,0.000000,0.000000,0.000000,0.000000,0.000000,0.000000
43.609095,0.000000,0.000000,0.000000,0.000000,0.000000,0.000000
43.619095,0.000000,0.000000,0.000000,0.000000,0.000000,0.000000
43.629095,0.000000,0.000000,0.000000,0.000000,0.000000,0.000000
43.639095,0.000000,0.000000,0.000000,0.000000,0.000000,0.000000
43.649095,0.000000,0.000000,0.000000,0.000000,0.000000,0.000000
43.659095,0.000000,0.000000,0.000000,0.000000,0.000000,0.000000
43.669095,0.000000,0.000000,0.000000,0.000000,0.000000,0.000000
43.679095,0.000000,0.000000,0.000000,0.000000,0.000000,0.000000
43.689095,0.000000,0.000000,0.000000,0.000000,0.000000,0.000000
43.699095,0.000000,0.000000,0.000000,0.000000,0.000000,0.000000
43.709095,0.000000,0.000000,0.000000,0.000000,0.000000,0.000000
43.719095,0.000000,0.000000,0.000000,0.000000,0.000000,0.000000
43.729095,0.000000,0.000000,0.000000,0.000000,0.000000,0.000000
43.739095,0.000000,0.000000,0.000000,0.000000,0.000000,0.000000
43.749095,0.000000,0.000000,0.000000,0.000000,0.000000,0.000000
43.759095,0.000000,0.000000,0.000000,0.000000,0.000000,0.000000
43.769095,0.000000,0.000000,0.000000,0.000000,0.000000,0.000000
43.779095,0.000000,0.000000,0.000000,0.000000,0.000000,0.000000
43.789095,0.000000,0.000000,0.000000,0.000000,0.000000,0.000000
43.799095,0.000000,0.000000,0.000000,0.000000,0.000000,0.000000
43.809095,0.000000,0.000000,0.000000,0.000000,0.000000,0.000000
43.819095,0.000000,0.000000,0.000000,0.000000,0.000000,0.000000
43.829095,0.000000,0.000000,0.000000,0.000000,0.000000,0.000000
43.839095,0.000000,0.000000,0.000000,0.000000,0.000000,0.000000
43.849095,0.000000,0.000000,0.000000,0.000000,0.000000,0.000000
43.859095,0.000000,0.000000,0.000000,0.000000,0.000000,0.000000
43.869095,0.000000,0.000000,0.000000,0.000000,0.000000,0.000000
43.879095,0.000000,0.000000,0.000000,0.000000,0.000000,0.000000
43.889095,0.000000,0.000000,0.000000,0.000000,0.000000,0.000000
43.899095,0.000000,0.000000,0.000000,0.000000,0.000000,0.000000
43.909095,0.000000,0.000000,0.000000,0.000000,0.000000,0.000000
43.919095,0.000000,0.000000,0.000000,0.000000,0.000000,0.000000
43.929095,0.000000,0.000000,0.000000,0.000000,0.000000,0.000000
43.939095,0.000000,0.000000,0.000000,0.000000,0.000000,0.000000
43.949095,0.000000,0.000000,0.000000,0.000000,0.000000,0.000000
43.959095,0.000000,0.000000,0.000000,0.000000,0.000000,0.000000
43.969095,0.000000,0.000000,0.000000,0.000000,0.000000,0.000000
43.979095,0.000000,0.000000,0.000000,0.000000,0.000000,0.000000
43.989095,0.000000,0.000000,0.000000,0.000000,0.000000,0.000000
43.999095,0.000000,0.000000,0.000000,0.000000,0.000000,0.000000
44.009095,0.000000,0.000000,0.000000,0.000000,0.000000,0.000000
44.019095,0.000000,0.000000,0.000000,0.000000,0.000000,0.000000
44.029095,0.000000,0.000000,0.000000,0.000000,0.000000,0.000000
44.039095,0.000000,0.000000,0.000000,0.000000,0.000000,0.000000
44.049095,0.000000,0.000000,0.000000,0.000000,0.000000,0.000000
44.059095,0.000000,0.000000,0.000000,0.000000,0.000000,0.000000
44.069095,0.000000,0.000000,0.000000,0.000000,0.000000,0.000000
44.079095,0.000000,0.000000,0.000000,0.000000,0.000000,0.000000
44.089095,0.000000,0.000000,0.000000,0.000000,0.000000,0.000000
44.099095,0.000000,0.000000,0.000000,0.000000,0.000000,0.000000
44.109095,0.000000,0.000000,0.000000,0.000000,0.000000,0.000000
44.119095,0.000000,0.000000,0.000000,0.000000,0.000000,0.000000
44.129095,0.000000,0.000000,0.000000,0.000000,0.000000,0.000000
44.139095,0.000000,0.000000,0.000000,0.000000,0.000000,0.000000
44.149095,0.000000,0.000000,0.000000,0.000000,0.000000,0.000000
44.159095,0.000000,0.000000,0.000000,0.000000,0.000000,0.000000
44.169095,0.000000,0.000000,0.000000,0.000000,0.000000,0.000000
44.179095,0.000000,0.000000,0.000000,0.000000,0.000000,0.000000
44.189095,0.000000,0.000000,0.000000,0.000000,0.000000,0.000000
44.199095,0.000000,0.000000,0.000000,0.000000,0.000000,0.000000
44.209095,0.000000,0.000000,0.000000,0.000000,0.000000,0.000000
44.219095,0.000000,0.000000,0.000000,0.000000,0.000000,0.000000
44.229095,0.000000,0.000000,0.000000,0.000000,0.000000,0.000000
44.239095,0.000000,0.000000,0.000000,0.000000,0.000000,0.000000
44.249095,0.000000,0.000000,0.000000,0.000000,0.000000,0.000000
44.259095,0.000000,0.000000,0.000000,0.000000,0.000000,0.000000
44.269095,0.000000,0.000000,0.000000,0.000000,0.000000,0.000000
44.279095,0.000000,0.000000,0.000000,0.000000,0.000000,0.000000
44.289095,0.000000,0.000000,0.000000,0.000000,0.000000,0.000000
44.299095,0.000000,0.000000,0.000000,0.000000,0.000000,0.000000
44.309095,0.000000,0.000000,0.000000,0.000000,0.000000,0.000000
44.319095,0.000000,0.000000,0.000000,0.000000,0.000000,0.000000
44.329095,0.000000,0.000000,0.000000,0.000000,0.000000,0.000000
44.339095,0.000000,0.000000,0.000000,0.000000,0.000000,0.000000
44.349095,0.000000,0.000000,0.000000,0.000000,0.000000,0.000000
44.359095,0.000000,0.000000,0.000000,0.000000,0.000000,0.000000
44.369095,0.000000,0.000000,0.000000,0.000000,0.000000,0.000000
44.379095,0.000000,0.000000,0.000000,0.000000,0.000000,0.000000
44.389095,0.000000,0.000000,0.000000,0.000000,0.000000,0.000000
44.399095,0.000000,0.000000,0.000000,0.000000,0.000000,0.000000
44.409095,0.000000,0.000000,0.000000,0.000000,0.000000,0.000000
44.419095,0.000000,0.000000,0.000000,0.000000,0.000000,0.000000
44.429095,0.000000,0.000000,0.000000,0.000000,0.000000,0.000000
44.439095,0.000000,0.000000,0.000000,0.000000,0.000000,0.000000
44.449095,0.000000,0.000000,0.000000,0.000000,0.000000,0.000000
44.459095,0.000000,0.000000,0.000000,0.000000,0.000000,0.000000
44.469095,0.000000,0.000000,0.000000,0.000000,0.000000,0.000000
44.479095,0.000000,0.000000,0.000000,0.000000,0.000000,0.000000
44.489095,0.000000,0.000000,0.000000,0.000000,0.000000,0.000000
44.499095,0.000000,0.000000,0.000000,0.000000,0.000000,0.000000
44.509095,0.000000,0.000000,0.000000,0.000000,0.000000,0.000000
44.519095,0.000000,0.000000,0.000000,0.000000,0.000000,0.000000
44.529095,0.000000,0.000000,0.000000,0.000000,0.000000,0.000000
44.539095,0.000000,0.000000,0.000000,0.000000,0.000000,0.000000
44.549095,0.000000,0.000000,0.000000,0.000000,0.000000,0.000000
44.559095,0.000000,0.000000,0.000000,0.000000,0.000000,0.000000
44.569095,0.000000,0.000000,0.000000,0.000000,0.000000,0.000000
44.579095,0.000000,0.000000,0.000000,0.000000,0.000000,0.000000
44.589095,0.000000,0.000000,0.000000,0.000000,0.000000,0.000000
44.599095,0.000000,0.000000,0.000000,0.000000,0.000000,0.000000
44.609095,0.000000,0.000000,0.000000,0.000000,0.000000,0.000000
44.619095,0.000000,0.000000,0.000000,0.000000,0.000000,0.000000
44.629095,0.000000,0.000000,0.000000,0.000000,0.000000,0.000000
44.639095,0.000000,0.000000,0.000000,0.000000,0.000000,0.000000
44.649095,0.000000,0.000000,0.000000,0.000000,0.000000,0.000000
44.659095,0.000000,0.000000,0.000000,0.000000,0.000000,0.000000
44.669095,0.000000,0.000000,0.000000,0.000000,0.000000,0.000000
44.679095,0.000000,0.000000,0.000000,0.000000,0.000000,0.000000
44.689095,0.000000,0.000000,0.000000,0.000000,0.000000,0.000000
44.699095,0.000000,0.000000,0.000000,0.000000,0.000000,0.000000
44.709095,0.000000,0.000000,0.000000,0.000000,0.000000,0.000000
44.719095,0.000000,0.000000,0.000000,0.000000,0.000000,0.000000
44.729095,0.000000,0.000000,0.000000,0.000000,0.000000,0.000000
44.739095,0.000000,0.000000,0.000000,0.000000,0.000000,0.000000
44.749095,0.000000,0.000000,0.000000,0.000000,0.000000,0.000000
44.759095,0.000000,0.000000,0.000000,0.000000,0.000000,0.000000
44.769095,0.000000,0.000000,0.000000,0.000000,0.000000,0.000000
44.779095,0.000000,0.000000,0.000000,0.000000,0.000000,0.000000
44.789095,0.000000,0.000000,0.000000,0.000000,0.000000,0.000000
44.799095,0.000000,0.000000,0.000000,0.000000,0.000000,0.000000
44.809095,0.000000,0.000000,0.000000,0.000000,0.000000,0.000000
44.819095,0.000000,0.000000,0.000000,0.000000,0.000000,0.000000
44.829095,0.000000,0.000000,0.000000,0.000000,0.000000,0.000000
44.839095,0.000000,0.000000,0.000000,0.000000,0.000000,0.000000
44.849095,0.000000,0.000000,0.000000,0.000000,0.000000,0.000000
44.859095,0.000000,0.000000,0.000000,0.000000,0.000000,0.000000
44.869095,0.000000,0.000000,0.000000,0.000000,0.000000,0.000000
44.879095,0.000000,0.000000,0.000000,0.000000,0.000000,0.000000
44.889095,0.000000,0.000000,0.000000,0.000000,0.000000,0.000000
44.899095,0.000000,0.000000,0.000000,0.000000,0.000000,0.000000
44.909095,0.000000,0.000000,0.000000,0.000000,0.000000,0.000000
44.919095,0.000000,0.000000,0.000000,0.000000,0.000000,0.000000
44.929095,0.000000,0.000000,0.000000,0.000000,0.000000,0.000000
44.939095,0.000000,0.000000,0.000000,0.000000,0.000000,0.000000
44.949095,0.000000,0.000000,0.000000,0.000000,0.000000,0.000000
44.959095,0.000000,0.000000,0.000000,0.000000,0.000000,0.000000
44.969095,0.000000,0.000000,0.000000,0.000000,0.000000,0.000000
44.979095,0.000000,0.000000,0.000000,0.000000,0.000000,0.000000
44.989095,0.000000,0.000000,0.000000,0.000000,0.000000,0.000000
44.999095,0.000000,0.000000,0.000000,0.000000,0.000000,0.000000
45.009095,0.000000,0.000000,0.000000,0.000000,0.000000,0.000000
45.019095,0.000000,0.000000,0.000000,0.000000,0.000000,0.000000
45.029095,0.000000,0.000000,0.000000,0.000000,0.000000,0.000000
45.039095,0.000000,0.000000,0.000000,0.000000,0.000000,0.000000
45.049095,0.000000,0.000000,0.000000,0.000000,0.000000,0.000000
45.059095,0.000000,0.000000,0.000000,0.000000,0.000000,0.000000
45.069095,0.000000,0.000000,0.000000,0.000000,0.000000,0.000000
45.079095,0.000000,0.000000,0.000000,0.000000,0.000000,0.000000
45.089095,0.000000,0.000000,0.000000,0.000000,0.000000,0.000000
45.099095,0.000000,0.000000,0.000000,0.000000,0.000000,0.000000
45.109095,0.000000,0.000000,0.000000,0.000000,0.000000,0.000000
45.119095,0.000000,0.000000,0.000000,0.000000,0.000000,0.000000
45.129095,0.000000,0.000000,0.000000,0.000000,0.000000,0.000000
45.139095,0.000000,0.000000,0.000000,0.000000,0.000000,0.000000
45.149095,0.000000,0.000000,0.000000,0.000000,0.000000,0.000000
45.159095,0.000000,0.000000,0.000000,0.000000,0.000000,0.000000
45.169095,0.000000,0.000000,0.000000,0.000000,0.000000,0.000000
45.179095,0.000000,0.000000,0.000000,0.000000,0.000000,0.000000
45.189095,0.000000,0.000000,0.000000,0.000000,0.000000,0.000000
45.199095,0.000000,0.000000,0.000000,0.000000,0.000000,0.000000
45.209095,0.000000,0.000000,0.000000,0.000000,0.000000,0.000000
45.219095,0.000000,0.000000,0.000000,0.000000,0.000000,0.000000
45.229095,0.000000,0.000000,0.000000,0.000000,0.000000,0.000000
45.239095,0.000000,0.000000,0.000000,0.000000,0.000000,0.000000
45.249095,0.000000,0.000000,0.000000,0.000000,0.000000,0.000000
45.259095,0.000000,0.000000,0.000000,0.000000,0.000000,0.000000
45.269095,0.000000,0.000000,0.000000,0.000000,0.000000,0.000000
45.279095,0.000000,0.000000,0.000000,0.000000,0.000000,0.000000
45.289095,0.000000,0.000000,0.000000,0.000000,0.000000,0.000000
45.299095,0.000000,0.000000,0.000000,0.000000,0.000000,0.000000
45.309095,0.000000,0.000000,0.000000,0.000000,0.000000,0.000000
45.319095,0.000000,0.000000,0.000000,0.000000,0.000000,0.000000
45.329095,0.000000,0.000000,0.000000,0.000000,0.000000,0.000000
45.339095,0.000000,0.000000,0.000000,0.000000,0.000000,0.000000
45.349095,0.000000,0.000000,0.000000,0.000000,0.000000,0.000000
45.359095,0.000000,0.000000,0.000000,0.000000,0.000000,0.000000
45.369095,0.000000,0.000000,0.000000,0.000000,0.000000,0.000000
45.379095,0.000000,0.000000,0.000000,0.000000,0.000000,0.000000
45.389095,0.000000,0.000000,0.000000,0.000000,0.000000,0.000000
45.399095,0.000000,0.000000,0.000000,0.000000,0.000000,0.000000
45.409095,0.000000,0.000000,0.000000,0.000000,0.000000,0.000000
45.419095,0.000000,0.000000,0.000000,0.000000,0.000000,0.000000
45.429095,0.000000,0.000000,0.000000,0.000000,0.000000,0.000000
45.439095,0.000000,0.000000,0.000000,0.000000,0.000000,0.000000
45.449095,0.000000,0.000000,0.000000,0.000000,0.000000,0.000000
45.459095,0.000000,0.000000,0.000000,0.000000,0.000000,0.000000
45.469095,0.000000,0.000000,0.000000,0.000000,0.000000,0.000000
45.479095,0.000000,0.000000,0.000000,0.000000,0.000000,0.000000
45.489095,0.000000,0.000000,0.000000,0.000000,0.000000,0.000000
45.499095,0.000000,0.000000,0.000000,0.000000,0.000000,0.000000
45.509095,0.000000,0.000000,0.000000,0.000000,0.000000,0.000000
45.519095,0.000000,0.000000,0.000000,0.000000,0.000000,0.000000
45.529095,0.000000,0.000000,0.000000,0.000000,0.000000,0.000000
45.539095,0.000000,0.000000,0.000000,0.000000,0.000000,0.000000
45.549095,0.000000,0.000000,0.000000,0.000000,0.000000,0.000000
45.559095,0.000000,0.000000,0.000000,0.000000,0.000000,0.000000
45.569095,0.000000,0.000000,0.000000,0.000000,0.000000,0.000000
45.579095,0.000000,0.000000,0.000000,0.000000,0.000000,0.000000
45.589095,0.000000,0.000000,0.000000,0.000000,0.000000,0.000000
45.599095,0.000000,0.000000,0.000000,0.000000,0.000000,0.000000
45.609095,0.000000,0.000000,0.000000,0.000000,0.000000,0.000000
45.619095,0.000000,0.000000,0.000000,0.000000,0.000000,0.000000
45.629095,0.000000,0.000000,0.000000,0.000000,0.000000,0.000000
45.639095,0.000000,0.000000,0.000000,0.000000,0.000000,0.000000
45.649095,0.000000,0.000000,0.000000,0.000000,0.000000,0.000000
45.659095,0.000000,0.000000,0.000000,0.000000,0.000000,0.000000
45.669095,0.000000,0.000000,0.000000,0.000000,0.000000,0.000000
45.679095,0.000000,0.000000,0.000000,0.000000,0.000000,0.000000
45.689095,0.000000,0.000000,0.000000,0.000000,0.000000,0.000000
45.699095,0.000000,0.000000,0.000000,0.000000,0.000000,0.000000
45.709095,0.000000,0.000000,0.000000,0.000000,0.000000,0.000000
45.719095,0.000000,0.000000,0.000000,0.000000,0.000000,0.000000
45.729095,0.000000,0.000000,0.000000,0.000000,0.000000,0.000000
45.739095,0.000000,0.000000,0.000000,0.000000,0.000000,0.000000
45.749095,0.000000,0.000000,0.000000,0.000000,0.000000,0.000000
45.759095,0.000000,0.000000,0.000000,0.000000,0.000000,0.000000
45.769095,0.000000,0.000000,0.000000,0.000000,0.000000,0.000000
45.779095,0.000000,0.000000,0.000000,0.000000,0.000000,0.000000
45.789095,0.000000,0.000000,0.000000,0.000000,0.000000,0.000000
45.799095,0.000000,0.000000,0.000000,0.000000,0.000000,0.000000
45.809095,0.000000,0.000000,0.000000,0.000000,0.000000,0.000000
45.819095,0.000000,0.000000,0.000000,0.000000,0.000000,0.000000
45.829095,0.000000,0.000000,0.000000,0.000000,0.000000,0.000000
45.839095,0.000000,0.000000,0.000000,0.000000,0.000000,0.000000
45.849095,0.000000,0.000000,0.000000,0.000000,0.000000,0.000000
45.859095,0.000000,0.000000,0.000000,0.000000,0.000000,0.000000
45.869095,0.000000,0.000000,0.000000,0.000000,0.000000,0.000000
45.879095,0.000000,0.000000,0.000000,0.000000,0.000000,0.000000
45.889095,0.000000,0.000000,0.000000,0.000000,0.000000,0.000000
45.899095,0.000000,0.000000,0.000000,0.000000,0.000000,0.000000
45.909095,0.000000,0.000000,0.000000,0.000000,0.000000,0.000000
45.919095,0.000000,0.000000,0.000000,0.000000,0.000000,0.000000
45.929095,0.000000,0.000000,0.000000,0.000000,0.000000,0.000000
45.939095,0.000000,0.000000,0.000000,0.000000,0.000000,0.000000
45.949095,0.000000,0.000000,0.000000,0.000000,0.000000,0.000000
45.959095,0.000000,0.000000,0.000000,0.000000,0.000000,0.000000
45.969095,0.000000,0.000000,0.000000,0.000000,0.000000,0.000000
45.979095,0.000000,0.000000,0.000000,0.000000,0.000000,0.000000
45.989095,0.000000,0.000000,0.000000,0.000000,0.000000,0.000000
45.999095,0.000000,0.000000,0.000000,0.000000,0.000000,0.000000
46.009095,0.000000,0.000000,0.000000,0.000000,0.000000,0.000000
46.019095,0.000000,0.000000,0.000000,0.000000,0.000000,0.000000
46.029095,0.000000,0.000000,0.000000,0.000000,0.000000,0.000000
46.039095,0.000000,0.000000,0.000000,0.000000,0.000000,0.000000
46.049095,0.000000,0.000000,0.000000,0.000000,0.000000,0.000000
46.059095,0.000000,0.000000,0.000000,0.000000,0.000000,0.000000
46.069095,0.000000,0.000000,0.000000,0.000000,0.000000,0.000000
46.079095,0.000000,0.000000,0.000000,0.000000,0.000000,0.000000
46.089095,0.000000,0.000000,0.000000,0.000000,0.000000,0.000000
46.099095,0.000000,0.000000,0.000000,0.000000,0.000000,0.000000
46.109095,0.000000,0.000000,0.000000,0.000000,0.000000,0.000000
46.119095,0.000000,0.000000,0.000000,0.000000,0.000000,0.000000
46.129095,0.000000,0.000000,0.000000,0.000000,0.000000,0.000000
46.139095,0.000000,0.000000,0.000000,0.000000,0.000000,0.000000
46.149095,0.000000,0.000000,0.000000,0.000000,0.000000,0.000000
46.159095,0.000000,0.000000,0.000000,0.000000,0.000000,0.000000
46.169095,0.000000,0.000000,0.000000,0.000000,0.000000,0.000000
46.179095,0.000000,0.000000,0.000000,0.000000,0.000000,0.000000
46.189095,0.000000,0.000000,0.000000,0.000000,0.000000,0.000000
46.199095,0.000000,0.000000,0.000000,0.000000,0.000000,0.000000
46.209095,0.000000,0.000000,0.000000,0.000000,0.000000,0.000000
46.219095,0.000000,0.000000,0.000000,0.000000,0.000000,0.000000
46.229095,0.000000,0.000000,0.000000,0.000000,0.000000,0.000000
46.239095,0.000000,0.000000,0.000000,0.000000,0.000000,0.000000
46.249095,0.000000,0.000000,0.000000,0.000000,0.000000,0.000000
46.259095,0.000000,0.000000,0.000000,0.000000,0.000000,0.000000
46.269095,0.000000,0.000000,0.000000,0.000000,0.000000,0.000000
46.279095,0.000000,0.000000,0.000000,0.000000,0.000000,0.000000
46.289095,0.000000,0.000000,0.000000,0.000000,0.000000,0.000000
46.299095,0.000000,0.000000,0.000000,0.000000,0.000000,0.000000
46.309095,0.000000,0.000000,0.000000,0.000000,0.000000,0.000000
46.319095,0.000000,0.000000,0.000000,0.000000,0.000000,0.000000
46.329095,0.000000,0.000000,0.000000,0.000000,0.000000,0.000000
46.339095,0.000000,0.000000,0.000000,0.000000,0.000000,0.000000
46.349095,0.000000,0.000000,0.000000,0.000000,0.000000,0.000000
46.359095,0.000000,0.000000,0.000000,0.000000,0.000000,0.000000
46.369095,0.000000,0.000000,0.000000,0.000000,0.000000,0.000000
46.379095,0.000000,0.000000,0.000000,0.000000,0.000000,0.000000
46.389095,0.000000,0.000000,0.000000,0.000000,0.000000,0.000000
46.399095,0.000000,0.000000,0.000000,0.000000,0.000000,0.000000
46.409095,0.000000,0.000000,0.000000,0.000000,0.000000,0.000000
46.419095,0.000000,0.000000,0.000000,0.000000,0.000000,0.000000
46.429095,0.000000,0.000000,0.000000,0.000000,0.000000,0.000000
46.439095,0.000000,0.000000,0.000000,0.000000,0.000000,0.000000
46.449095,0.000000,0.000000,0.000000,0.000000,0.000000,0.000000
46.459095,0.000000,0.000000,0.000000,0.000000,0.000000,0.000000
46.469095,0.000000,0.000000,0.000000,0.000000,0.000000,0.000000
46.479095,0.000000,0.000000,0.000000,0.000000,0.000000,0.000000
46.489095,0.000000,0.000000,0.000000,0.000000,0.000000,0.000000
46.499095,0.000000,0.000000,0.000000,0.000000,0.000000,0.000000
46.509095,0.000000,0.000000,0.000000,0.000000,0.000000,0.000000
46.519095,0.000000,0.000000,0.000000,0.000000,0.000000,0.000000
46.529095,0.000000,0.000000,0.000000,0.000000,0.000000,0.000000
46.539095,0.000000,0.000000,0.000000,0.000000,0.000000,0.000000
46.549095,0.000000,0.000000,0.000000,0.000000,0.000000,0.000000
46.559095,0.000000,0.000000,0.000000,0.000000,0.000000,0.000000
46.569095,0.000000,0.000000,0.000000,0.000000,0.000000,0.000000
46.579095,0.000000,0.000000,0.000000,0.000000,0.000000,0.000000
46.589095,0.000000,0.000000,0.000000,0.000000,0.000000,0.000000
46.599095,0.000000,0.000000,0.000000,0.000000,0.000000,0.000000
46.609095,0.000000,0.000000,0.000000,0.000000,0.000000,0.000000
46.619095,0.000000,0.000000,0.000000,0.000000,0.000000,0.000000
46.629095,0.000000,0.000000,0.000000,0.000000,0.000000,0.000000
46.639095,0.000000,0.000000,0.000000,0.000000,0.000000,0.000000
46.649095,0.000000,0.000000,0.000000,0.000000,0.000000,0.000000
46.659095,0.000000,0.000000,0.000000,0.000000,0.000000,0.000000
46.669095,0.000000,0.000000,0.000000,0.000000,0.000000,0.000000
46.679095,0.000000,0.000000,0.000000,0.000000,0.000000,0.000000
46.689095,0.000000,0.000000,0.000000,0.000000,0.000000,0.000000
46.699095,0.000000,0.000000,0.000000,0.000000,0.000000,0.000000
46.709095,0.000000,0.000000,0.000000,0.000000,0.000000,0.000000
46.719095,0.000000,0.000000,0.000000,0.000000,0.000000,0.000000
46.729095,0.000000,0.000000,0.000000,0.000000,0.000000,0.000000
46.739095,0.000000,0.000000,0.000000,0.000000,0.000000,0.000000
46.749095,0.000000,0.000000,0.000000,0.000000,0.000000,0.000000
46.759095,0.000000,0.000000,0.000000,0.000000,0.000000,0.000000
46.769095,0.000000,0.000000,0.000000,0.000000,0.000000,0.000000
46.779095,0.000000,0.000000,0.000000,0.000000,0.000000,0.000000
46.789095,0.000000,0.000000,0.000000,0.000000,0.000000,0.000000
46.799095,0.000000,0.000000,0.000000,0.000000,0.000000,0.000000
46.809095,0.000000,0.000000,0.000000,0.000000,0.000000,0.000000
46.819095,0.000000,0.000000,0.000000,0.000000,0.000000,0.000000
46.829095,0.000000,0.000000,0.000000,0.000000,0.000000,0.000000
46.839095,0.000000,0.000000,0.000000,0.000000,0.000000,0.000000
46.849095,0.000000,0.000000,0.000000,0.000000,0.000000,0.000000
46.859095,0.000000,0.000000,0.000000,0.000000,0.000000,0.000000
46.869095,0.000000,0.000000,0.000000,0.000000,0.000000,0.000000
46.879095,0.000000,0.000000,0.000000,0.000000,0.000000,0.000000
46.889095,0.000000,0.000000,0.000000,0.000000,0.000000,0.000000
46.899095,0.000000,0.000000,0.000000,0.000000,0.000000,0.000000
46.909095,0.000000,0.000000,0.000000,0.000000,0.000000,0.000000
46.919095,0.000000,0.000000,0.000000,0.000000,0.000000,0.000000
46.929095,0.000000,0.000000,0.000000,0.000000,0.000000,0.000000
46.939095,0.000000,0.000000,0.000000,0.000000,0.000000,0.000000
46.949095,0.000000,0.000000,0.000000,0.000000,0.000000,0.000000
46.959095,0.000000,0.000000,0.000000,0.000000,0.000000,0.000000
46.969095,0.000000,0.000000,0.000000,0.000000,0.000000,0.000000
46.979095,0.000000,0.000000,0.000000,0.000000,0.000000,0.000000
46.989095,0.000000,0.000000,0.000000,0.000000,0.000000,0.000000
46.999095,0.000000,0.000000,0.000000,0.000000,0.000000,0.000000
47.009095,0.000000,0.000000,0.000000,0.000000,0.000000,0.000000
47.019095,0.000000,0.000000,0.000000,0.000000,0.000000,0.000000
47.029095,0.000000,0.000000,0.000000,0.000000,0.000000,0.000000
47.039095,0.000000,0.000000,0.000000,0.000000,0.000000,0.000000
47.049095,0.000000,0.000000,0.000000,0.000000,0.000000,0.000000
47.059095,0.000000,0.000000,0.000000,0.000000,0.000000,0.000000
47.069095,0.000000,0.000000,0.000000,0.000000,0.000000,0.000000
47.079095,0.000000,0.000000,0.000000,0.000000,0.000000,0.000000
47.089095,0.000000,0.000000,0.000000,0.000000,0.000000,0.000000
47.099095,0.000000,0.000000,0.000000,0.000000,0.000000,0.000000
47.109095,0.000000,0.000000,0.000000,0.000000,0.000000,0.000000
47.119095,0.000000,0.000000,0.000000,0.000000,0.000000,0.000000
47.129095,0.000000,0.000000,0.000000,0.000000,0.000000,0.000000
47.139095,0.000000,0.000000,0.000000,0.000000,0.000000,0.000000
47.149095,0.000000,0.000000,0.000000,0.000000,0.000000,0.000000
47.159095,0.000000,0.000000,0.000000,0.000000,0.000000,0.000000
47.169095,0.000000,0.000000,0.000000,0.000000,0.000000,0.000000
47.179095,0.000000,0.000000,0.000000,0.000000,0.000000,0.000000
47.189095,0.000000,0.000000,0.000000,0.000000,0.000000,0.000000
47.199095,0.000000,0.000000,0.000000,0.000000,0.000000,0.000000
47.209095,0.000000,0.000000,0.000000,0.000000,0.000000,0.000000
47.219095,0.000000,0.000000,0.000000,0.000000,0.000000,0.000000
47.229095,0.000000,0.000000,0.000000,0.000000,0.000000,0.000000
47.239095,0.000000,0.000000,0.000000,0.000000,0.000000,0.000000
47.249095,0.000000,0.000000,0.000000,0.000000,0.000000,0.000000
47.259095,0.000000,0.000000,0.000000,0.000000,0.000000,0.000000
47.269095,0.000000,0.000000,0.000000,0.000000,0.000000,0.000000
47.279095,0.000000,0.000000,0.000000,0.000000,0.000000,0.000000
47.289095,0.000000,0.000000,0.000000,0.000000,0.000000,0.000000
47.299095,0.000000,0.000000,0.000000,0.000000,0.000000,0.000000
47.309095,0.000000,0.000000,0.000000,0.000000,0.000000,0.000000
47.319095,0.000000,0.000000,0.000000,0.000000,0.000000,0.000000
47.329095,0.000000,0.000000,0.000000,0.000000,0.000000,0.000000
47.339095,0.000000,0.000000,0.000000,0.000000,0.000000,0.000000
47.349095,0.000000,0.000000,0.000000,0.000000,0.000000,0.000000
47.359095,0.000000,0.000000,0.000000,0.000000,0.000000,0.000000
47.369095,0.000000,0.000000,0.000000,0.000000,0.000000,0.000000
47.379095,0.000000,0.000000,0.000000,0.000000,0.000000,0.000000
47.389095,0.000000,0.000000,0.000000,0.000000,0.000000,0.000000
47.399095,0.000000,0.000000,0.000000,0.000000,0.000000,0.000000
47.409095,0.000000,0.000000,0.000000,0.000000,0.000000,0.000000
47.419095,0.000000,0.000000,0.000000,0.000000,0.000000,0.000000
47.429095,0.000000,0.000000,0.000000,0.000000,0.000000,0.000000
47.439095,0.000000,0.000000,0.000000,0.000000,0.000000,0.000000
47.449095,0.000000,0.000000,0.000000,0.000000,0.000000,0.000000
47.459095,0.000000,0.000000,0.000000,0.000000,0.000000,0.000000
47.469095,0.000000,0.000000,0.000000,0.000000,0.000000,0.000000
47.479095,0.000000,0.000000,0.000000,0.000000,0.000000,0.000000
47.489095,0.000000,0.000000,0.000000,0.000000,0.000000,0.000000
47.499095,0.000000,0.000000,0.000000,0.000000,0.000000,0.000000
47.509095,0.000000,0.000000,0.000000,0.000000,0.000000,0.000000
47.519095,0.000000,0.000000,0.000000,0.000000,0.000000,0.000000
47.529095,0.000000,0.000000,0.000000,0.000000,0.000000,0.000000
47.539095,0.000000,0.000000,0.000000,0.000000,0.000000,0.000000
47.549095,0.000000,0.000000,0.000000,0.000000,0.000000,0.000000
47.559095,0.000000,0.000000,0.000000,0.000000,0.000000,0.000000
47.569095,0.000000,0.000000,0.000000,0.000000,0.000000,0.000000
47.579095,0.000000,0.000000,0.000000,0.000000,0.000000,0.000000
47.589095,0.000000,0.000000,0.000000,0.000000,0.000000,0.000000
47.599095,0.000000,0.000000,0.000000,0.000000,0.000000,0.000000
47.609095,0.000000,0.000000,0.000000,0.000000,0.000000,0.000000
47.619095,0.000000,0.000000,0.000000,0.000000,0.000000,0.000000
47.629095,0.000000,0.000000,0.000000,0.000000,0.000000,0.000000
47.639095,0.000000,0.000000,0.000000,0.000000,0.000000,0.000000
47.649095,0.000000,0.000000,0.000000,0.000000,0.000000,0.000000
47.659095,0.000000,0.000000,0.000000,0.000000,0.000000,0.000000
47.669095,0.000000,0.000000,0.000000,0.000000,0.000000,0.000000
47.679095,0.000000,0.000000,0.000000,0.000000,0.000000,0.000000
47.689095,0.000000,0.000000,0.000000,0.000000,0.000000,0.000000
47.699095,0.000000,0.000000,0.000000,0.000000,0.000000,0.000000
47.709095,0.000000,0.000000,0.000000,0.000000,0.000000,0.000000
47.719095,0.000000,0.000000,0.000000,0.000000,0.000000,0.000000
47.729095,0.000000,0.000000,0.000000,0.000000,0.000000,0.000000
47.739095,0.000000,0.000000,0.000000,0.000000,0.000000,0.000000
47.749095,0.000000,0.000000,0.000000,0.000000,0.000000,0.000000
47.759095,0.000000,0.000000,0.000000,0.000000,0.000000,0.000000
47.769095,0.000000,0.000000,0.000000,0.000000,0.000000,0.000000
47.779095,0.000000,0.000000,0.000000,0.000000,0.000000,0.000000
47.789095,0.000000,0.000000,0.000000,0.000000,0.000000,0.000000
47.799095,0.000000,0.000000,0.000000,0.000000,0.000000,0.000000
47.809095,0.000000,0.000000,0.000000,0.000000,0.000000,0.000000
47.819095,0.000000,0.000000,0.000000,0.000000,0.000000,0.000000
47.829095,0.000000,0.000000,0.000000,0.000000,0.000000,0.000000
47.839095,0.000000,0.000000,0.000000,0.000000,0.000000,0.000000
47.849095,0.000000,0.000000,0.000000,0.000000,0.000000,0.000000
47.859095,0.000000,0.000000,0.000000,0.000000,0.000000,0.000000
47.869095,0.000000,0.000000,0.000000,0.000000,0.000000,0.000000
47.879095,0.000000,0.000000,0.000000,0.000000,0.000000,0.000000
47.889095,0.000000,0.000000,0.000000,0.000000,0.000000,0.000000
47.899095,0.000000,0.000000,0.000000,0.000000,0.000000,0.000000
47.909095,0.000000,0.000000,0.000000,0.000000,0.000000,0.000000
47.919095,0.000000,0.000000,0.000000,0.000000,0.000000,0.000000
47.929095,0.000000,0.000000,0.000000,0.000000,0.000000,0.000000
47.939095,0.000000,0.000000,0.000000,0.000000,0.000000,0.000000
47.949095,0.000000,0.000000,0.000000,0.000000,0.000000,0.000000
47.959095,0.000000,0.000000,0.000000,0.000000,0.000000,0.000000
47.969095,0.000000,0.000000,0.000000,0.000000,0.000000,0.000000
47.979095,0.000000,0.000000,0.000000,0.000000,0.000000,0.000000
47.989095,0.000000,0.000000,0.000000,0.000000,0.000000,0.000000
47.999095,0.000000,0.000000,0.000000,0.000000,0.000000,0.000000
48.009095,0.000000,0.000000,0.000000,0.000000,0.000000,0.000000
48.019095,0.000000,0.000000,0.000000,0.000000,0.000000,0.000000
48.029095,0.000000,0.000000,0.000000,0.000000,0.000000,0.000000
48.039095,0.000000,0.000000,0.000000,0.000000,0.000000,0.000000
48.049095,0.000000,0.000000,0.000000,0.000000,0.000000,0.000000
48.059095,0.000000,0.000000,0.000000,0.000000,0.000000,0.000000
48.069095,0.000000,0.000000,0.000000,0.000000,0.000000,0.000000
48.079095,0.000000,0.000000,0.000000,0.000000,0.000000,0.000000
48.089095,0.000000,0.000000,0.000000,0.000000,0.000000,0.000000
48.099095,0.000000,0.000000,0.000000,0.000000,0.000000,0.000000
48.109095,0.000000,0.000000,0.000000,0.000000,0.000000,0.000000
48.119095,0.000000,0.000000,0.000000,0.000000,0.000000,0.000000
48.129095,0.000000,0.000000,0.000000,0.000000,0.000000,0.000000
48.139095,0.000000,0.000000,0.000000,0.000000,0.000000,0.000000
48.149095,0.000000,0.000000,0.000000,0.000000,0.000000,0.000000
48.159095,0.000000,0.000000,0.000000,0.000000,0.000000,0.000000
48.169095,0.000000,0.000000,0.000000,0.000000,0.000000,0.000000
48.179095,0.000000,0.000000,0.000000,0.000000,0.000000,0.000000
48.189095,0.000000,0.000000,0.000000,0.000000,0.000000,0.000000
48.199095,0.000000,0.000000,0.000000,0.000000,0.000000,0.000000
48.209095,0.000000,0.000000,0.000000,0.000000,0.000000,0.000000
48.219095,0.000000,0.000000,0.000000,0.000000,0.000000,0.000000
48.229095,0.000000,0.000000,0.000000,0.000000,0.000000,0.000000
48.239095,0.000000,0.000000,0.000000,0.000000,0.000000,0.000000
48.249095,0.000000,0.000000,0.000000,0.000000,0.000000,0.000000
48.259095,0.000000,0.000000,0.000000,0.000000,0.000000,0.000000
48.269095,0.000000,0.000000,0.000000,0.000000,0.000000,0.000000
48.279095,0.000000,0.000000,0.000000,0.000000,0.000000,0.000000
48.289095,0.000000,0.000000,0.000000,0.000000,0.000000,0.000000
48.299095,0.000000,0.000000,0.000000,0.000000,0.000000,0.000000
48.309095,0.000000,0.000000,0.000000,0.000000,0.000000,0.000000
48.319095,0.000000,0.000000,0.000000,0.000000,0.000000,0.000000
48.329095,0.000000,0.000000,0.000000,0.000000,0.000000,0.000000
48.339095,0.000000,0.000000,0.000000,0.000000,0.000000,0.000000
48.349095,0.000000,0.000000,0.000000,0.000000,0.000000,0.000000
48.359095,0.000000,0.000000,0.000000,0.000000,0.000000,0.000000
48.369095,0.000000,0.000000,0.000000,0.000000,0.000000,0.000000
48.379095,0.000000,0.000000,0.000000,0.000000,0.000000,0.000000
48.389095,0.000000,0.000000,0.000000,0.000000,0.000000,0.000000
48.399095,0.000000,0.000000,0.000000,0.000000,0.000000,0.000000
48.409095,0.000000,0.000000,0.000000,0.000000,0.000000,0.000000
48.419095,0.000000,0.000000,0.000000,0.000000,0.000000,0.000000
48.429095,0.000000,0.000000,0.000000,0.000000,0.000000,0.000000
48.439095,0.000000,0.000000,0.000000,0.000000,0.000000,0.000000
48.449095,0.000000,0.000000,0.000000,0.000000,0.000000,0.000000
48.459095,0.000000,0.000000,0.000000,0.000000,0.000000,0.000000
48.469095,0.000000,0.000000,0.000000,0.000000,0.000000,0.000000
48.479095,0.000000,0.000000,0.000000,0.000000,0.000000,0.000000
48.489095,0.000000,0.000000,0.000000,0.000000,0.000000,0.000000
48.499095,0.000000,0.000000,0.000000,0.000000,0.000000,0.000000
48.509095,0.000000,0.000000,0.000000,0.000000,0.000000,0.000000
48.519095,0.000000,0.000000,0.000000,0.000000,0.000000,0.000000
48.529095,0.000000,0.000000,0.000000,0.000000,0.000000,0.000000
48.539095,0.000000,0.000000,0.000000,0.000000,0.000000,0.000000
48.549095,0.000000,0.000000,0.000000,0.000000,0.000000,0.000000
48.559095,0.000000,0.000000,0.000000,0.000000,0.000000,0.000000
48.569095,0.000000,0.000000,0.000000,0.000000,0.000000,0.000000
48.579095,0.000000,0.000000,0.000000,0.000000,0.000000,0.000000
48.589095,0.000000,0.000000,0.000000,0.000000,0.000000,0.000000
48.599095,0.000000,0.000000,0.000000,0.000000,0.000000,0.000000
48.609095,0.000000,0.000000,0.000000,0.000000,0.000000,0.000000
48.619095,0.000000,0.000000,0.000000,0.000000,0.000000,0.000000
48.629095,0.000000,0.000000,0.000000,0.000000,0.000000,0.000000
48.639095,0.000000,0.000000,0.000000,0.000000,0.000000,0.000000
48.649095,0.000000,0.000000,0.000000,0.000000,0.000000,0.000000
48.659095,0.000000,0.000000,0.000000,0.000000,0.000000,0.000000
48.669095,0.000000,0.000000,0.000000,0.000000,0.000000,0.000000
48.679095,0.000000,0.000000,0.000000,0.000000,0.000000,0.000000
48.689095,0.000000,0.000000,0.000000,0.000000,0.000000,0.000000
48.699095,0.000000,0.000000,0.000000,0.000000,0.000000,0.000000
48.709095,0.000000,0.000000,0.000000,0.000000,0.000000,0.000000
48.719095,0.000000,0.000000,0.000000,0.000000,0.000000,0.000000
48.729095,0.000000,0.000000,0.000000,0.000000,0.000000,0.000000
48.739095,0.000000,0.000000,0.000000,0.000000,0.000000,0.000000
48.749095,0.000000,0.000000,0.000000,0.000000,0.000000,0.000000
48.759095,0.000000,0.000000,0.000000,0.000000,0.000000,0.000000
48.769095,0.000000,0.000000,0.000000,0.000000,0.000000,0.000000
48.779095,0.000000,0.000000,0.000000,0.000000,0.000000,0.000000
48.789095,0.000000,0.000000,0.000000,0.000000,0.000000,0.000000
48.799095,0.000000,0.000000,0.000000,0.000000,0.000000,0.000000
48.809095,0.000000,0.000000,0.000000,0.000000,0.000000,0.000000
48.819095,0.000000,0.000000,0.000000,0.000000,0.000000,0.000000
48.829095,0.000000,0.000000,0.000000,0.000000,0.000000,0.000000
48.839095,0.000000,0.000000,0.000000,0.000000,0.000000,0.000000
48.849095,0.000000,0.000000,0.000000,0.000000,0.000000,0.000000
48.859095,0.000000,0.000000,0.000000,0.000000,0.000000,0.000000
48.869095,0.000000,0.000000,0.000000,0.000000,0.000000,0.000000
48.879095,0.000000,0.000000,0.000000,0.000000,0.000000,0.000000
48.889095,0.000000,0.000000,0.000000,0.000000,0.000000,0.000000
48.899095,0.000000,0.000000,0.000000,0.000000,0.000000,0.000000
48.909095,0.000000,0.000000,0.000000,0.000000,0.000000,0.000000
48.919095,0.000000,0.000000,0.000000,0.000000,0.000000,0.000000
48.929095,0.000000,0.000000,0.000000,0.000000,0.000000,0.000000
48.939095,0.000000,0.000000,0.000000,0.000000,0.000000,0.000000
48.949095,0.000000,0.000000,0.000000,0.000000,0.000000,0.000000
48.959095,0.000000,0.000000,0.000000,0.000000,0.000000,0.000000
48.969095,0.000000,0.000000,0.000000,0.000000,0.000000,0.000000
48.979095,0.000000,0.000000,0.000000,0.000000,0.000000,0.000000
48.989095,0.000000,0.000000,0.000000,0.000000,0.000000,0.000000
48.999095,0.000000,0.000000,0.000000,0.000000,0.000000,0.000000
49.009095,0.000000,0.000000,0.000000,0.000000,0.000000,0.000000
49.019095,0.000000,0.000000,0.000000,0.000000,0.000000,0.000000
49.029095,0.000000,0.000000,0.000000,0.000000,0.000000,0.000000
