time,linear_accel_x,linear_accel_y,linear_accel_z,angular_vel_x,angular_vel_y,angular_vel_z
0.512364,0.000000,0.000000,0.000000,0.000000,0.000000,0.000000
0.522364,0.000000,0.000000,0.000000,0.000000,0.000000,0.000000
0.532364,0.000000,0.000000,0.000000,0.000000,0.000000,0.000000
0.542364,0.000000,0.000000,0.000000,0.000000,0.000000,0.000000
0.552364,0.000000,0.000000,0.000000,0.000000,0.000000,0.000000
0.562364,0.000000,0.000000,0.000000,0.000000,0.000000,0.000000
0.572364,0.000000,0.000000,0.000000,0.000000,0.000000,0.000000
0.582364,0.000000,0.000000,0.000000,0.000000,0.000000,0.000000
0.592364,0.000000,0.000000,0.000000,0.000000,0.000000,0.000000
0.602364,0.000000,0.000000,0.000000,0.000000,0.000000,0.000000
0.612364,0.000000,0.000000,0.000000,0.000000,0.000000,0.000000
0.622364,0.000000,0.000000,0.000000,0.000000,0.000000,0.000000
0.632364,0.000000,0.000000,0.000000,0.000000,0.000000,0.000000
0.642364,0.000000,0.000000,0.000000,0.000000,0.000000,0.000000
0.652364,0.000000,0.000000,0.000000,0.000000,0.000000,0.000000
0.662364,0.000000,0.000000,0.000000,0.000000,0.000000,0.000000
0.672364,0.000000,0.000000,0.000000,0.000000,0.000000,0.000000
0.682364,0.000000,0.000000,0.000000,0.000000,0.000000,0.000000
0.692364,0.000000,0.000000,0.000000,0.000000,0.000000,0.000000
0.702364,0.000000,0.000000,0.000000,0.000000,0.000000,0.000000
0.712364,0.000000,0.000000,0.000000,0.000000,0.000000,0.000000
0.722364,0.000000,0.000000,0.000000,0.000000,0.000000,0.000000
0.732364,0.000000,0.000000,0.000000,0.000000,0.000000,0.000000
0.742364,0.000000,0.000000,0.000000,0.000000,0.000000,0.000000
0.752364,0.000000,0.000000,0.000000,0.000000,0.000000,0.000000
0.762364,0.000000,0.000000,0.000000,0.000000,0.000000,0.000000
0.772364,0.000000,0.000000,0.000000,0.000000,0.000000,0.000000
0.782364,0.000000,0.000000,0.000000,0.000000,0.000000,0.000000
0.792364,0.000000,0.000000,0.000000,0.000000,0.000000,0.000000
0.802364,0.000000,0.000000,0.000000,0.000000,0.000000,0.000000
0.812364,0.000000,0.000000,0.000000,0.000000,0.000000,0.000000
0.822364,0.000000,0.000000,0.000000,0.000000,0.000000,0.000000
0.832364,0.000000,0.000000,0.000000,0.000000,0.000000,0.000000
0.842364,0.000000,0.000000,0.000000,0.000000,0.000000,0.000000
0.852364,0.000000,0.000000,0.000000,0.000000,0.000000,0.000000
0.862364,0.000000,0.000000,0.000000,0.000000,0.000000,0.000000
0.872364,0.000000,0.000000,0.000000,0.000000,0.000000,0.000000
0.882364,0.000000,0.000000,0.000000,0.000000,0.000000,0.000000
0.892364,0.000000,0.000000,0.000000,0.000000,0.000000,0.000000
0.902364,0.000000,0.000000,0.000000,0.000000,0.000000,0.000000
0.912364,0.000000,0.000000,0.000000,0.000000,0.000000,0.000000
0.922364,0.000000,0.000000,0.000000,0.000000,0.000000,0.000000
0.932364,0.000000,0.000000,0.000000,0.000000,0.000000,0.000000
0.942364,0.000000,0.000000,0.000000,0.000000,0.000000,0.000000
0.952364,0.000000,0.000000,0.000000,0.000000,0.000000,0.000000
0.962364,0.000000,0.000000,0.000000,0.000000,0.000000,0.000000
0.972364,0.000000,0.000000,0.000000,0.000000,0.000000,0.000000
0.982364,0.000000,0.000000,0.000000,0.000000,0.000000,0.000000
0.992364,0.000000,0.000000,0.000000,0.000000,0.000000,0.000000
1.002364,0.000000,0.000000,0.000000,0.000000,0.000000,0.000000
1.012364,0.000000,0.000000,0.000000,0.000000,0.000000,0.000000
1.022364,0.000000,0.000000,0.000000,0.000000,0.000000,0.000000
1.032364,0.000000,0.000000,0.000000,0.000000,0.000000,0.000000
1.042364,0.000000,0.000000,0.000000,0.000000,0.000000,0.000000
1.052364,0.000000,0.000000,0.000000,0.000000,0.000000,0.000000
1.062364,0.000000,0.000000,0.000000,0.000000,0.000000,0.000000
1.072364,0.000000,0.000000,0.000000,0.000000,0.000000,0.000000
1.082364,0.000000,0.000000,0.000000,0.000000,0.000000,0.000000
1.092364,0.000000,0.000000,0.000000,0.000000,0.000000,0.000000
1.102364,0.000000,0.000000,0.000000,0.000000,0.000000,0.000000
1.112364,0.000000,0.000000,0.000000,0.000000,0.000000,0.000000
1.122364,0.000000,0.000000,0.000000,0.000000,0.000000,0.000000
1.132364,0.000000,0.000000,0.000000,0.000000,0.000000,0.000000
1.142364,0.000000,0.000000,0.000000,0.000000,0.000000,0.000000
1.152364,0.000000,0.000000,0.000000,0.000000,0.000000,0.000000
1.162364,0.000000,0.000000,0.000000,0.000000,0.000000,0.000000
1.172364,0.000000,0.000000,0.000000,0.000000,0.000000,0.000000
1.182364,0.000000,0.000000,0.000000,0.000000,0.000000,0.000000
1.192364,0.000000,0.000000,0.000000,0.000000,0.000000,0.000000
1.202364,0.000000,0.000000,0.000000,0.000000,0.000000,0.000000
1.212364,0.000000,0.000000,0.000000,0.000000,0.000000,0.000000
1.222364,0.000000,0.000000,0.000000,0.000000,0.000000,0.000000
1.232364,0.000000,0.000000,0.000000,0.000000,0.000000,0.000000
1.242364,0.000000,0.000000,0.000000,0.000000,0.000000,0.000000
1.252364,0.000000,0.000000,0.000000,0.000000,0.000000,0.000000
1.262364,0.000000,0.000000,0.000000,0.000000,0.000000,0.000000
1.272364,0.000000,0.000000,0.000000,0.000000,0.000000,0.000000
1.282364,0.000000,0.000000,0.000000,0.000000,0.000000,0.000000
1.292364,0.000000,0.000000,0.000000,0.000000,0.000000,0.000000
1.302364,0.000000,0.000000,0.000000,0.000000,0.000000,0.000000
1.312364,0.000000,0.000000,0.000000,0.000000,0.000000,0.000000
1.322364,0.000000,0.000000,0.000000,0.000000,0.000000,0.000000
1.332364,0.000000,0.000000,0.000000,0.000000,0.000000,0.000000
1.342364,0.000000,0.000000,0.000000,0.000000,0.000000,0.000000
1.352364,0.000000,0.000000,0.000000,0.000000,0.000000,0.000000
1.362364,0.000000,0.000000,0.000000,0.000000,0.000000,0.000000
1.372364,0.000000,0.000000,0.000000,0.000000,0.000000,0.000000
1.382364,0.000000,0.000000,0.000000,0.000000,0.000000,0.000000
1.392364,0.000000,0.000000,0.000000,0.000000,0.000000,0.000000
1.402364,0.000000,0.000000,0.000000,0.000000,0.000000,0.000000
1.412364,0.000000,0.000000,0.000000,0.000000,0.000000,0.000000
1.422364,0.000000,0.000000,0.000000,0.000000,0.000000,0.000000
1.432364,0.000000,0.000000,0.000000,0.000000,0.000000,0.000000
1.442364,0.000000,0.000000,0.000000,0.000000,0.000000,0.000000
1.452364,0.000000,0.000000,0.000000,0.000000,0.000000,0.000000
1.462364,0.000000,0.000000,0.000000,0.000000,0.000000,0.000000
1.472364,0.000000,0.000000,0.000000,0.000000,0.000000,0.000000
1.482364,0.000000,0.000000,0.000000,0.000000,0.000000,0.000000
1.492364,0.000000,0.000000,0.000000,0.000000,0.000000,0.000000
1.502364,0.000000,0.000000,0.000000,0.000000,0.000000,0.000000
1.512364,0.000000,0.000000,0.000000,0.000000,0.000000,0.000000
1.522364,0.000000,0.000000,0.000000,0.000000,0.000000,0.000000
1.532364,0.000000,0.000000,0.000000,0.000000,0.000000,0.000000
1.542364,0.000000,0.000000,0.000000,0.000000,0.000000,0.000000
1.552364,0.000000,0.000000,0.000000,0.000000,0.000000,0.000000
1.562364,0.000000,0.000000,0.000000,0.000000,0.000000,0.000000
1.572364,0.000000,0.000000,0.000000,0.000000,0.000000,0.000000
1.582364,0.000000,0.000000,0.000000,0.000000,0.000000,0.000000
1.592364,0.000000,0.000000,0.000000,0.000000,0.000000,0.000000
1.602364,0.000000,0.000000,0.000000,0.000000,0.000000,0.000000
1.612364,0.000000,0.000000,0.000000,0.000000,0.000000,0.000000
1.622364,0.000000,0.000000,0.000000,0.000000,0.000000,0.000000
1.632364,0.000000,0.000000,0.000000,0.000000,0.000000,0.000000
1.642364,0.000000,0.000000,0.000000,0.000000,0.000000,0.000000
1.652364,0.000000,0.000000,0.000000,0.000000,0.000000,0.000000
1.662364,0.000000,0.000000,0.000000,0.000000,0.000000,0.000000
1.672364,0.000000,0.000000,0.000000,0.000000,0.000000,0.000000
1.682364,0.000000,0.000000,0.000000,0.000000,0.000000,0.000000
1.692364,0.000000,0.000000,0.000000,0.000000,0.000000,0.000000
1.702364,0.000000,0.000000,0.000000,0.000000,0.000000,0.000000
1.712364,0.000000,0.000000,0.000000,0.000000,0.000000,0.000000
1.722364,0.000000,0.000000,0.000000,0.000000,0.000000,0.000000
1.732364,0.000000,0.000000,0.000000,0.000000,0.000000,0.000000
1.742364,0.000000,0.000000,0.000000,0.000000,0.000000,0.000000
1.752364,0.000000,0.000000,0.000000,0.000000,0.000000,0.000000
1.762364,0.000000,0.000000,0.000000,0.000000,0.000000,0.000000
1.772364,0.000000,0.000000,0.000000,0.000000,0.000000,0.000000
1.782364,0.000000,0.000000,0.000000,0.000000,0.000000,0.000000
1.792364,0.000000,0.000000,0.000000,0.000000,0.000000,0.000000
1.802364,0.000000,0.000000,0.000000,0.000000,0.000000,0.000000
1.812364,0.000000,0.000000,0.000000,0.000000,0.000000,0.000000
1.822364,0.000000,0.000000,0.000000,0.000000,0.000000,0.000000
1.832364,0.000000,0.000000,0.000000,0.000000,0.000000,0.000000
1.842364,0.000000,0.000000,0.000000,0.000000,0.000000,0.000000
1.852364,0.000000,0.000000,0.000000,0.000000,0.000000,0.000000
1.862364,0.000000,0.000000,0.000000,0.000000,0.000000,0.000000
1.872364,0.000000,0.000000,0.000000,0.000000,0.000000,0.000000
1.882364,0.000000,0.000000,0.000000,0.000000,0.000000,0.000000
1.892364,0.000000,0.000000,0.000000,0.000000,0.000000,0.000000
1.902364,0.000000,0.000000,0.000000,0.000000,0.000000,0.000000
1.912364,0.000000,0.000000,0.000000,0.000000,0.000000,0.000000
1.922364,0.000000,0.000000,0.000000,0.000000,0.000000,0.000000
1.932364,0.000000,0.000000,0.000000,0.000000,0.000000,0.000000
1.942364,0.000000,0.000000,0.000000,0.000000,0.000000,0.000000
1.952364,0.000000,0.000000,0.000000,0.000000,0.000000,0.000000
1.962364,0.000000,0.000000,0.000000,0.000000,0.000000,0.000000
1.972364,0.000000,0.000000,0.000000,0.000000,0.000000,0.000000
1.982364,0.000000,0.000000,0.000000,0.000000,0.000000,0.000000
1.992364,0.000000,0.000000,0.000000,0.000000,0.000000,0.000000
2.002364,0.000000,0.000000,0.000000,0.000000,0.000000,0.000000
2.012364,0.000000,0.000000,0.000000,0.000000,0.000000,0.000000
2.022364,0.000000,0.000000,0.000000,0.000000,0.000000,0.000000
2.032364,0.000000,0.000000,0.000000,0.000000,0.000000,0.000000
2.042364,0.000000,0.000000,0.000000,0.000000,0.000000,0.000000
2.052364,0.000000,0.000000,0.000000,0.000000,0.000000,0.000000
2.062364,0.000000,0.000000,0.000000,0.000000,0.000000,0.000000
2.072364,0.000000,0.000000,0.000000,0.000000,0.000000,0.000000
2.082364,0.000000,0.000000,0.000000,0.000000,0.000000,0.000000
2.092364,0.000000,0.000000,0.000000,0.000000,0.000000,0.000000
2.102364,0.000000,0.000000,0.000000,0.000000,0.000000,0.000000
2.112364,0.000000,0.000000,0.000000,0.000000,0.000000,0.000000
2.122364,0.000000,0.000000,0.000000,0.000000,0.000000,0.000000
2.132364,0.000000,0.000000,0.000000,0.000000,0.000000,0.000000
2.142364,0.000000,0.000000,0.000000,0.000000,0.000000,0.000000
2.152364,0.000000,0.000000,0.000000,0.000000,0.000000,0.000000
2.162364,0.000000,0.000000,0.000000,0.000000,0.000000,0.000000
2.172364,0.000000,0.000000,0.000000,0.000000,0.000000,0.000000
2.182364,0.000000,0.000000,0.000000,0.000000,0.000000,0.000000
2.192364,0.000000,0.000000,0.000000,0.000000,0.000000,0.000000
2.202364,0.000000,0.000000,0.000000,0.000000,0.000000,0.000000
2.212364,0.000000,0.000000,0.000000,0.000000,0.000000,0.000000
2.222364,0.000000,0.000000,0.000000,0.000000,0.000000,0.000000
2.232364,0.000000,0.000000,0.000000,0.000000,0.000000,0.000000
2.242364,0.000000,0.000000,0.000000,0.000000,0.000000,0.000000
2.252364,0.000000,0.000000,0.000000,0.000000,0.000000,0.000000
2.262364,0.000000,0.000000,0.000000,0.000000,0.000000,0.000000
2.272364,0.000000,0.000000,0.000000,0.000000,0.000000,0.000000
2.282364,0.000000,0.000000,0.000000,0.000000,0.000000,0.000000
2.292364,0.000000,0.000000,0.000000,0.000000,0.000000,0.000000
2.302364,0.000000,0.000000,0.000000,0.000000,0.000000,0.000000
2.312364,0.000000,0.000000,0.000000,0.000000,0.000000,0.000000
2.322364,0.000000,0.000000,0.000000,0.000000,0.000000,0.000000
2.332364,0.000000,0.000000,0.000000,0.000000,0.000000,0.000000
2.342364,0.000000,0.000000,0.000000,0.000000,0.000000,0.000000
2.352364,0.000000,0.000000,0.000000,0.000000,0.000000,0.000000
2.362364,0.000000,0.000000,0.000000,0.000000,0.000000,0.000000
2.372364,0.000000,0.000000,0.000000,0.000000,0.000000,0.000000
2.382364,0.000000,0.000000,0.000000,0.000000,0.000000,0.000000
2.392364,0.000000,0.000000,0.000000,0.000000,0.000000,0.000000
2.402364,0.000000,0.000000,0.000000,0.000000,0.000000,0.000000
2.412364,0.000000,0.000000,0.000000,0.000000,0.000000,0.000000
2.422364,0.000000,0.000000,0.000000,0.000000,0.000000,0.000000
2.432364,0.000000,0.000000,0.000000,0.000000,0.000000,0.000000
2.442364,0.000000,0.000000,0.000000,0.000000,0.000000,0.000000
2.452364,0.000000,0.000000,0.000000,0.000000,0.000000,0.000000
2.462364,0.000000,0.000000,0.000000,0.000000,0.000000,0.000000
2.472364,0.000000,0.000000,0.000000,0.000000,0.000000,0.000000
2.482364,0.000000,0.000000,0.000000,0.000000,0.000000,0.000000
2.492364,0.000000,0.000000,0.000000,0.000000,0.000000,0.000000
2.502364,0.000000,0.000000,0.000000,0.000000,0.000000,0.000000
2.512364,0.000000,0.000000,0.000000,0.000000,0.000000,0.000000
2.522364,0.000000,0.000000,0.000000,0.000000,0.000000,0.000000
2.532364,0.000000,0.000000,0.000000,0.000000,0.000000,0.000000
2.542364,0.000000,0.000000,0.000000,0.000000,0.000000,0.000000
2.552364,0.000000,0.000000,0.000000,0.000000,0.000000,0.000000
2.562364,0.000000,0.000000,0.000000,0.000000,0.000000,0.000000
2.572364,0.000000,0.000000,0.000000,0.000000,0.000000,0.000000
2.582364,0.000000,0.000000,0.000000,0.000000,0.000000,0.000000
2.592364,0.000000,0.000000,0.000000,0.000000,0.000000,0.000000
2.602364,0.000000,0.000000,0.000000,0.000000,0.000000,0.000000
2.612364,0.000000,0.000000,0.000000,0.000000,0.000000,0.000000
2.622364,0.000000,0.000000,0.000000,0.000000,0.000000,0.000000
2.632364,0.000000,0.000000,0.000000,0.000000,0.000000,0.000000
2.642364,0.000000,0.000000,0.000000,0.000000,0.000000,0.000000
2.652364,0.000000,0.000000,0.000000,0.000000,0.000000,0.000000
2.662364,0.000000,0.000000,0.000000,0.000000,0.000000,0.000000
2.672364,0.000000,0.000000,0.000000,0.000000,0.000000,0.000000
2.682364,0.000000,0.000000,0.000000,0.000000,0.000000,0.000000
2.692364,0.000000,0.000000,0.000000,0.000000,0.000000,0.000000
2.702364,0.000000,0.000000,0.000000,0.000000,0.000000,0.000000
2.712364,0.000000,0.000000,0.000000,0.000000,0.000000,0.000000
2.722364,0.000000,0.000000,0.000000,0.000000,0.000000,0.000000
2.732364,0.000000,0.000000,0.000000,0.000000,0.000000,0.000000
2.742364,0.000000,0.000000,0.000000,0.000000,0.000000,0.000000
2.752364,0.000000,0.000000,0.000000,0.000000,0.000000,0.000000
2.762364,0.000000,0.000000,0.000000,0.000000,0.000000,0.000000
2.772364,0.000000,0.000000,0.000000,0.000000,0.000000,0.000000
2.782364,0.000000,0.000000,0.000000,0.000000,0.000000,0.000000
2.792364,0.000000,0.000000,0.000000,0.000000,0.000000,0.000000
2.802364,0.000000,0.000000,0.000000,0.000000,0.000000,0.000000
2.812364,0.000000,0.000000,0.000000,0.000000,0.000000,0.000000
2.822364,0.000000,0.000000,0.000000,0.000000,0.000000,0.000000
2.832364,0.000000,0.000000,0.000000,0.000000,0.000000,0.000000
2.842364,0.000000,0.000000,0.000000,0.000000,0.000000,0.000000
2.852364,0.000000,0.000000,0.000000,0.000000,0.000000,0.000000
2.862364,0.000000,0.000000,0.000000,0.000000,0.000000,0.000000
2.872364,0.000000,0.000000,0.000000,0.000000,0.000000,0.000000
2.882364,0.000000,0.000000,0.000000,0.000000,0.000000,0.000000
2.892364,0.000000,0.000000,0.000000,0.000000,0.000000,0.000000
2.902364,0.000000,0.000000,0.000000,0.000000,0.000000,0.000000
2.912364,0.000000,0.000000,0.000000,0.000000,0.000000,0.000000
2.922364,0.000000,0.000000,0.000000,0.000000,0.000000,0.000000
2.932364,0.000000,0.000000,0.000000,0.000000,0.000000,0.000000
2.942364,0.000000,0.000000,0.000000,0.000000,0.000000,0.000000
2.952364,0.000000,0.000000,0.000000,0.000000,0.000000,0.000000
2.962364,0.000000,0.000000,0.000000,0.000000,0.000000,0.000000
2.972364,0.000000,0.000000,0.000000,0.000000,0.000000,0.000000
2.982364,0.000000,0.000000,0.000000,0.000000,0.000000,0.000000
2.992364,0.000000,0.000000,0.000000,0.000000,0.000000,0.000000
3.002364,0.000000,0.000000,0.000000,0.000000,0.000000,0.000000
3.012364,0.000000,0.000000,0.000000,0.000000,0.000000,0.000000
3.022364,0.000000,0.000000,0.000000,0.000000,0.000000,0.000000
3.032364,0.000000,0.000000,0.000000,0.000000,0.000000,0.000000
3.042364,0.000000,0.000000,0.000000,0.000000,0.000000,0.000000
3.052364,0.000000,0.000000,0.000000,0.000000,0.000000,0.000000
3.062364,0.000000,0.000000,0.000000,0.000000,0.000000,0.000000
3.072364,0.000000,0.000000,0.000000,0.000000,0.000000,0.000000
3.082364,0.000000,0.000000,0.000000,0.000000,0.000000,0.000000
3.092364,0.000000,0.000000,0.000000,0.000000,0.000000,0.000000
3.102364,0.000000,0.000000,0.000000,0.000000,0.000000,0.000000
3.112364,0.000000,0.000000,0.000000,0.000000,0.000000,0.000000
3.122364,0.000000,0.000000,0.000000,0.000000,0.000000,0.000000
3.132364,0.000000,0.000000,0.000000,0.000000,0.000000,0.000000
3.142364,0.000000,0.000000,0.000000,0.000000,0.000000,0.000000
3.152364,0.000000,0.000000,0.000000,0.000000,0.000000,0.000000
3.162364,0.000000,0.000000,0.000000,0.000000,0.000000,0.000000
3.172364,0.000000,0.000000,0.000000,0.000000,0.000000,0.000000
3.182364,0.000000,0.000000,0.000000,0.000000,0.000000,0.000000
3.192364,0.000000,0.000000,0.000000,0.000000,0.000000,0.000000
3.202364,0.000000,0.000000,0.000000,0.000000,0.000000,0.000000
3.212364,0.000000,0.000000,0.000000,0.000000,0.000000,0.000000
3.222364,0.000000,0.000000,0.000000,0.000000,0.000000,0.000000
3.232364,0.000000,0.000000,0.000000,0.000000,0.000000,0.000000
3.242364,0.000000,0.000000,0.000000,0.000000,0.000000,0.000000
3.252364,0.000000,0.000000,0.000000,0.000000,0.000000,0.000000
3.262364,0.000000,0.000000,0.000000,0.000000,0.000000,0.000000
3.272364,0.000000,0.000000,0.000000,0.000000,0.000000,0.000000
3.282364,0.000000,0.000000,0.000000,0.000000,0.000000,0.000000
3.292364,0.000000,0.000000,0.000000,0.000000,0.000000,0.000000
3.302364,0.000000,0.000000,0.000000,0.000000,0.000000,0.000000
3.312364,0.000000,0.000000,0.000000,0.000000,0.000000,0.000000
3.322364,0.000000,0.000000,0.000000,0.000000,0.000000,0.000000
3.332364,0.000000,0.000000,0.000000,0.000000,0.000000,0.000000
3.342364,0.000000,0.000000,0.000000,0.000000,0.000000,0.000000
3.352364,0.000000,0.000000,0.000000,0.000000,0.000000,0.000000
3.362364,0.000000,0.000000,0.000000,0.000000,0.000000,0.000000
3.372364,0.000000,0.000000,0.000000,0.000000,0.000000,0.000000
3.382364,0.000000,0.000000,0.000000,0.000000,0.000000,0.000000
3.392364,0.000000,0.000000,0.000000,0.000000,0.000000,0.000000
3.402364,0.000000,0.000000,0.000000,0.000000,0.000000,0.000000
3.412364,0.000000,0.000000,0.000000,0.000000,0.000000,0.000000
3.422364,0.000000,0.000000,0.000000,0.000000,0.000000,0.000000
3.432364,0.000000,0.000000,0.000000,0.000000,0.000000,0.000000
3.442364,0.000000,0.000000,0.000000,0.000000,0.000000,0.000000
3.452364,0.000000,0.000000,0.000000,0.000000,0.000000,0.000000
3.462364,0.000000,0.000000,0.000000,0.000000,0.000000,0.000000
3.472364,0.000000,0.000000,0.000000,0.000000,0.000000,0.000000
3.482364,0.000000,0.000000,0.000000,0.000000,0.000000,0.000000
3.492364,0.000000,0.000000,0.000000,0.000000,0.000000,0.000000
3.502364,0.000000,0.000000,0.000000,0.000000,0.000000,0.000000
3.512364,0.000000,0.000000,0.000000,0.000000,0.000000,0.000000
3.522364,0.000000,0.000000,0.000000,0.000000,0.000000,0.000000
3.532364,0.000000,0.000000,0.000000,0.000000,0.000000,0.000000
3.542364,0.000000,0.000000,0.000000,0.000000,0.000000,0.000000
3.552364,0.000000,0.000000,0.000000,0.000000,0.000000,0.000000
3.562364,0.000000,0.000000,0.000000,0.000000,0.000000,0.000000
3.572364,0.000000,0.000000,0.000000,0.000000,0.000000,0.000000
3.582364,0.000000,0.000000,0.000000,0.000000,0.000000,0.000000
3.592364,0.000000,0.000000,0.000000,0.000000,0.000000,0.000000
3.602364,0.000000,0.000000,0.000000,0.000000,0.000000,0.000000
3.612364,0.000000,0.000000,0.000000,0.000000,0.000000,0.000000
3.622364,0.000000,0.000000,0.000000,0.000000,0.000000,0.000000
3.632364,0.000000,0.000000,0.000000,0.000000,0.000000,0.000000
3.642364,0.000000,0.000000,0.000000,0.000000,0.000000,0.000000
3.652364,0.000000,0.000000,0.000000,0.000000,0.000000,0.000000
3.662364,0.000000,0.000000,0.000000,0.000000,0.000000,0.000000
3.672364,0.000000,0.000000,0.000000,0.000000,0.000000,0.000000
3.682364,0.000000,0.000000,0.000000,0.000000,0.000000,0.000000
3.692364,0.000000,0.000000,0.000000,0.000000,0.000000,0.000000
3.702364,0.000000,0.000000,0.000000,0.000000,0.000000,0.000000
3.712364,0.000000,0.000000,0.000000,0.000000,0.000000,0.000000
3.722364,0.000000,0.000000,0.000000,0.000000,0.000000,0.000000
3.732364,0.000000,0.000000,0.000000,0.000000,0.000000,0.000000
3.742364,0.000000,0.000000,0.000000,0.000000,0.000000,0.000000
3.752364,0.000000,0.000000,0.000000,0.000000,0.000000,0.000000
3.762364,0.000000,0.000000,0.000000,0.000000,0.000000,0.000000
3.772364,0.000000,0.000000,0.000000,0.000000,0.000000,0.000000
3.782364,0.000000,0.000000,0.000000,0.000000,0.000000,0.000000
3.792364,0.000000,0.000000,0.000000,0.000000,0.000000,0.000000
3.802364,0.000000,0.000000,0.000000,0.000000,0.000000,0.000000
3.812364,0.000000,0.000000,0.000000,0.000000,0.000000,0.000000
3.822364,0.000000,0.000000,0.000000,0.000000,0.000000,0.000000
3.832364,0.000000,0.000000,0.000000,0.000000,0.000000,0.000000
3.842364,0.000000,0.000000,0.000000,0.000000,0.000000,0.000000
3.852364,0.000000,0.000000,0.000000,0.000000,0.000000,0.000000
3.862364,0.000000,0.000000,0.000000,0.000000,0.000000,0.000000
3.872364,0.000000,0.000000,0.000000,0.000000,0.000000,0.000000
3.882364,0.000000,0.000000,0.000000,0.000000,0.000000,0.000000
3.892364,0.000000,0.000000,0.000000,0.000000,0.000000,0.000000
3.902364,0.000000,0.000000,0.000000,0.000000,0.000000,0.000000
3.912364,0.000000,0.000000,0.000000,0.000000,0.000000,0.000000
3.922364,0.000000,0.000000,0.000000,0.000000,0.000000,0.000000
3.932364,0.000000,0.000000,0.000000,0.000000,0.000000,0.000000
3.942364,0.000000,0.000000,0.000000,0.000000,0.000000,0.000000
3.952364,0.000000,0.000000,0.000000,0.000000,0.000000,0.000000
3.962364,0.000000,0.000000,0.000000,0.000000,0.000000,0.000000
3.972364,0.000000,0.000000,0.000000,0.000000,0.000000,0.000000
3.982364,0.000000,0.000000,0.000000,0.000000,0.000000,0.000000
3.992364,0.000000,0.000000,0.000000,0.000000,0.000000,0.000000
4.002364,0.000000,0.000000,0.000000,0.000000,0.000000,0.000000
4.012364,0.000000,0.000000,0.000000,0.000000,0.000000,0.000000
4.022364,0.000000,0.000000,0.000000,0.000000,0.000000,0.000000
4.032364,0.000000,0.000000,0.000000,0.000000,0.000000,0.000000
4.042364,0.000000,0.000000,0.000000,0.000000,0.000000,0.000000
4.052364,0.000000,0.000000,0.000000,0.000000,0.000000,0.000000
4.062364,0.000000,0.000000,0.000000,0.000000,0.000000,0.000000
4.072364,0.000000,0.000000,0.000000,0.000000,0.000000,0.000000
4.082364,0.000000,0.000000,0.000000,0.000000,0.000000,0.000000
4.092364,0.000000,0.000000,0.000000,0.000000,0.000000,0.000000
4.102364,0.000000,0.000000,0.000000,0.000000,0.000000,0.000000
4.112364,0.000000,0.000000,0.000000,0.000000,0.000000,0.000000
4.122364,0.000000,0.000000,0.000000,0.000000,0.000000,0.000000
4.132364,0.000000,0.000000,0.000000,0.000000,0.000000,0.000000
4.142364,0.000000,0.000000,0.000000,0.000000,0.000000,0.000000
4.152364,0.000000,0.000000,0.000000,0.000000,0.000000,0.000000
4.162364,0.000000,0.000000,0.000000,0.000000,0.000000,0.000000
4.172364,0.000000,0.000000,0.000000,0.000000,0.000000,0.000000
4.182364,0.000000,0.000000,0.000000,0.000000,0.000000,0.000000
4.192364,0.000000,0.000000,0.000000,0.000000,0.000000,0.000000
4.202364,0.000000,0.000000,0.000000,0.000000,0.000000,0.000000
4.212364,0.000000,0.000000,0.000000,0.000000,0.000000,0.000000
4.222364,0.000000,0.000000,0.000000,0.000000,0.000000,0.000000
4.232364,0.000000,0.000000,0.000000,0.000000,0.000000,0.000000
4.242364,0.000000,0.000000,0.000000,0.000000,0.000000,0.000000
4.252364,0.000000,0.000000,0.000000,0.000000,0.000000,0.000000
4.262364,0.000000,0.000000,0.000000,0.000000,0.000000,0.000000
4.272364,0.000000,0.000000,0.000000,0.000000,0.000000,0.000000
4.282364,0.000000,0.000000,0.000000,0.000000,0.000000,0.000000
4.292364,0.000000,0.000000,0.000000,0.000000,0.000000,0.000000
4.302364,0.000000,0.000000,0.000000,0.000000,0.000000,0.000000
4.312364,0.000000,0.000000,0.000000,0.000000,0.000000,0.000000
4.322364,0.000000,0.000000,0.000000,0.000000,0.000000,0.000000
4.332364,0.000000,0.000000,0.000000,0.000000,0.000000,0.000000
4.342364,0.000000,0.000000,0.000000,0.000000,0.000000,0.000000
4.352364,0.000000,0.000000,0.000000,0.000000,0.000000,0.000000
4.362364,0.000000,0.000000,0.000000,0.000000,0.000000,0.000000
4.372364,0.000000,0.000000,0.000000,0.000000,0.000000,0.000000
4.382364,0.000000,0.000000,0.000000,0.000000,0.000000,0.000000
4.392364,0.000000,0.000000,0.000000,0.000000,0.000000,0.000000
4.402364,0.000000,0.000000,0.000000,0.000000,0.000000,0.000000
4.412364,0.000000,0.000000,0.000000,0.000000,0.000000,0.000000
4.422364,0.000000,0.000000,0.000000,0.000000,0.000000,0.000000
4.432364,0.000000,0.000000,0.000000,0.000000,0.000000,0.000000
4.442364,0.000000,0.000000,0.000000,0.000000,0.000000,0.000000
4.452364,0.000000,0.000000,0.000000,0.000000,0.000000,0.000000
4.462364,0.000000,0.000000,0.000000,0.000000,0.000000,0.000000
4.472364,0.000000,0.000000,0.000000,0.000000,0.000000,0.000000
4.482364,0.000000,0.000000,0.000000,0.000000,0.000000,0.000000
4.492364,0.000000,0.000000,0.000000,0.000000,0.000000,0.000000
4.502364,0.000000,0.000000,0.000000,0.000000,0.000000,0.000000
4.512364,0.000000,0.000000,0.000000,0.000000,0.000000,0.000000
4.522364,0.000000,0.000000,0.000000,0.000000,0.000000,0.000000
4.532364,0.000000,0.000000,0.000000,0.000000,0.000000,0.000000
4.542364,0.000000,0.000000,0.000000,0.000000,0.000000,0.000000
4.552364,0.000000,0.000000,0.000000,0.000000,0.000000,0.000000
4.562364,0.000000,0.000000,0.000000,0.000000,0.000000,0.000000
4.572364,0.000000,0.000000,0.000000,0.000000,0.000000,0.000000
4.582364,0.000000,0.000000,0.000000,0.000000,0.000000,0.000000
4.592364,0.000000,0.000000,0.000000,0.000000,0.000000,0.000000
4.602364,0.000000,0.000000,0.000000,0.000000,0.000000,0.000000
4.612364,0.000000,0.000000,0.000000,0.000000,0.000000,0.000000
4.622364,0.000000,0.000000,0.000000,0.000000,0.000000,0.000000
4.632364,0.000000,0.000000,0.000000,0.000000,0.000000,0.000000
4.642364,0.000000,0.000000,0.000000,0.000000,0.000000,0.000000
4.652364,0.000000,0.000000,0.000000,0.000000,0.000000,0.000000
4.662364,0.000000,0.000000,0.000000,0.000000,0.000000,0.000000
4.672364,0.000000,0.000000,0.000000,0.000000,0.000000,0.000000
4.682364,0.000000,0.000000,0.000000,0.000000,0.000000,0.000000
4.692364,0.000000,0.000000,0.000000,0.000000,0.000000,0.000000
4.702364,0.000000,0.000000,0.000000,0.000000,0.000000,0.000000
4.712364,0.000000,0.000000,0.000000,0.000000,0.000000,0.000000
4.722364,0.000000,0.000000,0.000000,0.000000,0.000000,0.000000
4.732364,0.000000,0.000000,0.000000,0.000000,0.000000,0.000000
4.742364,0.000000,0.000000,0.000000,0.000000,0.000000,0.000000
4.752364,0.000000,0.000000,0.000000,0.000000,0.000000,0.000000
4.762364,0.000000,0.000000,0.000000,0.000000,0.000000,0.000000
4.772364,0.000000,0.000000,0.000000,0.000000,0.000000,0.000000
4.782364,0.000000,0.000000,0.000000,0.000000,0.000000,0.000000
4.792364,0.000000,0.000000,0.000000,0.000000,0.000000,0.000000
4.802364,0.000000,0.000000,0.000000,0.000000,0.000000,0.000000
4.812364,0.000000,0.000000,0.000000,0.000000,0.000000,0.000000
4.822364,0.000000,0.000000,0.000000,0.000000,0.000000,0.000000
4.832364,0.000000,0.000000,0.000000,0.000000,0.000000,0.000000
4.842364,0.000000,0.000000,0.000000,0.000000,0.000000,0.000000
4.852364,0.000000,0.000000,0.000000,0.000000,0.000000,0.000000
4.862364,0.000000,0.000000,0.000000,0.000000,0.000000,0.000000
4.872364,0.000000,0.000000,0.000000,0.000000,0.000000,0.000000
4.882364,0.000000,0.000000,0.000000,0.000000,0.000000,0.000000
4.892364,0.000000,0.000000,0.000000,0.000000,0.000000,0.000000
4.902364,0.000000,0.000000,0.000000,0.000000,0.000000,0.000000
4.912364,0.000000,0.000000,0.000000,0.000000,0.000000,0.000000
4.922364,0.000000,0.000000,0.000000,0.000000,0.000000,0.000000
4.932364,0.000000,0.000000,0.000000,0.000000,0.000000,0.000000
4.942364,0.000000,0.000000,0.000000,0.000000,0.000000,0.000000
4.952364,0.000000,0.000000,0.000000,0.000000,0.000000,0.000000
4.962364,0.000000,0.000000,0.000000,0.000000,0.000000,0.000000
4.972364,0.000000,0.000000,0.000000,0.000000,0.000000,0.000000
4.982364,0.000000,0.000000,0.000000,0.000000,0.000000,0.000000
4.992364,0.000000,0.000000,0.000000,0.000000,0.000000,0.000000
5.002364,0.000000,0.000000,0.000000,0.000000,0.000000,0.000000
5.012364,0.000000,0.000000,0.000000,0.000000,0.000000,0.000000
5.022364,0.000000,0.000000,0.000000,0.000000,0.000000,0.000000
5.032364,0.000000,0.000000,0.000000,0.000000,0.000000,0.000000
5.042364,0.000000,0.000000,0.000000,0.000000,0.000000,0.000000
5.052364,0.000000,0.000000,0.000000,0.000000,0.000000,0.000000
5.062364,0.000000,0.000000,0.000000,0.000000,0.000000,0.000000
5.072364,0.000000,0.000000,0.000000,0.000000,0.000000,0.000000
5.082364,0.000000,0.000000,0.000000,0.000000,0.000000,0.000000
5.092364,0.000000,0.000000,0.000000,0.000000,0.000000,0.000000
5.102364,0.000000,0.000000,0.000000,0.000000,0.000000,0.000000
5.112364,0.000000,0.000000,0.000000,0.000000,0.000000,0.000000
5.122364,0.000000,0.000000,0.000000,0.000000,0.000000,0.000000
5.132364,0.000000,0.000000,0.000000,0.000000,0.000000,0.000000
5.142364,0.000000,0.000000,0.000000,0.000000,0.000000,0.000000
5.152364,0.000000,0.000000,0.000000,0.000000,0.000000,0.000000
5.162364,0.000000,0.000000,0.000000,0.000000,0.000000,0.000000
5.172364,0.000000,0.000000,0.000000,0.000000,0.000000,0.000000
5.182364,0.000000,0.000000,0.000000,0.000000,0.000000,0.000000
5.192364,0.000000,0.000000,0.000000,0.000000,0.000000,0.000000
5.202364,0.000000,0.000000,0.000000,0.000000,0.000000,0.000000
5.212364,0.000000,0.000000,0.000000,0.000000,0.000000,0.000000
5.222364,0.000000,0.000000,0.000000,0.000000,0.000000,0.000000
5.232364,0.000000,0.000000,0.000000,0.000000,0.000000,0.000000
5.242364,0.000000,0.000000,0.000000,0.000000,0.000000,0.000000
5.252364,0.000000,0.000000,0.000000,0.000000,0.000000,0.000000
5.262364,0.000000,0.000000,0.000000,0.000000,0.000000,0.000000
5.272364,0.000000,0.000000,0.000000,0.000000,0.000000,0.000000
5.282364,0.000000,0.000000,0.000000,0.000000,0.000000,0.000000
5.292364,0.000000,0.000000,0.000000,0.000000,0.000000,0.000000
5.302364,0.000000,0.000000,0.000000,0.000000,0.000000,0.000000
5.312364,0.000000,0.000000,0.000000,0.000000,0.000000,0.000000
5.322364,0.000000,0.000000,0.000000,0.000000,0.000000,0.000000
5.332364,0.000000,0.000000,0.000000,0.000000,0.000000,0.000000
5.342364,0.000000,0.000000,0.000000,0.000000,0.000000,0.000000
5.352364,0.000000,0.000000,0.000000,0.000000,0.000000,0.000000
5.362364,0.000000,0.000000,0.000000,0.000000,0.000000,0.000000
5.372364,0.000000,0.000000,0.000000,0.000000,0.000000,0.000000
5.382364,0.000000,0.000000,0.000000,0.000000,0.000000,0.000000
5.392364,0.000000,0.000000,0.000000,0.000000,0.000000,0.000000
5.402364,0.000000,0.000000,0.000000,0.000000,0.000000,0.000000
5.412364,0.000000,0.000000,0.000000,0.000000,0.000000,0.000000
5.422364,0.000000,0.000000,0.000000,0.000000,0.000000,0.000000
5.432364,0.000000,0.000000,0.000000,0.000000,0.000000,0.000000
5.442364,0.000000,0.000000,0.000000,0.000000,0.000000,0.000000
5.452364,0.000000,0.000000,0.000000,0.000000,0.000000,0.000000
5.462364,0.000000,0.000000,0.000000,0.000000,0.000000,0.000000
5.472364,0.000000,0.000000,0.000000,0.000000,0.000000,0.000000
5.482364,0.000000,0.000000,0.000000,0.000000,0.000000,0.000000
5.492364,0.000000,0.000000,0.000000,0.000000,0.000000,0.000000
5.502364,0.000000,0.000000,0.000000,0.000000,0.000000,0.000000
5.512364,0.025000,0.000000,0.000000,0.000000,0.000000,0.000000
5.522364,0.025000,0.000000,0.000000,0.000000,0.000000,0.000000
5.532364,0.025000,0.000000,0.000000,0.000000,0.000000,0.000000
5.542364,0.025000,0.000000,0.000000,0.000000,0.000000,0.000000
5.552364,0.025000,0.000000,0.000000,0.000000,0.000000,0.000000
5.562364,0.025000,0.000000,0.000000,0.000000,0.000000,0.000000
5.572364,0.025000,0.000000,0.000000,0.000000,0.000000,0.000000
5.582364,0.025000,0.000000,0.000000,0.000000,0.000000,0.000000
5.592364,0.025000,0.000000,0.000000,0.000000,0.000000,0.000000
5.602364,0.025000,0.000000,0.000000,0.000000,0.000000,0.000000
5.612364,0.025000,0.000000,0.000000,0.000000,0.000000,0.000000
5.622364,0.025000,0.000000,0.000000,0.000000,0.000000,0.000000
5.632364,0.025000,0.000000,0.000000,0.000000,0.000000,0.000000
5.642364,0.025000,0.000000,0.000000,0.000000,0.000000,0.000000
5.652364,0.025000,0.000000,0.000000,0.000000,0.000000,0.000000
5.662364,0.025000,0.000000,0.000000,0.000000,0.000000,0.000000
5.672364,0.025000,0.000000,0.000000,0.000000,0.000000,0.000000
5.682364,0.025000,0.000000,0.000000,0.000000,0.000000,0.000000
5.692364,0.025000,0.000000,0.000000,0.000000,0.000000,0.000000
5.702364,0.025000,0.000000,0.000000,0.000000,0.000000,0.000000
5.712364,0.025000,0.000000,0.000000,0.000000,0.000000,0.000000
5.722364,0.025000,0.000000,0.000000,0.000000,0.000000,0.000000
5.732364,0.025000,0.000000,0.000000,0.000000,0.000000,0.000000
5.742364,0.025000,0.000000,0.000000,0.000000,0.000000,0.000000
5.752364,0.025000,0.000000,0.000000,0.000000,0.000000,0.000000
5.762364,0.025000,0.000000,0.000000,0.000000,0.000000,0.000000
5.772364,0.025000,0.000000,0.000000,0.000000,0.000000,0.000000
5.782364,0.025000,0.000000,0.000000,0.000000,0.000000,0.000000
5.792364,0.025000,0.000000,0.000000,0.000000,0.000000,0.000000
5.802364,0.025000,0.000000,0.000000,0.000000,0.000000,0.000000
5.812364,0.025000,0.000000,0.000000,0.000000,0.000000,0.000000
5.822364,0.025000,0.000000,0.000000,0.000000,0.000000,0.000000
5.832364,0.025000,0.000000,0.000000,0.000000,0.000000,0.000000
5.842364,0.025000,0.000000,0.000000,0.000000,0.000000,0.000000
5.852364,0.025000,0.000000,0.000000,0.000000,0.000000,0.000000
5.862364,0.025000,0.000000,0.000000,0.000000,0.000000,0.000000
5.872364,0.025000,0.000000,0.000000,0.000000,0.000000,0.000000
5.882364,0.025000,0.000000,0.000000,0.000000,0.000000,0.000000
5.892364,0.025000,0.000000,0.000000,0.000000,0.000000,0.000000
5.902364,0.025000,0.000000,0.000000,0.000000,0.000000,0.000000
5.912364,0.025000,0.000000,0.000000,0.000000,0.000000,0.000000
5.922364,0.025000,0.000000,0.000000,0.000000,0.000000,0.000000
5.932364,0.025000,0.000000,0.000000,0.000000,0.000000,0.000000
5.942364,0.025000,0.000000,0.000000,0.000000,0.000000,0.000000
5.952364,0.025000,0.000000,0.000000,0.000000,0.000000,0.000000
5.962364,0.025000,0.000000,0.000000,0.000000,0.000000,0.000000
5.972364,0.025000,0.000000,0.000000,0.000000,0.000000,0.000000
5.982364,0.025000,0.000000,0.000000,0.000000,0.000000,0.000000
5.992364,0.025000,0.000000,0.000000,0.000000,0.000000,0.000000
6.002364,0.025000,0.000000,0.000000,0.000000,0.000000,0.000000
6.012364,0.050000,0.000000,0.000000,0.000000,0.000000,0.000000
6.022364,0.050000,0.000000,0.000000,0.000000,0.000000,0.000000
6.032364,0.050000,0.000000,0.000000,0.000000,0.000000,0.000000
6.042364,0.050000,0.000000,0.000000,0.000000,0.000000,0.000000
6.052364,0.050000,0.000000,0.000000,0.000000,0.000000,0.000000
6.062364,0.050000,0.000000,0.000000,0.000000,0.000000,0.000000
6.072364,0.050000,0.000000,0.000000,0.000000,0.000000,0.000000
6.082364,0.050000,0.000000,0.000000,0.000000,0.000000,0.000000
6.092364,0.050000,0.000000,0.000000,0.000000,0.000000,0.000000
6.102364,0.050000,0.000000,0.000000,0.000000,0.000000,0.000000
6.112364,0.050000,0.000000,0.000000,0.000000,0.000000,0.000000
6.122364,0.050000,0.000000,0.000000,0.000000,0.000000,0.000000
6.132364,0.050000,0.000000,0.000000,0.000000,0.000000,0.000000
6.142364,0.050000,0.000000,0.000000,0.000000,0.000000,0.000000
6.152364,0.050000,0.000000,0.000000,0.000000,0.000000,0.000000
6.162364,0.050000,0.000000,0.000000,0.000000,0.000000,0.000000
6.172364,0.050000,0.000000,0.000000,0.000000,0.000000,0.000000
6.182364,0.050000,0.000000,0.000000,0.000000,0.000000,0.000000
6.192364,0.050000,0.000000,0.000000,0.000000,0.000000,0.000000
6.202364,0.050000,0.000000,0.000000,0.000000,0.000000,0.000000
6.212364,0.050000,0.000000,0.000000,0.000000,0.000000,0.000000
6.222364,0.050000,0.000000,0.000000,0.000000,0.000000,0.000000
6.232364,0.050000,0.000000,0.000000,0.000000,0.000000,0.000000
6.242364,0.050000,0.000000,0.000000,0.000000,0.000000,0.000000
6.252364,0.050000,0.000000,0.000000,0.000000,0.000000,0.000000
6.262364,0.050000,0.000000,0.000000,0.000000,0.000000,0.000000
6.272364,0.050000,0.000000,0.000000,0.000000,0.000000,0.000000
6.282364,0.050000,0.000000,0.000000,0.000000,0.000000,0.000000
6.292364,0.050000,0.000000,0.000000,0.000000,0.000000,0.000000
6.302364,0.050000,0.000000,0.000000,0.000000,0.000000,0.000000
6.312364,0.050000,0.000000,0.000000,0.000000,0.000000,0.000000
6.322364,0.050000,0.000000,0.000000,0.000000,0.000000,0.000000
6.332364,0.050000,0.000000,0.000000,0.000000,0.000000,0.000000
6.342364,0.050000,0.000000,0.000000,0.000000,0.000000,0.000000
6.352364,0.050000,0.000000,0.000000,0.000000,0.000000,0.000000
6.362364,0.050000,0.000000,0.000000,0.000000,0.000000,0.000000
6.372364,0.050000,0.000000,0.000000,0.000000,0.000000,0.000000
6.382364,0.050000,0.000000,0.000000,0.000000,0.000000,0.000000
6.392364,0.050000,0.000000,0.000000,0.000000,0.000000,0.000000
6.402364,0.050000,0.000000,0.000000,0.000000,0.000000,0.000000
6.412364,0.050000,0.000000,0.000000,0.000000,0.000000,0.000000
6.422364,0.050000,0.000000,0.000000,0.000000,0.000000,0.000000
6.432364,0.050000,0.000000,0.000000,0.000000,0.000000,0.000000
6.442364,0.050000,0.000000,0.000000,0.000000,0.000000,0.000000
6.452364,0.050000,0.000000,0.000000,0.000000,0.000000,0.000000
6.462364,0.050000,0.000000,0.000000,0.000000,0.000000,0.000000
6.472364,0.050000,0.000000,0.000000,0.000000,0.000000,0.000000
6.482364,0.050000,0.000000,0.000000,0.000000,0.000000,0.000000
6.492364,0.050000,0.000000,0.000000,0.000000,0.000000,0.000000
6.502364,0.075000,0.000000,0.000000,0.000000,0.000000,0.000000
6.512364,0.075000,0.000000,0.000000,0.000000,0.000000,0.000000
6.522364,0.075000,0.000000,0.000000,0.000000,0.000000,0.000000
6.532364,0.075000,0.000000,0.000000,0.000000,0.000000,0.000000
6.542364,0.075000,0.000000,0.000000,0.000000,0.000000,0.000000
6.552364,0.075000,0.000000,0.000000,0.000000,0.000000,0.000000
6.562364,0.075000,0.000000,0.000000,0.000000,0.000000,0.000000
6.572364,0.075000,0.000000,0.000000,0.000000,0.000000,0.000000
6.582364,0.075000,0.000000,0.000000,0.000000,0.000000,0.000000
6.592364,0.075000,0.000000,0.000000,0.000000,0.000000,0.000000
6.602364,0.075000,0.000000,0.000000,0.000000,0.000000,0.000000
6.612364,0.075000,0.000000,0.000000,0.000000,0.000000,0.000000
6.622364,0.075000,0.000000,0.000000,0.000000,0.000000,0.000000
6.632364,0.075000,0.000000,0.000000,0.000000,0.000000,0.000000
6.642364,0.075000,0.000000,0.000000,0.000000,0.000000,0.000000
6.652364,0.075000,0.000000,0.000000,0.000000,0.000000,0.000000
6.662364,0.075000,0.000000,0.000000,0.000000,0.000000,0.000000
6.672364,0.075000,0.000000,0.000000,0.000000,0.000000,0.000000
6.682364,0.075000,0.000000,0.000000,0.000000,0.000000,0.000000
6.692364,0.075000,0.000000,0.000000,0.000000,0.000000,0.000000
6.702364,0.075000,0.000000,0.000000,0.000000,0.000000,0.000000
6.712364,0.075000,0.000000,0.000000,0.000000,0.000000,0.000000
6.722364,0.075000,0.000000,0.000000,0.000000,0.000000,0.000000
6.732364,0.075000,0.000000,0.000000,0.000000,0.000000,0.000000
6.742364,0.075000,0.000000,0.000000,0.000000,0.000000,0.000000
6.752364,0.075000,0.000000,0.000000,0.000000,0.000000,0.000000
6.762364,0.075000,0.000000,0.000000,0.000000,0.000000,0.000000
6.772364,0.075000,0.000000,0.000000,0.000000,0.000000,0.000000
6.782364,0.075000,0.000000,0.000000,0.000000,0.000000,0.000000
6.792364,0.075000,0.000000,0.000000,0.000000,0.000000,0.000000
6.802364,0.075000,0.000000,0.000000,0.000000,0.000000,0.000000
6.812364,0.075000,0.000000,0.000000,0.000000,0.000000,0.000000
6.822364,0.075000,0.000000,0.000000,0.000000,0.000000,0.000000
6.832364,0.075000,0.000000,0.000000,0.000000,0.000000,0.000000
6.842364,0.075000,0.000000,0.000000,0.000000,0.000000,0.000000
6.852364,0.075000,0.000000,0.000000,0.000000,0.000000,0.000000
6.862364,0.075000,0.000000,0.000000,0.000000,0.000000,0.000000
6.872364,0.075000,0.000000,0.000000,0.000000,0.000000,0.000000
6.882364,0.075000,0.000000,0.000000,0.000000,0.000000,0.000000
6.892364,0.075000,0.000000,0.000000,0.000000,0.000000,0.000000
6.902364,0.075000,0.000000,0.000000,0.000000,0.000000,0.000000
6.912364,0.075000,0.000000,0.000000,0.000000,0.000000,0.000000
6.922364,0.075000,0.000000,0.000000,0.000000,0.000000,0.000000
6.932364,0.075000,0.000000,0.000000,0.000000,0.000000,0.000000
6.942364,0.075000,0.000000,0.000000,0.000000,0.000000,0.000000
6.952364,0.075000,0.000000,0.000000,0.000000,0.000000,0.000000
6.962364,0.075000,0.000000,0.000000,0.000000,0.000000,0.000000
6.972364,0.075000,0.000000,0.000000,0.000000,0.000000,0.000000
6.982364,0.075000,0.000000,0.000000,0.000000,0.000000,0.000000
6.992364,0.075000,0.000000,0.000000,0.000000,0.000000,0.000000
7.002364,0.100000,0.000000,0.000000,0.000000,0.000000,0.000000
7.012364,0.100000,0.000000,0.000000,0.000000,0.000000,0.000000
7.022364,0.100000,0.000000,0.000000,0.000000,0.000000,0.000000
7.032364,0.100000,0.000000,0.000000,0.000000,0.000000,0.000000
7.042364,0.100000,0.000000,0.000000,0.000000,0.000000,0.000000
7.052364,0.100000,0.000000,0.000000,0.000000,0.000000,0.000000
7.062364,0.100000,0.000000,0.000000,0.000000,0.000000,0.000000
7.072364,0.100000,0.000000,0.000000,0.000000,0.000000,0.000000
7.082364,0.100000,0.000000,0.000000,0.000000,0.000000,0.000000
7.092364,0.100000,0.000000,0.000000,0.000000,0.000000,0.000000
7.102364,0.100000,0.000000,0.000000,0.000000,0.000000,0.000000
7.112364,0.100000,0.000000,0.000000,0.000000,0.000000,0.000000
7.122364,0.100000,0.000000,0.000000,0.000000,0.000000,0.000000
7.132364,0.100000,0.000000,0.000000,0.000000,0.000000,0.000000
7.142364,0.100000,0.000000,0.000000,0.000000,0.000000,0.000000
7.152364,0.100000,0.000000,0.000000,0.000000,0.000000,0.000000
7.162364,0.100000,0.000000,0.000000,0.000000,0.000000,0.000000
7.172364,0.100000,0.000000,0.000000,0.000000,0.000000,0.000000
7.182364,0.100000,0.000000,0.000000,0.000000,0.000000,0.000000
7.192364,0.100000,0.000000,0.000000,0.000000,0.000000,0.000000
7.202364,0.100000,0.000000,0.000000,0.000000,0.000000,0.000000
7.212364,0.100000,0.000000,0.000000,0.000000,0.000000,0.000000
7.222364,0.100000,0.000000,0.000000,0.000000,0.000000,0.000000
7.232364,0.100000,0.000000,0.000000,0.000000,0.000000,0.000000
7.242364,0.100000,0.000000,0.000000,0.000000,0.000000,0.000000
7.252364,0.100000,0.000000,0.000000,0.000000,0.000000,0.000000
7.262364,0.100000,0.000000,0.000000,0.000000,0.000000,0.000000
7.272364,0.100000,0.000000,0.000000,0.000000,0.000000,0.000000
7.282364,0.100000,0.000000,0.000000,0.000000,0.000000,0.000000
7.292364,0.100000,0.000000,0.000000,0.000000,0.000000,0.000000
7.302364,0.100000,0.000000,0.000000,0.000000,0.000000,0.000000
7.312364,0.100000,0.000000,0.000000,0.000000,0.000000,0.000000
7.322364,0.100000,0.000000,0.000000,0.000000,0.000000,0.000000
7.332364,0.100000,0.000000,0.000000,0.000000,0.000000,0.000000
7.342364,0.100000,0.000000,0.000000,0.000000,0.000000,0.000000
7.352364,0.100000,0.000000,0.000000,0.000000,0.000000,0.000000
7.362364,0.100000,0.000000,0.000000,0.000000,0.000000,0.000000
7.372364,0.100000,0.000000,0.000000,0.000000,0.000000,0.000000
7.382364,0.100000,0.000000,0.000000,0.000000,0.000000,0.000000
7.392364,0.100000,0.000000,0.000000,0.000000,0.000000,0.000000
7.402364,0.100000,0.000000,0.000000,0.000000,0.000000,0.000000
7.412364,0.100000,0.000000,0.000000,0.000000,0.000000,0.000000
7.422364,0.100000,0.000000,0.000000,0.000000,0.000000,0.000000
7.432364,0.100000,0.000000,0.000000,0.000000,0.000000,0.000000
7.442364,0.100000,0.000000,0.000000,0.000000,0.000000,0.000000
7.452364,0.100000,0.000000,0.000000,0.000000,0.000000,0.000000
7.462364,0.100000,0.000000,0.000000,0.000000,0.000000,0.000000
7.472364,0.100000,0.000000,0.000000,0.000000,0.000000,0.000000
7.482364,0.100000,0.000000,0.000000,0.000000,0.000000,0.000000
7.492364,0.100000,0.000000,0.000000,0.000000,0.000000,0.000000
7.502364,0.100000,0.000000,0.000000,0.000000,0.000000,0.000000
7.512364,0.075000,0.000000,0.000000,0.000000,0.000000,0.000000
7.522364,0.075000,0.000000,0.000000,0.000000,0.000000,0.000000
7.532364,0.075000,0.000000,0.000000,0.000000,0.000000,0.000000
7.542364,0.075000,0.000000,0.000000,0.000000,0.000000,0.000000
7.552364,0.075000,0.000000,0.000000,0.000000,0.000000,0.000000
7.562364,0.075000,0.000000,0.000000,0.000000,0.000000,0.000000
7.572364,0.075000,0.000000,0.000000,0.000000,0.000000,0.000000
7.582364,0.075000,0.000000,0.000000,0.000000,0.000000,0.000000
7.592364,0.075000,0.000000,0.000000,0.000000,0.000000,0.000000
7.602364,0.075000,0.000000,0.000000,0.000000,0.000000,0.000000
7.612364,0.075000,0.000000,0.000000,0.000000,0.000000,0.000000
7.622364,0.075000,0.000000,0.000000,0.000000,0.000000,0.000000
7.632364,0.075000,0.000000,0.000000,0.000000,0.000000,0.000000
7.642364,0.075000,0.000000,0.000000,0.000000,0.000000,0.000000
7.652364,0.075000,0.000000,0.000000,0.000000,0.000000,0.000000
7.662364,0.075000,0.000000,0.000000,0.000000,0.000000,0.000000
7.672364,0.075000,0.000000,0.000000,0.000000,0.000000,0.000000
7.682364,0.075000,0.000000,0.000000,0.000000,0.000000,0.000000
7.692364,0.075000,0.000000,0.000000,0.000000,0.000000,0.000000
7.702364,0.075000,0.000000,0.000000,0.000000,0.000000,0.000000
7.712364,0.075000,0.000000,0.000000,0.000000,0.000000,0.000000
7.722364,0.075000,0.000000,0.000000,0.000000,0.000000,0.000000
7.732364,0.075000,0.000000,0.000000,0.000000,0.000000,0.000000
7.742364,0.075000,0.000000,0.000000,0.000000,0.000000,0.000000
7.752364,0.075000,0.000000,0.000000,0.000000,0.000000,0.000000
7.762364,0.075000,0.000000,0.000000,0.000000,0.000000,0.000000
7.772364,0.075000,0.000000,0.000000,0.000000,0.000000,0.000000
7.782364,0.075000,0.000000,0.000000,0.000000,0.000000,0.000000
7.792364,0.075000,0.000000,0.000000,0.000000,0.000000,0.000000
7.802364,0.075000,0.000000,0.000000,0.000000,0.000000,0.000000
7.812364,0.075000,0.000000,0.000000,0.000000,0.000000,0.000000
7.822364,0.075000,0.000000,0.000000,0.000000,0.000000,0.000000
7.832364,0.075000,0.000000,0.000000,0.000000,0.000000,0.000000
7.842364,0.075000,0.000000,0.000000,0.000000,0.000000,0.000000
7.852364,0.075000,0.000000,0.000000,0.000000,0.000000,0.000000
7.862364,0.075000,0.000000,0.000000,0.000000,0.000000,0.000000
7.872364,0.075000,0.000000,0.000000,0.000000,0.000000,0.000000
7.882364,0.075000,0.000000,0.000000,0.000000,0.000000,0.000000
7.892364,0.075000,0.000000,0.000000,0.000000,0.000000,0.000000
7.902364,0.075000,0.000000,0.000000,0.000000,0.000000,0.000000
7.912364,0.075000,0.000000,0.000000,0.000000,0.000000,0.000000
7.922364,0.075000,0.000000,0.000000,0.000000,0.000000,0.000000
7.932364,0.075000,0.000000,0.000000,0.000000,0.000000,0.000000
7.942364,0.075000,0.000000,0.000000,0.000000,0.000000,0.000000
7.952364,0.075000,0.000000,0.000000,0.000000,0.000000,0.000000
7.962364,0.075000,0.000000,0.000000,0.000000,0.000000,0.000000
7.972364,0.075000,0.000000,0.000000,0.000000,0.000000,0.000000
7.982364,0.075000,0.000000,0.000000,0.000000,0.000000,0.000000
7.992364,0.075000,0.000000,0.000000,0.000000,0.000000,0.000000
8.002364,0.075000,0.000000,0.000000,0.000000,0.000000,0.000000
8.012364,0.050000,0.000000,0.000000,0.000000,0.000000,0.000000
8.022364,0.050000,0.000000,0.000000,0.000000,0.000000,0.000000
8.032364,0.050000,0.000000,0.000000,0.000000,0.000000,0.000000
8.042364,0.050000,0.000000,0.000000,0.000000,0.000000,0.000000
8.052364,0.050000,0.000000,0.000000,0.000000,0.000000,0.000000
8.062364,0.050000,0.000000,0.000000,0.000000,0.000000,0.000000
8.072364,0.050000,0.000000,0.000000,0.000000,0.000000,0.000000
8.082364,0.050000,0.000000,0.000000,0.000000,0.000000,0.000000
8.092364,0.050000,0.000000,0.000000,0.000000,0.000000,0.000000
8.102364,0.050000,0.000000,0.000000,0.000000,0.000000,0.000000
8.112364,0.050000,0.000000,0.000000,0.000000,0.000000,0.000000
8.122364,0.050000,0.000000,0.000000,0.000000,0.000000,0.000000
8.132364,0.050000,0.000000,0.000000,0.000000,0.000000,0.000000
8.142364,0.050000,0.000000,0.000000,0.000000,0.000000,0.000000
8.152364,0.050000,0.000000,0.000000,0.000000,0.000000,0.000000
8.162364,0.050000,0.000000,0.000000,0.000000,0.000000,0.000000
8.172364,0.050000,0.000000,0.000000,0.000000,0.000000,0.000000
8.182364,0.050000,0.000000,0.000000,0.000000,0.000000,0.000000
8.192364,0.050000,0.000000,0.000000,0.000000,0.000000,0.000000
8.202364,0.050000,0.000000,0.000000,0.000000,0.000000,0.000000
8.212364,0.050000,0.000000,0.000000,0.000000,0.000000,0.000000
8.222364,0.050000,0.000000,0.000000,0.000000,0.000000,0.000000
8.232364,0.050000,0.000000,0.000000,0.000000,0.000000,0.000000
8.242364,0.050000,0.000000,0.000000,0.000000,0.000000,0.000000
8.252364,0.050000,0.000000,0.000000,0.000000,0.000000,0.000000
8.262364,0.050000,0.000000,0.000000,0.000000,0.000000,0.000000
8.272364,0.050000,0.000000,0.000000,0.000000,0.000000,0.000000
8.282364,0.050000,0.000000,0.000000,0.000000,0.000000,0.000000
8.292364,0.050000,0.000000,0.000000,0.000000,0.000000,0.000000
8.302364,0.050000,0.000000,0.000000,0.000000,0.000000,0.000000
8.312364,0.050000,0.000000,0.000000,0.000000,0.000000,0.000000
8.322364,0.050000,0.000000,0.000000,0.000000,0.000000,0.000000
8.332364,0.050000,0.000000,0.000000,0.000000,0.000000,0.000000
8.342364,0.050000,0.000000,0.000000,0.000000,0.000000,0.000000
8.352364,0.050000,0.000000,0.000000,0.000000,0.000000,0.000000
8.362364,0.050000,0.000000,0.000000,0.000000,0.000000,0.000000
8.372364,0.050000,0.000000,0.000000,0.000000,0.000000,0.000000
8.382364,0.050000,0.000000,0.000000,0.000000,0.000000,0.000000
8.392364,0.050000,0.000000,0.000000,0.000000,0.000000,0.000000
8.402364,0.050000,0.000000,0.000000,0.000000,0.000000,0.000000
8.412364,0.050000,0.000000,0.000000,0.000000,0.000000,0.000000
8.422364,0.050000,0.000000,0.000000,0.000000,0.000000,0.000000
8.432364,0.050000,0.000000,0.000000,0.000000,0.000000,0.000000
8.442364,0.050000,0.000000,0.000000,0.000000,0.000000,0.000000
8.452364,0.050000,0.000000,0.000000,0.000000,0.000000,0.000000
8.462364,0.050000,0.000000,0.000000,0.000000,0.000000,0.000000
8.472364,0.050000,0.000000,0.000000,0.000000,0.000000,0.000000
8.482364,0.050000,0.000000,0.000000,0.000000,0.000000,0.000000
8.492364,0.050000,0.000000,0.000000,0.000000,0.000000,0.000000
8.502364,0.025000,0.000000,0.000000,0.000000,0.000000,0.000000
8.512364,0.025000,0.000000,0.000000,0.000000,0.000000,0.000000
8.522364,0.025000,0.000000,0.000000,0.000000,0.000000,0.000000
8.532364,0.025000,0.000000,0.000000,0.000000,0.000000,0.000000
8.542364,0.025000,0.000000,0.000000,0.000000,0.000000,0.000000
8.552364,0.025000,0.000000,0.000000,0.000000,0.000000,0.000000
8.562364,0.025000,0.000000,0.000000,0.000000,0.000000,0.000000
8.572364,0.025000,0.000000,0.000000,0.000000,0.000000,0.000000
8.582364,0.025000,0.000000,0.000000,0.000000,0.000000,0.000000
8.592364,0.025000,0.000000,0.000000,0.000000,0.000000,0.000000
8.602364,0.025000,0.000000,0.000000,0.000000,0.000000,0.000000
8.612364,0.025000,0.000000,0.000000,0.000000,0.000000,0.000000
8.622364,0.025000,0.000000,0.000000,0.000000,0.000000,0.000000
8.632364,0.025000,0.000000,0.000000,0.000000,0.000000,0.000000
8.642364,0.025000,0.000000,0.000000,0.000000,0.000000,0.000000
8.652364,0.025000,0.000000,0.000000,0.000000,0.000000,0.000000
8.662364,0.025000,0.000000,0.000000,0.000000,0.000000,0.000000
8.672364,0.025000,0.000000,0.000000,0.000000,0.000000,0.000000
8.682364,0.025000,0.000000,0.000000,0.000000,0.000000,0.000000
8.692364,0.025000,0.000000,0.000000,0.000000,0.000000,0.000000
8.702364,0.025000,0.000000,0.000000,0.000000,0.000000,0.000000
8.712364,0.025000,0.000000,0.000000,0.000000,0.000000,0.000000
8.722364,0.025000,0.000000,0.000000,0.000000,0.000000,0.000000
8.732364,0.025000,0.000000,0.000000,0.000000,0.000000,0.000000
8.742364,0.025000,0.000000,0.000000,0.000000,0.000000,0.000000
8.752364,0.025000,0.000000,0.000000,0.000000,0.000000,0.000000
8.762364,0.025000,0.000000,0.000000,0.000000,0.000000,0.000000
8.772364,0.025000,0.000000,0.000000,0.000000,0.000000,0.000000
8.782364,0.025000,0.000000,0.000000,0.000000,0.000000,0.000000
8.792364,0.025000,0.000000,0.000000,0.000000,0.000000,0.000000
8.802364,0.025000,0.000000,0.000000,0.000000,0.000000,0.000000
8.812364,0.025000,0.000000,0.000000,0.000000,0.000000,0.000000
8.822364,0.025000,0.000000,0.000000,0.000000,0.000000,0.000000
8.832364,0.025000,0.000000,0.000000,0.000000,0.000000,0.000000
8.842364,0.025000,0.000000,0.000000,0.000000,0.000000,0.000000
8.852364,0.025000,0.000000,0.000000,0.000000,0.000000,0.000000
8.862364,0.025000,0.000000,0.000000,0.000000,0.000000,0.000000
8.872364,0.025000,0.000000,0.000000,0.000000,0.000000,0.000000
8.882364,0.025000,0.000000,0.000000,0.000000,0.000000,0.000000
8.892364,0.025000,0.000000,0.000000,0.000000,0.000000,0.000000
8.902364,0.025000,0.000000,0.000000,0.000000,0.000000,0.000000
8.912364,0.025000,0.000000,0.000000,0.000000,0.000000,0.000000
8.922364,0.025000,0.000000,0.000000,0.000000,0.000000,0.000000
8.932364,0.025000,0.000000,0.000000,0.000000,0.000000,0.000000
8.942364,0.025000,0.000000,0.000000,0.000000,0.000000,0.000000
8.952364,0.025000,0.000000,0.000000,0.000000,0.000000,0.000000
8.962364,0.025000,0.000000,0.000000,0.000000,0.000000,0.000000
8.972364,0.025000,0.000000,0.000000,0.000000,0.000000,0.000000
8.982364,0.025000,0.000000,0.000000,0.000000,0.000000,0.000000
8.992364,0.025000,0.000000,0.000000,0.000000,0.000000,0.000000
9.002364,0.025000,0.000000,0.000000,0.000000,0.000000,0.000000
9.012364,0.000000,0.000000,0.000000,0.000000,0.000000,0.000000
9.022364,0.000000,0.000000,0.000000,0.000000,0.000000,0.000000
9.032364,0.000000,0.000000,0.000000,0.000000,0.000000,0.000000
9.042364,0.000000,0.000000,0.000000,0.000000,0.000000,0.000000
9.052364,0.000000,0.000000,0.000000,0.000000,0.000000,0.000000
9.062364,0.000000,0.000000,0.000000,0.000000,0.000000,0.000000
9.072364,0.000000,0.000000,0.000000,0.000000,0.000000,0.000000
9.082364,0.000000,0.000000,0.000000,0.000000,0.000000,0.000000
9.092364,0.000000,0.000000,0.000000,0.000000,0.000000,0.000000
9.102364,0.000000,0.000000,0.000000,0.000000,0.000000,0.000000
9.112364,0.000000,0.000000,0.000000,0.000000,0.000000,0.000000
9.122364,0.000000,0.000000,0.000000,0.000000,0.000000,0.000000
9.132364,0.000000,0.000000,0.000000,0.000000,0.000000,0.000000
9.142364,0.000000,0.000000,0.000000,0.000000,0.000000,0.000000
9.152364,0.000000,0.000000,0.000000,0.000000,0.000000,0.000000
9.162364,0.000000,0.000000,0.000000,0.000000,0.000000,0.000000
9.172364,0.000000,0.000000,0.000000,0.000000,0.000000,0.000000
9.182364,0.000000,0.000000,0.000000,0.000000,0.000000,0.000000
9.192364,0.000000,0.000000,0.000000,0.000000,0.000000,0.000000
9.202364,0.000000,0.000000,0.000000,0.000000,0.000000,0.000000
9.212364,0.000000,0.000000,0.000000,0.000000,0.000000,0.000000
9.222364,0.000000,0.000000,0.000000,0.000000,0.000000,0.000000
9.232364,0.000000,0.000000,0.000000,0.000000,0.000000,0.000000
9.242364,0.000000,0.000000,0.000000,0.000000,0.000000,0.000000
9.252364,0.000000,0.000000,0.000000,0.000000,0.000000,0.000000
9.262364,0.000000,0.000000,0.000000,0.000000,0.000000,0.000000
9.272364,0.000000,0.000000,0.000000,0.000000,0.000000,0.000000
9.282364,0.000000,0.000000,0.000000,0.000000,0.000000,0.000000
9.292364,0.000000,0.000000,0.000000,0.000000,0.000000,0.000000
9.302364,0.000000,0.000000,0.000000,0.000000,0.000000,0.000000
9.312364,0.000000,0.000000,0.000000,0.000000,0.000000,0.000000
9.322364,0.000000,0.000000,0.000000,0.000000,0.000000,0.000000
9.332364,0.000000,0.000000,0.000000,0.000000,0.000000,0.000000
9.342364,0.000000,0.000000,0.000000,0.000000,0.000000,0.000000
9.352364,0.000000,0.000000,0.000000,0.000000,0.000000,0.000000
9.362364,0.000000,0.000000,0.000000,0.000000,0.000000,0.000000
9.372364,0.000000,0.000000,0.000000,0.000000,0.000000,0.000000
9.382364,0.000000,0.000000,0.000000,0.000000,0.000000,0.000000
9.392364,0.000000,0.000000,0.000000,0.000000,0.000000,0.000000
9.402364,0.000000,0.000000,0.000000,0.000000,0.000000,0.000000
9.412364,0.000000,0.000000,0.000000,0.000000,0.000000,0.000000
9.422364,0.000000,0.000000,0.000000,0.000000,0.000000,0.000000
9.432364,0.000000,0.000000,0.000000,0.000000,0.000000,0.000000
9.442364,0.000000,0.000000,0.000000,0.000000,0.000000,0.000000
9.452364,0.000000,0.000000,0.000000,0.000000,0.000000,0.000000
9.462364,0.000000,0.000000,0.000000,0.000000,0.000000,0.000000
9.472364,0.000000,0.000000,0.000000,0.000000,0.000000,0.000000
9.482364,0.000000,0.000000,0.000000,0.000000,0.000000,0.000000
9.492364,0.000000,0.000000,0.000000,0.000000,0.000000,0.000000
9.502364,0.000000,0.000000,0.000000,0.000000,0.000000,0.000000
9.512364,0.000000,0.000000,0.000000,0.000000,0.000000,0.000000
9.522364,0.000000,0.000000,0.000000,0.000000,0.000000,0.000000
9.532364,0.000000,0.000000,0.000000,0.000000,0.000000,0.000000
9.542364,0.000000,0.000000,0.000000,0.000000,0.000000,0.000000
9.552364,0.000000,0.000000,0.000000,0.000000,0.000000,0.000000
9.562364,0.000000,0.000000,0.000000,0.000000,0.000000,0.000000
9.572364,0.000000,0.000000,0.000000,0.000000,0.000000,0.000000
9.582364,0.000000,0.000000,0.000000,0.000000,0.000000,0.000000
9.592364,0.000000,0.000000,0.000000,0.000000,0.000000,0.000000
9.602364,0.000000,0.000000,0.000000,0.000000,0.000000,0.000000
9.612364,0.000000,0.000000,0.000000,0.000000,0.000000,0.000000
9.622364,0.000000,0.000000,0.000000,0.000000,0.000000,0.000000
9.632364,0.000000,0.000000,0.000000,0.000000,0.000000,0.000000
9.642364,0.000000,0.000000,0.000000,0.000000,0.000000,0.000000
9.652364,0.000000,0.000000,0.000000,0.000000,0.000000,0.000000
9.662364,0.000000,0.000000,0.000000,0.000000,0.000000,0.000000
9.672364,0.000000,0.000000,0.000000,0.000000,0.000000,0.000000
9.682364,0.000000,0.000000,0.000000,0.000000,0.000000,0.000000
9.692364,0.000000,0.000000,0.000000,0.000000,0.000000,0.000000
9.702364,0.000000,0.000000,0.000000,0.000000,0.000000,0.000000
9.712364,0.000000,0.000000,0.000000,0.000000,0.000000,0.000000
9.722364,0.000000,0.000000,0.000000,0.000000,0.000000,0.000000
9.732364,0.000000,0.000000,0.000000,0.000000,0.000000,0.000000
9.742364,0.000000,0.000000,0.000000,0.000000,0.000000,0.000000
9.752364,0.000000,0.000000,0.000000,0.000000,0.000000,0.000000
9.762364,0.000000,0.000000,0.000000,0.000000,0.000000,0.000000
9.772364,0.000000,0.000000,0.000000,0.000000,0.000000,0.000000
9.782364,0.000000,0.000000,0.000000,0.000000,0.000000,0.000000
9.792364,0.000000,0.000000,0.000000,0.000000,0.000000,0.000000
9.802364,0.000000,0.000000,0.000000,0.000000,0.000000,0.000000
9.812364,0.000000,0.000000,0.000000,0.000000,0.000000,0.000000
9.822364,0.000000,0.000000,0.000000,0.000000,0.000000,0.000000
9.832364,0.000000,0.000000,0.000000,0.000000,0.000000,0.000000
9.842364,0.000000,0.000000,0.000000,0.000000,0.000000,0.000000
9.852364,0.000000,0.000000,0.000000,0.000000,0.000000,0.000000
9.862364,0.000000,0.000000,0.000000,0.000000,0.000000,0.000000
9.872364,0.000000,0.000000,0.000000,0.000000,0.000000,0.000000
9.882364,0.000000,0.000000,0.000000,0.000000,0.000000,0.000000
9.892364,0.000000,0.000000,0.000000,0.000000,0.000000,0.000000
9.902364,0.000000,0.000000,0.000000,0.000000,0.000000,0.000000
9.912364,0.000000,0.000000,0.000000,0.000000,0.000000,0.000000
9.922364,0.000000,0.000000,0.000000,0.000000,0.000000,0.000000
9.932364,0.000000,0.000000,0.000000,0.000000,0.000000,0.000000
9.942364,0.000000,0.000000,0.000000,0.000000,0.000000,0.000000
9.952364,0.000000,0.000000,0.000000,0.000000,0.000000,0.000000
9.962364,0.000000,0.000000,0.000000,0.000000,0.000000,0.000000
9.972364,0.000000,0.000000,0.000000,0.000000,0.000000,0.000000
9.982364,0.000000,0.000000,0.000000,0.000000,0.000000,0.000000
9.992364,0.000000,0.000000,0.000000,0.000000,0.000000,0.000000
10.002364,0.000000,0.000000,0.000000,0.000000,0.000000,0.000000
10.012364,0.000000,0.000000,0.000000,0.000000,0.000000,0.000000
10.022364,0.000000,0.000000,0.000000,0.000000,0.000000,0.000000
10.032364,0.000000,0.000000,0.000000,0.000000,0.000000,0.000000
10.042364,0.000000,0.000000,0.000000,0.000000,0.000000,0.000000
10.052364,0.000000,0.000000,0.000000,0.000000,0.000000,0.000000
10.062364,0.000000,0.000000,0.000000,0.000000,0.000000,0.000000
10.072364,0.000000,0.000000,0.000000,0.000000,0.000000,0.000000
10.082364,0.000000,0.000000,0.000000,0.000000,0.000000,0.000000
10.092364,0.000000,0.000000,0.000000,0.000000,0.000000,0.000000
10.102364,0.000000,0.000000,0.000000,0.000000,0.000000,0.000000
10.112364,0.000000,0.000000,0.000000,0.000000,0.000000,0.000000
10.122364,0.000000,0.000000,0.000000,0.000000,0.000000,0.000000
10.132364,0.000000,0.000000,0.000000,0.000000,0.000000,0.000000
10.142364,0.000000,0.000000,0.000000,0.000000,0.000000,0.000000
10.152364,0.000000,0.000000,0.000000,0.000000,0.000000,0.000000
10.162364,0.000000,0.000000,0.000000,0.000000,0.000000,0.000000
10.172364,0.000000,0.000000,0.000000,0.000000,0.000000,0.000000
10.182364,0.000000,0.000000,0.000000,0.000000,0.000000,0.000000
10.192364,0.000000,0.000000,0.000000,0.000000,0.000000,0.000000
10.202364,0.000000,0.000000,0.000000,0.000000,0.000000,0.000000
10.212364,0.000000,0.000000,0.000000,0.000000,0.000000,0.000000
10.222364,0.000000,0.000000,0.000000,0.000000,0.000000,0.000000
10.232364,0.000000,0.000000,0.000000,0.000000,0.000000,0.000000
10.242364,0.000000,0.000000,0.000000,0.000000,0.000000,0.000000
10.252364,0.000000,0.000000,0.000000,0.000000,0.000000,0.000000
10.262364,0.000000,0.000000,0.000000,0.000000,0.000000,0.000000
10.272364,0.000000,0.000000,0.000000,0.000000,0.000000,0.000000
10.282364,0.000000,0.000000,0.000000,0.000000,0.000000,0.000000
10.292364,0.000000,0.000000,0.000000,0.000000,0.000000,0.000000
10.302364,0.000000,0.000000,0.000000,0.000000,0.000000,0.000000
10.312364,0.000000,0.000000,0.000000,0.000000,0.000000,0.000000
10.322364,0.000000,0.000000,0.000000,0.000000,0.000000,0.000000
10.332364,0.000000,0.000000,0.000000,0.000000,0.000000,0.000000
10.342364,0.000000,0.000000,0.000000,0.000000,0.000000,0.000000
10.352364,0.000000,0.000000,0.000000,0.000000,0.000000,0.000000
10.362364,0.000000,0.000000,0.000000,0.000000,0.000000,0.000000
10.372364,0.000000,0.000000,0.000000,0.000000,0.000000,0.000000
10.382364,0.000000,0.000000,0.000000,0.000000,0.000000,0.000000
10.392364,0.000000,0.000000,0.000000,0.000000,0.000000,0.000000
10.402364,0.000000,0.000000,0.000000,0.000000,0.000000,0.000000
10.412364,0.000000,0.000000,0.000000,0.000000,0.000000,0.000000
10.422364,0.000000,0.000000,0.000000,0.000000,0.000000,0.000000
10.432364,0.000000,0.000000,0.000000,0.000000,0.000000,0.000000
10.442364,0.000000,0.000000,0.000000,0.000000,0.000000,0.000000
10.452364,0.000000,0.000000,0.000000,0.000000,0.000000,0.000000
10.462364,0.000000,0.000000,0.000000,0.000000,0.000000,0.000000
10.472364,0.000000,0.000000,0.000000,0.000000,0.000000,0.000000
10.482364,0.000000,0.000000,0.000000,0.000000,0.000000,0.000000
10.492364,0.000000,0.000000,0.000000,0.000000,0.000000,0.000000
10.502364,0.000000,0.000000,0.000000,0.000000,0.000000,0.000000
10.512364,0.000000,0.000000,0.000000,0.000000,0.000000,0.000000
10.522364,0.000000,0.000000,0.000000,0.000000,0.000000,0.000000
10.532364,0.000000,0.000000,0.000000,0.000000,0.000000,0.000000
10.542364,0.000000,0.000000,0.000000,0.000000,0.000000,0.000000
10.552364,0.000000,0.000000,0.000000,0.000000,0.000000,0.000000
10.562364,0.000000,0.000000,0.000000,0.000000,0.000000,0.000000
10.572364,0.000000,0.000000,0.000000,0.000000,0.000000,0.000000
10.582364,0.000000,0.000000,0.000000,0.000000,0.000000,0.000000
10.592364,0.000000,0.000000,0.000000,0.000000,0.000000,0.000000
10.602364,0.000000,0.000000,0.000000,0.000000,0.000000,0.000000
10.612364,0.000000,0.000000,0.000000,0.000000,0.000000,0.000000
10.622364,0.000000,0.000000,0.000000,0.000000,0.000000,0.000000
10.632364,0.000000,0.000000,0.000000,0.000000,0.000000,0.000000
10.642364,0.000000,0.000000,0.000000,0.000000,0.000000,0.000000
10.652364,0.000000,0.000000,0.000000,0.000000,0.000000,0.000000
10.662364,0.000000,0.000000,0.000000,0.000000,0.000000,0.000000
10.672364,0.000000,0.000000,0.000000,0.000000,0.000000,0.000000
10.682364,0.000000,0.000000,0.000000,0.000000,0.000000,0.000000
10.692364,0.000000,0.000000,0.000000,0.000000,0.000000,0.000000
10.702364,0.000000,0.000000,0.000000,0.000000,0.000000,0.000000
10.712364,0.000000,0.000000,0.000000,0.000000,0.000000,0.000000
10.722364,0.000000,0.000000,0.000000,0.000000,0.000000,0.000000
10.732364,0.000000,0.000000,0.000000,0.000000,0.000000,0.000000
10.742364,0.000000,0.000000,0.000000,0.000000,0.000000,0.000000
10.752364,0.000000,0.000000,0.000000,0.000000,0.000000,0.000000
10.762364,0.000000,0.000000,0.000000,0.000000,0.000000,0.000000
10.772364,0.000000,0.000000,0.000000,0.000000,0.000000,0.000000
10.782364,0.000000,0.000000,0.000000,0.000000,0.000000,0.000000
10.792364,0.000000,0.000000,0.000000,0.000000,0.000000,0.000000
10.802364,0.000000,0.000000,0.000000,0.000000,0.000000,0.000000
10.812364,0.000000,0.000000,0.000000,0.000000,0.000000,0.000000
10.822364,0.000000,0.000000,0.000000,0.000000,0.000000,0.000000
10.832364,0.000000,0.000000,0.000000,0.000000,0.000000,0.000000
10.842364,0.000000,0.000000,0.000000,0.000000,0.000000,0.000000
10.852364,0.000000,0.000000,0.000000,0.000000,0.000000,0.000000
10.862364,0.000000,0.000000,0.000000,0.000000,0.000000,0.000000
10.872364,0.000000,0.000000,0.000000,0.000000,0.000000,0.000000
10.882364,0.000000,0.000000,0.000000,0.000000,0.000000,0.000000
10.892364,0.000000,0.000000,0.000000,0.000000,0.000000,0.000000
10.902364,0.000000,0.000000,0.000000,0.000000,0.000000,0.000000
10.912364,0.000000,0.000000,0.000000,0.000000,0.000000,0.000000
10.922364,0.000000,0.000000,0.000000,0.000000,0.000000,0.000000
10.932364,0.000000,0.000000,0.000000,0.000000,0.000000,0.000000
10.942364,0.000000,0.000000,0.000000,0.000000,0.000000,0.000000
10.952364,0.000000,0.000000,0.000000,0.000000,0.000000,0.000000
10.962364,0.000000,0.000000,0.000000,0.000000,0.000000,0.000000
10.972364,0.000000,0.000000,0.000000,0.000000,0.000000,0.000000
10.982364,0.000000,0.000000,0.000000,0.000000,0.000000,0.000000
10.992364,0.000000,0.000000,0.000000,0.000000,0.000000,0.000000
11.002364,0.000000,0.000000,0.000000,0.000000,0.000000,0.000000
11.012364,0.000000,0.000000,0.000000,0.000000,0.000000,0.000000
11.022364,0.000000,0.000000,0.000000,0.000000,0.000000,0.000000
11.032364,0.000000,0.000000,0.000000,0.000000,0.000000,0.000000
11.042364,0.000000,0.000000,0.000000,0.000000,0.000000,0.000000
11.052364,0.000000,0.000000,0.000000,0.000000,0.000000,0.000000
11.062364,0.000000,0.000000,0.000000,0.000000,0.000000,0.000000
11.072364,0.000000,0.000000,0.000000,0.000000,0.000000,0.000000
11.082364,0.000000,0.000000,0.000000,0.000000,0.000000,0.000000
11.092364,0.000000,0.000000,0.000000,0.000000,0.000000,0.000000
11.102364,0.000000,0.000000,0.000000,0.000000,0.000000,0.000000
11.112364,0.000000,0.000000,0.000000,0.000000,0.000000,0.000000
11.122364,0.000000,0.000000,0.000000,0.000000,0.000000,0.000000
11.132364,0.000000,0.000000,0.000000,0.000000,0.000000,0.000000
11.142364,0.000000,0.000000,0.000000,0.000000,0.000000,0.000000
11.152364,0.000000,0.000000,0.000000,0.000000,0.000000,0.000000
11.162364,0.000000,0.000000,0.000000,0.000000,0.000000,0.000000
11.172364,0.000000,0.000000,0.000000,0.000000,0.000000,0.000000
11.182364,0.000000,0.000000,0.000000,0.000000,0.000000,0.000000
11.192364,0.000000,0.000000,0.000000,0.000000,0.000000,0.000000
11.202364,0.000000,0.000000,0.000000,0.000000,0.000000,0.000000
11.212364,0.000000,0.000000,0.000000,0.000000,0.000000,0.000000
11.222364,0.000000,0.000000,0.000000,0.000000,0.000000,0.000000
11.232364,0.000000,0.000000,0.000000,0.000000,0.000000,0.000000
11.242364,0.000000,0.000000,0.000000,0.000000,0.000000,0.000000
11.252364,0.000000,0.000000,0.000000,0.000000,0.000000,0.000000
11.262364,0.000000,0.000000,0.000000,0.000000,0.000000,0.000000
11.272364,0.000000,0.000000,0.000000,0.000000,0.000000,0.000000
11.282364,0.000000,0.000000,0.000000,0.000000,0.000000,0.000000
11.292364,0.000000,0.000000,0.000000,0.000000,0.000000,0.000000
11.302364,0.000000,0.000000,0.000000,0.000000,0.000000,0.000000
11.312364,0.000000,0.000000,0.000000,0.000000,0.000000,0.000000
11.322364,0.000000,0.000000,0.000000,0.000000,0.000000,0.000000
11.332364,0.000000,0.000000,0.000000,0.000000,0.000000,0.000000
11.342364,0.000000,0.000000,0.000000,0.000000,0.000000,0.000000
11.352364,0.000000,0.000000,0.000000,0.000000,0.000000,0.000000
11.362364,0.000000,0.000000,0.000000,0.000000,0.000000,0.000000
11.372364,0.000000,0.000000,0.000000,0.000000,0.000000,0.000000
11.382364,0.000000,0.000000,0.000000,0.000000,0.000000,0.000000
11.392364,0.000000,0.000000,0.000000,0.000000,0.000000,0.000000
11.402364,0.000000,0.000000,0.000000,0.000000,0.000000,0.000000
11.412364,0.000000,0.000000,0.000000,0.000000,0.000000,0.000000
11.422364,0.000000,0.000000,0.000000,0.000000,0.000000,0.000000
11.432364,0.000000,0.000000,0.000000,0.000000,0.000000,0.000000
11.442364,0.000000,0.000000,0.000000,0.000000,0.000000,0.000000
11.452364,0.000000,0.000000,0.000000,0.000000,0.000000,0.000000
11.462364,0.000000,0.000000,0.000000,0.000000,0.000000,0.000000
11.472364,0.000000,0.000000,0.000000,0.000000,0.000000,0.000000
11.482364,0.000000,0.000000,0.000000,0.000000,0.000000,0.000000
11.492364,0.000000,0.000000,0.000000,0.000000,0.000000,0.000000
11.502364,0.000000,0.000000,0.000000,0.000000,0.000000,0.000000
11.512364,0.000000,0.000000,0.000000,0.000000,0.000000,0.000000
11.522364,0.000000,0.000000,0.000000,0.000000,0.000000,0.000000
11.532364,0.000000,0.000000,0.000000,0.000000,0.000000,0.000000
11.542364,0.000000,0.000000,0.000000,0.000000,0.000000,0.000000
11.552364,0.000000,0.000000,0.000000,0.000000,0.000000,0.000000
11.562364,0.000000,0.000000,0.000000,0.000000,0.000000,0.000000
11.572364,0.000000,0.000000,0.000000,0.000000,0.000000,0.000000
11.582364,0.000000,0.000000,0.000000,0.000000,0.000000,0.000000
11.592364,0.000000,0.000000,0.000000,0.000000,0.000000,0.000000
11.602364,0.000000,0.000000,0.000000,0.000000,0.000000,0.000000
11.612364,0.000000,0.000000,0.000000,0.000000,0.000000,0.000000
11.622364,0.000000,0.000000,0.000000,0.000000,0.000000,0.000000
11.632364,0.000000,0.000000,0.000000,0.000000,0.000000,0.000000
11.642364,0.000000,0.000000,0.000000,0.000000,0.000000,0.000000
11.652364,0.000000,0.000000,0.000000,0.000000,0.000000,0.000000
11.662364,0.000000,0.000000,0.000000,0.000000,0.000000,0.000000
11.672364,0.000000,0.000000,0.000000,0.000000,0.000000,0.000000
11.682364,0.000000,0.000000,0.000000,0.000000,0.000000,0.000000
11.692364,0.000000,0.000000,0.000000,0.000000,0.000000,0.000000
11.702364,0.000000,0.000000,0.000000,0.000000,0.000000,0.000000
11.712364,0.000000,0.000000,0.000000,0.000000,0.000000,0.000000
11.722364,0.000000,0.000000,0.000000,0.000000,0.000000,0.000000
11.732364,0.000000,0.000000,0.000000,0.000000,0.000000,0.000000
11.742364,0.000000,0.000000,0.000000,0.000000,0.000000,0.000000
11.752364,0.000000,0.000000,0.000000,0.000000,0.000000,0.000000
11.762364,0.000000,0.000000,0.000000,0.000000,0.000000,0.000000
11.772364,0.000000,0.000000,0.000000,0.000000,0.000000,0.000000
11.782364,0.000000,0.000000,0.000000,0.000000,0.000000,0.000000
11.792364,0.000000,0.000000,0.000000,0.000000,0.000000,0.000000
11.802364,0.000000,0.000000,0.000000,0.000000,0.000000,0.000000
11.812364,0.000000,0.000000,0.000000,0.000000,0.000000,0.000000
11.822364,0.000000,0.000000,0.000000,0.000000,0.000000,0.000000
11.832364,0.000000,0.000000,0.000000,0.000000,0.000000,0.000000
11.842364,0.000000,0.000000,0.000000,0.000000,0.000000,0.000000
11.852364,0.000000,0.000000,0.000000,0.000000,0.000000,0.000000
11.862364,0.000000,0.000000,0.000000,0.000000,0.000000,0.000000
11.872364,0.000000,0.000000,0.000000,0.000000,0.000000,0.000000
11.882364,0.000000,0.000000,0.000000,0.000000,0.000000,0.000000
11.892364,0.000000,0.000000,0.000000,0.000000,0.000000,0.000000
11.902364,0.000000,0.000000,0.000000,0.000000,0.000000,0.000000
11.912364,0.000000,0.000000,0.000000,0.000000,0.000000,0.000000
11.922364,0.000000,0.000000,0.000000,0.000000,0.000000,0.000000
11.932364,0.000000,0.000000,0.000000,0.000000,0.000000,0.000000
11.942364,0.000000,0.000000,0.000000,0.000000,0.000000,0.000000
11.952364,0.000000,0.000000,0.000000,0.000000,0.000000,0.000000
11.962364,0.000000,0.000000,0.000000,0.000000,0.000000,0.000000
11.972364,0.000000,0.000000,0.000000,0.000000,0.000000,0.000000
11.982364,0.000000,0.000000,0.000000,0.000000,0.000000,0.000000
11.992364,0.000000,0.000000,0.000000,0.000000,0.000000,0.000000
12.002364,0.000000,0.000000,0.000000,0.000000,0.000000,0.000000
12.012364,0.000000,0.000000,0.000000,0.000000,0.000000,0.000000
12.022364,0.000000,0.000000,0.000000,0.000000,0.000000,0.000000
12.032364,0.000000,0.000000,0.000000,0.000000,0.000000,0.000000
12.042364,0.000000,0.000000,0.000000,0.000000,0.000000,0.000000
12.052364,0.000000,0.000000,0.000000,0.000000,0.000000,0.000000
12.062364,0.000000,0.000000,0.000000,0.000000,0.000000,0.000000
12.072364,0.000000,0.000000,0.000000,0.000000,0.000000,0.000000
12.082364,0.000000,0.000000,0.000000,0.000000,0.000000,0.000000
12.092364,0.000000,0.000000,0.000000,0.000000,0.000000,0.000000
12.102364,0.000000,0.000000,0.000000,0.000000,0.000000,0.000000
12.112364,0.000000,0.000000,0.000000,0.000000,0.000000,0.000000
12.122364,0.000000,0.000000,0.000000,0.000000,0.000000,0.000000
12.132364,0.000000,0.000000,0.000000,0.000000,0.000000,0.000000
12.142364,0.000000,0.000000,0.000000,0.000000,0.000000,0.000000
12.152364,0.000000,0.000000,0.000000,0.000000,0.000000,0.000000
12.162364,0.000000,0.000000,0.000000,0.000000,0.000000,0.000000
12.172364,0.000000,0.000000,0.000000,0.000000,0.000000,0.000000
12.182364,0.000000,0.000000,0.000000,0.000000,0.000000,0.000000
12.192364,0.000000,0.000000,0.000000,0.000000,0.000000,0.000000
12.202364,0.000000,0.000000,0.000000,0.000000,0.000000,0.000000
12.212364,0.000000,0.000000,0.000000,0.000000,0.000000,0.000000
12.222364,0.000000,0.000000,0.000000,0.000000,0.000000,0.000000
12.232364,0.000000,0.000000,0.000000,0.000000,0.000000,0.000000
12.242364,0.000000,0.000000,0.000000,0.000000,0.000000,0.000000
12.252364,0.000000,0.000000,0.000000,0.000000,0.000000,0.000000
12.262364,0.000000,0.000000,0.000000,0.000000,0.000000,0.000000
12.272364,0.000000,0.000000,0.000000,0.000000,0.000000,0.000000
12.282364,0.000000,0.000000,0.000000,0.000000,0.000000,0.000000
12.292364,0.000000,0.000000,0.000000,0.000000,0.000000,0.000000
12.302364,0.000000,0.000000,0.000000,0.000000,0.000000,0.000000
12.312364,0.000000,0.000000,0.000000,0.000000,0.000000,0.000000
12.322364,0.000000,0.000000,0.000000,0.000000,0.000000,0.000000
12.332364,0.000000,0.000000,0.000000,0.000000,0.000000,0.000000
12.342364,0.000000,0.000000,0.000000,0.000000,0.000000,0.000000
12.352364,0.000000,0.000000,0.000000,0.000000,0.000000,0.000000
12.362364,0.000000,0.000000,0.000000,0.000000,0.000000,0.000000
12.372364,0.000000,0.000000,0.000000,0.000000,0.000000,0.000000
12.382364,0.000000,0.000000,0.000000,0.000000,0.000000,0.000000
12.392364,0.000000,0.000000,0.000000,0.000000,0.000000,0.000000
12.402364,0.000000,0.000000,0.000000,0.000000,0.000000,0.000000
12.412364,0.000000,0.000000,0.000000,0.000000,0.000000,0.000000
12.422364,0.000000,0.000000,0.000000,0.000000,0.000000,0.000000
12.432364,0.000000,0.000000,0.000000,0.000000,0.000000,0.000000
12.442364,0.000000,0.000000,0.000000,0.000000,0.000000,0.000000
12.452364,0.000000,0.000000,0.000000,0.000000,0.000000,0.000000
12.462364,0.000000,0.000000,0.000000,0.000000,0.000000,0.000000
12.472364,0.000000,0.000000,0.000000,0.000000,0.000000,0.000000
12.482364,0.000000,0.000000,0.000000,0.000000,0.000000,0.000000
12.492364,0.000000,0.000000,0.000000,0.000000,0.000000,0.000000
12.502364,0.000000,0.000000,0.000000,0.000000,0.000000,0.000000
12.512364,0.000000,0.000000,0.000000,0.000000,0.000000,0.000000
12.522364,0.000000,0.000000,0.000000,0.000000,0.000000,0.000000
12.532364,0.000000,0.000000,0.000000,0.000000,0.000000,0.000000
12.542364,0.000000,0.000000,0.000000,0.000000,0.000000,0.000000
12.552364,0.000000,0.000000,0.000000,0.000000,0.000000,0.000000
12.562364,0.000000,0.000000,0.000000,0.000000,0.000000,0.000000
12.572364,0.000000,0.000000,0.000000,0.000000,0.000000,0.000000
12.582364,0.000000,0.000000,0.000000,0.000000,0.000000,0.000000
12.592364,0.000000,0.000000,0.000000,0.000000,0.000000,0.000000
12.602364,0.000000,0.000000,0.000000,0.000000,0.000000,0.000000
12.612364,0.000000,0.000000,0.000000,0.000000,0.000000,0.000000
12.622364,0.000000,0.000000,0.000000,0.000000,0.000000,0.000000
12.632364,0.000000,0.000000,0.000000,0.000000,0.000000,0.000000
12.642364,0.000000,0.000000,0.000000,0.000000,0.000000,0.000000
12.652364,0.000000,0.000000,0.000000,0.000000,0.000000,0.000000
12.662364,0.000000,0.000000,0.000000,0.000000,0.000000,0.000000
12.672364,0.000000,0.000000,0.000000,0.000000,0.000000,0.000000
12.682364,0.000000,0.000000,0.000000,0.000000,0.000000,0.000000
12.692364,0.000000,0.000000,0.000000,0.000000,0.000000,0.000000
12.702364,0.000000,0.000000,0.000000,0.000000,0.000000,0.000000
12.712364,0.000000,0.000000,0.000000,0.000000,0.000000,0.000000
12.722364,0.000000,0.000000,0.000000,0.000000,0.000000,0.000000
12.732364,0.000000,0.000000,0.000000,0.000000,0.000000,0.000000
12.742364,0.000000,0.000000,0.000000,0.000000,0.000000,0.000000
12.752364,0.000000,0.000000,0.000000,0.000000,0.000000,0.000000
12.762364,0.000000,0.000000,0.000000,0.000000,0.000000,0.000000
12.772364,0.000000,0.000000,0.000000,0.000000,0.000000,0.000000
12.782364,0.000000,0.000000,0.000000,0.000000,0.000000,0.000000
12.792364,0.000000,0.000000,0.000000,0.000000,0.000000,0.000000
12.802364,0.000000,0.000000,0.000000,0.000000,0.000000,0.000000
12.812364,0.000000,0.000000,0.000000,0.000000,0.000000,0.000000
12.822364,0.000000,0.000000,0.000000,0.000000,0.000000,0.000000
12.832364,0.000000,0.000000,0.000000,0.000000,0.000000,0.000000
12.842364,0.000000,0.000000,0.000000,0.000000,0.000000,0.000000
12.852364,0.000000,0.000000,0.000000,0.000000,0.000000,0.000000
12.862364,0.000000,0.000000,0.000000,0.000000,0.000000,0.000000
12.872364,0.000000,0.000000,0.000000,0.000000,0.000000,0.000000
12.882364,0.000000,0.000000,0.000000,0.000000,0.000000,0.000000
12.892364,0.000000,0.000000,0.000000,0.000000,0.000000,0.000000
12.902364,0.000000,0.000000,0.000000,0.000000,0.000000,0.000000
12.912364,0.000000,0.000000,0.000000,0.000000,0.000000,0.000000
12.922364,0.000000,0.000000,0.000000,0.000000,0.000000,0.000000
12.932364,0.000000,0.000000,0.000000,0.000000,0.000000,0.000000
12.942364,0.000000,0.000000,0.000000,0.000000,0.000000,0.000000
12.952364,0.000000,0.000000,0.000000,0.000000,0.000000,0.000000
12.962364,0.000000,0.000000,0.000000,0.000000,0.000000,0.000000
12.972364,0.000000,0.000000,0.000000,0.000000,0.000000,0.000000
12.982364,0.000000,0.000000,0.000000,0.000000,0.000000,0.000000
12.992364,0.000000,0.000000,0.000000,0.000000,0.000000,0.000000
13.002364,0.000000,0.000000,0.000000,0.000000,0.000000,0.000000
13.012364,0.000000,0.000000,0.000000,0.000000,0.000000,0.000000
13.022364,0.000000,0.000000,0.000000,0.000000,0.000000,0.000000
13.032364,0.000000,0.000000,0.000000,0.000000,0.000000,0.000000
13.042364,0.000000,0.000000,0.000000,0.000000,0.000000,0.000000
13.052364,0.000000,0.000000,0.000000,0.000000,0.000000,0.000000
13.062364,0.000000,0.000000,0.000000,0.000000,0.000000,0.000000
13.072364,0.000000,0.000000,0.000000,0.000000,0.000000,0.000000
13.082364,0.000000,0.000000,0.000000,0.000000,0.000000,0.000000
13.092364,0.000000,0.000000,0.000000,0.000000,0.000000,0.000000
13.102364,0.000000,0.000000,0.000000,0.000000,0.000000,0.000000
13.112364,0.000000,0.000000,0.000000,0.000000,0.000000,0.000000
13.122364,0.000000,0.000000,0.000000,0.000000,0.000000,0.000000
13.132364,0.000000,0.000000,0.000000,0.000000,0.000000,0.000000
13.142364,0.000000,0.000000,0.000000,0.000000,0.000000,0.000000
13.152364,0.000000,0.000000,0.000000,0.000000,0.000000,0.000000
13.162364,0.000000,0.000000,0.000000,0.000000,0.000000,0.000000
13.172364,0.000000,0.000000,0.000000,0.000000,0.000000,0.000000
13.182364,0.000000,0.000000,0.000000,0.000000,0.000000,0.000000
13.192364,0.000000,0.000000,0.000000,0.000000,0.000000,0.000000
13.202364,0.000000,0.000000,0.000000,0.000000,0.000000,0.000000
13.212364,0.000000,0.000000,0.000000,0.000000,0.000000,0.000000
13.222364,0.000000,0.000000,0.000000,0.000000,0.000000,0.000000
13.232364,0.000000,0.000000,0.000000,0.000000,0.000000,0.000000
13.242364,0.000000,0.000000,0.000000,0.000000,0.000000,0.000000
13.252364,0.000000,0.000000,0.000000,0.000000,0.000000,0.000000
13.262364,0.000000,0.000000,0.000000,0.000000,0.000000,0.000000
13.272364,0.000000,0.000000,0.000000,0.000000,0.000000,0.000000
13.282364,0.000000,0.000000,0.000000,0.000000,0.000000,0.000000
13.292364,0.000000,0.000000,0.000000,0.000000,0.000000,0.000000
13.302364,0.000000,0.000000,0.000000,0.000000,0.000000,0.000000
13.312364,0.000000,0.000000,0.000000,0.000000,0.000000,0.000000
13.322364,0.000000,0.000000,0.000000,0.000000,0.000000,0.000000
13.332364,0.000000,0.000000,0.000000,0.000000,0.000000,0.000000
13.342364,0.000000,0.000000,0.000000,0.000000,0.000000,0.000000
13.352364,0.000000,0.000000,0.000000,0.000000,0.000000,0.000000
13.362364,0.000000,0.000000,0.000000,0.000000,0.000000,0.000000
13.372364,0.000000,0.000000,0.000000,0.000000,0.000000,0.000000
13.382364,0.000000,0.000000,0.000000,0.000000,0.000000,0.000000
13.392364,0.000000,0.000000,0.000000,0.000000,0.000000,0.000000
13.402364,0.000000,0.000000,0.000000,0.000000,0.000000,0.000000
13.412364,0.000000,0.000000,0.000000,0.000000,0.000000,0.000000
13.422364,0.000000,0.000000,0.000000,0.000000,0.000000,0.000000
13.432364,0.000000,0.000000,0.000000,0.000000,0.000000,0.000000
13.442364,0.000000,0.000000,0.000000,0.000000,0.000000,0.000000
13.452364,0.000000,0.000000,0.000000,0.000000,0.000000,0.000000
13.462364,0.000000,0.000000,0.000000,0.000000,0.000000,0.000000
13.472364,0.000000,0.000000,0.000000,0.000000,0.000000,0.000000
13.482364,0.000000,0.000000,0.000000,0.000000,0.000000,0.000000
13.492364,0.000000,0.000000,0.000000,0.000000,0.000000,0.000000
13.502364,0.000000,0.000000,0.000000,0.000000,0.000000,0.000000
13.512364,0.000000,0.000000,0.000000,0.000000,0.000000,0.000000
13.522364,0.000000,0.000000,0.000000,0.000000,0.000000,0.000000
13.532364,0.000000,0.000000,0.000000,0.000000,0.000000,0.000000
13.542364,0.000000,0.000000,0.000000,0.000000,0.000000,0.000000
13.552364,0.000000,0.000000,0.000000,0.000000,0.000000,0.000000
13.562364,0.000000,0.000000,0.000000,0.000000,0.000000,0.000000
13.572364,0.000000,0.000000,0.000000,0.000000,0.000000,0.000000
13.582364,0.000000,0.000000,0.000000,0.000000,0.000000,0.000000
13.592364,0.000000,0.000000,0.000000,0.000000,0.000000,0.000000
13.602364,0.000000,0.000000,0.000000,0.000000,0.000000,0.000000
13.612364,0.000000,0.000000,0.000000,0.000000,0.000000,0.000000
13.622364,0.000000,0.000000,0.000000,0.000000,0.000000,0.000000
13.632364,0.000000,0.000000,0.000000,0.000000,0.000000,0.000000
13.642364,0.000000,0.000000,0.000000,0.000000,0.000000,0.000000
13.652364,0.000000,0.000000,0.000000,0.000000,0.000000,0.000000
13.662364,0.000000,0.000000,0.000000,0.000000,0.000000,0.000000
13.672364,0.000000,0.000000,0.000000,0.000000,0.000000,0.000000
13.682364,0.000000,0.000000,0.000000,0.000000,0.000000,0.000000
13.692364,0.000000,0.000000,0.000000,0.000000,0.000000,0.000000
13.702364,0.000000,0.000000,0.000000,0.000000,0.000000,0.000000
13.712364,0.000000,0.000000,0.000000,0.000000,0.000000,0.000000
13.722364,0.000000,0.000000,0.000000,0.000000,0.000000,0.000000
13.732364,0.000000,0.000000,0.000000,0.000000,0.000000,0.000000
13.742364,0.000000,0.000000,0.000000,0.000000,0.000000,0.000000
13.752364,0.000000,0.000000,0.000000,0.000000,0.000000,0.000000
13.762364,0.000000,0.000000,0.000000,0.000000,0.000000,0.000000
13.772364,0.000000,0.000000,0.000000,0.000000,0.000000,0.000000
13.782364,0.000000,0.000000,0.000000,0.000000,0.000000,0.000000
13.792364,0.000000,0.000000,0.000000,0.000000,0.000000,0.000000
13.802364,0.000000,0.000000,0.000000,0.000000,0.000000,0.000000
13.812364,0.000000,0.000000,0.000000,0.000000,0.000000,0.000000
13.822364,0.000000,0.000000,0.000000,0.000000,0.000000,0.000000
13.832364,0.000000,0.000000,0.000000,0.000000,0.000000,0.000000
13.842364,0.000000,0.000000,0.000000,0.000000,0.000000,0.000000
13.852364,0.000000,0.000000,0.000000,0.000000,0.000000,0.000000
13.862364,0.000000,0.000000,0.000000,0.000000,0.000000,0.000000
13.872364,0.000000,0.000000,0.000000,0.000000,0.000000,0.000000
13.882364,0.000000,0.000000,0.000000,0.000000,0.000000,0.000000
13.892364,0.000000,0.000000,0.000000,0.000000,0.000000,0.000000
13.902364,0.000000,0.000000,0.000000,0.000000,0.000000,0.000000
13.912364,0.000000,0.000000,0.000000,0.000000,0.000000,0.000000
13.922364,0.000000,0.000000,0.000000,0.000000,0.000000,0.000000
13.932364,0.000000,0.000000,0.000000,0.000000,0.000000,0.000000
13.942364,0.000000,0.000000,0.000000,0.000000,0.000000,0.000000
13.952364,0.000000,0.000000,0.000000,0.000000,0.000000,0.000000
13.962364,0.000000,0.000000,0.000000,0.000000,0.000000,0.000000
13.972364,0.000000,0.000000,0.000000,0.000000,0.000000,0.000000
13.982364,0.000000,0.000000,0.000000,0.000000,0.000000,0.000000
13.992364,0.000000,0.000000,0.000000,0.000000,0.000000,0.000000
14.002364,0.000000,0.000000,0.000000,0.000000,0.000000,0.000000
14.012364,0.000000,0.000000,0.000000,0.000000,0.000000,0.000000
14.022364,0.000000,0.000000,0.000000,0.000000,0.000000,0.000000
14.032364,0.000000,0.000000,0.000000,0.000000,0.000000,0.000000
14.042364,0.000000,0.000000,0.000000,0.000000,0.000000,0.000000
14.052364,0.000000,0.000000,0.000000,0.000000,0.000000,0.000000
14.062364,0.000000,0.000000,0.000000,0.000000,0.000000,0.000000
14.072364,0.000000,0.000000,0.000000,0.000000,0.000000,0.000000
14.082364,0.000000,0.000000,0.000000,0.000000,0.000000,0.000000
14.092364,0.000000,0.000000,0.000000,0.000000,0.000000,0.000000
14.102364,0.000000,0.000000,0.000000,0.000000,0.000000,0.000000
14.112364,0.000000,0.000000,0.000000,0.000000,0.000000,0.000000
14.122364,0.000000,0.000000,0.000000,0.000000,0.000000,0.000000
14.132364,0.000000,0.000000,0.000000,0.000000,0.000000,0.000000
14.142364,0.000000,0.000000,0.000000,0.000000,0.000000,0.000000
14.152364,0.000000,0.000000,0.000000,0.000000,0.000000,0.000000
14.162364,0.000000,0.000000,0.000000,0.000000,0.000000,0.000000
14.172364,0.000000,0.000000,0.000000,0.000000,0.000000,0.000000
14.182364,0.000000,0.000000,0.000000,0.000000,0.000000,0.000000
14.192364,0.000000,0.000000,0.000000,0.000000,0.000000,0.000000
14.202364,0.000000,0.000000,0.000000,0.000000,0.000000,0.000000
14.212364,0.000000,0.000000,0.000000,0.000000,0.000000,0.000000
14.222364,0.000000,0.000000,0.000000,0.000000,0.000000,0.000000
14.232364,0.000000,0.000000,0.000000,0.000000,0.000000,0.000000
14.242364,0.000000,0.000000,0.000000,0.000000,0.000000,0.000000
14.252364,0.000000,0.000000,0.000000,0.000000,0.000000,0.000000
14.262364,0.000000,0.000000,0.000000,0.000000,0.000000,0.000000
14.272364,0.000000,0.000000,0.000000,0.000000,0.000000,0.000000
14.282364,0.000000,0.000000,0.000000,0.000000,0.000000,0.000000
14.292364,0.000000,0.000000,0.000000,0.000000,0.000000,0.000000
14.302364,0.000000,0.000000,0.000000,0.000000,0.000000,0.000000
14.312364,0.000000,0.000000,0.000000,0.000000,0.000000,0.000000
14.322364,0.000000,0.000000,0.000000,0.000000,0.000000,0.000000
14.332364,0.000000,0.000000,0.000000,0.000000,0.000000,0.000000
14.342364,0.000000,0.000000,0.000000,0.000000,0.000000,0.000000
14.352364,0.000000,0.000000,0.000000,0.000000,0.000000,0.000000
14.362364,0.000000,0.000000,0.000000,0.000000,0.000000,0.000000
14.372364,0.000000,0.000000,0.000000,0.000000,0.000000,0.000000
14.382364,0.000000,0.000000,0.000000,0.000000,0.000000,0.000000
14.392364,0.000000,0.000000,0.000000,0.000000,0.000000,0.000000
14.402364,0.000000,0.000000,0.000000,0.000000,0.000000,0.000000
14.412364,0.000000,0.000000,0.000000,0.000000,0.000000,0.000000
14.422364,0.000000,0.000000,0.000000,0.000000,0.000000,0.000000
14.432364,0.000000,0.000000,0.000000,0.000000,0.000000,0.000000
14.442364,0.000000,0.000000,0.000000,0.000000,0.000000,0.000000
14.452364,0.000000,0.000000,0.000000,0.000000,0.000000,0.000000
14.462364,0.000000,0.000000,0.000000,0.000000,0.000000,0.000000
14.472364,0.000000,0.000000,0.000000,0.000000,0.000000,0.000000
14.482364,0.000000,0.000000,0.000000,0.000000,0.000000,0.000000
14.492364,0.000000,0.000000,0.000000,0.000000,0.000000,0.000000
14.502364,0.000000,0.000000,0.000000,0.000000,0.000000,0.000000
14.512364,0.000000,0.000000,0.000000,0.000000,0.000000,0.000000
14.522364,0.000000,0.000000,0.000000,0.000000,0.000000,0.000000
14.532364,0.000000,0.000000,0.000000,0.000000,0.000000,0.000000
14.542364,0.000000,0.000000,0.000000,0.000000,0.000000,0.000000
14.552364,0.000000,0.000000,0.000000,0.000000,0.000000,0.000000
14.562364,0.000000,0.000000,0.000000,0.000000,0.000000,0.000000
14.572364,0.000000,0.000000,0.000000,0.000000,0.000000,0.000000
14.582364,0.000000,0.000000,0.000000,0.000000,0.000000,0.000000
14.592364,0.000000,0.000000,0.000000,0.000000,0.000000,0.000000
14.602364,0.000000,0.000000,0.000000,0.000000,0.000000,0.000000
14.612364,0.000000,0.000000,0.000000,0.000000,0.000000,0.000000
14.622364,0.000000,0.000000,0.000000,0.000000,0.000000,0.000000
14.632364,0.000000,0.000000,0.000000,0.000000,0.000000,0.000000
14.642364,0.000000,0.000000,0.000000,0.000000,0.000000,0.000000
14.652364,0.000000,0.000000,0.000000,0.000000,0.000000,0.000000
14.662364,0.000000,0.000000,0.000000,0.000000,0.000000,0.000000
14.672364,0.000000,0.000000,0.000000,0.000000,0.000000,0.000000
14.682364,0.000000,0.000000,0.000000,0.000000,0.000000,0.000000
14.692364,0.000000,0.000000,0.000000,0.000000,0.000000,0.000000
14.702364,0.000000,0.000000,0.000000,0.000000,0.000000,0.000000
14.712364,0.000000,0.000000,0.000000,0.000000,0.000000,0.000000
14.722364,0.000000,0.000000,0.000000,0.000000,0.000000,0.000000
14.732364,0.000000,0.000000,0.000000,0.000000,0.000000,0.000000
14.742364,0.000000,0.000000,0.000000,0.000000,0.000000,0.000000
14.752364,0.000000,0.000000,0.000000,0.000000,0.000000,0.000000
14.762364,0.000000,0.000000,0.000000,0.000000,0.000000,0.000000
14.772364,0.000000,0.000000,0.000000,0.000000,0.000000,0.000000
14.782364,0.000000,0.000000,0.000000,0.000000,0.000000,0.000000
14.792364,0.000000,0.000000,0.000000,0.000000,0.000000,0.000000
14.802364,0.000000,0.000000,0.000000,0.000000,0.000000,0.000000
14.812364,0.000000,0.000000,0.000000,0.000000,0.000000,0.000000
14.822364,0.000000,0.000000,0.000000,0.000000,0.000000,0.000000
14.832364,0.000000,0.000000,0.000000,0.000000,0.000000,0.000000
14.842364,0.000000,0.000000,0.000000,0.000000,0.000000,0.000000
14.852364,0.000000,0.000000,0.000000,0.000000,0.000000,0.000000
14.862364,0.000000,0.000000,0.000000,0.000000,0.000000,0.000000
14.872364,0.000000,0.000000,0.000000,0.000000,0.000000,0.000000
14.882364,0.000000,0.000000,0.000000,0.000000,0.000000,0.000000
14.892364,0.000000,0.000000,0.000000,0.000000,0.000000,0.000000
14.902364,0.000000,0.000000,0.000000,0.000000,0.000000,0.000000
14.912364,0.000000,0.000000,0.000000,0.000000,0.000000,0.000000
14.922364,0.000000,0.000000,0.000000,0.000000,0.000000,0.000000
14.932364,0.000000,0.000000,0.000000,0.000000,0.000000,0.000000
14.942364,0.000000,0.000000,0.000000,0.000000,0.000000,0.000000
14.952364,0.000000,0.000000,0.000000,0.000000,0.000000,0.000000
14.962364,0.000000,0.000000,0.000000,0.000000,0.000000,0.000000
14.972364,0.000000,0.000000,0.000000,0.000000,0.000000,0.000000
14.982364,0.000000,0.000000,0.000000,0.000000,0.000000,0.000000
14.992364,0.000000,0.000000,0.000000,0.000000,0.000000,0.000000
15.002364,0.000000,0.000000,0.000000,0.000000,0.000000,0.000000
15.012364,0.000000,0.000000,0.000000,0.000000,0.000000,0.000000
15.022364,0.000000,0.000000,0.000000,0.000000,0.000000,0.000000
15.032364,0.000000,0.000000,0.000000,0.000000,0.000000,0.000000
15.042364,0.000000,0.000000,0.000000,0.000000,0.000000,0.000000
15.052364,0.000000,0.000000,0.000000,0.000000,0.000000,0.000000
15.062364,0.000000,0.000000,0.000000,0.000000,0.000000,0.000000
15.072364,0.000000,0.000000,0.000000,0.000000,0.000000,0.000000
15.082364,0.000000,0.000000,0.000000,0.000000,0.000000,0.000000
15.092364,0.000000,0.000000,0.000000,0.000000,0.000000,0.000000
15.102364,0.000000,0.000000,0.000000,0.000000,0.000000,0.000000
15.112364,0.000000,0.000000,0.000000,0.000000,0.000000,0.000000
15.122364,0.000000,0.000000,0.000000,0.000000,0.000000,0.000000
15.132364,0.000000,0.000000,0.000000,0.000000,0.000000,0.000000
15.142364,0.000000,0.000000,0.000000,0.000000,0.000000,0.000000
15.152364,0.000000,0.000000,0.000000,0.000000,0.000000,0.000000
15.162364,0.000000,0.000000,0.000000,0.000000,0.000000,0.000000
15.172364,0.000000,0.000000,0.000000,0.000000,0.000000,0.000000
15.182364,0.000000,0.000000,0.000000,0.000000,0.000000,0.000000
15.192364,0.000000,0.000000,0.000000,0.000000,0.000000,0.000000
15.202364,0.000000,0.000000,0.000000,0.000000,0.000000,0.000000
15.212364,0.000000,0.000000,0.000000,0.000000,0.000000,0.000000
15.222364,0.000000,0.000000,0.000000,0.000000,0.000000,0.000000
15.232364,0.000000,0.000000,0.000000,0.000000,0.000000,0.000000
15.242364,0.000000,0.000000,0.000000,0.000000,0.000000,0.000000
15.252364,0.000000,0.000000,0.000000,0.000000,0.000000,0.000000
15.262364,0.000000,0.000000,0.000000,0.000000,0.000000,0.000000
15.272364,0.000000,0.000000,0.000000,0.000000,0.000000,0.000000
15.282364,0.000000,0.000000,0.000000,0.000000,0.000000,0.000000
15.292364,0.000000,0.000000,0.000000,0.000000,0.000000,0.000000
15.302364,0.000000,0.000000,0.000000,0.000000,0.000000,0.000000
15.312364,0.000000,0.000000,0.000000,0.000000,0.000000,0.000000
15.322364,0.000000,0.000000,0.000000,0.000000,0.000000,0.000000
15.332364,0.000000,0.000000,0.000000,0.000000,0.000000,0.000000
15.342364,0.000000,0.000000,0.000000,0.000000,0.000000,0.000000
15.352364,0.000000,0.000000,0.000000,0.000000,0.000000,0.000000
15.362364,0.000000,0.000000,0.000000,0.000000,0.000000,0.000000
15.372364,0.000000,0.000000,0.000000,0.000000,0.000000,0.000000
15.382364,0.000000,0.000000,0.000000,0.000000,0.000000,0.000000
15.392364,0.000000,0.000000,0.000000,0.000000,0.000000,0.000000
15.402364,0.000000,0.000000,0.000000,0.000000,0.000000,0.000000
15.412364,0.000000,0.000000,0.000000,0.000000,0.000000,0.000000
15.422364,0.000000,0.000000,0.000000,0.000000,0.000000,0.000000
15.432364,0.000000,0.000000,0.000000,0.000000,0.000000,0.000000
15.442364,0.000000,0.000000,0.000000,0.000000,0.000000,0.000000
15.452364,0.000000,0.000000,0.000000,0.000000,0.000000,0.000000
15.462364,0.000000,0.000000,0.000000,0.000000,0.000000,0.000000
15.472364,0.000000,0.000000,0.000000,0.000000,0.000000,0.000000
15.482364,0.000000,0.000000,0.000000,0.000000,0.000000,0.000000
15.492364,0.000000,0.000000,0.000000,0.000000,0.000000,0.000000
15.502364,-0.025000,0.000000,0.000000,0.000000,0.000000,0.000000
15.512364,-0.025000,0.000000,0.000000,0.000000,0.000000,0.000000
15.522364,-0.025000,0.000000,0.000000,0.000000,0.000000,0.000000
15.532364,-0.025000,0.000000,0.000000,0.000000,0.000000,0.000000
15.542364,-0.025000,0.000000,0.000000,0.000000,0.000000,0.000000
15.552364,-0.025000,0.000000,0.000000,0.000000,0.000000,0.000000
15.562364,-0.025000,0.000000,0.000000,0.000000,0.000000,0.000000
15.572364,-0.025000,0.000000,0.000000,0.000000,0.000000,0.000000
15.582364,-0.025000,0.000000,0.000000,0.000000,0.000000,0.000000
15.592364,-0.025000,0.000000,0.000000,0.000000,0.000000,0.000000
15.602364,-0.025000,0.000000,0.000000,0.000000,0.000000,0.000000
15.612364,-0.025000,0.000000,0.000000,0.000000,0.000000,0.000000
15.622364,-0.025000,0.000000,0.000000,0.000000,0.000000,0.000000
15.632364,-0.025000,0.000000,0.000000,0.000000,0.000000,0.000000
15.642364,-0.025000,0.000000,0.000000,0.000000,0.000000,0.000000
15.652364,-0.025000,0.000000,0.000000,0.000000,0.000000,0.000000
15.662364,-0.025000,0.000000,0.000000,0.000000,0.000000,0.000000
15.672364,-0.025000,0.000000,0.000000,0.000000,0.000000,0.000000
15.682364,-0.025000,0.000000,0.000000,0.000000,0.000000,0.000000
15.692364,-0.025000,0.000000,0.000000,0.000000,0.000000,0.000000
15.702364,-0.025000,0.000000,0.000000,0.000000,0.000000,0.000000
15.712364,-0.025000,0.000000,0.000000,0.000000,0.000000,0.000000
15.722364,-0.025000,0.000000,0.000000,0.000000,0.000000,0.000000
15.732364,-0.025000,0.000000,0.000000,0.000000,0.000000,0.000000
15.742364,-0.025000,0.000000,0.000000,0.000000,0.000000,0.000000
15.752364,-0.025000,0.000000,0.000000,0.000000,0.000000,0.000000
15.762364,-0.025000,0.000000,0.000000,0.000000,0.000000,0.000000
15.772364,-0.025000,0.000000,0.000000,0.000000,0.000000,0.000000
15.782364,-0.025000,0.000000,0.000000,0.000000,0.000000,0.000000
15.792364,-0.025000,0.000000,0.000000,0.000000,0.000000,0.000000
15.802364,-0.025000,0.000000,0.000000,0.000000,0.000000,0.000000
15.812364,-0.025000,0.000000,0.000000,0.000000,0.000000,0.000000
15.822364,-0.025000,0.000000,0.000000,0.000000,0.000000,0.000000
15.832364,-0.025000,0.000000,0.000000,0.000000,0.000000,0.000000
15.842364,-0.025000,0.000000,0.000000,0.000000,0.000000,0.000000
15.852364,-0.025000,0.000000,0.000000,0.000000,0.000000,0.000000
15.862364,-0.025000,0.000000,0.000000,0.000000,0.000000,0.000000
15.872364,-0.025000,0.000000,0.000000,0.000000,0.000000,0.000000
15.882364,-0.025000,0.000000,0.000000,0.000000,0.000000,0.000000
15.892364,-0.025000,0.000000,0.000000,0.000000,0.000000,0.000000
15.902364,-0.025000,0.000000,0.000000,0.000000,0.000000,0.000000
15.912364,-0.025000,0.000000,0.000000,0.000000,0.000000,0.000000
15.922364,-0.025000,0.000000,0.000000,0.000000,0.000000,0.000000
15.932364,-0.025000,0.000000,0.000000,0.000000,0.000000,0.000000
15.942364,-0.025000,0.000000,0.000000,0.000000,0.000000,0.000000
15.952364,-0.025000,0.000000,0.000000,0.000000,0.000000,0.000000
15.962364,-0.025000,0.000000,0.000000,0.000000,0.000000,0.000000
15.972364,-0.025000,0.000000,0.000000,0.000000,0.000000,0.000000
15.982364,-0.025000,0.000000,0.000000,0.000000,0.000000,0.000000
15.992364,-0.025000,0.000000,0.000000,0.000000,0.000000,0.000000
16.002364,-0.025000,0.000000,0.000000,0.000000,0.000000,0.000000
16.012364,-0.050000,0.000000,0.000000,0.000000,0.000000,0.000000
16.022364,-0.050000,0.000000,0.000000,0.000000,0.000000,0.000000
16.032364,-0.050000,0.000000,0.000000,0.000000,0.000000,0.000000
16.042364,-0.050000,0.000000,0.000000,0.000000,0.000000,0.000000
16.052364,-0.050000,0.000000,0.000000,0.000000,0.000000,0.000000
16.062364,-0.050000,0.000000,0.000000,0.000000,0.000000,0.000000
16.072364,-0.050000,0.000000,0.000000,0.000000,0.000000,0.000000
16.082364,-0.050000,0.000000,0.000000,0.000000,0.000000,0.000000
16.092364,-0.050000,0.000000,0.000000,0.000000,0.000000,0.000000
16.102364,-0.050000,0.000000,0.000000,0.000000,0.000000,0.000000
16.112364,-0.050000,0.000000,0.000000,0.000000,0.000000,0.000000
16.122364,-0.050000,0.000000,0.000000,0.000000,0.000000,0.000000
16.132364,-0.050000,0.000000,0.000000,0.000000,0.000000,0.000000
16.142364,-0.050000,0.000000,0.000000,0.000000,0.000000,0.000000
16.152364,-0.050000,0.000000,0.000000,0.000000,0.000000,0.000000
16.162364,-0.050000,0.000000,0.000000,0.000000,0.000000,0.000000
16.172364,-0.050000,0.000000,0.000000,0.000000,0.000000,0.000000
16.182364,-0.050000,0.000000,0.000000,0.000000,0.000000,0.000000
16.192364,-0.050000,0.000000,0.000000,0.000000,0.000000,0.000000
16.202364,-0.050000,0.000000,0.000000,0.000000,0.000000,0.000000
16.212364,-0.050000,0.000000,0.000000,0.000000,0.000000,0.000000
16.222364,-0.050000,0.000000,0.000000,0.000000,0.000000,0.000000
16.232364,-0.050000,0.000000,0.000000,0.000000,0.000000,0.000000
16.242364,-0.050000,0.000000,0.000000,0.000000,0.000000,0.000000
16.252364,-0.050000,0.000000,0.000000,0.000000,0.000000,0.000000
16.262364,-0.050000,0.000000,0.000000,0.000000,0.000000,0.000000
16.272364,-0.050000,0.000000,0.000000,0.000000,0.000000,0.000000
16.282364,-0.050000,0.000000,0.000000,0.000000,0.000000,0.000000
16.292364,-0.050000,0.000000,0.000000,0.000000,0.000000,0.000000
16.302364,-0.050000,0.000000,0.000000,0.000000,0.000000,0.000000
16.312364,-0.050000,0.000000,0.000000,0.000000,0.000000,0.000000
16.322364,-0.050000,0.000000,0.000000,0.000000,0.000000,0.000000
16.332364,-0.050000,0.000000,0.000000,0.000000,0.000000,0.000000
16.342364,-0.050000,0.000000,0.000000,0.000000,0.000000,0.000000
16.352364,-0.050000,0.000000,0.000000,0.000000,0.000000,0.000000
16.362364,-0.050000,0.000000,0.000000,0.000000,0.000000,0.000000
16.372364,-0.050000,0.000000,0.000000,0.000000,0.000000,0.000000
16.382364,-0.050000,0.000000,0.000000,0.000000,0.000000,0.000000
16.392364,-0.050000,0.000000,0.000000,0.000000,0.000000,0.000000
16.402364,-0.050000,0.000000,0.000000,0.000000,0.000000,0.000000
16.412364,-0.050000,0.000000,0.000000,0.000000,0.000000,0.000000
16.422364,-0.050000,0.000000,0.000000,0.000000,0.000000,0.000000
16.432364,-0.050000,0.000000,0.000000,0.000000,0.000000,0.000000
16.442364,-0.050000,0.000000,0.000000,0.000000,0.000000,0.000000
16.452364,-0.050000,0.000000,0.000000,0.000000,0.000000,0.000000
16.462364,-0.050000,0.000000,0.000000,0.000000,0.000000,0.000000
16.472364,-0.050000,0.000000,0.000000,0.000000,0.000000,0.000000
16.482364,-0.050000,0.000000,0.000000,0.000000,0.000000,0.000000
16.492364,-0.050000,0.000000,0.000000,0.000000,0.000000,0.000000
16.502364,-0.075000,0.000000,0.000000,0.000000,0.000000,0.000000
16.512364,-0.075000,0.000000,0.000000,0.000000,0.000000,0.000000
16.522364,-0.075000,0.000000,0.000000,0.000000,0.000000,0.000000
16.532364,-0.075000,0.000000,0.000000,0.000000,0.000000,0.000000
16.542364,-0.075000,0.000000,0.000000,0.000000,0.000000,0.000000
16.552364,-0.075000,0.000000,0.000000,0.000000,0.000000,0.000000
16.562364,-0.075000,0.000000,0.000000,0.000000,0.000000,0.000000
16.572364,-0.075000,0.000000,0.000000,0.000000,0.000000,0.000000
16.582364,-0.075000,0.000000,0.000000,0.000000,0.000000,0.000000
16.592364,-0.075000,0.000000,0.000000,0.000000,0.000000,0.000000
16.602364,-0.075000,0.000000,0.000000,0.000000,0.000000,0.000000
16.612364,-0.075000,0.000000,0.000000,0.000000,0.000000,0.000000
16.622364,-0.075000,0.000000,0.000000,0.000000,0.000000,0.000000
16.632364,-0.075000,0.000000,0.000000,0.000000,0.000000,0.000000
16.642364,-0.075000,0.000000,0.000000,0.000000,0.000000,0.000000
16.652364,-0.075000,0.000000,0.000000,0.000000,0.000000,0.000000
16.662364,-0.075000,0.000000,0.000000,0.000000,0.000000,0.000000
16.672364,-0.075000,0.000000,0.000000,0.000000,0.000000,0.000000
16.682364,-0.075000,0.000000,0.000000,0.000000,0.000000,0.000000
16.692364,-0.075000,0.000000,0.000000,0.000000,0.000000,0.000000
16.702364,-0.075000,0.000000,0.000000,0.000000,0.000000,0.000000
16.712364,-0.075000,0.000000,0.000000,0.000000,0.000000,0.000000
16.722364,-0.075000,0.000000,0.000000,0.000000,0.000000,0.000000
16.732364,-0.075000,0.000000,0.000000,0.000000,0.000000,0.000000
16.742364,-0.075000,0.000000,0.000000,0.000000,0.000000,0.000000
16.752364,-0.075000,0.000000,0.000000,0.000000,0.000000,0.000000
16.762364,-0.075000,0.000000,0.000000,0.000000,0.000000,0.000000
16.772364,-0.075000,0.000000,0.000000,0.000000,0.000000,0.000000
16.782364,-0.075000,0.000000,0.000000,0.000000,0.000000,0.000000
16.792364,-0.075000,0.000000,0.000000,0.000000,0.000000,0.000000
16.802364,-0.075000,0.000000,0.000000,0.000000,0.000000,0.000000
16.812364,-0.075000,0.000000,0.000000,0.000000,0.000000,0.000000
16.822364,-0.075000,0.000000,0.000000,0.000000,0.000000,0.000000
16.832364,-0.075000,0.000000,0.000000,0.000000,0.000000,0.000000
16.842364,-0.075000,0.000000,0.000000,0.000000,0.000000,0.000000
16.852364,-0.075000,0.000000,0.000000,0.000000,0.000000,0.000000
16.862364,-0.075000,0.000000,0.000000,0.000000,0.000000,0.000000
16.872364,-0.075000,0.000000,0.000000,0.000000,0.000000,0.000000
16.882364,-0.075000,0.000000,0.000000,0.000000,0.000000,0.000000
16.892364,-0.075000,0.000000,0.000000,0.000000,0.000000,0.000000
16.902364,-0.075000,0.000000,0.000000,0.000000,0.000000,0.000000
16.912364,-0.075000,0.000000,0.000000,0.000000,0.000000,0.000000
16.922364,-0.075000,0.000000,0.000000,0.000000,0.000000,0.000000
16.932364,-0.075000,0.000000,0.000000,0.000000,0.000000,0.000000
16.942364,-0.075000,0.000000,0.000000,0.000000,0.000000,0.000000
16.952364,-0.075000,0.000000,0.000000,0.000000,0.000000,0.000000
16.962364,-0.075000,0.000000,0.000000,0.000000,0.000000,0.000000
16.972364,-0.075000,0.000000,0.000000,0.000000,0.000000,0.000000
16.982364,-0.075000,0.000000,0.000000,0.000000,0.000000,0.000000
16.992364,-0.075000,0.000000,0.000000,0.000000,0.000000,0.000000
17.002364,-0.100000,0.000000,0.000000,0.000000,0.000000,0.000000
17.012364,-0.100000,0.000000,0.000000,0.000000,0.000000,0.000000
17.022364,-0.100000,0.000000,0.000000,0.000000,0.000000,0.000000
17.032364,-0.100000,0.000000,0.000000,0.000000,0.000000,0.000000
17.042364,-0.100000,0.000000,0.000000,0.000000,0.000000,0.000000
17.052364,-0.100000,0.000000,0.000000,0.000000,0.000000,0.000000
17.062364,-0.100000,0.000000,0.000000,0.000000,0.000000,0.000000
17.072364,-0.100000,0.000000,0.000000,0.000000,0.000000,0.000000
17.082364,-0.100000,0.000000,0.000000,0.000000,0.000000,0.000000
17.092364,-0.100000,0.000000,0.000000,0.000000,0.000000,0.000000
17.102364,-0.100000,0.000000,0.000000,0.000000,0.000000,0.000000
17.112364,-0.100000,0.000000,0.000000,0.000000,0.000000,0.000000
17.122364,-0.100000,0.000000,0.000000,0.000000,0.000000,0.000000
17.132364,-0.100000,0.000000,0.000000,0.000000,0.000000,0.000000
17.142364,-0.100000,0.000000,0.000000,0.000000,0.000000,0.000000
17.152364,-0.100000,0.000000,0.000000,0.000000,0.000000,0.000000
17.162364,-0.100000,0.000000,0.000000,0.000000,0.000000,0.000000
17.172364,-0.100000,0.000000,0.000000,0.000000,0.000000,0.000000
17.182364,-0.100000,0.000000,0.000000,0.000000,0.000000,0.000000
17.192364,-0.100000,0.000000,0.000000,0.000000,0.000000,0.000000
17.202364,-0.100000,0.000000,0.000000,0.000000,0.000000,0.000000
17.212364,-0.100000,0.000000,0.000000,0.000000,0.000000,0.000000
17.222364,-0.100000,0.000000,0.000000,0.000000,0.000000,0.000000
17.232364,-0.100000,0.000000,0.000000,0.000000,0.000000,0.000000
17.242364,-0.100000,0.000000,0.000000,0.000000,0.000000,0.000000
17.252364,-0.100000,0.000000,0.000000,0.000000,0.000000,0.000000
17.262364,-0.100000,0.000000,0.000000,0.000000,0.000000,0.000000
17.272364,-0.100000,0.000000,0.000000,0.000000,0.000000,0.000000
17.282364,-0.100000,0.000000,0.000000,0.000000,0.000000,0.000000
17.292364,-0.100000,0.000000,0.000000,0.000000,0.000000,0.000000
17.302364,-0.100000,0.000000,0.000000,0.000000,0.000000,0.000000
17.312364,-0.100000,0.000000,0.000000,0.000000,0.000000,0.000000
17.322364,-0.100000,0.000000,0.000000,0.000000,0.000000,0.000000
17.332364,-0.100000,0.000000,0.000000,0.000000,0.000000,0.000000
17.342364,-0.100000,0.000000,0.000000,0.000000,0.000000,0.000000
17.352364,-0.100000,0.000000,0.000000,0.000000,0.000000,0.000000
17.362364,-0.100000,0.000000,0.000000,0.000000,0.000000,0.000000
17.372364,-0.100000,0.000000,0.000000,0.000000,0.000000,0.000000
17.382364,-0.100000,0.000000,0.000000,0.000000,0.000000,0.000000
17.392364,-0.100000,0.000000,0.000000,0.000000,0.000000,0.000000
17.402364,-0.100000,0.000000,0.000000,0.000000,0.000000,0.000000
17.412364,-0.100000,0.000000,0.000000,0.000000,0.000000,0.000000
17.422364,-0.100000,0.000000,0.000000,0.000000,0.000000,0.000000
17.432364,-0.100000,0.000000,0.000000,0.000000,0.000000,0.000000
17.442364,-0.100000,0.000000,0.000000,0.000000,0.000000,0.000000
17.452364,-0.100000,0.000000,0.000000,0.000000,0.000000,0.000000
17.462364,-0.100000,0.000000,0.000000,0.000000,0.000000,0.000000
17.472364,-0.100000,0.000000,0.000000,0.000000,0.000000,0.000000
17.482364,-0.100000,0.000000,0.000000,0.000000,0.000000,0.000000
17.492364,-0.100000,0.000000,0.000000,0.000000,0.000000,0.000000
17.502364,-0.100000,0.000000,0.000000,0.000000,0.000000,0.000000
17.512364,-0.075000,0.000000,0.000000,0.000000,0.000000,0.000000
17.522364,-0.075000,0.000000,0.000000,0.000000,0.000000,0.000000
17.532364,-0.075000,0.000000,0.000000,0.000000,0.000000,0.000000
17.542364,-0.075000,0.000000,0.000000,0.000000,0.000000,0.000000
17.552364,-0.075000,0.000000,0.000000,0.000000,0.000000,0.000000
17.562364,-0.075000,0.000000,0.000000,0.000000,0.000000,0.000000
17.572364,-0.075000,0.000000,0.000000,0.000000,0.000000,0.000000
17.582364,-0.075000,0.000000,0.000000,0.000000,0.000000,0.000000
17.592364,-0.075000,0.000000,0.000000,0.000000,0.000000,0.000000
17.602364,-0.075000,0.000000,0.000000,0.000000,0.000000,0.000000
17.612364,-0.075000,0.000000,0.000000,0.000000,0.000000,0.000000
17.622364,-0.075000,0.000000,0.000000,0.000000,0.000000,0.000000
17.632364,-0.075000,0.000000,0.000000,0.000000,0.000000,0.000000
17.642364,-0.075000,0.000000,0.000000,0.000000,0.000000,0.000000
17.652364,-0.075000,0.000000,0.000000,0.000000,0.000000,0.000000
17.662364,-0.075000,0.000000,0.000000,0.000000,0.000000,0.000000
17.672364,-0.075000,0.000000,0.000000,0.000000,0.000000,0.000000
17.682364,-0.075000,0.000000,0.000000,0.000000,0.000000,0.000000
17.692364,-0.075000,0.000000,0.000000,0.000000,0.000000,0.000000
17.702364,-0.075000,0.000000,0.000000,0.000000,0.000000,0.000000
17.712364,-0.075000,0.000000,0.000000,0.000000,0.000000,0.000000
17.722364,-0.075000,0.000000,0.000000,0.000000,0.000000,0.000000
17.732364,-0.075000,0.000000,0.000000,0.000000,0.000000,0.000000
17.742364,-0.075000,0.000000,0.000000,0.000000,0.000000,0.000000
17.752364,-0.075000,0.000000,0.000000,0.000000,0.000000,0.000000
17.762364,-0.075000,0.000000,0.000000,0.000000,0.000000,0.000000
17.772364,-0.075000,0.000000,0.000000,0.000000,0.000000,0.000000
17.782364,-0.075000,0.000000,0.000000,0.000000,0.000000,0.000000
17.792364,-0.075000,0.000000,0.000000,0.000000,0.000000,0.000000
17.802364,-0.075000,0.000000,0.000000,0.000000,0.000000,0.000000
17.812364,-0.075000,0.000000,0.000000,0.000000,0.000000,0.000000
17.822364,-0.075000,0.000000,0.000000,0.000000,0.000000,0.000000
17.832364,-0.075000,0.000000,0.000000,0.000000,0.000000,0.000000
17.842364,-0.075000,0.000000,0.000000,0.000000,0.000000,0.000000
17.852364,-0.075000,0.000000,0.000000,0.000000,0.000000,0.000000
17.862364,-0.075000,0.000000,0.000000,0.000000,0.000000,0.000000
17.872364,-0.075000,0.000000,0.000000,0.000000,0.000000,0.000000
17.882364,-0.075000,0.000000,0.000000,0.000000,0.000000,0.000000
17.892364,-0.075000,0.000000,0.000000,0.000000,0.000000,0.000000
17.902364,-0.075000,0.000000,0.000000,0.000000,0.000000,0.000000
17.912364,-0.075000,0.000000,0.000000,0.000000,0.000000,0.000000
17.922364,-0.075000,0.000000,0.000000,0.000000,0.000000,0.000000
17.932364,-0.075000,0.000000,0.000000,0.000000,0.000000,0.000000
17.942364,-0.075000,0.000000,0.000000,0.000000,0.000000,0.000000
17.952364,-0.075000,0.000000,0.000000,0.000000,0.000000,0.000000
17.962364,-0.075000,0.000000,0.000000,0.000000,0.000000,0.000000
17.972364,-0.075000,0.000000,0.000000,0.000000,0.000000,0.000000
17.982364,-0.075000,0.000000,0.000000,0.000000,0.000000,0.000000
17.992364,-0.075000,0.000000,0.000000,0.000000,0.000000,0.000000
18.002364,-0.050000,0.000000,0.000000,0.000000,0.000000,0.000000
18.012364,-0.050000,0.000000,0.000000,0.000000,0.000000,0.000000
18.022364,-0.050000,0.000000,0.000000,0.000000,0.000000,0.000000
18.032364,-0.050000,0.000000,0.000000,0.000000,0.000000,0.000000
18.042364,-0.050000,0.000000,0.000000,0.000000,0.000000,0.000000
18.052364,-0.050000,0.000000,0.000000,0.000000,0.000000,0.000000
18.062364,-0.050000,0.000000,0.000000,0.000000,0.000000,0.000000
18.072364,-0.050000,0.000000,0.000000,0.000000,0.000000,0.000000
18.082364,-0.050000,0.000000,0.000000,0.000000,0.000000,0.000000
18.092364,-0.050000,0.000000,0.000000,0.000000,0.000000,0.000000
18.102364,-0.050000,0.000000,0.000000,0.000000,0.000000,0.000000
18.112364,-0.050000,0.000000,0.000000,0.000000,0.000000,0.000000
18.122364,-0.050000,0.000000,0.000000,0.000000,0.000000,0.000000
18.132364,-0.050000,0.000000,0.000000,0.000000,0.000000,0.000000
18.142364,-0.050000,0.000000,0.000000,0.000000,0.000000,0.000000
18.152364,-0.050000,0.000000,0.000000,0.000000,0.000000,0.000000
18.162364,-0.050000,0.000000,0.000000,0.000000,0.000000,0.000000
18.172364,-0.050000,0.000000,0.000000,0.000000,0.000000,0.000000
18.182364,-0.050000,0.000000,0.000000,0.000000,0.000000,0.000000
18.192364,-0.050000,0.000000,0.000000,0.000000,0.000000,0.000000
18.202364,-0.050000,0.000000,0.000000,0.000000,0.000000,0.000000
18.212364,-0.050000,0.000000,0.000000,0.000000,0.000000,0.000000
18.222364,-0.050000,0.000000,0.000000,0.000000,0.000000,0.000000
18.232364,-0.050000,0.000000,0.000000,0.000000,0.000000,0.000000
18.242364,-0.050000,0.000000,0.000000,0.000000,0.000000,0.000000
18.252364,-0.050000,0.000000,0.000000,0.000000,0.000000,0.000000
18.262364,-0.050000,0.000000,0.000000,0.000000,0.000000,0.000000
18.272364,-0.050000,0.000000,0.000000,0.000000,0.000000,0.000000
18.282364,-0.050000,0.000000,0.000000,0.000000,0.000000,0.000000
18.292364,-0.050000,0.000000,0.000000,0.000000,0.000000,0.000000
18.302364,-0.050000,0.000000,0.000000,0.000000,0.000000,0.000000
18.312364,-0.050000,0.000000,0.000000,0.000000,0.000000,0.000000
18.322364,-0.050000,0.000000,0.000000,0.000000,0.000000,0.000000
18.332364,-0.050000,0.000000,0.000000,0.000000,0.000000,0.000000
18.342364,-0.050000,0.000000,0.000000,0.000000,0.000000,0.000000
18.352364,-0.050000,0.000000,0.000000,0.000000,0.000000,0.000000
18.362364,-0.050000,0.000000,0.000000,0.000000,0.000000,0.000000
18.372364,-0.050000,0.000000,0.000000,0.000000,0.000000,0.000000
18.382364,-0.050000,0.000000,0.000000,0.000000,0.000000,0.000000
18.392364,-0.050000,0.000000,0.000000,0.000000,0.000000,0.000000
18.402364,-0.050000,0.000000,0.000000,0.000000,0.000000,0.000000
18.412364,-0.050000,0.000000,0.000000,0.000000,0.000000,0.000000
18.422364,-0.050000,0.000000,0.000000,0.000000,0.000000,0.000000
18.432364,-0.050000,0.000000,0.000000,0.000000,0.000000,0.000000
18.442364,-0.050000,0.000000,0.000000,0.000000,0.000000,0.000000
18.452364,-0.050000,0.000000,0.000000,0.000000,0.000000,0.000000
18.462364,-0.050000,0.000000,0.000000,0.000000,0.000000,0.000000
18.472364,-0.050000,0.000000,0.000000,0.000000,0.000000,0.000000
18.482364,-0.050000,0.000000,0.000000,0.000000,0.000000,0.000000
18.492364,-0.050000,0.000000,0.000000,0.000000,0.000000,0.000000
18.502364,-0.025000,0.000000,0.000000,0.000000,0.000000,0.000000
18.512364,-0.025000,0.000000,0.000000,0.000000,0.000000,0.000000
18.522364,-0.025000,0.000000,0.000000,0.000000,0.000000,0.000000
18.532364,-0.025000,0.000000,0.000000,0.000000,0.000000,0.000000
18.542364,-0.025000,0.000000,0.000000,0.000000,0.000000,0.000000
18.552364,-0.025000,0.000000,0.000000,0.000000,0.000000,0.000000
18.562364,-0.025000,0.000000,0.000000,0.000000,0.000000,0.000000
18.572364,-0.025000,0.000000,0.000000,0.000000,0.000000,0.000000
18.582364,-0.025000,0.000000,0.000000,0.000000,0.000000,0.000000
18.592364,-0.025000,0.000000,0.000000,0.000000,0.000000,0.000000
18.602364,-0.025000,0.000000,0.000000,0.000000,0.000000,0.000000
18.612364,-0.025000,0.000000,0.000000,0.000000,0.000000,0.000000
18.622364,-0.025000,0.000000,0.000000,0.000000,0.000000,0.000000
18.632364,-0.025000,0.000000,0.000000,0.000000,0.000000,0.000000
18.642364,-0.025000,0.000000,0.000000,0.000000,0.000000,0.000000
18.652364,-0.025000,0.000000,0.000000,0.000000,0.000000,0.000000
18.662364,-0.025000,0.000000,0.000000,0.000000,0.000000,0.000000
18.672364,-0.025000,0.000000,0.000000,0.000000,0.000000,0.000000
18.682364,-0.025000,0.000000,0.000000,0.000000,0.000000,0.000000
18.692364,-0.025000,0.000000,0.000000,0.000000,0.000000,0.000000
18.702364,-0.025000,0.000000,0.000000,0.000000,0.000000,0.000000
18.712364,-0.025000,0.000000,0.000000,0.000000,0.000000,0.000000
18.722364,-0.025000,0.000000,0.000000,0.000000,0.000000,0.000000
18.732364,-0.025000,0.000000,0.000000,0.000000,0.000000,0.000000
18.742364,-0.025000,0.000000,0.000000,0.000000,0.000000,0.000000
18.752364,-0.025000,0.000000,0.000000,0.000000,0.000000,0.000000
18.762364,-0.025000,0.000000,0.000000,0.000000,0.000000,0.000000
18.772364,-0.025000,0.000000,0.000000,0.000000,0.000000,0.000000
18.782364,-0.025000,0.000000,0.000000,0.000000,0.000000,0.000000
18.792364,-0.025000,0.000000,0.000000,0.000000,0.000000,0.000000
18.802364,-0.025000,0.000000,0.000000,0.000000,0.000000,0.000000
18.812364,-0.025000,0.000000,0.000000,0.000000,0.000000,0.000000
18.822364,-0.025000,0.000000,0.000000,0.000000,0.000000,0.000000
18.832364,-0.025000,0.000000,0.000000,0.000000,0.000000,0.000000
18.842364,-0.025000,0.000000,0.000000,0.000000,0.000000,0.000000
18.852364,-0.025000,0.000000,0.000000,0.000000,0.000000,0.000000
18.862364,-0.025000,0.000000,0.000000,0.000000,0.000000,0.000000
18.872364,-0.025000,0.000000,0.000000,0.000000,0.000000,0.000000
18.882364,-0.025000,0.000000,0.000000,0.000000,0.000000,0.000000
18.892364,-0.025000,0.000000,0.000000,0.000000,0.000000,0.000000
18.902364,-0.025000,0.000000,0.000000,0.000000,0.000000,0.000000
18.912364,-0.025000,0.000000,0.000000,0.000000,0.000000,0.000000
18.922364,-0.025000,0.000000,0.000000,0.000000,0.000000,0.000000
18.932364,-0.025000,0.000000,0.000000,0.000000,0.000000,0.000000
18.942364,-0.025000,0.000000,0.000000,0.000000,0.000000,0.000000
18.952364,-0.025000,0.000000,0.000000,0.000000,0.000000,0.000000
18.962364,-0.025000,0.000000,0.000000,0.000000,0.000000,0.000000
18.972364,-0.025000,0.000000,0.000000,0.000000,0.000000,0.000000
18.982364,-0.025000,0.000000,0.000000,0.000000,0.000000,0.000000
18.992364,-0.025000,0.000000,0.000000,0.000000,0.000000,0.000000
19.002364,0.000000,0.000000,0.000000,0.000000,0.000000,0.000000
19.012364,0.000000,0.000000,0.000000,0.000000,0.000000,0.000000
19.022364,0.000000,0.000000,0.000000,0.000000,0.000000,0.000000
19.032364,0.000000,0.000000,0.000000,0.000000,0.000000,0.000000
19.042364,0.000000,0.000000,0.000000,0.000000,0.000000,0.000000
19.052364,0.000000,0.000000,0.000000,0.000000,0.000000,0.000000
19.062364,0.000000,0.000000,0.000000,0.000000,0.000000,0.000000
19.072364,0.000000,0.000000,0.000000,0.000000,0.000000,0.000000
19.082364,0.000000,0.000000,0.000000,0.000000,0.000000,0.000000
19.092364,0.000000,0.000000,0.000000,0.000000,0.000000,0.000000
19.102364,0.000000,0.000000,0.000000,0.000000,0.000000,0.000000
19.112364,0.000000,0.000000,0.000000,0.000000,0.000000,0.000000
19.122364,0.000000,0.000000,0.000000,0.000000,0.000000,0.000000
19.132364,0.000000,0.000000,0.000000,0.000000,0.000000,0.000000
19.142364,0.000000,0.000000,0.000000,0.000000,0.000000,0.000000
19.152364,0.000000,0.000000,0.000000,0.000000,0.000000,0.000000
19.162364,0.000000,0.000000,0.000000,0.000000,0.000000,0.000000
19.172364,0.000000,0.000000,0.000000,0.000000,0.000000,0.000000
19.182364,0.000000,0.000000,0.000000,0.000000,0.000000,0.000000
19.192364,0.000000,0.000000,0.000000,0.000000,0.000000,0.000000
19.202364,0.000000,0.000000,0.000000,0.000000,0.000000,0.000000
19.212364,0.000000,0.000000,0.000000,0.000000,0.000000,0.000000
19.222364,0.000000,0.000000,0.000000,0.000000,0.000000,0.000000
19.232364,0.000000,0.000000,0.000000,0.000000,0.000000,0.000000
19.242364,0.000000,0.000000,0.000000,0.000000,0.000000,0.000000
19.252364,0.000000,0.000000,0.000000,0.000000,0.000000,0.000000
19.262364,0.000000,0.000000,0.000000,0.000000,0.000000,0.000000
19.272364,0.000000,0.000000,0.000000,0.000000,0.000000,0.000000
19.282364,0.000000,0.000000,0.000000,0.000000,0.000000,0.000000
19.292364,0.000000,0.000000,0.000000,0.000000,0.000000,0.000000
19.302364,0.000000,0.000000,0.000000,0.000000,0.000000,0.000000
19.312364,0.000000,0.000000,0.000000,0.000000,0.000000,0.000000
19.322364,0.000000,0.000000,0.000000,0.000000,0.000000,0.000000
19.332364,0.000000,0.000000,0.000000,0.000000,0.000000,0.000000
19.342364,0.000000,0.000000,0.000000,0.000000,0.000000,0.000000
19.352364,0.000000,0.000000,0.000000,0.000000,0.000000,0.000000
19.362364,0.000000,0.000000,0.000000,0.000000,0.000000,0.000000
19.372364,0.000000,0.000000,0.000000,0.000000,0.000000,0.000000
19.382364,0.000000,0.000000,0.000000,0.000000,0.000000,0.000000
19.392364,0.000000,0.000000,0.000000,0.000000,0.000000,0.000000
19.402364,0.000000,0.000000,0.000000,0.000000,0.000000,0.000000
19.412364,0.000000,0.000000,0.000000,0.000000,0.000000,0.000000
19.422364,0.000000,0.000000,0.000000,0.000000,0.000000,0.000000
19.432364,0.000000,0.000000,0.000000,0.000000,0.000000,0.000000
19.442364,0.000000,0.000000,0.000000,0.000000,0.000000,0.000000
19.452364,0.000000,0.000000,0.000000,0.000000,0.000000,0.000000
19.462364,0.000000,0.000000,0.000000,0.000000,0.000000,0.000000
19.472364,0.000000,0.000000,0.000000,0.000000,0.000000,0.000000
19.482364,0.000000,0.000000,0.000000,0.000000,0.000000,0.000000
19.492364,0.000000,0.000000,0.000000,0.000000,0.000000,0.000000
19.502364,0.000000,0.000000,0.000000,0.000000,0.000000,0.000000
19.512364,0.000000,0.000000,0.000000,0.000000,0.000000,0.000000
19.522364,0.000000,0.000000,0.000000,0.000000,0.000000,0.000000
19.532364,0.000000,0.000000,0.000000,0.000000,0.000000,0.000000
19.542364,0.000000,0.000000,0.000000,0.000000,0.000000,0.000000
19.552364,0.000000,0.000000,0.000000,0.000000,0.000000,0.000000
19.562364,0.000000,0.000000,0.000000,0.000000,0.000000,0.000000
19.572364,0.000000,0.000000,0.000000,0.000000,0.000000,0.000000
19.582364,0.000000,0.000000,0.000000,0.000000,0.000000,0.000000
19.592364,0.000000,0.000000,0.000000,0.000000,0.000000,0.000000
19.602364,0.000000,0.000000,0.000000,0.000000,0.000000,0.000000
19.612364,0.000000,0.000000,0.000000,0.000000,0.000000,0.000000
19.622364,0.000000,0.000000,0.000000,0.000000,0.000000,0.000000
19.632364,0.000000,0.000000,0.000000,0.000000,0.000000,0.000000
19.642364,0.000000,0.000000,0.000000,0.000000,0.000000,0.000000
19.652364,0.000000,0.000000,0.000000,0.000000,0.000000,0.000000
19.662364,0.000000,0.000000,0.000000,0.000000,0.000000,0.000000
19.672364,0.000000,0.000000,0.000000,0.000000,0.000000,0.000000
19.682364,0.000000,0.000000,0.000000,0.000000,0.000000,0.000000
19.692364,0.000000,0.000000,0.000000,0.000000,0.000000,0.000000
19.702364,0.000000,0.000000,0.000000,0.000000,0.000000,0.000000
19.712364,0.000000,0.000000,0.000000,0.000000,0.000000,0.000000
19.722364,0.000000,0.000000,0.000000,0.000000,0.000000,0.000000
19.732364,0.000000,0.000000,0.000000,0.000000,0.000000,0.000000
19.742364,0.000000,0.000000,0.000000,0.000000,0.000000,0.000000
19.752364,0.000000,0.000000,0.000000,0.000000,0.000000,0.000000
19.762364,0.000000,0.000000,0.000000,0.000000,0.000000,0.000000
19.772364,0.000000,0.000000,0.000000,0.000000,0.000000,0.000000
19.782364,0.000000,0.000000,0.000000,0.000000,0.000000,0.000000
19.792364,0.000000,0.000000,0.000000,0.000000,0.000000,0.000000
19.802364,0.000000,0.000000,0.000000,0.000000,0.000000,0.000000
19.812364,0.000000,0.000000,0.000000,0.000000,0.000000,0.000000
19.822364,0.000000,0.000000,0.000000,0.000000,0.000000,0.000000
19.832364,0.000000,0.000000,0.000000,0.000000,0.000000,0.000000
19.842364,0.000000,0.000000,0.000000,0.000000,0.000000,0.000000
19.852364,0.000000,0.000000,0.000000,0.000000,0.000000,0.000000
19.862364,0.000000,0.000000,0.000000,0.000000,0.000000,0.000000
19.872364,0.000000,0.000000,0.000000,0.000000,0.000000,0.000000
19.882364,0.000000,0.000000,0.000000,0.000000,0.000000,0.000000
19.892364,0.000000,0.000000,0.000000,0.000000,0.000000,0.000000
19.902364,0.000000,0.000000,0.000000,0.000000,0.000000,0.000000
19.912364,0.000000,0.000000,0.000000,0.000000,0.000000,0.000000
19.922364,0.000000,0.000000,0.000000,0.000000,0.000000,0.000000
19.932364,0.000000,0.000000,0.000000,0.000000,0.000000,0.000000
19.942364,0.000000,0.000000,0.000000,0.000000,0.000000,0.000000
19.952364,0.000000,0.000000,0.000000,0.000000,0.000000,0.000000
19.962364,0.000000,0.000000,0.000000,0.000000,0.000000,0.000000
19.972364,0.000000,0.000000,0.000000,0.000000,0.000000,0.000000
19.982364,0.000000,0.000000,0.000000,0.000000,0.000000,0.000000
19.992364,0.000000,0.000000,0.000000,0.000000,0.000000,0.000000
20.002364,0.000000,0.000000,0.000000,0.000000,0.000000,0.000000
20.012364,0.000000,0.000000,0.000000,0.000000,0.000000,0.000000
20.022364,0.000000,0.000000,0.000000,0.000000,0.000000,0.000000
20.032364,0.000000,0.000000,0.000000,0.000000,0.000000,0.000000
20.042364,0.000000,0.000000,0.000000,0.000000,0.000000,0.000000
20.052364,0.000000,0.000000,0.000000,0.000000,0.000000,0.000000
20.062364,0.000000,0.000000,0.000000,0.000000,0.000000,0.000000
20.072364,0.000000,0.000000,0.000000,0.000000,0.000000,0.000000
20.082364,0.000000,0.000000,0.000000,0.000000,0.000000,0.000000
20.092364,0.000000,0.000000,0.000000,0.000000,0.000000,0.000000
20.102364,0.000000,0.000000,0.000000,0.000000,0.000000,0.000000
20.112364,0.000000,0.000000,0.000000,0.000000,0.000000,0.000000
20.122364,0.000000,0.000000,0.000000,0.000000,0.000000,0.000000
20.132364,0.000000,0.000000,0.000000,0.000000,0.000000,0.000000
20.142364,0.000000,0.000000,0.000000,0.000000,0.000000,0.000000
20.152364,0.000000,0.000000,0.000000,0.000000,0.000000,0.000000
20.162364,0.000000,0.000000,0.000000,0.000000,0.000000,0.000000
20.172364,0.000000,0.000000,0.000000,0.000000,0.000000,0.000000
20.182364,0.000000,0.000000,0.000000,0.000000,0.000000,0.000000
20.192364,0.000000,0.000000,0.000000,0.000000,0.000000,0.000000
20.202364,0.000000,0.000000,0.000000,0.000000,0.000000,0.000000
20.212364,0.000000,0.000000,0.000000,0.000000,0.000000,0.000000
20.222364,0.000000,0.000000,0.000000,0.000000,0.000000,0.000000
20.232364,0.000000,0.000000,0.000000,0.000000,0.000000,0.000000
20.242364,0.000000,0.000000,0.000000,0.000000,0.000000,0.000000
20.252364,0.000000,0.000000,0.000000,0.000000,0.000000,0.000000
20.262364,0.000000,0.000000,0.000000,0.000000,0.000000,0.000000
20.272364,0.000000,0.000000,0.000000,0.000000,0.000000,0.000000
20.282364,0.000000,0.000000,0.000000,0.000000,0.000000,0.000000
20.292364,0.000000,0.000000,0.000000,0.000000,0.000000,0.000000
20.302364,0.000000,0.000000,0.000000,0.000000,0.000000,0.000000
20.312364,0.000000,0.000000,0.000000,0.000000,0.000000,0.000000
20.322364,0.000000,0.000000,0.000000,0.000000,0.000000,0.000000
20.332364,0.000000,0.000000,0.000000,0.000000,0.000000,0.000000
20.342364,0.000000,0.000000,0.000000,0.000000,0.000000,0.000000
20.352364,0.000000,0.000000,0.000000,0.000000,0.000000,0.000000
20.362364,0.000000,0.000000,0.000000,0.000000,0.000000,0.000000
20.372364,0.000000,0.000000,0.000000,0.000000,0.000000,0.000000
20.382364,0.000000,0.000000,0.000000,0.000000,0.000000,0.000000
20.392364,0.000000,0.000000,0.000000,0.000000,0.000000,0.000000
20.402364,0.000000,0.000000,0.000000,0.000000,0.000000,0.000000
20.412364,0.000000,0.000000,0.000000,0.000000,0.000000,0.000000
20.422364,0.000000,0.000000,0.000000,0.000000,0.000000,0.000000
20.432364,0.000000,0.000000,0.000000,0.000000,0.000000,0.000000
20.442364,0.000000,0.000000,0.000000,0.000000,0.000000,0.000000
20.452364,0.000000,0.000000,0.000000,0.000000,0.000000,0.000000
20.462364,0.000000,0.000000,0.000000,0.000000,0.000000,0.000000
20.472364,0.000000,0.000000,0.000000,0.000000,0.000000,0.000000
20.482364,0.000000,0.000000,0.000000,0.000000,0.000000,0.000000
20.492364,0.000000,0.000000,0.000000,0.000000,0.000000,0.000000
20.502364,0.000000,0.000000,0.000000,0.000000,0.000000,0.000000
