time,x,y,z,alpha
0.031228,0.000000,0.000000,0.000000,0.000000
0.041228,0.000000,0.000000,0.000000,0.000000
0.051228,0.000000,0.000000,0.000000,0.000000
0.061228,0.000000,0.000000,0.000000,0.000000
0.071228,0.000000,0.000000,0.000000,0.000000
0.081228,0.000000,0.000000,0.000000,0.000000
0.091228,0.000000,0.000000,0.000000,0.000000
0.101228,0.000000,0.000000,0.000000,0.000000
0.111228,0.000000,0.000000,0.000000,0.000000
0.121228,0.000000,0.000000,0.000000,0.000000
0.131228,0.000000,0.000000,0.000000,0.000000
0.141228,0.000000,0.000000,0.000000,0.000000
0.151228,0.000000,0.000000,0.000000,0.000000
0.161228,0.000000,0.000000,0.000000,0.000000
0.171228,0.000000,0.000000,0.000000,0.000000
0.181228,0.000000,0.000000,0.000000,0.000000
0.191228,0.000000,0.000000,0.000000,0.000000
0.201228,0.000000,0.000000,0.000000,0.000000
0.211228,0.000000,0.000000,0.000000,0.000000
0.221228,0.000000,0.000000,0.000000,0.000000
0.231228,0.000000,0.000000,0.000000,0.000000
0.241228,0.000000,0.000000,0.000000,0.000000
0.251228,0.000000,0.000000,0.000000,0.000000
0.261228,0.000000,0.000000,0.000000,0.000000
0.271228,0.000000,0.000000,0.000000,0.000000
0.281228,0.000000,0.000000,0.000000,0.000000
0.291228,0.000000,0.000000,0.000000,0.000000
0.301228,0.000000,0.000000,0.000000,0.000000
0.311228,0.000000,0.000000,0.000000,0.000000
0.321228,0.000000,0.000000,0.000000,0.000000
0.331228,0.000000,0.000000,0.000000,0.000000
0.341228,0.000000,0.000000,0.000000,0.000000
0.351228,0.000000,0.000000,0.000000,0.000000
0.361228,0.000000,0.000000,0.000000,0.000000
0.371228,0.000000,0.000000,0.000000,0.000000
0.381228,0.000000,0.000000,0.000000,0.000000
0.391228,0.000000,0.000000,0.000000,0.000000
0.401228,0.000000,0.000000,0.000000,0.000000
0.411228,0.000000,0.000000,0.000000,0.000000
0.421228,0.000000,0.000000,0.000000,0.000000
0.431228,0.000000,0.000000,0.000000,0.000000
0.441228,0.000000,0.000000,0.000000,0.000000
0.451228,0.000000,0.000000,0.000000,0.000000
0.461228,0.000000,0.000000,0.000000,0.000000
0.471228,0.000000,0.000000,0.000000,0.000000
0.481228,0.000000,0.000000,0.000000,0.000000
0.491228,0.000000,0.000000,0.000000,0.000000
0.501228,0.000000,0.000000,0.000000,0.000000
0.511228,0.000000,0.000000,0.000000,0.000000
0.521228,0.000000,0.000000,0.000000,0.000000
0.531228,0.000000,0.000000,0.000000,0.000000
0.541228,0.000000,0.000000,0.000000,0.000000
0.551228,0.000000,0.000000,0.000000,0.000000
0.561228,0.000000,0.000000,0.000000,0.000000
0.571228,0.000000,0.000000,0.000000,0.000000
0.581228,0.000000,0.000000,0.000000,0.000000
0.591228,0.000000,0.000000,0.000000,0.000000
0.601228,0.000000,0.000000,0.000000,0.000000
0.611228,0.000000,0.000000,0.000000,0.000000
0.621228,0.000000,0.000000,0.000000,0.000000
0.631228,0.000000,0.000000,0.000000,0.000000
0.641228,0.000000,0.000000,0.000000,0.000000
0.651228,0.000000,0.000000,0.000000,0.000000
0.661228,0.000000,0.000000,0.000000,0.000000
0.671228,0.000000,0.000000,0.000000,0.000000
0.681228,0.000000,0.000000,0.000000,0.000000
0.691228,0.000000,0.000000,0.000000,0.000000
0.701228,0.000000,0.000000,0.000000,0.000000
0.711228,0.000000,0.000000,0.000000,0.000000
0.721228,0.000000,0.000000,0.000000,0.000000
0.731228,0.000000,0.000000,0.000000,0.000000
0.741228,0.000000,0.000000,0.000000,0.000000
0.751228,0.000000,0.000000,0.000000,0.000000
0.761228,0.000000,0.000000,0.000000,0.000000
0.771228,0.000000,0.000000,0.000000,0.000000
0.781228,0.000000,0.000000,0.000000,0.000000
0.791228,0.000000,0.000000,0.000000,0.000000
0.801228,0.000000,0.000000,0.000000,0.000000
0.811228,0.000000,0.000000,0.000000,0.000000
0.821228,0.000000,0.000000,0.000000,0.000000
0.831228,0.000000,0.000000,0.000000,0.000000
0.841228,0.000000,0.000000,0.000000,0.000000
0.851228,0.000000,0.000000,0.000000,0.000000
0.861228,0.000000,0.000000,0.000000,0.000000
0.871228,0.000000,0.000000,0.000000,0.000000
0.881228,0.000000,0.000000,0.000000,0.000000
0.891228,0.000000,0.000000,0.000000,0.000000
0.901228,0.000000,0.000000,0.000000,0.000000
0.911228,0.000000,0.000000,0.000000,0.000000
0.921228,0.000000,0.000000,0.000000,0.000000
0.931228,0.000000,0.000000,0.000000,0.000000
0.941228,0.000000,0.000000,0.000000,0.000000
0.951228,0.000000,0.000000,0.000000,0.000000
0.961228,0.000000,0.000000,0.000000,0.000000
0.971228,0.000000,0.000000,0.000000,0.000000
0.981228,0.000000,0.000000,0.000000,0.000000
0.991228,0.000000,0.000000,0.000000,0.000000
1.001228,0.000000,0.000000,0.000000,0.000000
1.011228,0.000000,0.000000,0.000000,0.000000
1.021228,0.000000,0.000000,0.000000,0.000000
1.031228,0.000000,0.000000,0.000000,0.000000
1.041228,0.000000,0.000000,0.000000,0.000000
1.051228,0.000000,0.000000,0.000000,0.000000
1.061228,0.000000,0.000000,0.000000,0.000000
1.071228,0.000000,0.000000,0.000000,0.000000
1.081228,0.000000,0.000000,0.000000,0.000000
1.091228,0.000000,0.000000,0.000000,0.000000
1.101228,0.000000,0.000000,0.000000,0.000000
1.111228,0.000000,0.000000,0.000000,0.000000
1.121228,0.000000,0.000000,0.000000,0.000000
1.131228,0.000000,0.000000,0.000000,0.000000
1.141228,0.000000,0.000000,0.000000,0.000000
1.151228,0.000000,0.000000,0.000000,0.000000
1.161228,0.000000,0.000000,0.000000,0.000000
1.171228,0.000000,0.000000,0.000000,0.000000
1.181228,0.000000,0.000000,0.000000,0.000000
1.191228,0.000000,0.000000,0.000000,0.000000
1.201228,0.000000,0.000000,0.000000,0.000000
1.211228,0.000000,0.000000,0.000000,0.000000
1.221228,0.000000,0.000000,0.000000,0.000000
1.231228,0.000000,0.000000,0.000000,0.000000
1.241228,0.000000,0.000000,0.000000,0.000000
1.251228,0.000000,0.000000,0.000000,0.000000
1.261228,0.000000,0.000000,0.000000,0.000000
1.271228,0.000000,0.000000,0.000000,0.000000
1.281228,0.000000,0.000000,0.000000,0.000000
1.291228,0.000000,0.000000,0.000000,0.000000
1.301228,0.000000,0.000000,0.000000,0.000000
1.311228,0.000000,0.000000,0.000000,0.000000
1.321228,0.000000,0.000000,0.000000,0.000000
1.331228,0.000000,0.000000,0.000000,0.000000
1.341228,0.000000,0.000000,0.000000,0.000000
1.351228,0.000000,0.000000,0.000000,0.000000
1.361228,0.000000,0.000000,0.000000,0.000000
1.371228,0.000000,0.000000,0.000000,0.000000
1.381228,0.000000,0.000000,0.000000,0.000000
1.391228,0.000000,0.000000,0.000000,0.000000
1.401228,0.000000,0.000000,0.000000,0.000000
1.411228,0.000000,0.000000,0.000000,0.000000
1.421228,0.000000,0.000000,0.000000,0.000000
1.431228,0.000000,0.000000,0.000000,0.000000
1.441228,0.000000,0.000000,0.000000,0.000000
1.451228,0.000000,0.000000,0.000000,0.000000
1.461228,0.000000,0.000000,0.000000,0.000000
1.471228,0.000000,0.000000,0.000000,0.000000
1.481228,0.000000,0.000000,0.000000,0.000000
1.491228,0.000000,0.000000,0.000000,0.000000
1.501228,0.000000,0.000000,0.000000,0.000000
1.511228,0.000000,0.000000,0.000000,0.000000
1.521228,0.000000,0.000000,0.000000,0.000000
1.531228,0.000000,0.000000,0.000000,0.000000
1.541228,0.000000,0.000000,0.000000,0.000000
1.551228,0.000000,0.000000,0.000000,0.000000
1.561228,0.000000,0.000000,0.000000,0.000000
1.571228,0.000000,0.000000,0.000000,0.000000
1.581228,0.000000,0.000000,0.000000,0.000000
1.591228,0.000000,0.000000,0.000000,0.000000
1.601228,0.000000,0.000000,0.000000,0.000000
1.611228,0.000000,0.000000,0.000000,0.000000
1.621228,0.000000,0.000000,0.000000,0.000000
1.631228,0.000000,0.000000,0.000000,0.000000
1.641228,0.000000,0.000000,0.000000,0.000000
1.651228,0.000000,0.000000,0.000000,0.000000
1.661228,0.000000,0.000000,0.000000,0.000000
1.671228,0.000000,0.000000,0.000000,0.000000
1.681228,0.000000,0.000000,0.000000,0.000000
1.691228,0.000000,0.000000,0.000000,0.000000
1.701228,0.000000,0.000000,0.000000,0.000000
1.711228,0.000000,0.000000,0.000000,0.000000
1.721228,0.000000,0.000000,0.000000,0.000000
1.731228,0.000000,0.000000,0.000000,0.000000
1.741228,0.000000,0.000000,0.000000,0.000000
1.751228,0.000000,0.000000,0.000000,0.000000
1.761228,0.000000,0.000000,0.000000,0.000000
1.771228,0.000000,0.000000,0.000000,0.000000
1.781228,0.000000,0.000000,0.000000,0.000000
1.791228,0.000000,0.000000,0.000000,0.000000
1.801228,0.000000,0.000000,0.000000,0.000000
1.811228,0.000000,0.000000,0.000000,0.000000
1.821228,0.000000,0.000000,0.000000,0.000000
1.831228,0.000000,0.000000,0.000000,0.000000
1.841228,0.000000,0.000000,0.000000,0.000000
1.851228,0.000000,0.000000,0.000000,0.000000
1.861228,0.000000,0.000000,0.000000,0.000000
1.871228,0.000000,0.000000,0.000000,0.000000
1.881228,0.000000,0.000000,0.000000,0.000000
1.891228,0.000000,0.000000,0.000000,0.000000
1.901228,0.000000,0.000000,0.000000,0.000000
1.911228,0.000000,0.000000,0.000000,0.000000
1.921228,0.000000,0.000000,0.000000,0.000000
1.931228,0.000000,0.000000,0.000000,0.000000
1.941228,0.000000,0.000000,0.000000,0.000000
1.951228,0.000000,0.000000,0.000000,0.000000
1.961228,0.000000,0.000000,0.000000,0.000000
1.971228,0.000000,0.000000,0.000000,0.000000
1.981228,0.000000,0.000000,0.000000,0.000000
1.991228,0.000000,0.000000,0.000000,0.000000
2.001228,0.000000,0.000000,0.000000,0.000000
2.011228,0.000000,0.000000,0.000000,0.000000
2.021228,0.000000,0.000000,0.000000,0.000000
2.031228,0.000000,0.000000,0.000000,0.000000
2.041228,0.000000,0.000000,0.000000,0.000000
2.051228,0.000000,0.000000,0.000000,0.000000
2.061228,0.000000,0.000000,0.000000,0.000000
2.071228,0.000000,0.000000,0.000000,0.000000
2.081228,0.000000,0.000000,0.000000,0.000000
2.091228,0.000000,0.000000,0.000000,0.000000
2.101228,0.000000,0.000000,0.000000,0.000000
2.111228,0.000000,0.000000,0.000000,0.000000
2.121228,0.000000,0.000000,0.000000,0.000000
2.131228,0.000000,0.000000,0.000000,0.000000
2.141228,0.000000,0.000000,0.000000,0.000000
2.151228,0.000000,0.000000,0.000000,0.000000
2.161228,0.000000,0.000000,0.000000,0.000000
2.171228,0.000000,0.000000,0.000000,0.000000
2.181228,0.000000,0.000000,0.000000,0.000000
2.191228,0.000000,0.000000,0.000000,0.000000
2.201228,0.000000,0.000000,0.000000,0.000000
2.211228,0.000000,0.000000,0.000000,0.000000
2.221228,0.000000,0.000000,0.000000,0.000000
2.231228,0.000000,0.000000,0.000000,0.000000
2.241228,0.000000,0.000000,0.000000,0.000000
2.251228,0.000000,0.000000,0.000000,0.000000
2.261228,0.000000,0.000000,0.000000,0.000000
2.271228,0.000000,0.000000,0.000000,0.000000
2.281228,0.000000,0.000000,0.000000,0.000000
2.291228,0.000000,0.000000,0.000000,0.000000
2.301228,0.000000,0.000000,0.000000,0.000000
2.311228,0.000000,0.000000,0.000000,0.000000
2.321228,0.000000,0.000000,0.000000,0.000000
2.331228,0.000000,0.000000,0.000000,0.000000
2.341228,0.000000,0.000000,0.000000,0.000000
2.351228,0.000000,0.000000,0.000000,0.000000
2.361228,0.000000,0.000000,0.000000,0.000000
2.371228,0.000000,0.000000,0.000000,0.000000
2.381228,0.000000,0.000000,0.000000,0.000000
2.391228,0.000000,0.000000,0.000000,0.000000
2.401228,0.000000,0.000000,0.000000,0.000000
2.411228,0.000000,0.000000,0.000000,0.000000
2.421228,0.000000,0.000000,0.000000,0.000000
2.431228,0.000000,0.000000,0.000000,0.000000
2.441228,0.000000,0.000000,0.000000,0.000000
2.451228,0.000000,0.000000,0.000000,0.000000
2.461228,0.000000,0.000000,0.000000,0.000000
2.471228,0.000000,0.000000,0.000000,0.000000
2.481228,0.000000,0.000000,0.000000,0.000000
2.491228,0.000000,0.000000,0.000000,0.000000
2.501228,0.000000,0.000000,0.000000,0.000000
2.511228,0.000000,0.000000,0.000000,0.000000
2.521228,0.000000,0.000000,0.000000,0.000000
2.531228,0.000000,0.000000,0.000000,0.000000
2.541228,0.000000,0.000000,0.000000,0.000000
2.551228,0.000000,0.000000,0.000000,0.000000
2.561228,0.000000,0.000000,0.000000,0.000000
2.571228,0.000000,0.000000,0.000000,0.000000
2.581228,0.000000,0.000000,0.000000,0.000000
2.591228,0.000000,0.000000,0.000000,0.000000
2.601228,0.000000,0.000000,0.000000,0.000000
2.611228,0.000000,0.000000,0.000000,0.000000
2.621228,0.000000,0.000000,0.000000,0.000000
2.631228,0.000000,0.000000,0.000000,0.000000
2.641228,0.000000,0.000000,0.000000,0.000000
2.651228,0.000000,0.000000,0.000000,0.000000
2.661228,0.000000,0.000000,0.000000,0.000000
2.671228,0.000000,0.000000,0.000000,0.000000
2.681228,0.000000,0.000000,0.000000,0.000000
2.691228,0.000000,0.000000,0.000000,0.000000
2.701228,0.000000,0.000000,0.000000,0.000000
2.711228,0.000000,0.000000,0.000000,0.000000
2.721228,0.000000,0.000000,0.000000,0.000000
2.731228,0.000000,0.000000,0.000000,0.000000
2.741228,0.000000,0.000000,0.000000,0.000000
2.751228,0.000000,0.000000,0.000000,0.000000
2.761228,0.000000,0.000000,0.000000,0.000000
2.771228,0.000000,0.000000,0.000000,0.000000
2.781228,0.000000,0.000000,0.000000,0.000000
2.791228,0.000000,0.000000,0.000000,0.000000
2.801228,0.000000,0.000000,0.000000,0.000000
2.811228,0.000000,0.000000,0.000000,0.000000
2.821228,0.000000,0.000000,0.000000,0.000000
2.831228,0.000000,0.000000,0.000000,0.000000
2.841228,0.000000,0.000000,0.000000,0.000000
2.851228,0.000000,0.000000,0.000000,0.000000
2.861228,0.000000,0.000000,0.000000,0.000000
2.871228,0.000000,0.000000,0.000000,0.000000
2.881228,0.000000,0.000000,0.000000,0.000000
2.891228,0.000000,0.000000,0.000000,0.000000
2.901228,0.000000,0.000000,0.000000,0.000000
2.911228,0.000000,0.000000,0.000000,0.000000
2.921228,0.000000,0.000000,0.000000,0.000000
2.931228,0.000000,0.000000,0.000000,0.000000
2.941228,0.000000,0.000000,0.000000,0.000000
2.951228,0.000000,0.000000,0.000000,0.000000
2.961228,0.000000,0.000000,0.000000,0.000000
2.971228,0.000000,0.000000,0.000000,0.000000
2.981228,0.000000,0.000000,0.000000,0.000000
2.991228,0.000000,0.000000,0.000000,0.000000
3.001228,0.000000,0.000000,0.000000,0.000000
3.011228,0.000000,0.000000,0.000000,0.000000
3.021228,0.000000,0.000000,0.000000,0.000000
3.031228,0.000000,0.000000,0.000000,0.000000
3.041228,0.000000,0.000000,0.000000,0.000000
3.051228,0.000000,0.000000,0.000000,0.000000
3.061228,0.000000,0.000000,0.000000,0.000000
3.071228,0.000000,0.000000,0.000000,0.000000
3.081228,0.000000,0.000000,0.000000,0.000000
3.091228,0.000000,0.000000,0.000000,0.000000
3.101228,0.000000,0.000000,0.000000,0.000000
3.111228,0.000000,0.000000,0.000000,0.000000
3.121228,0.000000,0.000000,0.000000,0.000000
3.131228,0.000000,0.000000,0.000000,0.000000
3.141228,0.000000,0.000000,0.000000,0.000000
3.151228,0.000000,0.000000,0.000000,0.000000
3.161228,0.000000,0.000000,0.000000,0.000000
3.171228,0.000000,0.000000,0.000000,0.000000
3.181228,0.000000,0.000000,0.000000,0.000000
3.191228,0.000000,0.000000,0.000000,0.000000
3.201228,0.000000,0.000000,0.000000,0.000000
3.211228,0.000000,0.000000,0.000000,0.000000
3.221228,0.000000,0.000000,0.000000,0.000000
3.231228,0.000000,0.000000,0.000000,0.000000
3.241228,0.000000,0.000000,0.000000,0.000000
3.251228,0.000000,0.000000,0.000000,0.000000
3.261228,0.000000,0.000000,0.000000,0.000000
3.271228,0.000000,0.000000,0.000000,0.000000
3.281228,0.000000,0.000000,0.000000,0.000000
3.291228,0.000000,0.000000,0.000000,0.000000
3.301228,0.000000,0.000000,0.000000,0.000000
3.311228,0.000000,0.000000,0.000000,0.000000
3.321228,0.000000,0.000000,0.000000,0.000000
3.331228,0.000000,0.000000,0.000000,0.000000
3.341228,0.000000,0.000000,0.000000,0.000000
3.351228,0.000000,0.000000,0.000000,0.000000
3.361228,0.000000,0.000000,0.000000,0.000000
3.371228,0.000000,0.000000,0.000000,0.000000
3.381228,0.000000,0.000000,0.000000,0.000000
3.391228,0.000000,0.000000,0.000000,0.000000
3.401228,0.000000,0.000000,0.000000,0.000000
3.411228,0.000000,0.000000,0.000000,0.000000
3.421228,0.000000,0.000000,0.000000,0.000000
3.431228,0.000000,0.000000,0.000000,0.000000
3.441228,0.000000,0.000000,0.000000,0.000000
3.451228,0.000000,0.000000,0.000000,0.000000
3.461228,0.000000,0.000000,0.000000,0.000000
3.471228,0.000000,0.000000,0.000000,0.000000
3.481228,0.000000,0.000000,0.000000,0.000000
3.491228,0.000000,0.000000,0.000000,0.000000
3.501228,0.000000,0.000000,0.000000,0.000000
3.511228,0.000000,0.000000,0.000000,0.000000
3.521228,0.000000,0.000000,0.000000,0.000000
3.531228,0.000000,0.000000,0.000000,0.000000
3.541228,0.000000,0.000000,0.000000,0.000000
3.551228,0.000000,0.000000,0.000000,0.000000
3.561228,0.000000,0.000000,0.000000,0.000000
3.571228,0.000000,0.000000,0.000000,0.000000
3.581228,0.000000,0.000000,0.000000,0.000000
3.591228,0.000000,0.000000,0.000000,0.000000
3.601228,0.000000,0.000000,0.000000,0.000000
3.611228,0.000000,0.000000,0.000000,0.000000
3.621228,0.000000,0.000000,0.000000,0.000000
3.631228,0.000000,0.000000,0.000000,0.000000
3.641228,0.000000,0.000000,0.000000,0.000000
3.651228,0.000000,0.000000,0.000000,0.000000
3.661228,0.000000,0.000000,0.000000,0.000000
3.671228,0.000000,0.000000,0.000000,0.000000
3.681228,0.000000,0.000000,0.000000,0.000000
3.691228,0.000000,0.000000,0.000000,0.000000
3.701228,0.000000,0.000000,0.000000,0.000000
3.711228,0.000000,0.000000,0.000000,0.000000
3.721228,0.000000,0.000000,0.000000,0.000000
3.731228,0.000000,0.000000,0.000000,0.000000
3.741228,0.000000,0.000000,0.000000,0.000000
3.751228,0.000000,0.000000,0.000000,0.000000
3.761228,0.000000,0.000000,0.000000,0.000000
3.771228,0.000000,0.000000,0.000000,0.000000
3.781228,0.000000,0.000000,0.000000,0.000000
3.791228,0.000000,0.000000,0.000000,0.000000
3.801228,0.000000,0.000000,0.000000,0.000000
3.811228,0.000000,0.000000,0.000000,0.000000
3.821228,0.000000,0.000000,0.000000,0.000000
3.831228,0.000000,0.000000,0.000000,0.000000
3.841228,0.000000,0.000000,0.000000,0.000000
3.851228,0.000000,0.000000,0.000000,0.000000
3.861228,0.000000,0.000000,0.000000,0.000000
3.871228,0.000000,0.000000,0.000000,0.000000
3.881228,0.000000,0.000000,0.000000,0.000000
3.891228,0.000000,0.000000,0.000000,0.000000
3.901228,0.000000,0.000000,0.000000,0.000000
3.911228,0.000000,0.000000,0.000000,0.000000
3.921228,0.000000,0.000000,0.000000,0.000000
3.931228,0.000000,0.000000,0.000000,0.000000
3.941228,0.000000,0.000000,0.000000,0.000000
3.951228,0.000000,0.000000,0.000000,0.000000
3.961228,0.000000,0.000000,0.000000,0.000000
3.971228,0.000000,0.000000,0.000000,0.000000
3.981228,0.000000,0.000000,0.000000,0.000000
3.991228,0.000000,0.000000,0.000000,0.000000
4.001228,0.000000,0.000000,0.000000,0.000000
4.011228,0.000000,0.000000,0.000000,0.000000
4.021228,0.000000,0.000000,0.000000,0.000000
4.031228,0.000000,0.000000,0.000000,0.000000
4.041228,0.000000,0.000000,0.000000,0.000000
4.051228,0.000000,0.000000,0.000000,0.000000
4.061228,0.000000,0.000000,0.000000,0.000000
4.071228,0.000000,0.000000,0.000000,0.000000
4.081228,0.000000,0.000000,0.000000,0.000000
4.091228,0.000000,0.000000,0.000000,0.000000
4.101228,0.000000,0.000000,0.000000,0.000000
4.111228,0.000000,0.000000,0.000000,0.000000
4.121228,0.000000,0.000000,0.000000,0.000000
4.131228,0.000000,0.000000,0.000000,0.000000
4.141228,0.000000,0.000000,0.000000,0.000000
4.151228,0.000000,0.000000,0.000000,0.000000
4.161228,0.000000,0.000000,0.000000,0.000000
4.171228,0.000000,0.000000,0.000000,0.000000
4.181228,0.000000,0.000000,0.000000,0.000000
4.191228,0.000000,0.000000,0.000000,0.000000
4.201228,0.000000,0.000000,0.000000,0.000000
4.211228,0.000000,0.000000,0.000000,0.000000
4.221228,0.000000,0.000000,0.000000,0.000000
4.231228,0.000000,0.000000,0.000000,0.000000
4.241228,0.000000,0.000000,0.000000,0.000000
4.251228,0.000000,0.000000,0.000000,0.000000
4.261228,0.000000,0.000000,0.000000,0.000000
4.271228,0.000000,0.000000,0.000000,0.000000
4.281228,0.000000,0.000000,0.000000,0.000000
4.291228,0.000000,0.000000,0.000000,0.000000
4.301228,0.000000,0.000000,0.000000,0.000000
4.311228,0.000000,0.000000,0.000000,0.000000
4.321228,0.000000,0.000000,0.000000,0.000000
4.331228,0.000000,0.000000,0.000000,0.000000
4.341228,0.000000,0.000000,0.000000,0.000000
4.351228,0.000000,0.000000,0.000000,0.000000
4.361228,0.000000,0.000000,0.000000,0.000000
4.371228,0.000000,0.000000,0.000000,0.000000
4.381228,0.000000,0.000000,0.000000,0.000000
4.391228,0.000000,0.000000,0.000000,0.000000
4.401228,0.000000,0.000000,0.000000,0.000000
4.411228,0.000000,0.000000,0.000000,0.000000
4.421228,0.000000,0.000000,0.000000,0.000000
4.431228,0.000000,0.000000,0.000000,0.000000
4.441228,0.000000,0.000000,0.000000,0.000000
4.451228,0.000000,0.000000,0.000000,0.000000
4.461228,0.000000,0.000000,0.000000,0.000000
4.471228,0.000000,0.000000,0.000000,0.000000
4.481228,0.000000,0.000000,0.000000,0.000000
4.491228,0.000000,0.000000,0.000000,0.000000
4.501228,0.000000,0.000000,0.000000,0.000000
4.511228,0.000000,0.000000,0.000000,0.000000
4.521228,0.000000,0.000000,0.000000,0.000000
4.531228,0.000000,0.000000,0.000000,0.000000
4.541228,0.000000,0.000000,0.000000,0.000000
4.551228,0.000000,0.000000,0.000000,0.000000
4.561228,0.000000,0.000000,0.000000,0.000000
4.571228,0.000000,0.000000,0.000000,0.000000
4.581228,0.000000,0.000000,0.000000,0.000000
4.591228,0.000000,0.000000,0.000000,0.000000
4.601228,0.000000,0.000000,0.000000,0.000000
4.611228,0.000000,0.000000,0.000000,0.000000
4.621228,0.000000,0.000000,0.000000,0.000000
4.631228,0.000000,0.000000,0.000000,0.000000
4.641228,0.000000,0.000000,0.000000,0.000000
4.651228,0.000000,0.000000,0.000000,0.000000
4.661228,0.000000,0.000000,0.000000,0.000000
4.671228,0.000000,0.000000,0.000000,0.000000
4.681228,0.000000,0.000000,0.000000,0.000000
4.691228,0.000000,0.000000,0.000000,0.000000
4.701228,0.000000,0.000000,0.000000,0.000000
4.711228,0.000000,0.000000,0.000000,0.000000
4.721228,0.000000,0.000000,0.000000,0.000000
4.731228,0.000000,0.000000,0.000000,0.000000
4.741228,0.000000,0.000000,0.000000,0.000000
4.751228,0.000000,0.000000,0.000000,0.000000
4.761228,0.000000,0.000000,0.000000,0.000000
4.771228,0.000000,0.000000,0.000000,0.000000
4.781228,0.000000,0.000000,0.000000,0.000000
4.791228,0.000000,0.000000,0.000000,0.000000
4.801228,0.000000,0.000000,0.000000,0.000000
4.811228,0.000000,0.000000,0.000000,0.000000
4.821228,0.000000,0.000000,0.000000,0.000000
4.831228,0.000000,0.000000,0.000000,0.000000
4.841228,0.000000,0.000000,0.000000,0.000000
4.851228,0.000000,0.000000,0.000000,0.000000
4.861228,0.000000,0.000000,0.000000,0.000000
4.871228,0.000000,0.000000,0.000000,0.000000
4.881228,0.000000,0.000000,0.000000,0.000000
4.891228,0.000000,0.000000,0.000000,0.000000
4.901228,0.000000,0.000000,0.000000,0.000000
4.911228,0.000000,0.000000,0.000000,0.000000
4.921228,0.000000,0.000000,0.000000,0.000000
4.931228,0.000000,0.000000,0.000000,0.000000
4.941228,0.000000,0.000000,0.000000,0.000000
4.951228,0.000000,0.000000,0.000000,0.000000
4.961228,0.000000,0.000000,0.000000,0.000000
4.971228,0.000000,0.000000,0.000000,0.000000
4.981228,0.000000,0.000000,0.000000,0.000000
4.991228,0.000000,0.000000,0.000000,0.000000
5.001228,0.000000,0.000000,0.000000,0.000000
5.011228,-170437611690033670494111666274304.000000,0.000000,0.000000,0.000000
5.021228,-170437611690033670494111666274304.000000,0.000000,0.000000,0.000000
5.031228,-170437611690033670494111666274304.000000,0.000000,0.000000,0.000000
5.041228,-682424285298176193022207369150464.000000,0.000000,0.000000,0.000000
5.051228,-682424285298176193022207369150464.000000,0.000000,0.000000,0.000000
5.061228,-682424285298176193022207369150464.000000,0.000000,0.000000,0.000000
5.071228,-1194711716507656714300400536125440.000000,0.000000,0.000000,0.000000
5.081228,-1194711716507656714300400536125440.000000,0.000000,0.000000,0.000000
5.091228,-1194711716507656714300400536125440.000000,0.000000,0.000000,0.000000
5.101228,-1706816458939632193568331154849792.000000,0.000000,0.000000,0.000000
5.111228,-1706816458939632193568331154849792.000000,0.000000,0.000000,0.000000
5.121228,-1706816458939632193568331154849792.000000,0.000000,0.000000,0.000000
5.131228,-2220654634723294327105111300505600.000000,0.000000,0.000000,0.000000
5.141228,-2220654634723294327105111300505600.000000,0.000000,0.000000,0.000000
5.151228,-2220654634723294327105111300505600.000000,0.000000,0.000000,0.000000
5.161228,-2560886029046782432483494934347776.000000,0.000000,0.000000,0.000000
5.171228,-2560886029046782432483494934347776.000000,0.000000,0.000000,0.000000
5.181228,-3075214297270647045108472446189568.000000,0.000000,0.000000,0.000000
5.191228,-3075214297270647045108472446189568.000000,0.000000,0.000000,0.000000
5.201228,-3075214297270647045108472446189568.000000,0.000000,0.000000,0.000000
5.211228,-3587666628447898755129939410812928.000000,0.000000,0.000000,0.000000
5.221228,-3587666628447898755129939410812928.000000,0.000000,0.000000,0.000000
5.231228,-3587666628447898755129939410812928.000000,0.000000,0.000000,0.000000
5.241228,-4099009101677007529642642064277504.000000,0.000000,0.000000,0.000000
5.251228,-4099009101677007529642642064277504.000000,0.000000,0.000000,0.000000
5.261228,-4099009101677007529642642064277504.000000,0.000000,0.000000,0.000000
5.271228,-4442056895940359779972450527215616.000000,0.000000,0.000000,0.000000
5.281228,-4442056895940359779972450527215616.000000,0.000000,0.000000,0.000000
5.291228,-4953713830629915345184469934931968.000000,0.000000,0.000000,0.000000
5.301228,-4953713830629915345184469934931968.000000,0.000000,0.000000,0.000000
5.311228,-4953713830629915345184469934931968.000000,0.000000,0.000000,0.000000
5.321228,-5467670830680523501120041236037632.000000,0.000000,0.000000,0.000000
5.331228,-5467670830680523501120041236037632.000000,0.000000,0.000000,0.000000
5.341228,-5467670830680523501120041236037632.000000,0.000000,0.000000,0.000000
5.351228,-5809666376690648443021821992763392.000000,0.000000,0.000000,0.000000
5.361228,-5809666376690648443021821992763392.000000,0.000000,0.000000,0.000000
5.371228,-6320694866831629411405659413413888.000000,0.000000,0.000000,0.000000
5.381228,-6320694866831629411405659413413888.000000,0.000000,0.000000,0.000000
5.391228,-6320694866831629411405659413413888.000000,0.000000,0.000000,0.000000
5.401228,-6837037731735539601710130061639680.000000,0.000000,0.000000,0.000000
5.411228,-6837037731735539601710130061639680.000000,0.000000,0.000000,0.000000
5.421228,-6837037731735539601710130061639680.000000,0.000000,0.000000,0.000000
5.431228,-7344585106515511449133694570201088.000000,0.000000,0.000000,0.000000
5.441228,-7344585106515511449133694570201088.000000,0.000000,0.000000,0.000000
5.451228,-7344585106515511449133694570201088.000000,0.000000,0.000000,0.000000
5.461228,-7856680281502900029932258407219200.000000,0.000000,0.000000,0.000000
5.471228,-7856680281502900029932258407219200.000000,0.000000,0.000000,0.000000
5.481228,-7856680281502900029932258407219200.000000,0.000000,0.000000,0.000000
5.491228,-8370147342875837138369135933128704.000000,0.000000,0.000000,0.000000
5.501228,-8370147342875837138369135933128704.000000,0.000000,0.000000,0.000000
5.511228,-8370147342875837138369135933128704.000000,0.000000,0.000000,0.000000
5.521228,-8883794118477961382159654324273152.000000,0.000000,0.000000,0.000000
5.531228,-8883794118477961382159654324273152.000000,0.000000,0.000000,0.000000
5.541228,-8883794118477961382159654324273152.000000,0.000000,0.000000,0.000000
5.551228,-9224010051124728996438159390670848.000000,0.000000,0.000000,0.000000
5.561228,-9224010051124728996438159390670848.000000,0.000000,0.000000,0.000000
5.571228,-9737670579931007329267342223867904.000000,0.000000,0.000000,0.000000
5.581228,-9737670579931007329267342223867904.000000,0.000000,0.000000,0.000000
5.591228,-9737670579931007329267342223867904.000000,0.000000,0.000000,0.000000
5.601228,-10249929546183271718315671406247936.000000,0.000000,0.000000,0.000000
5.611228,-10249929546183271718315671406247936.000000,0.000000,0.000000,0.000000
5.621228,-10249929546183271718315671406247936.000000,0.000000,0.000000,0.000000
5.631228,-10590874791598894093214359736025088.000000,0.000000,0.000000,0.000000
5.641228,-10590874791598894093214359736025088.000000,0.000000,0.000000,0.000000
5.651228,-11103421515885401326593067026743296.000000,0.000000,0.000000,0.000000
5.661228,-11103421515885401326593067026743296.000000,0.000000,0.000000,0.000000
5.671228,-11103421515885401326593067026743296.000000,0.000000,0.000000,0.000000
5.681228,-11448186854703798749349370325368832.000000,0.000000,0.000000,0.000000
5.691228,-11448186854703798749349370325368832.000000,0.000000,0.000000,0.000000
5.701228,-11788042043368313155969595067072512.000000,0.000000,0.000000,0.000000
5.711228,-11788042043368313155969595067072512.000000,0.000000,0.000000,0.000000
5.721228,-12470606970829601899098555457470464.000000,0.000000,0.000000,0.000000
5.731228,-12470606970829601899098555457470464.000000,0.000000,0.000000,0.000000
5.741228,-12470606970829601899098555457470464.000000,0.000000,0.000000,0.000000
5.751228,-12470606970829601899098555457470464.000000,0.000000,0.000000,0.000000
5.761228,-12983629966013255304554518857908224.000000,0.000000,0.000000,0.000000
5.771228,-12983629966013255304554518857908224.000000,0.000000,0.000000,0.000000
5.781228,-12983629966013255304554518857908224.000000,0.000000,0.000000,0.000000
5.791228,-13324360883545507885888273679122432.000000,0.000000,0.000000,0.000000
5.801228,-13324360883545507885888273679122432.000000,0.000000,0.000000,0.000000
5.811228,-13837902434322308764729161765879808.000000,0.000000,0.000000,0.000000
5.821228,-13837902434322308764729161765879808.000000,0.000000,0.000000,0.000000
5.831228,-13837902434322308764729161765879808.000000,0.000000,0.000000,0.000000
5.841228,-14179044290760795143331971789225984.000000,0.000000,0.000000,0.000000
5.851228,-14179044290760795143331971789225984.000000,0.000000,0.000000,0.000000
5.861228,-14692448839122553373909259953111040.000000,0.000000,0.000000,0.000000
5.871228,-14692448839122553373909259953111040.000000,0.000000,0.000000,0.000000
5.881228,-14692448839122553373909259953111040.000000,0.000000,0.000000,0.000000
5.891228,-15204470122671472879791611507113984.000000,0.000000,0.000000,0.000000
5.901228,-15204470122671472879791611507113984.000000,0.000000,0.000000,0.000000
5.911228,-15204470122671472879791611507113984.000000,0.000000,0.000000,0.000000
5.921228,-15716595588877450297247720456323072.000000,0.000000,0.000000,0.000000
5.931228,-15716595588877450297247720456323072.000000,0.000000,0.000000,0.000000
5.941228,-15716595588877450297247720456323072.000000,0.000000,0.000000,0.000000
5.951228,-16058494554933436058542852150394880.000000,0.000000,0.000000,0.000000
5.961228,-16058494554933436058542852150394880.000000,0.000000,0.000000,0.000000
5.971228,-16572511966573967495784326246694912.000000,0.000000,0.000000,0.000000
5.981228,-16572511966573967495784326246694912.000000,0.000000,0.000000,0.000000
5.991228,-16572511966573967495784326246694912.000000,0.000000,0.000000,0.000000
6.001228,-17084602767871587609162568003747840.000000,0.000000,0.000000,0.000000
6.011228,-17084602767871587609162568003747840.000000,0.000000,0.000000,0.000000
6.021228,-17084602767871587609162568003747840.000000,0.000000,0.000000,0.000000
6.031228,-17595502405011662404028128349388800.000000,0.000000,0.000000,0.000000
6.041228,-17595502405011662404028128349388800.000000,0.000000,0.000000,0.000000
6.051228,-17595502405011662404028128349388800.000000,0.000000,0.000000,0.000000
6.061228,-18110296676212552968864897987248128.000000,0.000000,0.000000,0.000000
6.071228,-18110296676212552968864897987248128.000000,0.000000,0.000000,0.000000
6.081228,-18110296676212552968864897987248128.000000,0.000000,0.000000,0.000000
6.091228,-18624946649820542711806957337968640.000000,0.000000,0.000000,0.000000
6.101228,-18624946649820542711806957337968640.000000,0.000000,0.000000,0.000000
6.111228,-18624946649820542711806957337968640.000000,0.000000,0.000000,0.000000
6.121228,-19133923076478111414826011329560576.000000,0.000000,0.000000,0.000000
6.131228,-19133923076478111414826011329560576.000000,0.000000,0.000000,0.000000
6.141228,-19133923076478111414826011329560576.000000,0.000000,0.000000,0.000000
6.151228,-19818087988497195528616567197663232.000000,0.000000,0.000000,0.000000
6.161228,-19818087988497195528616567197663232.000000,0.000000,0.000000,0.000000
6.171228,-19818087988497195528616567197663232.000000,0.000000,0.000000,0.000000
6.181228,-19818087988497195528616567197663232.000000,0.000000,0.000000,0.000000
6.191228,-20157943450517321112968908410716160.000000,0.000000,0.000000,0.000000
6.201228,-20157943450517321112968908410716160.000000,0.000000,0.000000,0.000000
6.211228,-20670845930046190818992073402744832.000000,0.000000,0.000000,0.000000
6.221228,-20670845930046190818992073402744832.000000,0.000000,0.000000,0.000000
6.231228,-20670845930046190818992073402744832.000000,0.000000,0.000000,0.000000
6.241228,-21183913379686003916742421064450048.000000,0.000000,0.000000,0.000000
6.251228,-21183913379686003916742421064450048.000000,0.000000,0.000000,0.000000
6.261228,-21183913379686003916742421064450048.000000,0.000000,0.000000,0.000000
6.271228,-21696477752494115874931167962595328.000000,0.000000,0.000000,0.000000
6.281228,-21696477752494115874931167962595328.000000,0.000000,0.000000,0.000000
6.291228,-21696477752494115874931167962595328.000000,0.000000,0.000000,0.000000
6.301228,-22208804117989095973433741605339136.000000,0.000000,0.000000,0.000000
6.311228,-22208804117989095973433741605339136.000000,0.000000,0.000000,0.000000
6.321228,-22208804117989095973433741605339136.000000,0.000000,0.000000,0.000000
6.331228,-22721481164562918019488971246010368.000000,0.000000,0.000000,0.000000
6.341228,-22721481164562918019488971246010368.000000,0.000000,0.000000,0.000000
6.351228,-22721481164562918019488971246010368.000000,0.000000,0.000000,0.000000
6.361228,-23234304234286930826380561440833536.000000,0.000000,0.000000,0.000000
6.371228,-23234304234286930826380561440833536.000000,0.000000,0.000000,0.000000
6.381228,-23234304234286930826380561440833536.000000,0.000000,0.000000,0.000000
6.391228,-23747974996843879999471326760796160.000000,0.000000,0.000000,0.000000
6.401228,-23747974996843879999471326760796160.000000,0.000000,0.000000,0.000000
6.411228,-23747974996843879999471326760796160.000000,0.000000,0.000000,0.000000
6.421228,-24089603392099633922938361484410880.000000,0.000000,0.000000,0.000000
6.431228,-24089603392099633922938361484410880.000000,0.000000,0.000000,0.000000
6.441228,-24601316791807484605514572456001536.000000,0.000000,0.000000,0.000000
6.451228,-24601316791807484605514572456001536.000000,0.000000,0.000000,0.000000
6.461228,-24601316791807484605514572456001536.000000,0.000000,0.000000,0.000000
6.471228,-25113464570665171659195852615843840.000000,0.000000,0.000000,0.000000
6.481228,-25113464570665171659195852615843840.000000,0.000000,0.000000,0.000000
6.491228,-25113464570665171659195852615843840.000000,0.000000,0.000000,0.000000
6.501228,-25796786334388353218971036633006080.000000,0.000000,0.000000,0.000000
6.511228,-25796786334388353218971036633006080.000000,0.000000,0.000000,0.000000
6.521228,-25796786334388353218971036633006080.000000,0.000000,0.000000,0.000000
6.531228,-25796786334388353218971036633006080.000000,0.000000,0.000000,0.000000
6.541228,-26310680599326347694563733559836672.000000,0.000000,0.000000,0.000000
6.551228,-26310680599326347694563733559836672.000000,0.000000,0.000000,0.000000
6.561228,-26310680599326347694563733559836672.000000,0.000000,0.000000,0.000000
6.571228,-26821221200956732801528466189058048.000000,0.000000,0.000000,0.000000
6.581228,-26821221200956732801528466189058048.000000,0.000000,0.000000,0.000000
6.591228,-26821221200956732801528466189058048.000000,0.000000,0.000000,0.000000
6.601228,-27165376205035751764731376363896832.000000,0.000000,0.000000,0.000000
6.611228,-27165376205035751764731376363896832.000000,0.000000,0.000000,0.000000
6.621228,-27675933225087494755476138300014592.000000,0.000000,0.000000,0.000000
6.631228,-27675933225087494755476138300014592.000000,0.000000,0.000000,0.000000
6.641228,-27675933225087494755476138300014592.000000,0.000000,0.000000,0.000000
6.651228,-28188190909985336504706378026188800.000000,0.000000,0.000000,0.000000
6.661228,-28188190909985336504706378026188800.000000,0.000000,0.000000,0.000000
6.671228,-28188190909985336504706378026188800.000000,0.000000,0.000000,0.000000
6.681228,-28703403927812086251696141641973760.000000,0.000000,0.000000,0.000000
6.691228,-28703403927812086251696141641973760.000000,0.000000,0.000000,0.000000
6.701228,-28703403927812086251696141641973760.000000,0.000000,0.000000,0.000000
6.711228,-29216240989926416098676135860109312.000000,0.000000,0.000000,0.000000
6.721228,-29216240989926416098676135860109312.000000,0.000000,0.000000,0.000000
6.731228,-29216240989926416098676135860109312.000000,0.000000,0.000000,0.000000
6.741228,-29730101051243645835577219457482752.000000,0.000000,0.000000,0.000000
6.751228,-29730101051243645835577219457482752.000000,0.000000,0.000000,0.000000
6.761228,-29730101051243645835577219457482752.000000,0.000000,0.000000,0.000000
6.771228,-30238847859188383257626667229642752.000000,0.000000,0.000000,0.000000
6.781228,-30238847859188383257626667229642752.000000,0.000000,0.000000,0.000000
6.791228,-30238847859188383257626667229642752.000000,0.000000,0.000000,0.000000
6.801228,-30580418166376899110678000006332416.000000,0.000000,0.000000,0.000000
6.811228,-30580418166376899110678000006332416.000000,0.000000,0.000000,0.000000
6.821228,-31093078692021009369534032815063040.000000,0.000000,0.000000,0.000000
6.831228,-31093078692021009369534032815063040.000000,0.000000,0.000000,0.000000
6.841228,-31093078692021009369534032815063040.000000,0.000000,0.000000,0.000000
6.851228,-31607413520779527259750245750276096.000000,0.000000,0.000000,0.000000
6.861228,-31607413520779527259750245750276096.000000,0.000000,0.000000,0.000000
6.871228,-31607413520779527259750245750276096.000000,0.000000,0.000000,0.000000
6.881228,-31949389163084262754541805955448832.000000,0.000000,0.000000,0.000000
6.891228,-31949389163084262754541805955448832.000000,0.000000,0.000000,0.000000
6.901228,-32459462890416559542921105973968896.000000,0.000000,0.000000,0.000000
6.911228,-32459462890416559542921105973968896.000000,0.000000,0.000000,0.000000
6.921228,-32459462890416559542921105973968896.000000,0.000000,0.000000,0.000000
6.931228,-32973563010400987237116683418075136.000000,0.000000,0.000000,0.000000
6.941228,-32973563010400987237116683418075136.000000,0.000000,0.000000,0.000000
6.951228,-32973563010400987237116683418075136.000000,0.000000,0.000000,0.000000
6.961228,-33315206528401669269656241784750080.000000,0.000000,0.000000,0.000000
6.971228,-33315206528401669269656241784750080.000000,0.000000,0.000000,0.000000
6.981228,-34003519555774552980523195966685184.000000,0.000000,0.000000,0.000000
6.991228,-34003519555774552980523195966685184.000000,0.000000,0.000000,0.000000
7.001228,-34003519555774552980523195966685184.000000,0.000000,0.000000,0.000000
7.011228,-34003519555774552980523195966685184.000000,0.000000,0.000000,0.000000
7.021228,-34353775184579573802026488328880128.000000,0.000000,0.000000,0.000000
7.031228,-34353775184579573802026488328880128.000000,0.000000,0.000000,0.000000
7.041228,-34353775184579573802026488328880128.000000,0.000000,0.000000,0.000000
7.051228,-34529627480276651533677333101674496.000000,0.000000,0.000000,0.000000
7.061228,-34529627480276651533677333101674496.000000,0.000000,0.000000,0.000000
7.071228,-34793900502029848386847144773943296.000000,0.000000,0.000000,0.000000
7.081228,-34793900502029848386847144773943296.000000,0.000000,0.000000,0.000000
7.091228,-34793900502029848386847144773943296.000000,0.000000,0.000000,0.000000
7.101228,-35058432154538245787264688244916224.000000,0.000000,0.000000,0.000000
7.111228,-35058432154538245787264688244916224.000000,0.000000,0.000000,0.000000
7.121228,-35058432154538245787264688244916224.000000,0.000000,0.000000,0.000000
7.131228,-35323321465714196894751397666357248.000000,0.000000,0.000000,0.000000
7.141228,-35323321465714196894751397666357248.000000,0.000000,0.000000,0.000000
7.151228,-35323321465714196894751397666357248.000000,0.000000,0.000000,0.000000
7.161228,-35588142146737835708441350356598784.000000,0.000000,0.000000,0.000000
7.171228,-35588142146737835708441350356598784.000000,0.000000,0.000000,0.000000
7.181228,-35588142146737835708441350356598784.000000,0.000000,0.000000,0.000000
7.191228,-35852479354503850139148883293372416.000000,0.000000,0.000000,0.000000
7.201228,-35852479354503850139148883293372416.000000,0.000000,0.000000,0.000000
7.211228,-35852479354503850139148883293372416.000000,0.000000,0.000000,0.000000
7.221228,-36119415374431917926425573334188032.000000,0.000000,0.000000,0.000000
7.231228,-36119415374431917926425573334188032.000000,0.000000,0.000000,0.000000
7.241228,-36119415374431917926425573334188032.000000,0.000000,0.000000,0.000000
7.251228,-36382365806588427569780022055010304.000000,0.000000,0.000000,0.000000
7.261228,-36382365806588427569780022055010304.000000,0.000000,0.000000,0.000000
7.271228,-36382365806588427569780022055010304.000000,0.000000,0.000000,0.000000
7.281228,-36647552273880973995605385881321472.000000,0.000000,0.000000,0.000000
7.291228,-36647552273880973995605385881321472.000000,0.000000,0.000000,0.000000
7.301228,-36647552273880973995605385881321472.000000,0.000000,0.000000,0.000000
7.311228,-36912903525902087628436514594095104.000000,0.000000,0.000000,0.000000
7.321228,-36912903525902087628436514594095104.000000,0.000000,0.000000,0.000000
7.331228,-36912903525902087628436514594095104.000000,0.000000,0.000000,0.000000
7.341228,-37176471655903676948459732217102336.000000,0.000000,0.000000,0.000000
7.351228,-37176471655903676948459732217102336.000000,0.000000,0.000000,0.000000
7.361228,-37176471655903676948459732217102336.000000,0.000000,0.000000,0.000000
7.371228,-37440936981523782708375341246709760.000000,0.000000,0.000000,0.000000
7.381228,-37440936981523782708375341246709760.000000,0.000000,0.000000,0.000000
7.391228,-37440936981523782708375341246709760.000000,0.000000,0.000000,0.000000
7.401228,-37617701594279908045422988110069760.000000,0.000000,0.000000,0.000000
7.411228,-37617701594279908045422988110069760.000000,0.000000,0.000000,0.000000
7.421228,-37882109726635626734532632441257984.000000,0.000000,0.000000,0.000000
7.431228,-37882109726635626734532632441257984.000000,0.000000,0.000000,0.000000
7.441228,-37882109726635626734532632441257984.000000,0.000000,0.000000,0.000000
7.451228,-38146889037188127150196183344873472.000000,0.000000,0.000000,0.000000
7.461228,-38146889037188127150196183344873472.000000,0.000000,0.000000,0.000000
7.471228,-38146889037188127150196183344873472.000000,0.000000,0.000000,0.000000
7.481228,-38412371831069905064968438717349888.000000,0.000000,0.000000,0.000000
7.491228,-38412371831069905064968438717349888.000000,0.000000,0.000000,0.000000
7.501228,-38412371831069905064968438717349888.000000,0.000000,0.000000,0.000000
7.511228,-38676692165896324602378698367172608.000000,0.000000,0.000000,0.000000
7.521228,-38676692165896324602378698367172608.000000,0.000000,0.000000,0.000000
7.531228,-38676692165896324602378698367172608.000000,0.000000,0.000000,0.000000
7.541228,-38852859563073476676505829560549376.000000,0.000000,0.000000,0.000000
7.551228,-38852859563073476676505829560549376.000000,0.000000,0.000000,0.000000
7.561228,-39029992741897657316748104646524928.000000,0.000000,0.000000,0.000000
7.571228,-39029992741897657316748104646524928.000000,0.000000,0.000000,0.000000
7.581228,-39294511148444360988860826936934400.000000,0.000000,0.000000,0.000000
7.591228,-39294511148444360988860826936934400.000000,0.000000,0.000000,0.000000
7.601228,-39294511148444360988860826936934400.000000,0.000000,0.000000,0.000000
7.611228,-39559497664342917841760273316184064.000000,0.000000,0.000000,0.000000
7.621228,-39559497664342917841760273316184064.000000,0.000000,0.000000,0.000000
7.631228,-39559497664342917841760273316184064.000000,0.000000,0.000000,0.000000
7.641228,-39824445880786535578890445078396928.000000,0.000000,0.000000,0.000000
7.651228,-39824445880786535578890445078396928.000000,0.000000,0.000000,0.000000
7.661228,-39824445880786535578890445078396928.000000,0.000000,0.000000,0.000000
7.671228,-40088583313653742660224003839361024.000000,0.000000,0.000000,0.000000
7.681228,-40088583313653742660224003839361024.000000,0.000000,0.000000,0.000000
7.691228,-40088583313653742660224003839361024.000000,0.000000,0.000000,0.000000
7.701228,-40354082203896303538955741565026304.000000,0.000000,0.000000,0.000000
7.711228,-40354082203896303538955741565026304.000000,0.000000,0.000000,0.000000
7.721228,-40354082203896303538955741565026304.000000,0.000000,0.000000,0.000000
7.731228,-40530206183258181285761040573792256.000000,0.000000,0.000000,0.000000
7.741228,-40530206183258181285761040573792256.000000,0.000000,0.000000,0.000000
7.751228,-40882911749870341590039314210750464.000000,0.000000,0.000000,0.000000
7.761228,-40882911749870341590039314210750464.000000,0.000000,0.000000,0.000000
7.771228,-40882911749870341590039314210750464.000000,0.000000,0.000000,0.000000
7.781228,-40882911749870341590039314210750464.000000,0.000000,0.000000,0.000000
7.791228,-41148484829863510144686242840707072.000000,0.000000,0.000000,0.000000
7.801228,-41148484829863510144686242840707072.000000,0.000000,0.000000,0.000000
7.811228,-41148484829863510144686242840707072.000000,0.000000,0.000000,0.000000
7.821228,-41325170443375256873796023529504768.000000,0.000000,0.000000,0.000000
7.831228,-41325170443375256873796023529504768.000000,0.000000,0.000000,0.000000
7.841228,-41590103128242682141030560890355712.000000,0.000000,0.000000,0.000000
7.851228,-41590103128242682141030560890355712.000000,0.000000,0.000000,0.000000
7.861228,-41590103128242682141030560890355712.000000,0.000000,0.000000,0.000000
7.871228,-41853880899223872098097009067556864.000000,0.000000,0.000000,0.000000
7.881228,-41853880899223872098097009067556864.000000,0.000000,0.000000,0.000000
7.891228,-41853880899223872098097009067556864.000000,0.000000,0.000000,0.000000
7.901228,-42119392708913903635051121272160256.000000,0.000000,0.000000,0.000000
7.911228,-42119392708913903635051121272160256.000000,0.000000,0.000000,0.000000
7.921228,-42119392708913903635051121272160256.000000,0.000000,0.000000,0.000000
7.931228,-42383091807166810398785631495913472.000000,0.000000,0.000000,0.000000
7.941228,-42383091807166810398785631495913472.000000,0.000000,0.000000,0.000000
7.951228,-42383091807166810398785631495913472.000000,0.000000,0.000000,0.000000
7.961228,-42648854778328484938491324136423424.000000,0.000000,0.000000,0.000000
7.971228,-42648854778328484938491324136423424.000000,0.000000,0.000000,0.000000
7.981228,-42648854778328484938491324136423424.000000,0.000000,0.000000,0.000000
7.991228,-42912503699000567192899891104841728.000000,0.000000,0.000000,0.000000
8.001228,-42912503699000567192899891104841728.000000,0.000000,0.000000,0.000000
8.011228,-42912503699000567192899891104841728.000000,0.000000,0.000000,0.000000
8.021228,-43177513335768235138776864242270208.000000,0.000000,0.000000,0.000000
8.031228,-43177513335768235138776864242270208.000000,0.000000,0.000000,0.000000
8.041228,-43177513335768235138776864242270208.000000,0.000000,0.000000,0.000000
8.051228,-43442672799297629271679820351143936.000000,0.000000,0.000000,0.000000
8.061228,-43442672799297629271679820351143936.000000,0.000000,0.000000,0.000000
8.071228,-43442672799297629271679820351143936.000000,0.000000,0.000000,0.000000
8.081228,-43706576843758244331452889525387264.000000,0.000000,0.000000,0.000000
8.091228,-43706576843758244331452889525387264.000000,0.000000,0.000000,0.000000
8.101228,-43706576843758244331452889525387264.000000,0.000000,0.000000,0.000000
8.111228,-43971617958441974520130994467504128.000000,0.000000,0.000000,0.000000
8.121228,-43971617958441974520130994467504128.000000,0.000000,0.000000,0.000000
8.131228,-43971617958441974520130994467504128.000000,0.000000,0.000000,0.000000
8.141228,-44236347312032637429280568059625472.000000,0.000000,0.000000,0.000000
8.151228,-44236347312032637429280568059625472.000000,0.000000,0.000000,0.000000
8.161228,-44236347312032637429280568059625472.000000,0.000000,0.000000,0.000000
8.171228,-44500844362662070690679270013927424.000000,0.000000,0.000000,0.000000
8.181228,-44500844362662070690679270013927424.000000,0.000000,0.000000,0.000000
8.191228,-44500844362662070690679270013927424.000000,0.000000,0.000000,0.000000
8.201228,-44767066697839220544092103306641408.000000,0.000000,0.000000,0.000000
8.211228,-44767066697839220544092103306641408.000000,0.000000,0.000000,0.000000
8.221228,-44767066697839220544092103306641408.000000,0.000000,0.000000,0.000000
8.231228,-44942803799757698215061904177496064.000000,0.000000,0.000000,0.000000
8.241228,-44942803799757698215061904177496064.000000,0.000000,0.000000,0.000000
8.251228,-45206830923134881101670385268555776.000000,0.000000,0.000000,0.000000
8.261228,-45206830923134881101670385268555776.000000,0.000000,0.000000,0.000000
8.271228,-45206830923134881101670385268555776.000000,0.000000,0.000000,0.000000
8.281228,-45471510284464658069211944983724032.000000,0.000000,0.000000,0.000000
8.291228,-45471510284464658069211944983724032.000000,0.000000,0.000000,0.000000
8.301228,-45471510284464658069211944983724032.000000,0.000000,0.000000,0.000000
8.311228,-45736248251020289119347052422103040.000000,0.000000,0.000000,0.000000
8.321228,-45736248251020289119347052422103040.000000,0.000000,0.000000,0.000000
8.331228,-45736248251020289119347052422103040.000000,0.000000,0.000000,0.000000
8.341228,-46002804700405575595152194278522880.000000,0.000000,0.000000,0.000000
8.351228,-46002804700405575595152194278522880.000000,0.000000,0.000000,0.000000
8.361228,-46002804700405575595152194278522880.000000,0.000000,0.000000,0.000000
8.371228,-46266535135378406201543911173783552.000000,0.000000,0.000000,0.000000
8.381228,-46266535135378406201543911173783552.000000,0.000000,0.000000,0.000000
8.391228,-46266535135378406201543911173783552.000000,0.000000,0.000000,0.000000
8.401228,-46442222280335050977685753160531968.000000,0.000000,0.000000,0.000000
8.411228,-46442222280335050977685753160531968.000000,0.000000,0.000000,0.000000
8.421228,-46707191384983705310780091904557056.000000,0.000000,0.000000,0.000000
8.431228,-46707191384983705310780091904557056.000000,0.000000,0.000000,0.000000
8.441228,-46707191384983705310780091904557056.000000,0.000000,0.000000,0.000000
8.451228,-46973179978763889472156512213270528.000000,0.000000,0.000000,0.000000
8.461228,-46973179978763889472156512213270528.000000,0.000000,0.000000,0.000000
8.471228,-46973179978763889472156512213270528.000000,0.000000,0.000000,0.000000
8.481228,-47236786725911752366702928139911168.000000,0.000000,0.000000,0.000000
8.491228,-47236786725911752366702928139911168.000000,0.000000,0.000000,0.000000
8.501228,-47236786725911752366702928139911168.000000,0.000000,0.000000,0.000000
8.511228,-47413363706637733694947202800025600.000000,0.000000,0.000000,0.000000
8.521228,-47413363706637733694947202800025600.000000,0.000000,0.000000,0.000000
8.531228,-47678747301401326446751281169039360.000000,0.000000,0.000000,0.000000
8.541228,-47678747301401326446751281169039360.000000,0.000000,0.000000,0.000000
8.551228,-47678747301401326446751281169039360.000000,0.000000,0.000000,0.000000
8.561228,-47943633250344017457410916483072000.000000,0.000000,0.000000,0.000000
8.571228,-47943633250344017457410916483072000.000000,0.000000,0.000000,0.000000
8.581228,-47943633250344017457410916483072000.000000,0.000000,0.000000,0.000000
8.591228,-48211472766768674396000241754046464.000000,0.000000,0.000000,0.000000
8.601228,-48211472766768674396000241754046464.000000,0.000000,0.000000,0.000000
8.611228,-48211472766768674396000241754046464.000000,0.000000,0.000000,0.000000
8.621228,-48472363235384749554256439475699712.000000,0.000000,0.000000,0.000000
8.631228,-48472363235384749554256439475699712.000000,0.000000,0.000000,0.000000
8.641228,-48472363235384749554256439475699712.000000,0.000000,0.000000,0.000000
8.651228,-48736985827038591544911957311094784.000000,0.000000,0.000000,0.000000
8.661228,-48736985827038591544911957311094784.000000,0.000000,0.000000,0.000000
8.671228,-48736985827038591544911957311094784.000000,0.000000,0.000000,0.000000
8.681228,-48913128197198648831968111763652608.000000,0.000000,0.000000,0.000000
8.691228,-48913128197198648831968111763652608.000000,0.000000,0.000000,0.000000
8.701228,-49178484885271432135105721730596864.000000,0.000000,0.000000,0.000000
8.711228,-49178484885271432135105721730596864.000000,0.000000,0.000000,0.000000
8.721228,-49178484885271432135105721730596864.000000,0.000000,0.000000,0.000000
8.731228,-49442710142142212012322641921703936.000000,0.000000,0.000000,0.000000
8.741228,-49442710142142212012322641921703936.000000,0.000000,0.000000,0.000000
8.751228,-49442710142142212012322641921703936.000000,0.000000,0.000000,0.000000
8.761228,-49707327994900356882713465480806400.000000,0.000000,0.000000,0.000000
8.771228,-49707327994900356882713465480806400.000000,0.000000,0.000000,0.000000
8.781228,-49707327994900356882713465480806400.000000,0.000000,0.000000,0.000000
8.791228,-49883958259522391990890773421752320.000000,0.000000,0.000000,0.000000
8.801228,-49883958259522391990890773421752320.000000,0.000000,0.000000,0.000000
8.811228,-50149371099537981711854660673863680.000000,0.000000,0.000000,0.000000
8.821228,-50149371099537981711854660673863680.000000,0.000000,0.000000,0.000000
8.831228,-50149371099537981711854660673863680.000000,0.000000,0.000000,0.000000
8.841228,-50326221056540344700776366498381824.000000,0.000000,0.000000,0.000000
8.851228,-50326221056540344700776366498381824.000000,0.000000,0.000000,0.000000
8.861228,-50590356530311006964590466496987136.000000,0.000000,0.000000,0.000000
8.871228,-50590356530311006964590466496987136.000000,0.000000,0.000000,0.000000
8.881228,-50590356530311006964590466496987136.000000,0.000000,0.000000,0.000000
8.891228,-50854779585334532073643911459897344.000000,0.000000,0.000000,0.000000
8.901228,-50854779585334532073643911459897344.000000,0.000000,0.000000,0.000000
8.911228,-50854779585334532073643911459897344.000000,0.000000,0.000000,0.000000
8.921228,-51121127117371985963017667526787072.000000,0.000000,0.000000,0.000000
8.931228,-51121127117371985963017667526787072.000000,0.000000,0.000000,0.000000
8.941228,-51121127117371985963017667526787072.000000,0.000000,0.000000,0.000000
8.951228,-51385317995190107653143723381882880.000000,0.000000,0.000000,0.000000
8.961228,-51385317995190107653143723381882880.000000,0.000000,0.000000,0.000000
8.971228,-51385317995190107653143723381882880.000000,0.000000,0.000000,0.000000
8.981228,-51560031766783820794320761087066112.000000,0.000000,0.000000,0.000000
8.991228,-51560031766783820794320761087066112.000000,0.000000,0.000000,0.000000
9.001228,-52038065145882864579342664390934528.000000,0.000000,0.000000,0.000000
9.011228,-52038065145882864579342664390934528.000000,0.000000,0.000000,0.000000
9.021228,-53202614684467155513041322866900992.000000,0.000000,0.000000,0.000000
9.031228,-53202614684467155513041322866900992.000000,0.000000,0.000000,0.000000
9.041228,-54374131243999443109153903174746112.000000,0.000000,0.000000,0.000000
9.051228,-54374131243999443109153903174746112.000000,0.000000,0.000000,0.000000
9.061228,-54374131243999443109153903174746112.000000,0.000000,0.000000,0.000000
9.071228,-55546278449726326060196499273285632.000000,0.000000,0.000000,0.000000
9.081228,-55546278449726326060196499273285632.000000,0.000000,0.000000,0.000000
9.091228,-55546278449726326060196499273285632.000000,0.000000,0.000000,0.000000
9.101228,-56329071398258789019123057705353216.000000,0.000000,0.000000,0.000000
9.111228,-56329071398258789019123057705353216.000000,0.000000,0.000000,0.000000
9.121228,-56329071398258789019123057705353216.000000,0.000000,0.000000,0.000000
9.131228,-57503525165879019804164889696534528.000000,0.000000,0.000000,0.000000
9.141228,-57503525165879019804164889696534528.000000,0.000000,0.000000,0.000000
9.151228,-57503525165879019804164889696534528.000000,0.000000,0.000000,0.000000
9.161228,-58673387724511559179491467075780608.000000,0.000000,0.000000,0.000000
9.171228,-58673387724511559179491467075780608.000000,0.000000,0.000000,0.000000
9.181228,-58673387724511559179491467075780608.000000,0.000000,0.000000,0.000000
9.191228,-59845020889525193650752879421554688.000000,0.000000,0.000000,0.000000
9.201228,-59845020889525193650752879421554688.000000,0.000000,0.000000,0.000000
9.211228,-59845020889525193650752879421554688.000000,0.000000,0.000000,0.000000
9.221228,-61015670388667531171819744909066240.000000,0.000000,0.000000,0.000000
9.231228,-61015670388667531171819744909066240.000000,0.000000,0.000000,0.000000
9.241228,-62189834654370752842499058894372864.000000,0.000000,0.000000,0.000000
9.251228,-62189834654370752842499058894372864.000000,0.000000,0.000000,0.000000
9.261228,-62189834654370752842499058894372864.000000,0.000000,0.000000,0.000000
9.271228,-62189834654370752842499058894372864.000000,0.000000,0.000000,0.000000
9.281228,-63360534116129726537329362039996416.000000,0.000000,0.000000,0.000000
9.291228,-63360534116129726537329362039996416.000000,0.000000,0.000000,0.000000
9.301228,-63360534116129726537329362039996416.000000,0.000000,0.000000,0.000000
9.311228,-64530964389154369502857365303590912.000000,0.000000,0.000000,0.000000
9.321228,-64530964389154369502857365303590912.000000,0.000000,0.000000,0.000000
9.331228,-65704634106986956678242587581087744.000000,0.000000,0.000000,0.000000
9.341228,-65704634106986956678242587581087744.000000,0.000000,0.000000,0.000000
9.351228,-65704634106986956678242587581087744.000000,0.000000,0.000000,0.000000
9.361228,-65704634106986956678242587581087744.000000,0.000000,0.000000,0.000000
9.371228,-66875498574291399700057451336302592.000000,0.000000,0.000000,0.000000
9.381228,-66875498574291399700057451336302592.000000,0.000000,0.000000,0.000000
9.391228,-66875498574291399700057451336302592.000000,0.000000,0.000000,0.000000
9.401228,-68048498933690857833977540329340928.000000,0.000000,0.000000,0.000000
9.411228,-68048498933690857833977540329340928.000000,0.000000,0.000000,0.000000
9.421228,-68048498933690857833977540329340928.000000,0.000000,0.000000,0.000000
9.431228,-68828437059716671201895239066320896.000000,0.000000,0.000000,0.000000
9.441228,-70000526372872922139022019040116736.000000,0.000000,0.000000,0.000000
9.451228,-70000526372872922139022019040116736.000000,0.000000,0.000000,0.000000
9.461228,-70000526372872922139022019040116736.000000,0.000000,0.000000,0.000000
9.471228,-70000526372872922139022019040116736.000000,0.000000,0.000000,0.000000
9.481228,-71176202408133321960398482269274112.000000,0.000000,0.000000,0.000000
9.491228,-71176202408133321960398482269274112.000000,0.000000,0.000000,0.000000
9.501228,-71176202408133321960398482269274112.000000,0.000000,0.000000,0.000000
9.511228,-72344218459396418884096482527412224.000000,0.000000,0.000000,0.000000
9.521228,-72344218459396418884096482527412224.000000,0.000000,0.000000,0.000000
9.531228,-73515939439861337440415997128343552.000000,0.000000,0.000000,0.000000
9.541228,-73515939439861337440415997128343552.000000,0.000000,0.000000,0.000000
9.551228,-73515939439861337440415997128343552.000000,0.000000,0.000000,0.000000
9.561228,-74690083900211447916245899364270080.000000,0.000000,0.000000,0.000000
9.571228,-74690083900211447916245899364270080.000000,0.000000,0.000000,0.000000
9.581228,-74690083900211447916245899364270080.000000,0.000000,0.000000,0.000000
9.591228,-74690083900211447916245899364270080.000000,0.000000,0.000000,0.000000
9.601228,-75864218516480730244966067524861952.000000,0.000000,0.000000,0.000000
9.611228,-75864218516480730244966067524861952.000000,0.000000,0.000000,0.000000
9.621228,-75864218516480730244966067524861952.000000,0.000000,0.000000,0.000000
9.631228,-76641000716130463835254421874278400.000000,0.000000,0.000000,0.000000
9.641228,-77813196243793844935542166618374144.000000,0.000000,0.000000,0.000000
9.651228,-77813196243793844935542166618374144.000000,0.000000,0.000000,0.000000
9.661228,-77813196243793844935542166618374144.000000,0.000000,0.000000,0.000000
9.671228,-78986398953743853117530674443583488.000000,0.000000,0.000000,0.000000
9.681228,-78986398953743853117530674443583488.000000,0.000000,0.000000,0.000000
9.691228,-78986398953743853117530674443583488.000000,0.000000,0.000000,0.000000
9.701228,-78986398953743853117530674443583488.000000,0.000000,0.000000,0.000000
9.711228,-79767365122132351293715450723041280.000000,0.000000,0.000000,0.000000
9.721228,-79767365122132351293715450723041280.000000,0.000000,0.000000,0.000000
9.731228,-80941909986564151436223999849267200.000000,0.000000,0.000000,0.000000
9.741228,-80941909986564151436223999849267200.000000,0.000000,0.000000,0.000000
9.751228,-80941909986564151436223999849267200.000000,0.000000,0.000000,0.000000
9.761228,-82110253236323647557025986003337216.000000,0.000000,0.000000,0.000000
9.771228,-82110253236323647557025986003337216.000000,0.000000,0.000000,0.000000
9.781228,-83282627988760379310200869842059264.000000,0.000000,0.000000,0.000000
9.791228,-83282627988760379310200869842059264.000000,0.000000,0.000000,0.000000
9.801228,-83282627988760379310200869842059264.000000,0.000000,0.000000,0.000000
9.811228,-83282627988760379310200869842059264.000000,0.000000,0.000000,0.000000
9.821228,-84454521475022829369409133925629952.000000,0.000000,0.000000,0.000000
9.831228,-84454521475022829369409133925629952.000000,0.000000,0.000000,0.000000
9.841228,-84454521475022829369409133925629952.000000,0.000000,0.000000,0.000000
9.851228,-85626210970054591356030690164473856.000000,0.000000,0.000000,0.000000
9.861228,-85626210970054591356030690164473856.000000,0.000000,0.000000,0.000000
9.871228,-85626210970054591356030690164473856.000000,0.000000,0.000000,0.000000
9.881228,-86797951130851608239730903396384768.000000,0.000000,0.000000,0.000000
9.891228,-86797951130851608239730903396384768.000000,0.000000,0.000000,0.000000
9.901228,-86797951130851608239730903396384768.000000,0.000000,0.000000,0.000000
9.911228,-87579498060945708346416911444082688.000000,0.000000,0.000000,0.000000
9.921228,-87579498060945708346416911444082688.000000,0.000000,0.000000,0.000000
9.931228,-89141792245821109284111153251745792.000000,0.000000,0.000000,0.000000
9.941228,-89141792245821109284111153251745792.000000,0.000000,0.000000,0.000000
9.951228,-89141792245821109284111153251745792.000000,0.000000,0.000000,0.000000
9.961228,-89141792245821109284111153251745792.000000,0.000000,0.000000,0.000000
9.971228,-89924351123987001940871631566012416.000000,0.000000,0.000000,0.000000
9.981228,-89924351123987001940871631566012416.000000,0.000000,0.000000,0.000000
9.991228,-91095142229450915111302711329423360.000000,0.000000,0.000000,0.000000
10.001228,-91095142229450915111302711329423360.000000,0.000000,0.000000,0.000000
10.011228,-91095142229450915111302711329423360.000000,0.000000,0.000000,0.000000
10.021228,-92268825463362746442531219047448576.000000,0.000000,0.000000,0.000000
10.031228,-92268825463362746442531219047448576.000000,0.000000,0.000000,0.000000
10.041228,-92268825463362746442531219047448576.000000,0.000000,0.000000,0.000000
10.051228,-93438521766407809202679883289853952.000000,0.000000,0.000000,0.000000
10.061228,-93438521766407809202679883289853952.000000,0.000000,0.000000,0.000000
10.071228,-94612025892737726334907121802412032.000000,0.000000,0.000000,0.000000
10.081228,-94612025892737726334907121802412032.000000,0.000000,0.000000,0.000000
10.091228,-94612025892737726334907121802412032.000000,0.000000,0.000000,0.000000
10.101228,-94612025892737726334907121802412032.000000,0.000000,0.000000,0.000000
10.111228,-95784323611335512227964670284136448.000000,0.000000,0.000000,0.000000
10.121228,-95784323611335512227964670284136448.000000,0.000000,0.000000,0.000000
10.131228,-95784323611335512227964670284136448.000000,0.000000,0.000000,0.000000
10.141228,-96954155075173034993290262641377280.000000,0.000000,0.000000,0.000000
10.151228,-96954155075173034993290262641377280.000000,0.000000,0.000000,0.000000
10.161228,-98127878896386420166715953498816512.000000,0.000000,0.000000,0.000000
10.171228,-98127878896386420166715953498816512.000000,0.000000,0.000000,0.000000
10.181228,-98127878896386420166715953498816512.000000,0.000000,0.000000,0.000000
10.191228,-98127878896386420166715953498816512.000000,0.000000,0.000000,0.000000
10.201228,-98907699752846070864092853971189760.000000,0.000000,0.000000,0.000000
10.211228,-100078927591737601595120752388997120.000000,0.000000,0.000000,0.000000
10.221228,-100078927591737601595120752388997120.000000,0.000000,0.000000,0.000000
10.231228,-100078927591737601595120752388997120.000000,0.000000,0.000000,0.000000
10.241228,-101251106165706204661975436960464896.000000,0.000000,0.000000,0.000000
10.251228,-101251106165706204661975436960464896.000000,0.000000,0.000000,0.000000
10.261228,-101251106165706204661975436960464896.000000,0.000000,0.000000,0.000000
10.271228,-102424424231095552430919424296353792.000000,0.000000,0.000000,0.000000
10.281228,-102424424231095552430919424296353792.000000,0.000000,0.000000,0.000000
10.291228,-102424424231095552430919424296353792.000000,0.000000,0.000000,0.000000
10.301228,-102424424231095552430919424296353792.000000,0.000000,0.000000,0.000000
10.311228,-103594684029640923431029866720395264.000000,0.000000,0.000000,0.000000
10.321228,-103594684029640923431029866720395264.000000,0.000000,0.000000,0.000000
10.331228,-104376388972857988655635016024326144.000000,0.000000,0.000000,0.000000
10.341228,-104376388972857988655635016024326144.000000,0.000000,0.000000,0.000000
10.351228,-105548447386538274515865223936606208.000000,0.000000,0.000000,0.000000
10.361228,-105548447386538274515865223936606208.000000,0.000000,0.000000,0.000000
10.371228,-105548447386538274515865223936606208.000000,0.000000,0.000000,0.000000
10.381228,-106719910116136449173004365405880320.000000,0.000000,0.000000,0.000000
10.391228,-106719910116136449173004365405880320.000000,0.000000,0.000000,0.000000
10.401228,-106719910116136449173004365405880320.000000,0.000000,0.000000,0.000000
10.411228,-107891957670076772505703226493894656.000000,0.000000,0.000000,0.000000
10.421228,-107891957670076772505703226493894656.000000,0.000000,0.000000,0.000000
10.431228,-107891957670076772505703226493894656.000000,0.000000,0.000000,0.000000
10.441228,-109063964753906969226718737476878336.000000,0.000000,0.000000,0.000000
10.451228,-109063964753906969226718737476878336.000000,0.000000,0.000000,0.000000
10.461228,-109063964753906969226718737476878336.000000,0.000000,0.000000,0.000000
10.471228,-109845279332442242911603460635885568.000000,0.000000,0.000000,0.000000
10.481228,-109845279332442242911603460635885568.000000,0.000000,0.000000,0.000000
10.491228,-111017111215071832796867067266465792.000000,0.000000,0.000000,0.000000
10.501228,-111017111215071832796867067266465792.000000,0.000000,0.000000,0.000000
10.511228,-111017111215071832796867067266465792.000000,0.000000,0.000000,0.000000
10.521228,-112188991419637930054747859397378048.000000,0.000000,0.000000,0.000000
10.531228,-112188991419637930054747859397378048.000000,0.000000,0.000000,0.000000
10.541228,-112188991419637930054747859397378048.000000,0.000000,0.000000,0.000000
10.551228,-113362304406731605921583782988611584.000000,0.000000,0.000000,0.000000
10.561228,-113362304406731605921583782988611584.000000,0.000000,0.000000,0.000000
10.571228,-113362304406731605921583782988611584.000000,0.000000,0.000000,0.000000
10.581228,-113362304406731605921583782988611584.000000,0.000000,0.000000,0.000000
10.591228,-114535204684642552326167873667989504.000000,0.000000,0.000000,0.000000
10.601228,-114535204684642552326167873667989504.000000,0.000000,0.000000,0.000000
10.611228,-114535204684642552326167873667989504.000000,0.000000,0.000000,0.000000
10.621228,-115314238053699016312926352839802880.000000,0.000000,0.000000,0.000000
10.631228,-116489162344944993494917290796253184.000000,0.000000,0.000000,0.000000
10.641228,-116489162344944993494917290796253184.000000,0.000000,0.000000,0.000000
10.651228,-116489162344944993494917290796253184.000000,0.000000,0.000000,0.000000
10.661228,-116489162344944993494917290796253184.000000,0.000000,0.000000,0.000000
10.671228,-117268643697807195976244982496362496.000000,0.000000,0.000000,0.000000
10.681228,-117268643697807195976244982496362496.000000,0.000000,0.000000,0.000000
10.691228,-118442329314611614653346362234503168.000000,0.000000,0.000000,0.000000
10.701228,-118442329314611614653346362234503168.000000,0.000000,0.000000,0.000000
10.711228,-118442329314611614653346362234503168.000000,0.000000,0.000000,0.000000
10.721228,-119614052795160557009424618744709120.000000,0.000000,0.000000,0.000000
10.731228,-119614052795160557009424618744709120.000000,0.000000,0.000000,0.000000
10.741228,-119614052795160557009424618744709120.000000,0.000000,0.000000,0.000000
10.751228,-120783239706086091080907899675869184.000000,0.000000,0.000000,0.000000
10.761228,-120783239706086091080907899675869184.000000,0.000000,0.000000,0.000000
10.771228,-121956169985005323082596893266542592.000000,0.000000,0.000000,0.000000
10.781228,-121956169985005323082596893266542592.000000,0.000000,0.000000,0.000000
10.791228,-121956169985005323082596893266542592.000000,0.000000,0.000000,0.000000
10.801228,-121956169985005323082596893266542592.000000,0.000000,0.000000,0.000000
10.811228,-122735721926177328109738523598258176.000000,0.000000,0.000000,0.000000
10.821228,-123909161753471300511785912933285888.000000,0.000000,0.000000,0.000000
10.831228,-123909161753471300511785912933285888.000000,0.000000,0.000000,0.000000
10.841228,-123909161753471300511785912933285888.000000,0.000000,0.000000,0.000000
10.851228,-123909161753471300511785912933285888.000000,0.000000,0.000000,0.000000
10.861228,-125471868022508399597519200824852480.000000,0.000000,0.000000,0.000000
10.871228,-125471868022508399597519200824852480.000000,0.000000,0.000000,0.000000
10.881228,-125471868022508399597519200824852480.000000,0.000000,0.000000,0.000000
10.891228,-125471868022508399597519200824852480.000000,0.000000,0.000000,0.000000
10.901228,-126643433646189625440859475931037696.000000,0.000000,0.000000,0.000000
10.911228,-126643433646189625440859475931037696.000000,0.000000,0.000000,0.000000
10.921228,-126643433646189625440859475931037696.000000,0.000000,0.000000,0.000000
10.931228,-127817797840486997662439046765346816.000000,0.000000,0.000000,0.000000
10.941228,-127817797840486997662439046765346816.000000,0.000000,0.000000,0.000000
10.951228,-127817797840486997662439046765346816.000000,0.000000,0.000000,0.000000
10.961228,-128595466827752168220031947758370816.000000,0.000000,0.000000,0.000000
10.971228,-129767501412506617515021582888599552.000000,0.000000,0.000000,0.000000
10.981228,-129767501412506617515021582888599552.000000,0.000000,0.000000,0.000000
10.991228,-129767501412506617515021582888599552.000000,0.000000,0.000000,0.000000
11.001228,-131331826407820492682711641511428096.000000,0.000000,0.000000,0.000000
11.011228,-131331826407820492682711641511428096.000000,0.000000,0.000000,0.000000
11.021228,-131331826407820492682711641511428096.000000,0.000000,0.000000,0.000000
11.031228,-131331826407820492682711641511428096.000000,0.000000,0.000000,0.000000
11.041228,-131331826407820492682711641511428096.000000,0.000000,0.000000,0.000000
11.051228,-132112696674548462328504777216884736.000000,0.000000,0.000000,0.000000
11.061228,-132112696674548462328504777216884736.000000,0.000000,0.000000,0.000000
11.071228,-133284653952017289927682084103520256.000000,0.000000,0.000000,0.000000
11.081228,-133284653952017289927682084103520256.000000,0.000000,0.000000,0.000000
11.091228,-133284653952017289927682084103520256.000000,0.000000,0.000000,0.000000
11.101228,-134455144617696607153628719110684672.000000,0.000000,0.000000,0.000000
11.111228,-134455144617696607153628719110684672.000000,0.000000,0.000000,0.000000
11.121228,-135628535966798842024621836802719744.000000,0.000000,0.000000,0.000000
11.131228,-135628535966798842024621836802719744.000000,0.000000,0.000000,0.000000
11.141228,-135628535966798842024621836802719744.000000,0.000000,0.000000,0.000000
11.151228,-135628535966798842024621836802719744.000000,0.000000,0.000000,0.000000
11.161228,-136799197810106031492557178274840576.000000,0.000000,0.000000,0.000000
11.171228,-136799197810106031492557178274840576.000000,0.000000,0.000000,0.000000
11.181228,-137972613339708439960564588980731904.000000,0.000000,0.000000,0.000000
11.191228,-137972613339708439960564588980731904.000000,0.000000,0.000000,0.000000
11.201228,-137972613339708439960564588980731904.000000,0.000000,0.000000,0.000000
11.211228,-137972613339708439960564588980731904.000000,0.000000,0.000000,0.000000
11.221228,-139142584534804508996220293113446400.000000,0.000000,0.000000,0.000000
11.231228,-139142584534804508996220293113446400.000000,0.000000,0.000000,0.000000
11.241228,-139923750983361467084962935909384192.000000,0.000000,0.000000,0.000000
11.251228,-139923750983361467084962935909384192.000000,0.000000,0.000000,0.000000
11.261228,-141486441939383944608525526350430208.000000,0.000000,0.000000,0.000000
11.271228,-141486441939383944608525526350430208.000000,0.000000,0.000000,0.000000
11.281228,-141486441939383944608525526350430208.000000,0.000000,0.000000,0.000000
11.291228,-141486441939383944608525526350430208.000000,0.000000,0.000000,0.000000
11.301228,-142267776206080911481117865079209984.000000,0.000000,0.000000,0.000000
11.311228,-142267776206080911481117865079209984.000000,0.000000,0.000000,0.000000
11.321228,-143441211267589727638163584083558400.000000,0.000000,0.000000,0.000000
11.331228,-143441211267589727638163584083558400.000000,0.000000,0.000000,0.000000
11.341228,-143441211267589727638163584083558400.000000,0.000000,0.000000,0.000000
11.351228,-143441211267589727638163584083558400.000000,0.000000,0.000000,0.000000
11.361228,-145005549505536134232513787841216512.000000,0.000000,0.000000,0.000000
11.371228,-145005549505536134232513787841216512.000000,0.000000,0.000000,0.000000
11.381228,-145005549505536134232513787841216512.000000,0.000000,0.000000,0.000000
11.391228,-145005549505536134232513787841216512.000000,0.000000,0.000000,0.000000
11.401228,-146176098141913716998338855754006528.000000,0.000000,0.000000,0.000000
11.411228,-146176098141913716998338855754006528.000000,0.000000,0.000000,0.000000
11.421228,-146176098141913716998338855754006528.000000,0.000000,0.000000,0.000000
11.431228,-147347613685786860990657786458144768.000000,0.000000,0.000000,0.000000
11.441228,-147347613685786860990657786458144768.000000,0.000000,0.000000,0.000000
11.451228,-147347613685786860990657786458144768.000000,0.000000,0.000000,0.000000
11.461228,-148524538200505835312738252017893376.000000,0.000000,0.000000,0.000000
11.471228,-148524538200505835312738252017893376.000000,0.000000,0.000000,0.000000
11.481228,-148524538200505835312738252017893376.000000,0.000000,0.000000,0.000000
11.491228,-149299939885009561841001094094782464.000000,0.000000,0.000000,0.000000
11.501228,-150471678248871182871629821607149568.000000,0.000000,0.000000,0.000000
11.511228,-150471678248871182871629821607149568.000000,0.000000,0.000000,0.000000
11.521228,-150471678248871182871629821607149568.000000,0.000000,0.000000,0.000000
11.531228,-151643755061607314809962892034572288.000000,0.000000,0.000000,0.000000
11.541228,-151643755061607314809962892034572288.000000,0.000000,0.000000,0.000000
11.551228,-151643755061607314809962892034572288.000000,0.000000,0.000000,0.000000
11.561228,-152426973961955066327917539077652480.000000,0.000000,0.000000,0.000000
11.571228,-152426973961955066327917539077652480.000000,0.000000,0.000000,0.000000
11.581228,-152426973961955066327917539077652480.000000,0.000000,0.000000,0.000000
11.591228,-153988990910950713465643269502271488.000000,0.000000,0.000000,0.000000
11.601228,-153988990910950713465643269502271488.000000,0.000000,0.000000,0.000000
11.611228,-153988990910950713465643269502271488.000000,0.000000,0.000000,0.000000
11.621228,-153988990910950713465643269502271488.000000,0.000000,0.000000,0.000000
11.631228,-154770413969694258982303922707759104.000000,0.000000,0.000000,0.000000
11.641228,-154770413969694258982303922707759104.000000,0.000000,0.000000,0.000000
11.651228,-155941848846793880927183367217086464.000000,0.000000,0.000000,0.000000
11.661228,-155941848846793880927183367217086464.000000,0.000000,0.000000,0.000000
11.671228,-155941848846793880927183367217086464.000000,0.000000,0.000000,0.000000
11.681228,-157114219145955953645718900429553664.000000,0.000000,0.000000,0.000000
11.691228,-157114219145955953645718900429553664.000000,0.000000,0.000000,0.000000
11.701228,-157114219145955953645718900429553664.000000,0.000000,0.000000,0.000000
11.711228,-157896700365261906021637403977973760.000000,0.000000,0.000000,0.000000
11.721228,-157896700365261906021637403977973760.000000,0.000000,0.000000,0.000000
11.731228,-159457901154015712442423742644092928.000000,0.000000,0.000000,0.000000
11.741228,-159457901154015712442423742644092928.000000,0.000000,0.000000,0.000000
11.751228,-159457901154015712442423742644092928.000000,0.000000,0.000000,0.000000
11.761228,-159457901154015712442423742644092928.000000,0.000000,0.000000,0.000000
11.771228,-160628131068744280416175336319877120.000000,0.000000,0.000000,0.000000
11.781228,-160628131068744280416175336319877120.000000,0.000000,0.000000,0.000000
11.791228,-161804440289347111543535847212056576.000000,0.000000,0.000000,0.000000
11.801228,-161804440289347111543535847212056576.000000,0.000000,0.000000,0.000000
11.811228,-161804440289347111543535847212056576.000000,0.000000,0.000000,0.000000
11.821228,-161804440289347111543535847212056576.000000,0.000000,0.000000,0.000000
11.831228,-162971843624705694928119140928454656.000000,0.000000,0.000000,0.000000
11.841228,-162971843624705694928119140928454656.000000,0.000000,0.000000,0.000000
11.851228,-163755282727766463230738972981329920.000000,0.000000,0.000000,0.000000
11.861228,-163755282727766463230738972981329920.000000,0.000000,0.000000,0.000000
11.871228,-163755282727766463230738972981329920.000000,0.000000,0.000000,0.000000
11.881228,-164925047822185969577118237554900992.000000,0.000000,0.000000,0.000000
11.891228,-164925047822185969577118237554900992.000000,0.000000,0.000000,0.000000
11.901228,-165707568144368577152524758227615744.000000,0.000000,0.000000,0.000000
11.911228,-165707568144368577152524758227615744.000000,0.000000,0.000000,0.000000
11.921228,-165707568144368577152524758227615744.000000,0.000000,0.000000,0.000000
11.931228,-166879638081873641335678279190839296.000000,0.000000,0.000000,0.000000
11.941228,-166879638081873641335678279190839296.000000,0.000000,0.000000,0.000000
11.951228,-166879638081873641335678279190839296.000000,0.000000,0.000000,0.000000
11.961228,-168054120795779201962736074526556160.000000,0.000000,0.000000,0.000000
11.971228,-168054120795779201962736074526556160.000000,0.000000,0.000000,0.000000
11.981228,-168054120795779201962736074526556160.000000,0.000000,0.000000,0.000000
11.991228,-168830817289423553754772168899559424.000000,0.000000,0.000000,0.000000
12.001228,-170003732177200502998211737694502912.000000,0.000000,0.000000,0.000000
12.011228,-170003732177200502998211737694502912.000000,0.000000,0.000000,0.000000
12.021228,-170003732177200502998211737694502912.000000,0.000000,0.000000,0.000000
12.031228,-171177578619722380133237209738248192.000000,0.000000,0.000000,0.000000
12.041228,-171177578619722380133237209738248192.000000,0.000000,0.000000,0.000000
12.051228,-171177578619722380133237209738248192.000000,0.000000,0.000000,0.000000
12.061228,-171177578619722380133237209738248192.000000,0.000000,0.000000,0.000000
12.071228,-172349828680468492895813612655869952.000000,0.000000,0.000000,0.000000
12.081228,-172349828680468492895813612655869952.000000,0.000000,0.000000,0.000000
12.091228,-172349828680468492895813612655869952.000000,0.000000,0.000000,0.000000
12.101228,-173522846579519902109224074412556288.000000,0.000000,0.000000,0.000000
12.111228,-173522846579519902109224074412556288.000000,0.000000,0.000000,0.000000
12.121228,-173522846579519902109224074412556288.000000,0.000000,0.000000,0.000000
12.131228,-174300302708068869452874819416621056.000000,0.000000,0.000000,0.000000
12.141228,-175472690703138114185965774680621056.000000,0.000000,0.000000,0.000000
12.151228,-175472690703138114185965774680621056.000000,0.000000,0.000000,0.000000
12.161228,-175472690703138114185965774680621056.000000,0.000000,0.000000,0.000000
12.171228,-176644289491996455998189623979278336.000000,0.000000,0.000000,0.000000
12.181228,-176644289491996455998189623979278336.000000,0.000000,0.000000,0.000000
12.191228,-176644289491996455998189623979278336.000000,0.000000,0.000000,0.000000
12.201228,-177816134070365244085467463681048576.000000,0.000000,0.000000,0.000000
12.211228,-177816134070365244085467463681048576.000000,0.000000,0.000000,0.000000
12.221228,-177816134070365244085467463681048576.000000,0.000000,0.000000,0.000000
12.231228,-178990840776173646289693754716585984.000000,0.000000,0.000000,0.000000
12.241228,-178990840776173646289693754716585984.000000,0.000000,0.000000,0.000000
12.251228,-178990840776173646289693754716585984.000000,0.000000,0.000000,0.000000
12.261228,-178990840776173646289693754716585984.000000,0.000000,0.000000,0.000000
12.271228,-180160671302479622083700166831898624.000000,0.000000,0.000000,0.000000
12.281228,-180160671302479622083700166831898624.000000,0.000000,0.000000,0.000000
12.291228,-180160671302479622083700166831898624.000000,0.000000,0.000000,0.000000
12.301228,-180943354637953260823287386288947200.000000,0.000000,0.000000,0.000000
12.311228,-180943354637953260823287386288947200.000000,0.000000,0.000000,0.000000
12.321228,-182114696543178320925154158581907456.000000,0.000000,0.000000,0.000000
12.331228,-182114696543178320925154158581907456.000000,0.000000,0.000000,0.000000
12.341228,-182114696543178320925154158581907456.000000,0.000000,0.000000,0.000000
12.351228,-183285055368489238676139622898073600.000000,0.000000,0.000000,0.000000
12.361228,-183285055368489238676139622898073600.000000,0.000000,0.000000,0.000000
12.371228,-184456727870762392031288755291684864.000000,0.000000,0.000000,0.000000
12.381228,-184456727870762392031288755291684864.000000,0.000000,0.000000,0.000000
12.391228,-184456727870762392031288755291684864.000000,0.000000,0.000000,0.000000
12.401228,-185629341732797572284186566739361792.000000,0.000000,0.000000,0.000000
12.411228,-185629341732797572284186566739361792.000000,0.000000,0.000000,0.000000
12.421228,-185629341732797572284186566739361792.000000,0.000000,0.000000,0.000000
12.431228,-186801757306918730787330373495816192.000000,0.000000,0.000000,0.000000
12.441228,-186801757306918730787330373495816192.000000,0.000000,0.000000,0.000000
12.451228,-186801757306918730787330373495816192.000000,0.000000,0.000000,0.000000
12.461228,-186801757306918730787330373495816192.000000,0.000000,0.000000,0.000000
12.471228,-187582107126468157683822366105272320.000000,0.000000,0.000000,0.000000
12.481228,-188366640250671514924074740708540416.000000,0.000000,0.000000,0.000000
12.491228,-188366640250671514924074740708540416.000000,0.000000,0.000000,0.000000
12.501228,-188366640250671514924074740708540416.000000,0.000000,0.000000,0.000000
12.511228,-189535522463856845549538639217688576.000000,0.000000,0.000000,0.000000
12.521228,-189535522463856845549538639217688576.000000,0.000000,0.000000,0.000000
12.531228,-191097129125626190392296809277947904.000000,0.000000,0.000000,0.000000
12.541228,-191097129125626190392296809277947904.000000,0.000000,0.000000,0.000000
12.551228,-191097129125626190392296809277947904.000000,0.000000,0.000000,0.000000
12.561228,-191097129125626190392296809277947904.000000,0.000000,0.000000,0.000000
12.571228,-191881216023895383616384130254635008.000000,0.000000,0.000000,0.000000
12.581228,-191881216023895383616384130254635008.000000,0.000000,0.000000,0.000000
12.591228,-191881216023895383616384130254635008.000000,0.000000,0.000000,0.000000
12.601228,-193441425490270582305890573337231360.000000,0.000000,0.000000,0.000000
12.611228,-193441425490270582305890573337231360.000000,0.000000,0.000000,0.000000
12.621228,-193441425490270582305890573337231360.000000,0.000000,0.000000,0.000000
12.631228,-194224002415918002455724267644387328.000000,0.000000,0.000000,0.000000
12.641228,-194224002415918002455724267644387328.000000,0.000000,0.000000,0.000000
12.651228,-194224002415918002455724267644387328.000000,0.000000,0.000000,0.000000
12.661228,-195394209400188404120654920833564672.000000,0.000000,0.000000,0.000000
12.671228,-195394209400188404120654920833564672.000000,0.000000,0.000000,0.000000
12.681228,-196568231668931956299133231476768768.000000,0.000000,0.000000,0.000000
12.691228,-196568231668931956299133231476768768.000000,0.000000,0.000000,0.000000
12.701228,-196568231668931956299133231476768768.000000,0.000000,0.000000,0.000000
12.711228,-196568231668931956299133231476768768.000000,0.000000,0.000000,0.000000
12.721228,-197739558417397643444010466171420672.000000,0.000000,0.000000,0.000000
12.731228,-197739558417397643444010466171420672.000000,0.000000,0.000000,0.000000
12.741228,-197739558417397643444010466171420672.000000,0.000000,0.000000,0.000000
12.751228,-198910049200268387900470934212968448.000000,0.000000,0.000000,0.000000
12.761228,-198910049200268387900470934212968448.000000,0.000000,0.000000,0.000000
12.771228,-200084153463955075270428589794787328.000000,0.000000,0.000000,0.000000
12.781228,-200084153463955075270428589794787328.000000,0.000000,0.000000,0.000000
12.791228,-200084153463955075270428589794787328.000000,0.000000,0.000000,0.000000
12.801228,-200084153463955075270428589794787328.000000,0.000000,0.000000,0.000000
12.811228,-201256062536678859620990691634577408.000000,0.000000,0.000000,0.000000
12.821228,-201256062536678859620990691634577408.000000,0.000000,0.000000,0.000000
12.831228,-201256062536678859620990691634577408.000000,0.000000,0.000000,0.000000
12.841228,-202430036210039210144412750181302272.000000,0.000000,0.000000,0.000000
12.851228,-202430036210039210144412750181302272.000000,0.000000,0.000000,0.000000
12.861228,-202430036210039210144412750181302272.000000,0.000000,0.000000,0.000000
12.871228,-203209423106601970586762677359476736.000000,0.000000,0.000000,0.000000
12.881228,-203209423106601970586762677359476736.000000,0.000000,0.000000,0.000000
12.891228,-204379451334864795084465781574991872.000000,0.000000,0.000000,0.000000
12.901228,-204379451334864795084465781574991872.000000,0.000000,0.000000,0.000000
12.911228,-205552612637173185023683980181897216.000000,0.000000,0.000000,0.000000
12.921228,-205552612637173185023683980181897216.000000,0.000000,0.000000,0.000000
12.931228,-205552612637173185023683980181897216.000000,0.000000,0.000000,0.000000
12.941228,-205552612637173185023683980181897216.000000,0.000000,0.000000,0.000000
12.951228,-206722977204864627365657621888499712.000000,0.000000,0.000000,0.000000
12.961228,-206722977204864627365657621888499712.000000,0.000000,0.000000,0.000000
12.971228,-207897528202315045941991137471365120.000000,0.000000,0.000000,0.000000
12.981228,-207897528202315045941991137471365120.000000,0.000000,0.000000,0.000000
12.991228,-207897528202315045941991137471365120.000000,0.000000,0.000000,0.000000
13.001228,-207897528202315045941991137471365120.000000,0.000000,0.000000,0.000000
13.011228,-209068675608815945980095363182231552.000000,0.000000,0.000000,0.000000
13.021228,-209068675608815945980095363182231552.000000,0.000000,0.000000,0.000000
13.031228,-209068675608815945980095363182231552.000000,0.000000,0.000000,0.000000
13.041228,-210239017519495897848943057288822784.000000,0.000000,0.000000,0.000000
13.051228,-210239017519495897848943057288822784.000000,0.000000,0.000000,0.000000
13.061228,-211412214565193061082766188778356736.000000,0.000000,0.000000,0.000000
13.071228,-211412214565193061082766188778356736.000000,0.000000,0.000000,0.000000
13.081228,-211412214565193061082766188778356736.000000,0.000000,0.000000,0.000000
13.091228,-211412214565193061082766188778356736.000000,0.000000,0.000000,0.000000
13.101228,-212196206499333226630920865149091840.000000,0.000000,0.000000,0.000000
13.111228,-212196206499333226630920865149091840.000000,0.000000,0.000000,0.000000
13.121228,-213367098428498082405298452524171264.000000,0.000000,0.000000,0.000000
13.131228,-213367098428498082405298452524171264.000000,0.000000,0.000000,0.000000
13.141228,-213367098428498082405298452524171264.000000,0.000000,0.000000,0.000000
13.151228,-214536842389394818295928262330679296.000000,0.000000,0.000000,0.000000
13.161228,-214536842389394818295928262330679296.000000,0.000000,0.000000,0.000000
13.171228,-214536842389394818295928262330679296.000000,0.000000,0.000000,0.000000
13.181228,-215709240658246870957237325537476608.000000,0.000000,0.000000,0.000000
13.191228,-215709240658246870957237325537476608.000000,0.000000,0.000000,0.000000
13.201228,-215709240658246870957237325537476608.000000,0.000000,0.000000,0.000000
13.211228,-216880556078206831312295660141674496.000000,0.000000,0.000000,0.000000
13.221228,-216880556078206831312295660141674496.000000,0.000000,0.000000,0.000000
13.231228,-216880556078206831312295660141674496.000000,0.000000,0.000000,0.000000
13.241228,-218052235182264395033673422822440960.000000,0.000000,0.000000,0.000000
13.251228,-218052235182264395033673422822440960.000000,0.000000,0.000000,0.000000
13.261228,-219226242567695250090857188753932288.000000,0.000000,0.000000,0.000000
13.271228,-219226242567695250090857188753932288.000000,0.000000,0.000000,0.000000
13.281228,-219226242567695250090857188753932288.000000,0.000000,0.000000,0.000000
13.291228,-219226242567695250090857188753932288.000000,0.000000,0.000000,0.000000
13.301228,-220005641769359013435292154534559744.000000,0.000000,0.000000,0.000000
13.311228,-220005641769359013435292154534559744.000000,0.000000,0.000000,0.000000
13.321228,-221179560011168971263377959467089920.000000,0.000000,0.000000,0.000000
13.331228,-221179560011168971263377959467089920.000000,0.000000,0.000000,0.000000
13.341228,-221179560011168971263377959467089920.000000,0.000000,0.000000,0.000000
13.351228,-222349619724864961554151058899468288.000000,0.000000,0.000000,0.000000
13.361228,-222349619724864961554151058899468288.000000,0.000000,0.000000,0.000000
13.371228,-222349619724864961554151058899468288.000000,0.000000,0.000000,0.000000
13.381228,-223130935787825133881744948073594880.000000,0.000000,0.000000,0.000000
13.391228,-223130935787825133881744948073594880.000000,0.000000,0.000000,0.000000
13.401228,-224303925678122741777714553018122240.000000,0.000000,0.000000,0.000000
13.411228,-224303925678122741777714553018122240.000000,0.000000,0.000000,0.000000
13.421228,-224303925678122741777714553018122240.000000,0.000000,0.000000,0.000000
13.431228,-225474374272075624965498912580304896.000000,0.000000,0.000000,0.000000
13.441228,-225474374272075624965498912580304896.000000,0.000000,0.000000,0.000000
13.451228,-226646332330820714037326092437553152.000000,0.000000,0.000000,0.000000
13.461228,-226646332330820714037326092437553152.000000,0.000000,0.000000,0.000000
13.471228,-226646332330820714037326092437553152.000000,0.000000,0.000000,0.000000
13.481228,-227817902876542363177593271436181504.000000,0.000000,0.000000,0.000000
13.491228,-227817902876542363177593271436181504.000000,0.000000,0.000000,0.000000
13.501228,-227817902876542363177593271436181504.000000,0.000000,0.000000,0.000000
13.511228,-228992405239545795617691355523842048.000000,0.000000,0.000000,0.000000
13.521228,-228992405239545795617691355523842048.000000,0.000000,0.000000,0.000000
13.531228,-228992405239545795617691355523842048.000000,0.000000,0.000000,0.000000
13.541228,-228992405239545795617691355523842048.000000,0.000000,0.000000,0.000000
13.551228,-230161699888467179869712094058250240.000000,0.000000,0.000000,0.000000
13.561228,-230161699888467179869712094058250240.000000,0.000000,0.000000,0.000000
13.571228,-231334288319960179237402259964821504.000000,0.000000,0.000000,0.000000
13.581228,-231334288319960179237402259964821504.000000,0.000000,0.000000,0.000000
13.591228,-231334288319960179237402259964821504.000000,0.000000,0.000000,0.000000
13.601228,-231334288319960179237402259964821504.000000,0.000000,0.000000,0.000000
13.611228,-232115369843788026223914552609734656.000000,0.000000,0.000000,0.000000
13.621228,-232115369843788026223914552609734656.000000,0.000000,0.000000,0.000000
13.631228,-233287004688545638541105654495444992.000000,0.000000,0.000000,0.000000
13.641228,-233287004688545638541105654495444992.000000,0.000000,0.000000,0.000000
13.651228,-234460783316288440435887033267781632.000000,0.000000,0.000000,0.000000
13.661228,-234460783316288440435887033267781632.000000,0.000000,0.000000,0.000000
13.671228,-234460783316288440435887033267781632.000000,0.000000,0.000000,0.000000
13.681228,-234460783316288440435887033267781632.000000,0.000000,0.000000,0.000000
13.691228,-235242265205134155714410645985165312.000000,0.000000,0.000000,0.000000
13.701228,-235242265205134155714410645985165312.000000,0.000000,0.000000,0.000000
13.711228,-236413154595151212431222348907020288.000000,0.000000,0.000000,0.000000
13.721228,-236413154595151212431222348907020288.000000,0.000000,0.000000,0.000000
13.731228,-236413154595151212431222348907020288.000000,0.000000,0.000000,0.000000
13.741228,-237584606074371284601133170211946496.000000,0.000000,0.000000,0.000000
13.751228,-237584606074371284601133170211946496.000000,0.000000,0.000000,0.000000
13.761228,-237584606074371284601133170211946496.000000,0.000000,0.000000,0.000000
13.771228,-238756396900933556381912040436924416.000000,0.000000,0.000000,0.000000
13.781228,-238756396900933556381912040436924416.000000,0.000000,0.000000,0.000000
13.791228,-238756396900933556381912040436924416.000000,0.000000,0.000000,0.000000
13.801228,-239929596837352837258330702901936128.000000,0.000000,0.000000,0.000000
13.811228,-239929596837352837258330702901936128.000000,0.000000,0.000000,0.000000
13.821228,-239929596837352837258330702901936128.000000,0.000000,0.000000,0.000000
13.831228,-241492249003009156792767595923111936.000000,0.000000,0.000000,0.000000
13.841228,-241492249003009156792767595923111936.000000,0.000000,0.000000,0.000000
13.851228,-241492249003009156792767595923111936.000000,0.000000,0.000000,0.000000
13.861228,-241492249003009156792767595923111936.000000,0.000000,0.000000,0.000000
13.871228,-242663648136720023889786181259362304.000000,0.000000,0.000000,0.000000
13.881228,-242663648136720023889786181259362304.000000,0.000000,0.000000,0.000000
13.891228,-242663648136720023889786181259362304.000000,0.000000,0.000000,0.000000
13.901228,-243443551535016216790264633572196352.000000,0.000000,0.000000,0.000000
13.911228,-244616085863128418159914330898825216.000000,0.000000,0.000000,0.000000
13.921228,-244616085863128418159914330898825216.000000,0.000000,0.000000,0.000000
13.931228,-244616085863128418159914330898825216.000000,0.000000,0.000000,0.000000
13.941228,-244616085863128418159914330898825216.000000,0.000000,0.000000,0.000000
13.951228,-245787598945981368950513883366293504.000000,0.000000,0.000000,0.000000
13.961228,-245787598945981368950513883366293504.000000,0.000000,0.000000,0.000000
13.971228,-246959423250231290804026794907271168.000000,0.000000,0.000000,0.000000
13.981228,-246959423250231290804026794907271168.000000,0.000000,0.000000,0.000000
13.991228,-246959423250231290804026794907271168.000000,0.000000,0.000000,0.000000
14.001228,-248131340565419577428475631772893184.000000,0.000000,0.000000,0.000000
14.011228,-248131340565419577428475631772893184.000000,0.000000,0.000000,0.000000
14.021228,-248131340565419577428475631772893184.000000,0.000000,0.000000,0.000000
14.031228,-248912384002029922042665593751994368.000000,0.000000,0.000000,0.000000
14.041228,-248912384002029922042665593751994368.000000,0.000000,0.000000,0.000000
14.051228,-250084675157907118944161838764392448.000000,0.000000,0.000000,0.000000
14.061228,-250084675157907118944161838764392448.000000,0.000000,0.000000,0.000000
14.071228,-250084675157907118944161838764392448.000000,0.000000,0.000000,0.000000
14.081228,-250084675157907118944161838764392448.000000,0.000000,0.000000,0.000000
14.091228,-250865710508308172996158078150770688.000000,0.000000,0.000000,0.000000
14.101228,-252043085702235951922298874253803520.000000,0.000000,0.000000,0.000000
14.111228,-252043085702235951922298874253803520.000000,0.000000,0.000000,0.000000
14.121228,-252043085702235951922298874253803520.000000,0.000000,0.000000,0.000000
14.131228,-252043085702235951922298874253803520.000000,0.000000,0.000000,0.000000
14.141228,-253212071395461525226765292700434432.000000,0.000000,0.000000,0.000000
14.151228,-253212071395461525226765292700434432.000000,0.000000,0.000000,0.000000
14.161228,-253212071395461525226765292700434432.000000,0.000000,0.000000,0.000000
14.171228,-254381123301849866344996879078522880.000000,0.000000,0.000000,0.000000
14.181228,-254381123301849866344996879078522880.000000,0.000000,0.000000,0.000000
14.191228,-255557906327438701471599000251531264.000000,0.000000,0.000000,0.000000
14.201228,-255557906327438701471599000251531264.000000,0.000000,0.000000,0.000000
14.211228,-255557906327438701471599000251531264.000000,0.000000,0.000000,0.000000
14.221228,-255557906327438701471599000251531264.000000,0.000000,0.000000,0.000000
14.231228,-257115664305174888477410125177421824.000000,0.000000,0.000000,0.000000
14.241228,-257115664305174888477410125177421824.000000,0.000000,0.000000,0.000000
14.251228,-257115664305174888477410125177421824.000000,0.000000,0.000000,0.000000
14.261228,-257896951656232622317503864494882816.000000,0.000000,0.000000,0.000000
14.271228,-257896951656232622317503864494882816.000000,0.000000,0.000000,0.000000
14.281228,-259070491994717058559879515446706176.000000,0.000000,0.000000,0.000000
14.291228,-259070491994717058559879515446706176.000000,0.000000,0.000000,0.000000
14.301228,-259070491994717058559879515446706176.000000,0.000000,0.000000,0.000000
14.311228,-259070491994717058559879515446706176.000000,0.000000,0.000000,0.000000
14.321228,-260240748355646904905772219993423872.000000,0.000000,0.000000,0.000000
14.331228,-260240748355646904905772219993423872.000000,0.000000,0.000000,0.000000
14.341228,-261023485833565163018067234848243712.000000,0.000000,0.000000,0.000000
14.351228,-261023485833565163018067234848243712.000000,0.000000,0.000000,0.000000
14.361228,-261023485833565163018067234848243712.000000,0.000000,0.000000,0.000000
14.371228,-262193826103564986085768676797054976.000000,0.000000,0.000000,0.000000
14.381228,-262193826103564986085768676797054976.000000,0.000000,0.000000,0.000000
14.391228,-263365576538144774004198850552659968.000000,0.000000,0.000000,0.000000
14.401228,-263365576538144774004198850552659968.000000,0.000000,0.000000,0.000000
14.411228,-263365576538144774004198850552659968.000000,0.000000,0.000000,0.000000
14.421228,-264537537526675838986777035622318080.000000,0.000000,0.000000,0.000000
14.431228,-264537537526675838986777035622318080.000000,0.000000,0.000000,0.000000
14.441228,-264537537526675838986777035622318080.000000,0.000000,0.000000,0.000000
14.451228,-265709578205385094564296347246133248.000000,0.000000,0.000000,0.000000
14.461228,-265709578205385094564296347246133248.000000,0.000000,0.000000,0.000000
14.471228,-265709578205385094564296347246133248.000000,0.000000,0.000000,0.000000
14.481228,-266881411924013901677298766414086144.000000,0.000000,0.000000,0.000000
14.491228,-266881411924013901677298766414086144.000000,0.000000,0.000000,0.000000
14.501228,-266881411924013901677298766414086144.000000,0.000000,0.000000,0.000000
14.511228,-267664685240252966850400275451084800.000000,0.000000,0.000000,0.000000
14.521228,-267664685240252966850400275451084800.000000,0.000000,0.000000,0.000000
14.531228,-267664685240252966850400275451084800.000000,0.000000,0.000000,0.000000
14.541228,-268836558061758410716146638033780736.000000,0.000000,0.000000,0.000000
14.551228,-268836558061758410716146638033780736.000000,0.000000,0.000000,0.000000
14.561228,-268836558061758410716146638033780736.000000,0.000000,0.000000,0.000000
14.571228,-270009039028702235738994339223699456.000000,0.000000,0.000000,0.000000
14.581228,-270009039028702235738994339223699456.000000,0.000000,0.000000,0.000000
14.591228,-270009039028702235738994339223699456.000000,0.000000,0.000000,0.000000
14.601228,-271180062993554524074693436540715008.000000,0.000000,0.000000,0.000000
14.611228,-271180062993554524074693436540715008.000000,0.000000,0.000000,0.000000
14.621228,-271180062993554524074693436540715008.000000,0.000000,0.000000,0.000000
14.631228,-272352072655596396568174379923406848.000000,0.000000,0.000000,0.000000
14.641228,-272352072655596396568174379923406848.000000,0.000000,0.000000,0.000000
14.651228,-272352072655596396568174379923406848.000000,0.000000,0.000000,0.000000
14.661228,-273525890190896802129339362859548672.000000,0.000000,0.000000,0.000000
14.671228,-273525890190896802129339362859548672.000000,0.000000,0.000000,0.000000
14.681228,-273525890190896802129339362859548672.000000,0.000000,0.000000,0.000000
14.691228,-274694019097515214840234100719091712.000000,0.000000,0.000000,0.000000
14.701228,-274694019097515214840234100719091712.000000,0.000000,0.000000,0.000000
14.711228,-275869335081612633599473470983372800.000000,0.000000,0.000000,0.000000
14.721228,-275869335081612633599473470983372800.000000,0.000000,0.000000,0.000000
14.731228,-275869335081612633599473470983372800.000000,0.000000,0.000000,0.000000
14.741228,-275869335081612633599473470983372800.000000,0.000000,0.000000,0.000000
14.751228,-277040110014658002539005252980441088.000000,0.000000,0.000000,0.000000
14.761228,-277040110014658002539005252980441088.000000,0.000000,0.000000,0.000000
14.771228,-277040110014658002539005252980441088.000000,0.000000,0.000000,0.000000
14.781228,-278211153511416735457230806015016960.000000,0.000000,0.000000,0.000000
14.791228,-278211153511416735457230806015016960.000000,0.000000,0.000000,0.000000
14.801228,-278211153511416735457230806015016960.000000,0.000000,0.000000,0.000000
14.811228,-279385348207830167165891175650426880.000000,0.000000,0.000000,0.000000
14.821228,-279385348207830167165891175650426880.000000,0.000000,0.000000,0.000000
14.831228,-279385348207830167165891175650426880.000000,0.000000,0.000000,0.000000
14.841228,-280555265026098780814555492026155008.000000,0.000000,0.000000,0.000000
14.851228,-280555265026098780814555492026155008.000000,0.000000,0.000000,0.000000
14.861228,-280555265026098780814555492026155008.000000,0.000000,0.000000,0.000000
14.871228,-281725806943500562877126244036509696.000000,0.000000,0.000000,0.000000
14.881228,-281725806943500562877126244036509696.000000,0.000000,0.000000,0.000000
14.891228,-282901161405453623968384918306684928.000000,0.000000,0.000000,0.000000
14.901228,-282901161405453623968384918306684928.000000,0.000000,0.000000,0.000000
14.911228,-282901161405453623968384918306684928.000000,0.000000,0.000000,0.000000
14.921228,-282901161405453623968384918306684928.000000,0.000000,0.000000,0.000000
14.931228,-284461782330969563278693915483439104.000000,0.000000,0.000000,0.000000
14.941228,-284461782330969563278693915483439104.000000,0.000000,0.000000,0.000000
14.951228,-284461782330969563278693915483439104.000000,0.000000,0.000000,0.000000
14.961228,-284461782330969563278693915483439104.000000,0.000000,0.000000,0.000000
14.971228,-285243035852765365354512114381750272.000000,0.000000,0.000000,0.000000
14.981228,-285243035852765365354512114381750272.000000,0.000000,0.000000,0.000000
14.991228,-286414439283495624434244816782491648.000000,0.000000,0.000000,0.000000
15.001228,-286414439283495624434244816782491648.000000,0.000000,0.000000,0.000000
15.011228,-286414439283495624434244816782491648.000000,0.000000,0.000000,0.000000
15.021228,-288607276945682753489313350553698304.000000,0.000000,0.000000,0.000000
15.031228,-288607276945682753489313350553698304.000000,0.000000,0.000000,0.000000
15.041228,-288607276945682753489313350553698304.000000,0.000000,0.000000,0.000000
15.051228,-288607276945682753489313350553698304.000000,0.000000,0.000000,0.000000
15.061228,-290396556371505981691704844623020032.000000,0.000000,0.000000,0.000000
15.071228,-290396556371505981691704844623020032.000000,0.000000,0.000000,0.000000
15.081228,-290396556371505981691704844623020032.000000,0.000000,0.000000,0.000000
15.091228,-292198826589776407567359822065041408.000000,0.000000,0.000000,0.000000
15.101228,-292198826589776407567359822065041408.000000,0.000000,0.000000,0.000000
15.111228,-292198826589776407567359822065041408.000000,0.000000,0.000000,0.000000
15.121228,-293382850961963360645452662950592512.000000,0.000000,0.000000,0.000000
15.131228,-293382850961963360645452662950592512.000000,0.000000,0.000000,0.000000
15.141228,-294574869352756318571616631449976832.000000,0.000000,0.000000,0.000000
15.151228,-294574869352756318571616631449976832.000000,0.000000,0.000000,0.000000
15.161228,-296365007325478476221710584470568960.000000,0.000000,0.000000,0.000000
15.171228,-296365007325478476221710584470568960.000000,0.000000,0.000000,0.000000
15.181228,-296365007325478476221710584470568960.000000,0.000000,0.000000,0.000000
15.191228,-298162605781391307559489319085277184.000000,0.000000,0.000000,0.000000
15.201228,-298162605781391307559489319085277184.000000,0.000000,0.000000,0.000000
15.211228,-298162605781391307559489319085277184.000000,0.000000,0.000000,0.000000
15.221228,-299952283692475572975186524753625088.000000,0.000000,0.000000,0.000000
15.231228,-299952283692475572975186524753625088.000000,0.000000,0.000000,0.000000
15.241228,-299952283692475572975186524753625088.000000,0.000000,0.000000,0.000000
15.251228,-301739145844889403872808987890024448.000000,0.000000,0.000000,0.000000
15.261228,-301739145844889403872808987890024448.000000,0.000000,0.000000,0.000000
15.271228,-301739145844889403872808987890024448.000000,0.000000,0.000000,0.000000
15.281228,-302929092287096601116901035841945600.000000,0.000000,0.000000,0.000000
15.291228,-302929092287096601116901035841945600.000000,0.000000,0.000000,0.000000
15.301228,-304721466106855260079547253505654784.000000,0.000000,0.000000,0.000000
15.311228,-304721466106855260079547253505654784.000000,0.000000,0.000000,0.000000
15.321228,-304721466106855260079547253505654784.000000,0.000000,0.000000,0.000000
15.331228,-306512283189763806739193318462193664.000000,0.000000,0.000000,0.000000
15.341228,-306512283189763806739193318462193664.000000,0.000000,0.000000,0.000000
15.351228,-306512283189763806739193318462193664.000000,0.000000,0.000000,0.000000
15.361228,-308305313379246433871116239259041792.000000,0.000000,0.000000,0.000000
15.371228,-308305313379246433871116239259041792.000000,0.000000,0.000000,0.000000
15.381228,-308305313379246433871116239259041792.000000,0.000000,0.000000,0.000000
15.391228,-310098149051230616477794275059302400.000000,0.000000,0.000000,0.000000
15.401228,-310098149051230616477794275059302400.000000,0.000000,0.000000,0.000000
15.411228,-310098149051230616477794275059302400.000000,0.000000,0.000000,0.000000
15.421228,-311881281111264786450322763001364480.000000,0.000000,0.000000,0.000000
15.431228,-311881281111264786450322763001364480.000000,0.000000,0.000000,0.000000
15.441228,-311881281111264786450322763001364480.000000,0.000000,0.000000,0.000000
15.451228,-313675454173119380321301345396064256.000000,0.000000,0.000000,0.000000
15.461228,-313675454173119380321301345396064256.000000,0.000000,0.000000,0.000000
15.471228,-313675454173119380321301345396064256.000000,0.000000,0.000000,0.000000
15.481228,-316065065352301996067761095398391808.000000,0.000000,0.000000,0.000000
15.491228,-316065065352301996067761095398391808.000000,0.000000,0.000000,0.000000
15.501228,-316065065352301996067761095398391808.000000,0.000000,0.000000,0.000000
15.511228,-316065065352301996067761095398391808.000000,0.000000,0.000000,0.000000
15.521228,-317850549110389634097875797585952768.000000,0.000000,0.000000,0.000000
15.531228,-317850549110389634097875797585952768.000000,0.000000,0.000000,0.000000
15.541228,-317850549110389634097875797585952768.000000,0.000000,0.000000,0.000000
15.551228,-319043769224200037296365397900001280.000000,0.000000,0.000000,0.000000
15.561228,-319043769224200037296365397900001280.000000,0.000000,0.000000,0.000000
15.571228,-320840058462153909989966242608316416.000000,0.000000,0.000000,0.000000
15.581228,-320840058462153909989966242608316416.000000,0.000000,0.000000,0.000000
15.591228,-320840058462153909989966242608316416.000000,0.000000,0.000000,0.000000
15.601228,-322628779065426680611118054849380352.000000,0.000000,0.000000,0.000000
15.611228,-322628779065426680611118054849380352.000000,0.000000,0.000000,0.000000
15.621228,-322628779065426680611118054849380352.000000,0.000000,0.000000,0.000000
15.631228,-324424512146875297766870100314423296.000000,0.000000,0.000000,0.000000
15.641228,-324424512146875297766870100314423296.000000,0.000000,0.000000,0.000000
15.651228,-324424512146875297766870100314423296.000000,0.000000,0.000000,0.000000
15.661228,-326210917281650117592755067884142592.000000,0.000000,0.000000,0.000000
15.671228,-326210917281650117592755067884142592.000000,0.000000,0.000000,0.000000
15.681228,-326210917281650117592755067884142592.000000,0.000000,0.000000,0.000000
15.691228,-327997324505443773091819347767197696.000000,0.000000,0.000000,0.000000
15.701228,-327997324505443773091819347767197696.000000,0.000000,0.000000,0.000000
15.711228,-327997324505443773091819347767197696.000000,0.000000,0.000000,0.000000
15.721228,-329795351150535469229229812993753088.000000,0.000000,0.000000,0.000000
15.731228,-329795351150535469229229812993753088.000000,0.000000,0.000000,0.000000
15.741228,-329795351150535469229229812993753088.000000,0.000000,0.000000,0.000000
15.751228,-331597168171122373059224132839800832.000000,0.000000,0.000000,0.000000
15.761228,-331597168171122373059224132839800832.000000,0.000000,0.000000,0.000000
15.771228,-331597168171122373059224132839800832.000000,0.000000,0.000000,0.000000
15.781228,-333379730525871869053477088139411456.000000,0.000000,0.000000,0.000000
15.791228,-333379730525871869053477088139411456.000000,0.000000,0.000000,0.000000
15.801228,-333379730525871869053477088139411456.000000,0.000000,0.000000,0.000000
15.811228,-334570853921301429500870229741273088.000000,0.000000,0.000000,0.000000
15.821228,-334570853921301429500870229741273088.000000,0.000000,0.000000,0.000000
15.831228,-336370424112581345782781128432680960.000000,0.000000,0.000000,0.000000
15.841228,-336370424112581345782781128432680960.000000,0.000000,0.000000,0.000000
15.851228,-336370424112581345782781128432680960.000000,0.000000,0.000000,0.000000
15.861228,-338160292661557588640908835999973376.000000,0.000000,0.000000,0.000000
15.871228,-338160292661557588640908835999973376.000000,0.000000,0.000000,0.000000
15.881228,-338160292661557588640908835999973376.000000,0.000000,0.000000,0.000000
15.891228,-339944263432818535976857462672195584.000000,0.000000,0.000000,0.000000
15.901228,-339944263432818535976857462672195584.000000,0.000000,0.000000,0.000000
15.911228,-339944263432818535976857462672195584.000000,0.000000,0.000000,0.000000
15.921228,-341726306457480849796622061037158400.000000,0.000000,0.000000,0.000000
15.931228,-341726306457480849796622061037158400.000000,0.000000,0.000000,0.000000
15.941228,-341726306457480849796622061037158400.000000,0.000000,0.000000,0.000000
15.951228,-343518099291253033601452905760555008.000000,0.000000,0.000000,0.000000
15.961228,-343518099291253033601452905760555008.000000,0.000000,0.000000,0.000000
15.971228,-343518099291253033601452905760555008.000000,0.000000,0.000000,0.000000
15.981228,-345311811157430945054335367961903104.000000,0.000000,0.000000,0.000000
15.991228,-345311811157430945054335367961903104.000000,0.000000,0.000000,0.000000
16.001228,-345311811157430945054335367961903104.000000,0.000000,0.000000,0.000000
16.011228,-346505991085875416340395018543955968.000000,0.000000,0.000000,0.000000
16.021228,-346505991085875416340395018543955968.000000,0.000000,0.000000,0.000000
16.031228,-348292300125783020436780523899060224.000000,0.000000,0.000000,0.000000
16.041228,-348292300125783020436780523899060224.000000,0.000000,0.000000,0.000000
16.051228,-348292300125783020436780523899060224.000000,0.000000,0.000000,0.000000
16.061228,-350083145858092931780824773022449664.000000,0.000000,0.000000,0.000000
16.071228,-350083145858092931780824773022449664.000000,0.000000,0.000000,0.000000
16.081228,-350083145858092931780824773022449664.000000,0.000000,0.000000,0.000000
16.091228,-351275252524854070613405549427949568.000000,0.000000,0.000000,0.000000
16.101228,-351275252524854070613405549427949568.000000,0.000000,0.000000,0.000000
16.111228,-353070334787400210949052947805241344.000000,0.000000,0.000000,0.000000
16.121228,-353070334787400210949052947805241344.000000,0.000000,0.000000,0.000000
16.131228,-353070334787400210949052947805241344.000000,0.000000,0.000000,0.000000
16.141228,-354260650210023231284091594576232448.000000,0.000000,0.000000,0.000000
16.151228,-354260650210023231284091594576232448.000000,0.000000,0.000000,0.000000
16.161228,-356050331881341393532813932924764160.000000,0.000000,0.000000,0.000000
16.171228,-356050331881341393532813932924764160.000000,0.000000,0.000000,0.000000
16.181228,-356050331881341393532813932924764160.000000,0.000000,0.000000,0.000000
16.191228,-357839279590806651784341527797432320.000000,0.000000,0.000000,0.000000
16.201228,-357839279590806651784341527797432320.000000,0.000000,0.000000,0.000000
16.211228,-357839279590806651784341527797432320.000000,0.000000,0.000000,0.000000
16.221228,-359032452194359699647483770820362240.000000,0.000000,0.000000,0.000000
16.231228,-359032452194359699647483770820362240.000000,0.000000,0.000000,0.000000
16.241228,-360830255314433986506347857888411648.000000,0.000000,0.000000,0.000000
16.251228,-360830255314433986506347857888411648.000000,0.000000,0.000000,0.000000
16.261228,-360830255314433986506347857888411648.000000,0.000000,0.000000,0.000000
16.271228,-362017101533289136427833944877039616.000000,0.000000,0.000000,0.000000
16.281228,-362017101533289136427833944877039616.000000,0.000000,0.000000,0.000000
16.291228,-363812610433171576866080209078583296.000000,0.000000,0.000000,0.000000
16.301228,-363812610433171576866080209078583296.000000,0.000000,0.000000,0.000000
16.311228,-363812610433171576866080209078583296.000000,0.000000,0.000000,0.000000
16.321228,-365604535889797882393714864215293952.000000,0.000000,0.000000,0.000000
16.331228,-365604535889797882393714864215293952.000000,0.000000,0.000000,0.000000
16.341228,-365604535889797882393714864215293952.000000,0.000000,0.000000,0.000000
16.351228,-367391882336468379725124017923817472.000000,0.000000,0.000000,0.000000
16.361228,-367391882336468379725124017923817472.000000,0.000000,0.000000,0.000000
16.371228,-367391882336468379725124017923817472.000000,0.000000,0.000000,0.000000
16.381228,-369180041351786936815556077874577408.000000,0.000000,0.000000,0.000000
16.391228,-369180041351786936815556077874577408.000000,0.000000,0.000000,0.000000
16.401228,-369180041351786936815556077874577408.000000,0.000000,0.000000,0.000000
16.411228,-370978689151713414474298441341075456.000000,0.000000,0.000000,0.000000
16.421228,-370978689151713414474298441341075456.000000,0.000000,0.000000,0.000000
16.431228,-370978689151713414474298441341075456.000000,0.000000,0.000000,0.000000
16.441228,-372769492327724979518102611322470400.000000,0.000000,0.000000,0.000000
16.451228,-372769492327724979518102611322470400.000000,0.000000,0.000000,0.000000
16.461228,-372769492327724979518102611322470400.000000,0.000000,0.000000,0.000000
16.471228,-374553177559951661416762682254557184.000000,0.000000,0.000000,0.000000
16.481228,-374553177559951661416762682254557184.000000,0.000000,0.000000,0.000000
16.491228,-374553177559951661416762682254557184.000000,0.000000,0.000000,0.000000
16.501228,-376354077083457850533801119816089600.000000,0.000000,0.000000,0.000000
16.511228,-376354077083457850533801119816089600.000000,0.000000,0.000000,0.000000
16.521228,-376354077083457850533801119816089600.000000,0.000000,0.000000,0.000000
16.531228,-378136838133743573080122026996269056.000000,0.000000,0.000000,0.000000
16.541228,-378136838133743573080122026996269056.000000,0.000000,0.000000,0.000000
16.551228,-378136838133743573080122026996269056.000000,0.000000,0.000000,0.000000
16.561228,-379329272597406045599710901916663808.000000,0.000000,0.000000,0.000000
16.571228,-379329272597406045599710901916663808.000000,0.000000,0.000000,0.000000
16.581228,-381123570582588075259271006319017984.000000,0.000000,0.000000,0.000000
16.591228,-381123570582588075259271006319017984.000000,0.000000,0.000000,0.000000
16.601228,-381123570582588075259271006319017984.000000,0.000000,0.000000,0.000000
16.611228,-382912628413190137999417356218007552.000000,0.000000,0.000000,0.000000
16.621228,-382912628413190137999417356218007552.000000,0.000000,0.000000,0.000000
16.631228,-382912628413190137999417356218007552.000000,0.000000,0.000000,0.000000
16.641228,-384698688561422768434167167353618432.000000,0.000000,0.000000,0.000000
16.651228,-384698688561422768434167167353618432.000000,0.000000,0.000000,0.000000
16.661228,-384698688561422768434167167353618432.000000,0.000000,0.000000,0.000000
16.671228,-387086856944812258324165277564010496.000000,0.000000,0.000000,0.000000
16.681228,-387086856944812258324165277564010496.000000,0.000000,0.000000,0.000000
16.691228,-387086856944812258324165277564010496.000000,0.000000,0.000000,0.000000
16.701228,-387086856944812258324165277564010496.000000,0.000000,0.000000,0.000000
16.711228,-388281551667188640369451351458971648.000000,0.000000,0.000000,0.000000
16.721228,-388281551667188640369451351458971648.000000,0.000000,0.000000,0.000000
16.731228,-390072439836424475337899018983309312.000000,0.000000,0.000000,0.000000
16.741228,-390072439836424475337899018983309312.000000,0.000000,0.000000,0.000000
16.751228,-390072439836424475337899018983309312.000000,0.000000,0.000000,0.000000
16.761228,-391878275174306734197984402230738944.000000,0.000000,0.000000,0.000000
16.771228,-391878275174306734197984402230738944.000000,0.000000,0.000000,0.000000
16.781228,-391878275174306734197984402230738944.000000,0.000000,0.000000,0.000000
16.791228,-393655659209434411630834494658838528.000000,0.000000,0.000000,0.000000
16.801228,-393655659209434411630834494658838528.000000,0.000000,0.000000,0.000000
16.811228,-393655659209434411630834494658838528.000000,0.000000,0.000000,0.000000
16.821228,-395454462671108599222712171451383808.000000,0.000000,0.000000,0.000000
16.831228,-395454462671108599222712171451383808.000000,0.000000,0.000000,0.000000
16.841228,-395454462671108599222712171451383808.000000,0.000000,0.000000,0.000000
16.851228,-397245078611344594268672105476259840.000000,0.000000,0.000000,0.000000
16.861228,-397245078611344594268672105476259840.000000,0.000000,0.000000,0.000000
16.871228,-397245078611344594268672105476259840.000000,0.000000,0.000000,0.000000
16.881228,-399031193730616236153877503731040256.000000,0.000000,0.000000,0.000000
16.891228,-399031193730616236153877503731040256.000000,0.000000,0.000000,0.000000
16.901228,-399031193730616236153877503731040256.000000,0.000000,0.000000,0.000000
16.911228,-400832602437547444999791221409841152.000000,0.000000,0.000000,0.000000
16.921228,-400832602437547444999791221409841152.000000,0.000000,0.000000,0.000000
16.931228,-400832602437547444999791221409841152.000000,0.000000,0.000000,0.000000
16.941228,-402611160506551149385802143659720704.000000,0.000000,0.000000,0.000000
16.951228,-402611160506551149385802143659720704.000000,0.000000,0.000000,0.000000
16.961228,-402611160506551149385802143659720704.000000,0.000000,0.000000,0.000000
16.971228,-403803550224275095713572578182299648.000000,0.000000,0.000000,0.000000
16.981228,-403803550224275095713572578182299648.000000,0.000000,0.000000,0.000000
16.991228,-405701984546147807954421018735411200.000000,0.000000,0.000000,0.000000
17.001228,-405701984546147807954421018735411200.000000,0.000000,0.000000,0.000000
17.011228,-405701984546147807954421018735411200.000000,0.000000,0.000000,0.000000
17.021228,-407936098494469364878964780716523520.000000,0.000000,0.000000,0.000000
17.031228,-407936098494469364878964780716523520.000000,0.000000,0.000000,0.000000
17.041228,-407936098494469364878964780716523520.000000,0.000000,0.000000,0.000000
17.051228,-410206295683201550151509383112032256.000000,0.000000,0.000000,0.000000
17.061228,-410206295683201550151509383112032256.000000,0.000000,0.000000,0.000000
17.071228,-410206295683201550151509383112032256.000000,0.000000,0.000000,0.000000
17.081228,-412481921010656487046231787726438400.000000,0.000000,0.000000,0.000000
17.091228,-412481921010656487046231787726438400.000000,0.000000,0.000000,0.000000
17.101228,-412481921010656487046231787726438400.000000,0.000000,0.000000,0.000000
17.111228,-414757091944575216018726024430747648.000000,0.000000,0.000000,0.000000
17.121228,-414757091944575216018726024430747648.000000,0.000000,0.000000,0.000000
17.131228,-414757091944575216018726024430747648.000000,0.000000,0.000000,0.000000
17.141228,-417036246854387018337727940044783616.000000,0.000000,0.000000,0.000000
17.151228,-417036246854387018337727940044783616.000000,0.000000,0.000000,0.000000
17.161228,-417036246854387018337727940044783616.000000,0.000000,0.000000,0.000000
17.171228,-419313113495724323415536879963996160.000000,0.000000,0.000000,0.000000
17.181228,-419313113495724323415536879963996160.000000,0.000000,0.000000,0.000000
17.191228,-419313113495724323415536879963996160.000000,0.000000,0.000000,0.000000
17.201228,-421593045620568399861596764306931712.000000,0.000000,0.000000,0.000000
17.211228,-421593045620568399861596764306931712.000000,0.000000,0.000000,0.000000
17.221228,-421593045620568399861596764306931712.000000,0.000000,0.000000,0.000000
17.231228,-423859888318904995537370935369662464.000000,0.000000,0.000000,0.000000
17.241228,-423859888318904995537370935369662464.000000,0.000000,0.000000,0.000000
17.251228,-423859888318904995537370935369662464.000000,0.000000,0.000000,0.000000
17.261228,-426131700749618761891691813159305216.000000,0.000000,0.000000,0.000000
17.271228,-426131700749618761891691813159305216.000000,0.000000,0.000000,0.000000
17.281228,-426131700749618761891691813159305216.000000,0.000000,0.000000,0.000000
17.291228,-428410553084742553810132243337707520.000000,0.000000,0.000000,0.000000
17.301228,-428410553084742553810132243337707520.000000,0.000000,0.000000,0.000000
17.311228,-428410553084742553810132243337707520.000000,0.000000,0.000000,0.000000
17.321228,-430686346154686461258473713520607232.000000,0.000000,0.000000,0.000000
17.331228,-430686346154686461258473713520607232.000000,0.000000,0.000000,0.000000
17.341228,-430686346154686461258473713520607232.000000,0.000000,0.000000,0.000000
17.351228,-432959703763807460880200327216758784.000000,0.000000,0.000000,0.000000
17.361228,-432959703763807460880200327216758784.000000,0.000000,0.000000,0.000000
17.371228,-432959703763807460880200327216758784.000000,0.000000,0.000000,0.000000
17.381228,-435239093150044243244949653464023040.000000,0.000000,0.000000,0.000000
17.391228,-435239093150044243244949653464023040.000000,0.000000,0.000000,0.000000
17.401228,-435239093150044243244949653464023040.000000,0.000000,0.000000,0.000000
17.411228,-437515899503943597377405239242522624.000000,0.000000,0.000000,0.000000
17.421228,-437515899503943597377405239242522624.000000,0.000000,0.000000,0.000000
17.431228,-437515899503943597377405239242522624.000000,0.000000,0.000000,0.000000
17.441228,-439784853779270259090428203815141376.000000,0.000000,0.000000,0.000000
17.451228,-439784853779270259090428203815141376.000000,0.000000,0.000000,0.000000
17.461228,-439784853779270259090428203815141376.000000,0.000000,0.000000,0.000000
17.471228,-441301487563422895498380717049511936.000000,0.000000,0.000000,0.000000
17.481228,-441301487563422895498380717049511936.000000,0.000000,0.000000,0.000000
17.491228,-443576513352491048086370651343945728.000000,0.000000,0.000000,0.000000
17.501228,-443576513352491048086370651343945728.000000,0.000000,0.000000,0.000000
17.511228,-443576513352491048086370651343945728.000000,0.000000,0.000000,0.000000
17.521228,-445854261707086138377603626095869952.000000,0.000000,0.000000,0.000000
17.531228,-445854261707086138377603626095869952.000000,0.000000,0.000000,0.000000
17.541228,-445854261707086138377603626095869952.000000,0.000000,0.000000,0.000000
17.551228,-448128441424526397908326036287782912.000000,0.000000,0.000000,0.000000
17.561228,-448128441424526397908326036287782912.000000,0.000000,0.000000,0.000000
17.571228,-448128441424526397908326036287782912.000000,0.000000,0.000000,0.000000
17.581228,-449647525608653118042747500557762560.000000,0.000000,0.000000,0.000000
17.591228,-449647525608653118042747500557762560.000000,0.000000,0.000000,0.000000
17.601228,-451915925391218063732104759143825408.000000,0.000000,0.000000,0.000000
17.611228,-451915925391218063732104759143825408.000000,0.000000,0.000000,0.000000
17.621228,-451915925391218063732104759143825408.000000,0.000000,0.000000,0.000000
17.631228,-454196232739008638598936792313888768.000000,0.000000,0.000000,0.000000
17.641228,-454196232739008638598936792313888768.000000,0.000000,0.000000,0.000000
17.651228,-454196232739008638598936792313888768.000000,0.000000,0.000000,0.000000
17.661228,-456464671803199650730629465922076672.000000,0.000000,0.000000,0.000000
17.671228,-456464671803199650730629465922076672.000000,0.000000,0.000000,0.000000
17.681228,-456464671803199650730629465922076672.000000,0.000000,0.000000,0.000000
17.691228,-458743259252763011031629910100672512.000000,0.000000,0.000000,0.000000
17.701228,-458743259252763011031629910100672512.000000,0.000000,0.000000,0.000000
17.711228,-458743259252763011031629910100672512.000000,0.000000,0.000000,0.000000
17.721228,-461017621273348621105898915222257664.000000,0.000000,0.000000,0.000000
17.731228,-461017621273348621105898915222257664.000000,0.000000,0.000000,0.000000
17.741228,-461017621273348621105898915222257664.000000,0.000000,0.000000,0.000000
17.751228,-463289655364667336315453641922183168.000000,0.000000,0.000000,0.000000
17.761228,-463289655364667336315453641922183168.000000,0.000000,0.000000,0.000000
17.771228,-463289655364667336315453641922183168.000000,0.000000,0.000000,0.000000
17.781228,-465569799519292789235827580757606400.000000,0.000000,0.000000,0.000000
17.791228,-465569799519292789235827580757606400.000000,0.000000,0.000000,0.000000
17.801228,-465569799519292789235827580757606400.000000,0.000000,0.000000,0.000000
17.811228,-467081667865857641177580791025106944.000000,0.000000,0.000000,0.000000
17.821228,-467081667865857641177580791025106944.000000,0.000000,0.000000,0.000000
17.831228,-469370919897761297968954756126736384.000000,0.000000,0.000000,0.000000
17.841228,-469370919897761297968954756126736384.000000,0.000000,0.000000,0.000000
17.851228,-469370919897761297968954756126736384.000000,0.000000,0.000000,0.000000
17.861228,-470878867513367554793878545598775296.000000,0.000000,0.000000,0.000000
17.871228,-470878867513367554793878545598775296.000000,0.000000,0.000000,0.000000
17.881228,-473158333794525114597519600889364480.000000,0.000000,0.000000,0.000000
17.891228,-473158333794525114597519600889364480.000000,0.000000,0.000000,0.000000
17.901228,-473158333794525114597519600889364480.000000,0.000000,0.000000,0.000000
17.911228,-474671387490701445188393040095477760.000000,0.000000,0.000000,0.000000
17.921228,-474671387490701445188393040095477760.000000,0.000000,0.000000,0.000000
17.931228,-476947436649548110957073136875470848.000000,0.000000,0.000000,0.000000
17.941228,-476947436649548110957073136875470848.000000,0.000000,0.000000,0.000000
17.951228,-476947436649548110957073136875470848.000000,0.000000,0.000000,0.000000
17.961228,-479215007347134247476910839128129536.000000,0.000000,0.000000,0.000000
17.971228,-479215007347134247476910839128129536.000000,0.000000,0.000000,0.000000
17.981228,-479215007347134247476910839128129536.000000,0.000000,0.000000,0.000000
17.991228,-481492726354259569231585947183742976.000000,0.000000,0.000000,0.000000
18.001228,-481492726354259569231585947183742976.000000,0.000000,0.000000,0.000000
18.011228,-481492726354259569231585947183742976.000000,0.000000,0.000000,0.000000
18.021228,-483769367391662730495219200639893504.000000,0.000000,0.000000,0.000000
18.031228,-483769367391662730495219200639893504.000000,0.000000,0.000000,0.000000
18.041228,-483769367391662730495219200639893504.000000,0.000000,0.000000,0.000000
18.051228,-486049709850250466681104832462323712.000000,0.000000,0.000000,0.000000
18.061228,-486049709850250466681104832462323712.000000,0.000000,0.000000,0.000000
18.071228,-486049709850250466681104832462323712.000000,0.000000,0.000000,0.000000
18.081228,-487563206867636399834540790136176640.000000,0.000000,0.000000,0.000000
18.091228,-487563206867636399834540790136176640.000000,0.000000,0.000000,0.000000
18.101228,-489836363746131024595628539596767232.000000,0.000000,0.000000,0.000000
18.111228,-489836363746131024595628539596767232.000000,0.000000,0.000000,0.000000
18.121228,-489836363746131024595628539596767232.000000,0.000000,0.000000,0.000000
18.131228,-492110430017021626299990205070835712.000000,0.000000,0.000000,0.000000
18.141228,-492110430017021626299990205070835712.000000,0.000000,0.000000,0.000000
18.151228,-492110430017021626299990205070835712.000000,0.000000,0.000000,0.000000
18.161228,-494410558964380124302767268525244416.000000,0.000000,0.000000,0.000000
18.171228,-494410558964380124302767268525244416.000000,0.000000,0.000000,0.000000
18.181228,-494410558964380124302767268525244416.000000,0.000000,0.000000,0.000000
18.191228,-496666429576526771814976546611920896.000000,0.000000,0.000000,0.000000
18.201228,-496666429576526771814976546611920896.000000,0.000000,0.000000,0.000000
18.211228,-496666429576526771814976546611920896.000000,0.000000,0.000000,0.000000
18.221228,-498935432688469761842831766180593664.000000,0.000000,0.000000,0.000000
18.231228,-498935432688469761842831766180593664.000000,0.000000,0.000000,0.000000
18.241228,-498935432688469761842831766180593664.000000,0.000000,0.000000,0.000000
18.251228,-501214290483587852084028700216000512.000000,0.000000,0.000000,0.000000
18.261228,-501214290483587852084028700216000512.000000,0.000000,0.000000,0.000000
18.271228,-501214290483587852084028700216000512.000000,0.000000,0.000000,0.000000
18.281228,-503486289084943074793343940558848000.000000,0.000000,0.000000,0.000000
18.291228,-503486289084943074793343940558848000.000000,0.000000,0.000000,0.000000
18.301228,-503486289084943074793343940558848000.000000,0.000000,0.000000,0.000000
18.311228,-505002300884736858594389949849534464.000000,0.000000,0.000000,0.000000
18.321228,-505002300884736858594389949849534464.000000,0.000000,0.000000,0.000000
18.331228,-507276538993783634525465160173223936.000000,0.000000,0.000000,0.000000
18.341228,-507276538993783634525465160173223936.000000,0.000000,0.000000,0.000000
18.351228,-507276538993783634525465160173223936.000000,0.000000,0.000000,0.000000
18.361228,-510316009494861512457157623077142528.000000,0.000000,0.000000,0.000000
18.371228,-510316009494861512457157623077142528.000000,0.000000,0.000000,0.000000
18.381228,-510316009494861512457157623077142528.000000,0.000000,0.000000,0.000000
18.391228,-510316009494861512457157623077142528.000000,0.000000,0.000000,0.000000
18.401228,-511840823336415425262720272096559104.000000,0.000000,0.000000,0.000000
18.411228,-511840823336415425262720272096559104.000000,0.000000,0.000000,0.000000
18.421228,-514111223296918539576906863018508288.000000,0.000000,0.000000,0.000000
18.431228,-514111223296918539576906863018508288.000000,0.000000,0.000000,0.000000
18.441228,-514111223296918539576906863018508288.000000,0.000000,0.000000,0.000000
18.451228,-515627317830793656533810698076028928.000000,0.000000,0.000000,0.000000
18.461228,-515627317830793656533810698076028928.000000,0.000000,0.000000,0.000000
18.471228,-517894217100738644573360069705465856.000000,0.000000,0.000000,0.000000
18.481228,-517894217100738644573360069705465856.000000,0.000000,0.000000,0.000000
18.491228,-517894217100738644573360069705465856.000000,0.000000,0.000000,0.000000
18.501228,-520169102219118441720795630573453312.000000,0.000000,0.000000,0.000000
18.511228,-520169102219118441720795630573453312.000000,0.000000,0.000000,0.000000
18.521228,-520169102219118441720795630573453312.000000,0.000000,0.000000,0.000000
18.531228,-522451994115911474396759775678300160.000000,0.000000,0.000000,0.000000
18.541228,-522451994115911474396759775678300160.000000,0.000000,0.000000,0.000000
18.551228,-522451994115911474396759775678300160.000000,0.000000,0.000000,0.000000
18.561228,-524728343650281769135214165462351872.000000,0.000000,0.000000,0.000000
18.571228,-524728343650281769135214165462351872.000000,0.000000,0.000000,0.000000
18.581228,-524728343650281769135214165462351872.000000,0.000000,0.000000,0.000000
18.591228,-527002490001089754662013916961308672.000000,0.000000,0.000000,0.000000
18.601228,-527002490001089754662013916961308672.000000,0.000000,0.000000,0.000000
18.611228,-527002490001089754662013916961308672.000000,0.000000,0.000000,0.000000
18.621228,-529276691558507502631667521934065664.000000,0.000000,0.000000,0.000000
18.631228,-529276691558507502631667521934065664.000000,0.000000,0.000000,0.000000
18.641228,-529276691558507502631667521934065664.000000,0.000000,0.000000,0.000000
18.651228,-531543769491601593141608289363034112.000000,0.000000,0.000000,0.000000
18.661228,-531543769491601593141608289363034112.000000,0.000000,0.000000,0.000000
18.671228,-531543769491601593141608289363034112.000000,0.000000,0.000000,0.000000
18.681228,-533823948681190896872612872406958080.000000,0.000000,0.000000,0.000000
18.691228,-533823948681190896872612872406958080.000000,0.000000,0.000000,0.000000
18.701228,-533823948681190896872612872406958080.000000,0.000000,0.000000,0.000000
18.711228,-536104114524127364789024686811906048.000000,0.000000,0.000000,0.000000
18.721228,-536104114524127364789024686811906048.000000,0.000000,0.000000,0.000000
18.731228,-536104114524127364789024686811906048.000000,0.000000,0.000000,0.000000
18.741228,-537613759363817522444006730317692928.000000,0.000000,0.000000,0.000000
18.751228,-537613759363817522444006730317692928.000000,0.000000,0.000000,0.000000
18.761228,-539885125591657952951029076242464768.000000,0.000000,0.000000,0.000000
18.771228,-539885125591657952951029076242464768.000000,0.000000,0.000000,0.000000
18.781228,-539885125591657952951029076242464768.000000,0.000000,0.000000,0.000000
18.791228,-542160457974576768980897877645590528.000000,0.000000,0.000000,0.000000
18.801228,-542160457974576768980897877645590528.000000,0.000000,0.000000,0.000000
18.811228,-542160457974576768980897877645590528.000000,0.000000,0.000000,0.000000
18.821228,-544435098227375646487199637405958144.000000,0.000000,0.000000,0.000000
18.831228,-544435098227375646487199637405958144.000000,0.000000,0.000000,0.000000
18.841228,-544435098227375646487199637405958144.000000,0.000000,0.000000,0.000000
18.851228,-546711906325439961721762457982074880.000000,0.000000,0.000000,0.000000
18.861228,-546711906325439961721762457982074880.000000,0.000000,0.000000,0.000000
18.871228,-546711906325439961721762457982074880.000000,0.000000,0.000000,0.000000
18.881228,-548228287054020046537005677227802624.000000,0.000000,0.000000,0.000000
18.891228,-548228287054020046537005677227802624.000000,0.000000,0.000000,0.000000
18.901228,-550513017300584903386214997103214592.000000,0.000000,0.000000,0.000000
18.911228,-550513017300584903386214997103214592.000000,0.000000,0.000000,0.000000
18.921228,-550513017300584903386214997103214592.000000,0.000000,0.000000,0.000000
18.931228,-552779331592635458660656002440888320.000000,0.000000,0.000000,0.000000
18.941228,-552779331592635458660656002440888320.000000,0.000000,0.000000,0.000000
18.951228,-552779331592635458660656002440888320.000000,0.000000,0.000000,0.000000
18.961228,-555051717092744737877191921554685952.000000,0.000000,0.000000,0.000000
18.971228,-555051717092744737877191921554685952.000000,0.000000,0.000000,0.000000
18.981228,-555051717092744737877191921554685952.000000,0.000000,0.000000,0.000000
18.991228,-556490197636585533021560846373879808.000000,0.000000,0.000000,0.000000
19.001228,-556490197636585533021560846373879808.000000,0.000000,0.000000,0.000000
19.011228,-557920741518391688084623086973878272.000000,0.000000,0.000000,0.000000
19.021228,-557920741518391688084623086973878272.000000,0.000000,0.000000,0.000000
19.031228,-557920741518391688084623086973878272.000000,0.000000,0.000000,0.000000
19.041228,-559288921431593100289154976130793472.000000,0.000000,0.000000,0.000000
19.051228,-559288921431593100289154976130793472.000000,0.000000,0.000000,0.000000
19.061228,-560659824717135476398943650520760320.000000,0.000000,0.000000,0.000000
19.071228,-560659824717135476398943650520760320.000000,0.000000,0.000000,0.000000
19.081228,-560659824717135476398943650520760320.000000,0.000000,0.000000,0.000000
19.091228,-560659824717135476398943650520760320.000000,0.000000,0.000000,0.000000
19.101228,-562030728961049295002675618028453888.000000,0.000000,0.000000,0.000000
19.111228,-562030728961049295002675618028453888.000000,0.000000,0.000000,0.000000
19.121228,-562030728961049295002675618028453888.000000,0.000000,0.000000,0.000000
19.131228,-563400864591021592343228128004407296.000000,0.000000,0.000000,0.000000
19.141228,-563400864591021592343228128004407296.000000,0.000000,0.000000,0.000000
19.151228,-563400864591021592343228128004407296.000000,0.000000,0.000000,0.000000
19.161228,-564766368594089538375580833684652032.000000,0.000000,0.000000,0.000000
19.171228,-564766368594089538375580833684652032.000000,0.000000,0.000000,0.000000
19.181228,-564766368594089538375580833684652032.000000,0.000000,0.000000,0.000000
19.191228,-566134576300064480004923004534390784.000000,0.000000,0.000000,0.000000
19.201228,-566134576300064480004923004534390784.000000,0.000000,0.000000,0.000000
19.211228,-567507589463278726011164066628763648.000000,0.000000,0.000000,0.000000
19.221228,-567507589463278726011164066628763648.000000,0.000000,0.000000,0.000000
19.231228,-567507589463278726011164066628763648.000000,0.000000,0.000000,0.000000
19.241228,-567507589463278726011164066628763648.000000,0.000000,0.000000,0.000000
19.251228,-568872793267884042278267315652919296.000000,0.000000,0.000000,0.000000
19.261228,-568872793267884042278267315652919296.000000,0.000000,0.000000,0.000000
19.271228,-570242476272688622975955426162507776.000000,0.000000,0.000000,0.000000
19.281228,-570242476272688622975955426162507776.000000,0.000000,0.000000,0.000000
19.291228,-570242476272688622975955426162507776.000000,0.000000,0.000000,0.000000
19.301228,-571615146475816644868491751448379392.000000,0.000000,0.000000,0.000000
19.311228,-571615146475816644868491751448379392.000000,0.000000,0.000000,0.000000
19.321228,-571615146475816644868491751448379392.000000,0.000000,0.000000,0.000000
19.331228,-571615146475816644868491751448379392.000000,0.000000,0.000000,0.000000
19.341228,-572981782087440426370088085529559040.000000,0.000000,0.000000,0.000000
19.351228,-572981782087440426370088085529559040.000000,0.000000,0.000000,0.000000
19.361228,-572981782087440426370088085529559040.000000,0.000000,0.000000,0.000000
19.371228,-574353342678920389990126464379387904.000000,0.000000,0.000000,0.000000
19.381228,-574353342678920389990126464379387904.000000,0.000000,0.000000,0.000000
19.391228,-574353342678920389990126464379387904.000000,0.000000,0.000000,0.000000
19.401228,-575719913988380304602684389163270144.000000,0.000000,0.000000,0.000000
19.411228,-575719913988380304602684389163270144.000000,0.000000,0.000000,0.000000
19.421228,-575719913988380304602684389163270144.000000,0.000000,0.000000,0.000000
19.431228,-577089288945203359543625461723561984.000000,0.000000,0.000000,0.000000
19.441228,-577089288945203359543625461723561984.000000,0.000000,0.000000,0.000000
19.451228,-577089288945203359543625461723561984.000000,0.000000,0.000000,0.000000
19.461228,-578456855089915307762212752368599040.000000,0.000000,0.000000,0.000000
19.471228,-578456855089915307762212752368599040.000000,0.000000,0.000000,0.000000
19.481228,-579830140521908542907299183772827648.000000,0.000000,0.000000,0.000000
19.491228,-579830140521908542907299183772827648.000000,0.000000,0.000000,0.000000
19.501228,-579830140521908542907299183772827648.000000,0.000000,0.000000,0.000000
19.511228,-579830140521908542907299183772827648.000000,0.000000,0.000000,0.000000
19.521228,-581195028976654251167414510359150592.000000,0.000000,0.000000,0.000000
19.531228,-581195028976654251167414510359150592.000000,0.000000,0.000000,0.000000
19.541228,-582566003820601774299982816866205696.000000,0.000000,0.000000,0.000000
19.551228,-582566003820601774299982816866205696.000000,0.000000,0.000000,0.000000
19.561228,-582566003820601774299982816866205696.000000,0.000000,0.000000,0.000000
19.571228,-582566003820601774299982816866205696.000000,0.000000,0.000000,0.000000
19.581228,-583934777969768867170762084963057664.000000,0.000000,0.000000,0.000000
19.591228,-583934777969768867170762084963057664.000000,0.000000,0.000000,0.000000
19.601228,-583934777969768867170762084963057664.000000,0.000000,0.000000,0.000000
19.611228,-585304127780749299882034805545631744.000000,0.000000,0.000000,0.000000
19.621228,-585304127780749299882034805545631744.000000,0.000000,0.000000,0.000000
19.631228,-585304127780749299882034805545631744.000000,0.000000,0.000000,0.000000
19.641228,-586672673928773254197623974407438336.000000,0.000000,0.000000,0.000000
19.651228,-586672673928773254197623974407438336.000000,0.000000,0.000000,0.000000
19.661228,-586672673928773254197623974407438336.000000,0.000000,0.000000,0.000000
19.671228,-588041972078966223628977511927382016.000000,0.000000,0.000000,0.000000
19.681228,-588041972078966223628977511927382016.000000,0.000000,0.000000,0.000000
19.691228,-588041972078966223628977511927382016.000000,0.000000,0.000000,0.000000
19.701228,-589410818197269239849175598130790400.000000,0.000000,0.000000,0.000000
19.711228,-589410818197269239849175598130790400.000000,0.000000,0.000000,0.000000
19.721228,-589410818197269239849175598130790400.000000,0.000000,0.000000,0.000000
19.731228,-590780294558924188788115860904476672.000000,0.000000,0.000000,0.000000
19.741228,-590780294558924188788115860904476672.000000,0.000000,0.000000,0.000000
19.751228,-590780294558924188788115860904476672.000000,0.000000,0.000000,0.000000
19.761228,-591694632857256618896895218703925248.000000,0.000000,0.000000,0.000000
19.771228,-591694632857256618896895218703925248.000000,0.000000,0.000000,0.000000
19.781228,-593061778505064456645863778535079936.000000,0.000000,0.000000,0.000000
19.791228,-593061778505064456645863778535079936.000000,0.000000,0.000000,0.000000
19.801228,-593061778505064456645863778535079936.000000,0.000000,0.000000,0.000000
19.811228,-594433684155920590259539537427431424.000000,0.000000,0.000000,0.000000
19.821228,-594433684155920590259539537427431424.000000,0.000000,0.000000,0.000000
19.831228,-594433684155920590259539537427431424.000000,0.000000,0.000000,0.000000
19.841228,-595343531844869164799698301607739392.000000,0.000000,0.000000,0.000000
19.851228,-595343531844869164799698301607739392.000000,0.000000,0.000000,0.000000
19.861228,-597168469332315025365691167433293824.000000,0.000000,0.000000,0.000000
19.871228,-597168469332315025365691167433293824.000000,0.000000,0.000000,0.000000
19.881228,-597168469332315025365691167433293824.000000,0.000000,0.000000,0.000000
19.891228,-597168469332315025365691167433293824.000000,0.000000,0.000000,0.000000
19.901228,-598080131720513989302291341756071936.000000,0.000000,0.000000,0.000000
19.911228,-599451023231777947637857349368020992.000000,0.000000,0.000000,0.000000
19.921228,-599451023231777947637857349368020992.000000,0.000000,0.000000,0.000000
19.931228,-599451023231777947637857349368020992.000000,0.000000,0.000000,0.000000
19.941228,-599451023231777947637857349368020992.000000,0.000000,0.000000,0.000000
19.951228,-600820540985954198317694118348718080.000000,0.000000,0.000000,0.000000
19.961228,-600820540985954198317694118348718080.000000,0.000000,0.000000,0.000000
19.971228,-600820540985954198317694118348718080.000000,0.000000,0.000000,0.000000
19.981228,-602187344997141228657040758809821184.000000,0.000000,0.000000,0.000000
19.991228,-602187344997141228657040758809821184.000000,0.000000,0.000000,0.000000
20.001228,-603557058167829654636611995229487104.000000,0.000000,0.000000,0.000000
20.011228,-603557058167829654636611995229487104.000000,0.000000,0.000000,0.000000
20.021228,-603557058167829654636611995229487104.000000,0.000000,0.000000,0.000000
20.031228,-604928093069724498355806352573464576.000000,0.000000,0.000000,0.000000
20.041228,-604928093069724498355806352573464576.000000,0.000000,0.000000,0.000000
20.051228,-604928093069724498355806352573464576.000000,0.000000,0.000000,0.000000
20.061228,-604928093069724498355806352573464576.000000,0.000000,0.000000,0.000000
20.071228,-606296979028899684178224998554533888.000000,0.000000,0.000000,0.000000
20.081228,-606296979028899684178224998554533888.000000,0.000000,0.000000,0.000000
20.091228,-606296979028899684178224998554533888.000000,0.000000,0.000000,0.000000
20.101228,-607207412967384784617587165051748352.000000,0.000000,0.000000,0.000000
20.111228,-608578398946696455124074707871072256.000000,0.000000,0.000000,0.000000
20.121228,-608578398946696455124074707871072256.000000,0.000000,0.000000,0.000000
20.131228,-608578398946696455124074707871072256.000000,0.000000,0.000000,0.000000
20.141228,-608578398946696455124074707871072256.000000,0.000000,0.000000,0.000000
20.151228,-609946968780187429976679310780530688.000000,0.000000,0.000000,0.000000
20.161228,-609946968780187429976679310780530688.000000,0.000000,0.000000,0.000000
20.171228,-609946968780187429976679310780530688.000000,0.000000,0.000000,0.000000
20.181228,-610860415017201865511034677201207296.000000,0.000000,0.000000,0.000000
20.191228,-610860415017201865511034677201207296.000000,0.000000,0.000000,0.000000
20.201228,-612228792765662497201897244844883968.000000,0.000000,0.000000,0.000000
20.211228,-612228792765662497201897244844883968.000000,0.000000,0.000000,0.000000
20.221228,-612228792765662497201897244844883968.000000,0.000000,0.000000,0.000000
20.231228,-613597966783928068379155746059714560.000000,0.000000,0.000000,0.000000
20.241228,-613597966783928068379155746059714560.000000,0.000000,0.000000,0.000000
20.251228,-613597966783928068379155746059714560.000000,0.000000,0.000000,0.000000
20.261228,-614510000061896897055864744537227264.000000,0.000000,0.000000,0.000000
20.271228,-615878588515177014850722935569645568.000000,0.000000,0.000000,0.000000
20.281228,-615878588515177014850722935569645568.000000,0.000000,0.000000,0.000000
20.291228,-615878588515177014850722935569645568.000000,0.000000,0.000000,0.000000
20.301228,-617247804154147676990447366820593664.000000,0.000000,0.000000,0.000000
20.311228,-617247804154147676990447366820593664.000000,0.000000,0.000000,0.000000
20.321228,-617247804154147676990447366820593664.000000,0.000000,0.000000,0.000000
20.331228,-618160450424781440477251138014412800.000000,0.000000,0.000000,0.000000
20.341228,-618160450424781440477251138014412800.000000,0.000000,0.000000,0.000000
20.351228,-619529432723110642702907128284184576.000000,0.000000,0.000000,0.000000
20.361228,-619529432723110642702907128284184576.000000,0.000000,0.000000,0.000000
20.371228,-619529432723110642702907128284184576.000000,0.000000,0.000000,0.000000
20.381228,-620898275783752122975276688459431936.000000,0.000000,0.000000,0.000000
20.391228,-620898275783752122975276688459431936.000000,0.000000,0.000000,0.000000
20.401228,-620898275783752122975276688459431936.000000,0.000000,0.000000,0.000000
20.411228,-622267791119181255681540951554129920.000000,0.000000,0.000000,0.000000
20.421228,-622267791119181255681540951554129920.000000,0.000000,0.000000,0.000000
20.431228,-622267791119181255681540951554129920.000000,0.000000,0.000000,0.000000
20.441228,-623640746095554485333471771892908032.000000,0.000000,0.000000,0.000000
20.451228,-623640746095554485333471771892908032.000000,0.000000,0.000000,0.000000
20.461228,-623640746095554485333471771892908032.000000,0.000000,0.000000,0.000000
20.471228,-623640746095554485333471771892908032.000000,0.000000,0.000000,0.000000
20.481228,-625008153059324225739412521720217600.000000,0.000000,0.000000,0.000000
20.491228,-625008153059324225739412521720217600.000000,0.000000,0.000000,0.000000
20.501228,-625008153059324225739412521720217600.000000,0.000000,0.000000,0.000000
20.511228,-625920801064154034682985706665541632.000000,0.000000,0.000000,0.000000
20.521228,-625920801064154034682985706665541632.000000,0.000000,0.000000,0.000000
20.531228,-627288422611865907072171208859451392.000000,0.000000,0.000000,0.000000
20.541228,-627288422611865907072171208859451392.000000,0.000000,0.000000,0.000000
20.551228,-628660419581834760249893243269939200.000000,0.000000,0.000000,0.000000
20.561228,-628660419581834760249893243269939200.000000,0.000000,0.000000,0.000000
20.571228,-628660419581834760249893243269939200.000000,0.000000,0.000000,0.000000
20.581228,-628660419581834760249893243269939200.000000,0.000000,0.000000,0.000000
20.591228,-629571712677549646127607611859664896.000000,0.000000,0.000000,0.000000
20.601228,-629571712677549646127607611859664896.000000,0.000000,0.000000,0.000000
20.611228,-630483238566265178178133724625895424.000000,0.000000,0.000000,0.000000
20.621228,-630483238566265178178133724625895424.000000,0.000000,0.000000,0.000000
20.631228,-631853843387540969979442356111278080.000000,0.000000,0.000000,0.000000
20.641228,-631853843387540969979442356111278080.000000,0.000000,0.000000,0.000000
20.651228,-631853843387540969979442356111278080.000000,0.000000,0.000000,0.000000
20.661228,-633677733922580050364253004707659776.000000,0.000000,0.000000,0.000000
20.671228,-633677733922580050364253004707659776.000000,0.000000,0.000000,0.000000
20.681228,-633677733922580050364253004707659776.000000,0.000000,0.000000,0.000000
20.691228,-633677733922580050364253004707659776.000000,0.000000,0.000000,0.000000
20.701228,-635050091148958780106874251772952576.000000,0.000000,0.000000,0.000000
20.711228,-635050091148958780106874251772952576.000000,0.000000,0.000000,0.000000
20.721228,-635050091148958780106874251772952576.000000,0.000000,0.000000,0.000000
20.731228,-636415587667601730570892605642506240.000000,0.000000,0.000000,0.000000
20.741228,-636415587667601730570892605642506240.000000,0.000000,0.000000,0.000000
20.751228,-637785528154882296375827144000929792.000000,0.000000,0.000000,0.000000
20.761228,-637785528154882296375827144000929792.000000,0.000000,0.000000,0.000000
20.771228,-637785528154882296375827144000929792.000000,0.000000,0.000000,0.000000
20.781228,-637785528154882296375827144000929792.000000,0.000000,0.000000,0.000000
20.791228,-639154140019808990943584273259560960.000000,0.000000,0.000000,0.000000
20.801228,-639154140019808990943584273259560960.000000,0.000000,0.000000,0.000000
20.811228,-639154140019808990943584273259560960.000000,0.000000,0.000000,0.000000
20.821228,-640528464417779851502808945269932032.000000,0.000000,0.000000,0.000000
20.831228,-640528464417779851502808945269932032.000000,0.000000,0.000000,0.000000
20.841228,-640528464417779851502808945269932032.000000,0.000000,0.000000,0.000000
20.851228,-641891399848322236364592652744654848.000000,0.000000,0.000000,0.000000
20.861228,-641891399848322236364592652744654848.000000,0.000000,0.000000,0.000000
20.871228,-643262970890615201054770880934051840.000000,0.000000,0.000000,0.000000
20.881228,-643262970890615201054770880934051840.000000,0.000000,0.000000,0.000000
20.891228,-643262970890615201054770880934051840.000000,0.000000,0.000000,0.000000
20.901228,-643262970890615201054770880934051840.000000,0.000000,0.000000,0.000000
20.911228,-644631360367717522190332748525207552.000000,0.000000,0.000000,0.000000
20.921228,-644631360367717522190332748525207552.000000,0.000000,0.000000,0.000000
20.931228,-644631360367717522190332748525207552.000000,0.000000,0.000000,0.000000
20.941228,-646000755541615506754750427630141440.000000,0.000000,0.000000,0.000000
20.951228,-646000755541615506754750427630141440.000000,0.000000,0.000000,0.000000
20.961228,-646000755541615506754750427630141440.000000,0.000000,0.000000,0.000000
20.971228,-647369689191182053318792394034905088.000000,0.000000,0.000000,0.000000
20.981228,-647369689191182053318792394034905088.000000,0.000000,0.000000,0.000000
20.991228,-647369689191182053318792394034905088.000000,0.000000,0.000000,0.000000
21.001228,-648282812548275009374349529700106240.000000,0.000000,0.000000,0.000000
21.011228,-648282812548275009374349529700106240.000000,0.000000,0.000000,0.000000
21.021228,-649651864944633756930132234156900352.000000,0.000000,0.000000,0.000000
21.031228,-649651864944633756930132234156900352.000000,0.000000,0.000000,0.000000
21.041228,-649651864944633756930132234156900352.000000,0.000000,0.000000,0.000000
21.051228,-651019172055220661689773445361958912.000000,0.000000,0.000000,0.000000
21.061228,-651019172055220661689773445361958912.000000,0.000000,0.000000,0.000000
21.071228,-652388767437488255384570942009114624.000000,0.000000,0.000000,0.000000
21.081228,-652388767437488255384570942009114624.000000,0.000000,0.000000,0.000000
21.091228,-652388767437488255384570942009114624.000000,0.000000,0.000000,0.000000
21.101228,-652388767437488255384570942009114624.000000,0.000000,0.000000,0.000000
21.111228,-653759021905526357949863513374588928.000000,0.000000,0.000000,0.000000
21.121228,-653759021905526357949863513374588928.000000,0.000000,0.000000,0.000000
21.131228,-653759021905526357949863513374588928.000000,0.000000,0.000000,0.000000
21.141228,-655128900463753372722832486652968960.000000,0.000000,0.000000,0.000000
21.151228,-655128900463753372722832486652968960.000000,0.000000,0.000000,0.000000
21.161228,-655128900463753372722832486652968960.000000,0.000000,0.000000,0.000000
21.171228,-656495774253512923872618568325529600.000000,0.000000,0.000000,0.000000
21.181228,-656495774253512923872618568325529600.000000,0.000000,0.000000,0.000000
21.191228,-657864715250594207229448491211161600.000000,0.000000,0.000000,0.000000
21.201228,-657864715250594207229448491211161600.000000,0.000000,0.000000,0.000000
21.211228,-657864715250594207229448491211161600.000000,0.000000,0.000000,0.000000
21.221228,-659235705109028597402161457846550528.000000,0.000000,0.000000,0.000000
21.231228,-659235705109028597402161457846550528.000000,0.000000,0.000000,0.000000
21.241228,-659235705109028597402161457846550528.000000,0.000000,0.000000,0.000000
21.251228,-659235705109028597402161457846550528.000000,0.000000,0.000000,0.000000
21.261228,-660604356632280695827998269237100544.000000,0.000000,0.000000,0.000000
21.271228,-660604356632280695827998269237100544.000000,0.000000,0.000000,0.000000
21.281228,-660604356632280695827998269237100544.000000,0.000000,0.000000,0.000000
21.291228,-661973674451907781141571716497014784.000000,0.000000,0.000000,0.000000
21.301228,-661973674451907781141571716497014784.000000,0.000000,0.000000,0.000000
21.311228,-661973674451907781141571716497014784.000000,0.000000,0.000000,0.000000
21.321228,-663342919161480513506713290372284416.000000,0.000000,0.000000,0.000000
21.331228,-663342919161480513506713290372284416.000000,0.000000,0.000000,0.000000
21.341228,-663342919161480513506713290372284416.000000,0.000000,0.000000,0.000000
21.351228,-664712250170124816170662660671537152.000000,0.000000,0.000000,0.000000
21.361228,-664712250170124816170662660671537152.000000,0.000000,0.000000,0.000000
21.371228,-664712250170124816170662660671537152.000000,0.000000,0.000000,0.000000
21.381228,-665625473106580164108402839137550336.000000,0.000000,0.000000,0.000000
21.391228,-665625473106580164108402839137550336.000000,0.000000,0.000000,0.000000
21.401228,-666993998170431202965618841998065664.000000,0.000000,0.000000,0.000000
21.411228,-666993998170431202965618841998065664.000000,0.000000,0.000000,0.000000
21.421228,-666993998170431202965618841998065664.000000,0.000000,0.000000,0.000000
21.431228,-668361534468716551782939164223209472.000000,0.000000,0.000000,0.000000
21.441228,-668361534468716551782939164223209472.000000,0.000000,0.000000,0.000000
21.451228,-669730316056671911892529417300213760.000000,0.000000,0.000000,0.000000
21.461228,-669730316056671911892529417300213760.000000,0.000000,0.000000,0.000000
21.471228,-669730316056671911892529417300213760.000000,0.000000,0.000000,0.000000
21.481228,-671099218764529936424885842322915328.000000,0.000000,0.000000,0.000000
21.491228,-671099218764529936424885842322915328.000000,0.000000,0.000000,0.000000
21.501228,-671099218764529936424885842322915328.000000,0.000000,0.000000,0.000000
21.511228,-672013953007201323057419347755532288.000000,0.000000,0.000000,0.000000
21.521228,-672013953007201323057419347755532288.000000,0.000000,0.000000,0.000000
21.531228,-672013953007201323057419347755532288.000000,0.000000,0.000000,0.000000
21.541228,-673383144093606978825231785502179328.000000,0.000000,0.000000,0.000000
21.551228,-673383144093606978825231785502179328.000000,0.000000,0.000000,0.000000
21.561228,-673383144093606978825231785502179328.000000,0.000000,0.000000,0.000000
21.571228,-674752376891991182214556886946021376.000000,0.000000,0.000000,0.000000
21.581228,-674752376891991182214556886946021376.000000,0.000000,0.000000,0.000000
21.591228,-674752376891991182214556886946021376.000000,0.000000,0.000000,0.000000
21.601228,-676119953533152786045831098922958848.000000,0.000000,0.000000,0.000000
21.611228,-676119953533152786045831098922958848.000000,0.000000,0.000000,0.000000
21.621228,-676119953533152786045831098922958848.000000,0.000000,0.000000,0.000000
21.631228,-677490504274893996593648041459712000.000000,0.000000,0.000000,0.000000
21.641228,-677490504274893996593648041459712000.000000,0.000000,0.000000,0.000000
21.651228,-677490504274893996593648041459712000.000000,0.000000,0.000000,0.000000
21.661228,-678861429602980878229705764645109760.000000,0.000000,0.000000,0.000000
21.671228,-678861429602980878229705764645109760.000000,0.000000,0.000000,0.000000
21.681228,-678861429602980878229705764645109760.000000,0.000000,0.000000,0.000000
21.691228,-680227412654887777722174377539141632.000000,0.000000,0.000000,0.000000
21.701228,-680227412654887777722174377539141632.000000,0.000000,0.000000,0.000000
21.711228,-680227412654887777722174377539141632.000000,0.000000,0.000000,0.000000
21.721228,-681597500183738159355393265616551936.000000,0.000000,0.000000,0.000000
21.731228,-681597500183738159355393265616551936.000000,0.000000,0.000000,0.000000
21.741228,-681597500183738159355393265616551936.000000,0.000000,0.000000,0.000000
21.751228,-682966466737392619907601841954750464.000000,0.000000,0.000000,0.000000
21.761228,-682966466737392619907601841954750464.000000,0.000000,0.000000,0.000000
21.771228,-682966466737392619907601841954750464.000000,0.000000,0.000000,0.000000
21.781228,-683877169248080976924653716106117120.000000,0.000000,0.000000,0.000000
21.791228,-684791596172958564859790347716263936.000000,0.000000,0.000000,0.000000
21.801228,-684791596172958564859790347716263936.000000,0.000000,0.000000,0.000000
21.811228,-684791596172958564859790347716263936.000000,0.000000,0.000000,0.000000
21.821228,-686161124788678371575477267511377920.000000,0.000000,0.000000,0.000000
21.831228,-686161124788678371575477267511377920.000000,0.000000,0.000000,0.000000
21.841228,-686161124788678371575477267511377920.000000,0.000000,0.000000,0.000000
21.851228,-687527902193647251779478932902903808.000000,0.000000,0.000000,0.000000
21.861228,-687527902193647251779478932902903808.000000,0.000000,0.000000,0.000000
21.871228,-688442716665704012718639139210133504.000000,0.000000,0.000000,0.000000
21.881228,-688442716665704012718639139210133504.000000,0.000000,0.000000,0.000000
21.891228,-688442716665704012718639139210133504.000000,0.000000,0.000000,0.000000
21.901228,-689811224478868053667207738216677376.000000,0.000000,0.000000,0.000000
21.911228,-689811224478868053667207738216677376.000000,0.000000,0.000000,0.000000
21.921228,-689811224478868053667207738216677376.000000,0.000000,0.000000,0.000000
21.931228,-691181246153905510059688565405646848.000000,0.000000,0.000000,0.000000
21.941228,-691181246153905510059688565405646848.000000,0.000000,0.000000,0.000000
21.951228,-691181246153905510059688565405646848.000000,0.000000,0.000000,0.000000
21.961228,-692549763140053937490813857982054400.000000,0.000000,0.000000,0.000000
21.971228,-692549763140053937490813857982054400.000000,0.000000,0.000000,0.000000
21.981228,-692549763140053937490813857982054400.000000,0.000000,0.000000,0.000000
21.991228,-693921148030092496235884751125217280.000000,0.000000,0.000000,0.000000
22.001228,-693921148030092496235884751125217280.000000,0.000000,0.000000,0.000000
22.011228,-693921148030092496235884751125217280.000000,0.000000,0.000000,0.000000
22.021228,-694832662372713399733757620942536704.000000,0.000000,0.000000,0.000000
22.031228,-694832662372713399733757620942536704.000000,0.000000,0.000000,0.000000
22.041228,-696657087177044296857236331303010304.000000,0.000000,0.000000,0.000000
22.051228,-696657087177044296857236331303010304.000000,0.000000,0.000000,0.000000
22.061228,-696657087177044296857236331303010304.000000,0.000000,0.000000,0.000000
22.071228,-696657087177044296857236331303010304.000000,0.000000,0.000000,0.000000
22.081228,-697570611270333864628121849219252224.000000,0.000000,0.000000,0.000000
22.091228,-697570611270333864628121849219252224.000000,0.000000,0.000000,0.000000
22.101228,-698941589719583885023727968235552768.000000,0.000000,0.000000,0.000000
22.111228,-698941589719583885023727968235552768.000000,0.000000,0.000000,0.000000
22.121228,-698941589719583885023727968235552768.000000,0.000000,0.000000,0.000000
22.131228,-700308772104965849458494079500288000.000000,0.000000,0.000000,0.000000
22.141228,-700308772104965849458494079500288000.000000,0.000000,0.000000,0.000000
22.151228,-700308772104965849458494079500288000.000000,0.000000,0.000000,0.000000
22.161228,-701679024473713932356877712793534464.000000,0.000000,0.000000,0.000000
22.171228,-701679024473713932356877712793534464.000000,0.000000,0.000000,0.000000
22.181228,-701679024473713932356877712793534464.000000,0.000000,0.000000,0.000000
22.191228,-703046248160343668086517301765996544.000000,0.000000,0.000000,0.000000
22.201228,-703046248160343668086517301765996544.000000,0.000000,0.000000,0.000000
22.211228,-703046248160343668086517301765996544.000000,0.000000,0.000000,0.000000
22.221228,-704413921277569473309598958523252736.000000,0.000000,0.000000,0.000000
22.231228,-704413921277569473309598958523252736.000000,0.000000,0.000000,0.000000
22.241228,-705782919959487613822029498352140288.000000,0.000000,0.000000,0.000000
22.251228,-705782919959487613822029498352140288.000000,0.000000,0.000000,0.000000
22.261228,-705782919959487613822029498352140288.000000,0.000000,0.000000,0.000000
22.271228,-707154857145329737751194567423557632.000000,0.000000,0.000000,0.000000
22.281228,-707154857145329737751194567423557632.000000,0.000000,0.000000,0.000000
22.291228,-707154857145329737751194567423557632.000000,0.000000,0.000000,0.000000
22.301228,-707154857145329737751194567423557632.000000,0.000000,0.000000,0.000000
22.311228,-708525277137816466524502386462949376.000000,0.000000,0.000000,0.000000
22.321228,-708525277137816466524502386462949376.000000,0.000000,0.000000,0.000000
22.331228,-708525277137816466524502386462949376.000000,0.000000,0.000000,0.000000
22.341228,-709892223946356913963673607859077120.000000,0.000000,0.000000,0.000000
22.351228,-709892223946356913963673607859077120.000000,0.000000,0.000000,0.000000
22.361228,-709892223946356913963673607859077120.000000,0.000000,0.000000,0.000000
22.371228,-711259020427482220405162529678950400.000000,0.000000,0.000000,0.000000
22.381228,-711259020427482220405162529678950400.000000,0.000000,0.000000,0.000000
22.391228,-712628607321316573921182719728943104.000000,0.000000,0.000000,0.000000
22.401228,-712628607321316573921182719728943104.000000,0.000000,0.000000,0.000000
22.411228,-712628607321316573921182719728943104.000000,0.000000,0.000000,0.000000
22.421228,-714455411214436941706083250751930368.000000,0.000000,0.000000,0.000000
22.431228,-714455411214436941706083250751930368.000000,0.000000,0.000000,0.000000
22.441228,-714455411214436941706083250751930368.000000,0.000000,0.000000,0.000000
22.451228,-714455411214436941706083250751930368.000000,0.000000,0.000000,0.000000
22.461228,-714455411214436941706083250751930368.000000,0.000000,0.000000,0.000000
22.471228,-715367342585569717186083434203709440.000000,0.000000,0.000000,0.000000
22.481228,-716738359369679503374757533398859776.000000,0.000000,0.000000,0.000000
22.491228,-716738359369679503374757533398859776.000000,0.000000,0.000000,0.000000
22.501228,-716738359369679503374757533398859776.000000,0.000000,0.000000,0.000000
22.511228,-716738359369679503374757533398859776.000000,0.000000,0.000000,0.000000
22.521228,-718106911450479321120005107642007552.000000,0.000000,0.000000,0.000000
22.531228,-718106911450479321120005107642007552.000000,0.000000,0.000000,0.000000
22.541228,-718106911450479321120005107642007552.000000,0.000000,0.000000,0.000000
22.551228,-719019150321952808615495632238411776.000000,0.000000,0.000000,0.000000
22.561228,-719019150321952808615495632238411776.000000,0.000000,0.000000,0.000000
22.571228,-720388909631383389411037947814215680.000000,0.000000,0.000000,0.000000
22.581228,-720388909631383389411037947814215680.000000,0.000000,0.000000,0.000000
22.591228,-720388909631383389411037947814215680.000000,0.000000,0.000000,0.000000
22.601228,-721301150510873366127414381983563776.000000,0.000000,0.000000,0.000000
22.611228,-721301150510873366127414381983563776.000000,0.000000,0.000000,0.000000
22.621228,-722670079231672146298288308117045248.000000,0.000000,0.000000,0.000000
22.631228,-722670079231672146298288308117045248.000000,0.000000,0.000000,0.000000
22.641228,-722670079231672146298288308117045248.000000,0.000000,0.000000,0.000000
22.651228,-724037572038146173707803186062950400.000000,0.000000,0.000000,0.000000
22.661228,-724037572038146173707803186062950400.000000,0.000000,0.000000,0.000000
22.671228,-725406490992683025325340354991357952.000000,0.000000,0.000000,0.000000
22.681228,-725406490992683025325340354991357952.000000,0.000000,0.000000,0.000000
22.691228,-725406490992683025325340354991357952.000000,0.000000,0.000000,0.000000
22.701228,-726775181352799196316907361049509888.000000,0.000000,0.000000,0.000000
22.711228,-726775181352799196316907361049509888.000000,0.000000,0.000000,0.000000
22.721228,-726775181352799196316907361049509888.000000,0.000000,0.000000,0.000000
22.731228,-728144587479514341150174514306351104.000000,0.000000,0.000000,0.000000
22.741228,-728144587479514341150174514306351104.000000,0.000000,0.000000,0.000000
22.751228,-728144587479514341150174514306351104.000000,0.000000,0.000000,0.000000
22.761228,-729516805924572853595671884097126400.000000,0.000000,0.000000,0.000000
22.771228,-729516805924572853595671884097126400.000000,0.000000,0.000000,0.000000
22.781228,-729516805924572853595671884097126400.000000,0.000000,0.000000,0.000000
22.791228,-729516805924572853595671884097126400.000000,0.000000,0.000000,0.000000
22.801228,-730428501718863964506124588003885056.000000,0.000000,0.000000,0.000000
22.811228,-730428501718863964506124588003885056.000000,0.000000,0.000000,0.000000
22.821228,-731796180997049348593457779133382656.000000,0.000000,0.000000,0.000000
22.831228,-731796180997049348593457779133382656.000000,0.000000,0.000000,0.000000
22.841228,-733166430855776856859222172879552512.000000,0.000000,0.000000,0.000000
22.851228,-733166430855776856859222172879552512.000000,0.000000,0.000000,0.000000
22.861228,-733166430855776856859222172879552512.000000,0.000000,0.000000,0.000000
22.871228,-733166430855776856859222172879552512.000000,0.000000,0.000000,0.000000
22.881228,-734537075746108607484320787971702784.000000,0.000000,0.000000,0.000000
22.891228,-734537075746108607484320787971702784.000000,0.000000,0.000000,0.000000
22.901228,-734537075746108607484320787971702784.000000,0.000000,0.000000,0.000000
22.911228,-735902875429602267002370390864429056.000000,0.000000,0.000000,0.000000
22.921228,-735902875429602267002370390864429056.000000,0.000000,0.000000,0.000000
22.931228,-737273649426265984391231744201719808.000000,0.000000,0.000000,0.000000
22.941228,-737273649426265984391231744201719808.000000,0.000000,0.000000,0.000000
22.951228,-737273649426265984391231744201719808.000000,0.000000,0.000000,0.000000
22.961228,-737273649426265984391231744201719808.000000,0.000000,0.000000,0.000000
22.971228,-738643298340427198024311643316420608.000000,0.000000,0.000000,0.000000
22.981228,-738643298340427198024311643316420608.000000,0.000000,0.000000,0.000000
22.991228,-738643298340427198024311643316420608.000000,0.000000,0.000000,0.000000
23.001228,-740011999014446185097448398222524416.000000,0.000000,0.000000,0.000000
23.011228,-740011999014446185097448398222524416.000000,0.000000,0.000000,0.000000
23.021228,-740011999014446185097448398222524416.000000,0.000000,0.000000,0.000000
23.031228,-741381340793360808499130070189735936.000000,0.000000,0.000000,0.000000
23.041228,-741381340793360808499130070189735936.000000,0.000000,0.000000,0.000000
23.051228,-741381340793360808499130070189735936.000000,0.000000,0.000000,0.000000
23.061228,-742292699560341853873441622022160384.000000,0.000000,0.000000,0.000000
23.071228,-743662990629043824348985349491392512.000000,0.000000,0.000000,0.000000
23.081228,-743662990629043824348985349491392512.000000,0.000000,0.000000,0.000000
23.091228,-743662990629043824348985349491392512.000000,0.000000,0.000000,0.000000
23.101228,-743662990629043824348985349491392512.000000,0.000000,0.000000,0.000000
23.111228,-745033531650159760886012606815404032.000000,0.000000,0.000000,0.000000
23.121228,-745033531650159760886012606815404032.000000,0.000000,0.000000,0.000000
23.131228,-745033531650159760886012606815404032.000000,0.000000,0.000000,0.000000
23.141228,-746401861160588365667947746907127808.000000,0.000000,0.000000,0.000000
23.151228,-746401861160588365667947746907127808.000000,0.000000,0.000000,0.000000
23.161228,-746401861160588365667947746907127808.000000,0.000000,0.000000,0.000000
23.171228,-747312883584810196661992354285092864.000000,0.000000,0.000000,0.000000
23.181228,-748682785326500072773267136798785536.000000,0.000000,0.000000,0.000000
23.191228,-748682785326500072773267136798785536.000000,0.000000,0.000000,0.000000
23.201228,-748682785326500072773267136798785536.000000,0.000000,0.000000,0.000000
23.211228,-748682785326500072773267136798785536.000000,0.000000,0.000000,0.000000
23.221228,-750051673430601932805141792844414976.000000,0.000000,0.000000,0.000000
23.231228,-750051673430601932805141792844414976.000000,0.000000,0.000000,0.000000
23.241228,-750051673430601932805141792844414976.000000,0.000000,0.000000,0.000000
23.251228,-751419762754878352504977570610020352.000000,0.000000,0.000000,0.000000
23.261228,-751419762754878352504977570610020352.000000,0.000000,0.000000,0.000000
23.271228,-752788923994857335084546745098567680.000000,0.000000,0.000000,0.000000
23.281228,-752788923994857335084546745098567680.000000,0.000000,0.000000,0.000000
23.291228,-752788923994857335084546745098567680.000000,0.000000,0.000000,0.000000
23.301228,-754157942848213676890930524641558528.000000,0.000000,0.000000,0.000000
23.311228,-754157942848213676890930524641558528.000000,0.000000,0.000000,0.000000
23.321228,-754157942848213676890930524641558528.000000,0.000000,0.000000,0.000000
23.331228,-755529283881347087592009038861172736.000000,0.000000,0.000000,0.000000
23.341228,-755529283881347087592009038861172736.000000,0.000000,0.000000,0.000000
23.351228,-755529283881347087592009038861172736.000000,0.000000,0.000000,0.000000
23.361228,-755529283881347087592009038861172736.000000,0.000000,0.000000,0.000000
23.371228,-756896174374152822909185827583033344.000000,0.000000,0.000000,0.000000
23.381228,-756896174374152822909185827583033344.000000,0.000000,0.000000,0.000000
23.391228,-757809474071601454240013879420649472.000000,0.000000,0.000000,0.000000
23.401228,-757809474071601454240013879420649472.000000,0.000000,0.000000,0.000000
23.411228,-759178325118672089279427416218927104.000000,0.000000,0.000000,0.000000
23.421228,-759178325118672089279427416218927104.000000,0.000000,0.000000,0.000000
23.431228,-759178325118672089279427416218927104.000000,0.000000,0.000000,0.000000
23.441228,-760551309165647389156775379182026752.000000,0.000000,0.000000,0.000000
23.451228,-760551309165647389156775379182026752.000000,0.000000,0.000000,0.000000
23.461228,-760551309165647389156775379182026752.000000,0.000000,0.000000,0.000000
23.471228,-760551309165647389156775379182026752.000000,0.000000,0.000000,0.000000
23.481228,-761917800017538066454160884423983104.000000,0.000000,0.000000,0.000000
23.491228,-761917800017538066454160884423983104.000000,0.000000,0.000000,0.000000
23.501228,-761917800017538066454160884423983104.000000,0.000000,0.000000,0.000000
23.511228,-763744370250559654657400522137403392.000000,0.000000,0.000000,0.000000
23.521228,-763744370250559654657400522137403392.000000,0.000000,0.000000,0.000000
23.531228,-763744370250559654657400522137403392.000000,0.000000,0.000000,0.000000
23.541228,-763744370250559654657400522137403392.000000,0.000000,0.000000,0.000000
23.551228,-764655981023607957430581175066296320.000000,0.000000,0.000000,0.000000
23.561228,-764655981023607957430581175066296320.000000,0.000000,0.000000,0.000000
23.571228,-766025424298627783915356181231566848.000000,0.000000,0.000000,0.000000
23.581228,-766025424298627783915356181231566848.000000,0.000000,0.000000,0.000000
23.591228,-766025424298627783915356181231566848.000000,0.000000,0.000000,0.000000
23.601228,-767394431195158794629423826674384896.000000,0.000000,0.000000,0.000000
23.611228,-767394431195158794629423826674384896.000000,0.000000,0.000000,0.000000
23.621228,-767394431195158794629423826674384896.000000,0.000000,0.000000,0.000000
23.631228,-768762719449976135085079971374301184.000000,0.000000,0.000000,0.000000
23.641228,-768762719449976135085079971374301184.000000,0.000000,0.000000,0.000000
23.651228,-768762719449976135085079971374301184.000000,0.000000,0.000000,0.000000
23.661228,-770132533477855715108369996040896512.000000,0.000000,0.000000,0.000000
23.671228,-770132533477855715108369996040896512.000000,0.000000,0.000000,0.000000
23.681228,-770132533477855715108369996040896512.000000,0.000000,0.000000,0.000000
23.691228,-771044066120808441880904001652785152.000000,0.000000,0.000000,0.000000
23.701228,-772417420053545435674894128822353920.000000,0.000000,0.000000,0.000000
23.711228,-772417420053545435674894128822353920.000000,0.000000,0.000000,0.000000
23.721228,-772417420053545435674894128822353920.000000,0.000000,0.000000,0.000000
23.731228,-772417420053545435674894128822353920.000000,0.000000,0.000000,0.000000
23.741228,-773782365462940200244283613386899456.000000,0.000000,0.000000,0.000000
23.751228,-773782365462940200244283613386899456.000000,0.000000,0.000000,0.000000
23.761228,-775151132492776197969891759155576832.000000,0.000000,0.000000,0.000000
23.771228,-775151132492776197969891759155576832.000000,0.000000,0.000000,0.000000
23.781228,-775151132492776197969891759155576832.000000,0.000000,0.000000,0.000000
23.791228,-776521779299850981156829550159593472.000000,0.000000,0.000000,0.000000
23.801228,-776521779299850981156829550159593472.000000,0.000000,0.000000,0.000000
23.811228,-776521779299850981156829550159593472.000000,0.000000,0.000000,0.000000
23.821228,-776521779299850981156829550159593472.000000,0.000000,0.000000,0.000000
23.831228,-777890620033018800114673338109919232.000000,0.000000,0.000000,0.000000
23.841228,-777890620033018800114673338109919232.000000,0.000000,0.000000,0.000000
23.851228,-777890620033018800114673338109919232.000000,0.000000,0.000000,0.000000
23.861228,-779262378459758057008018690284716032.000000,0.000000,0.000000,0.000000
23.871228,-779262378459758057008018690284716032.000000,0.000000,0.000000,0.000000
23.881228,-779262378459758057008018690284716032.000000,0.000000,0.000000,0.000000
23.891228,-780628688042525440210917828759388160.000000,0.000000,0.000000,0.000000
23.901228,-780628688042525440210917828759388160.000000,0.000000,0.000000,0.000000
23.911228,-780628688042525440210917828759388160.000000,0.000000,0.000000,0.000000
23.921228,-781997429835245285260834594051063808.000000,0.000000,0.000000,0.000000
23.931228,-781997429835245285260834594051063808.000000,0.000000,0.000000,0.000000
23.941228,-781997429835245285260834594051063808.000000,0.000000,0.000000,0.000000
23.951228,-783366977390211407012414964621115392.000000,0.000000,0.000000,0.000000
23.961228,-783366977390211407012414964621115392.000000,0.000000,0.000000,0.000000
23.971228,-783366977390211407012414964621115392.000000,0.000000,0.000000,0.000000
23.981228,-784734537373963555005821836379291648.000000,0.000000,0.000000,0.000000
23.991228,-784734537373963555005821836379291648.000000,0.000000,0.000000,0.000000
24.001228,-786106595314614369147613553075683328.000000,0.000000,0.000000,0.000000
24.011228,-786106595314614369147613553075683328.000000,0.000000,0.000000,0.000000
24.021228,-786106595314614369147613553075683328.000000,0.000000,0.000000,0.000000
24.031228,-786106595314614369147613553075683328.000000,0.000000,0.000000,0.000000
24.041228,-787475650494814135100131992900993024.000000,0.000000,0.000000,0.000000
24.051228,-787475650494814135100131992900993024.000000,0.000000,0.000000,0.000000
24.061228,-787475650494814135100131992900993024.000000,0.000000,0.000000,0.000000
24.071228,-788848764150125339579023434406952960.000000,0.000000,0.000000,0.000000
24.081228,-788848764150125339579023434406952960.000000,0.000000,0.000000,0.000000
24.091228,-788848764150125339579023434406952960.000000,0.000000,0.000000,0.000000
24.101228,-790210592022672736144765882172702720.000000,0.000000,0.000000,0.000000
24.111228,-790210592022672736144765882172702720.000000,0.000000,0.000000,0.000000
24.121228,-791583014646497034045915226982842368.000000,0.000000,0.000000,0.000000
24.131228,-791583014646497034045915226982842368.000000,0.000000,0.000000,0.000000
24.141228,-791583014646497034045915226982842368.000000,0.000000,0.000000,0.000000
24.151228,-791583014646497034045915226982842368.000000,0.000000,0.000000,0.000000
24.161228,-792951871443796766770846291516719104.000000,0.000000,0.000000,0.000000
24.171228,-792951871443796766770846291516719104.000000,0.000000,0.000000,0.000000
24.181228,-792951871443796766770846291516719104.000000,0.000000,0.000000,0.000000
24.191228,-794319843664203500489687716482514944.000000,0.000000,0.000000,0.000000
24.201228,-794319843664203500489687716482514944.000000,0.000000,0.000000,0.000000
24.211228,-794319843664203500489687716482514944.000000,0.000000,0.000000,0.000000
24.221228,-795691489276926419820950735986622464.000000,0.000000,0.000000,0.000000
24.231228,-795691489276926419820950735986622464.000000,0.000000,0.000000,0.000000
24.241228,-795691489276926419820950735986622464.000000,0.000000,0.000000,0.000000
24.251228,-797062811918454403014368791074177024.000000,0.000000,0.000000,0.000000
24.261228,-797062811918454403014368791074177024.000000,0.000000,0.000000,0.000000
24.271228,-797062811918454403014368791074177024.000000,0.000000,0.000000,0.000000
24.281228,-798425427937467546884845684972847104.000000,0.000000,0.000000,0.000000
24.291228,-798425427937467546884845684972847104.000000,0.000000,0.000000,0.000000
24.301228,-799795495933794071411391058640109568.000000,0.000000,0.000000,0.000000
24.311228,-799795495933794071411391058640109568.000000,0.000000,0.000000,0.000000
24.321228,-799795495933794071411391058640109568.000000,0.000000,0.000000,0.000000
24.331228,-799795495933794071411391058640109568.000000,0.000000,0.000000,0.000000
24.341228,-801165748576362671860867482593001472.000000,0.000000,0.000000,0.000000
24.351228,-801165748576362671860867482593001472.000000,0.000000,0.000000,0.000000
24.361228,-801165748576362671860867482593001472.000000,0.000000,0.000000,0.000000
24.371228,-802533236408432204547690953437085696.000000,0.000000,0.000000,0.000000
24.381228,-802533236408432204547690953437085696.000000,0.000000,0.000000,0.000000
24.391228,-803904031899999318573659479412310016.000000,0.000000,0.000000,0.000000
24.401228,-803904031899999318573659479412310016.000000,0.000000,0.000000,0.000000
24.411228,-803904031899999318573659479412310016.000000,0.000000,0.000000,0.000000
24.421228,-803904031899999318573659479412310016.000000,0.000000,0.000000,0.000000
24.431228,-804816139109483610130220954224164864.000000,0.000000,0.000000,0.000000
24.441228,-804816139109483610130220954224164864.000000,0.000000,0.000000,0.000000
24.451228,-806639860012767555419221507501457408.000000,0.000000,0.000000,0.000000
24.461228,-806639860012767555419221507501457408.000000,0.000000,0.000000,0.000000
24.471228,-806639860012767555419221507501457408.000000,0.000000,0.000000,0.000000
24.481228,-808013470378335561380491740902850560.000000,0.000000,0.000000,0.000000
24.491228,-808013470378335561380491740902850560.000000,0.000000,0.000000,0.000000
24.501228,-808013470378335561380491740902850560.000000,0.000000,0.000000,0.000000
24.511228,-808013470378335561380491740902850560.000000,0.000000,0.000000,0.000000
24.521228,-808924279222623357427781961024274432.000000,0.000000,0.000000,0.000000
24.531228,-808924279222623357427781961024274432.000000,0.000000,0.000000,0.000000
24.541228,-810290926836709124564241501197959168.000000,0.000000,0.000000,0.000000
24.551228,-810290926836709124564241501197959168.000000,0.000000,0.000000,0.000000
24.561228,-811663524888154457363218130731532288.000000,0.000000,0.000000,0.000000
24.571228,-811663524888154457363218130731532288.000000,0.000000,0.000000,0.000000
24.581228,-811663524888154457363218130731532288.000000,0.000000,0.000000,0.000000
24.591228,-811663524888154457363218130731532288.000000,0.000000,0.000000,0.000000
24.601228,-813488671528770598107554378678272000.000000,0.000000,0.000000,0.000000
24.611228,-813488671528770598107554378678272000.000000,0.000000,0.000000,0.000000
24.621228,-813488671528770598107554378678272000.000000,0.000000,0.000000,0.000000
24.631228,-813488671528770598107554378678272000.000000,0.000000,0.000000,0.000000
24.641228,-814396273251294647191825879587094528.000000,0.000000,0.000000,0.000000
24.651228,-815767303726425883716561821472129024.000000,0.000000,0.000000,0.000000
24.661228,-815767303726425883716561821472129024.000000,0.000000,0.000000,0.000000
24.671228,-815767303726425883716561821472129024.000000,0.000000,0.000000,0.000000
24.681228,-817141472229299566484632723169214464.000000,0.000000,0.000000,0.000000
24.691228,-817141472229299566484632723169214464.000000,0.000000,0.000000,0.000000
24.701228,-817141472229299566484632723169214464.000000,0.000000,0.000000,0.000000
24.711228,-817141472229299566484632723169214464.000000,0.000000,0.000000,0.000000
24.721228,-818056910509928311301143370691248128.000000,0.000000,0.000000,0.000000
24.731228,-818056910509928311301143370691248128.000000,0.000000,0.000000,0.000000
24.741228,-819423283390851390569614258514952192.000000,0.000000,0.000000,0.000000
24.751228,-819423283390851390569614258514952192.000000,0.000000,0.000000,0.000000
24.761228,-819423283390851390569614258514952192.000000,0.000000,0.000000,0.000000
24.771228,-820791798277709872120806907857338368.000000,0.000000,0.000000,0.000000
24.781228,-820791798277709872120806907857338368.000000,0.000000,0.000000,0.000000
24.791228,-820791798277709872120806907857338368.000000,0.000000,0.000000,0.000000
24.801228,-822156300371831491518458787016998912.000000,0.000000,0.000000,0.000000
24.811228,-822156300371831491518458787016998912.000000,0.000000,0.000000,0.000000
24.821228,-823070834634316836881253014221881344.000000,0.000000,0.000000,0.000000
24.831228,-823070834634316836881253014221881344.000000,0.000000,0.000000,0.000000
24.841228,-823070834634316836881253014221881344.000000,0.000000,0.000000,0.000000
24.851228,-824440081808273489336466755651895296.000000,0.000000,0.000000,0.000000
24.861228,-824440081808273489336466755651895296.000000,0.000000,0.000000,0.000000
24.871228,-824440081808273489336466755651895296.000000,0.000000,0.000000,0.000000
24.881228,-825809877307637383076549925856608256.000000,0.000000,0.000000,0.000000
24.891228,-825809877307637383076549925856608256.000000,0.000000,0.000000,0.000000
24.901228,-825809877307637383076549925856608256.000000,0.000000,0.000000,0.000000
24.911228,-827177099716438725579535243573985280.000000,0.000000,0.000000,0.000000
24.921228,-827177099716438725579535243573985280.000000,0.000000,0.000000,0.000000
24.931228,-828090064303320176362108729572720640.000000,0.000000,0.000000,0.000000
24.941228,-828090064303320176362108729572720640.000000,0.000000,0.000000,0.000000
24.951228,-829459411421732973548716153609650176.000000,0.000000,0.000000,0.000000
24.961228,-829459411421732973548716153609650176.000000,0.000000,0.000000,0.000000
24.971228,-829459411421732973548716153609650176.000000,0.000000,0.000000,0.000000
24.981228,-829459411421732973548716153609650176.000000,0.000000,0.000000,0.000000
24.991228,-830830176336685761114067547038154752.000000,0.000000,0.000000,0.000000
25.001228,-830830176336685761114067547038154752.000000,0.000000,0.000000,0.000000
25.011228,-830830176336685761114067547038154752.000000,0.000000,0.000000,0.000000
25.021228,-832200537959784634001947951838003200.000000,0.000000,0.000000,0.000000
25.031228,-832200537959784634001947951838003200.000000,0.000000,0.000000,0.000000
25.041228,-832200537959784634001947951838003200.000000,0.000000,0.000000,0.000000
25.051228,-833568353600543338773761398870638592.000000,0.000000,0.000000,0.000000
25.061228,-833568353600543338773761398870638592.000000,0.000000,0.000000,0.000000
25.071228,-833568353600543338773761398870638592.000000,0.000000,0.000000,0.000000
25.081228,-834938073525469033262316822974169088.000000,0.000000,0.000000,0.000000
25.091228,-834938073525469033262316822974169088.000000,0.000000,0.000000,0.000000
25.101228,-834938073525469033262316822974169088.000000,0.000000,0.000000,0.000000
25.111228,-835848585274592390034733184459997184.000000,0.000000,0.000000,0.000000
25.121228,-835848585274592390034733184459997184.000000,0.000000,0.000000,0.000000
25.131228,-837219581750353863727860238287634432.000000,0.000000,0.000000,0.000000
25.141228,-837219581750353863727860238287634432.000000,0.000000,0.000000,0.000000
25.151228,-837219581750353863727860238287634432.000000,0.000000,0.000000,0.000000
25.161228,-838587160718989128873660222489493504.000000,0.000000,0.000000,0.000000
25.171228,-838587160718989128873660222489493504.000000,0.000000,0.000000,0.000000
25.181228,-838587160718989128873660222489493504.000000,0.000000,0.000000,0.000000
25.191228,-839956979356179229409502129937186816.000000,0.000000,0.000000,0.000000
25.201228,-839956979356179229409502129937186816.000000,0.000000,0.000000,0.000000
25.211228,-839956979356179229409502129937186816.000000,0.000000,0.000000,0.000000
25.221228,-841324595792576495874402419375865856.000000,0.000000,0.000000,0.000000
25.231228,-841324595792576495874402419375865856.000000,0.000000,0.000000,0.000000
25.241228,-842238936920386525135488289697955840.000000,0.000000,0.000000,0.000000
25.251228,-842238936920386525135488289697955840.000000,0.000000,0.000000,0.000000
25.261228,-842238936920386525135488289697955840.000000,0.000000,0.000000,0.000000
25.271228,-843607728730971392241554147638247424.000000,0.000000,0.000000,0.000000
25.281228,-843607728730971392241554147638247424.000000,0.000000,0.000000,0.000000
25.291228,-843607728730971392241554147638247424.000000,0.000000,0.000000,0.000000
25.301228,-844976612864677223522109235883147264.000000,0.000000,0.000000,0.000000
25.311228,-844976612864677223522109235883147264.000000,0.000000,0.000000,0.000000
25.321228,-844976612864677223522109235883147264.000000,0.000000,0.000000,0.000000
25.331228,-846344465790650721147024341477621760.000000,0.000000,0.000000,0.000000
25.341228,-846344465790650721147024341477621760.000000,0.000000,0.000000,0.000000
25.351228,-847714364246495567236806353486872576.000000,0.000000,0.000000,0.000000
25.361228,-847714364246495567236806353486872576.000000,0.000000,0.000000,0.000000
25.371228,-847714364246495567236806353486872576.000000,0.000000,0.000000,0.000000
25.381228,-847714364246495567236806353486872576.000000,0.000000,0.000000,0.000000
25.391228,-849084252799168225997705212961226752.000000,0.000000,0.000000,0.000000
25.401228,-849084252799168225997705212961226752.000000,0.000000,0.000000,0.000000
25.411228,-849084252799168225997705212961226752.000000,0.000000,0.000000,0.000000
25.421228,-850453490298136406558628930847244288.000000,0.000000,0.000000,0.000000
25.431228,-850453490298136406558628930847244288.000000,0.000000,0.000000,0.000000
25.441228,-850453490298136406558628930847244288.000000,0.000000,0.000000,0.000000
25.451228,-851822425453715283144847182012612608.000000,0.000000,0.000000,0.000000
25.461228,-851822425453715283144847182012612608.000000,0.000000,0.000000,0.000000
25.471228,-851822425453715283144847182012612608.000000,0.000000,0.000000,0.000000
25.481228,-853190068176873527651452583868891136.000000,0.000000,0.000000,0.000000
25.491228,-853190068176873527651452583868891136.000000,0.000000,0.000000,0.000000
25.501228,-854102872852624969775053070084866048.000000,0.000000,0.000000,0.000000
25.511228,-854102872852624969775053070084866048.000000,0.000000,0.000000,0.000000
25.521228,-855471917582011808444407955408814080.000000,0.000000,0.000000,0.000000
25.531228,-855471917582011808444407955408814080.000000,0.000000,0.000000,0.000000
25.541228,-855471917582011808444407955408814080.000000,0.000000,0.000000,0.000000
25.551228,-856842844872478377184851926498410496.000000,0.000000,0.000000,0.000000
25.561228,-856842844872478377184851926498410496.000000,0.000000,0.000000,0.000000
25.571228,-856842844872478377184851926498410496.000000,0.000000,0.000000,0.000000
25.581228,-856842844872478377184851926498410496.000000,0.000000,0.000000,0.000000
25.591228,-858209985682791905199699179719360512.000000,0.000000,0.000000,0.000000
25.601228,-858209985682791905199699179719360512.000000,0.000000,0.000000,0.000000
25.611228,-859578692791590841114227669980938240.000000,0.000000,0.000000,0.000000
25.621228,-859578692791590841114227669980938240.000000,0.000000,0.000000,0.000000
25.631228,-859578692791590841114227669980938240.000000,0.000000,0.000000,0.000000
25.641228,-860493946425977510007807267217342464.000000,0.000000,0.000000,0.000000
25.651228,-860493946425977510007807267217342464.000000,0.000000,0.000000,0.000000
25.661228,-860493946425977510007807267217342464.000000,0.000000,0.000000,0.000000
25.671228,-861865318400819221379642438304399360.000000,0.000000,0.000000,0.000000
25.681228,-861865318400819221379642438304399360.000000,0.000000,0.000000,0.000000
25.691228,-861865318400819221379642438304399360.000000,0.000000,0.000000,0.000000
25.701228,-863229727806726049966618152515141632.000000,0.000000,0.000000,0.000000
25.711228,-863229727806726049966618152515141632.000000,0.000000,0.000000,0.000000
25.721228,-864600414911040433624962761278619648.000000,0.000000,0.000000,0.000000
25.731228,-864600414911040433624962761278619648.000000,0.000000,0.000000,0.000000
25.741228,-864600414911040433624962761278619648.000000,0.000000,0.000000,0.000000
25.751228,-864600414911040433624962761278619648.000000,0.000000,0.000000,0.000000
25.761228,-865969832857670798348952242982223872.000000,0.000000,0.000000,0.000000
25.771228,-865969832857670798348952242982223872.000000,0.000000,0.000000,0.000000
25.781228,-865969832857670798348952242982223872.000000,0.000000,0.000000,0.000000
25.791228,-867337682315252205060328521073688576.000000,0.000000,0.000000,0.000000
25.801228,-867337682315252205060328521073688576.000000,0.000000,0.000000,0.000000
25.811228,-868708912451112310761163878534479872.000000,0.000000,0.000000,0.000000
25.821228,-868708912451112310761163878534479872.000000,0.000000,0.000000,0.000000
25.831228,-868708912451112310761163878534479872.000000,0.000000,0.000000,0.000000
25.841228,-868708912451112310761163878534479872.000000,0.000000,0.000000,0.000000
25.851228,-869621415422388645523386033657348096.000000,0.000000,0.000000,0.000000
25.861228,-869621415422388645523386033657348096.000000,0.000000,0.000000,0.000000
25.871228,-870988536837088722781058757474385920.000000,0.000000,0.000000,0.000000
25.881228,-870988536837088722781058757474385920.000000,0.000000,0.000000,0.000000
25.891228,-872357634733275354752509110621569024.000000,0.000000,0.000000,0.000000
25.901228,-872357634733275354752509110621569024.000000,0.000000,0.000000,0.000000
25.911228,-872357634733275354752509110621569024.000000,0.000000,0.000000,0.000000
25.921228,-873727827637353806708999346389516288.000000,0.000000,0.000000,0.000000
25.931228,-873727827637353806708999346389516288.000000,0.000000,0.000000,0.000000
25.941228,-873727827637353806708999346389516288.000000,0.000000,0.000000,0.000000
25.951228,-873727827637353806708999346389516288.000000,0.000000,0.000000,0.000000
25.961228,-875097408507138692562361807720677376.000000,0.000000,0.000000,0.000000
25.971228,-875097408507138692562361807720677376.000000,0.000000,0.000000,0.000000
25.981228,-875097408507138692562361807720677376.000000,0.000000,0.000000,0.000000
25.991228,-876009610595401325042531414052962304.000000,0.000000,0.000000,0.000000
26.001228,-876009610595401325042531414052962304.000000,0.000000,0.000000,0.000000
26.011228,-877379201550905311542870495241175040.000000,0.000000,0.000000,0.000000
26.021228,-877379201550905311542870495241175040.000000,0.000000,0.000000,0.000000
26.031228,-877379201550905311542870495241175040.000000,0.000000,0.000000,0.000000
26.041228,-879203361433972251468196972125487104.000000,0.000000,0.000000,0.000000
26.051228,-879203361433972251468196972125487104.000000,0.000000,0.000000,0.000000
26.061228,-879203361433972251468196972125487104.000000,0.000000,0.000000,0.000000
26.071228,-879203361433972251468196972125487104.000000,0.000000,0.000000,0.000000
26.081228,-880115051112940585630897803328749568.000000,0.000000,0.000000,0.000000
26.091228,-881486536175619152115908097746141184.000000,0.000000,0.000000,0.000000
26.101228,-881486536175619152115908097746141184.000000,0.000000,0.000000,0.000000
26.111228,-881486536175619152115908097746141184.000000,0.000000,0.000000,0.000000
26.121228,-881486536175619152115908097746141184.000000,0.000000,0.000000,0.000000
26.131228,-882856373888965678889237261622181888.000000,0.000000,0.000000,0.000000
26.141228,-882856373888965678889237261622181888.000000,0.000000,0.000000,0.000000
26.151228,-882856373888965678889237261622181888.000000,0.000000,0.000000,0.000000
26.161228,-884222445932511710418202672647634944.000000,0.000000,0.000000,0.000000
26.171228,-884222445932511710418202672647634944.000000,0.000000,0.000000,0.000000
26.181228,-885592951265698566996374994993283072.000000,0.000000,0.000000,0.000000
26.191228,-885592951265698566996374994993283072.000000,0.000000,0.000000,0.000000
26.201228,-885592951265698566996374994993283072.000000,0.000000,0.000000,0.000000
26.211228,-885592951265698566996374994993283072.000000,0.000000,0.000000,0.000000
26.221228,-886961188544279664262867638441476096.000000,0.000000,0.000000,0.000000
26.231228,-886961188544279664262867638441476096.000000,0.000000,0.000000,0.000000
26.241228,-888331219255391248362358763870486528.000000,0.000000,0.000000,0.000000
26.251228,-888331219255391248362358763870486528.000000,0.000000,0.000000,0.000000
26.261228,-888331219255391248362358763870486528.000000,0.000000,0.000000,0.000000
26.271228,-888331219255391248362358763870486528.000000,0.000000,0.000000,0.000000
26.281228,-889699151680562467021526701050953728.000000,0.000000,0.000000,0.000000
26.291228,-889699151680562467021526701050953728.000000,0.000000,0.000000,0.000000
26.301228,-891068043207419763424393112607260672.000000,0.000000,0.000000,0.000000
26.311228,-891068043207419763424393112607260672.000000,0.000000,0.000000,0.000000
26.321228,-891068043207419763424393112607260672.000000,0.000000,0.000000,0.000000
26.331228,-892438947177513064477032289455308800.000000,0.000000,0.000000,0.000000
26.341228,-892438947177513064477032289455308800.000000,0.000000,0.000000,0.000000
26.351228,-892438947177513064477032289455308800.000000,0.000000,0.000000,0.000000
26.361228,-892438947177513064477032289455308800.000000,0.000000,0.000000,0.000000
26.371228,-893351425094220455029561710776156160.000000,0.000000,0.000000,0.000000
26.381228,-893351425094220455029561710776156160.000000,0.000000,0.000000,0.000000
26.391228,-895176725165549705901026971805024256.000000,0.000000,0.000000,0.000000
26.401228,-895176725165549705901026971805024256.000000,0.000000,0.000000,0.000000
26.411228,-895176725165549705901026971805024256.000000,0.000000,0.000000,0.000000
26.421228,-895176725165549705901026971805024256.000000,0.000000,0.000000,0.000000
26.431228,-896087693418963425195556861735075840.000000,0.000000,0.000000,0.000000
26.441228,-897459494698599659309427932885155840.000000,0.000000,0.000000,0.000000
26.451228,-897459494698599659309427932885155840.000000,0.000000,0.000000,0.000000
26.461228,-897459494698599659309427932885155840.000000,0.000000,0.000000,0.000000
26.471228,-897459494698599659309427932885155840.000000,0.000000,0.000000,0.000000
26.481228,-898828007714351762841328478308007936.000000,0.000000,0.000000,0.000000
26.491228,-898828007714351762841328478308007936.000000,0.000000,0.000000,0.000000
26.501228,-898828007714351762841328478308007936.000000,0.000000,0.000000,0.000000
26.511228,-900196905219621724790352956914401280.000000,0.000000,0.000000,0.000000
26.521228,-900196905219621724790352956914401280.000000,0.000000,0.000000,0.000000
26.531228,-900196905219621724790352956914401280.000000,0.000000,0.000000,0.000000
26.541228,-901110335346867665802050269597401088.000000,0.000000,0.000000,0.000000
26.551228,-901110335346867665802050269597401088.000000,0.000000,0.000000,0.000000
26.561228,-902020995369752872234763359417794560.000000,0.000000,0.000000,0.000000
26.571228,-903391587321468397418407046001197056.000000,0.000000,0.000000,0.000000
26.581228,-903391587321468397418407046001197056.000000,0.000000,0.000000,0.000000
26.591228,-903391587321468397418407046001197056.000000,0.000000,0.000000,0.000000
26.601228,-903391587321468397418407046001197056.000000,0.000000,0.000000,0.000000
26.611228,-904760902265980860102245434555105280.000000,0.000000,0.000000,0.000000
26.621228,-904760902265980860102245434555105280.000000,0.000000,0.000000,0.000000
26.631228,-904760902265980860102245434555105280.000000,0.000000,0.000000,0.000000
26.641228,-906136091297589938660294456057528320.000000,0.000000,0.000000,0.000000
26.651228,-906136091297589938660294456057528320.000000,0.000000,0.000000,0.000000
26.661228,-906136091297589938660294456057528320.000000,0.000000,0.000000,0.000000
26.671228,-907500837548259919465317855020449792.000000,0.000000,0.000000,0.000000
26.681228,-907500837548259919465317855020449792.000000,0.000000,0.000000,0.000000
26.691228,-907500837548259919465317855020449792.000000,0.000000,0.000000,0.000000
26.701228,-908868140368993549593023340934594560.000000,0.000000,0.000000,0.000000
26.711228,-908868140368993549593023340934594560.000000,0.000000,0.000000,0.000000
26.721228,-908868140368993549593023340934594560.000000,0.000000,0.000000,0.000000
26.731228,-909780367466188766888243788429393920.000000,0.000000,0.000000,0.000000
26.741228,-909780367466188766888243788429393920.000000,0.000000,0.000000,0.000000
26.751228,-911149524644498116483494071779721216.000000,0.000000,0.000000,0.000000
26.761228,-911149524644498116483494071779721216.000000,0.000000,0.000000,0.000000
26.771228,-911149524644498116483494071779721216.000000,0.000000,0.000000,0.000000
26.781228,-912518375600295294863860874916921344.000000,0.000000,0.000000,0.000000
26.791228,-912518375600295294863860874916921344.000000,0.000000,0.000000,0.000000
26.801228,-912518375600295294863860874916921344.000000,0.000000,0.000000,0.000000
26.811228,-913887011059415553309586704562126848.000000,0.000000,0.000000,0.000000
26.821228,-913887011059415553309586704562126848.000000,0.000000,0.000000,0.000000
26.831228,-914799325505327240056604975259713536.000000,0.000000,0.000000,0.000000
26.841228,-914799325505327240056604975259713536.000000,0.000000,0.000000,0.000000
26.851228,-916170687485723307440510260150796288.000000,0.000000,0.000000,0.000000
26.861228,-916170687485723307440510260150796288.000000,0.000000,0.000000,0.000000
26.871228,-916170687485723307440510260150796288.000000,0.000000,0.000000,0.000000
26.881228,-916170687485723307440510260150796288.000000,0.000000,0.000000,0.000000
