time,x,y,z,alpha
1767638444.970883,0.000000,0.000000,0.000000,0.000000
1767638444.990934,0.000000,0.000000,0.000000,0.000000
1767638445.010820,0.000000,0.000000,0.000000,0.000000
1767638445.030867,0.000000,0.000000,0.000000,0.000000
1767638445.050884,0.000000,0.000000,0.000000,0.000000
1767638445.070931,0.000000,0.000000,0.000000,0.000000
1767638445.090932,0.000000,0.000000,0.000000,0.000000
1767638445.110843,0.000000,0.000000,0.000000,0.000000
1767638445.130812,0.000000,0.000000,0.000000,0.000000
1767638445.150966,0.000000,0.000000,0.000000,0.000000
1767638445.170838,0.000000,0.000000,0.000000,0.000000
1767638445.190773,0.000000,0.000000,0.000000,0.000000
1767638445.210787,0.000000,0.000000,0.000000,0.000000
1767638445.250854,0.000000,0.000000,0.000000,0.000000
1767638445.270993,0.000000,0.000000,0.000000,0.000000
1767638445.430806,0.000000,0.000000,0.000000,0.000000
1767638445.450847,0.000000,0.000000,0.000000,0.000000
1767638445.470909,0.000000,0.000000,0.000000,0.000000
1767638445.491023,0.000000,0.000000,0.000000,0.000000
1767638445.511071,0.000000,0.000000,0.000000,0.000000
1767638445.531003,0.000000,0.000000,0.000000,0.000000
1767638445.551158,0.000000,0.000000,0.000000,0.000000
1767638445.571250,0.000000,0.000000,0.000000,0.000000
1767638445.591012,0.000000,0.000000,0.000000,0.000000
1767638445.610786,0.000000,0.000000,0.000000,0.000000
1767638445.630861,0.000000,0.000000,0.000000,0.000000
1767638445.650818,0.000000,0.000000,0.000000,0.000000
1767638445.670835,0.000000,0.000000,0.000000,0.000000
1767638445.690812,0.000000,0.000000,0.000000,0.000000
1767638445.710786,0.000000,0.000000,0.000000,0.000000
1767638445.730830,0.000000,0.000000,0.000000,0.000000
1767638445.750806,0.000000,0.000000,0.000000,0.000000
1767638445.770761,0.000000,0.000000,0.000000,0.000000
1767638445.790931,0.000000,0.000000,0.000000,0.000000
1767638445.810820,0.000000,0.000000,0.000000,0.000000
1767638445.830819,0.000000,0.000000,0.000000,0.000000
1767638445.850822,0.000000,0.000000,0.000000,0.000000
1767638445.870803,0.000000,0.000000,0.000000,0.000000
1767638445.890753,0.000000,0.000000,0.000000,0.000000
1767638445.910870,0.000000,0.000000,0.000000,0.000000
1767638445.930832,0.000000,0.000000,0.000000,0.000000
1767638445.950795,0.000000,0.000000,0.000000,0.000000
1767638445.970926,0.000000,0.000000,0.000000,0.000000
1767638445.990877,0.000000,0.000000,0.000000,0.000000
1767638446.010766,0.000000,0.000000,0.000000,0.000000
1767638446.030893,0.000000,0.000000,0.000000,0.000000
1767638446.050930,0.000000,0.000000,0.000000,0.000000
1767638446.070841,0.000000,0.000000,0.000000,0.000000
1767638446.090834,0.000000,0.000000,0.000000,0.000000
1767638446.110829,0.000000,0.000000,0.000000,0.000000
1767638446.130775,0.000000,0.000000,0.000000,0.000000
1767638446.150843,0.000000,0.000000,0.000000,0.000000
1767638446.170792,0.000000,0.000000,0.000000,0.000000
1767638446.190819,0.000000,0.000000,0.000000,0.000000
1767638446.210803,0.000000,0.000000,0.000000,0.000000
1767638446.230898,0.000000,0.000000,0.000000,0.000000
1767638446.250769,0.000000,0.000000,0.000000,0.000000
1767638446.270831,0.000000,0.000000,0.000000,0.000000
1767638446.290879,0.000000,0.000000,0.000000,0.000000
1767638446.310907,0.000000,0.000000,0.000000,0.000000
1767638446.330812,0.000000,0.000000,0.000000,0.000000
1767638446.350748,0.000000,0.000000,0.000000,0.000000
1767638446.370824,0.000000,0.000000,0.000000,0.000000
1767638446.390815,0.000000,0.000000,0.000000,0.000000
1767638446.410881,0.000000,0.000000,0.000000,0.000000
1767638446.430792,0.000000,0.000000,0.000000,0.000000
1767638446.450975,0.000000,0.000000,0.000000,0.000000
1767638446.470866,0.000000,0.000000,0.000000,0.000000
1767638446.490874,0.000000,0.000000,0.000000,0.000000
1767638446.511023,0.000000,0.000000,0.000000,0.000000
1767638446.530915,0.000000,0.000000,0.000000,0.000000
1767638446.551005,0.000000,0.000000,0.000000,0.000000
1767638446.570920,0.000000,0.000000,0.000000,0.000000
1767638446.590858,0.000000,0.000000,0.000000,0.000000
1767638446.610859,0.000000,0.000000,0.000000,0.000000
1767638446.630809,0.000000,0.000000,0.000000,0.000000
1767638446.651026,0.000000,0.000000,0.000000,0.000000
1767638446.670836,0.000000,0.000000,0.000000,0.000000
1767638446.690903,0.000000,0.000000,0.000000,0.000000
1767638446.710868,0.000000,0.000000,0.000000,0.000000
1767638446.730870,0.000000,0.000000,0.000000,0.000000
1767638446.750863,0.000000,0.000000,0.000000,0.000000
1767638446.770819,0.000040,0.000000,0.000000,0.000000
1767638446.790829,0.000120,0.000000,0.000000,0.000000
1767638446.810873,0.000240,0.000000,0.000000,0.000000
1767638446.830874,0.000400,0.000000,0.000000,0.000000
1767638446.850845,0.000600,0.000000,0.000000,0.000000
1767638446.870770,0.000839,0.000000,0.000000,0.000000
1767638446.890807,0.001120,0.000000,0.000000,0.000000
1767638446.910801,0.001439,0.000000,0.000000,0.000000
1767638446.930878,0.001801,0.000000,0.000000,0.000000
1767638446.950867,0.002201,0.000000,0.000000,0.000000
1767638446.970912,0.002642,0.000000,0.000000,0.000000
1767638446.990839,0.003120,0.000000,0.000000,0.000000
1767638447.010835,0.003640,0.000000,0.000000,0.000000
1767638447.030848,0.004200,0.000000,0.000000,0.000000
1767638447.050860,0.004800,0.000000,0.000000,0.000000
1767638447.070832,0.005440,0.000000,0.000000,0.000000
1767638447.090881,0.006121,0.000000,0.000000,0.000000
1767638447.110940,0.006843,0.000000,0.000000,0.000000
1767638447.130903,0.007602,0.000000,0.000000,0.000000
1767638447.150789,0.008397,0.000000,0.000000,0.000000
1767638447.170937,0.009244,0.000000,0.000000,0.000000
1767638447.190764,0.010116,0.000000,0.000000,0.000000
1767638447.210870,0.011041,0.000000,0.000000,0.000000
1767638447.230837,0.011999,0.000000,0.000000,0.000000
1767638447.250865,0.013001,0.000000,0.000000,0.000000
1767638447.270723,0.014033,0.000000,0.000000,0.000000
1767638447.290809,0.015118,0.000000,0.000000,0.000000
1767638447.310913,0.016244,0.000000,0.000000,0.000000
1767638447.330810,0.017398,0.000000,0.000000,0.000000
1767638447.350772,0.018596,0.000000,0.000000,0.000000
1767638447.370758,0.019835,0.000000,0.000000,0.000000
1767638447.390791,0.021117,0.000000,0.000000,0.000000
1767638447.410889,0.022443,0.000000,0.000000,0.000000
1767638447.430808,0.023798,0.000000,0.000000,0.000000
1767638447.450778,0.025196,0.000000,0.000000,0.000000
1767638447.470842,0.026640,0.000000,0.000000,0.000000
1767638447.490863,0.028122,0.000000,0.000000,0.000000
1767638447.510813,0.029638,0.000000,0.000000,0.000000
1767638447.530850,0.031201,0.000000,0.000000,0.000000
1767638447.550814,0.032798,0.000000,0.000000,0.000000
1767638447.570893,0.034445,0.000000,0.000000,0.000000
1767638447.590905,0.036125,0.000000,0.000000,0.000000
1767638447.610867,0.037842,0.000000,0.000000,0.000000
1767638447.630940,0.039609,0.000000,0.000000,0.000000
1767638447.650840,0.041400,0.000000,0.000000,0.000000
1767638447.670835,0.043239,0.000000,0.000000,0.000000
1767638447.690822,0.045118,0.000000,0.000000,0.000000
1767638447.710764,0.047032,0.000000,0.000000,0.000000
1767638447.730834,0.048999,0.000000,0.000000,0.000000
1767638447.750823,0.050998,0.000000,0.000000,0.000000
1767638447.770806,0.053036,0.000000,0.000000,0.000000
1767638447.790862,0.055122,0.000000,0.000000,0.000000
1767638447.810920,0.057248,0.000000,0.000000,0.000000
1767638447.830849,0.059401,0.000000,0.000000,0.000000
1767638447.850751,0.061590,0.000000,0.000000,0.000000
1767638447.870800,0.063835,0.000000,0.000000,0.000000
1767638447.890826,0.066118,0.000000,0.000000,0.000000
1767638447.910830,0.068439,0.000000,0.000000,0.000000
1767638447.930830,0.070799,0.000000,0.000000,0.000000
1767638447.950840,0.073200,0.000000,0.000000,0.000000
1767638447.970793,0.075634,0.000000,0.000000,0.000000
1767638447.990780,0.078113,0.000000,0.000000,0.000000
1767638448.010823,0.080638,0.000000,0.000000,0.000000
1767638448.030888,0.083206,0.000000,0.000000,0.000000
1767638448.050853,0.085802,0.000000,0.000000,0.000000
1767638448.070796,0.088434,0.000000,0.000000,0.000000
1767638448.090821,0.091118,0.000000,0.000000,0.000000
1767638448.110864,0.093844,0.000000,0.000000,0.000000
1767638448.130860,0.096603,0.000000,0.000000,0.000000
1767638448.150835,0.099400,0.000000,0.000000,0.000000
1767638448.170857,0.102243,0.000000,0.000000,0.000000
1767638448.190824,0.105118,0.000000,0.000000,0.000000
1767638448.210819,0.108037,0.000000,0.000000,0.000000
1767638448.230865,0.111004,0.000000,0.000000,0.000000
1767638448.250846,0.114001,0.000000,0.000000,0.000000
1767638448.270874,0.117045,0.000000,0.000000,0.000000
1767638448.290851,0.120122,0.000000,0.000000,0.000000
1767638448.310827,0.123238,0.000000,0.000000,0.000000
1767638448.330946,0.126417,0.000000,0.000000,0.000000
1767638448.350808,0.129595,0.000000,0.000000,0.000000
1767638448.370990,0.132864,0.000000,0.000000,0.000000
1767638448.390805,0.136114,0.000000,0.000000,0.000000
1767638448.410833,0.139439,0.000000,0.000000,0.000000
1767638448.430798,0.142793,0.000000,0.000000,0.000000
1767638448.450804,0.146194,0.000000,0.000000,0.000000
1767638448.470805,0.149634,0.000000,0.000000,0.000000
1767638448.490781,0.153110,0.000000,0.000000,0.000000
1767638448.510867,0.156645,0.000000,0.000000,0.000000
1767638448.530845,0.160201,0.000000,0.000000,0.000000
1767638448.550855,0.163803,0.000000,0.000000,0.000000
1767638448.570759,0.167425,0.000000,0.000000,0.000000
1767638448.590839,0.171120,0.000000,0.000000,0.000000
1767638448.610819,0.174836,0.000000,0.000000,0.000000
1767638448.630776,0.178588,0.000000,0.000000,0.000000
1767638448.650896,0.182411,0.000000,0.000000,0.000000
1767638448.670768,0.186226,0.000000,0.000000,0.000000
1767638448.690915,0.190135,0.000000,0.000000,0.000000
1767638448.710810,0.194034,0.000000,0.000000,0.000000
1767638448.730787,0.197990,0.000000,0.000000,0.000000
1767638448.750920,0.202016,0.000000,0.000000,0.000000
1767638448.770857,0.206044,0.000000,0.000000,0.000000
1767638448.790918,0.210136,0.000000,0.000000,0.000000
1767638448.810834,0.214239,0.000000,0.000000,0.000000
1767638448.830793,0.218390,0.000000,0.000000,0.000000
1767638448.850784,0.222588,0.000000,0.000000,0.000000
1767638448.870820,0.226836,0.000000,0.000000,0.000000
1767638448.890834,0.231119,0.000000,0.000000,0.000000
1767638448.910802,0.235432,0.000000,0.000000,0.000000
1767638448.930825,0.239797,0.000000,0.000000,0.000000
1767638448.950775,0.244186,0.000000,0.000000,0.000000
1767638448.970769,0.248625,0.000000,0.000000,0.000000
1767638448.990828,0.253118,0.000000,0.000000,0.000000
1767638449.010896,0.257653,0.000000,0.000000,0.000000
1767638449.030870,0.262208,0.000000,0.000000,0.000000
1767638449.050878,0.266809,0.000000,0.000000,0.000000
1767638449.070861,0.271445,0.000000,0.000000,0.000000
1767638449.090890,0.276132,0.000000,0.000000,0.000000
1767638449.110813,0.280834,0.000000,0.000000,0.000000
1767638449.130842,0.285601,0.000000,0.000000,0.000000
1767638449.150766,0.290383,0.000000,0.000000,0.000000
1767638449.170859,0.295245,0.000000,0.000000,0.000000
1767638449.190780,0.300106,0.000000,0.000000,0.000000
1767638449.210832,0.305039,0.000000,0.000000,0.000000
1767638449.230870,0.310008,0.000000,0.000000,0.000000
1767638449.250791,0.314988,0.000000,0.000000,0.000000
1767638449.270787,0.320027,0.000000,0.000000,0.000000
1767638449.290838,0.325120,0.000000,0.000000,0.000000
1767638449.310986,0.330278,0.000000,0.000000,0.000000
1767638449.330820,0.335395,0.000000,0.000000,0.000000
1767638449.350766,0.340581,0.000000,0.000000,0.000000
1767638449.370908,0.345859,0.000000,0.000000,0.000000
1767638449.390891,0.351134,0.000000,0.000000,0.000000
1767638449.410851,0.356443,0.000000,0.000000,0.000000
1767638449.430939,0.361827,0.000000,0.000000,0.000000
1767638449.450821,0.367195,0.000000,0.000000,0.000000
1767638449.470846,0.372642,0.000000,0.000000,0.000000
1767638449.490832,0.378118,0.000000,0.000000,0.000000
1767638449.510905,0.383658,0.000000,0.000000,0.000000
1767638449.530983,0.389240,0.000000,0.000000,0.000000
1767638449.550922,0.394823,0.000000,0.000000,0.000000
1767638449.570848,0.400442,0.000000,0.000000,0.000000
1767638449.590760,0.406097,0.000000,0.000000,0.000000
1767638449.610782,0.411823,0.000000,0.000000,0.000000
1767638449.630865,0.417607,0.000000,0.000000,0.000000
1767638449.650848,0.423402,0.000000,0.000000,0.000000
1767638449.670813,0.429232,0.000000,0.000000,0.000000
1767638449.690810,0.435111,0.000000,0.000000,0.000000
1767638449.710864,0.441047,0.000000,0.000000,0.000000
1767638449.730953,0.447034,0.000000,0.000000,0.000000
1767638449.750931,0.453027,0.000000,0.000000,0.000000
1767638449.770990,0.459045,0.000000,0.000000,0.000000
1767638449.790946,0.465031,0.000000,0.000000,0.000000
1767638449.810922,0.471024,0.000000,0.000000,0.000000
1767638449.830848,0.477002,0.000000,0.000000,0.000000
1767638449.850871,0.483009,0.000000,0.000000,0.000000
1767638449.870937,0.489029,0.000000,0.000000,0.000000
1767638449.890933,0.495028,0.000000,0.000000,0.000000
1767638449.910958,0.501035,0.000000,0.000000,0.000000
1767638449.930810,0.506991,0.000000,0.000000,0.000000
1767638449.950948,0.513032,0.000000,0.000000,0.000000
1767638449.970868,0.519008,0.000000,0.000000,0.000000
1767638449.990851,0.525003,0.000000,0.000000,0.000000
1767638450.010900,0.531018,0.000000,0.000000,0.000000
1767638450.030842,0.537000,0.000000,0.000000,0.000000
1767638450.051024,0.543055,0.000000,0.000000,0.000000
1767638450.070967,0.549038,0.000000,0.000000,0.000000
1767638450.091044,0.555061,0.000000,0.000000,0.000000
1767638450.110892,0.561015,0.000000,0.000000,0.000000
1767638450.130892,0.567015,0.000000,0.000000,0.000000
1767638450.150816,0.572993,0.000000,0.000000,0.000000
1767638450.170793,0.578986,0.000000,0.000000,0.000000
1767638450.191053,0.585064,0.000000,0.000000,0.000000
1767638450.210767,0.590978,0.000000,0.000000,0.000000
1767638450.230815,0.596992,0.000000,0.000000,0.000000
1767638450.250850,0.603003,0.000000,0.000000,0.000000
1767638450.270799,0.608988,0.000000,0.000000,0.000000
1767638450.290916,0.615022,0.000000,0.000000,0.000000
1767638450.310923,0.621025,0.000000,0.000000,0.000000
1767638450.330920,0.627024,0.000000,0.000000,0.000000
1767638450.350806,0.632989,0.000000,0.000000,0.000000
1767638450.370900,0.639018,0.000000,0.000000,0.000000
1767638450.390822,0.644994,0.000000,0.000000,0.000000
1767638450.410978,0.651041,0.000000,0.000000,0.000000
1767638450.430856,0.657004,0.000000,0.000000,0.000000
1767638450.450784,0.662983,0.000000,0.000000,0.000000
1767638450.470919,0.669023,0.000000,0.000000,0.000000
1767638450.490911,0.675021,0.000000,0.000000,0.000000
1767638450.510878,0.681011,0.000000,0.000000,0.000000
1767638450.530816,0.686993,0.000000,0.000000,0.000000
1767638450.550859,0.693005,0.000000,0.000000,0.000000
1767638450.570877,0.699011,0.000000,0.000000,0.000000
1767638450.590801,0.704988,0.000000,0.000000,0.000000
1767638450.610983,0.711043,0.000000,0.000000,0.000000
1767638450.630921,0.717024,0.000000,0.000000,0.000000
1767638450.651034,0.723058,0.000000,0.000000,0.000000
1767638450.670912,0.729021,0.000000,0.000000,0.000000
1767638450.690943,0.735031,0.000000,0.000000,0.000000
1767638450.711009,0.741050,0.000000,0.000000,0.000000
1767638450.730863,0.747007,0.000000,0.000000,0.000000
1767638450.750899,0.753017,0.000000,0.000000,0.000000
1767638450.770960,0.759036,0.000000,0.000000,0.000000
1767638450.790935,0.765028,0.000000,0.000000,0.000000
1767638450.810911,0.771021,0.000000,0.000000,0.000000
1767638450.830819,0.776993,0.000000,0.000000,0.000000
1767638450.850935,0.783028,0.000000,0.000000,0.000000
1767638450.870914,0.789022,0.000000,0.000000,0.000000
1767638450.891041,0.795060,0.000000,0.000000,0.000000
1767638450.910923,0.801025,0.000000,0.000000,0.000000
1767638450.930840,0.807000,0.000000,0.000000,0.000000
1767638450.950894,0.813016,0.000000,0.000000,0.000000
1767638450.970891,0.819015,0.000000,0.000000,0.000000
1767638450.990956,0.825034,0.000000,0.000000,0.000000
1767638451.010765,0.830977,0.000000,0.000000,0.000000
1767638451.030852,0.837003,0.000000,0.000000,0.000000
1767638451.050861,0.843006,0.000000,0.000000,0.000000
1767638451.070857,0.849005,0.000000,0.000000,0.000000
1767638451.090939,0.855029,0.000000,0.000000,0.000000
1767638451.110921,0.861024,0.000000,0.000000,0.000000
1767638451.130994,0.867046,0.000000,0.000000,0.000000
1767638451.150999,0.873047,0.000000,0.000000,0.000000
1767638451.170819,0.878993,0.000000,0.000000,0.000000
1767638451.190844,0.885001,0.000000,0.000000,0.000000
1767638451.210768,0.890978,0.000000,0.000000,0.000000
1767638451.231059,0.897065,0.000000,0.000000,0.000000
1767638451.250970,0.903039,0.000000,0.000000,0.000000
1767638451.270842,0.909000,0.000000,0.000000,0.000000
1767638451.290807,0.914990,0.000000,0.000000,0.000000
1767638451.310900,0.921018,0.000000,0.000000,0.000000
1767638451.330825,0.926995,0.000000,0.000000,0.000000
1767638451.350808,0.932990,0.000000,0.000000,0.000000
1767638451.370956,0.939034,0.000000,0.000000,0.000000
1767638451.390848,0.945002,0.000000,0.000000,0.000000
1767638451.410884,0.951013,0.000000,0.000000,0.000000
1767638451.430850,0.957003,0.000000,0.000000,0.000000
1767638451.450923,0.963025,0.000000,0.000000,0.000000
1767638451.470868,0.969008,0.000000,0.000000,0.000000
1767638451.490853,0.975004,0.000000,0.000000,0.000000
1767638451.510881,0.981012,0.000000,0.000000,0.000000
1767638451.530901,0.987018,0.000000,0.000000,0.000000
1767638451.550886,0.993013,0.000000,0.000000,0.000000
1767638451.571007,0.999050,0.000000,0.000000,0.000000
1767638451.590969,1.005038,0.000000,0.000000,0.000000
1767638451.610949,1.011032,0.000000,0.000000,0.000000
1767638451.630907,1.017020,0.000000,0.000000,0.000000
1767638451.650904,1.023019,0.000000,0.000000,0.000000
1767638451.670982,1.029042,0.000000,0.000000,0.000000
1767638451.690972,1.035039,0.000000,0.000000,0.000000
1767638451.710933,1.041028,0.000000,0.000000,0.000000
1767638451.730947,1.047032,0.000000,0.000000,0.000000
1767638451.750939,1.053030,0.000000,0.000000,0.000000
1767638451.770851,1.059003,0.000000,0.000000,0.000000
1767638451.790948,1.065032,0.000000,0.000000,0.000000
1767638451.810842,1.071000,0.000000,0.000000,0.000000
1767638451.830884,1.077013,0.000000,0.000000,0.000000
1767638451.850786,1.082983,0.000000,0.000000,0.000000
1767638451.870798,1.088987,0.000000,0.000000,0.000000
1767638451.890848,1.095002,0.000000,0.000000,0.000000
1767638451.910808,1.100990,0.000000,0.000000,0.000000
1767638451.930849,1.107002,0.000000,0.000000,0.000000
1767638451.950837,1.112999,0.000000,0.000000,0.000000
1767638451.970839,1.119000,0.000000,0.000000,0.000000
1767638451.990915,1.125022,0.000000,0.000000,0.000000
1767638452.010851,1.131003,0.000000,0.000000,0.000000
1767638452.030786,1.136983,0.000000,0.000000,0.000000
1767638452.051005,1.143049,0.000000,0.000000,0.000000
1767638452.070959,1.149035,0.000000,0.000000,0.000000
1767638452.090898,1.155017,0.000000,0.000000,0.000000
1767638452.110859,1.161005,0.000000,0.000000,0.000000
1767638452.130770,1.166979,0.000000,0.000000,0.000000
1767638452.150969,1.173038,0.000000,0.000000,0.000000
1767638452.170867,1.179008,0.000000,0.000000,0.000000
1767638452.190826,1.184996,0.000000,0.000000,0.000000
1767638452.210797,1.190987,0.000000,0.000000,0.000000
1767638452.230930,1.197027,0.000000,0.000000,0.000000
1767638452.250918,1.203023,0.000000,0.000000,0.000000
1767638452.270739,1.208969,0.000000,0.000000,0.000000
1767638452.290737,1.214969,0.000000,0.000000,0.000000
1767638452.310945,1.221031,0.000000,0.000000,0.000000
1767638452.330833,1.226998,0.000000,0.000000,0.000000
1767638452.350895,1.233016,0.000000,0.000000,0.000000
1767638452.370770,1.238979,0.000000,0.000000,0.000000
1767638452.390885,1.245013,0.000000,0.000000,0.000000
1767638452.410936,1.251029,0.000000,0.000000,0.000000
1767638452.430838,1.256999,0.000000,0.000000,0.000000
1767638452.450794,1.262986,0.000000,0.000000,0.000000
1767638452.471009,1.269050,0.000000,0.000000,0.000000
1767638452.490918,1.275023,0.000000,0.000000,0.000000
1767638452.510959,1.281035,0.000000,0.000000,0.000000
1767638452.530997,1.287047,0.000000,0.000000,0.000000
1767638452.551005,1.293049,0.000000,0.000000,0.000000
1767638452.570847,1.299002,0.000000,0.000000,0.000000
1767638452.590958,1.305035,0.000000,0.000000,0.000000
1767638452.610857,1.311005,0.000000,0.000000,0.000000
1767638452.630813,1.316991,0.000000,0.000000,0.000000
1767638452.650956,1.323034,0.000000,0.000000,0.000000
1767638452.670894,1.329016,0.000000,0.000000,0.000000
1767638452.690929,1.335026,0.000000,0.000000,0.000000
1767638452.710871,1.341009,0.000000,0.000000,0.000000
1767638452.730925,1.347025,0.000000,0.000000,0.000000
1767638452.750894,1.353016,0.000000,0.000000,0.000000
1767638452.770911,1.359021,0.000000,0.000000,0.000000
1767638452.790787,1.364984,0.000000,0.000000,0.000000
1767638452.810917,1.371023,0.000000,0.000000,0.000000
1767638452.830830,1.376997,0.000000,0.000000,0.000000
1767638452.850897,1.383017,0.000000,0.000000,0.000000
1767638452.870856,1.389004,0.000000,0.000000,0.000000
1767638452.890793,1.394986,0.000000,0.000000,0.000000
1767638452.910814,1.400992,0.000000,0.000000,0.000000
1767638452.930726,1.406966,0.000000,0.000000,0.000000
1767638452.950779,1.412981,0.000000,0.000000,0.000000
1767638452.970832,1.418997,0.000000,0.000000,0.000000
1767638452.990960,1.425036,0.000000,0.000000,0.000000
1767638453.010955,1.431034,0.000000,0.000000,0.000000
1767638453.030858,1.437005,0.000000,0.000000,0.000000
1767638453.050845,1.443001,0.000000,0.000000,0.000000
1767638453.070836,1.448999,0.000000,0.000000,0.000000
1767638453.090764,1.454977,0.000000,0.000000,0.000000
1767638453.110801,1.460988,0.000000,0.000000,0.000000
1767638453.130872,1.467009,0.000000,0.000000,0.000000
1767638453.150791,1.472985,0.000000,0.000000,0.000000
1767638453.170855,1.479004,0.000000,0.000000,0.000000
1767638453.190978,1.485041,0.000000,0.000000,0.000000
1767638453.210907,1.491020,0.000000,0.000000,0.000000
1767638453.230854,1.497004,0.000000,0.000000,0.000000
1767638453.251007,1.503050,0.000000,0.000000,0.000000
1767638453.270952,1.509033,0.000000,0.000000,0.000000
1767638453.290924,1.515025,0.000000,0.000000,0.000000
1767638453.310899,1.521017,0.000000,0.000000,0.000000
1767638453.330879,1.527011,0.000000,0.000000,0.000000
1767638453.350802,1.532988,0.000000,0.000000,0.000000
1767638453.370984,1.539043,0.000000,0.000000,0.000000
1767638453.390920,1.545024,0.000000,0.000000,0.000000
1767638453.410969,1.551039,0.000000,0.000000,0.000000
1767638453.430857,1.557005,0.000000,0.000000,0.000000
1767638453.450925,1.563025,0.000000,0.000000,0.000000
1767638453.470935,1.569028,0.000000,0.000000,0.000000
1767638453.490956,1.575035,0.000000,0.000000,0.000000
1767638453.510899,1.581017,0.000000,0.000000,0.000000
1767638453.530922,1.587025,0.000000,0.000000,0.000000
1767638453.550861,1.593006,0.000000,0.000000,0.000000
1767638453.570864,1.599007,0.000000,0.000000,0.000000
1767638453.590846,1.605002,0.000000,0.000000,0.000000
1767638453.610957,1.611035,0.000000,0.000000,0.000000
1767638453.630885,1.617013,0.000000,0.000000,0.000000
1767638453.650985,1.623043,0.000000,0.000000,0.000000
1767638453.670919,1.629023,0.000000,0.000000,0.000000
1767638453.690754,1.634974,0.000000,0.000000,0.000000
1767638453.710960,1.641036,0.000000,0.000000,0.000000
1767638453.730879,1.647011,0.000000,0.000000,0.000000
1767638453.750804,1.652989,0.000000,0.000000,0.000000
1767638453.770872,1.659009,0.000000,0.000000,0.000000
1767638453.790829,1.664996,0.000000,0.000000,0.000000
1767638453.810844,1.671001,0.000000,0.000000,0.000000
1767638453.830866,1.677007,0.000000,0.000000,0.000000
1767638453.850889,1.683014,0.000000,0.000000,0.000000
1767638453.870909,1.689020,0.000000,0.000000,0.000000
1767638453.890918,1.695023,0.000000,0.000000,0.000000
1767638453.910840,1.701000,0.000000,0.000000,0.000000
1767638453.930774,1.706980,0.000000,0.000000,0.000000
1767638453.950975,1.713040,0.000000,0.000000,0.000000
1767638453.970862,1.719006,0.000000,0.000000,0.000000
1767638453.990893,1.725016,0.000000,0.000000,0.000000
1767638454.010810,1.730991,0.000000,0.000000,0.000000
1767638454.030865,1.737007,0.000000,0.000000,0.000000
1767638454.050733,1.742968,0.000000,0.000000,0.000000
1767638454.070836,1.748999,0.000000,0.000000,0.000000
1767638454.090802,1.754988,0.000000,0.000000,0.000000
1767638454.110847,1.761002,0.000000,0.000000,0.000000
1767638454.130918,1.767023,0.000000,0.000000,0.000000
1767638454.150747,1.772972,0.000000,0.000000,0.000000
1767638454.170867,1.779008,0.000000,0.000000,0.000000
1767638454.190943,1.785031,0.000000,0.000000,0.000000
1767638454.210705,1.790959,0.000000,0.000000,0.000000
1767638454.230849,1.797003,0.000000,0.000000,0.000000
1767638454.250969,1.803038,0.000000,0.000000,0.000000
1767638454.270824,1.808995,0.000000,0.000000,0.000000
1767638454.290921,1.815024,0.000000,0.000000,0.000000
1767638454.311001,1.821048,0.000000,0.000000,0.000000
1767638454.330849,1.827002,0.000000,0.000000,0.000000
1767638454.350909,1.833021,0.000000,0.000000,0.000000
1767638454.370867,1.839008,0.000000,0.000000,0.000000
1767638454.390819,1.844993,0.000000,0.000000,0.000000
1767638454.410902,1.851018,0.000000,0.000000,0.000000
1767638454.430860,1.857006,0.000000,0.000000,0.000000
1767638454.450890,1.863015,0.000000,0.000000,0.000000
1767638454.470893,1.869016,0.000000,0.000000,0.000000
1767638454.490935,1.875028,0.000000,0.000000,0.000000
1767638454.510855,1.881004,0.000000,0.000000,0.000000
1767638454.530839,1.886999,0.000000,0.000000,0.000000
1767638454.550868,1.893008,0.000000,0.000000,0.000000
1767638454.570938,1.899029,0.000000,0.000000,0.000000
1767638454.590843,1.905001,0.000000,0.000000,0.000000
1767638454.610873,1.911009,0.000000,0.000000,0.000000
1767638454.630788,1.916984,0.000000,0.000000,0.000000
1767638454.650913,1.923022,0.000000,0.000000,0.000000
1767638454.670826,1.928996,0.000000,0.000000,0.000000
1767638454.690871,1.935009,0.000000,0.000000,0.000000
1767638454.710846,1.941002,0.000000,0.000000,0.000000
1767638454.730922,1.947024,0.000000,0.000000,0.000000
1767638454.750831,1.952997,0.000000,0.000000,0.000000
1767638454.770903,1.957011,0.004014,0.000000,0.000000
1767638454.790820,1.960995,0.007998,0.000000,0.000000
1767638454.810850,1.965001,0.012004,0.000000,0.000000
1767638454.830884,1.969008,0.016011,0.000000,0.000000
1767638454.850821,1.972995,0.019998,0.000000,0.000000
1767638454.870847,1.977000,0.024003,0.000000,0.000000
1767638454.890837,1.980998,0.028001,0.000000,0.000000
1767638454.910876,1.985006,0.032009,0.000000,0.000000
1767638454.930856,1.989002,0.036005,0.000000,0.000000
1767638454.950797,1.992990,0.039993,0.000000,0.000000
1767638454.970876,1.997006,0.044009,0.000000,0.000000
1767638454.990842,2.000999,0.048002,0.000000,0.000000
1767638455.010873,2.005005,0.052008,0.000000,0.000000
1767638455.030907,2.009012,0.056015,0.000000,0.000000
1767638455.050891,2.013009,0.060012,0.000000,0.000000
1767638455.070914,2.017013,0.064017,0.000000,0.000000
1767638455.090805,2.020992,0.067995,0.000000,0.000000
1767638455.110876,2.025006,0.072009,0.000000,0.000000
1767638455.130897,2.029010,0.076013,0.000000,0.000000
1767638455.150886,2.033008,0.080011,0.000000,0.000000
1767638455.170785,2.036988,0.083991,0.000000,0.000000
1767638455.190921,2.041015,0.088018,0.000000,0.000000
1767638455.210868,2.045004,0.092007,0.000000,0.000000
1767638455.230857,2.049002,0.096005,0.000000,0.000000
1767638455.250846,2.053000,0.100003,0.000000,0.000000
1767638455.270806,2.056992,0.103995,0.000000,0.000000
1767638455.290846,2.061000,0.108003,0.000000,0.000000
1767638455.310865,2.065004,0.112007,0.000000,0.000000
1767638455.330889,2.069009,0.116012,0.000000,0.000000
1767638455.350801,2.072991,0.119994,0.000000,0.000000
1767638455.370932,2.077017,0.124020,0.000000,0.000000
1767638455.390907,2.081012,0.128015,0.000000,0.000000
1767638455.410927,2.085016,0.132019,0.000000,0.000000
1767638455.430890,2.089009,0.136012,0.000000,0.000000
1767638455.450862,2.093003,0.140006,0.000000,0.000000
1767638455.470984,2.097028,0.144031,0.000000,0.000000
1767638455.490874,2.101006,0.148009,0.000000,0.000000
1767638455.510866,2.105004,0.152007,0.000000,0.000000
1767638455.530957,2.109022,0.156025,0.000000,0.000000
1767638455.551006,2.113032,0.160035,0.000000,0.000000
1767638455.570951,2.117021,0.164024,0.000000,0.000000
1767638455.590879,2.121007,0.168010,0.000000,0.000000
1767638455.610893,2.125009,0.172013,0.000000,0.000000
1767638455.630831,2.128997,0.176000,0.000000,0.000000
1767638455.650896,2.133010,0.180013,0.000000,0.000000
1767638455.670843,2.136999,0.184002,0.000000,0.000000
1767638455.690912,2.141013,0.188016,0.000000,0.000000
1767638455.710812,2.144993,0.191996,0.000000,0.000000
1767638455.730924,2.149016,0.196019,0.000000,0.000000
1767638455.750896,2.153010,0.200013,0.000000,0.000000
1767638455.770922,2.157015,0.204018,0.000000,0.000000
1767638455.790916,2.161014,0.208017,0.000000,0.000000
1767638455.810882,2.165007,0.212010,0.000000,0.000000
1767638455.830852,2.169001,0.216004,0.000000,0.000000
1767638455.850824,2.172996,0.219999,0.000000,0.000000
1767638455.870844,2.177000,0.224003,0.000000,0.000000
1767638455.890878,2.181007,0.228010,0.000000,0.000000
1767638455.910938,2.185018,0.232021,0.000000,0.000000
1767638455.930888,2.189008,0.236011,0.000000,0.000000
1767638455.950895,2.193010,0.240013,0.000000,0.000000
1767638455.970929,2.197017,0.244020,0.000000,0.000000
1767638455.990982,2.201027,0.248030,0.000000,0.000000
1767638456.010917,2.205014,0.252017,0.000000,0.000000
1767638456.030897,2.209010,0.256013,0.000000,0.000000
1767638456.050862,2.213003,0.260006,0.000000,0.000000
1767638456.070825,2.216996,0.263999,0.000000,0.000000
1767638456.090872,2.221005,0.268008,0.000000,0.000000
1767638456.110922,2.225015,0.272018,0.000000,0.000000
1767638456.130692,2.228969,0.275972,0.000000,0.000000
1767638456.150844,2.233000,0.280003,0.000000,0.000000
1767638456.170788,2.236988,0.283991,0.000000,0.000000
1767638456.190816,2.240994,0.287997,0.000000,0.000000
1767638456.210766,2.244984,0.291987,0.000000,0.000000
1767638456.230820,2.248995,0.295998,0.000000,0.000000
1767638456.250814,2.252994,0.299997,0.000000,0.000000
1767638456.270822,2.256995,0.303998,0.000000,0.000000
1767638456.290804,2.260992,0.307995,0.000000,0.000000
1767638456.310772,2.264985,0.311988,0.000000,0.000000
1767638456.330863,2.269003,0.316006,0.000000,0.000000
1767638456.350842,2.272999,0.320002,0.000000,0.000000
1767638456.370935,2.277018,0.324021,0.000000,0.000000
1767638456.390939,2.281019,0.328022,0.000000,0.000000
1767638456.410917,2.285014,0.332017,0.000000,0.000000
1767638456.431012,2.289033,0.336036,0.000000,0.000000
1767638456.450940,2.293019,0.340022,0.000000,0.000000
1767638456.470906,2.297012,0.344015,0.000000,0.000000
1767638456.490806,2.300992,0.347995,0.000000,0.000000
1767638456.510779,2.304987,0.351990,0.000000,0.000000
1767638456.530877,2.309006,0.356009,0.000000,0.000000
1767638456.550892,2.313009,0.360012,0.000000,0.000000
1767638456.570910,2.317013,0.364016,0.000000,0.000000
1767638456.590885,2.321008,0.368011,0.000000,0.000000
1767638456.610919,2.325015,0.372018,0.000000,0.000000
1767638456.630918,2.329014,0.376017,0.000000,0.000000
1767638456.650948,2.333020,0.380023,0.000000,0.000000
1767638456.670928,2.337016,0.384019,0.000000,0.000000
1767638456.690856,2.341002,0.388005,0.000000,0.000000
1767638456.710891,2.345009,0.392012,0.000000,0.000000
1767638456.730885,2.349008,0.396011,0.000000,0.000000
1767638456.750818,2.352994,0.399997,0.000000,0.000000
1767638456.770824,2.356996,0.403999,0.000000,0.000000
1767638456.790874,2.361006,0.408009,0.000000,0.000000
1767638456.810866,2.365004,0.412007,0.000000,0.000000
1767638456.830879,2.369007,0.416010,0.000000,0.000000
1767638456.850871,2.373005,0.420008,0.000000,0.000000
1767638456.870795,2.376990,0.423993,0.000000,0.000000
1767638456.890974,2.381026,0.428029,0.000000,0.000000
1767638456.910848,2.385000,0.432003,0.000000,0.000000
1767638456.930944,2.389020,0.436023,0.000000,0.000000
1767638456.950834,2.392998,0.440001,0.000000,0.000000
1767638456.970826,2.396996,0.443999,0.000000,0.000000
1767638456.990891,2.401009,0.448012,0.000000,0.000000
1767638457.010716,2.404974,0.451977,0.000000,0.000000
1767638457.030872,2.409005,0.456008,0.000000,0.000000
1767638457.050918,2.413014,0.460017,0.000000,0.000000
1767638457.070844,2.417000,0.464003,0.000000,0.000000
1767638457.090864,2.421004,0.468007,0.000000,0.000000
1767638457.110843,2.424999,0.472002,0.000000,0.000000
1767638457.130893,2.429009,0.476012,0.000000,0.000000
1767638457.150877,2.433006,0.480009,0.000000,0.000000
1767638457.170904,2.437012,0.484015,0.000000,0.000000
1767638457.190788,2.440988,0.487991,0.000000,0.000000
1767638457.210773,2.444985,0.491988,0.000000,0.000000
1767638457.230921,2.449015,0.496018,0.000000,0.000000
1767638457.250909,2.453013,0.500016,0.000000,0.000000
1767638457.270869,2.457005,0.504008,0.000000,0.000000
1767638457.290828,2.460996,0.507999,0.000000,0.000000
1767638457.310904,2.465011,0.512015,0.000000,0.000000
1767638457.330924,2.469016,0.516019,0.000000,0.000000
1767638457.350933,2.473017,0.520020,0.000000,0.000000
1767638457.370963,2.477023,0.524026,0.000000,0.000000
1767638457.390878,2.481006,0.528009,0.000000,0.000000
1767638457.410820,2.484995,0.531998,0.000000,0.000000
1767638457.430840,2.488999,0.536002,0.000000,0.000000
1767638457.450827,2.492996,0.539999,0.000000,0.000000
1767638457.470836,2.496998,0.544001,0.000000,0.000000
1767638457.490848,2.501000,0.548003,0.000000,0.000000
1767638457.510869,2.505005,0.552008,0.000000,0.000000
1767638457.530859,2.509003,0.556006,0.000000,0.000000
1767638457.550872,2.513005,0.560008,0.000000,0.000000
1767638457.570861,2.517003,0.564006,0.000000,0.000000
1767638457.590852,2.521001,0.568004,0.000000,0.000000
1767638457.610864,2.525004,0.572007,0.000000,0.000000
1767638457.630859,2.529003,0.576006,0.000000,0.000000
1767638457.650837,2.532998,0.580001,0.000000,0.000000
1767638457.670889,2.537009,0.584012,0.000000,0.000000
1767638457.690846,2.541000,0.588003,0.000000,0.000000
1767638457.710857,2.545002,0.592005,0.000000,0.000000
1767638457.730851,2.549001,0.596004,0.000000,0.000000
1767638457.750848,2.553000,0.600003,0.000000,0.000000
1767638457.770824,2.556996,0.603999,0.000000,0.000000
1767638457.790820,2.560995,0.607998,0.000000,0.000000
1767638457.810836,2.564998,0.612001,0.000000,0.000000
1767638457.830861,2.569003,0.616006,0.000000,0.000000
1767638457.850824,2.572996,0.619999,0.000000,0.000000
1767638457.870801,2.576991,0.623994,0.000000,0.000000
1767638457.890857,2.581002,0.628005,0.000000,0.000000
1767638457.910824,2.584996,0.631999,0.000000,0.000000
1767638457.930896,2.589010,0.636013,0.000000,0.000000
1767638457.950986,2.593028,0.640031,0.000000,0.000000
1767638457.970807,2.596992,0.643995,0.000000,0.000000
1767638457.990857,2.601002,0.648005,0.000000,0.000000
1767638458.010859,2.605003,0.652006,0.000000,0.000000
1767638458.030849,2.609001,0.656004,0.000000,0.000000
1767638458.050829,2.612997,0.660000,0.000000,0.000000
1767638458.070851,2.617001,0.664004,0.000000,0.000000
1767638458.090839,2.620999,0.668002,0.000000,0.000000
1767638458.110876,2.625006,0.672009,0.000000,0.000000
1767638458.130917,2.629014,0.676017,0.000000,0.000000
1767638458.150839,2.632999,0.680002,0.000000,0.000000
1767638458.170827,2.636996,0.683999,0.000000,0.000000
1767638458.190871,2.641005,0.688008,0.000000,0.000000
1767638458.210826,2.644996,0.691999,0.000000,0.000000
1767638458.230921,2.649015,0.696018,0.000000,0.000000
1767638458.250859,2.653003,0.700006,0.000000,0.000000
1767638458.270854,2.657002,0.704005,0.000000,0.000000
1767638458.290879,2.661007,0.708010,0.000000,0.000000
1767638458.310937,2.665018,0.712021,0.000000,0.000000
1767638458.330900,2.669011,0.716014,0.000000,0.000000
1767638458.350899,2.673011,0.720014,0.000000,0.000000
1767638458.370890,2.677009,0.724012,0.000000,0.000000
1767638458.390812,2.680993,0.727996,0.000000,0.000000
1767638458.410866,2.685004,0.732007,0.000000,0.000000
1767638458.430834,2.688998,0.736001,0.000000,0.000000
1767638458.450810,2.692993,0.739996,0.000000,0.000000
1767638458.470914,2.697014,0.744017,0.000000,0.000000
1767638458.490813,2.700993,0.747996,0.000000,0.000000
1767638458.510906,2.705012,0.752015,0.000000,0.000000
1767638458.530847,2.709000,0.756003,0.000000,0.000000
1767638458.550806,2.712992,0.759995,0.000000,0.000000
1767638458.570875,2.717006,0.764009,0.000000,0.000000
1767638458.590847,2.721000,0.768003,0.000000,0.000000
1767638458.610854,2.725002,0.772005,0.000000,0.000000
1767638458.630797,2.728990,0.775993,0.000000,0.000000
1767638458.650873,2.733005,0.780008,0.000000,0.000000
1767638458.670855,2.737002,0.784005,0.000000,0.000000
1767638458.690892,2.741009,0.788012,0.000000,0.000000
1767638458.710874,2.745006,0.792009,0.000000,0.000000
1767638458.730840,2.748999,0.796002,0.000000,0.000000
1767638458.750832,2.752997,0.800000,0.000000,0.000000
1767638458.770858,2.757002,0.804005,0.000000,0.000000
1767638458.790893,2.761009,0.808012,0.000000,0.000000
1767638458.810936,2.765018,0.812021,0.000000,0.000000
1767638458.830889,2.769009,0.816012,0.000000,0.000000
1767638458.850906,2.773012,0.820015,0.000000,0.000000
1767638458.870887,2.777008,0.824011,0.000000,0.000000
1767638458.890877,2.781006,0.828009,0.000000,0.000000
1767638458.910874,2.785006,0.832009,0.000000,0.000000
1767638458.930826,2.788996,0.835999,0.000000,0.000000
1767638458.950848,2.793000,0.840003,0.000000,0.000000
1767638458.970844,2.797000,0.844003,0.000000,0.000000
1767638458.990857,2.801002,0.848005,0.000000,0.000000
1767638459.010819,2.804995,0.851998,0.000000,0.000000
1767638459.030809,2.808993,0.855996,0.000000,0.000000
1767638459.050871,2.813005,0.860008,0.000000,0.000000
1767638459.070933,2.817017,0.864020,0.000000,0.000000
1767638459.090922,2.821015,0.868018,0.000000,0.000000
1767638459.110882,2.825007,0.872010,0.000000,0.000000
1767638459.130996,2.829030,0.876033,0.000000,0.000000
1767638459.150972,2.833025,0.880028,0.000000,0.000000
1767638459.170887,2.837008,0.884011,0.000000,0.000000
1767638459.190895,2.841010,0.888013,0.000000,0.000000
1767638459.210888,2.845008,0.892011,0.000000,0.000000
1767638459.230767,2.848984,0.895987,0.000000,0.000000
1767638459.250798,2.852990,0.899993,0.000000,0.000000
1767638459.270883,2.857007,0.904010,0.000000,0.000000
1767638459.290849,2.861001,0.908004,0.000000,0.000000
1767638459.310868,2.865004,0.912008,0.000000,0.000000
1767638459.330938,2.869018,0.916021,0.000000,0.000000
1767638459.350851,2.873001,0.920004,0.000000,0.000000
1767638459.370896,2.877010,0.924013,0.000000,0.000000
1767638459.390884,2.881008,0.928011,0.000000,0.000000
1767638459.410826,2.884996,0.931999,0.000000,0.000000
1767638459.430919,2.889015,0.936018,0.000000,0.000000
1767638459.450893,2.893009,0.940013,0.000000,0.000000
1767638459.470889,2.897009,0.944012,0.000000,0.000000
1767638459.490850,2.901001,0.948004,0.000000,0.000000
1767638459.510757,2.904982,0.951985,0.000000,0.000000
1767638459.530809,2.908993,0.955996,0.000000,0.000000
1767638459.550942,2.913019,0.960022,0.000000,0.000000
1767638459.570914,2.917014,0.964017,0.000000,0.000000
1767638459.590874,2.921006,0.968009,0.000000,0.000000
1767638459.610762,2.924983,0.971986,0.000000,0.000000
1767638459.631023,2.929036,0.976039,0.000000,0.000000
1767638459.650951,2.933021,0.980024,0.000000,0.000000
1767638459.670857,2.937002,0.984005,0.000000,0.000000
1767638459.690856,2.941002,0.988005,0.000000,0.000000
1767638459.710883,2.945007,0.992011,0.000000,0.000000
1767638459.730895,2.949010,0.996013,0.000000,0.000000
1767638459.751027,2.953036,1.000039,0.000000,0.000000
1767638459.770928,2.959007,1.000039,0.000000,0.000000
1767638459.790867,2.964988,1.000039,0.000000,0.000000
1767638459.810857,2.970985,1.000039,0.000000,0.000000
1767638459.830863,2.976987,1.000039,0.000000,0.000000
1767638459.850955,2.983015,1.000039,0.000000,0.000000
1767638459.870884,2.988993,1.000039,0.000000,0.000000
1767638459.890885,2.994994,1.000039,0.000000,0.000000
1767638459.910857,3.000985,1.000039,0.000000,0.000000
1767638459.930830,3.006977,1.000039,0.000000,0.000000
1767638459.950787,3.012964,1.000039,0.000000,0.000000
1767638459.970854,3.018984,1.000039,0.000000,0.000000
1767638459.990817,3.024973,1.000039,0.000000,0.000000
1767638460.010780,3.030962,1.000039,0.000000,0.000000
1767638460.030860,3.036986,1.000039,0.000000,0.000000
1767638460.050840,3.042980,1.000039,0.000000,0.000000
1767638460.070831,3.048977,1.000039,0.000000,0.000000
1767638460.090931,3.055008,1.000039,0.000000,0.000000
1767638460.110854,3.060984,1.000039,0.000000,0.000000
1767638460.130833,3.066978,1.000039,0.000000,0.000000
1767638460.150821,3.072974,1.000039,0.000000,0.000000
1767638460.170865,3.078988,1.000039,0.000000,0.000000
1767638460.190860,3.084986,1.000039,0.000000,0.000000
1767638460.210824,3.090975,1.000039,0.000000,0.000000
1767638460.230881,3.096993,1.000039,0.000000,0.000000
1767638460.250902,3.102999,1.000039,0.000000,0.000000
1767638460.270902,3.108999,1.000039,0.000000,0.000000
1767638460.290885,3.114994,1.000039,0.000000,0.000000
1767638460.310845,3.120982,1.000039,0.000000,0.000000
1767638460.330756,3.126955,1.000039,0.000000,0.000000
1767638460.350856,3.132985,1.000039,0.000000,0.000000
1767638460.370890,3.138995,1.000039,0.000000,0.000000
1767638460.390882,3.144993,1.000039,0.000000,0.000000
1767638460.410835,3.150979,1.000039,0.000000,0.000000
1767638460.430864,3.156987,1.000039,0.000000,0.000000
1767638460.450867,3.162988,1.000039,0.000000,0.000000
1767638460.470851,3.168984,1.000039,0.000000,0.000000
1767638460.490850,3.174983,1.000039,0.000000,0.000000
1767638460.510855,3.180985,1.000039,0.000000,0.000000
1767638460.530852,3.186984,1.000039,0.000000,0.000000
1767638460.550839,3.192980,1.000039,0.000000,0.000000
1767638460.570825,3.198976,1.000039,0.000000,0.000000
1767638460.590841,3.204980,1.000039,0.000000,0.000000
1767638460.610804,3.210969,1.000039,0.000000,0.000000
1767638460.630828,3.216977,1.000039,0.000000,0.000000
1767638460.650823,3.222975,1.000039,0.000000,0.000000
1767638460.670832,3.228978,1.000039,0.000000,0.000000
1767638460.690826,3.234976,1.000039,0.000000,0.000000
1767638460.710797,3.240967,1.000039,0.000000,0.000000
1767638460.730805,3.246970,1.000039,0.000000,0.000000
1767638460.750846,3.252982,1.000039,0.000000,0.000000
1767638460.770811,3.258971,1.000039,0.000000,0.000000
1767638460.790844,3.264981,1.000039,0.000000,0.000000
1767638460.810832,3.270978,1.000039,0.000000,0.000000
1767638460.830890,3.276995,1.000039,0.000000,0.000000
1767638460.850827,3.282976,1.000039,0.000000,0.000000
1767638460.870771,3.288959,1.000039,0.000000,0.000000
1767638460.890888,3.294995,1.000039,0.000000,0.000000
1767638460.910886,3.300994,1.000039,0.000000,0.000000
1767638460.930863,3.306987,1.000039,0.000000,0.000000
1767638460.950834,3.312978,1.000039,0.000000,0.000000
1767638460.970831,3.318978,1.000039,0.000000,0.000000
1767638460.990912,3.325002,1.000039,0.000000,0.000000
1767638461.010778,3.330961,1.000039,0.000000,0.000000
1767638461.030764,3.336957,1.000039,0.000000,0.000000
1767638461.050876,3.342991,1.000039,0.000000,0.000000
1767638461.070857,3.348985,1.000039,0.000000,0.000000
1767638461.090854,3.354984,1.000039,0.000000,0.000000
1767638461.110919,3.361004,1.000039,0.000000,0.000000
1767638461.130881,3.366992,1.000039,0.000000,0.000000
1767638461.150885,3.372994,1.000039,0.000000,0.000000
1767638461.170897,3.378997,1.000039,0.000000,0.000000
1767638461.190872,3.384990,1.000039,0.000000,0.000000
1767638461.210848,3.390983,1.000039,0.000000,0.000000
1767638461.230820,3.396974,1.000039,0.000000,0.000000
1767638461.250871,3.402990,1.000039,0.000000,0.000000
1767638461.270771,3.408959,1.000039,0.000000,0.000000
1767638461.290865,3.414988,1.000039,0.000000,0.000000
1767638461.310860,3.420986,1.000039,0.000000,0.000000
1767638461.330875,3.426991,1.000039,0.000000,0.000000
1767638461.350893,3.432996,1.000039,0.000000,0.000000
1767638461.370809,3.438971,1.000039,0.000000,0.000000
1767638461.390963,3.445017,1.000039,0.000000,0.000000
1767638461.410861,3.450987,1.000039,0.000000,0.000000
1767638461.430786,3.456964,1.000039,0.000000,0.000000
1767638461.450882,3.462993,1.000039,0.000000,0.000000
1767638461.470881,3.468992,1.000039,0.000000,0.000000
1767638461.490925,3.475006,1.000039,0.000000,0.000000
1767638461.510852,3.480984,1.000039,0.000000,0.000000
1767638461.530837,3.486979,1.000039,0.000000,0.000000
1767638461.550839,3.492980,1.000039,0.000000,0.000000
1767638461.570839,3.498980,1.000039,0.000000,0.000000
1767638461.590850,3.504983,1.000039,0.000000,0.000000
1767638461.610833,3.510978,1.000039,0.000000,0.000000
1767638461.630837,3.516979,1.000039,0.000000,0.000000
1767638461.650979,3.523022,1.000039,0.000000,0.000000
1767638461.670878,3.528992,1.000039,0.000000,0.000000
1767638461.690935,3.535009,1.000039,0.000000,0.000000
1767638461.710856,3.540985,1.000039,0.000000,0.000000
1767638461.730877,3.546991,1.000039,0.000000,0.000000
1767638461.750800,3.552968,1.000039,0.000000,0.000000
1767638461.770849,3.558983,1.000039,0.000000,0.000000
1767638461.790866,3.564988,1.000039,0.000000,0.000000
1767638461.810858,3.570985,1.000039,0.000000,0.000000
1767638461.830824,3.576975,1.000039,0.000000,0.000000
1767638461.850858,3.582986,1.000039,0.000000,0.000000
1767638461.870899,3.588998,1.000039,0.000000,0.000000
1767638461.890840,3.594980,1.000039,0.000000,0.000000
1767638461.910925,3.601006,1.000039,0.000000,0.000000
1767638461.930899,3.606998,1.000039,0.000000,0.000000
1767638461.950859,3.612986,1.000039,0.000000,0.000000
1767638461.970775,3.618961,1.000039,0.000000,0.000000
1767638461.990854,3.624984,1.000039,0.000000,0.000000
1767638462.010919,3.631004,1.000039,0.000000,0.000000
1767638462.030876,3.636991,1.000039,0.000000,0.000000
1767638462.050772,3.642960,1.000039,0.000000,0.000000
1767638462.070801,3.648969,1.000039,0.000000,0.000000
1767638462.090921,3.655005,1.000039,0.000000,0.000000
1767638462.110883,3.660993,1.000039,0.000000,0.000000
1767638462.130891,3.666995,1.000039,0.000000,0.000000
1767638462.150874,3.672990,1.000039,0.000000,0.000000
1767638462.170846,3.678982,1.000039,0.000000,0.000000
1767638462.190868,3.684989,1.000039,0.000000,0.000000
1767638462.210914,3.691002,1.000039,0.000000,0.000000
1767638462.230832,3.696978,1.000039,0.000000,0.000000
1767638462.250929,3.703007,1.000039,0.000000,0.000000
1767638462.270852,3.708984,1.000039,0.000000,0.000000
1767638462.290813,3.714972,1.000039,0.000000,0.000000
1767638462.310852,3.720984,1.000039,0.000000,0.000000
1767638462.330918,3.727004,1.000039,0.000000,0.000000
1767638462.350829,3.732977,1.000039,0.000000,0.000000
1767638462.370891,3.738995,1.000039,0.000000,0.000000
1767638462.390940,3.745010,1.000039,0.000000,0.000000
1767638462.410830,3.750977,1.000039,0.000000,0.000000
1767638462.430819,3.756974,1.000039,0.000000,0.000000
1767638462.450847,3.762982,1.000039,0.000000,0.000000
1767638462.470790,3.768965,1.000039,0.000000,0.000000
1767638462.490863,3.774987,1.000039,0.000000,0.000000
1767638462.510869,3.780989,1.000039,0.000000,0.000000
1767638462.530838,3.786980,1.000039,0.000000,0.000000
1767638462.550813,3.792972,1.000039,0.000000,0.000000
1767638462.570828,3.798977,1.000039,0.000000,0.000000
1767638462.590841,3.804981,1.000039,0.000000,0.000000
1767638462.610821,3.810975,1.000039,0.000000,0.000000
1767638462.630793,3.816966,1.000039,0.000000,0.000000
1767638462.650822,3.822975,1.000039,0.000000,0.000000
1767638462.670781,3.828962,1.000039,0.000000,0.000000
1767638462.690799,3.834968,1.000039,0.000000,0.000000
1767638462.710813,3.840972,1.000039,0.000000,0.000000
1767638462.730732,3.846948,1.000039,0.000000,0.000000
1767638462.750952,3.853014,1.000039,0.000000,0.000000
1767638462.770828,3.858977,1.000039,0.000000,0.000000
1767638462.790857,3.864985,1.000039,0.000000,0.000000
1767638462.810833,3.870978,1.000039,0.000000,0.000000
1767638462.830842,3.876981,1.000039,0.000000,0.000000
1767638462.850835,3.882979,1.000039,0.000000,0.000000
1767638462.870917,3.889003,1.000039,0.000000,0.000000
1767638462.890795,3.894967,1.000039,0.000000,0.000000
1767638462.910869,3.900989,1.000039,0.000000,0.000000
1767638462.930828,3.906977,1.000039,0.000000,0.000000
1767638462.950798,3.912967,1.000039,0.000000,0.000000
1767638462.970847,3.918982,1.000039,0.000000,0.000000
1767638462.990839,3.924980,1.000039,0.000000,0.000000
1767638463.010856,3.930985,1.000039,0.000000,0.000000
1767638463.030878,3.936992,1.000039,0.000000,0.000000
1767638463.050789,3.942965,1.000039,0.000000,0.000000
1767638463.070946,3.949012,1.000039,0.000000,0.000000
1767638463.090787,3.954964,1.000039,0.000000,0.000000
1767638463.110749,3.960953,1.000039,0.000000,0.000000
1767638463.130960,3.967016,1.000039,0.000000,0.000000
1767638463.150923,3.973005,1.000039,0.000000,0.000000
1767638463.170909,3.979001,1.000039,0.000000,0.000000
1767638463.190784,3.984963,1.000039,0.000000,0.000000
1767638463.210883,3.990993,1.000039,0.000000,0.000000
1767638463.230796,3.996967,1.000039,0.000000,0.000000
1767638463.250887,4.002994,1.000039,0.000000,0.000000
1767638463.270844,4.008981,1.000039,0.000000,0.000000
1767638463.290937,4.015009,1.000039,0.000000,0.000000
1767638463.310873,4.020990,1.000039,0.000000,0.000000
1767638463.330735,4.026949,1.000039,0.000000,0.000000
1767638463.350809,4.032971,1.000039,0.000000,0.000000
1767638463.370798,4.038968,1.000039,0.000000,0.000000
1767638463.390922,4.045005,1.000039,0.000000,0.000000
1767638463.410889,4.050995,1.000039,0.000000,0.000000
1767638463.430873,4.056990,1.000039,0.000000,0.000000
1767638463.450840,4.062980,1.000039,0.000000,0.000000
1767638463.470910,4.069001,1.000039,0.000000,0.000000
1767638463.491038,4.075039,1.000039,0.000000,0.000000
1767638463.510882,4.080993,1.000039,0.000000,0.000000
1767638463.530954,4.087014,1.000039,0.000000,0.000000
1767638463.550939,4.093010,1.000039,0.000000,0.000000
1767638463.570867,4.098988,1.000039,0.000000,0.000000
1767638463.590966,4.105018,1.000039,0.000000,0.000000
1767638463.610790,4.110965,1.000039,0.000000,0.000000
1767638463.630895,4.116997,1.000039,0.000000,0.000000
1767638463.650850,4.122983,1.000039,0.000000,0.000000
1767638463.670873,4.128990,1.000039,0.000000,0.000000
1767638463.690811,4.134972,1.000039,0.000000,0.000000
1767638463.710852,4.140984,1.000039,0.000000,0.000000
1767638463.730938,4.147010,1.000039,0.000000,0.000000
1767638463.750915,4.153003,1.000039,0.000000,0.000000
1767638463.770836,4.158979,1.000039,0.000000,0.000000
1767638463.790872,4.164990,1.000039,0.000000,0.000000
1767638463.810860,4.170986,1.000039,0.000000,0.000000
1767638463.830889,4.176995,1.000039,0.000000,0.000000
1767638463.850901,4.182999,1.000039,0.000000,0.000000
1767638463.870911,4.189001,1.000039,0.000000,0.000000
1767638463.890886,4.194994,1.000039,0.000000,0.000000
1767638463.910873,4.200990,1.000039,0.000000,0.000000
1767638463.930899,4.206998,1.000039,0.000000,0.000000
1767638463.950905,4.213000,1.000039,0.000000,0.000000
1767638463.970865,4.218988,1.000039,0.000000,0.000000
1767638463.990814,4.224972,1.000039,0.000000,0.000000
1767638464.010852,4.230984,1.000039,0.000000,0.000000
1767638464.030847,4.236982,1.000039,0.000000,0.000000
1767638464.050815,4.242973,1.000039,0.000000,0.000000
1767638464.070881,4.248992,1.000039,0.000000,0.000000
1767638464.090880,4.254992,1.000039,0.000000,0.000000
1767638464.110861,4.260986,1.000039,0.000000,0.000000
1767638464.130867,4.266988,1.000039,0.000000,0.000000
1767638464.150800,4.272968,1.000039,0.000000,0.000000
1767638464.170832,4.278978,1.000039,0.000000,0.000000
1767638464.190879,4.284992,1.000039,0.000000,0.000000
1767638464.210806,4.290970,1.000039,0.000000,0.000000
1767638464.230889,4.296995,1.000039,0.000000,0.000000
1767638464.250838,4.302979,1.000039,0.000000,0.000000
1767638464.270851,4.308983,1.000039,0.000000,0.000000
1767638464.290808,4.314971,1.000039,0.000000,0.000000
1767638464.310839,4.320980,1.000039,0.000000,0.000000
1767638464.330826,4.326976,1.000039,0.000000,0.000000
1767638464.350837,4.332979,1.000039,0.000000,0.000000
1767638464.370921,4.339004,1.000039,0.000000,0.000000
1767638464.390841,4.344981,1.000039,0.000000,0.000000
1767638464.410941,4.351011,1.000039,0.000000,0.000000
1767638464.430870,4.356989,1.000039,0.000000,0.000000
1767638464.450904,4.362999,1.000039,0.000000,0.000000
1767638464.470855,4.368985,1.000039,0.000000,0.000000
1767638464.490879,4.374992,1.000039,0.000000,0.000000
1767638464.510852,4.380984,1.000039,0.000000,0.000000
1767638464.530859,4.386986,1.000039,0.000000,0.000000
1767638464.550880,4.392992,1.000039,0.000000,0.000000
1767638464.570873,4.398990,1.000039,0.000000,0.000000
1767638464.590807,4.404970,1.000039,0.000000,0.000000
1767638464.610848,4.410982,1.000039,0.000000,0.000000
1767638464.630875,4.416991,1.000039,0.000000,0.000000
1767638464.650820,4.422974,1.000039,0.000000,0.000000
1767638464.670839,4.428980,1.000039,0.000000,0.000000
1767638464.690826,4.434976,1.000039,0.000000,0.000000
1767638464.710773,4.440960,1.000039,0.000000,0.000000
1767638464.730822,4.446975,1.000039,0.000000,0.000000
1767638464.750787,4.452964,1.000039,0.000000,0.000000
1767638464.770932,4.452964,1.000039,0.000000,0.000000
1767638464.790844,4.452964,1.000039,0.000000,0.000000
1767638464.810831,4.452964,1.000039,0.000000,0.000000
1767638464.830952,4.452964,1.000039,0.000000,0.000000
1767638464.850900,4.452964,1.000039,0.000000,0.000000
1767638464.870822,4.452964,1.000039,0.000000,0.000000
1767638464.890851,4.452964,1.000039,0.000000,0.000000
1767638464.910808,4.452964,1.000039,0.000000,0.000000
1767638464.930849,4.452964,1.000039,0.000000,0.000000
1767638464.950809,4.452964,1.000039,0.000000,0.000000
1767638464.970838,4.452964,1.000039,0.000000,0.000000
1767638464.990950,4.452964,1.000039,0.000000,0.000000
1767638465.010869,4.452964,1.000039,0.000000,0.000000
1767638465.030835,4.452964,1.000039,0.000000,0.000000
1767638465.050864,4.452964,1.000039,0.000000,0.000000
1767638465.070953,4.452964,1.000039,0.000000,0.000000
1767638465.090934,4.452964,1.000039,0.000000,0.000000
1767638465.110891,4.452964,1.000039,0.000000,0.000000
1767638465.130834,4.452964,1.000039,0.000000,0.000000
1767638465.150886,4.452964,1.000039,0.000000,0.000000
1767638465.170919,4.452964,1.000039,0.000000,0.000000
1767638465.190822,4.452964,1.000039,0.000000,0.000000
1767638465.210811,4.452964,1.000039,0.000000,0.000000
1767638465.230895,4.452964,1.000039,0.000000,0.000000
1767638465.250877,4.452964,1.000039,0.000000,0.000000
1767638465.270866,4.452964,1.000039,0.000000,0.000000
1767638465.290957,4.452964,1.000039,0.000000,0.000000
1767638465.310835,4.452964,1.000039,0.000000,0.000000
1767638465.330938,4.452964,1.000039,0.000000,0.000000
1767638465.350811,4.452964,1.000039,0.000000,0.000000
1767638465.370724,4.452964,1.000039,0.000000,0.000000
1767638465.390830,4.452964,1.000039,0.000000,0.000000
1767638465.410875,4.452964,1.000039,0.000000,0.000000
1767638465.430931,4.452964,1.000039,0.000000,0.000000
1767638465.450788,4.452964,1.000039,0.000000,0.000000
1767638465.470978,4.452964,1.000039,0.000000,0.000000
1767638465.490846,4.452964,1.000039,0.000000,0.000000
1767638465.510782,4.452964,1.000039,0.000000,0.000000
1767638465.530921,4.452964,1.000039,0.000000,0.000000
1767638465.550844,4.452964,1.000039,0.000000,0.000000
1767638465.570901,4.452964,1.000039,0.000000,0.000000
1767638465.590788,4.452964,1.000039,0.000000,0.000000
1767638465.610896,4.452964,1.000039,0.000000,0.000000
1767638465.630762,4.452964,1.000039,0.000000,0.000000
1767638465.650830,4.452964,1.000039,0.000000,0.000000
1767638465.670895,4.452964,1.000039,0.000000,0.000000
1767638465.690754,4.452964,1.000039,0.000000,0.000000
1767638465.710842,4.452964,1.000039,0.000000,0.000000
1767638465.730894,4.452964,1.000039,0.000000,0.000000
1767638465.750862,4.452964,1.000039,0.000000,0.000000
1767638465.770990,4.452964,1.000039,0.000000,0.000000
1767638465.790893,4.452964,1.000039,0.000000,0.000000
1767638465.810875,4.452964,1.000039,0.000000,0.000000
1767638465.830900,4.452964,1.000039,0.000000,0.000000
1767638465.850870,4.452964,1.000039,0.000000,0.000000
1767638465.870845,4.452964,1.000039,0.000000,0.000000
1767638465.890939,4.452964,1.000039,0.000000,0.000000
1767638465.910947,4.452964,1.000039,0.000000,0.000000
1767638465.930928,4.452964,1.000039,0.000000,0.000000
1767638465.951000,4.452964,1.000039,0.000000,0.000000
1767638465.971048,4.452964,1.000039,0.000000,0.000000
1767638465.990828,4.452964,1.000039,0.000000,0.000000
1767638466.010869,4.452964,1.000039,0.000000,0.000000
1767638466.030804,4.452964,1.000039,0.000000,0.000000
1767638466.050925,4.452964,1.000039,0.000000,0.000000
1767638466.070862,4.452964,1.000039,0.000000,0.000000
1767638466.090857,4.452964,1.000039,0.000000,0.000000
1767638466.110930,4.452964,1.000039,0.000000,0.000000
1767638466.130870,4.452964,1.000039,0.000000,0.000000
1767638466.150857,4.452964,1.000039,0.000000,0.000000
1767638466.170816,4.452964,1.000039,0.000000,0.000000
1767638466.190893,4.452964,1.000039,0.000000,0.000000
1767638466.210958,4.452964,1.000039,0.000000,0.000000
1767638466.230939,4.452964,1.000039,0.000000,0.000000
1767638466.250869,4.452964,1.000039,0.000000,0.000000
1767638466.270918,4.452964,1.000039,0.000000,0.000000
1767638466.290839,4.452964,1.000039,0.000000,0.000000
1767638466.310796,4.452964,1.000039,0.000000,0.000000
1767638466.330824,4.452964,1.000039,0.000000,0.000000
1767638466.350922,4.452964,1.000039,0.000000,0.000000
1767638466.370859,4.452964,1.000039,0.000000,0.000000
1767638466.390966,4.452964,1.000039,0.000000,0.000000
1767638466.410950,4.452964,1.000039,0.000000,0.000000
1767638466.430981,4.452964,1.000039,0.000000,0.000000
1767638466.450890,4.452964,1.000039,0.000000,0.000000
1767638466.470906,4.452964,1.000039,0.000000,0.000000
1767638466.491027,4.452964,1.000039,0.000000,0.000000
1767638466.510832,4.452964,1.000039,0.000000,0.000000
1767638466.530914,4.452964,1.000039,0.000000,0.000000
1767638466.550881,4.452964,1.000039,0.000000,0.000000
1767638466.570922,4.452964,1.000039,0.000000,0.000000
1767638466.590899,4.452964,1.000039,0.000000,0.000000
1767638466.610873,4.452964,1.000039,0.000000,0.000000
1767638466.630809,4.452964,1.000039,0.000000,0.000000
1767638466.650912,4.452964,1.000039,0.000000,0.000000
1767638466.670936,4.452964,1.000039,0.000000,0.000000
1767638466.690784,4.452964,1.000039,0.000000,0.000000
1767638466.710837,4.452964,1.000039,0.000000,0.000000
1767638466.730814,4.452964,1.000039,0.000000,0.000000
1767638466.750914,4.452964,1.000039,0.000000,0.000000
1767638466.770841,4.452964,1.000039,0.000000,0.000000
1767638466.790886,4.452964,1.000039,0.000000,0.000000
1767638466.810879,4.452964,1.000039,0.000000,0.000000
1767638466.830846,4.452964,1.000039,0.000000,0.000000
1767638466.850866,4.452964,1.000039,0.000000,0.000000
1767638466.870861,4.452964,1.000039,0.000000,0.000000
1767638466.890841,4.452964,1.000039,0.000000,0.000000
1767638466.910851,4.452964,1.000039,0.000000,0.000000
1767638466.930843,4.452964,1.000039,0.000000,0.000000
1767638466.950819,4.452964,1.000039,0.000000,0.000000
1767638466.970891,4.452964,1.000039,0.000000,0.000000
1767638466.990961,4.452964,1.000039,0.000000,0.000000
1767638467.010832,4.452964,1.000039,0.000000,0.000000
1767638467.030906,4.452964,1.000039,0.000000,0.000000
1767638467.050909,4.452964,1.000039,0.000000,0.000000
1767638467.070999,4.452964,1.000039,0.000000,0.000000
1767638467.090917,4.452964,1.000039,0.000000,0.000000
1767638467.110958,4.452964,1.000039,0.000000,0.000000
1767638467.130985,4.452964,1.000039,0.000000,0.000000
1767638467.150916,4.452964,1.000039,0.000000,0.000000
1767638467.170921,4.452964,1.000039,0.000000,0.000000
1767638467.190854,4.452964,1.000039,0.000000,0.000000
1767638467.210896,4.452964,1.000039,0.000000,0.000000
1767638467.230998,4.452964,1.000039,0.000000,0.000000
1767638467.250802,4.452964,1.000039,0.000000,0.000000
1767638467.270997,4.452964,1.000039,0.000000,0.000000
1767638467.290840,4.452964,1.000039,0.000000,0.000000
1767638467.310909,4.452964,1.000039,0.000000,0.000000
1767638467.330819,4.452964,1.000039,0.000000,0.000000
1767638467.350772,4.452964,1.000039,0.000000,0.000000
1767638467.370927,4.452964,1.000039,0.000000,0.000000
1767638467.391028,4.452964,1.000039,0.000000,0.000000
1767638467.410893,4.452964,1.000039,0.000000,0.000000
1767638467.430837,4.452964,1.000039,0.000000,0.000000
1767638467.450939,4.452964,1.000039,0.000000,0.000000
1767638467.470922,4.452964,1.000039,0.000000,0.000000
1767638467.490968,4.452964,1.000039,0.000000,0.000000
1767638467.510876,4.452964,1.000039,0.000000,0.000000
1767638467.530844,4.452964,1.000039,0.000000,0.000000
1767638467.550940,4.452964,1.000039,0.000000,0.000000
1767638467.570809,4.452964,1.000039,0.000000,0.000000
1767638467.590854,4.452964,1.000039,0.000000,0.000000
1767638467.610894,4.452964,1.000039,0.000000,0.000000
1767638467.630844,4.452964,1.000039,0.000000,0.000000
1767638467.650836,4.452964,1.000039,0.000000,0.000000
1767638467.670817,4.452964,1.000039,0.000000,0.000000
1767638467.690910,4.452964,1.000039,0.000000,0.000000
1767638467.710840,4.452964,1.000039,0.000000,0.000000
1767638467.730864,4.452964,1.000039,0.000000,0.000000
1767638467.750845,4.452964,1.000039,0.000000,0.000000
1767638467.770837,4.452964,1.000039,0.000000,0.000000
1767638467.790866,4.452964,1.000039,0.000000,0.000000
1767638467.810852,4.452964,1.000039,0.000000,0.000000
1767638467.830844,4.452964,1.000039,0.000000,0.000000
1767638467.850827,4.452964,1.000039,0.000000,0.000000
1767638467.870985,4.452964,1.000039,0.000000,0.000000
1767638467.890856,4.452964,1.000039,0.000000,0.000000
1767638467.910830,4.452964,1.000039,0.000000,0.000000
1767638467.930812,4.452964,1.000039,0.000000,0.000000
1767638467.950860,4.452964,1.000039,0.000000,0.000000
1767638467.970794,4.452964,1.000039,0.000000,0.000000
1767638467.990834,4.452964,1.000039,0.000000,0.000000
1767638468.010817,4.452964,1.000039,0.000000,0.000000
1767638468.030873,4.452964,1.000039,0.000000,0.000000
1767638468.050856,4.452964,1.000039,0.000000,0.000000
1767638468.070939,4.452964,1.000039,0.000000,0.000000
1767638468.090917,4.452964,1.000039,0.000000,0.000000
1767638468.110883,4.452964,1.000039,0.000000,0.000000
1767638468.130890,4.452964,1.000039,0.000000,0.000000
1767638468.150961,4.452964,1.000039,0.000000,0.000000
1767638468.170942,4.452964,1.000039,0.000000,0.000000
1767638468.190909,4.452964,1.000039,0.000000,0.000000
1767638468.210933,4.452964,1.000039,0.000000,0.000000
1767638468.230900,4.452964,1.000039,0.000000,0.000000
1767638468.250816,4.452964,1.000039,0.000000,0.000000
1767638468.270934,4.452964,1.000039,0.000000,0.000000
1767638468.290833,4.452964,1.000039,0.000000,0.000000
1767638468.310926,4.452964,1.000039,0.000000,0.000000
1767638468.330881,4.452964,1.000039,0.000000,0.000000
1767638468.350815,4.452964,1.000039,0.000000,0.000000
1767638468.370817,4.452964,1.000039,0.000000,0.000000
1767638468.390850,4.452964,1.000039,0.000000,0.000000
1767638468.410843,4.452964,1.000039,0.000000,0.000000
1767638468.430840,4.452964,1.000039,0.000000,0.000000
1767638468.450842,4.452964,1.000039,0.000000,0.000000
1767638468.470823,4.452964,1.000039,0.000000,0.000000
1767638468.490923,4.452964,1.000039,0.000000,0.000000
1767638468.510817,4.452964,1.000039,0.000000,0.000000
1767638468.530914,4.452964,1.000039,0.000000,0.000000
1767638468.550878,4.452964,1.000039,0.000000,0.000000
1767638468.570873,4.452964,1.000039,0.000000,0.000000
1767638468.590925,4.452964,1.000039,0.000000,0.000000
1767638468.610844,4.452964,1.000039,0.000000,0.000000
1767638468.630924,4.452964,1.000039,0.000000,0.000000
1767638468.650811,4.452964,1.000039,0.000000,0.000000
1767638468.670916,4.452964,1.000039,0.000000,0.000000
1767638468.690874,4.452964,1.000039,0.000000,0.000000
1767638468.710845,4.452964,1.000039,0.000000,0.000000
1767638468.730919,4.452964,1.000039,0.000000,0.000000
1767638468.750854,4.452964,1.000039,0.000000,0.000000
1767638468.770892,4.452964,1.000039,0.000000,0.000000
1767638468.790873,4.452964,1.000039,0.000000,0.000000
1767638468.810847,4.452964,1.000039,0.000000,0.000000
1767638468.831018,4.452964,1.000039,0.000000,0.000000
1767638468.850823,4.452964,1.000039,0.000000,0.000000
1767638468.870777,4.452964,1.000039,0.000000,0.000000
1767638468.890830,4.452964,1.000039,0.000000,0.000000
1767638468.910822,4.452964,1.000039,0.000000,0.000000
1767638468.930928,4.452964,1.000039,0.000000,0.000000
1767638468.950906,4.452964,1.000039,0.000000,0.000000
1767638468.970838,4.452964,1.000039,0.000000,0.000000
1767638468.991048,4.452964,1.000039,0.000000,0.000000
1767638469.010825,4.452964,1.000039,0.000000,0.000000
1767638469.030913,4.452964,1.000039,0.000000,0.000000
1767638469.051018,4.452964,1.000039,0.000000,0.000000
1767638469.070838,4.452964,1.000039,0.000000,0.000000
1767638469.090886,4.452964,1.000039,0.000000,0.000000
1767638469.110993,4.452964,1.000039,0.000000,0.000000
1767638469.130837,4.452964,1.000039,0.000000,0.000000
1767638469.150805,4.452964,1.000039,0.000000,0.000000
1767638469.170892,4.452964,1.000039,0.000000,0.000000
1767638469.190967,4.452964,1.000039,0.000000,0.000000
1767638469.210797,4.452964,1.000039,0.000000,0.000000
1767638469.230911,4.452964,1.000039,0.000000,0.000000
1767638469.250823,4.452964,1.000039,0.000000,0.000000
1767638469.270910,4.452964,1.000039,0.000000,0.000000
1767638469.290848,4.452964,1.000039,0.000000,0.000000
1767638469.310809,4.452964,1.000039,0.000000,0.000000
1767638469.330778,4.452964,1.000039,0.000000,0.000000
1767638469.350862,4.452964,1.000039,0.000000,0.000000
1767638469.370908,4.452964,1.000039,0.000000,0.000000
1767638469.390969,4.452964,1.000039,0.000000,0.000000
1767638469.411023,4.452964,1.000039,0.000000,0.000000
1767638469.430805,4.452964,1.000039,0.000000,0.000000
1767638469.450845,4.452964,1.000039,0.000000,0.000000
1767638469.470935,4.452964,1.000039,0.000000,0.000000
1767638469.490887,4.452964,1.000039,0.000000,0.000000
1767638469.510772,4.452964,1.000039,0.000000,0.000000
1767638469.530840,4.452964,1.000039,0.000000,0.000000
1767638469.551003,4.452964,1.000039,0.000000,0.000000
1767638469.570913,4.452964,1.000039,0.000000,0.000000
1767638469.590998,4.452964,1.000039,0.000000,0.000000
1767638469.611010,4.452964,1.000039,0.000000,0.000000
1767638469.630974,4.452964,1.000039,0.000000,0.000000
1767638469.650961,4.452964,1.000039,0.000000,0.000000
1767638469.670971,4.452964,1.000039,0.000000,0.000000
1767638469.690951,4.452964,1.000039,0.000000,0.000000
1767638469.710951,4.452964,1.000039,0.000000,0.000000
1767638469.730879,4.452964,1.000039,0.000000,0.000000
1767638469.750983,4.452964,1.000039,0.000000,0.000000
1767638469.770927,4.452964,1.000039,0.000000,0.000000
1767638469.790844,4.452964,1.000039,0.000000,0.000000
1767638469.810879,4.452964,1.000039,0.000000,0.000000
1767638469.830848,4.452964,1.000039,0.000000,0.000000
1767638469.850945,4.452964,1.000039,0.000000,0.000000
1767638469.870851,4.452964,1.000039,0.000000,0.000000
1767638469.890920,4.452964,1.000039,0.000000,0.000000
1767638469.910821,4.452964,1.000039,0.000000,0.000000
1767638469.930844,4.452964,1.000039,0.000000,0.000000
1767638469.950763,4.452964,1.000039,0.000000,0.000000
1767638469.970959,4.452964,1.000039,0.000000,0.000000
1767638469.990940,4.452964,1.000039,0.000000,0.000000
1767638470.010817,4.452964,1.000039,0.000000,0.000000
1767638470.030829,4.452964,1.000039,0.000000,0.000000
1767638470.050895,4.452964,1.000039,0.000000,0.000000
1767638470.070850,4.452964,1.000039,0.000000,0.000000
1767638470.090919,4.452964,1.000039,0.000000,0.000000
1767638470.110829,4.452964,1.000039,0.000000,0.000000
1767638470.130925,4.452964,1.000039,0.000000,0.000000
1767638470.150841,4.452964,1.000039,0.000000,0.000000
1767638470.171024,4.452964,1.000039,0.000000,0.000000
1767638470.190933,4.452964,1.000039,0.000000,0.000000
1767638470.210908,4.452964,1.000039,0.000000,0.000000
1767638470.231043,4.452964,1.000039,0.000000,0.000000
1767638470.250793,4.452964,1.000039,0.000000,0.000000
1767638470.270900,4.452964,1.000039,0.000000,0.000000
1767638470.290925,4.452964,1.000039,0.000000,0.000000
1767638470.310921,4.452964,1.000039,0.000000,0.000000
1767638470.330900,4.452964,1.000039,0.000000,0.000000
1767638470.350873,4.452964,1.000039,0.000000,0.000000
1767638470.370940,4.452964,1.000039,0.000000,0.000000
1767638470.390931,4.452964,1.000039,0.000000,0.000000
1767638470.410867,4.452964,1.000039,0.000000,0.000000
1767638470.430920,4.452964,1.000039,0.000000,0.000000
1767638470.450834,4.452964,1.000039,0.000000,0.000000
1767638470.470895,4.452964,1.000039,0.000000,0.000000
1767638470.490910,4.452964,1.000039,0.000000,0.000000
1767638470.510999,4.452964,1.000039,0.000000,0.000000
1767638470.530884,4.452964,1.000039,0.000000,0.000000
1767638470.550907,4.452964,1.000039,0.000000,0.000000
1767638470.570872,4.452964,1.000039,0.000000,0.000000
1767638470.590887,4.452964,1.000039,0.000000,0.000000
1767638470.610899,4.452964,1.000039,0.000000,0.000000
1767638470.630919,4.452964,1.000039,0.000000,0.000000
1767638470.650823,4.452964,1.000039,0.000000,0.000000
1767638470.670884,4.452964,1.000039,0.000000,0.000000
1767638470.690838,4.452964,1.000039,0.000000,0.000000
1767638470.710804,4.452964,1.000039,0.000000,0.000000
1767638470.730846,4.452964,1.000039,0.000000,0.000000
1767638470.750839,4.452964,1.000039,0.000000,0.000000
1767638470.770855,4.452964,1.000039,0.000000,0.000000
1767638470.790882,4.452964,1.000039,0.000000,0.000000
1767638470.810827,4.452964,1.000039,0.000000,0.000000
1767638470.830883,4.452964,1.000039,0.000000,0.000000
1767638470.850970,4.452964,1.000039,0.000000,0.000000
1767638470.870864,4.452964,1.000039,0.000000,0.000000
1767638470.890923,4.452964,1.000039,0.000000,0.000000
1767638470.910831,4.452964,1.000039,0.000000,0.000000
1767638470.930884,4.452964,1.000039,0.000000,0.000000
1767638470.950928,4.452964,1.000039,0.000000,0.000000
1767638470.970912,4.452964,1.000039,0.000000,0.000000
1767638470.991057,4.452964,1.000039,0.000000,0.000000
1767638471.010906,4.452964,1.000039,0.000000,0.000000
1767638471.030831,4.452964,1.000039,0.000000,0.000000
1767638471.051019,4.452964,1.000039,0.000000,0.000000
1767638471.070968,4.452964,1.000039,0.000000,0.000000
1767638471.091039,4.452964,1.000039,0.000000,0.000000
1767638471.110841,4.452964,1.000039,0.000000,0.000000
1767638471.130958,4.452964,1.000039,0.000000,0.000000
1767638471.150926,4.452964,1.000039,0.000000,0.000000
1767638471.170842,4.452964,1.000039,0.000000,0.000000
1767638471.190868,4.452964,1.000039,0.000000,0.000000
1767638471.210814,4.452964,1.000039,0.000000,0.000000
1767638471.231023,4.452964,1.000039,0.000000,0.000000
1767638471.250901,4.452964,1.000039,0.000000,0.000000
1767638471.270886,4.452964,1.000039,0.000000,0.000000
1767638471.290811,4.452964,1.000039,0.000000,0.000000
1767638471.310833,4.452964,1.000039,0.000000,0.000000
1767638471.330911,4.452964,1.000039,0.000000,0.000000
1767638471.350817,4.452964,1.000039,0.000000,0.000000
1767638471.370827,4.452964,1.000039,0.000000,0.000000
1767638471.390895,4.452964,1.000039,0.000000,0.000000
1767638471.410902,4.452964,1.000039,0.000000,0.000000
1767638471.430899,4.452964,1.000039,0.000000,0.000000
1767638471.450843,4.452964,1.000039,0.000000,0.000000
1767638471.470891,4.452964,1.000039,0.000000,0.000000
1767638471.490917,4.452964,1.000039,0.000000,0.000000
1767638471.510830,4.452964,1.000039,0.000000,0.000000
1767638471.530855,4.452964,1.000039,0.000000,0.000000
1767638471.550797,4.452964,1.000039,0.000000,0.000000
1767638471.570778,4.452964,1.000039,0.000000,0.000000
1767638471.590928,4.452964,1.000039,0.000000,0.000000
1767638471.610854,4.452964,1.000039,0.000000,0.000000
1767638471.630922,4.452964,1.000039,0.000000,0.000000
1767638471.650837,4.452964,1.000039,0.000000,0.000000
1767638471.670904,4.452964,1.000039,0.000000,0.000000
1767638471.690878,4.452964,1.000039,0.000000,0.000000
1767638471.710908,4.452964,1.000039,0.000000,0.000000
1767638471.730892,4.452964,1.000039,0.000000,0.000000
1767638471.750951,4.452964,1.000039,0.000000,0.000000
1767638471.770878,4.452964,1.000039,0.000000,0.000000
1767638471.790898,4.452964,1.000039,0.000000,0.000000
1767638471.810812,4.452964,1.000039,0.000000,0.000000
1767638471.830928,4.452964,1.000039,0.000000,0.000000
1767638471.850828,4.452964,1.000039,0.000000,0.000000
1767638471.870881,4.452964,1.000039,0.000000,0.000000
1767638471.890775,4.452964,1.000039,0.000000,0.000000
1767638471.910882,4.452964,1.000039,0.000000,0.000000
1767638471.930986,4.452964,1.000039,0.000000,0.000000
1767638471.950901,4.452964,1.000039,0.000000,0.000000
1767638471.970970,4.452964,1.000039,0.000000,0.000000
1767638471.990951,4.452964,1.000039,0.000000,0.000000
1767638472.010875,4.452964,1.000039,0.000000,0.000000
1767638472.030890,4.452964,1.000039,0.000000,0.000000
1767638472.050896,4.452964,1.000039,0.000000,0.000000
1767638472.070873,4.452964,1.000039,0.000000,0.000000
1767638472.090988,4.452964,1.000039,0.000000,0.000000
1767638472.110939,4.452964,1.000039,0.000000,0.000000
1767638472.130975,4.452964,1.000039,0.000000,0.000000
1767638472.150958,4.452964,1.000039,0.000000,0.000000
1767638472.170902,4.452964,1.000039,0.000000,0.000000
1767638472.190829,4.452964,1.000039,0.000000,0.000000
1767638472.210862,4.452964,1.000039,0.000000,0.000000
1767638472.230939,4.452964,1.000039,0.000000,0.000000
1767638472.250805,4.452964,1.000039,0.000000,0.000000
1767638472.270919,4.452964,1.000039,0.000000,0.000000
1767638472.290834,4.452964,1.000039,0.000000,0.000000
1767638472.310874,4.452964,1.000039,0.000000,0.000000
1767638472.330793,4.452964,1.000039,0.000000,0.000000
1767638472.350864,4.452964,1.000039,0.000000,0.000000
1767638472.370861,4.452964,1.000039,0.000000,0.000000
1767638472.390930,4.452964,1.000039,0.000000,0.000000
1767638472.410827,4.452964,1.000039,0.000000,0.000000
1767638472.430871,4.452964,1.000039,0.000000,0.000000
1767638472.450845,4.452964,1.000039,0.000000,0.000000
1767638472.470827,4.452964,1.000039,0.000000,0.000000
1767638472.490810,4.452964,1.000039,0.000000,0.000000
1767638472.510950,4.452964,1.000039,0.000000,0.000000
1767638472.530862,4.452964,1.000039,0.000000,0.000000
1767638472.550800,4.452964,1.000039,0.000000,0.000000
1767638472.570868,4.452964,1.000039,0.000000,0.000000
1767638472.590902,4.452964,1.000039,0.000000,0.000000
1767638472.610936,4.452964,1.000039,0.000000,0.000000
1767638472.630798,4.452964,1.000039,0.000000,0.000000
1767638472.650868,4.452964,1.000039,0.000000,0.000000
1767638472.670913,4.452964,1.000039,0.000000,0.000000
1767638472.690933,4.452964,1.000039,0.000000,0.000000
1767638472.710821,4.452964,1.000039,0.000000,0.000000
1767638472.730806,4.452964,1.000039,0.000000,0.000000
1767638472.750842,4.452964,1.000039,0.000000,0.000000
1767638472.770853,4.452964,1.000039,0.000000,0.000000
1767638472.790828,4.452964,1.000039,0.000000,0.000000
1767638472.810861,4.452964,1.000039,0.000000,0.000000
1767638472.830835,4.452964,1.000039,0.000000,0.000000
1767638472.850853,4.452964,1.000039,0.000000,0.000000
1767638472.870836,4.452964,1.000039,0.000000,0.000000
1767638472.890898,4.452964,1.000039,0.000000,0.000000
1767638472.910846,4.452964,1.000039,0.000000,0.000000
1767638472.930871,4.452964,1.000039,0.000000,0.000000
1767638472.950807,4.452964,1.000039,0.000000,0.000000
1767638472.970926,4.452964,1.000039,0.000000,0.000000
1767638472.990989,4.452964,1.000039,0.000000,0.000000
1767638473.010876,4.452964,1.000039,0.000000,0.000000
1767638473.030929,4.452964,1.000039,0.000000,0.000000
1767638473.050990,4.452964,1.000039,0.000000,0.000000
1767638473.070981,4.452964,1.000039,0.000000,0.000000
1767638473.090847,4.452964,1.000039,0.000000,0.000000
1767638473.110779,4.452964,1.000039,0.000000,0.000000
1767638473.130889,4.452964,1.000039,0.000000,0.000000
1767638473.150850,4.452964,1.000039,0.000000,0.000000
1767638473.170901,4.452964,1.000039,0.000000,0.000000
1767638473.190957,4.452964,1.000039,0.000000,0.000000
1767638473.210947,4.452964,1.000039,0.000000,0.000000
1767638473.230960,4.452964,1.000039,0.000000,0.000000
1767638473.250918,4.452964,1.000039,0.000000,0.000000
1767638473.270934,4.452964,1.000039,0.000000,0.000000
1767638473.290861,4.452964,1.000039,0.000000,0.000000
1767638473.310908,4.452964,1.000039,0.000000,0.000000
1767638473.330960,4.452964,1.000039,0.000000,0.000000
1767638473.350901,4.452964,1.000039,0.000000,0.000000
1767638473.370841,4.452964,1.000039,0.000000,0.000000
1767638473.390871,4.452964,1.000039,0.000000,0.000000
1767638473.411039,4.452964,1.000039,0.000000,0.000000
1767638473.430868,4.452964,1.000039,0.000000,0.000000
1767638473.450927,4.452964,1.000039,0.000000,0.000000
1767638473.470936,4.452964,1.000039,0.000000,0.000000
1767638473.490911,4.452964,1.000039,0.000000,0.000000
1767638473.510950,4.452964,1.000039,0.000000,0.000000
1767638473.530942,4.452964,1.000039,0.000000,0.000000
1767638473.550945,4.452964,1.000039,0.000000,0.000000
1767638473.570878,4.452964,1.000039,0.000000,0.000000
1767638473.590896,4.452964,1.000039,0.000000,0.000000
1767638473.610847,4.452964,1.000039,0.000000,0.000000
1767638473.630907,4.452964,1.000039,0.000000,0.000000
1767638473.650960,4.452964,1.000039,0.000000,0.000000
1767638473.670828,4.452964,1.000039,0.000000,0.000000
1767638473.690979,4.452964,1.000039,0.000000,0.000000
1767638473.710890,4.452964,1.000039,0.000000,0.000000
1767638473.730907,4.452964,1.000039,0.000000,0.000000
1767638473.750954,4.452964,1.000039,0.000000,0.000000
1767638473.770881,4.452964,1.000039,0.000000,0.000000
1767638473.790803,4.452964,1.000039,0.000000,0.000000
1767638473.810861,4.452964,1.000039,0.000000,0.000000
1767638473.830905,4.452964,1.000039,0.000000,0.000000
1767638473.850795,4.452964,1.000039,0.000000,0.000000
1767638473.870864,4.452964,1.000039,0.000000,0.000000
1767638473.890771,4.452964,1.000039,0.000000,0.000000
1767638473.910929,4.452964,1.000039,0.000000,0.000000
1767638473.930917,4.452964,1.000039,0.000000,0.000000
1767638473.950861,4.452964,1.000039,0.000000,0.000000
1767638473.970898,4.452964,1.000039,0.000000,0.000000
1767638473.990878,4.452964,1.000039,0.000000,0.000000
1767638474.010791,4.452964,1.000039,0.000000,0.000000
1767638474.030839,4.452964,1.000039,0.000000,0.000000
1767638474.050802,4.452964,1.000039,0.000000,0.000000
1767638474.070854,4.452964,1.000039,0.000000,0.000000
1767638474.090819,4.452964,1.000039,0.000000,0.000000
1767638474.110784,4.452964,1.000039,0.000000,0.000000
1767638474.130832,4.452964,1.000039,0.000000,0.000000
1767638474.150872,4.452964,1.000039,0.000000,0.000000
1767638474.170845,4.452964,1.000039,0.000000,0.000000
1767638474.190799,4.452964,1.000039,0.000000,0.000000
1767638474.210878,4.452964,1.000039,0.000000,0.000000
1767638474.230832,4.452964,1.000039,0.000000,0.000000
1767638474.250804,4.452964,1.000039,0.000000,0.000000
1767638474.270888,4.452964,1.000039,0.000000,0.000000
1767638474.290859,4.452964,1.000039,0.000000,0.000000
1767638474.310926,4.452964,1.000039,0.000000,0.000000
1767638474.330938,4.452964,1.000039,0.000000,0.000000
1767638474.351002,4.452964,1.000039,0.000000,0.000000
1767638474.370886,4.452964,1.000039,0.000000,0.000000
1767638474.390841,4.452964,1.000039,0.000000,0.000000
1767638474.410926,4.452964,1.000039,0.000000,0.000000
1767638474.430938,4.452964,1.000039,0.000000,0.000000
1767638474.451005,4.452964,1.000039,0.000000,0.000000
1767638474.470943,4.452964,1.000039,0.000000,0.000000
1767638474.490830,4.452964,1.000039,0.000000,0.000000
1767638474.510824,4.452964,1.000039,0.000000,0.000000
1767638474.530880,4.452964,1.000039,0.000000,0.000000
1767638474.550969,4.452964,1.000039,0.000000,0.000000
1767638474.570863,4.452964,1.000039,0.000000,0.000000
1767638474.590954,4.452964,1.000039,0.000000,0.000000
1767638474.610821,4.452964,1.000039,0.000000,0.000000
1767638474.630783,4.452964,1.000039,0.000000,0.000000
1767638474.650905,4.452964,1.000039,0.000000,0.000000
1767638474.670917,4.452964,1.000039,0.000000,0.000000
1767638474.690881,4.452964,1.000039,0.000000,0.000000
1767638474.710816,4.452964,1.000039,0.000000,0.000000
1767638474.730940,4.452964,1.000039,0.000000,0.000000
1767638474.750873,4.452964,1.000039,0.000000,0.000000
1767638474.770827,4.452964,1.000039,0.000000,0.000000
1767638474.790820,4.452964,1.000039,0.000000,0.000000
1767638474.810943,4.452964,1.000039,0.000000,0.000000
1767638474.830768,4.452964,1.000039,0.000000,0.000000
1767638474.850798,4.452964,1.000039,0.000000,0.000000
1767638474.870888,4.452964,1.000039,0.000000,0.000000
1767638474.890749,4.452964,1.000039,0.000000,0.000000
1767638474.910803,4.452964,1.000039,0.000000,0.000000
1767638474.930929,4.452964,1.000039,0.000000,0.000000
1767638474.950773,4.452964,1.000039,0.000000,0.000000
1767638474.970867,4.452964,1.000039,0.000000,0.000000
1767638474.990861,4.452964,1.000039,0.000000,0.000000
1767638475.010906,4.452964,1.000039,0.000000,0.000000
1767638475.030884,4.452964,1.000039,0.000000,0.000000
1767638475.050918,4.452964,1.000039,0.000000,0.000000
1767638475.071074,4.452964,1.000039,0.000000,0.000000
1767638475.091128,4.452964,1.000039,0.000000,0.000000
1767638475.110920,4.452964,1.000039,0.000000,0.000000
1767638475.130844,4.452964,1.000039,0.000000,0.000000
1767638475.150888,4.452964,1.000039,0.000000,0.000000
1767638475.170954,4.452964,1.000039,0.000000,0.000000
1767638475.191031,4.452964,1.000039,0.000000,0.000000
1767638475.210983,4.452964,1.000039,0.000000,0.000000
1767638475.230930,4.452964,1.000039,0.000000,0.000000
1767638475.250841,4.452964,1.000039,0.000000,0.000000
1767638475.270937,4.452964,1.000039,0.000000,0.000000
1767638475.290757,4.452964,1.000039,0.000000,0.000000
1767638475.310877,4.452964,1.000039,0.000000,0.000000
1767638475.330895,4.452964,1.000039,0.000000,0.000000
1767638475.350872,4.452964,1.000039,0.000000,0.000000
1767638475.370851,4.452964,1.000039,0.000000,0.000000
1767638475.390840,4.452964,1.000039,0.000000,0.000000
1767638475.410873,4.452964,1.000039,0.000000,0.000000
1767638475.430852,4.452964,1.000039,0.000000,0.000000
1767638475.450831,4.452964,1.000039,0.000000,0.000000
1767638475.470792,4.452964,1.000039,0.000000,0.000000
1767638475.490827,4.452964,1.000039,0.000000,0.000000
1767638475.510790,4.452964,1.000039,0.000000,0.000000
1767638475.530831,4.452964,1.000039,0.000000,0.000000
1767638475.550828,4.452964,1.000039,0.000000,0.000000
1767638475.570953,4.452964,1.000039,0.000000,0.000000
1767638475.590906,4.452964,1.000039,0.000000,0.000000
1767638475.610884,4.452964,1.000039,0.000000,0.000000
1767638475.630887,4.452964,1.000039,0.000000,0.000000
1767638475.650830,4.452964,1.000039,0.000000,0.000000
1767638475.670821,4.452964,1.000039,0.000000,0.000000
1767638475.690827,4.452964,1.000039,0.000000,0.000000
1767638475.710819,4.452964,1.000039,0.000000,0.000000
1767638475.730813,4.452964,1.000039,0.000000,0.000000
1767638475.750829,4.452964,1.000039,0.000000,0.000000
1767638475.770850,4.452964,1.000039,0.000000,0.000000
1767638475.790862,4.452964,1.000039,0.000000,0.000000
1767638475.810874,4.452964,1.000039,0.000000,0.000000
1767638475.830882,4.452964,1.000039,0.000000,0.000000
1767638475.850841,4.452964,1.000039,0.000000,0.000000
1767638475.870844,4.452964,1.000039,0.000000,0.000000
1767638475.890850,4.452964,1.000039,0.000000,0.000000
1767638475.910854,4.452964,1.000039,0.000000,0.000000
1767638475.930855,4.452964,1.000039,0.000000,0.000000
1767638475.950831,4.452964,1.000039,0.000000,0.000000
1767638475.970806,4.452964,1.000039,0.000000,0.000000
1767638475.990845,4.452964,1.000039,0.000000,0.000000
1767638476.010884,4.452964,1.000039,0.000000,0.000000
1767638476.030874,4.452964,1.000039,0.000000,0.000000
1767638476.050894,4.452964,1.000039,0.000000,0.000000
1767638476.070849,4.452964,1.000039,0.000000,0.000000
1767638476.090874,4.452964,1.000039,0.000000,0.000000
1767638476.110888,4.452964,1.000039,0.000000,0.000000
1767638476.130895,4.452964,1.000039,0.000000,0.000000
1767638476.150988,4.452964,1.000039,0.000000,0.000000
1767638476.170853,4.452964,1.000039,0.000000,0.000000
1767638476.190902,4.452964,1.000039,0.000000,0.000000
1767638476.210879,4.452964,1.000039,0.000000,0.000000
1767638476.230896,4.452964,1.000039,0.000000,0.000000
1767638476.250881,4.452964,1.000039,0.000000,0.000000
1767638476.270836,4.452964,1.000039,0.000000,0.000000
1767638476.290841,4.452964,1.000039,0.000000,0.000000
1767638476.310852,4.452964,1.000039,0.000000,0.000000
1767638476.330872,4.452964,1.000039,0.000000,0.000000
1767638476.350893,4.452964,1.000039,0.000000,0.000000
1767638476.370862,4.452964,1.000039,0.000000,0.000000
1767638476.390930,4.452964,1.000039,0.000000,0.000000
1767638476.410877,4.452964,1.000039,0.000000,0.000000
1767638476.430997,4.452964,1.000039,0.000000,0.000000
1767638476.450900,4.452964,1.000039,0.000000,0.000000
1767638476.470903,4.452964,1.000039,0.000000,0.000000
1767638476.490809,4.452964,1.000039,0.000000,0.000000
1767638476.510940,4.452964,1.000039,0.000000,0.000000
1767638476.530927,4.452964,1.000039,0.000000,0.000000
1767638476.550871,4.452964,1.000039,0.000000,0.000000
1767638476.570824,4.452964,1.000039,0.000000,0.000000
1767638476.590896,4.452964,1.000039,0.000000,0.000000
1767638476.610828,4.452964,1.000039,0.000000,0.000000
1767638476.630921,4.452964,1.000039,0.000000,0.000000
1767638476.650860,4.452964,1.000039,0.000000,0.000000
1767638476.670935,4.452964,1.000039,0.000000,0.000000
1767638476.690809,4.452964,1.000039,0.000000,0.000000
1767638476.710809,4.452964,1.000039,0.000000,0.000000
1767638476.730926,4.452964,1.000039,0.000000,0.000000
1767638476.750804,4.452964,1.000039,0.000000,0.000000
1767638476.770853,4.452964,1.000039,0.000000,0.000000
1767638476.790847,4.452964,1.000039,0.000000,0.000000
1767638476.810840,4.452964,1.000039,0.000000,0.000000
1767638476.830900,4.452964,1.000039,0.000000,0.000000
1767638476.850864,4.452964,1.000039,0.000000,0.000000
1767638476.870812,4.452964,1.000039,0.000000,0.000000
1767638476.890927,4.452964,1.000039,0.000000,0.000000
1767638476.910886,4.452964,1.000039,0.000000,0.000000
1767638476.930905,4.452964,1.000039,0.000000,0.000000
1767638476.950886,4.452964,1.000039,0.000000,0.000000
1767638476.970815,4.452964,1.000039,0.000000,0.000000
1767638476.990967,4.452964,1.000039,0.000000,0.000000
1767638477.010988,4.452964,1.000039,0.000000,0.000000
1767638477.030895,4.452964,1.000039,0.000000,0.000000
1767638477.050888,4.452964,1.000039,0.000000,0.000000
1767638477.070986,4.452964,1.000039,0.000000,0.000000
1767638477.090885,4.452964,1.000039,0.000000,0.000000
1767638477.110809,4.452964,1.000039,0.000000,0.000000
1767638477.130917,4.452964,1.000039,0.000000,0.000000
1767638477.150865,4.452964,1.000039,0.000000,0.000000
1767638477.170863,4.452964,1.000039,0.000000,0.000000
1767638477.190827,4.452964,1.000039,0.000000,0.000000
1767638477.210886,4.452964,1.000039,0.000000,0.000000
1767638477.230783,4.452964,1.000039,0.000000,0.000000
1767638477.250795,4.452964,1.000039,0.000000,0.000000
1767638477.270857,4.452964,1.000039,0.000000,0.000000
1767638477.290886,4.452964,1.000039,0.000000,0.000000
1767638477.310853,4.452964,1.000039,0.000000,0.000000
1767638477.330900,4.452964,1.000039,0.000000,0.000000
1767638477.350919,4.452964,1.000039,0.000000,0.000000
1767638477.370857,4.452964,1.000039,0.000000,0.000000
1767638477.390929,4.452964,1.000039,0.000000,0.000000
1767638477.410840,4.452964,1.000039,0.000000,0.000000
1767638477.430802,4.452964,1.000039,0.000000,0.000000
1767638477.450824,4.452964,1.000039,0.000000,0.000000
1767638477.470828,4.452964,1.000039,0.000000,0.000000
1767638477.490930,4.452964,1.000039,0.000000,0.000000
1767638477.510782,4.452964,1.000039,0.000000,0.000000
1767638477.530937,4.452964,1.000039,0.000000,0.000000
1767638477.550961,4.452964,1.000039,0.000000,0.000000
1767638477.570838,4.452964,1.000039,0.000000,0.000000
1767638477.590879,4.452964,1.000039,0.000000,0.000000
1767638477.610878,4.452964,1.000039,0.000000,0.000000
1767638477.630809,4.452964,1.000039,0.000000,0.000000
1767638477.650922,4.452964,1.000039,0.000000,0.000000
1767638477.670943,4.452964,1.000039,0.000000,0.000000
1767638477.690838,4.452964,1.000039,0.000000,0.000000
1767638477.710876,4.452964,1.000039,0.000000,0.000000
1767638477.730783,4.452964,1.000039,0.000000,0.000000
1767638477.750928,4.452964,1.000039,0.000000,0.000000
1767638477.770896,4.452964,1.000039,0.000000,0.000000
1767638477.790819,4.452964,1.000039,0.000000,0.000000
1767638477.810818,4.452964,1.000039,0.000000,0.000000
1767638477.830897,4.452964,1.000039,0.000000,0.000000
1767638477.850889,4.452964,1.000039,0.000000,0.000000
1767638477.870878,4.452964,1.000039,0.000000,0.000000
1767638477.890898,4.452964,1.000039,0.000000,0.000000
1767638477.910799,4.452964,1.000039,0.000000,0.000000
1767638477.930864,4.452964,1.000039,0.000000,0.000000
1767638477.950837,4.452964,1.000039,0.000000,0.000000
1767638477.970826,4.452964,1.000039,0.000000,0.000000
1767638477.990874,4.452964,1.000039,0.000000,0.000000
1767638478.010873,4.452964,1.000039,0.000000,0.000000
1767638478.030771,4.452964,1.000039,0.000000,0.000000
1767638478.050734,4.452964,1.000039,0.000000,0.000000
1767638478.070923,4.452964,1.000039,0.000000,0.000000
1767638478.090847,4.452964,1.000039,0.000000,0.000000
1767638478.110913,4.452964,1.000039,0.000000,0.000000
1767638478.130810,4.452964,1.000039,0.000000,0.000000
1767638478.150858,4.452964,1.000039,0.000000,0.000000
1767638478.170780,4.452964,1.000039,0.000000,0.000000
1767638478.190838,4.452964,1.000039,0.000000,0.000000
1767638478.210794,4.452964,1.000039,0.000000,0.000000
1767638478.230855,4.452964,1.000039,0.000000,0.000000
1767638478.250833,4.452964,1.000039,0.000000,0.000000
1767638478.270881,4.452964,1.000039,0.000000,0.000000
1767638478.290813,4.452964,1.000039,0.000000,0.000000
1767638478.310881,4.452964,1.000039,0.000000,0.000000
1767638478.330899,4.452964,1.000039,0.000000,0.000000
1767638478.350894,4.452964,1.000039,0.000000,0.000000
1767638478.370819,4.452964,1.000039,0.000000,0.000000
1767638478.390859,4.452964,1.000039,0.000000,0.000000
1767638478.410785,4.452964,1.000039,0.000000,0.000000
1767638478.430853,4.452964,1.000039,0.000000,0.000000
1767638478.450904,4.452964,1.000039,0.000000,0.000000
1767638478.470993,4.452964,1.000039,0.000000,0.000000
1767638478.490919,4.452964,1.000039,0.000000,0.000000
1767638478.510860,4.452964,1.000039,0.000000,0.000000
1767638478.530841,4.452964,1.000039,0.000000,0.000000
1767638478.550806,4.452964,1.000039,0.000000,0.000000
1767638478.570945,4.452964,1.000039,0.000000,0.000000
1767638478.590849,4.452964,1.000039,0.000000,0.000000
1767638478.610869,4.452964,1.000039,0.000000,0.000000
1767638478.630820,4.452964,1.000039,0.000000,0.000000
1767638478.650888,4.452964,1.000039,0.000000,0.000000
1767638478.670868,4.452964,1.000039,0.000000,0.000000
1767638478.690864,4.452964,1.000039,0.000000,0.000000
1767638478.710803,4.452964,1.000039,0.000000,0.000000
1767638478.730880,4.452964,1.000039,0.000000,0.000000
1767638478.750860,4.452964,1.000039,0.000000,0.000000
1767638478.770829,4.452964,1.000039,0.000000,0.000000
1767638478.790833,4.452964,1.000039,0.000000,0.000000
1767638478.810835,4.452964,1.000039,0.000000,0.000000
1767638478.830854,4.452964,1.000039,0.000000,0.000000
1767638478.850849,4.452964,1.000039,0.000000,0.000000
1767638478.870823,4.452964,1.000039,0.000000,0.000000
1767638478.890900,4.452964,1.000039,0.000000,0.000000
1767638478.910939,4.452964,1.000039,0.000000,0.000000
1767638478.930899,4.452964,1.000039,0.000000,0.000000
1767638478.950840,4.452964,1.000039,0.000000,0.000000
1767638478.970946,4.452964,1.000039,0.000000,0.000000
1767638478.990946,4.452964,1.000039,0.000000,0.000000
1767638479.010853,4.452964,1.000039,0.000000,0.000000
1767638479.031007,4.452964,1.000039,0.000000,0.000000
1767638479.050858,4.452964,1.000039,0.000000,0.000000
1767638479.070939,4.452964,1.000039,0.000000,0.000000
1767638479.090855,4.452964,1.000039,0.000000,0.000000
1767638479.110861,4.452964,1.000039,0.000000,0.000000
1767638479.130927,4.452964,1.000039,0.000000,0.000000
1767638479.150915,4.452964,1.000039,0.000000,0.000000
1767638479.170859,4.452964,1.000039,0.000000,0.000000
1767638479.190863,4.452964,1.000039,0.000000,0.000000
1767638479.210818,4.452964,1.000039,0.000000,0.000000
1767638479.230834,4.452964,1.000039,0.000000,0.000000
1767638479.250879,4.452964,1.000039,0.000000,0.000000
1767638479.270838,4.452964,1.000039,0.000000,0.000000
1767638479.290809,4.452964,1.000039,0.000000,0.000000
1767638479.310941,4.452964,1.000039,0.000000,0.000000
1767638479.330849,4.452964,1.000039,0.000000,0.000000
1767638479.350812,4.452964,1.000039,0.000000,0.000000
1767638479.370879,4.452964,1.000039,0.000000,0.000000
1767638479.390902,4.452964,1.000039,0.000000,0.000000
1767638479.410884,4.452964,1.000039,0.000000,0.000000
1767638479.430868,4.452964,1.000039,0.000000,0.000000
1767638479.450861,4.452964,1.000039,0.000000,0.000000
1767638479.470863,4.452964,1.000039,0.000000,0.000000
1767638479.490841,4.452964,1.000039,0.000000,0.000000
1767638479.510876,4.452964,1.000039,0.000000,0.000000
1767638479.530929,4.452964,1.000039,0.000000,0.000000
1767638479.550852,4.452964,1.000039,0.000000,0.000000
1767638479.570800,4.452964,1.000039,0.000000,0.000000
1767638479.590909,4.452964,1.000039,0.000000,0.000000
1767638479.610813,4.452964,1.000039,0.000000,0.000000
1767638479.630776,4.452964,1.000039,0.000000,0.000000
1767638479.650943,4.452964,1.000039,0.000000,0.000000
1767638479.670828,4.452964,1.000039,0.000000,0.000000
1767638479.690905,4.452964,1.000039,0.000000,0.000000
1767638479.710846,4.452964,1.000039,0.000000,0.000000
1767638479.730758,4.452964,1.000039,0.000000,0.000000
1767638479.750768,4.452964,1.000039,0.000000,0.000000
1767638479.770919,4.452964,1.000039,0.000000,0.000000
1767638479.790885,4.452964,1.000039,0.000000,0.000000
1767638479.810882,4.452964,1.000039,0.000000,0.000000
1767638479.830930,4.452964,1.000039,0.000000,0.000000
1767638479.850799,4.452964,1.000039,0.000000,0.000000
1767638479.870887,4.452964,1.000039,0.000000,0.000000
1767638479.890908,4.452964,1.000039,0.000000,0.000000
1767638479.910846,4.452964,1.000039,0.000000,0.000000
1767638479.930991,4.452964,1.000039,0.000000,0.000000
1767638479.950944,4.452964,1.000039,0.000000,0.000000
1767638479.970856,4.452964,1.000039,0.000000,0.000000
1767638479.990874,4.452964,1.000039,0.000000,0.000000
1767638480.010874,4.452964,1.000039,0.000000,0.000000
1767638480.030896,4.452964,1.000039,0.000000,0.000000
1767638480.050880,4.452964,1.000039,0.000000,0.000000
1767638480.070863,4.452964,1.000039,0.000000,0.000000
1767638480.090889,4.452964,1.000039,0.000000,0.000000
1767638480.110859,4.452964,1.000039,0.000000,0.000000
1767638480.130784,4.452964,1.000039,0.000000,0.000000
1767638480.150840,4.452964,1.000039,0.000000,0.000000
1767638480.170803,4.452964,1.000039,0.000000,0.000000
1767638480.190838,4.452964,1.000039,0.000000,0.000000
1767638480.210963,4.452964,1.000039,0.000000,0.000000
1767638480.230924,4.452964,1.000039,0.000000,0.000000
1767638480.250856,4.452964,1.000039,0.000000,0.000000
1767638480.270928,4.452964,1.000039,0.000000,0.000000
1767638480.290815,4.452964,1.000039,0.000000,0.000000
1767638480.310848,4.452964,1.000039,0.000000,0.000000
1767638480.330812,4.452964,1.000039,0.000000,0.000000
1767638480.350809,4.452964,1.000039,0.000000,0.000000
1767638480.370780,4.452964,1.000039,0.000000,0.000000
1767638480.390858,4.452964,1.000039,0.000000,0.000000
1767638480.410830,4.452964,1.000039,0.000000,0.000000
1767638480.430838,4.452964,1.000039,0.000000,0.000000
1767638480.450824,4.452964,1.000039,0.000000,0.000000
1767638480.470826,4.452964,1.000039,0.000000,0.000000
1767638480.490804,4.452964,1.000039,0.000000,0.000000
1767638480.510881,4.452964,1.000039,0.000000,0.000000
1767638480.530820,4.452964,1.000039,0.000000,0.000000
1767638480.550716,4.452964,1.000039,0.000000,0.000000
1767638480.570886,4.452964,1.000039,0.000000,0.000000
1767638480.590825,4.452964,1.000039,0.000000,0.000000
1767638480.610853,4.452964,1.000039,0.000000,0.000000
1767638480.630874,4.452964,1.000039,0.000000,0.000000
1767638480.650821,4.452964,1.000039,0.000000,0.000000
1767638480.670879,4.452964,1.000039,0.000000,0.000000
1767638480.691000,4.452964,1.000039,0.000000,0.000000
1767638480.710839,4.452964,1.000039,0.000000,0.000000
1767638480.730972,4.452964,1.000039,0.000000,0.000000
1767638480.750971,4.452964,1.000039,0.000000,0.000000
1767638480.770923,4.452964,1.000039,0.000000,0.000000
1767638480.790835,4.452964,1.000039,0.000000,0.000000
1767638480.810833,4.452964,1.000039,0.000000,0.000000
1767638480.830898,4.452964,1.000039,0.000000,0.000000
1767638480.850928,4.452964,1.000039,0.000000,0.000000
1767638480.870923,4.452964,1.000039,0.000000,0.000000
1767638480.890894,4.452964,1.000039,0.000000,0.000000
1767638480.910808,4.452964,1.000039,0.000000,0.000000
1767638480.930890,4.452964,1.000039,0.000000,0.000000
1767638480.950920,4.452964,1.000039,0.000000,0.000000
1767638480.970803,4.452964,1.000039,0.000000,0.000000
1767638480.990914,4.452964,1.000039,0.000000,0.000000
1767638481.010905,4.452964,1.000039,0.000000,0.000000
1767638481.030872,4.452964,1.000039,0.000000,0.000000
1767638481.050870,4.452964,1.000039,0.000000,0.000000
1767638481.070901,4.452964,1.000039,0.000000,0.000000
1767638481.090855,4.452964,1.000039,0.000000,0.000000
1767638481.110860,4.452964,1.000039,0.000000,0.000000
1767638481.130863,4.452964,1.000039,0.000000,0.000000
1767638481.150839,4.452964,1.000039,0.000000,0.000000
1767638481.170857,4.452964,1.000039,0.000000,0.000000
1767638481.190912,4.452964,1.000039,0.000000,0.000000
1767638481.210818,4.452964,1.000039,0.000000,0.000000
1767638481.230922,4.452964,1.000039,0.000000,0.000000
1767638481.250823,4.452964,1.000039,0.000000,0.000000
1767638481.270807,4.452964,1.000039,0.000000,0.000000
1767638481.290829,4.452964,1.000039,0.000000,0.000000
1767638481.310783,4.452964,1.000039,0.000000,0.000000
1767638481.330899,4.452964,1.000039,0.000000,0.000000
1767638481.350856,4.452964,1.000039,0.000000,0.000000
1767638481.370853,4.452964,1.000039,0.000000,0.000000
1767638481.390827,4.452964,1.000039,0.000000,0.000000
1767638481.410832,4.452964,1.000039,0.000000,0.000000
1767638481.430797,4.452964,1.000039,0.000000,0.000000
1767638481.450768,4.452964,1.000039,0.000000,0.000000
1767638481.470769,4.452964,1.000039,0.000000,0.000000
1767638481.490838,4.452964,1.000039,0.000000,0.000000
1767638481.510740,4.452964,1.000039,0.000000,0.000000
1767638481.530845,4.452964,1.000039,0.000000,0.000000
1767638481.550845,4.452964,1.000039,0.000000,0.000000
1767638481.570940,4.452964,1.000039,0.000000,0.000000
1767638481.590845,4.452964,1.000039,0.000000,0.000000
1767638481.610863,4.452964,1.000039,0.000000,0.000000
1767638481.630827,4.452964,1.000039,0.000000,0.000000
1767638481.650901,4.452964,1.000039,0.000000,0.000000
1767638481.670897,4.452964,1.000039,0.000000,0.000000
1767638481.690892,4.452964,1.000039,0.000000,0.000000
1767638481.710854,4.452964,1.000039,0.000000,0.000000
1767638481.730823,4.452964,1.000039,0.000000,0.000000
1767638481.750844,4.452964,1.000039,0.000000,0.000000
1767638481.770811,4.452964,1.000039,0.000000,0.000000
1767638481.790858,4.452964,1.000039,0.000000,0.000000
1767638481.810855,4.452964,1.000039,0.000000,0.000000
1767638481.830918,4.452964,1.000039,0.000000,0.000000
1767638481.850888,4.452964,1.000039,0.000000,0.000000
1767638481.870911,4.452964,1.000039,0.000000,0.000000
1767638481.890945,4.452964,1.000039,0.000000,0.000000
1767638481.910805,4.452964,1.000039,0.000000,0.000000
1767638481.930784,4.452964,1.000039,0.000000,0.000000
1767638481.950861,4.452964,1.000039,0.000000,0.000000
1767638481.970809,4.452964,1.000039,0.000000,0.000000
1767638481.990875,4.452964,1.000039,0.000000,0.000000
1767638482.010835,4.452964,1.000039,0.000000,0.000000
1767638482.030823,4.452964,1.000039,0.000000,0.000000
1767638482.050836,4.452964,1.000039,0.000000,0.000000
1767638482.070858,4.452964,1.000039,0.000000,0.000000
1767638482.090826,4.452964,1.000039,0.000000,0.000000
1767638482.110867,4.452964,1.000039,0.000000,0.000000
1767638482.130860,4.452964,1.000039,0.000000,0.000000
1767638482.150875,4.452964,1.000039,0.000000,0.000000
1767638482.170903,4.452964,1.000039,0.000000,0.000000
1767638482.190912,4.452964,1.000039,0.000000,0.000000
1767638482.210879,4.452964,1.000039,0.000000,0.000000
1767638482.230883,4.452964,1.000039,0.000000,0.000000
1767638482.250839,4.452964,1.000039,0.000000,0.000000
1767638482.270862,4.452964,1.000039,0.000000,0.000000
1767638482.290897,4.452964,1.000039,0.000000,0.000000
1767638482.310882,4.452964,1.000039,0.000000,0.000000
1767638482.330963,4.452964,1.000039,0.000000,0.000000
1767638482.350839,4.452964,1.000039,0.000000,0.000000
1767638482.370885,4.452964,1.000039,0.000000,0.000000
1767638482.390809,4.452964,1.000039,0.000000,0.000000
1767638482.410806,4.452964,1.000039,0.000000,0.000000
1767638482.430871,4.452964,1.000039,0.000000,0.000000
1767638482.450874,4.452964,1.000039,0.000000,0.000000
1767638482.470885,4.452964,1.000039,0.000000,0.000000
1767638482.490821,4.452964,1.000039,0.000000,0.000000
1767638482.510839,4.452964,1.000039,0.000000,0.000000
1767638482.530816,4.452964,1.000039,0.000000,0.000000
1767638482.550927,4.452964,1.000039,0.000000,0.000000
1767638482.570878,4.452964,1.000039,0.000000,0.000000
1767638482.590845,4.452964,1.000039,0.000000,0.000000
1767638482.610977,4.452964,1.000039,0.000000,0.000000
1767638482.630902,4.452964,1.000039,0.000000,0.000000
1767638482.650840,4.452964,1.000039,0.000000,0.000000
1767638482.670905,4.452964,1.000039,0.000000,0.000000
1767638482.690869,4.452964,1.000039,0.000000,0.000000
1767638482.710786,4.452964,1.000039,0.000000,0.000000
1767638482.730763,4.452964,1.000039,0.000000,0.000000
1767638482.750871,4.452964,1.000039,0.000000,0.000000
1767638482.770871,4.452964,1.000039,0.000000,0.000000
1767638482.790851,4.452964,1.000039,0.000000,0.000000
1767638482.810855,4.452964,1.000039,0.000000,0.000000
1767638482.830920,4.452964,1.000039,0.000000,0.000000
1767638482.850821,4.452964,1.000039,0.000000,0.000000
1767638482.870877,4.452964,1.000039,0.000000,0.000000
1767638482.890841,4.452964,1.000039,0.000000,0.000000
1767638482.910851,4.452964,1.000039,0.000000,0.000000
1767638482.930848,4.452964,1.000039,0.000000,0.000000
1767638482.950869,4.452964,1.000039,0.000000,0.000000
1767638482.970857,4.452964,1.000039,0.000000,0.000000
1767638482.990864,4.452964,1.000039,0.000000,0.000000
1767638483.010855,4.452964,1.000039,0.000000,0.000000
1767638483.030840,4.452964,1.000039,0.000000,0.000000
1767638483.050791,4.452964,1.000039,0.000000,0.000000
1767638483.070887,4.452964,1.000039,0.000000,0.000000
1767638483.090864,4.452964,1.000039,0.000000,0.000000
1767638483.110855,4.452964,1.000039,0.000000,0.000000
1767638483.130876,4.452964,1.000039,0.000000,0.000000
1767638483.150839,4.452964,1.000039,0.000000,0.000000
1767638483.170840,4.452964,1.000039,0.000000,0.000000
1767638483.190825,4.452964,1.000039,0.000000,0.000000
1767638483.210804,4.452964,1.000039,0.000000,0.000000
1767638483.230846,4.452964,1.000039,0.000000,0.000000
1767638483.250834,4.452964,1.000039,0.000000,0.000000
1767638483.270845,4.452964,1.000039,0.000000,0.000000
1767638483.290823,4.452964,1.000039,0.000000,0.000000
1767638483.310860,4.452964,1.000039,0.000000,0.000000
1767638483.330847,4.452964,1.000039,0.000000,0.000000
1767638483.350905,4.452964,1.000039,0.000000,0.000000
1767638483.370883,4.452964,1.000039,0.000000,0.000000
1767638483.390840,4.452964,1.000039,0.000000,0.000000
1767638483.410832,4.452964,1.000039,0.000000,0.000000
1767638483.430843,4.452964,1.000039,0.000000,0.000000
1767638483.450814,4.452964,1.000039,0.000000,0.000000
1767638483.470803,4.452964,1.000039,0.000000,0.000000
1767638483.490831,4.452964,1.000039,0.000000,0.000000
1767638483.510851,4.452964,1.000039,0.000000,0.000000
1767638483.530847,4.452964,1.000039,0.000000,0.000000
1767638483.550837,4.452964,1.000039,0.000000,0.000000
1767638483.570841,4.452964,1.000039,0.000000,0.000000
1767638483.590817,4.452964,1.000039,0.000000,0.000000
1767638483.610839,4.452964,1.000039,0.000000,0.000000
1767638483.630824,4.452964,1.000039,0.000000,0.000000
1767638483.650845,4.452964,1.000039,0.000000,0.000000
1767638483.670901,4.452964,1.000039,0.000000,0.000000
1767638483.690954,4.452964,1.000039,0.000000,0.000000
1767638483.710845,4.452964,1.000039,0.000000,0.000000
1767638483.730833,4.452964,1.000039,0.000000,0.000000
1767638483.750836,4.452964,1.000039,0.000000,0.000000
1767638483.770793,4.452964,1.000039,0.000000,0.000000
1767638483.790811,4.452964,1.000039,0.000000,0.000000
1767638483.810789,4.452964,1.000039,0.000000,0.000000
1767638483.830840,4.452964,1.000039,0.000000,0.000000
1767638483.850847,4.452964,1.000039,0.000000,0.000000
1767638483.870802,4.452964,1.000039,0.000000,0.000000
1767638483.890814,4.452964,1.000039,0.000000,0.000000
1767638483.910770,4.452964,1.000039,0.000000,0.000000
1767638483.930825,4.452964,1.000039,0.000000,0.000000
1767638483.950816,4.452964,1.000039,0.000000,0.000000
1767638483.970957,4.452964,1.000039,0.000000,0.000000
1767638483.990814,4.452964,1.000039,0.000000,0.000000
1767638484.010855,4.452964,1.000039,0.000000,0.000000
1767638484.030854,4.452964,1.000039,0.000000,0.000000
1767638484.050821,4.452964,1.000039,0.000000,0.000000
1767638484.070777,4.452964,1.000039,0.000000,0.000000
1767638484.090811,4.452964,1.000039,0.000000,0.000000
1767638484.110811,4.452964,1.000039,0.000000,0.000000
1767638484.130820,4.452964,1.000039,0.000000,0.000000
1767638484.150763,4.452964,1.000039,0.000000,0.000000
1767638484.170789,4.452964,1.000039,0.000000,0.000000
1767638484.190804,4.452964,1.000039,0.000000,0.000000
1767638484.210810,4.452964,1.000039,0.000000,0.000000
1767638484.230808,4.452964,1.000039,0.000000,0.000000
1767638484.250846,4.452964,1.000039,0.000000,0.000000
1767638484.270945,4.452964,1.000039,0.000000,0.000000
1767638484.290828,4.452964,1.000039,0.000000,0.000000
1767638484.310975,4.452964,1.000039,0.000000,0.000000
1767638484.330870,4.452964,1.000039,0.000000,0.000000
1767638484.350863,4.452964,1.000039,0.000000,0.000000
1767638484.370868,4.452964,1.000039,0.000000,0.000000
1767638484.390900,4.452964,1.000039,0.000000,0.000000
1767638484.410824,4.452964,1.000039,0.000000,0.000000
1767638484.430825,4.452964,1.000039,0.000000,0.000000
1767638484.450786,4.452964,1.000039,0.000000,0.000000
1767638484.470797,4.452964,1.000039,0.000000,0.000000
1767638484.490838,4.452964,1.000039,0.000000,0.000000
1767638484.510828,4.452964,1.000039,0.000000,0.000000
1767638484.530938,4.452964,1.000039,0.000000,0.000000
1767638484.550946,4.452964,1.000039,0.000000,0.000000
1767638484.570933,4.452964,1.000039,0.000000,0.000000
1767638484.590941,4.452964,1.000039,0.000000,0.000000
1767638484.610946,4.452964,1.000039,0.000000,0.000000
1767638484.630940,4.452964,1.000039,0.000000,0.000000
1767638484.650846,4.452964,1.000039,0.000000,0.000000
1767638484.670799,4.452964,1.000039,0.000000,0.000000
1767638484.690865,4.452964,1.000039,0.000000,0.000000
1767638484.710870,4.452964,1.000039,0.000000,0.000000
1767638484.730829,4.452964,1.000039,0.000000,0.000000
1767638484.750898,4.452964,1.000039,0.000000,0.000000
1767638484.770785,4.452964,1.000039,0.000000,0.000000
1767638484.790771,4.452964,1.000039,0.000000,0.000000
1767638484.810845,4.452964,1.000039,0.000000,0.000000
1767638484.830958,4.452964,1.000039,0.000000,0.000000
1767638484.850969,4.452964,1.000039,0.000000,0.000000
1767638484.870966,4.452964,1.000039,0.000000,0.000000
1767638484.890995,4.452964,1.000039,0.000000,0.000000
1767638484.910903,4.452964,1.000039,0.000000,0.000000
1767638484.930814,4.452964,1.000039,0.000000,0.000000
1767638484.950790,4.452964,1.000039,0.000000,0.000000
1767638484.970830,4.452964,1.000039,0.000000,0.000000
1767638484.990873,4.452964,1.000039,0.000000,0.000000
1767638485.010830,4.452964,1.000039,0.000000,0.000000
1767638485.030852,4.452964,1.000039,0.000000,0.000000
1767638485.050857,4.452964,1.000039,0.000000,0.000000
1767638485.071018,4.452964,1.000039,0.000000,0.000000
1767638485.090888,4.452964,1.000039,0.000000,0.000000
1767638485.110876,4.452964,1.000039,0.000000,0.000000
1767638485.130811,4.452964,1.000039,0.000000,0.000000
1767638485.150888,4.452964,1.000039,0.000000,0.000000
1767638485.170874,4.452964,1.000039,0.000000,0.000000
1767638485.190847,4.452964,1.000039,0.000000,0.000000
1767638485.210871,4.452964,1.000039,0.000000,0.000000
1767638485.230829,4.452964,1.000039,0.000000,0.000000
1767638485.250860,4.452964,1.000039,0.000000,0.000000
1767638485.270850,4.452964,1.000039,0.000000,0.000000
1767638485.290823,4.452964,1.000039,0.000000,0.000000
1767638485.310869,4.452964,1.000039,0.000000,0.000000
1767638485.330958,4.452964,1.000039,0.000000,0.000000
1767638485.350950,4.452964,1.000039,0.000000,0.000000
1767638485.370826,4.452964,1.000039,0.000000,0.000000
1767638485.390839,4.452964,1.000039,0.000000,0.000000
1767638485.410835,4.452964,1.000039,0.000000,0.000000
1767638485.430837,4.452964,1.000039,0.000000,0.000000
1767638485.450936,4.452964,1.000039,0.000000,0.000000
1767638485.470873,4.452964,1.000039,0.000000,0.000000
1767638485.490834,4.452964,1.000039,0.000000,0.000000
1767638485.510845,4.452964,1.000039,0.000000,0.000000
1767638485.530823,4.452964,1.000039,0.000000,0.000000
1767638485.550889,4.452964,1.000039,0.000000,0.000000
1767638485.570896,4.452964,1.000039,0.000000,0.000000
1767638485.590955,4.452964,1.000039,0.000000,0.000000
1767638485.610828,4.452964,1.000039,0.000000,0.000000
1767638485.630852,4.452964,1.000039,0.000000,0.000000
1767638485.650840,4.452964,1.000039,0.000000,0.000000
1767638485.670895,4.452964,1.000039,0.000000,0.000000
1767638485.690912,4.452964,1.000039,0.000000,0.000000
1767638485.710851,4.452964,1.000039,0.000000,0.000000
1767638485.730849,4.452964,1.000039,0.000000,0.000000
1767638485.750904,4.452964,1.000039,0.000000,0.000000
1767638485.770822,4.452964,1.000039,0.000000,0.000000
1767638485.790859,4.452964,1.000039,0.000000,0.000000
1767638485.810865,4.452964,1.000039,0.000000,0.000000
1767638485.830902,4.452964,1.000039,0.000000,0.000000
1767638485.850891,4.452964,1.000039,0.000000,0.000000
1767638485.870917,4.452964,1.000039,0.000000,0.000000
1767638485.890787,4.452964,1.000039,0.000000,0.000000
1767638485.910857,4.452964,1.000039,0.000000,0.000000
1767638485.930870,4.452964,1.000039,0.000000,0.000000
1767638485.950866,4.452964,1.000039,0.000000,0.000000
1767638485.970862,4.452964,1.000039,0.000000,0.000000
1767638485.990907,4.452964,1.000039,0.000000,0.000000
1767638486.010837,4.452964,1.000039,0.000000,0.000000
1767638486.030838,4.452964,1.000039,0.000000,0.000000
1767638486.050866,4.452964,1.000039,0.000000,0.000000
1767638486.070862,4.452964,1.000039,0.000000,0.000000
1767638486.090833,4.452964,1.000039,0.000000,0.000000
1767638486.110855,4.452964,1.000039,0.000000,0.000000
1767638486.130954,4.452964,1.000039,0.000000,0.000000
1767638486.150948,4.452964,1.000039,0.000000,0.000000
1767638486.170949,4.452964,1.000039,0.000000,0.000000
1767638486.190832,4.452964,1.000039,0.000000,0.000000
1767638486.210849,4.452964,1.000039,0.000000,0.000000
1767638486.230826,4.452964,1.000039,0.000000,0.000000
1767638486.250816,4.452964,1.000039,0.000000,0.000000
1767638486.270819,4.452964,1.000039,0.000000,0.000000
1767638486.290817,4.452964,1.000039,0.000000,0.000000
1767638486.310835,4.452964,1.000039,0.000000,0.000000
1767638486.330930,4.452964,1.000039,0.000000,0.000000
1767638486.350909,4.452964,1.000039,0.000000,0.000000
1767638486.370830,4.452964,1.000039,0.000000,0.000000
1767638486.390923,4.452964,1.000039,0.000000,0.000000
1767638486.410784,4.452964,1.000039,0.000000,0.000000
1767638486.430822,4.452964,1.000039,0.000000,0.000000
1767638486.450816,4.452964,1.000039,0.000000,0.000000
1767638486.470846,4.452964,1.000039,0.000000,0.000000
1767638486.490833,4.452964,1.000039,0.000000,0.000000
1767638486.510807,4.452964,1.000039,0.000000,0.000000
1767638486.530931,4.452964,1.000039,0.000000,0.000000
1767638486.550835,4.452964,1.000039,0.000000,0.000000
1767638486.570796,4.452964,1.000039,0.000000,0.000000
1767638486.590840,4.452964,1.000039,0.000000,0.000000
1767638486.610840,4.452964,1.000039,0.000000,0.000000
1767638486.630860,4.452964,1.000039,0.000000,0.000000
1767638486.650849,4.452964,1.000039,0.000000,0.000000
1767638486.670837,4.452964,1.000039,0.000000,0.000000
1767638486.690834,4.452964,1.000039,0.000000,0.000000
1767638486.710840,4.452964,1.000039,0.000000,0.000000
1767638486.730805,4.452964,1.000039,0.000000,0.000000
1767638486.750914,4.452964,1.000039,0.000000,0.000000
1767638486.770916,4.452964,1.000039,0.000000,0.000000
1767638486.790814,4.452964,1.000039,0.000000,0.000000
1767638486.810906,4.452964,1.000039,0.000000,0.000000
1767638486.830848,4.452964,1.000039,0.000000,0.000000
1767638486.850852,4.452964,1.000039,0.000000,0.000000
1767638486.870875,4.452964,1.000039,0.000000,0.000000
1767638486.890846,4.452964,1.000039,0.000000,0.000000
1767638486.910936,4.452964,1.000039,0.000000,0.000000
1767638486.930892,4.452964,1.000039,0.000000,0.000000
1767638486.950921,4.452964,1.000039,0.000000,0.000000
1767638486.970821,4.452964,1.000039,0.000000,0.000000
1767638486.990882,4.452964,1.000039,0.000000,0.000000
1767638487.010827,4.452964,1.000039,0.000000,0.000000
1767638487.030987,4.452964,1.000039,0.000000,0.000000
1767638487.050953,4.452964,1.000039,0.000000,0.000000
1767638487.070944,4.452964,1.000039,0.000000,0.000000
1767638487.090848,4.452964,1.000039,0.000000,0.000000
1767638487.110828,4.452964,1.000039,0.000000,0.000000
1767638487.130839,4.452964,1.000039,0.000000,0.000000
1767638487.150821,4.452964,1.000039,0.000000,0.000000
1767638487.170887,4.452964,1.000039,0.000000,0.000000
1767638487.190825,4.452964,1.000039,0.000000,0.000000
1767638487.210842,4.452964,1.000039,0.000000,0.000000
1767638487.230808,4.452964,1.000039,0.000000,0.000000
1767638487.250785,4.452964,1.000039,0.000000,0.000000
1767638487.270934,4.452964,1.000039,0.000000,0.000000
1767638487.290800,4.452964,1.000039,0.000000,0.000000
1767638487.310827,4.452964,1.000039,0.000000,0.000000
1767638487.330854,4.452964,1.000039,0.000000,0.000000
1767638487.350887,4.452964,1.000039,0.000000,0.000000
1767638487.370906,4.452964,1.000039,0.000000,0.000000
1767638487.390799,4.452964,1.000039,0.000000,0.000000
1767638487.410887,4.452964,1.000039,0.000000,0.000000
1767638487.430809,4.452964,1.000039,0.000000,0.000000
1767638487.450873,4.452964,1.000039,0.000000,0.000000
1767638487.470755,4.452964,1.000039,0.000000,0.000000
1767638487.490860,4.452964,1.000039,0.000000,0.000000
1767638487.510779,4.452964,1.000039,0.000000,0.000000
1767638487.530841,4.452964,1.000039,0.000000,0.000000
1767638487.550834,4.452964,1.000039,0.000000,0.000000
1767638487.570955,4.452964,1.000039,0.000000,0.000000
1767638487.590864,4.452964,1.000039,0.000000,0.000000
1767638487.610868,4.452964,1.000039,0.000000,0.000000
1767638487.630856,4.452964,1.000039,0.000000,0.000000
1767638487.650930,4.452964,1.000039,0.000000,0.000000
1767638487.671009,4.452964,1.000039,0.000000,0.000000
1767638487.690961,4.452964,1.000039,0.000000,0.000000
1767638487.710869,4.452964,1.000039,0.000000,0.000000
1767638487.730935,4.452964,1.000039,0.000000,0.000000
1767638487.750835,4.452964,1.000039,0.000000,0.000000
1767638487.770778,4.452964,1.000039,0.000000,0.000000
1767638487.790801,4.452964,1.000039,0.000000,0.000000
1767638487.810917,4.452964,1.000039,0.000000,0.000000
1767638487.830939,4.452964,1.000039,0.000000,0.000000
1767638487.850903,4.452964,1.000039,0.000000,0.000000
1767638487.870874,4.452964,1.000039,0.000000,0.000000
1767638487.890906,4.452964,1.000039,0.000000,0.000000
1767638487.910777,4.452964,1.000039,0.000000,0.000000
1767638487.930872,4.452964,1.000039,0.000000,0.000000
1767638487.950860,4.452964,1.000039,0.000000,0.000000
1767638487.970948,4.452964,1.000039,0.000000,0.000000
1767638487.990888,4.452964,1.000039,0.000000,0.000000
1767638488.010834,4.452964,1.000039,0.000000,0.000000
1767638488.030819,4.452964,1.000039,0.000000,0.000000
1767638488.050840,4.452964,1.000039,0.000000,0.000000
1767638488.070842,4.452964,1.000039,0.000000,0.000000
1767638488.090856,4.452964,1.000039,0.000000,0.000000
1767638488.110818,4.452964,1.000039,0.000000,0.000000
1767638488.130839,4.452964,1.000039,0.000000,0.000000
1767638488.150857,4.452964,1.000039,0.000000,0.000000
1767638488.170865,4.452964,1.000039,0.000000,0.000000
1767638488.190887,4.452964,1.000039,0.000000,0.000000
1767638488.210874,4.452964,1.000039,0.000000,0.000000
1767638488.230818,4.452964,1.000039,0.000000,0.000000
1767638488.250815,4.452964,1.000039,0.000000,0.000000
1767638488.270849,4.452964,1.000039,0.000000,0.000000
1767638488.290852,4.452964,1.000039,0.000000,0.000000
1767638488.310819,4.452964,1.000039,0.000000,0.000000
1767638488.330791,4.452964,1.000039,0.000000,0.000000
1767638488.350835,4.452964,1.000039,0.000000,0.000000
1767638488.370829,4.452964,1.000039,0.000000,0.000000
1767638488.390841,4.452964,1.000039,0.000000,0.000000
1767638488.410815,4.452964,1.000039,0.000000,0.000000
1767638488.430810,4.452964,1.000039,0.000000,0.000000
1767638488.450791,4.452964,1.000039,0.000000,0.000000
1767638488.470796,4.452964,1.000039,0.000000,0.000000
1767638488.490876,4.452964,1.000039,0.000000,0.000000
1767638488.510732,4.452964,1.000039,0.000000,0.000000
1767638488.530810,4.452964,1.000039,0.000000,0.000000
1767638488.550799,4.452964,1.000039,0.000000,0.000000
1767638488.570793,4.452964,1.000039,0.000000,0.000000
1767638488.590832,4.452964,1.000039,0.000000,0.000000
1767638488.610853,4.452964,1.000039,0.000000,0.000000
1767638488.630848,4.452964,1.000039,0.000000,0.000000
1767638488.650820,4.452964,1.000039,0.000000,0.000000
1767638488.670839,4.452964,1.000039,0.000000,0.000000
1767638488.690830,4.452964,1.000039,0.000000,0.000000
1767638488.710837,4.452964,1.000039,0.000000,0.000000
1767638488.730858,4.452964,1.000039,0.000000,0.000000
1767638488.750777,4.452964,1.000039,0.000000,0.000000
1767638488.770866,4.452964,1.000039,0.000000,0.000000
1767638488.790864,4.452964,1.000039,0.000000,0.000000
1767638488.810846,4.452964,1.000039,0.000000,0.000000
1767638488.830813,4.452964,1.000039,0.000000,0.000000
1767638488.850819,4.452964,1.000039,0.000000,0.000000
1767638488.870823,4.452964,1.000039,0.000000,0.000000
1767638488.890805,4.452964,1.000039,0.000000,0.000000
1767638488.910843,4.452964,1.000039,0.000000,0.000000
1767638488.930834,4.452964,1.000039,0.000000,0.000000
1767638488.950870,4.452964,1.000039,0.000000,0.000000
1767638488.970843,4.452964,1.000039,0.000000,0.000000
1767638488.990944,4.452964,1.000039,0.000000,0.000000
1767638489.010937,4.452964,1.000039,0.000000,0.000000
1767638489.030916,4.452964,1.000039,0.000000,0.000000
1767638489.050942,4.452964,1.000039,0.000000,0.000000
1767638489.070814,4.452964,1.000039,0.000000,0.000000
1767638489.090852,4.452964,1.000039,0.000000,0.000000
1767638489.110796,4.452964,1.000039,0.000000,0.000000
1767638489.130806,4.452964,1.000039,0.000000,0.000000
1767638489.150948,4.452964,1.000039,0.000000,0.000000
1767638489.170824,4.452964,1.000039,0.000000,0.000000
1767638489.190826,4.452964,1.000039,0.000000,0.000000
1767638489.210868,4.452964,1.000039,0.000000,0.000000
1767638489.230932,4.452964,1.000039,0.000000,0.000000
1767638489.250838,4.452964,1.000039,0.000000,0.000000
1767638489.270863,4.452964,1.000039,0.000000,0.000000
1767638489.290844,4.452964,1.000039,0.000000,0.000000
1767638489.310906,4.452964,1.000039,0.000000,0.000000
1767638489.330851,4.452964,1.000039,0.000000,0.000000
1767638489.350858,4.452964,1.000039,0.000000,0.000000
1767638489.370814,4.452964,1.000039,0.000000,0.000000
1767638489.390811,4.452964,1.000039,0.000000,0.000000
1767638489.410872,4.452964,1.000039,0.000000,0.000000
1767638489.430832,4.452964,1.000039,0.000000,0.000000
1767638489.450851,4.452964,1.000039,0.000000,0.000000
1767638489.470865,4.452964,1.000039,0.000000,0.000000
1767638489.490871,4.452964,1.000039,0.000000,0.000000
1767638489.510830,4.452964,1.000039,0.000000,0.000000
1767638489.530846,4.452964,1.000039,0.000000,0.000000
1767638489.550867,4.452964,1.000039,0.000000,0.000000
1767638489.570779,4.452964,1.000039,0.000000,0.000000
1767638489.590861,4.452964,1.000039,0.000000,0.000000
1767638489.610892,4.452964,1.000039,0.000000,0.000000
1767638489.630834,4.452964,1.000039,0.000000,0.000000
1767638489.650859,4.452964,1.000039,0.000000,0.000000
1767638489.670879,4.452964,1.000039,0.000000,0.000000
1767638489.690876,4.452964,1.000039,0.000000,0.000000
1767638489.710899,4.452964,1.000039,0.000000,0.000000
1767638489.730820,4.452964,1.000039,0.000000,0.000000
1767638489.750872,4.452964,1.000039,0.000000,0.000000
1767638489.770879,4.452964,1.000039,0.000000,0.000000
1767638489.790794,4.452964,1.000039,0.000000,0.000000
1767638489.810844,4.452964,1.000039,0.000000,0.000000
1767638489.830863,4.452964,1.000039,0.000000,0.000000
1767638489.850892,4.452964,1.000039,0.000000,0.000000
1767638489.870871,4.452964,1.000039,0.000000,0.000000
1767638489.890906,4.452964,1.000039,0.000000,0.000000
1767638489.910835,4.452964,1.000039,0.000000,0.000000
1767638489.930877,4.452964,1.000039,0.000000,0.000000
1767638489.950812,4.452964,1.000039,0.000000,0.000000
1767638489.970844,4.452964,1.000039,0.000000,0.000000
1767638489.990867,4.452964,1.000039,0.000000,0.000000
1767638490.010870,4.452964,1.000039,0.000000,0.000000
1767638490.030888,4.452964,1.000039,0.000000,0.000000
1767638490.050841,4.452964,1.000039,0.000000,0.000000
1767638490.070853,4.452964,1.000039,0.000000,0.000000
1767638490.090838,4.452964,1.000039,0.000000,0.000000
1767638490.110800,4.452964,1.000039,0.000000,0.000000
1767638490.130951,4.452964,1.000039,0.000000,0.000000
1767638490.150884,4.452964,1.000039,0.000000,0.000000
1767638490.170898,4.452964,1.000039,0.000000,0.000000
1767638490.190961,4.452964,1.000039,0.000000,0.000000
1767638490.210954,4.452964,1.000039,0.000000,0.000000
1767638490.230883,4.452964,1.000039,0.000000,0.000000
1767638490.250822,4.452964,1.000039,0.000000,0.000000
1767638490.270819,4.452964,1.000039,0.000000,0.000000
1767638490.290861,4.452964,1.000039,0.000000,0.000000
1767638490.310849,4.452964,1.000039,0.000000,0.000000
1767638490.330858,4.452964,1.000039,0.000000,0.000000
1767638490.350893,4.452964,1.000039,0.000000,0.000000
1767638490.370876,4.452964,1.000039,0.000000,0.000000
1767638490.390874,4.452964,1.000039,0.000000,0.000000
1767638490.411016,4.452964,1.000039,0.000000,0.000000
1767638490.431121,4.452964,1.000039,0.000000,0.000000
1767638490.451082,4.452964,1.000039,0.000000,0.000000
1767638490.470998,4.452964,1.000039,0.000000,0.000000
1767638490.491001,4.452964,1.000039,0.000000,0.000000
1767638490.510863,4.452964,1.000039,0.000000,0.000000
1767638490.531042,4.452964,1.000039,0.000000,0.000000
1767638490.550953,4.452964,1.000039,0.000000,0.000000
1767638490.570982,4.452964,1.000039,0.000000,0.000000
1767638490.590876,4.452964,1.000039,0.000000,0.000000
1767638490.610971,4.452964,1.000039,0.000000,0.000000
1767638490.630844,4.452964,1.000039,0.000000,0.000000
1767638490.650902,4.452964,1.000039,0.000000,0.000000
1767638490.670898,4.452964,1.000039,0.000000,0.000000
1767638490.691054,4.452964,1.000039,0.000000,0.000000
1767638490.710964,4.452964,1.000039,0.000000,0.000000
1767638490.730880,4.452964,1.000039,0.000000,0.000000
1767638490.750923,4.452964,1.000039,0.000000,0.000000
1767638490.770894,4.452964,1.000039,0.000000,0.000000
1767638490.790889,4.452964,1.000039,0.000000,0.000000
1767638490.810826,4.452964,1.000039,0.000000,0.000000
1767638490.830896,4.452964,1.000039,0.000000,0.000000
1767638490.850800,4.452964,1.000039,0.000000,0.000000
1767638490.870812,4.452964,1.000039,0.000000,0.000000
1767638490.890802,4.452964,1.000039,0.000000,0.000000
1767638490.910828,4.452964,1.000039,0.000000,0.000000
1767638490.931000,4.452964,1.000039,0.000000,0.000000
1767638490.950834,4.452964,1.000039,0.000000,0.000000
1767638490.970886,4.452964,1.000039,0.000000,0.000000
1767638490.990763,4.452964,1.000039,0.000000,0.000000
1767638491.010886,4.452964,1.000039,0.000000,0.000000
1767638491.030863,4.452964,1.000039,0.000000,0.000000
1767638491.050883,4.452964,1.000039,0.000000,0.000000
1767638491.070790,4.452964,1.000039,0.000000,0.000000
1767638491.090802,4.452964,1.000039,0.000000,0.000000
1767638491.110899,4.452964,1.000039,0.000000,0.000000
1767638491.130899,4.452964,1.000039,0.000000,0.000000
1767638491.150942,4.452964,1.000039,0.000000,0.000000
1767638491.170805,4.452964,1.000039,0.000000,0.000000
1767638491.191032,4.452964,1.000039,0.000000,0.000000
1767638491.210960,4.452964,1.000039,0.000000,0.000000
1767638491.230858,4.452964,1.000039,0.000000,0.000000
1767638491.250915,4.452964,1.000039,0.000000,0.000000
1767638491.270817,4.452964,1.000039,0.000000,0.000000
1767638491.290931,4.452964,1.000039,0.000000,0.000000
1767638491.310882,4.452964,1.000039,0.000000,0.000000
1767638491.330838,4.452964,1.000039,0.000000,0.000000
1767638491.350779,4.452964,1.000039,0.000000,0.000000
1767638491.370747,4.452964,1.000039,0.000000,0.000000
1767638491.390858,4.452964,1.000039,0.000000,0.000000
1767638491.410849,4.452964,1.000039,0.000000,0.000000
1767638491.430959,4.452964,1.000039,0.000000,0.000000
1767638491.450755,4.452964,1.000039,0.000000,0.000000
1767638491.470845,4.452964,1.000039,0.000000,0.000000
1767638491.490852,4.452964,1.000039,0.000000,0.000000
1767638491.510912,4.452964,1.000039,0.000000,0.000000
1767638491.530847,4.452964,1.000039,0.000000,0.000000
1767638491.550869,4.452964,1.000039,0.000000,0.000000
1767638491.570782,4.452964,1.000039,0.000000,0.000000
1767638491.590925,4.452964,1.000039,0.000000,0.000000
1767638491.610862,4.452964,1.000039,0.000000,0.000000
1767638491.630865,4.452964,1.000039,0.000000,0.000000
1767638491.650857,4.452964,1.000039,0.000000,0.000000
1767638491.670860,4.452964,1.000039,0.000000,0.000000
1767638491.690844,4.452964,1.000039,0.000000,0.000000
1767638491.710923,4.452964,1.000039,0.000000,0.000000
1767638491.730885,4.452964,1.000039,0.000000,0.000000
1767638491.750849,4.452964,1.000039,0.000000,0.000000
1767638491.770864,4.452964,1.000039,0.000000,0.000000
1767638491.790868,4.452964,1.000039,0.000000,0.000000
1767638491.810980,4.452964,1.000039,0.000000,0.000000
1767638491.831013,4.452964,1.000039,0.000000,0.000000
1767638491.850819,4.452964,1.000039,0.000000,0.000000
1767638491.870837,4.452964,1.000039,0.000000,0.000000
1767638491.890894,4.452964,1.000039,0.000000,0.000000
1767638491.910825,4.452964,1.000039,0.000000,0.000000
1767638491.930845,4.452964,1.000039,0.000000,0.000000
1767638491.950846,4.452964,1.000039,0.000000,0.000000
1767638491.970895,4.452964,1.000039,0.000000,0.000000
1767638491.990961,4.452964,1.000039,0.000000,0.000000
1767638492.010986,4.452964,1.000039,0.000000,0.000000
1767638492.030822,4.452964,1.000039,0.000000,0.000000
1767638492.050875,4.452964,1.000039,0.000000,0.000000
1767638492.070904,4.452964,1.000039,0.000000,0.000000
1767638492.090938,4.452964,1.000039,0.000000,0.000000
1767638492.110951,4.452964,1.000039,0.000000,0.000000
1767638492.130832,4.452964,1.000039,0.000000,0.000000
1767638492.150940,4.452964,1.000039,0.000000,0.000000
1767638492.170901,4.452964,1.000039,0.000000,0.000000
1767638492.190802,4.452964,1.000039,0.000000,0.000000
1767638492.210940,4.452964,1.000039,0.000000,0.000000
1767638492.230842,4.452964,1.000039,0.000000,0.000000
1767638492.250904,4.452964,1.000039,0.000000,0.000000
1767638492.270871,4.452964,1.000039,0.000000,0.000000
1767638492.290871,4.452964,1.000039,0.000000,0.000000
1767638492.310983,4.452964,1.000039,0.000000,0.000000
1767638492.330789,4.452964,1.000039,0.000000,0.000000
1767638492.350991,4.452964,1.000039,0.000000,0.000000
1767638492.371044,4.452964,1.000039,0.000000,0.000000
1767638492.390806,4.452964,1.000039,0.000000,0.000000
1767638492.410928,4.452964,1.000039,0.000000,0.000000
1767638492.430960,4.452964,1.000039,0.000000,0.000000
1767638492.450923,4.452964,1.000039,0.000000,0.000000
1767638492.470951,4.452964,1.000039,0.000000,0.000000
1767638492.490947,4.452964,1.000039,0.000000,0.000000
1767638492.511035,4.452964,1.000039,0.000000,0.000000
1767638492.530994,4.452964,1.000039,0.000000,0.000000
1767638492.550999,4.452964,1.000039,0.000000,0.000000
1767638492.570906,4.452964,1.000039,0.000000,0.000000
1767638492.590916,4.452964,1.000039,0.000000,0.000000
1767638492.610905,4.452964,1.000039,0.000000,0.000000
1767638492.630801,4.452964,1.000039,0.000000,0.000000
1767638492.650827,4.452964,1.000039,0.000000,0.000000
1767638492.670822,4.452964,1.000039,0.000000,0.000000
1767638492.690896,4.452964,1.000039,0.000000,0.000000
1767638492.710843,4.452964,1.000039,0.000000,0.000000
1767638492.730923,4.452964,1.000039,0.000000,0.000000
1767638492.750806,4.452964,1.000039,0.000000,0.000000
1767638492.770848,4.452964,1.000039,0.000000,0.000000
1767638492.790876,4.452964,1.000039,0.000000,0.000000
1767638492.810990,4.452964,1.000039,0.000000,0.000000
1767638492.830801,4.452964,1.000039,0.000000,0.000000
1767638492.850952,4.452964,1.000039,0.000000,0.000000
1767638492.870867,4.452964,1.000039,0.000000,0.000000
1767638492.890898,4.452964,1.000039,0.000000,0.000000
1767638492.910901,4.452964,1.000039,0.000000,0.000000
1767638492.930814,4.452964,1.000039,0.000000,0.000000
1767638492.950886,4.452964,1.000039,0.000000,0.000000
1767638492.970829,4.452964,1.000039,0.000000,0.000000
1767638492.990783,4.452964,1.000039,0.000000,0.000000
1767638493.010846,4.452964,1.000039,0.000000,0.000000
1767638493.030986,4.452964,1.000039,0.000000,0.000000
1767638493.050814,4.452964,1.000039,0.000000,0.000000
1767638493.070866,4.452964,1.000039,0.000000,0.000000
1767638493.090938,4.452964,1.000039,0.000000,0.000000
1767638493.111020,4.452964,1.000039,0.000000,0.000000
1767638493.130980,4.452964,1.000039,0.000000,0.000000
1767638493.150962,4.452964,1.000039,0.000000,0.000000
1767638493.170908,4.452964,1.000039,0.000000,0.000000
1767638493.190892,4.452964,1.000039,0.000000,0.000000
1767638493.210962,4.452964,1.000039,0.000000,0.000000
1767638493.230908,4.452964,1.000039,0.000000,0.000000
1767638493.250912,4.452964,1.000039,0.000000,0.000000
1767638493.270940,4.452964,1.000039,0.000000,0.000000
1767638493.290877,4.452964,1.000039,0.000000,0.000000
1767638493.310833,4.452964,1.000039,0.000000,0.000000
1767638493.330921,4.452964,1.000039,0.000000,0.000000
1767638493.350977,4.452964,1.000039,0.000000,0.000000
1767638493.370858,4.452964,1.000039,0.000000,0.000000
1767638493.390865,4.452964,1.000039,0.000000,0.000000
1767638493.410968,4.452964,1.000039,0.000000,0.000000
1767638493.430813,4.452964,1.000039,0.000000,0.000000
1767638493.450866,4.452964,1.000039,0.000000,0.000000
1767638493.470837,4.452964,1.000039,0.000000,0.000000
1767638493.490960,4.452964,1.000039,0.000000,0.000000
1767638493.510883,4.452964,1.000039,0.000000,0.000000
1767638493.530824,4.452964,1.000039,0.000000,0.000000
1767638493.550869,4.452964,1.000039,0.000000,0.000000
1767638493.570775,4.452964,1.000039,0.000000,0.000000
1767638493.590899,4.452964,1.000039,0.000000,0.000000
1767638493.610920,4.452964,1.000039,0.000000,0.000000
1767638493.630856,4.452964,1.000039,0.000000,0.000000
1767638493.651000,4.452964,1.000039,0.000000,0.000000
1767638493.670976,4.452964,1.000039,0.000000,0.000000
1767638493.690925,4.452964,1.000039,0.000000,0.000000
1767638493.710855,4.452964,1.000039,0.000000,0.000000
1767638493.730857,4.452964,1.000039,0.000000,0.000000
1767638493.750961,4.452964,1.000039,0.000000,0.000000
1767638493.770840,4.452964,1.000039,0.000000,0.000000
1767638493.790808,4.452964,1.000039,0.000000,0.000000
1767638493.810945,4.452964,1.000039,0.000000,0.000000
1767638493.830909,4.452964,1.000039,0.000000,0.000000
1767638493.850977,4.452964,1.000039,0.000000,0.000000
1767638493.870896,4.452964,1.000039,0.000000,0.000000
1767638493.890914,4.452964,1.000039,0.000000,0.000000
1767638493.910871,4.452964,1.000039,0.000000,0.000000
1767638493.930807,4.452964,1.000039,0.000000,0.000000
1767638493.950811,4.452964,1.000039,0.000000,0.000000
1767638493.970751,4.452964,1.000039,0.000000,0.000000
1767638493.990977,4.452964,1.000039,0.000000,0.000000
1767638494.011006,4.452964,1.000039,0.000000,0.000000
1767638494.031159,4.452964,1.000039,0.000000,0.000000
1767638494.050959,4.452964,1.000039,0.000000,0.000000
1767638494.070857,4.452964,1.000039,0.000000,0.000000
1767638494.090985,4.452964,1.000039,0.000000,0.000000
1767638494.110847,4.452964,1.000039,0.000000,0.000000
1767638494.130859,4.452964,1.000039,0.000000,0.000000
1767638494.150872,4.452964,1.000039,0.000000,0.000000
1767638494.170874,4.452964,1.000039,0.000000,0.000000
1767638494.190878,4.452964,1.000039,0.000000,0.000000
1767638494.210883,4.452964,1.000039,0.000000,0.000000
1767638494.230862,4.452964,1.000039,0.000000,0.000000
1767638494.250879,4.452964,1.000039,0.000000,0.000000
1767638494.270887,4.452964,1.000039,0.000000,0.000000
1767638494.290853,4.452964,1.000039,0.000000,0.000000
1767638494.310902,4.452964,1.000039,0.000000,0.000000
1767638494.331037,4.452964,1.000039,0.000000,0.000000
1767638494.350912,4.452964,1.000039,0.000000,0.000000
1767638494.370994,4.452964,1.000039,0.000000,0.000000
1767638494.390970,4.452964,1.000039,0.000000,0.000000
1767638494.410955,4.452964,1.000039,0.000000,0.000000
1767638494.430845,4.452964,1.000039,0.000000,0.000000
1767638494.450788,4.452964,1.000039,0.000000,0.000000
1767638494.470828,4.452964,1.000039,0.000000,0.000000
1767638494.490862,4.452964,1.000039,0.000000,0.000000
1767638494.510756,4.452964,1.000039,0.000000,0.000000
1767638494.530954,4.452964,1.000039,0.000000,0.000000
1767638494.550949,4.452964,1.000039,0.000000,0.000000
1767638494.570830,4.452964,1.000039,0.000000,0.000000
1767638494.590840,4.452964,1.000039,0.000000,0.000000
1767638494.611055,4.452964,1.000039,0.000000,0.000000
1767638494.630944,4.452964,1.000039,0.000000,0.000000
1767638494.651121,4.452964,1.000039,0.000000,0.000000
1767638494.670846,4.452964,1.000039,0.000000,0.000000
1767638494.690942,4.452964,1.000039,0.000000,0.000000
1767638494.710924,4.452964,1.000039,0.000000,0.000000
1767638494.731029,4.452964,1.000039,0.000000,0.000000
1767638494.750971,4.452964,1.000039,0.000000,0.000000
1767638494.770925,4.452964,1.000039,0.000000,0.000000
1767638494.790813,4.452964,1.000039,0.000000,0.000000
1767638494.810845,4.452964,1.000039,0.000000,0.000000
1767638494.830851,4.452964,1.000039,0.000000,0.000000
1767638494.850834,4.452964,1.000039,0.000000,0.000000
1767638494.870829,4.452964,1.000039,0.000000,0.000000
1767638494.890756,4.452964,1.000039,0.000000,0.000000
1767638494.910788,4.452964,1.000039,0.000000,0.000000
1767638494.930887,4.452964,1.000039,0.000000,0.000000
1767638494.950813,4.452964,1.000039,0.000000,0.000000
1767638494.970866,4.452964,1.000039,0.000000,0.000000
1767638494.990886,4.452964,1.000039,0.000000,0.000000
1767638495.010844,4.452964,1.000039,0.000000,0.000000
1767638495.030816,4.452964,1.000039,0.000000,0.000000
1767638495.050869,4.452964,1.000039,0.000000,0.000000
1767638495.070831,4.452964,1.000039,0.000000,0.000000
1767638495.090826,4.452964,1.000039,0.000000,0.000000
1767638495.110850,4.452964,1.000039,0.000000,0.000000
1767638495.130834,4.452964,1.000039,0.000000,0.000000
1767638495.150947,4.452964,1.000039,0.000000,0.000000
1767638495.170951,4.452964,1.000039,0.000000,0.000000
1767638495.190832,4.452964,1.000039,0.000000,0.000000
1767638495.210979,4.452964,1.000039,0.000000,0.000000
1767638495.230873,4.452964,1.000039,0.000000,0.000000
1767638495.250838,4.452964,1.000039,0.000000,0.000000
1767638495.270855,4.452964,1.000039,0.000000,0.000000
1767638495.290846,4.452964,1.000039,0.000000,0.000000
1767638495.310857,4.452964,1.000039,0.000000,0.000000
1767638495.330811,4.452964,1.000039,0.000000,0.000000
1767638495.350844,4.452964,1.000039,0.000000,0.000000
1767638495.370858,4.452964,1.000039,0.000000,0.000000
1767638495.390858,4.452964,1.000039,0.000000,0.000000
1767638495.410770,4.452964,1.000039,0.000000,0.000000
1767638495.430913,4.452964,1.000039,0.000000,0.000000
1767638495.450811,4.452964,1.000039,0.000000,0.000000
1767638495.470782,4.452964,1.000039,0.000000,0.000000
1767638495.490901,4.452964,1.000039,0.000000,0.000000
1767638495.510790,4.452964,1.000039,0.000000,0.000000
1767638495.530861,4.452964,1.000039,0.000000,0.000000
1767638495.550805,4.452964,1.000039,0.000000,0.000000
1767638495.570817,4.452964,1.000039,0.000000,0.000000
1767638495.590906,4.452964,1.000039,0.000000,0.000000
1767638495.610883,4.452964,1.000039,0.000000,0.000000
1767638495.630844,4.452964,1.000039,0.000000,0.000000
1767638495.650882,4.452964,1.000039,0.000000,0.000000
1767638495.670954,4.452964,1.000039,0.000000,0.000000
1767638495.691035,4.452964,1.000039,0.000000,0.000000
1767638495.710911,4.452964,1.000039,0.000000,0.000000
1767638495.730863,4.452964,1.000039,0.000000,0.000000
1767638495.750784,4.452964,1.000039,0.000000,0.000000
1767638495.770815,4.452964,1.000039,0.000000,0.000000
1767638495.790792,4.452964,1.000039,0.000000,0.000000
1767638495.810832,4.452964,1.000039,0.000000,0.000000
1767638495.830862,4.452964,1.000039,0.000000,0.000000
1767638495.850954,4.452964,1.000039,0.000000,0.000000
1767638495.870896,4.452964,1.000039,0.000000,0.000000
1767638495.891024,4.452964,1.000039,0.000000,0.000000
1767638495.910818,4.452964,1.000039,0.000000,0.000000
1767638495.930901,4.452964,1.000039,0.000000,0.000000
1767638495.950974,4.452964,1.000039,0.000000,0.000000
1767638495.970903,4.452964,1.000039,0.000000,0.000000
1767638495.990817,4.452964,1.000039,0.000000,0.000000
1767638496.010848,4.452964,1.000039,0.000000,0.000000
1767638496.030830,4.452964,1.000039,0.000000,0.000000
1767638496.050843,4.452964,1.000039,0.000000,0.000000
1767638496.070804,4.452964,1.000039,0.000000,0.000000
1767638496.090796,4.452964,1.000039,0.000000,0.000000
1767638496.110866,4.452964,1.000039,0.000000,0.000000
1767638496.131057,4.452964,1.000039,0.000000,0.000000
1767638496.150941,4.452964,1.000039,0.000000,0.000000
1767638496.170853,4.452964,1.000039,0.000000,0.000000
1767638496.190862,4.452964,1.000039,0.000000,0.000000
1767638496.210774,4.452964,1.000039,0.000000,0.000000
1767638496.230802,4.452964,1.000039,0.000000,0.000000
1767638496.250847,4.452964,1.000039,0.000000,0.000000
1767638496.270769,4.452964,1.000039,0.000000,0.000000
1767638496.290856,4.452964,1.000039,0.000000,0.000000
1767638496.310866,4.452964,1.000039,0.000000,0.000000
1767638496.330902,4.452964,1.000039,0.000000,0.000000
1767638496.350872,4.452964,1.000039,0.000000,0.000000
1767638496.370842,4.452964,1.000039,0.000000,0.000000
1767638496.390849,4.452964,1.000039,0.000000,0.000000
1767638496.410841,4.452964,1.000039,0.000000,0.000000
1767638496.430843,4.452964,1.000039,0.000000,0.000000
1767638496.450821,4.452964,1.000039,0.000000,0.000000
1767638496.470842,4.452964,1.000039,0.000000,0.000000
1767638496.490841,4.452964,1.000039,0.000000,0.000000
1767638496.510796,4.452964,1.000039,0.000000,0.000000
1767638496.530794,4.452964,1.000039,0.000000,0.000000
1767638496.550840,4.452964,1.000039,0.000000,0.000000
1767638496.571043,4.452964,1.000039,0.000000,0.000000
1767638496.591177,4.452964,1.000039,0.000000,0.000000
1767638496.610965,4.452964,1.000039,0.000000,0.000000
1767638496.630921,4.452964,1.000039,0.000000,0.000000
1767638496.650954,4.452964,1.000039,0.000000,0.000000
1767638496.671075,4.452964,1.000039,0.000000,0.000000
1767638496.690872,4.452964,1.000039,0.000000,0.000000
1767638496.710869,4.452964,1.000039,0.000000,0.000000
1767638496.730837,4.452964,1.000039,0.000000,0.000000
1767638496.750939,4.452964,1.000039,0.000000,0.000000
1767638496.770871,4.452964,1.000039,0.000000,0.000000
1767638496.790834,4.452964,1.000039,0.000000,0.000000
1767638496.810870,4.452964,1.000039,0.000000,0.000000
1767638496.830849,4.452964,1.000039,0.000000,0.000000
1767638496.850818,4.452964,1.000039,0.000000,0.000000
1767638496.870855,4.452964,1.000039,0.000000,0.000000
1767638496.890833,4.452964,1.000039,0.000000,0.000000
1767638496.910839,4.452964,1.000039,0.000000,0.000000
1767638496.930843,4.452964,1.000039,0.000000,0.000000
1767638496.950827,4.452964,1.000039,0.000000,0.000000
1767638496.970977,4.452964,1.000039,0.000000,0.000000
1767638496.990867,4.452964,1.000039,0.000000,0.000000
1767638497.010879,4.452964,1.000039,0.000000,0.000000
1767638497.030877,4.452964,1.000039,0.000000,0.000000
1767638497.050849,4.452964,1.000039,0.000000,0.000000
1767638497.070838,4.452964,1.000039,0.000000,0.000000
1767638497.090885,4.452964,1.000039,0.000000,0.000000
1767638497.110884,4.452964,1.000039,0.000000,0.000000
1767638497.130827,4.452964,1.000039,0.000000,0.000000
1767638497.150899,4.452964,1.000039,0.000000,0.000000
1767638497.170877,4.452964,1.000039,0.000000,0.000000
1767638497.190847,4.452964,1.000039,0.000000,0.000000
1767638497.210865,4.452964,1.000039,0.000000,0.000000
1767638497.230853,4.452964,1.000039,0.000000,0.000000
1767638497.250854,4.452964,1.000039,0.000000,0.000000
1767638497.270756,4.452964,1.000039,0.000000,0.000000
1767638497.290823,4.452964,1.000039,0.000000,0.000000
1767638497.310862,4.452964,1.000039,0.000000,0.000000
1767638497.330880,4.452964,1.000039,0.000000,0.000000
1767638497.350841,4.452964,1.000039,0.000000,0.000000
1767638497.370850,4.452964,1.000039,0.000000,0.000000
1767638497.390797,4.452964,1.000039,0.000000,0.000000
1767638497.410866,4.452964,1.000039,0.000000,0.000000
1767638497.430963,4.452964,1.000039,0.000000,0.000000
1767638497.450946,4.452964,1.000039,0.000000,0.000000
1767638497.470922,4.452964,1.000039,0.000000,0.000000
1767638497.490897,4.452964,1.000039,0.000000,0.000000
1767638497.510869,4.452964,1.000039,0.000000,0.000000
1767638497.530885,4.452964,1.000039,0.000000,0.000000
1767638497.550920,4.452964,1.000039,0.000000,0.000000
1767638497.570879,4.452964,1.000039,0.000000,0.000000
1767638497.590879,4.452964,1.000039,0.000000,0.000000
1767638497.610839,4.452964,1.000039,0.000000,0.000000
1767638497.630858,4.452964,1.000039,0.000000,0.000000
1767638497.650798,4.452964,1.000039,0.000000,0.000000
1767638497.670858,4.452964,1.000039,0.000000,0.000000
1767638497.690858,4.452964,1.000039,0.000000,0.000000
1767638497.710812,4.452964,1.000039,0.000000,0.000000
1767638497.730801,4.452964,1.000039,0.000000,0.000000
1767638497.750829,4.452964,1.000039,0.000000,0.000000
1767638497.770889,4.452964,1.000039,0.000000,0.000000
1767638497.790812,4.452964,1.000039,0.000000,0.000000
1767638497.810830,4.452964,1.000039,0.000000,0.000000
1767638497.830898,4.452964,1.000039,0.000000,0.000000
1767638497.850836,4.452964,1.000039,0.000000,0.000000
1767638497.870836,4.452964,1.000039,0.000000,0.000000
1767638497.890845,4.452964,1.000039,0.000000,0.000000
1767638497.910811,4.452964,1.000039,0.000000,0.000000
1767638497.930818,4.452964,1.000039,0.000000,0.000000
1767638497.950941,4.452964,1.000039,0.000000,0.000000
1767638497.970807,4.452964,1.000039,0.000000,0.000000
1767638497.990795,4.452964,1.000039,0.000000,0.000000
1767638498.010828,4.452964,1.000039,0.000000,0.000000
1767638498.030818,4.452964,1.000039,0.000000,0.000000
1767638498.050803,4.452964,1.000039,0.000000,0.000000
1767638498.070861,4.452964,1.000039,0.000000,0.000000
1767638498.090934,4.452964,1.000039,0.000000,0.000000
1767638498.110857,4.452964,1.000039,0.000000,0.000000
1767638498.130850,4.452964,1.000039,0.000000,0.000000
1767638498.150979,4.452964,1.000039,0.000000,0.000000
1767638498.170961,4.452964,1.000039,0.000000,0.000000
1767638498.191022,4.452964,1.000039,0.000000,0.000000
1767638498.210844,4.452964,1.000039,0.000000,0.000000
1767638498.230779,4.452964,1.000039,0.000000,0.000000
1767638498.250892,4.452964,1.000039,0.000000,0.000000
1767638498.270949,4.452964,1.000039,0.000000,0.000000
1767638498.290877,4.452964,1.000039,0.000000,0.000000
1767638498.310843,4.452964,1.000039,0.000000,0.000000
1767638498.330914,4.452964,1.000039,0.000000,0.000000
1767638498.350895,4.452964,1.000039,0.000000,0.000000
1767638498.370860,4.452964,1.000039,0.000000,0.000000
1767638498.390851,4.452964,1.000039,0.000000,0.000000
1767638498.410943,4.452964,1.000039,0.000000,0.000000
1767638498.431046,4.452964,1.000039,0.000000,0.000000
1767638498.450971,4.452964,1.000039,0.000000,0.000000
1767638498.470956,4.452964,1.000039,0.000000,0.000000
1767638498.490926,4.452964,1.000039,0.000000,0.000000
1767638498.510795,4.452964,1.000039,0.000000,0.000000
1767638498.530792,4.452964,1.000039,0.000000,0.000000
1767638498.550804,4.452964,1.000039,0.000000,0.000000
1767638498.570880,4.452964,1.000039,0.000000,0.000000
1767638498.590786,4.452964,1.000039,0.000000,0.000000
1767638498.610821,4.452964,1.000039,0.000000,0.000000
1767638498.630873,4.452964,1.000039,0.000000,0.000000
1767638498.650863,4.452964,1.000039,0.000000,0.000000
1767638498.670904,4.452964,1.000039,0.000000,0.000000
1767638498.690960,4.452964,1.000039,0.000000,0.000000
1767638498.710947,4.452964,1.000039,0.000000,0.000000
1767638498.730793,4.452964,1.000039,0.000000,0.000000
1767638498.750867,4.452964,1.000039,0.000000,0.000000
1767638498.770810,4.452964,1.000039,0.000000,0.000000
1767638498.790823,4.452964,1.000039,0.000000,0.000000
1767638498.810894,4.452964,1.000039,0.000000,0.000000
1767638498.830855,4.452964,1.000039,0.000000,0.000000
1767638498.850944,4.452964,1.000039,0.000000,0.000000
1767638498.870836,4.452964,1.000039,0.000000,0.000000
1767638498.890881,4.452964,1.000039,0.000000,0.000000
1767638498.910907,4.452964,1.000039,0.000000,0.000000
1767638498.931020,4.452964,1.000039,0.000000,0.000000
1767638498.950912,4.452964,1.000039,0.000000,0.000000
1767638498.970787,4.452964,1.000039,0.000000,0.000000
1767638498.990924,4.452964,1.000039,0.000000,0.000000
1767638499.010912,4.452964,1.000039,0.000000,0.000000
1767638499.030858,4.452964,1.000039,0.000000,0.000000
1767638499.050947,4.452964,1.000039,0.000000,0.000000
1767638499.070892,4.452964,1.000039,0.000000,0.000000
1767638499.090897,4.452964,1.000039,0.000000,0.000000
1767638499.110945,4.452964,1.000039,0.000000,0.000000
1767638499.130999,4.452964,1.000039,0.000000,0.000000
1767638499.151012,4.452964,1.000039,0.000000,0.000000
1767638499.170846,4.452964,1.000039,0.000000,0.000000
1767638499.190920,4.452964,1.000039,0.000000,0.000000
1767638499.210932,4.452964,1.000039,0.000000,0.000000
1767638499.230903,4.452964,1.000039,0.000000,0.000000
1767638499.250823,4.452964,1.000039,0.000000,0.000000
1767638499.270880,4.452964,1.000039,0.000000,0.000000
1767638499.290795,4.452964,1.000039,0.000000,0.000000
1767638499.310900,4.452964,1.000039,0.000000,0.000000
1767638499.330904,4.452964,1.000039,0.000000,0.000000
1767638499.350925,4.452964,1.000039,0.000000,0.000000
1767638499.370996,4.452964,1.000039,0.000000,0.000000
1767638499.390923,4.452964,1.000039,0.000000,0.000000
1767638499.410924,4.452964,1.000039,0.000000,0.000000
1767638499.430907,4.452964,1.000039,0.000000,0.000000
1767638499.450916,4.452964,1.000039,0.000000,0.000000
1767638499.470880,4.452964,1.000039,0.000000,0.000000
1767638499.490944,4.452964,1.000039,0.000000,0.000000
1767638499.510981,4.452964,1.000039,0.000000,0.000000
1767638499.530993,4.452964,1.000039,0.000000,0.000000
1767638499.551019,4.452964,1.000039,0.000000,0.000000
1767638499.570968,4.452964,1.000039,0.000000,0.000000
1767638499.590812,4.452964,1.000039,0.000000,0.000000
1767638499.610833,4.452964,1.000039,0.000000,0.000000
1767638499.630832,4.452964,1.000039,0.000000,0.000000
1767638499.650832,4.452964,1.000039,0.000000,0.000000
1767638499.670841,4.452964,1.000039,0.000000,0.000000
1767638499.690890,4.452964,1.000039,0.000000,0.000000
1767638499.710827,4.452964,1.000039,0.000000,0.000000
1767638499.730794,4.452964,1.000039,0.000000,0.000000
1767638499.751044,4.452964,1.000039,0.000000,0.000000
1767638499.770931,4.452964,1.000039,0.000000,0.000000
1767638499.790944,4.452964,1.000039,0.000000,0.000000
1767638499.810870,4.452964,1.000039,0.000000,0.000000
1767638499.830853,4.452964,1.000039,0.000000,0.000000
1767638499.850920,4.452964,1.000039,0.000000,0.000000
1767638499.870844,4.452964,1.000039,0.000000,0.000000
1767638499.890857,4.452964,1.000039,0.000000,0.000000
1767638499.910929,4.452964,1.000039,0.000000,0.000000
1767638499.930837,4.452964,1.000039,0.000000,0.000000
1767638499.950856,4.452964,1.000039,0.000000,0.000000
1767638499.970882,4.452964,1.000039,0.000000,0.000000
1767638499.990812,4.452964,1.000039,0.000000,0.000000
1767638500.010795,4.452964,1.000039,0.000000,0.000000
1767638500.030815,4.452964,1.000039,0.000000,0.000000
1767638500.050825,4.452964,1.000039,0.000000,0.000000
1767638500.070820,4.452964,1.000039,0.000000,0.000000
1767638500.090892,4.452964,1.000039,0.000000,0.000000
1767638500.110868,4.452964,1.000039,0.000000,0.000000
1767638500.130788,4.452964,1.000039,0.000000,0.000000
1767638500.150829,4.452964,1.000039,0.000000,0.000000
1767638500.170851,4.452964,1.000039,0.000000,0.000000
1767638500.190897,4.452964,1.000039,0.000000,0.000000
1767638500.210894,4.452964,1.000039,0.000000,0.000000
1767638500.230914,4.452964,1.000039,0.000000,0.000000
1767638500.250935,4.452964,1.000039,0.000000,0.000000
1767638500.270782,4.452964,1.000039,0.000000,0.000000
1767638500.290838,4.452964,1.000039,0.000000,0.000000
1767638500.310949,4.452964,1.000039,0.000000,0.000000
1767638500.330929,4.452964,1.000039,0.000000,0.000000
1767638500.350826,4.452964,1.000039,0.000000,0.000000
1767638500.370876,4.452964,1.000039,0.000000,0.000000
1767638500.390859,4.452964,1.000039,0.000000,0.000000
1767638500.410848,4.452964,1.000039,0.000000,0.000000
1767638500.430911,4.452964,1.000039,0.000000,0.000000
1767638500.450859,4.452964,1.000039,0.000000,0.000000
1767638500.470848,4.452964,1.000039,0.000000,0.000000
1767638500.490871,4.452964,1.000039,0.000000,0.000000
1767638500.510946,4.452964,1.000039,0.000000,0.000000
1767638500.530781,4.452964,1.000039,0.000000,0.000000
1767638500.550861,4.452964,1.000039,0.000000,0.000000
1767638500.570875,4.452964,1.000039,0.000000,0.000000
1767638500.590821,4.452964,1.000039,0.000000,0.000000
1767638500.610884,4.452964,1.000039,0.000000,0.000000
1767638500.630881,4.452964,1.000039,0.000000,0.000000
1767638500.650848,4.452964,1.000039,0.000000,0.000000
1767638500.670811,4.452964,1.000039,0.000000,0.000000
1767638500.690822,4.452964,1.000039,0.000000,0.000000
1767638500.710863,4.452964,1.000039,0.000000,0.000000
1767638500.730892,4.452964,1.000039,0.000000,0.000000
1767638500.750868,4.452964,1.000039,0.000000,0.000000
1767638500.770858,4.452964,1.000039,0.000000,0.000000
1767638500.790826,4.452964,1.000039,0.000000,0.000000
1767638500.810842,4.452964,1.000039,0.000000,0.000000
1767638500.830826,4.452964,1.000039,0.000000,0.000000
1767638500.850860,4.452964,1.000039,0.000000,0.000000
1767638500.870793,4.452964,1.000039,0.000000,0.000000
1767638500.890952,4.452964,1.000039,0.000000,0.000000
1767638500.910881,4.452964,1.000039,0.000000,0.000000
1767638500.930859,4.452964,1.000039,0.000000,0.000000
1767638500.950799,4.452964,1.000039,0.000000,0.000000
1767638500.970959,4.452964,1.000039,0.000000,0.000000
1767638500.990927,4.452964,1.000039,0.000000,0.000000
1767638501.010917,4.452964,1.000039,0.000000,0.000000
1767638501.030907,4.452964,1.000039,0.000000,0.000000
1767638501.050894,4.452964,1.000039,0.000000,0.000000
1767638501.070825,4.452964,1.000039,0.000000,0.000000
1767638501.090964,4.452964,1.000039,0.000000,0.000000
1767638501.110847,4.452964,1.000039,0.000000,0.000000
1767638501.130924,4.452964,1.000039,0.000000,0.000000
1767638501.150965,4.452964,1.000039,0.000000,0.000000
1767638501.170814,4.452964,1.000039,0.000000,0.000000
1767638501.190912,4.452964,1.000039,0.000000,0.000000
1767638501.210776,4.452964,1.000039,0.000000,0.000000
1767638501.230861,4.452964,1.000039,0.000000,0.000000
1767638501.250870,4.452964,1.000039,0.000000,0.000000
1767638501.270885,4.452964,1.000039,0.000000,0.000000
1767638501.290898,4.452964,1.000039,0.000000,0.000000
1767638501.310955,4.452964,1.000039,0.000000,0.000000
1767638501.330824,4.452964,1.000039,0.000000,0.000000
1767638501.350933,4.452964,1.000039,0.000000,0.000000
1767638501.370938,4.452964,1.000039,0.000000,0.000000
1767638501.390975,4.452964,1.000039,0.000000,0.000000
1767638501.410839,4.452964,1.000039,0.000000,0.000000
1767638501.430816,4.452964,1.000039,0.000000,0.000000
1767638501.450769,4.452964,1.000039,0.000000,0.000000
1767638501.470862,4.452964,1.000039,0.000000,0.000000
1767638501.490869,4.452964,1.000039,0.000000,0.000000
1767638501.510902,4.452964,1.000039,0.000000,0.000000
1767638501.530856,4.452964,1.000039,0.000000,0.000000
1767638501.550817,4.452964,1.000039,0.000000,0.000000
1767638501.570822,4.452964,1.000039,0.000000,0.000000
1767638501.590852,4.452964,1.000039,0.000000,0.000000
1767638501.610872,4.452964,1.000039,0.000000,0.000000
1767638501.630861,4.452964,1.000039,0.000000,0.000000
1767638501.650928,4.452964,1.000039,0.000000,0.000000
1767638501.670901,4.452964,1.000039,0.000000,0.000000
1767638501.690866,4.452964,1.000039,0.000000,0.000000
1767638501.710935,4.452964,1.000039,0.000000,0.000000
1767638501.730805,4.452964,1.000039,0.000000,0.000000
1767638501.750853,4.452964,1.000039,0.000000,0.000000
1767638501.770901,4.452964,1.000039,0.000000,0.000000
1767638501.790950,4.452964,1.000039,0.000000,0.000000
1767638501.810925,4.452964,1.000039,0.000000,0.000000
1767638501.830909,4.452964,1.000039,0.000000,0.000000
1767638501.850924,4.452964,1.000039,0.000000,0.000000
1767638501.870854,4.452964,1.000039,0.000000,0.000000
1767638501.890893,4.452964,1.000039,0.000000,0.000000
1767638501.910789,4.452964,1.000039,0.000000,0.000000
1767638501.930798,4.452964,1.000039,0.000000,0.000000
1767638501.950832,4.452964,1.000039,0.000000,0.000000
1767638501.970850,4.452964,1.000039,0.000000,0.000000
1767638501.990820,4.452964,1.000039,0.000000,0.000000
1767638502.010805,4.452964,1.000039,0.000000,0.000000
1767638502.030891,4.452964,1.000039,0.000000,0.000000
1767638502.050855,4.452964,1.000039,0.000000,0.000000
1767638502.070831,4.452964,1.000039,0.000000,0.000000
1767638502.090881,4.452964,1.000039,0.000000,0.000000
1767638502.110829,4.452964,1.000039,0.000000,0.000000
1767638502.130813,4.452964,1.000039,0.000000,0.000000
1767638502.150852,4.452964,1.000039,0.000000,0.000000
1767638502.170889,4.452964,1.000039,0.000000,0.000000
1767638502.190828,4.452964,1.000039,0.000000,0.000000
1767638502.210863,4.452964,1.000039,0.000000,0.000000
1767638502.230842,4.452964,1.000039,0.000000,0.000000
1767638502.250923,4.452964,1.000039,0.000000,0.000000
1767638502.270836,4.452964,1.000039,0.000000,0.000000
1767638502.290875,4.452964,1.000039,0.000000,0.000000
1767638502.310875,4.452964,1.000039,0.000000,0.000000
1767638502.330931,4.452964,1.000039,0.000000,0.000000
1767638502.350936,4.452964,1.000039,0.000000,0.000000
1767638502.370827,4.452964,1.000039,0.000000,0.000000
1767638502.390831,4.452964,1.000039,0.000000,0.000000
1767638502.410884,4.452964,1.000039,0.000000,0.000000
1767638502.430874,4.452964,1.000039,0.000000,0.000000
1767638502.450824,4.452964,1.000039,0.000000,0.000000
1767638502.470834,4.452964,1.000039,0.000000,0.000000
1767638502.490909,4.452964,1.000039,0.000000,0.000000
1767638502.510852,4.452964,1.000039,0.000000,0.000000
1767638502.530863,4.452964,1.000039,0.000000,0.000000
1767638502.550874,4.452964,1.000039,0.000000,0.000000
1767638502.570900,4.452964,1.000039,0.000000,0.000000
1767638502.590877,4.452964,1.000039,0.000000,0.000000
1767638502.610853,4.452964,1.000039,0.000000,0.000000
1767638502.630876,4.452964,1.000039,0.000000,0.000000
1767638502.650803,4.452964,1.000039,0.000000,0.000000
1767638502.670865,4.452964,1.000039,0.000000,0.000000
1767638502.690903,4.452964,1.000039,0.000000,0.000000
1767638502.710861,4.452964,1.000039,0.000000,0.000000
1767638502.730957,4.452964,1.000039,0.000000,0.000000
1767638502.750904,4.452964,1.000039,0.000000,0.000000
1767638502.770937,4.452964,1.000039,0.000000,0.000000
1767638502.790836,4.452964,1.000039,0.000000,0.000000
1767638502.810902,4.452964,1.000039,0.000000,0.000000
1767638502.830979,4.452964,1.000039,0.000000,0.000000
1767638502.850852,4.452964,1.000039,0.000000,0.000000
1767638502.870860,4.452964,1.000039,0.000000,0.000000
1767638502.890791,4.452964,1.000039,0.000000,0.000000
1767638502.910855,4.452964,1.000039,0.000000,0.000000
1767638502.930867,4.452964,1.000039,0.000000,0.000000
1767638502.950938,4.452964,1.000039,0.000000,0.000000
1767638502.970940,4.452964,1.000039,0.000000,0.000000
1767638502.990882,4.452964,1.000039,0.000000,0.000000
1767638503.010894,4.452964,1.000039,0.000000,0.000000
1767638503.030981,4.452964,1.000039,0.000000,0.000000
1767638503.050957,4.452964,1.000039,0.000000,0.000000
1767638503.070931,4.452964,1.000039,0.000000,0.000000
1767638503.090850,4.452964,1.000039,0.000000,0.000000
1767638503.110821,4.452964,1.000039,0.000000,0.000000
1767638503.130785,4.452964,1.000039,0.000000,0.000000
1767638503.150847,4.452964,1.000039,0.000000,0.000000
1767638503.170854,4.452964,1.000039,0.000000,0.000000
1767638503.190917,4.452964,1.000039,0.000000,0.000000
1767638503.210905,4.452964,1.000039,0.000000,0.000000
1767638503.230892,4.452964,1.000039,0.000000,0.000000
1767638503.250884,4.452964,1.000039,0.000000,0.000000
1767638503.270824,4.452964,1.000039,0.000000,0.000000
1767638503.290874,4.452964,1.000039,0.000000,0.000000
1767638503.310833,4.452964,1.000039,0.000000,0.000000
1767638503.330904,4.452964,1.000039,0.000000,0.000000
1767638503.350909,4.452964,1.000039,0.000000,0.000000
1767638503.370916,4.452964,1.000039,0.000000,0.000000
1767638503.390874,4.452964,1.000039,0.000000,0.000000
1767638503.410907,4.452964,1.000039,0.000000,0.000000
1767638503.430950,4.452964,1.000039,0.000000,0.000000
1767638503.450886,4.452964,1.000039,0.000000,0.000000
1767638503.470890,4.452964,1.000039,0.000000,0.000000
1767638503.490983,4.452964,1.000039,0.000000,0.000000
1767638503.510830,4.452964,1.000039,0.000000,0.000000
1767638503.530870,4.452964,1.000039,0.000000,0.000000
1767638503.550922,4.452964,1.000039,0.000000,0.000000
1767638503.570999,4.452964,1.000039,0.000000,0.000000
1767638503.590952,4.452964,1.000039,0.000000,0.000000
1767638503.610826,4.452964,1.000039,0.000000,0.000000
1767638503.630931,4.452964,1.000039,0.000000,0.000000
1767638503.650850,4.452964,1.000039,0.000000,0.000000
1767638503.670875,4.452964,1.000039,0.000000,0.000000
1767638503.690904,4.452964,1.000039,0.000000,0.000000
1767638503.710905,4.452964,1.000039,0.000000,0.000000
1767638503.730941,4.452964,1.000039,0.000000,0.000000
1767638503.750863,4.452964,1.000039,0.000000,0.000000
1767638503.770846,4.452964,1.000039,0.000000,0.000000
1767638503.790841,4.452964,1.000039,0.000000,0.000000
1767638503.810822,4.452964,1.000039,0.000000,0.000000
1767638503.830822,4.452964,1.000039,0.000000,0.000000
1767638503.850860,4.452964,1.000039,0.000000,0.000000
1767638503.870867,4.452964,1.000039,0.000000,0.000000
1767638503.890844,4.452964,1.000039,0.000000,0.000000
1767638503.910870,4.452964,1.000039,0.000000,0.000000
1767638503.930890,4.452964,1.000039,0.000000,0.000000
1767638503.950903,4.452964,1.000039,0.000000,0.000000
1767638503.970795,4.452964,1.000039,0.000000,0.000000
1767638503.990893,4.452964,1.000039,0.000000,0.000000
1767638504.010839,4.452964,1.000039,0.000000,0.000000
1767638504.030875,4.452964,1.000039,0.000000,0.000000
1767638504.050868,4.452964,1.000039,0.000000,0.000000
1767638504.070840,4.452964,1.000039,0.000000,0.000000
1767638504.090857,4.452964,1.000039,0.000000,0.000000
1767638504.110845,4.452964,1.000039,0.000000,0.000000
1767638504.130888,4.452964,1.000039,0.000000,0.000000
1767638504.150950,4.452964,1.000039,0.000000,0.000000
1767638504.170866,4.452964,1.000039,0.000000,0.000000
1767638504.190876,4.452964,1.000039,0.000000,0.000000
1767638504.210875,4.452964,1.000039,0.000000,0.000000
1767638504.230853,4.452964,1.000039,0.000000,0.000000
1767638504.250828,4.452964,1.000039,0.000000,0.000000
1767638504.270828,4.452964,1.000039,0.000000,0.000000
1767638504.290832,4.452964,1.000039,0.000000,0.000000
1767638504.310972,4.452964,1.000039,0.000000,0.000000
1767638504.330887,4.452964,1.000039,0.000000,0.000000
1767638504.350911,4.452964,1.000039,0.000000,0.000000
1767638504.370945,4.452964,1.000039,0.000000,0.000000
1767638504.390867,4.452964,1.000039,0.000000,0.000000
1767638504.410890,4.452964,1.000039,0.000000,0.000000
1767638504.431011,4.452964,1.000039,0.000000,0.000000
1767638504.450819,4.452964,1.000039,0.000000,0.000000
1767638504.470869,4.452964,1.000039,0.000000,0.000000
1767638504.490894,4.452964,1.000039,0.000000,0.000000
1767638504.510902,4.452964,1.000039,0.000000,0.000000
1767638504.530977,4.452964,1.000039,0.000000,0.000000
1767638504.550925,4.452964,1.000039,0.000000,0.000000
1767638504.570882,4.452964,1.000039,0.000000,0.000000
1767638504.590862,4.452964,1.000039,0.000000,0.000000
1767638504.610900,4.452964,1.000039,0.000000,0.000000
1767638504.630841,4.452964,1.000039,0.000000,0.000000
1767638504.650895,4.452964,1.000039,0.000000,0.000000
1767638504.670893,4.452964,1.000039,0.000000,0.000000
1767638504.690879,4.452964,1.000039,0.000000,0.000000
1767638504.710830,4.452964,1.000039,0.000000,0.000000
1767638504.730846,4.452964,1.000039,0.000000,0.000000
1767638504.750828,4.452964,1.000039,0.000000,0.000000
1767638504.770804,4.452964,1.000039,0.000000,0.000000
1767638504.790920,4.452964,1.000039,0.000000,0.000000
1767638504.810849,4.452964,1.000039,0.000000,0.000000
1767638504.830899,4.452964,1.000039,0.000000,0.000000
1767638504.850879,4.452964,1.000039,0.000000,0.000000
1767638504.870811,4.452964,1.000039,0.000000,0.000000
1767638504.890896,4.452964,1.000039,0.000000,0.000000
1767638504.910920,4.452964,1.000039,0.000000,0.000000
1767638504.930824,4.452964,1.000039,0.000000,0.000000
1767638504.950881,4.452964,1.000039,0.000000,0.000000
1767638504.970823,4.452964,1.000039,0.000000,0.000000
1767638504.990884,4.452964,1.000039,0.000000,0.000000
1767638505.010849,4.452964,1.000039,0.000000,0.000000
1767638505.030897,4.452964,1.000039,0.000000,0.000000
1767638505.050845,4.452964,1.000039,0.000000,0.000000
1767638505.070869,4.452964,1.000039,0.000000,0.000000
1767638505.090914,4.452964,1.000039,0.000000,0.000000
1767638505.110844,4.452964,1.000039,0.000000,0.000000
1767638505.130851,4.452964,1.000039,0.000000,0.000000
1767638505.150837,4.452964,1.000039,0.000000,0.000000
1767638505.170830,4.452964,1.000039,0.000000,0.000000
1767638505.190864,4.452964,1.000039,0.000000,0.000000
1767638505.210843,4.452964,1.000039,0.000000,0.000000
1767638505.230827,4.452964,1.000039,0.000000,0.000000
1767638505.250871,4.452964,1.000039,0.000000,0.000000
1767638505.270854,4.452964,1.000039,0.000000,0.000000
1767638505.290824,4.452964,1.000039,0.000000,0.000000
1767638505.310770,4.452964,1.000039,0.000000,0.000000
1767638505.330929,4.452964,1.000039,0.000000,0.000000
1767638505.350852,4.452964,1.000039,0.000000,0.000000
1767638505.370905,4.452964,1.000039,0.000000,0.000000
1767638505.390847,4.452964,1.000039,0.000000,0.000000
1767638505.410864,4.452964,1.000039,0.000000,0.000000
1767638505.430882,4.452964,1.000039,0.000000,0.000000
1767638505.450816,4.452964,1.000039,0.000000,0.000000
1767638505.470819,4.452964,1.000039,0.000000,0.000000
1767638505.490805,4.452964,1.000039,0.000000,0.000000
1767638505.510817,4.452964,1.000039,0.000000,0.000000
1767638505.530841,4.452964,1.000039,0.000000,0.000000
1767638505.550854,4.452964,1.000039,0.000000,0.000000
1767638505.570843,4.452964,1.000039,0.000000,0.000000
1767638505.590797,4.452964,1.000039,0.000000,0.000000
1767638505.610806,4.452964,1.000039,0.000000,0.000000
1767638505.630869,4.452964,1.000039,0.000000,0.000000
1767638505.650876,4.452964,1.000039,0.000000,0.000000
1767638505.670842,4.452964,1.000039,0.000000,0.000000
1767638505.690888,4.452964,1.000039,0.000000,0.000000
1767638505.710852,4.452964,1.000039,0.000000,0.000000
1767638505.730975,4.452964,1.000039,0.000000,0.000000
1767638505.750906,4.452964,1.000039,0.000000,0.000000
1767638505.770839,4.452964,1.000039,0.000000,0.000000
1767638505.790846,4.452964,1.000039,0.000000,0.000000
1767638505.810923,4.452964,1.000039,0.000000,0.000000
1767638505.830887,4.452964,1.000039,0.000000,0.000000
1767638505.850888,4.452964,1.000039,0.000000,0.000000
1767638505.870877,4.452964,1.000039,0.000000,0.000000
1767638505.890882,4.452964,1.000039,0.000000,0.000000
1767638505.910806,4.452964,1.000039,0.000000,0.000000
1767638505.930812,4.452964,1.000039,0.000000,0.000000
1767638505.950897,4.452964,1.000039,0.000000,0.000000
1767638505.970832,4.452964,1.000039,0.000000,0.000000
1767638505.990993,4.452964,1.000039,0.000000,0.000000
1767638506.010839,4.452964,1.000039,0.000000,0.000000
1767638506.030861,4.452964,1.000039,0.000000,0.000000
1767638506.050823,4.452964,1.000039,0.000000,0.000000
1767638506.070837,4.452964,1.000039,0.000000,0.000000
1767638506.090888,4.452964,1.000039,0.000000,0.000000
1767638506.110817,4.452964,1.000039,0.000000,0.000000
1767638506.130823,4.452964,1.000039,0.000000,0.000000
1767638506.150847,4.452964,1.000039,0.000000,0.000000
1767638506.170862,4.452964,1.000039,0.000000,0.000000
1767638506.190846,4.452964,1.000039,0.000000,0.000000
1767638506.210945,4.452964,1.000039,0.000000,0.000000
1767638506.230916,4.452964,1.000039,0.000000,0.000000
1767638506.250849,4.452964,1.000039,0.000000,0.000000
1767638506.270789,4.452964,1.000039,0.000000,0.000000
1767638506.290807,4.452964,1.000039,0.000000,0.000000
1767638506.310812,4.452964,1.000039,0.000000,0.000000
1767638506.330879,4.452964,1.000039,0.000000,0.000000
1767638506.350791,4.452964,1.000039,0.000000,0.000000
1767638506.370733,4.452964,1.000039,0.000000,0.000000
1767638506.390927,4.452964,1.000039,0.000000,0.000000
1767638506.410910,4.452964,1.000039,0.000000,0.000000
1767638506.430985,4.452964,1.000039,0.000000,0.000000
1767638506.450838,4.452964,1.000039,0.000000,0.000000
1767638506.470972,4.452964,1.000039,0.000000,0.000000
1767638506.490973,4.452964,1.000039,0.000000,0.000000
1767638506.510901,4.452964,1.000039,0.000000,0.000000
1767638506.530908,4.452964,1.000039,0.000000,0.000000
1767638506.550909,4.452964,1.000039,0.000000,0.000000
1767638506.570960,4.452964,1.000039,0.000000,0.000000
1767638506.590953,4.452964,1.000039,0.000000,0.000000
1767638506.611041,4.452964,1.000039,0.000000,0.000000
1767638506.630856,4.452964,1.000039,0.000000,0.000000
1767638506.650780,4.452964,1.000039,0.000000,0.000000
1767638506.670857,4.452964,1.000039,0.000000,0.000000
1767638506.690960,4.452964,1.000039,0.000000,0.000000
1767638506.710855,4.452964,1.000039,0.000000,0.000000
1767638506.730977,4.452964,1.000039,0.000000,0.000000
1767638506.750859,4.452964,1.000039,0.000000,0.000000
1767638506.770887,4.452964,1.000039,0.000000,0.000000
1767638506.790848,4.452964,1.000039,0.000000,0.000000
1767638506.810963,4.452964,1.000039,0.000000,0.000000
1767638506.830790,4.452964,1.000039,0.000000,0.000000
1767638506.850887,4.452964,1.000039,0.000000,0.000000
1767638506.870909,4.452964,1.000039,0.000000,0.000000
1767638506.890863,4.452964,1.000039,0.000000,0.000000
1767638506.910885,4.452964,1.000039,0.000000,0.000000
1767638506.930843,4.452964,1.000039,0.000000,0.000000
1767638506.950881,4.452964,1.000039,0.000000,0.000000
1767638506.970801,4.452964,1.000039,0.000000,0.000000
1767638506.990892,4.452964,1.000039,0.000000,0.000000
1767638507.010977,4.452964,1.000039,0.000000,0.000000
1767638507.030961,4.452964,1.000039,0.000000,0.000000
1767638507.050953,4.452964,1.000039,0.000000,0.000000
1767638507.070779,4.452964,1.000039,0.000000,0.000000
1767638507.090847,4.452964,1.000039,0.000000,0.000000
1767638507.110963,4.452964,1.000039,0.000000,0.000000
1767638507.130971,4.452964,1.000039,0.000000,0.000000
1767638507.150944,4.452964,1.000039,0.000000,0.000000
1767638507.170876,4.452964,1.000039,0.000000,0.000000
1767638507.190882,4.452964,1.000039,0.000000,0.000000
1767638507.210854,4.452964,1.000039,0.000000,0.000000
1767638507.230843,4.452964,1.000039,0.000000,0.000000
1767638507.250978,4.452964,1.000039,0.000000,0.000000
1767638507.270962,4.452964,1.000039,0.000000,0.000000
1767638507.290879,4.452964,1.000039,0.000000,0.000000
1767638507.310861,4.452964,1.000039,0.000000,0.000000
1767638507.330950,4.452964,1.000039,0.000000,0.000000
1767638507.350947,4.452964,1.000039,0.000000,0.000000
1767638507.370905,4.452964,1.000039,0.000000,0.000000
1767638507.390906,4.452964,1.000039,0.000000,0.000000
1767638507.410962,4.452964,1.000039,0.000000,0.000000
1767638507.430953,4.452964,1.000039,0.000000,0.000000
1767638507.450929,4.452964,1.000039,0.000000,0.000000
1767638507.470945,4.452964,1.000039,0.000000,0.000000
1767638507.490942,4.452964,1.000039,0.000000,0.000000
1767638507.510964,4.452964,1.000039,0.000000,0.000000
1767638507.530960,4.452964,1.000039,0.000000,0.000000
1767638507.550971,4.452964,1.000039,0.000000,0.000000
1767638507.570865,4.452964,1.000039,0.000000,0.000000
1767638507.590849,4.452964,1.000039,0.000000,0.000000
1767638507.610829,4.452964,1.000039,0.000000,0.000000
1767638507.630798,4.452964,1.000039,0.000000,0.000000
1767638507.650941,4.452964,1.000039,0.000000,0.000000
1767638507.670949,4.452964,1.000039,0.000000,0.000000
1767638507.690956,4.452964,1.000039,0.000000,0.000000
1767638507.710974,4.452964,1.000039,0.000000,0.000000
1767638507.730924,4.452964,1.000039,0.000000,0.000000
1767638507.750888,4.452964,1.000039,0.000000,0.000000
1767638507.770839,4.452964,1.000039,0.000000,0.000000
1767638507.790955,4.452964,1.000039,0.000000,0.000000
1767638507.810895,4.452964,1.000039,0.000000,0.000000
1767638507.830933,4.452964,1.000039,0.000000,0.000000
1767638507.850926,4.452964,1.000039,0.000000,0.000000
1767638507.870954,4.452964,1.000039,0.000000,0.000000
1767638507.890966,4.452964,1.000039,0.000000,0.000000
1767638507.911093,4.452964,1.000039,0.000000,0.000000
1767638507.930954,4.452964,1.000039,0.000000,0.000000
1767638507.950995,4.452964,1.000039,0.000000,0.000000
1767638507.970907,4.452964,1.000039,0.000000,0.000000
1767638507.990769,4.452964,1.000039,0.000000,0.000000
1767638508.010918,4.452964,1.000039,0.000000,0.000000
1767638508.030866,4.452964,1.000039,0.000000,0.000000
1767638508.050817,4.452964,1.000039,0.000000,0.000000
1767638508.070784,4.452964,1.000039,0.000000,0.000000
1767638508.090790,4.452964,1.000039,0.000000,0.000000
1767638508.110789,4.452964,1.000039,0.000000,0.000000
1767638508.130718,4.452964,1.000039,0.000000,0.000000
1767638508.150768,4.452964,1.000039,0.000000,0.000000
1767638508.170801,4.452964,1.000039,0.000000,0.000000
1767638508.190870,4.452964,1.000039,0.000000,0.000000
1767638508.210953,4.452964,1.000039,0.000000,0.000000
1767638508.230851,4.452964,1.000039,0.000000,0.000000
1767638508.250865,4.452964,1.000039,0.000000,0.000000
1767638508.270825,4.452964,1.000039,0.000000,0.000000
1767638508.290838,4.452964,1.000039,0.000000,0.000000
1767638508.310868,4.452964,1.000039,0.000000,0.000000
1767638508.330787,4.452964,1.000039,0.000000,0.000000
1767638508.350841,4.452964,1.000039,0.000000,0.000000
1767638508.370800,4.452964,1.000039,0.000000,0.000000
1767638508.390902,4.452964,1.000039,0.000000,0.000000
1767638508.410851,4.452964,1.000039,0.000000,0.000000
1767638508.430776,4.452964,1.000039,0.000000,0.000000
1767638508.450943,4.452964,1.000039,0.000000,0.000000
1767638508.470889,4.452964,1.000039,0.000000,0.000000
1767638508.490977,4.452964,1.000039,0.000000,0.000000
1767638508.510822,4.452964,1.000039,0.000000,0.000000
1767638508.530922,4.452964,1.000039,0.000000,0.000000
1767638508.551002,4.452964,1.000039,0.000000,0.000000
1767638508.570990,4.452964,1.000039,0.000000,0.000000
1767638508.590949,4.452964,1.000039,0.000000,0.000000
1767638508.610841,4.452964,1.000039,0.000000,0.000000
1767638508.630937,4.452964,1.000039,0.000000,0.000000
1767638508.650876,4.452964,1.000039,0.000000,0.000000
1767638508.670892,4.452964,1.000039,0.000000,0.000000
1767638508.690939,4.452964,1.000039,0.000000,0.000000
1767638508.710902,4.452964,1.000039,0.000000,0.000000
1767638508.730986,4.452964,1.000039,0.000000,0.000000
1767638508.750870,4.452964,1.000039,0.000000,0.000000
1767638508.770825,4.452964,1.000039,0.000000,0.000000
1767638508.790797,4.452964,1.000039,0.000000,0.000000
1767638508.810968,4.452964,1.000039,0.000000,0.000000
1767638508.830912,4.452964,1.000039,0.000000,0.000000
1767638508.851013,4.452964,1.000039,0.000000,0.000000
1767638508.870872,4.452964,1.000039,0.000000,0.000000
1767638508.890936,4.452964,1.000039,0.000000,0.000000
1767638508.910828,4.452964,1.000039,0.000000,0.000000
1767638508.930923,4.452964,1.000039,0.000000,0.000000
1767638508.950810,4.452964,1.000039,0.000000,0.000000
1767638508.970843,4.452964,1.000039,0.000000,0.000000
1767638508.990916,4.452964,1.000039,0.000000,0.000000
1767638509.010843,4.452964,1.000039,0.000000,0.000000
1767638509.030843,4.452964,1.000039,0.000000,0.000000
1767638509.050819,4.452964,1.000039,0.000000,0.000000
1767638509.070845,4.452964,1.000039,0.000000,0.000000
1767638509.090771,4.452964,1.000039,0.000000,0.000000
1767638509.110838,4.452964,1.000039,0.000000,0.000000
1767638509.130843,4.452964,1.000039,0.000000,0.000000
1767638509.150854,4.452964,1.000039,0.000000,0.000000
1767638509.170787,4.452964,1.000039,0.000000,0.000000
1767638509.190908,4.452964,1.000039,0.000000,0.000000
1767638509.210844,4.452964,1.000039,0.000000,0.000000
1767638509.231064,4.452964,1.000039,0.000000,0.000000
1767638509.250984,4.452964,1.000039,0.000000,0.000000
1767638509.270747,4.452964,1.000039,0.000000,0.000000
1767638509.290871,4.452964,1.000039,0.000000,0.000000
1767638509.310842,4.452964,1.000039,0.000000,0.000000
1767638509.330876,4.452964,1.000039,0.000000,0.000000
1767638509.350849,4.452964,1.000039,0.000000,0.000000
1767638509.370926,4.452964,1.000039,0.000000,0.000000
1767638509.390882,4.452964,1.000039,0.000000,0.000000
1767638509.410859,4.452964,1.000039,0.000000,0.000000
1767638509.430944,4.452964,1.000039,0.000000,0.000000
1767638509.450945,4.452964,1.000039,0.000000,0.000000
1767638509.470963,4.452964,1.000039,0.000000,0.000000
1767638509.490971,4.452964,1.000039,0.000000,0.000000
1767638509.510912,4.452964,1.000039,0.000000,0.000000
1767638509.530941,4.452964,1.000039,0.000000,0.000000
1767638509.550942,4.452964,1.000039,0.000000,0.000000
1767638509.570830,4.452964,1.000039,0.000000,0.000000
1767638509.590833,4.452964,1.000039,0.000000,0.000000
1767638509.610843,4.452964,1.000039,0.000000,0.000000
1767638509.630859,4.452964,1.000039,0.000000,0.000000
1767638509.650919,4.452964,1.000039,0.000000,0.000000
1767638509.670899,4.452964,1.000039,0.000000,0.000000
1767638509.690867,4.452964,1.000039,0.000000,0.000000
1767638509.710888,4.452964,1.000039,0.000000,0.000000
1767638509.730810,4.452964,1.000039,0.000000,0.000000
1767638509.750878,4.452964,1.000039,0.000000,0.000000
1767638509.770827,4.452964,1.000039,0.000000,0.000000
1767638509.790829,4.452964,1.000039,0.000000,0.000000
1767638509.810825,4.452964,1.000039,0.000000,0.000000
1767638509.830797,4.452964,1.000039,0.000000,0.000000
1767638509.850981,4.452964,1.000039,0.000000,0.000000
1767638509.870899,4.452964,1.000039,0.000000,0.000000
1767638509.890857,4.452964,1.000039,0.000000,0.000000
1767638509.910874,4.452964,1.000039,0.000000,0.000000
1767638509.930839,4.452964,1.000039,0.000000,0.000000
1767638509.950788,4.452964,1.000039,0.000000,0.000000
1767638509.970675,4.452964,1.000039,0.000000,0.000000
1767638509.990746,4.452964,1.000039,0.000000,0.000000
1767638510.010767,4.452964,1.000039,0.000000,0.000000
1767638510.030862,4.452964,1.000039,0.000000,0.000000
1767638510.050929,4.452964,1.000039,0.000000,0.000000
1767638510.070868,4.452964,1.000039,0.000000,0.000000
1767638510.090874,4.452964,1.000039,0.000000,0.000000
1767638510.110892,4.452964,1.000039,0.000000,0.000000
1767638510.130770,4.452964,1.000039,0.000000,0.000000
1767638510.150922,4.452964,1.000039,0.000000,0.000000
1767638510.170898,4.452964,1.000039,0.000000,0.000000
1767638510.190856,4.452964,1.000039,0.000000,0.000000
1767638510.210928,4.452964,1.000039,0.000000,0.000000
1767638510.230875,4.452964,1.000039,0.000000,0.000000
1767638510.250839,4.452964,1.000039,0.000000,0.000000
1767638510.270835,4.452964,1.000039,0.000000,0.000000
1767638510.290871,4.452964,1.000039,0.000000,0.000000
1767638510.310933,4.452964,1.000039,0.000000,0.000000
1767638510.330931,4.452964,1.000039,0.000000,0.000000
1767638510.350908,4.452964,1.000039,0.000000,0.000000
1767638510.370872,4.452964,1.000039,0.000000,0.000000
1767638510.390868,4.452964,1.000039,0.000000,0.000000
1767638510.410770,4.452964,1.000039,0.000000,0.000000
1767638510.430849,4.452964,1.000039,0.000000,0.000000
1767638510.450886,4.452964,1.000039,0.000000,0.000000
1767638510.470853,4.452964,1.000039,0.000000,0.000000
1767638510.490917,4.452964,1.000039,0.000000,0.000000
1767638510.510834,4.452964,1.000039,0.000000,0.000000
1767638510.530870,4.452964,1.000039,0.000000,0.000000
1767638510.550853,4.452964,1.000039,0.000000,0.000000
1767638510.570855,4.452964,1.000039,0.000000,0.000000
1767638510.590864,4.452964,1.000039,0.000000,0.000000
1767638510.610815,4.452964,1.000039,0.000000,0.000000
1767638510.630813,4.452964,1.000039,0.000000,0.000000
1767638510.650876,4.452964,1.000039,0.000000,0.000000
1767638510.670828,4.452964,1.000039,0.000000,0.000000
1767638510.690894,4.452964,1.000039,0.000000,0.000000
1767638510.710838,4.452964,1.000039,0.000000,0.000000
1767638510.730891,4.452964,1.000039,0.000000,0.000000
1767638510.750806,4.452964,1.000039,0.000000,0.000000
1767638510.770825,4.452964,1.000039,0.000000,0.000000
1767638510.790864,4.452964,1.000039,0.000000,0.000000
1767638510.810838,4.452964,1.000039,0.000000,0.000000
1767638510.830806,4.452964,1.000039,0.000000,0.000000
1767638510.850825,4.452964,1.000039,0.000000,0.000000
1767638510.870824,4.452964,1.000039,0.000000,0.000000
1767638510.890812,4.452964,1.000039,0.000000,0.000000
1767638510.910917,4.452964,1.000039,0.000000,0.000000
1767638510.930897,4.452964,1.000039,0.000000,0.000000
1767638510.950921,4.452964,1.000039,0.000000,0.000000
1767638510.970794,4.452964,1.000039,0.000000,0.000000
1767638510.990800,4.452964,1.000039,0.000000,0.000000
1767638511.010859,4.452964,1.000039,0.000000,0.000000
1767638511.030837,4.452964,1.000039,0.000000,0.000000
1767638511.050841,4.452964,1.000039,0.000000,0.000000
1767638511.070840,4.452964,1.000039,0.000000,0.000000
1767638511.090829,4.452964,1.000039,0.000000,0.000000
1767638511.110806,4.452964,1.000039,0.000000,0.000000
1767638511.130858,4.452964,1.000039,0.000000,0.000000
1767638511.150831,4.452964,1.000039,0.000000,0.000000
1767638511.170836,4.452964,1.000039,0.000000,0.000000
1767638511.190825,4.452964,1.000039,0.000000,0.000000
1767638511.210830,4.452964,1.000039,0.000000,0.000000
1767638511.230899,4.452964,1.000039,0.000000,0.000000
1767638511.250838,4.452964,1.000039,0.000000,0.000000
1767638511.270926,4.452964,1.000039,0.000000,0.000000
1767638511.290852,4.452964,1.000039,0.000000,0.000000
1767638511.310873,4.452964,1.000039,0.000000,0.000000
1767638511.330863,4.452964,1.000039,0.000000,0.000000
1767638511.350735,4.452964,1.000039,0.000000,0.000000
1767638511.370860,4.452964,1.000039,0.000000,0.000000
1767638511.390869,4.452964,1.000039,0.000000,0.000000
1767638511.410788,4.452964,1.000039,0.000000,0.000000
1767638511.430858,4.452964,1.000039,0.000000,0.000000
1767638511.450754,4.452964,1.000039,0.000000,0.000000
1767638511.470754,4.452964,1.000039,0.000000,0.000000
1767638511.490852,4.452964,1.000039,0.000000,0.000000
1767638511.510870,4.452964,1.000039,0.000000,0.000000
1767638511.530863,4.452964,1.000039,0.000000,0.000000
1767638511.550880,4.452964,1.000039,0.000000,0.000000
1767638511.570855,4.452964,1.000039,0.000000,0.000000
1767638511.590903,4.452964,1.000039,0.000000,0.000000
1767638511.610866,4.452964,1.000039,0.000000,0.000000
1767638511.630840,4.452964,1.000039,0.000000,0.000000
1767638511.650864,4.452964,1.000039,0.000000,0.000000
1767638511.670894,4.452964,1.000039,0.000000,0.000000
1767638511.690843,4.452964,1.000039,0.000000,0.000000
1767638511.710859,4.452964,1.000039,0.000000,0.000000
1767638511.730792,4.452964,1.000039,0.000000,0.000000
1767638511.750872,4.452964,1.000039,0.000000,0.000000
1767638511.770879,4.452964,1.000039,0.000000,0.000000
1767638511.790892,4.452964,1.000039,0.000000,0.000000
1767638511.810871,4.452964,1.000039,0.000000,0.000000
1767638511.830817,4.452964,1.000039,0.000000,0.000000
1767638511.850871,4.452964,1.000039,0.000000,0.000000
1767638511.870920,4.452964,1.000039,0.000000,0.000000
1767638511.890898,4.452964,1.000039,0.000000,0.000000
1767638511.910900,4.452964,1.000039,0.000000,0.000000
1767638511.930867,4.452964,1.000039,0.000000,0.000000
1767638511.950899,4.452964,1.000039,0.000000,0.000000
1767638511.970971,4.452964,1.000039,0.000000,0.000000
1767638511.990810,4.452964,1.000039,0.000000,0.000000
1767638512.010928,4.452964,1.000039,0.000000,0.000000
1767638512.030943,4.452964,1.000039,0.000000,0.000000
1767638512.050997,4.452964,1.000039,0.000000,0.000000
1767638512.070889,4.452964,1.000039,0.000000,0.000000
1767638512.090889,4.452964,1.000039,0.000000,0.000000
1767638512.110903,4.452964,1.000039,0.000000,0.000000
1767638512.130872,4.452964,1.000039,0.000000,0.000000
1767638512.150920,4.452964,1.000039,0.000000,0.000000
1767638512.170951,4.452964,1.000039,0.000000,0.000000
1767638512.190908,4.452964,1.000039,0.000000,0.000000
1767638512.210867,4.452964,1.000039,0.000000,0.000000
1767638512.230798,4.452964,1.000039,0.000000,0.000000
1767638512.250900,4.452964,1.000039,0.000000,0.000000
1767638512.270868,4.452964,1.000039,0.000000,0.000000
1767638512.290957,4.452964,1.000039,0.000000,0.000000
1767638512.310830,4.452964,1.000039,0.000000,0.000000
1767638512.330909,4.452964,1.000039,0.000000,0.000000
1767638512.350906,4.452964,1.000039,0.000000,0.000000
1767638512.370903,4.452964,1.000039,0.000000,0.000000
1767638512.390927,4.452964,1.000039,0.000000,0.000000
1767638512.410950,4.452964,1.000039,0.000000,0.000000
1767638512.430808,4.452964,1.000039,0.000000,0.000000
1767638512.450892,4.452964,1.000039,0.000000,0.000000
1767638512.470873,4.452964,1.000039,0.000000,0.000000
1767638512.490843,4.452964,1.000039,0.000000,0.000000
1767638512.510876,4.452964,1.000039,0.000000,0.000000
1767638512.530833,4.452964,1.000039,0.000000,0.000000
1767638512.550894,4.452964,1.000039,0.000000,0.000000
1767638512.570910,4.452964,1.000039,0.000000,0.000000
1767638512.590839,4.452964,1.000039,0.000000,0.000000
1767638512.610838,4.452964,1.000039,0.000000,0.000000
1767638512.630991,4.452964,1.000039,0.000000,0.000000
1767638512.650868,4.452964,1.000039,0.000000,0.000000
1767638512.670965,4.452964,1.000039,0.000000,0.000000
1767638512.690899,4.452964,1.000039,0.000000,0.000000
1767638512.710863,4.452964,1.000039,0.000000,0.000000
1767638512.730923,4.452964,1.000039,0.000000,0.000000
1767638512.750984,4.452964,1.000039,0.000000,0.000000
1767638512.770853,4.452964,1.000039,0.000000,0.000000
1767638512.790828,4.452964,1.000039,0.000000,0.000000
1767638512.810857,4.452964,1.000039,0.000000,0.000000
1767638512.830883,4.452964,1.000039,0.000000,0.000000
1767638512.850921,4.452964,1.000039,0.000000,0.000000
1767638512.870909,4.452964,1.000039,0.000000,0.000000
1767638512.890910,4.452964,1.000039,0.000000,0.000000
1767638512.910800,4.452964,1.000039,0.000000,0.000000
1767638512.930899,4.452964,1.000039,0.000000,0.000000
1767638512.950983,4.452964,1.000039,0.000000,0.000000
1767638512.970788,4.452964,1.000039,0.000000,0.000000
1767638512.990934,4.452964,1.000039,0.000000,0.000000
1767638513.010949,4.452964,1.000039,0.000000,0.000000
1767638513.030881,4.452964,1.000039,0.000000,0.000000
1767638513.050929,4.452964,1.000039,0.000000,0.000000
1767638513.070979,4.452964,1.000039,0.000000,0.000000
1767638513.090962,4.452964,1.000039,0.000000,0.000000
1767638513.110925,4.452964,1.000039,0.000000,0.000000
1767638513.130900,4.452964,1.000039,0.000000,0.000000
1767638513.151011,4.452964,1.000039,0.000000,0.000000
1767638513.170937,4.452964,1.000039,0.000000,0.000000
1767638513.190962,4.452964,1.000039,0.000000,0.000000
1767638513.210949,4.452964,1.000039,0.000000,0.000000
1767638513.230795,4.452964,1.000039,0.000000,0.000000
1767638513.250933,4.452964,1.000039,0.000000,0.000000
1767638513.270955,4.452964,1.000039,0.000000,0.000000
1767638513.290880,4.452964,1.000039,0.000000,0.000000
1767638513.310910,4.452964,1.000039,0.000000,0.000000
1767638513.331022,4.452964,1.000039,0.000000,0.000000
1767638513.350915,4.452964,1.000039,0.000000,0.000000
1767638513.370810,4.452964,1.000039,0.000000,0.000000
1767638513.390824,4.452964,1.000039,0.000000,0.000000
1767638513.410859,4.452964,1.000039,0.000000,0.000000
1767638513.430884,4.452964,1.000039,0.000000,0.000000
1767638513.450893,4.452964,1.000039,0.000000,0.000000
1767638513.470794,4.452964,1.000039,0.000000,0.000000
1767638513.490897,4.452964,1.000039,0.000000,0.000000
1767638513.510906,4.452964,1.000039,0.000000,0.000000
1767638513.530957,4.452964,1.000039,0.000000,0.000000
1767638513.550894,4.452964,1.000039,0.000000,0.000000
1767638513.570917,4.452964,1.000039,0.000000,0.000000
1767638513.590945,4.452964,1.000039,0.000000,0.000000
1767638513.610847,4.452964,1.000039,0.000000,0.000000
1767638513.630813,4.452964,1.000039,0.000000,0.000000
1767638513.650779,4.452964,1.000039,0.000000,0.000000
1767638513.670834,4.452964,1.000039,0.000000,0.000000
1767638513.690967,4.452964,1.000039,0.000000,0.000000
1767638513.710799,4.452964,1.000039,0.000000,0.000000
1767638513.730864,4.452964,1.000039,0.000000,0.000000
1767638513.750902,4.452964,1.000039,0.000000,0.000000
1767638513.770866,4.452964,1.000039,0.000000,0.000000
1767638513.790798,4.452964,1.000039,0.000000,0.000000
1767638513.810862,4.452964,1.000039,0.000000,0.000000
1767638513.830962,4.452964,1.000039,0.000000,0.000000
1767638513.850920,4.452964,1.000039,0.000000,0.000000
1767638513.870866,4.452964,1.000039,0.000000,0.000000
1767638513.890934,4.452964,1.000039,0.000000,0.000000
1767638513.910798,4.452964,1.000039,0.000000,0.000000
1767638513.930845,4.452964,1.000039,0.000000,0.000000
1767638513.950890,4.452964,1.000039,0.000000,0.000000
1767638513.970878,4.452964,1.000039,0.000000,0.000000
1767638513.990828,4.452964,1.000039,0.000000,0.000000
1767638514.010952,4.452964,1.000039,0.000000,0.000000
1767638514.030936,4.452964,1.000039,0.000000,0.000000
1767638514.050832,4.452964,1.000039,0.000000,0.000000
1767638514.070872,4.452964,1.000039,0.000000,0.000000
1767638514.090958,4.452964,1.000039,0.000000,0.000000
1767638514.110858,4.452964,1.000039,0.000000,0.000000
1767638514.130938,4.452964,1.000039,0.000000,0.000000
1767638514.150974,4.452964,1.000039,0.000000,0.000000
1767638514.170819,4.452964,1.000039,0.000000,0.000000
1767638514.190855,4.452964,1.000039,0.000000,0.000000
1767638514.211014,4.452964,1.000039,0.000000,0.000000
1767638514.230926,4.452964,1.000039,0.000000,0.000000
1767638514.251036,4.452964,1.000039,0.000000,0.000000
1767638514.270918,4.452964,1.000039,0.000000,0.000000
1767638514.290826,4.452964,1.000039,0.000000,0.000000
1767638514.310887,4.452964,1.000039,0.000000,0.000000
1767638514.331012,4.452964,1.000039,0.000000,0.000000
1767638514.350947,4.452964,1.000039,0.000000,0.000000
1767638514.371009,4.452964,1.000039,0.000000,0.000000
1767638514.390895,4.452964,1.000039,0.000000,0.000000
1767638514.410962,4.452964,1.000039,0.000000,0.000000
1767638514.430855,4.452964,1.000039,0.000000,0.000000
1767638514.450864,4.452964,1.000039,0.000000,0.000000
1767638514.470906,4.452964,1.000039,0.000000,0.000000
1767638514.491053,4.452964,1.000039,0.000000,0.000000
1767638514.510978,4.452964,1.000039,0.000000,0.000000
1767638514.531005,4.452964,1.000039,0.000000,0.000000
1767638514.550953,4.452964,1.000039,0.000000,0.000000
1767638514.570859,4.452964,1.000039,0.000000,0.000000
1767638514.590752,4.452964,1.000039,0.000000,0.000000
1767638514.610843,4.452964,1.000039,0.000000,0.000000
1767638514.630882,4.452964,1.000039,0.000000,0.000000
1767638514.650998,4.452964,1.000039,0.000000,0.000000
1767638514.670861,4.452964,1.000039,0.000000,0.000000
1767638514.690840,4.452964,1.000039,0.000000,0.000000
1767638514.710852,4.452964,1.000039,0.000000,0.000000
1767638514.730928,4.452964,1.000039,0.000000,0.000000
1767638514.750834,4.452964,1.000039,0.000000,0.000000
1767638514.770779,4.452964,1.000039,0.000000,0.000000
1767638514.790849,4.452964,1.000039,0.000000,0.000000
1767638514.810818,4.452964,1.000039,0.000000,0.000000
1767638514.830812,4.452964,1.000039,0.000000,0.000000
1767638514.850870,4.452964,1.000039,0.000000,0.000000
1767638514.870815,4.452964,1.000039,0.000000,0.000000
1767638514.890882,4.452964,1.000039,0.000000,0.000000
1767638514.910822,4.452964,1.000039,0.000000,0.000000
1767638514.930770,4.452964,1.000039,0.000000,0.000000
1767638514.950812,4.452964,1.000039,0.000000,0.000000
1767638514.970832,4.452964,1.000039,0.000000,0.000000
1767638514.991003,4.452964,1.000039,0.000000,0.000000
1767638515.010856,4.452964,1.000039,0.000000,0.000000
1767638515.030877,4.452964,1.000039,0.000000,0.000000
1767638515.050838,4.452964,1.000039,0.000000,0.000000
1767638515.070822,4.452964,1.000039,0.000000,0.000000
1767638515.090939,4.452964,1.000039,0.000000,0.000000
1767638515.110848,4.452964,1.000039,0.000000,0.000000
1767638515.130930,4.452964,1.000039,0.000000,0.000000
1767638515.150822,4.452964,1.000039,0.000000,0.000000
1767638515.170898,4.452964,1.000039,0.000000,0.000000
1767638515.190877,4.452964,1.000039,0.000000,0.000000
1767638515.210961,4.452964,1.000039,0.000000,0.000000
1767638515.230856,4.452964,1.000039,0.000000,0.000000
1767638515.250870,4.452964,1.000039,0.000000,0.000000
1767638515.270866,4.452964,1.000039,0.000000,0.000000
1767638515.290860,4.452964,1.000039,0.000000,0.000000
1767638515.310847,4.452964,1.000039,0.000000,0.000000
1767638515.330839,4.452964,1.000039,0.000000,0.000000
1767638515.350895,4.452964,1.000039,0.000000,0.000000
1767638515.370885,4.452964,1.000039,0.000000,0.000000
1767638515.390881,4.452964,1.000039,0.000000,0.000000
1767638515.410981,4.452964,1.000039,0.000000,0.000000
1767638515.430833,4.452964,1.000039,0.000000,0.000000
1767638515.450854,4.452964,1.000039,0.000000,0.000000
1767638515.470804,4.452964,1.000039,0.000000,0.000000
1767638515.490924,4.452964,1.000039,0.000000,0.000000
1767638515.510931,4.452964,1.000039,0.000000,0.000000
1767638515.531002,4.452964,1.000039,0.000000,0.000000
1767638515.550952,4.452964,1.000039,0.000000,0.000000
1767638515.570939,4.452964,1.000039,0.000000,0.000000
1767638515.590864,4.452964,1.000039,0.000000,0.000000
1767638515.610886,4.452964,1.000039,0.000000,0.000000
1767638515.630889,4.452964,1.000039,0.000000,0.000000
1767638515.651047,4.452964,1.000039,0.000000,0.000000
1767638515.670844,4.452964,1.000039,0.000000,0.000000
1767638515.690886,4.452964,1.000039,0.000000,0.000000
1767638515.710804,4.452964,1.000039,0.000000,0.000000
1767638515.730903,4.452964,1.000039,0.000000,0.000000
1767638515.750900,4.452964,1.000039,0.000000,0.000000
1767638515.770864,4.452964,1.000039,0.000000,0.000000
1767638515.790832,4.452964,1.000039,0.000000,0.000000
1767638515.810798,4.452964,1.000039,0.000000,0.000000
1767638515.830928,4.452964,1.000039,0.000000,0.000000
1767638515.850871,4.452964,1.000039,0.000000,0.000000
1767638515.870911,4.452964,1.000039,0.000000,0.000000
1767638515.890882,4.452964,1.000039,0.000000,0.000000
1767638515.910871,4.452964,1.000039,0.000000,0.000000
1767638515.930866,4.452964,1.000039,0.000000,0.000000
1767638515.950820,4.452964,1.000039,0.000000,0.000000
1767638515.970810,4.452964,1.000039,0.000000,0.000000
1767638515.990825,4.452964,1.000039,0.000000,0.000000
1767638516.010882,4.452964,1.000039,0.000000,0.000000
1767638516.030975,4.452964,1.000039,0.000000,0.000000
1767638516.050834,4.452964,1.000039,0.000000,0.000000
1767638516.070833,4.452964,1.000039,0.000000,0.000000
1767638516.090957,4.452964,1.000039,0.000000,0.000000
1767638516.110941,4.452964,1.000039,0.000000,0.000000
1767638516.130892,4.452964,1.000039,0.000000,0.000000
1767638516.150817,4.452964,1.000039,0.000000,0.000000
1767638516.170897,4.452964,1.000039,0.000000,0.000000
1767638516.190850,4.452964,1.000039,0.000000,0.000000
1767638516.210900,4.452964,1.000039,0.000000,0.000000
1767638516.230857,4.452964,1.000039,0.000000,0.000000
1767638516.250928,4.452964,1.000039,0.000000,0.000000
1767638516.270872,4.452964,1.000039,0.000000,0.000000
1767638516.290941,4.452964,1.000039,0.000000,0.000000
1767638516.310933,4.452964,1.000039,0.000000,0.000000
1767638516.330951,4.452964,1.000039,0.000000,0.000000
1767638516.351067,4.452964,1.000039,0.000000,0.000000
1767638516.370990,4.452964,1.000039,0.000000,0.000000
1767638516.390972,4.452964,1.000039,0.000000,0.000000
1767638516.410862,4.452964,1.000039,0.000000,0.000000
1767638516.430828,4.452964,1.000039,0.000000,0.000000
1767638516.450843,4.452964,1.000039,0.000000,0.000000
1767638516.470833,4.452964,1.000039,0.000000,0.000000
1767638516.490845,4.452964,1.000039,0.000000,0.000000
1767638516.510796,4.452964,1.000039,0.000000,0.000000
1767638516.530830,4.452964,1.000039,0.000000,0.000000
1767638516.550894,4.452964,1.000039,0.000000,0.000000
1767638516.570901,4.452964,1.000039,0.000000,0.000000
1767638516.590804,4.452964,1.000039,0.000000,0.000000
1767638516.610902,4.452964,1.000039,0.000000,0.000000
1767638516.630844,4.452964,1.000039,0.000000,0.000000
1767638516.650913,4.452964,1.000039,0.000000,0.000000
1767638516.670884,4.452964,1.000039,0.000000,0.000000
1767638516.690831,4.452964,1.000039,0.000000,0.000000
1767638516.710865,4.452964,1.000039,0.000000,0.000000
1767638516.730851,4.452964,1.000039,0.000000,0.000000
1767638516.750834,4.452964,1.000039,0.000000,0.000000
1767638516.770888,4.452964,1.000039,0.000000,0.000000
1767638516.790873,4.452964,1.000039,0.000000,0.000000
1767638516.810894,4.452964,1.000039,0.000000,0.000000
1767638516.830855,4.452964,1.000039,0.000000,0.000000
1767638516.850889,4.452964,1.000039,0.000000,0.000000
1767638516.870887,4.452964,1.000039,0.000000,0.000000
1767638516.890887,4.452964,1.000039,0.000000,0.000000
1767638516.910826,4.452964,1.000039,0.000000,0.000000
1767638516.930864,4.452964,1.000039,0.000000,0.000000
1767638516.950852,4.452964,1.000039,0.000000,0.000000
1767638516.970946,4.452964,1.000039,0.000000,0.000000
1767638516.990969,4.452964,1.000039,0.000000,0.000000
1767638517.010956,4.452964,1.000039,0.000000,0.000000
1767638517.030794,4.452964,1.000039,0.000000,0.000000
1767638517.050868,4.452964,1.000039,0.000000,0.000000
1767638517.070879,4.452964,1.000039,0.000000,0.000000
1767638517.090936,4.452964,1.000039,0.000000,0.000000
1767638517.110877,4.452964,1.000039,0.000000,0.000000
1767638517.130853,4.452964,1.000039,0.000000,0.000000
1767638517.150815,4.452964,1.000039,0.000000,0.000000
1767638517.170923,4.452964,1.000039,0.000000,0.000000
1767638517.190860,4.452964,1.000039,0.000000,0.000000
1767638517.210850,4.452964,1.000039,0.000000,0.000000
1767638517.230842,4.452964,1.000039,0.000000,0.000000
1767638517.250789,4.452964,1.000039,0.000000,0.000000
1767638517.270884,4.452964,1.000039,0.000000,0.000000
1767638517.290882,4.452964,1.000039,0.000000,0.000000
1767638517.310859,4.452964,1.000039,0.000000,0.000000
1767638517.330820,4.452964,1.000039,0.000000,0.000000
1767638517.350874,4.452964,1.000039,0.000000,0.000000
1767638517.370838,4.452964,1.000039,0.000000,0.000000
1767638517.390893,4.452964,1.000039,0.000000,0.000000
1767638517.410838,4.452964,1.000039,0.000000,0.000000
1767638517.430869,4.452964,1.000039,0.000000,0.000000
1767638517.450850,4.452964,1.000039,0.000000,0.000000
1767638517.470840,4.452964,1.000039,0.000000,0.000000
1767638517.490874,4.452964,1.000039,0.000000,0.000000
1767638517.510868,4.452964,1.000039,0.000000,0.000000
1767638517.530927,4.452964,1.000039,0.000000,0.000000
1767638517.550805,4.452964,1.000039,0.000000,0.000000
1767638517.570859,4.452964,1.000039,0.000000,0.000000
1767638517.590811,4.452964,1.000039,0.000000,0.000000
1767638517.610873,4.452964,1.000039,0.000000,0.000000
1767638517.630896,4.452964,1.000039,0.000000,0.000000
1767638517.650912,4.452964,1.000039,0.000000,0.000000
1767638517.670953,4.452964,1.000039,0.000000,0.000000
1767638517.690891,4.452964,1.000039,0.000000,0.000000
1767638517.710860,4.452964,1.000039,0.000000,0.000000
1767638517.730920,4.452964,1.000039,0.000000,0.000000
1767638517.750890,4.452964,1.000039,0.000000,0.000000
1767638517.771012,4.452964,1.000039,0.000000,0.000000
1767638517.790839,4.452964,1.000039,0.000000,0.000000
1767638517.810926,4.452964,1.000039,0.000000,0.000000
1767638517.830848,4.452964,1.000039,0.000000,0.000000
1767638517.850872,4.452964,1.000039,0.000000,0.000000
1767638517.870835,4.452964,1.000039,0.000000,0.000000
1767638517.890815,4.452964,1.000039,0.000000,0.000000
1767638517.910809,4.452964,1.000039,0.000000,0.000000
1767638517.930775,4.452964,1.000039,0.000000,0.000000
1767638517.950782,4.452964,1.000039,0.000000,0.000000
1767638517.970842,4.452964,1.000039,0.000000,0.000000
1767638517.990997,4.452964,1.000039,0.000000,0.000000
1767638518.010848,4.452964,1.000039,0.000000,0.000000
1767638518.030846,4.452964,1.000039,0.000000,0.000000
1767638518.050851,4.452964,1.000039,0.000000,0.000000
1767638518.070783,4.452964,1.000039,0.000000,0.000000
1767638518.090865,4.452964,1.000039,0.000000,0.000000
1767638518.110883,4.452964,1.000039,0.000000,0.000000
1767638518.130946,4.452964,1.000039,0.000000,0.000000
1767638518.150838,4.452964,1.000039,0.000000,0.000000
1767638518.170799,4.452964,1.000039,0.000000,0.000000
1767638518.190880,4.452964,1.000039,0.000000,0.000000
1767638518.210968,4.452964,1.000039,0.000000,0.000000
1767638518.230962,4.452964,1.000039,0.000000,0.000000
1767638518.250890,4.452964,1.000039,0.000000,0.000000
1767638518.270901,4.452964,1.000039,0.000000,0.000000
1767638518.290854,4.452964,1.000039,0.000000,0.000000
1767638518.310864,4.452964,1.000039,0.000000,0.000000
1767638518.330805,4.452964,1.000039,0.000000,0.000000
1767638518.350765,4.452964,1.000039,0.000000,0.000000
1767638518.370883,4.452964,1.000039,0.000000,0.000000
1767638518.390819,4.452964,1.000039,0.000000,0.000000
1767638518.410957,4.452964,1.000039,0.000000,0.000000
1767638518.430881,4.452964,1.000039,0.000000,0.000000
1767638518.450788,4.452964,1.000039,0.000000,0.000000
1767638518.470763,4.452964,1.000039,0.000000,0.000000
1767638518.490986,4.452964,1.000039,0.000000,0.000000
1767638518.510783,4.452964,1.000039,0.000000,0.000000
1767638518.530910,4.452964,1.000039,0.000000,0.000000
1767638518.550831,4.452964,1.000039,0.000000,0.000000
1767638518.570831,4.452964,1.000039,0.000000,0.000000
1767638518.590827,4.452964,1.000039,0.000000,0.000000
1767638518.610802,4.452964,1.000039,0.000000,0.000000
1767638518.630852,4.452964,1.000039,0.000000,0.000000
1767638518.650891,4.452964,1.000039,0.000000,0.000000
1767638518.670880,4.452964,1.000039,0.000000,0.000000
1767638518.690902,4.452964,1.000039,0.000000,0.000000
1767638518.710873,4.452964,1.000039,0.000000,0.000000
1767638518.730900,4.452964,1.000039,0.000000,0.000000
1767638518.750786,4.452964,1.000039,0.000000,0.000000
1767638518.770843,4.452964,1.000039,0.000000,0.000000
1767638518.790919,4.452964,1.000039,0.000000,0.000000
1767638518.810788,4.452964,1.000039,0.000000,0.000000
1767638518.830767,4.452964,1.000039,0.000000,0.000000
1767638518.850830,4.452964,1.000039,0.000000,0.000000
1767638518.870854,4.452964,1.000039,0.000000,0.000000
1767638518.890908,4.452964,1.000039,0.000000,0.000000
1767638518.910906,4.452964,1.000039,0.000000,0.000000
1767638518.930877,4.452964,1.000039,0.000000,0.000000
1767638518.950879,4.452964,1.000039,0.000000,0.000000
1767638518.970922,4.452964,1.000039,0.000000,0.000000
1767638518.990827,4.452964,1.000039,0.000000,0.000000
1767638519.010935,4.452964,1.000039,0.000000,0.000000
1767638519.030842,4.452964,1.000039,0.000000,0.000000
1767638519.050907,4.452964,1.000039,0.000000,0.000000
1767638519.070871,4.452964,1.000039,0.000000,0.000000
1767638519.090926,4.452964,1.000039,0.000000,0.000000
1767638519.110914,4.452964,1.000039,0.000000,0.000000
1767638519.130808,4.452964,1.000039,0.000000,0.000000
1767638519.150847,4.452964,1.000039,0.000000,0.000000
1767638519.170996,4.452964,1.000039,0.000000,0.000000
1767638519.190929,4.452964,1.000039,0.000000,0.000000
1767638519.210926,4.452964,1.000039,0.000000,0.000000
1767638519.230840,4.452964,1.000039,0.000000,0.000000
1767638519.250839,4.452964,1.000039,0.000000,0.000000
1767638519.270885,4.452964,1.000039,0.000000,0.000000
1767638519.290810,4.452964,1.000039,0.000000,0.000000
1767638519.310932,4.452964,1.000039,0.000000,0.000000
1767638519.330837,4.452964,1.000039,0.000000,0.000000
1767638519.350802,4.452964,1.000039,0.000000,0.000000
1767638519.370859,4.452964,1.000039,0.000000,0.000000
1767638519.390771,4.452964,1.000039,0.000000,0.000000
1767638519.410809,4.452964,1.000039,0.000000,0.000000
1767638519.430843,4.452964,1.000039,0.000000,0.000000
1767638519.450828,4.452964,1.000039,0.000000,0.000000
1767638519.470766,4.452964,1.000039,0.000000,0.000000
1767638519.490826,4.452964,1.000039,0.000000,0.000000
1767638519.510814,4.452964,1.000039,0.000000,0.000000
1767638519.530842,4.452964,1.000039,0.000000,0.000000
1767638519.550861,4.452964,1.000039,0.000000,0.000000
1767638519.570860,4.452964,1.000039,0.000000,0.000000
1767638519.590823,4.452964,1.000039,0.000000,0.000000
1767638519.610845,4.452964,1.000039,0.000000,0.000000
1767638519.630826,4.452964,1.000039,0.000000,0.000000
1767638519.650867,4.452964,1.000039,0.000000,0.000000
1767638519.670861,4.452964,1.000039,0.000000,0.000000
1767638519.690791,4.452964,1.000039,0.000000,0.000000
1767638519.710814,4.452964,1.000039,0.000000,0.000000
1767638519.730822,4.452964,1.000039,0.000000,0.000000
1767638519.750803,4.452964,1.000039,0.000000,0.000000
1767638519.770847,4.452964,1.000039,0.000000,0.000000
1767638519.790814,4.452964,1.000039,0.000000,0.000000
1767638519.810799,4.452964,1.000039,0.000000,0.000000
1767638519.830817,4.452964,1.000039,0.000000,0.000000
1767638519.850829,4.452964,1.000039,0.000000,0.000000
1767638519.870857,4.452964,1.000039,0.000000,0.000000
1767638519.890819,4.452964,1.000039,0.000000,0.000000
1767638519.910768,4.452964,1.000039,0.000000,0.000000
1767638519.930790,4.452964,1.000039,0.000000,0.000000
1767638519.950845,4.452964,1.000039,0.000000,0.000000
1767638519.970802,4.452964,1.000039,0.000000,0.000000
1767638519.990826,4.452964,1.000039,0.000000,0.000000
1767638520.010867,4.452964,1.000039,0.000000,0.000000
1767638520.030855,4.452964,1.000039,0.000000,0.000000
1767638520.050824,4.452964,1.000039,0.000000,0.000000
1767638520.070916,4.452964,1.000039,0.000000,0.000000
1767638520.090827,4.452964,1.000039,0.000000,0.000000
1767638520.110826,4.452964,1.000039,0.000000,0.000000
1767638520.130801,4.452964,1.000039,0.000000,0.000000
1767638520.150808,4.452964,1.000039,0.000000,0.000000
1767638520.170877,4.452964,1.000039,0.000000,0.000000
1767638520.190792,4.452964,1.000039,0.000000,0.000000
1767638520.210804,4.452964,1.000039,0.000000,0.000000
1767638520.230790,4.452964,1.000039,0.000000,0.000000
1767638520.250827,4.452964,1.000039,0.000000,0.000000
1767638520.270771,4.452964,1.000039,0.000000,0.000000
1767638520.290807,4.452964,1.000039,0.000000,0.000000
1767638520.310798,4.452964,1.000039,0.000000,0.000000
1767638520.330904,4.452964,1.000039,0.000000,0.000000
1767638520.350831,4.452964,1.000039,0.000000,0.000000
1767638520.370941,4.452964,1.000039,0.000000,0.000000
1767638520.390843,4.452964,1.000039,0.000000,0.000000
1767638520.411012,4.452964,1.000039,0.000000,0.000000
1767638520.430833,4.452964,1.000039,0.000000,0.000000
1767638520.450850,4.452964,1.000039,0.000000,0.000000
1767638520.470892,4.452964,1.000039,0.000000,0.000000
1767638520.490871,4.452964,1.000039,0.000000,0.000000
1767638520.510874,4.452964,1.000039,0.000000,0.000000
1767638520.530868,4.452964,1.000039,0.000000,0.000000
1767638520.550910,4.452964,1.000039,0.000000,0.000000
1767638520.570943,4.452964,1.000039,0.000000,0.000000
1767638520.590810,4.452964,1.000039,0.000000,0.000000
1767638520.610804,4.452964,1.000039,0.000000,0.000000
1767638520.630889,4.452964,1.000039,0.000000,0.000000
1767638520.650895,4.452964,1.000039,0.000000,0.000000
1767638520.670817,4.452964,1.000039,0.000000,0.000000
1767638520.690915,4.452964,1.000039,0.000000,0.000000
1767638520.710837,4.452964,1.000039,0.000000,0.000000
1767638520.730926,4.452964,1.000039,0.000000,0.000000
1767638520.750825,4.452964,1.000039,0.000000,0.000000
1767638520.770859,4.452964,1.000039,0.000000,0.000000
1767638520.790868,4.452964,1.000039,0.000000,0.000000
1767638520.810922,4.452964,1.000039,0.000000,0.000000
1767638520.830891,4.452964,1.000039,0.000000,0.000000
1767638520.850984,4.452964,1.000039,0.000000,0.000000
1767638520.870921,4.452964,1.000039,0.000000,0.000000
1767638520.890905,4.452964,1.000039,0.000000,0.000000
1767638520.910824,4.452964,1.000039,0.000000,0.000000
1767638520.930873,4.452964,1.000039,0.000000,0.000000
1767638520.950881,4.452964,1.000039,0.000000,0.000000
1767638520.970843,4.452964,1.000039,0.000000,0.000000
1767638520.990857,4.452964,1.000039,0.000000,0.000000
1767638521.010871,4.452964,1.000039,0.000000,0.000000
1767638521.030898,4.452964,1.000039,0.000000,0.000000
1767638521.050837,4.452964,1.000039,0.000000,0.000000
1767638521.070918,4.452964,1.000039,0.000000,0.000000
1767638521.090948,4.452964,1.000039,0.000000,0.000000
1767638521.110960,4.452964,1.000039,0.000000,0.000000
1767638521.130902,4.452964,1.000039,0.000000,0.000000
1767638521.150960,4.452964,1.000039,0.000000,0.000000
1767638521.170888,4.452964,1.000039,0.000000,0.000000
1767638521.190835,4.452964,1.000039,0.000000,0.000000
1767638521.210905,4.452964,1.000039,0.000000,0.000000
1767638521.230941,4.452964,1.000039,0.000000,0.000000
1767638521.250973,4.452964,1.000039,0.000000,0.000000
1767638521.270901,4.452964,1.000039,0.000000,0.000000
1767638521.291012,4.452964,1.000039,0.000000,0.000000
1767638521.310932,4.452964,1.000039,0.000000,0.000000
1767638521.330867,4.452964,1.000039,0.000000,0.000000
1767638521.350836,4.452964,1.000039,0.000000,0.000000
1767638521.370819,4.452964,1.000039,0.000000,0.000000
1767638521.390849,4.452964,1.000039,0.000000,0.000000
1767638521.410909,4.452964,1.000039,0.000000,0.000000
1767638521.430890,4.452964,1.000039,0.000000,0.000000
1767638521.450910,4.452964,1.000039,0.000000,0.000000
1767638521.470843,4.452964,1.000039,0.000000,0.000000
1767638521.490813,4.452964,1.000039,0.000000,0.000000
1767638521.510790,4.452964,1.000039,0.000000,0.000000
1767638521.530928,4.452964,1.000039,0.000000,0.000000
1767638521.550911,4.452964,1.000039,0.000000,0.000000
1767638521.570917,4.452964,1.000039,0.000000,0.000000
1767638521.590889,4.452964,1.000039,0.000000,0.000000
1767638521.610931,4.452964,1.000039,0.000000,0.000000
1767638521.630814,4.452964,1.000039,0.000000,0.000000
1767638521.650921,4.452964,1.000039,0.000000,0.000000
1767638521.670843,4.452964,1.000039,0.000000,0.000000
1767638521.690807,4.452964,1.000039,0.000000,0.000000
1767638521.710840,4.452964,1.000039,0.000000,0.000000
1767638521.730949,4.452964,1.000039,0.000000,0.000000
1767638521.750834,4.452964,1.000039,0.000000,0.000000
1767638521.770933,4.452964,1.000039,0.000000,0.000000
1767638521.790828,4.452964,1.000039,0.000000,0.000000
1767638521.810896,4.452964,1.000039,0.000000,0.000000
1767638521.830860,4.452964,1.000039,0.000000,0.000000
1767638521.850854,4.452964,1.000039,0.000000,0.000000
1767638521.870819,4.452964,1.000039,0.000000,0.000000
1767638521.890821,4.452964,1.000039,0.000000,0.000000
1767638521.910932,4.452964,1.000039,0.000000,0.000000
1767638521.930889,4.452964,1.000039,0.000000,0.000000
1767638521.950791,4.452964,1.000039,0.000000,0.000000
1767638521.970865,4.452964,1.000039,0.000000,0.000000
1767638521.990810,4.452964,1.000039,0.000000,0.000000
1767638522.010936,4.452964,1.000039,0.000000,0.000000
1767638522.030958,4.452964,1.000039,0.000000,0.000000
1767638522.050866,4.452964,1.000039,0.000000,0.000000
1767638522.070870,4.452964,1.000039,0.000000,0.000000
1767638522.090871,4.452964,1.000039,0.000000,0.000000
1767638522.110809,4.452964,1.000039,0.000000,0.000000
1767638522.130799,4.452964,1.000039,0.000000,0.000000
1767638522.150927,4.452964,1.000039,0.000000,0.000000
1767638522.170888,4.452964,1.000039,0.000000,0.000000
1767638522.190984,4.452964,1.000039,0.000000,0.000000
1767638522.210891,4.452964,1.000039,0.000000,0.000000
1767638522.230838,4.452964,1.000039,0.000000,0.000000
1767638522.250950,4.452964,1.000039,0.000000,0.000000
1767638522.270841,4.452964,1.000039,0.000000,0.000000
1767638522.290806,4.452964,1.000039,0.000000,0.000000
1767638522.310840,4.452964,1.000039,0.000000,0.000000
1767638522.330848,4.452964,1.000039,0.000000,0.000000
1767638522.350944,4.452964,1.000039,0.000000,0.000000
1767638522.370881,4.452964,1.000039,0.000000,0.000000
1767638522.390804,4.452964,1.000039,0.000000,0.000000
1767638522.410879,4.452964,1.000039,0.000000,0.000000
1767638522.430860,4.452964,1.000039,0.000000,0.000000
1767638522.450804,4.452964,1.000039,0.000000,0.000000
1767638522.470813,4.452964,1.000039,0.000000,0.000000
1767638522.490800,4.452964,1.000039,0.000000,0.000000
1767638522.510837,4.452964,1.000039,0.000000,0.000000
1767638522.530837,4.452964,1.000039,0.000000,0.000000
1767638522.550832,4.452964,1.000039,0.000000,0.000000
1767638522.570853,4.452964,1.000039,0.000000,0.000000
1767638522.590835,4.452964,1.000039,0.000000,0.000000
1767638522.610838,4.452964,1.000039,0.000000,0.000000
1767638522.630852,4.452964,1.000039,0.000000,0.000000
1767638522.650877,4.452964,1.000039,0.000000,0.000000
1767638522.670870,4.452964,1.000039,0.000000,0.000000
1767638522.690866,4.452964,1.000039,0.000000,0.000000
1767638522.710846,4.452964,1.000039,0.000000,0.000000
1767638522.730830,4.452964,1.000039,0.000000,0.000000
1767638522.750853,4.452964,1.000039,0.000000,0.000000
1767638522.770860,4.452964,1.000039,0.000000,0.000000
1767638522.790808,4.452964,1.000039,0.000000,0.000000
1767638522.810832,4.452964,1.000039,0.000000,0.000000
1767638522.830936,4.452964,1.000039,0.000000,0.000000
1767638522.850878,4.452964,1.000039,0.000000,0.000000
1767638522.870915,4.452964,1.000039,0.000000,0.000000
1767638522.890871,4.452964,1.000039,0.000000,0.000000
1767638522.910873,4.452964,1.000039,0.000000,0.000000
1767638522.930877,4.452964,1.000039,0.000000,0.000000
1767638522.950982,4.452964,1.000039,0.000000,0.000000
1767638522.970852,4.452964,1.000039,0.000000,0.000000
1767638522.990871,4.452964,1.000039,0.000000,0.000000
1767638523.010929,4.452964,1.000039,0.000000,0.000000
1767638523.030895,4.452964,1.000039,0.000000,0.000000
1767638523.050890,4.452964,1.000039,0.000000,0.000000
1767638523.070974,4.452964,1.000039,0.000000,0.000000
1767638523.090949,4.452964,1.000039,0.000000,0.000000
1767638523.110921,4.452964,1.000039,0.000000,0.000000
1767638523.130879,4.452964,1.000039,0.000000,0.000000
1767638523.150799,4.452964,1.000039,0.000000,0.000000
1767638523.170830,4.452964,1.000039,0.000000,0.000000
1767638523.190925,4.452964,1.000039,0.000000,0.000000
1767638523.210868,4.452964,1.000039,0.000000,0.000000
1767638523.230878,4.452964,1.000039,0.000000,0.000000
1767638523.250869,4.452964,1.000039,0.000000,0.000000
1767638523.270998,4.452964,1.000039,0.000000,0.000000
1767638523.290847,4.452964,1.000039,0.000000,0.000000
1767638523.310885,4.452964,1.000039,0.000000,0.000000
1767638523.330942,4.452964,1.000039,0.000000,0.000000
1767638523.350899,4.452964,1.000039,0.000000,0.000000
1767638523.370902,4.452964,1.000039,0.000000,0.000000
1767638523.390959,4.452964,1.000039,0.000000,0.000000
1767638523.410956,4.452964,1.000039,0.000000,0.000000
1767638523.430774,4.452964,1.000039,0.000000,0.000000
1767638523.450797,4.452964,1.000039,0.000000,0.000000
1767638523.470823,4.452964,1.000039,0.000000,0.000000
1767638523.490893,4.452964,1.000039,0.000000,0.000000
1767638523.510821,4.452964,1.000039,0.000000,0.000000
1767638523.530862,4.452964,1.000039,0.000000,0.000000
1767638523.550838,4.452964,1.000039,0.000000,0.000000
1767638523.570934,4.452964,1.000039,0.000000,0.000000
1767638523.590870,4.452964,1.000039,0.000000,0.000000
1767638523.610868,4.452964,1.000039,0.000000,0.000000
1767638523.631006,4.452964,1.000039,0.000000,0.000000
1767638523.650936,4.452964,1.000039,0.000000,0.000000
1767638523.670833,4.452964,1.000039,0.000000,0.000000
1767638523.690777,4.452964,1.000039,0.000000,0.000000
1767638523.710794,4.452964,1.000039,0.000000,0.000000
1767638523.730819,4.452964,1.000039,0.000000,0.000000
1767638523.750890,4.452964,1.000039,0.000000,0.000000
1767638523.770918,4.452964,1.000039,0.000000,0.000000
1767638523.790908,4.452964,1.000039,0.000000,0.000000
1767638523.810870,4.452964,1.000039,0.000000,0.000000
1767638523.830862,4.452964,1.000039,0.000000,0.000000
1767638523.850937,4.452964,1.000039,0.000000,0.000000
1767638523.870963,4.452964,1.000039,0.000000,0.000000
1767638523.890998,4.452964,1.000039,0.000000,0.000000
1767638523.910992,4.452964,1.000039,0.000000,0.000000
1767638523.930871,4.452964,1.000039,0.000000,0.000000
1767638523.950830,4.452964,1.000039,0.000000,0.000000
1767638523.970840,4.452964,1.000039,0.000000,0.000000
1767638523.990792,4.452964,1.000039,0.000000,0.000000
1767638524.010831,4.452964,1.000039,0.000000,0.000000
1767638524.030872,4.452964,1.000039,0.000000,0.000000
1767638524.050748,4.452964,1.000039,0.000000,0.000000
1767638524.070886,4.452964,1.000039,0.000000,0.000000
1767638524.090845,4.452964,1.000039,0.000000,0.000000
1767638524.110809,4.452964,1.000039,0.000000,0.000000
1767638524.130805,4.452964,1.000039,0.000000,0.000000
1767638524.150839,4.452964,1.000039,0.000000,0.000000
1767638524.170929,4.452964,1.000039,0.000000,0.000000
1767638524.190753,4.452964,1.000039,0.000000,0.000000
1767638524.210812,4.452964,1.000039,0.000000,0.000000
1767638524.230783,4.452964,1.000039,0.000000,0.000000
1767638524.250777,4.452964,1.000039,0.000000,0.000000
1767638524.270821,4.452964,1.000039,0.000000,0.000000
1767638524.290769,4.452964,1.000039,0.000000,0.000000
1767638524.310960,4.452964,1.000039,0.000000,0.000000
1767638524.330789,4.452964,1.000039,0.000000,0.000000
1767638524.350828,4.452964,1.000039,0.000000,0.000000
1767638524.370820,4.452964,1.000039,0.000000,0.000000
1767638524.390841,4.452964,1.000039,0.000000,0.000000
1767638524.410932,4.452964,1.000039,0.000000,0.000000
1767638524.430856,4.452964,1.000039,0.000000,0.000000
1767638524.450784,4.452964,1.000039,0.000000,0.000000
1767638524.470829,4.452964,1.000039,0.000000,0.000000
1767638524.490878,4.452964,1.000039,0.000000,0.000000
1767638524.510962,4.452964,1.000039,0.000000,0.000000
1767638524.530898,4.452964,1.000039,0.000000,0.000000
1767638524.550857,4.452964,1.000039,0.000000,0.000000
1767638524.570875,4.452964,1.000039,0.000000,0.000000
1767638524.590846,4.452964,1.000039,0.000000,0.000000
1767638524.610879,4.452964,1.000039,0.000000,0.000000
1767638524.630930,4.452964,1.000039,0.000000,0.000000
1767638524.650859,4.452964,1.000039,0.000000,0.000000
1767638524.670844,4.452964,1.000039,0.000000,0.000000
1767638524.690822,4.452964,1.000039,0.000000,0.000000
1767638524.710909,4.452964,1.000039,0.000000,0.000000
1767638524.730958,4.452964,1.000039,0.000000,0.000000
1767638524.751026,4.452964,1.000039,0.000000,0.000000
1767638524.770928,4.452964,1.000039,0.000000,0.000000
1767638524.790807,4.452964,1.000039,0.000000,0.000000
1767638524.810827,4.452964,1.000039,0.000000,0.000000
1767638524.830910,4.452964,1.000039,0.000000,0.000000
1767638524.850914,4.452964,1.000039,0.000000,0.000000
1767638524.870847,4.452964,1.000039,0.000000,0.000000
1767638524.890904,4.452964,1.000039,0.000000,0.000000
1767638524.910852,4.452964,1.000039,0.000000,0.000000
1767638524.930806,4.452964,1.000039,0.000000,0.000000
1767638524.950883,4.452964,1.000039,0.000000,0.000000
1767638524.970871,4.452964,1.000039,0.000000,0.000000
1767638524.990805,4.452964,1.000039,0.000000,0.000000
1767638525.010849,4.452964,1.000039,0.000000,0.000000
1767638525.030829,4.452964,1.000039,0.000000,0.000000
1767638525.050865,4.452964,1.000039,0.000000,0.000000
1767638525.070789,4.452964,1.000039,0.000000,0.000000
1767638525.090799,4.452964,1.000039,0.000000,0.000000
1767638525.110817,4.452964,1.000039,0.000000,0.000000
1767638525.130796,4.452964,1.000039,0.000000,0.000000
1767638525.150800,4.452964,1.000039,0.000000,0.000000
1767638525.170864,4.452964,1.000039,0.000000,0.000000
1767638525.190941,4.452964,1.000039,0.000000,0.000000
1767638525.210814,4.452964,1.000039,0.000000,0.000000
1767638525.230808,4.452964,1.000039,0.000000,0.000000
1767638525.250747,4.452964,1.000039,0.000000,0.000000
1767638525.270802,4.452964,1.000039,0.000000,0.000000
1767638525.290803,4.452964,1.000039,0.000000,0.000000
1767638525.310785,4.452964,1.000039,0.000000,0.000000
1767638525.330841,4.452964,1.000039,0.000000,0.000000
1767638525.350821,4.452964,1.000039,0.000000,0.000000
1767638525.370842,4.452964,1.000039,0.000000,0.000000
1767638525.390847,4.452964,1.000039,0.000000,0.000000
1767638525.410922,4.452964,1.000039,0.000000,0.000000
1767638525.430797,4.452964,1.000039,0.000000,0.000000
1767638525.450862,4.452964,1.000039,0.000000,0.000000
1767638525.470763,4.452964,1.000039,0.000000,0.000000
1767638525.490798,4.452964,1.000039,0.000000,0.000000
1767638525.510852,4.452964,1.000039,0.000000,0.000000
1767638525.530825,4.452964,1.000039,0.000000,0.000000
1767638525.550861,4.452964,1.000039,0.000000,0.000000
1767638525.570864,4.452964,1.000039,0.000000,0.000000
1767638525.590842,4.452964,1.000039,0.000000,0.000000
1767638525.610829,4.452964,1.000039,0.000000,0.000000
1767638525.630812,4.452964,1.000039,0.000000,0.000000
1767638525.650878,4.452964,1.000039,0.000000,0.000000
1767638525.670835,4.452964,1.000039,0.000000,0.000000
1767638525.690844,4.452964,1.000039,0.000000,0.000000
1767638525.710819,4.452964,1.000039,0.000000,0.000000
1767638525.730851,4.452964,1.000039,0.000000,0.000000
1767638525.750905,4.452964,1.000039,0.000000,0.000000
1767638525.770894,4.452964,1.000039,0.000000,0.000000
1767638525.790774,4.452964,1.000039,0.000000,0.000000
1767638525.810838,4.452964,1.000039,0.000000,0.000000
1767638525.830748,4.452964,1.000039,0.000000,0.000000
1767638525.850734,4.452964,1.000039,0.000000,0.000000
1767638525.870823,4.452964,1.000039,0.000000,0.000000
1767638525.890896,4.452964,1.000039,0.000000,0.000000
1767638525.910897,4.452964,1.000039,0.000000,0.000000
1767638525.930784,4.452964,1.000039,0.000000,0.000000
1767638525.950806,4.452964,1.000039,0.000000,0.000000
1767638525.970783,4.452964,1.000039,0.000000,0.000000
1767638525.990802,4.452964,1.000039,0.000000,0.000000
1767638526.010852,4.452964,1.000039,0.000000,0.000000
1767638526.030836,4.452964,1.000039,0.000000,0.000000
1767638526.050871,4.452964,1.000039,0.000000,0.000000
1767638526.070910,4.452964,1.000039,0.000000,0.000000
1767638526.090802,4.452964,1.000039,0.000000,0.000000
1767638526.110902,4.452964,1.000039,0.000000,0.000000
1767638526.130828,4.452964,1.000039,0.000000,0.000000
1767638526.150885,4.452964,1.000039,0.000000,0.000000
1767638526.170887,4.452964,1.000039,0.000000,0.000000
1767638526.190938,4.452964,1.000039,0.000000,0.000000
1767638526.211032,4.452964,1.000039,0.000000,0.000000
1767638526.230915,4.452964,1.000039,0.000000,0.000000
1767638526.250801,4.452964,1.000039,0.000000,0.000000
1767638526.270797,4.452964,1.000039,0.000000,0.000000
1767638526.290916,4.452964,1.000039,0.000000,0.000000
1767638526.310811,4.452964,1.000039,0.000000,0.000000
1767638526.330937,4.452964,1.000039,0.000000,0.000000
1767638526.350878,4.452964,1.000039,0.000000,0.000000
1767638526.370917,4.452964,1.000039,0.000000,0.000000
1767638526.390870,4.452964,1.000039,0.000000,0.000000
1767638526.410817,4.452964,1.000039,0.000000,0.000000
1767638526.430854,4.452964,1.000039,0.000000,0.000000
1767638526.450825,4.452964,1.000039,0.000000,0.000000
1767638526.470850,4.452964,1.000039,0.000000,0.000000
1767638526.490896,4.452964,1.000039,0.000000,0.000000
1767638526.510929,4.452964,1.000039,0.000000,0.000000
1767638526.530899,4.452964,1.000039,0.000000,0.000000
1767638526.550864,4.452964,1.000039,0.000000,0.000000
1767638526.570815,4.452964,1.000039,0.000000,0.000000
1767638526.590805,4.452964,1.000039,0.000000,0.000000
1767638526.610805,4.452964,1.000039,0.000000,0.000000
1767638526.630846,4.452964,1.000039,0.000000,0.000000
1767638526.650910,4.452964,1.000039,0.000000,0.000000
1767638526.670820,4.452964,1.000039,0.000000,0.000000
1767638526.690793,4.452964,1.000039,0.000000,0.000000
1767638526.710937,4.452964,1.000039,0.000000,0.000000
1767638526.730933,4.452964,1.000039,0.000000,0.000000
1767638526.750843,4.452964,1.000039,0.000000,0.000000
1767638526.770936,4.452964,1.000039,0.000000,0.000000
1767638526.790907,4.452964,1.000039,0.000000,0.000000
1767638526.810903,4.452964,1.000039,0.000000,0.000000
1767638526.830932,4.452964,1.000039,0.000000,0.000000
1767638526.850956,4.452964,1.000039,0.000000,0.000000
1767638526.871042,4.452964,1.000039,0.000000,0.000000
1767638526.890847,4.452964,1.000039,0.000000,0.000000
1767638526.910871,4.452964,1.000039,0.000000,0.000000
1767638526.930914,4.452964,1.000039,0.000000,0.000000
1767638526.950875,4.452964,1.000039,0.000000,0.000000
1767638526.970815,4.452964,1.000039,0.000000,0.000000
1767638526.990823,4.452964,1.000039,0.000000,0.000000
1767638527.010863,4.452964,1.000039,0.000000,0.000000
1767638527.030735,4.452964,1.000039,0.000000,0.000000
1767638527.050806,4.452964,1.000039,0.000000,0.000000
1767638527.070926,4.452964,1.000039,0.000000,0.000000
1767638527.090816,4.452964,1.000039,0.000000,0.000000
1767638527.110918,4.452964,1.000039,0.000000,0.000000
1767638527.130976,4.452964,1.000039,0.000000,0.000000
1767638527.150854,4.452964,1.000039,0.000000,0.000000
1767638527.170942,4.452964,1.000039,0.000000,0.000000
1767638527.190926,4.452964,1.000039,0.000000,0.000000
1767638527.210841,4.452964,1.000039,0.000000,0.000000
1767638527.230744,4.452964,1.000039,0.000000,0.000000
1767638527.250881,4.452964,1.000039,0.000000,0.000000
1767638527.270925,4.452964,1.000039,0.000000,0.000000
1767638527.290904,4.452964,1.000039,0.000000,0.000000
1767638527.310772,4.452964,1.000039,0.000000,0.000000
1767638527.330911,4.452964,1.000039,0.000000,0.000000
1767638527.350945,4.452964,1.000039,0.000000,0.000000
1767638527.370860,4.452964,1.000039,0.000000,0.000000
1767638527.390783,4.452964,1.000039,0.000000,0.000000
1767638527.410807,4.452964,1.000039,0.000000,0.000000
1767638527.430802,4.452964,1.000039,0.000000,0.000000
1767638527.450893,4.452964,1.000039,0.000000,0.000000
1767638527.470837,4.452964,1.000039,0.000000,0.000000
1767638527.490904,4.452964,1.000039,0.000000,0.000000
1767638527.510880,4.452964,1.000039,0.000000,0.000000
1767638527.530928,4.452964,1.000039,0.000000,0.000000
1767638527.550852,4.452964,1.000039,0.000000,0.000000
1767638527.570906,4.452964,1.000039,0.000000,0.000000
1767638527.590875,4.452964,1.000039,0.000000,0.000000
1767638527.610877,4.452964,1.000039,0.000000,0.000000
1767638527.630951,4.452964,1.000039,0.000000,0.000000
1767638527.650900,4.452964,1.000039,0.000000,0.000000
1767638527.670888,4.452964,1.000039,0.000000,0.000000
1767638527.690901,4.452964,1.000039,0.000000,0.000000
1767638527.710918,4.452964,1.000039,0.000000,0.000000
1767638527.730866,4.452964,1.000039,0.000000,0.000000
1767638527.750870,4.452964,1.000039,0.000000,0.000000
1767638527.770955,4.452964,1.000039,0.000000,0.000000
1767638527.790940,4.452964,1.000039,0.000000,0.000000
1767638527.810848,4.452964,1.000039,0.000000,0.000000
1767638527.830869,4.452964,1.000039,0.000000,0.000000
1767638527.850924,4.452964,1.000039,0.000000,0.000000
1767638527.870847,4.452964,1.000039,0.000000,0.000000
1767638527.890943,4.452964,1.000039,0.000000,0.000000
1767638527.910892,4.452964,1.000039,0.000000,0.000000
1767638527.930888,4.452964,1.000039,0.000000,0.000000
1767638527.950797,4.452964,1.000039,0.000000,0.000000
1767638527.970822,4.452964,1.000039,0.000000,0.000000
1767638527.990935,4.452964,1.000039,0.000000,0.000000
1767638528.010929,4.452964,1.000039,0.000000,0.000000
1767638528.030885,4.452964,1.000039,0.000000,0.000000
1767638528.050911,4.452964,1.000039,0.000000,0.000000
1767638528.070880,4.452964,1.000039,0.000000,0.000000
1767638528.090922,4.452964,1.000039,0.000000,0.000000
1767638528.110899,4.452964,1.000039,0.000000,0.000000
1767638528.130887,4.452964,1.000039,0.000000,0.000000
1767638528.150789,4.452964,1.000039,0.000000,0.000000
1767638528.170900,4.452964,1.000039,0.000000,0.000000
1767638528.190799,4.452964,1.000039,0.000000,0.000000
1767638528.210863,4.452964,1.000039,0.000000,0.000000
1767638528.230895,4.452964,1.000039,0.000000,0.000000
1767638528.250855,4.452964,1.000039,0.000000,0.000000
1767638528.270840,4.452964,1.000039,0.000000,0.000000
1767638528.290774,4.452964,1.000039,0.000000,0.000000
1767638528.310799,4.452964,1.000039,0.000000,0.000000
1767638528.330895,4.452964,1.000039,0.000000,0.000000
1767638528.350822,4.452964,1.000039,0.000000,0.000000
1767638528.370999,4.452964,1.000039,0.000000,0.000000
1767638528.390892,4.452964,1.000039,0.000000,0.000000
1767638528.410932,4.452964,1.000039,0.000000,0.000000
1767638528.430848,4.452964,1.000039,0.000000,0.000000
1767638528.450854,4.452964,1.000039,0.000000,0.000000
1767638528.470837,4.452964,1.000039,0.000000,0.000000
1767638528.490951,4.452964,1.000039,0.000000,0.000000
1767638528.510921,4.452964,1.000039,0.000000,0.000000
1767638528.530864,4.452964,1.000039,0.000000,0.000000
1767638528.550911,4.452964,1.000039,0.000000,0.000000
1767638528.570941,4.452964,1.000039,0.000000,0.000000
1767638528.590863,4.452964,1.000039,0.000000,0.000000
1767638528.610822,4.452964,1.000039,0.000000,0.000000
1767638528.630872,4.452964,1.000039,0.000000,0.000000
1767638528.650917,4.452964,1.000039,0.000000,0.000000
1767638528.670882,4.452964,1.000039,0.000000,0.000000
1767638528.690733,4.452964,1.000039,0.000000,0.000000
1767638528.710829,4.452964,1.000039,0.000000,0.000000
1767638528.730875,4.452964,1.000039,0.000000,0.000000
1767638528.750917,4.452964,1.000039,0.000000,0.000000
1767638528.770897,4.452964,1.000039,0.000000,0.000000
1767638528.790823,4.452964,1.000039,0.000000,0.000000
1767638528.810818,4.452964,1.000039,0.000000,0.000000
1767638528.830855,4.452964,1.000039,0.000000,0.000000
1767638528.850789,4.452964,1.000039,0.000000,0.000000
1767638528.870870,4.452964,1.000039,0.000000,0.000000
1767638528.890901,4.452964,1.000039,0.000000,0.000000
1767638528.910897,4.452964,1.000039,0.000000,0.000000
1767638528.930908,4.452964,1.000039,0.000000,0.000000
1767638528.950722,4.452964,1.000039,0.000000,0.000000
1767638528.970937,4.452964,1.000039,0.000000,0.000000
1767638528.990854,4.452964,1.000039,0.000000,0.000000
1767638529.010842,4.452964,1.000039,0.000000,0.000000
1767638529.030851,4.452964,1.000039,0.000000,0.000000
1767638529.050738,4.452964,1.000039,0.000000,0.000000
1767638529.070765,4.452964,1.000039,0.000000,0.000000
1767638529.090815,4.452964,1.000039,0.000000,0.000000
1767638529.110787,4.452964,1.000039,0.000000,0.000000
1767638529.130841,4.452964,1.000039,0.000000,0.000000
1767638529.150817,4.452964,1.000039,0.000000,0.000000
1767638529.170870,4.452964,1.000039,0.000000,0.000000
1767638529.190725,4.452964,1.000039,0.000000,0.000000
1767638529.210728,4.452964,1.000039,0.000000,0.000000
1767638529.230825,4.452964,1.000039,0.000000,0.000000
1767638529.250885,4.452964,1.000039,0.000000,0.000000
1767638529.270767,4.452964,1.000039,0.000000,0.000000
1767638529.290764,4.452964,1.000039,0.000000,0.000000
1767638529.310910,4.452964,1.000039,0.000000,0.000000
1767638529.330871,4.452964,1.000039,0.000000,0.000000
1767638529.350969,4.452964,1.000039,0.000000,0.000000
1767638529.370850,4.452964,1.000039,0.000000,0.000000
1767638529.390913,4.452964,1.000039,0.000000,0.000000
1767638529.410851,4.452964,1.000039,0.000000,0.000000
1767638529.430844,4.452964,1.000039,0.000000,0.000000
1767638529.450863,4.452964,1.000039,0.000000,0.000000
1767638529.470776,4.452964,1.000039,0.000000,0.000000
1767638529.490962,4.452964,1.000039,0.000000,0.000000
1767638529.510839,4.452964,1.000039,0.000000,0.000000
1767638529.530827,4.452964,1.000039,0.000000,0.000000
1767638529.550844,4.452964,1.000039,0.000000,0.000000
1767638529.570816,4.452964,1.000039,0.000000,0.000000
1767638529.590862,4.452964,1.000039,0.000000,0.000000
1767638529.610847,4.452964,1.000039,0.000000,0.000000
1767638529.630847,4.452964,1.000039,0.000000,0.000000
1767638529.650799,4.452964,1.000039,0.000000,0.000000
1767638529.670861,4.452964,1.000039,0.000000,0.000000
1767638529.690878,4.452964,1.000039,0.000000,0.000000
1767638529.710860,4.452964,1.000039,0.000000,0.000000
1767638529.730774,4.452964,1.000039,0.000000,0.000000
1767638529.750932,4.452964,1.000039,0.000000,0.000000
1767638529.770868,4.452964,1.000039,0.000000,0.000000
1767638529.790927,4.452964,1.000039,0.000000,0.000000
1767638529.810884,4.452964,1.000039,0.000000,0.000000
1767638529.830917,4.452964,1.000039,0.000000,0.000000
1767638529.850904,4.452964,1.000039,0.000000,0.000000
1767638529.870854,4.452964,1.000039,0.000000,0.000000
1767638529.890865,4.452964,1.000039,0.000000,0.000000
1767638529.910844,4.452964,1.000039,0.000000,0.000000
1767638529.930812,4.452964,1.000039,0.000000,0.000000
1767638529.950772,4.452964,1.000039,0.000000,0.000000
1767638529.970863,4.452964,1.000039,0.000000,0.000000
1767638529.990868,4.452964,1.000039,0.000000,0.000000
1767638530.010900,4.452964,1.000039,0.000000,0.000000
1767638530.030768,4.452964,1.000039,0.000000,0.000000
1767638530.050834,4.452964,1.000039,0.000000,0.000000
1767638530.070729,4.452964,1.000039,0.000000,0.000000
1767638530.090849,4.452964,1.000039,0.000000,0.000000
1767638530.110830,4.452964,1.000039,0.000000,0.000000
1767638530.130841,4.452964,1.000039,0.000000,0.000000
1767638530.150755,4.452964,1.000039,0.000000,0.000000
1767638530.170714,4.452964,1.000039,0.000000,0.000000
1767638530.190907,4.452964,1.000039,0.000000,0.000000
1767638530.210835,4.452964,1.000039,0.000000,0.000000
1767638530.230854,4.452964,1.000039,0.000000,0.000000
1767638530.250934,4.452964,1.000039,0.000000,0.000000
1767638530.270811,4.452964,1.000039,0.000000,0.000000
1767638530.290803,4.452964,1.000039,0.000000,0.000000
1767638530.310779,4.452964,1.000039,0.000000,0.000000
1767638530.330796,4.452964,1.000039,0.000000,0.000000
1767638530.350844,4.452964,1.000039,0.000000,0.000000
1767638530.370759,4.452964,1.000039,0.000000,0.000000
1767638530.390938,4.452964,1.000039,0.000000,0.000000
1767638530.410962,4.452964,1.000039,0.000000,0.000000
1767638530.430778,4.452964,1.000039,0.000000,0.000000
1767638530.450916,4.452964,1.000039,0.000000,0.000000
1767638530.470907,4.452964,1.000039,0.000000,0.000000
1767638530.490894,4.452964,1.000039,0.000000,0.000000
1767638530.510932,4.452964,1.000039,0.000000,0.000000
1767638530.530908,4.452964,1.000039,0.000000,0.000000
1767638530.550821,4.452964,1.000039,0.000000,0.000000
1767638530.570890,4.452964,1.000039,0.000000,0.000000
1767638530.590784,4.452964,1.000039,0.000000,0.000000
1767638530.610881,4.452964,1.000039,0.000000,0.000000
1767638530.630775,4.452964,1.000039,0.000000,0.000000
1767638530.650945,4.452964,1.000039,0.000000,0.000000
1767638530.670841,4.452964,1.000039,0.000000,0.000000
1767638530.690800,4.452964,1.000039,0.000000,0.000000
1767638530.710849,4.452964,1.000039,0.000000,0.000000
1767638530.730816,4.452964,1.000039,0.000000,0.000000
1767638530.750966,4.452964,1.000039,0.000000,0.000000
1767638530.770904,4.452964,1.000039,0.000000,0.000000
1767638530.790828,4.452964,1.000039,0.000000,0.000000
1767638530.810886,4.452964,1.000039,0.000000,0.000000
1767638530.830968,4.452964,1.000039,0.000000,0.000000
1767638530.850860,4.452964,1.000039,0.000000,0.000000
1767638530.870968,4.452964,1.000039,0.000000,0.000000
1767638530.891072,4.452964,1.000039,0.000000,0.000000
1767638530.910878,4.452964,1.000039,0.000000,0.000000
1767638530.930779,4.452964,1.000039,0.000000,0.000000
1767638530.950801,4.452964,1.000039,0.000000,0.000000
1767638530.970864,4.452964,1.000039,0.000000,0.000000
1767638530.990825,4.452964,1.000039,0.000000,0.000000
1767638531.010972,4.452964,1.000039,0.000000,0.000000
1767638531.030823,4.452964,1.000039,0.000000,0.000000
1767638531.050889,4.452964,1.000039,0.000000,0.000000
1767638531.070777,4.452964,1.000039,0.000000,0.000000
1767638531.090845,4.452964,1.000039,0.000000,0.000000
1767638531.110933,4.452964,1.000039,0.000000,0.000000
1767638531.130860,4.452964,1.000039,0.000000,0.000000
1767638531.150878,4.452964,1.000039,0.000000,0.000000
1767638531.170908,4.452964,1.000039,0.000000,0.000000
1767638531.190908,4.452964,1.000039,0.000000,0.000000
1767638531.210877,4.452964,1.000039,0.000000,0.000000
1767638531.230845,4.452964,1.000039,0.000000,0.000000
1767638531.250982,4.452964,1.000039,0.000000,0.000000
1767638531.270966,4.452964,1.000039,0.000000,0.000000
1767638531.290846,4.452964,1.000039,0.000000,0.000000
1767638531.310871,4.452964,1.000039,0.000000,0.000000
1767638531.330943,4.452964,1.000039,0.000000,0.000000
1767638531.351049,4.452964,1.000039,0.000000,0.000000
1767638531.370994,4.452964,1.000039,0.000000,0.000000
1767638531.391023,4.452964,1.000039,0.000000,0.000000
1767638531.410855,4.452964,1.000039,0.000000,0.000000
1767638531.430975,4.452964,1.000039,0.000000,0.000000
1767638531.450804,4.452964,1.000039,0.000000,0.000000
1767638531.470841,4.452964,1.000039,0.000000,0.000000
1767638531.490855,4.452964,1.000039,0.000000,0.000000
1767638531.510883,4.452964,1.000039,0.000000,0.000000
1767638531.530776,4.452964,1.000039,0.000000,0.000000
1767638531.550844,4.452964,1.000039,0.000000,0.000000
1767638531.570823,4.452964,1.000039,0.000000,0.000000
1767638531.590828,4.452964,1.000039,0.000000,0.000000
1767638531.610844,4.452964,1.000039,0.000000,0.000000
1767638531.630822,4.452964,1.000039,0.000000,0.000000
1767638531.650898,4.452964,1.000039,0.000000,0.000000
1767638531.670817,4.452964,1.000039,0.000000,0.000000
1767638531.690945,4.452964,1.000039,0.000000,0.000000
1767638531.710874,4.452964,1.000039,0.000000,0.000000
1767638531.730877,4.452964,1.000039,0.000000,0.000000
1767638531.750902,4.452964,1.000039,0.000000,0.000000
1767638531.770872,4.452964,1.000039,0.000000,0.000000
1767638531.790813,4.452964,1.000039,0.000000,0.000000
1767638531.810914,4.452964,1.000039,0.000000,0.000000
1767638531.830805,4.452964,1.000039,0.000000,0.000000
1767638531.850844,4.452964,1.000039,0.000000,0.000000
1767638531.870807,4.452964,1.000039,0.000000,0.000000
1767638531.890902,4.452964,1.000039,0.000000,0.000000
1767638531.910920,4.452964,1.000039,0.000000,0.000000
1767638531.930781,4.452964,1.000039,0.000000,0.000000
1767638531.950757,4.452964,1.000039,0.000000,0.000000
1767638531.970778,4.452964,1.000039,0.000000,0.000000
1767638531.990967,4.452964,1.000039,0.000000,0.000000
1767638532.010992,4.452964,1.000039,0.000000,0.000000
1767638532.030920,4.452964,1.000039,0.000000,0.000000
1767638532.050982,4.452964,1.000039,0.000000,0.000000
1767638532.070923,4.452964,1.000039,0.000000,0.000000
1767638532.090804,4.452964,1.000039,0.000000,0.000000
1767638532.111006,4.452964,1.000039,0.000000,0.000000
1767638532.130994,4.452964,1.000039,0.000000,0.000000
1767638532.150934,4.452964,1.000039,0.000000,0.000000
1767638532.170889,4.452964,1.000039,0.000000,0.000000
1767638532.190938,4.452964,1.000039,0.000000,0.000000
1767638532.210850,4.452964,1.000039,0.000000,0.000000
1767638532.230863,4.452964,1.000039,0.000000,0.000000
1767638532.251018,4.452964,1.000039,0.000000,0.000000
1767638532.270898,4.452964,1.000039,0.000000,0.000000
1767638532.290799,4.452964,1.000039,0.000000,0.000000
1767638532.310880,4.452964,1.000039,0.000000,0.000000
1767638532.330895,4.452964,1.000039,0.000000,0.000000
1767638532.350956,4.452964,1.000039,0.000000,0.000000
1767638532.370918,4.452964,1.000039,0.000000,0.000000
1767638532.390887,4.452964,1.000039,0.000000,0.000000
1767638532.410908,4.452964,1.000039,0.000000,0.000000
1767638532.430868,4.452964,1.000039,0.000000,0.000000
1767638532.450882,4.452964,1.000039,0.000000,0.000000
1767638532.470872,4.452964,1.000039,0.000000,0.000000
1767638532.490939,4.452964,1.000039,0.000000,0.000000
1767638532.510913,4.452964,1.000039,0.000000,0.000000
1767638532.530975,4.452964,1.000039,0.000000,0.000000
1767638532.550862,4.452964,1.000039,0.000000,0.000000
1767638532.570946,4.452964,1.000039,0.000000,0.000000
1767638532.590888,4.452964,1.000039,0.000000,0.000000
1767638532.610921,4.452964,1.000039,0.000000,0.000000
1767638532.630792,4.452964,1.000039,0.000000,0.000000
1767638532.650885,4.452964,1.000039,0.000000,0.000000
1767638532.670959,4.452964,1.000039,0.000000,0.000000
1767638532.690977,4.452964,1.000039,0.000000,0.000000
1767638532.710888,4.452964,1.000039,0.000000,0.000000
1767638532.730973,4.452964,1.000039,0.000000,0.000000
1767638532.750864,4.452964,1.000039,0.000000,0.000000
1767638532.770892,4.452964,1.000039,0.000000,0.000000
1767638532.790884,4.452964,1.000039,0.000000,0.000000
1767638532.810868,4.452964,1.000039,0.000000,0.000000
1767638532.830865,4.452964,1.000039,0.000000,0.000000
1767638532.850890,4.452964,1.000039,0.000000,0.000000
1767638532.870861,4.452964,1.000039,0.000000,0.000000
1767638532.890823,4.452964,1.000039,0.000000,0.000000
1767638532.910939,4.452964,1.000039,0.000000,0.000000
1767638532.930910,4.452964,1.000039,0.000000,0.000000
1767638532.950827,4.452964,1.000039,0.000000,0.000000
1767638532.970977,4.452964,1.000039,0.000000,0.000000
1767638532.990905,4.452964,1.000039,0.000000,0.000000
1767638533.010950,4.452964,1.000039,0.000000,0.000000
1767638533.030819,4.452964,1.000039,0.000000,0.000000
1767638533.050880,4.452964,1.000039,0.000000,0.000000
1767638533.070904,4.452964,1.000039,0.000000,0.000000
1767638533.090859,4.452964,1.000039,0.000000,0.000000
1767638533.110856,4.452964,1.000039,0.000000,0.000000
1767638533.130856,4.452964,1.000039,0.000000,0.000000
1767638533.150759,4.452964,1.000039,0.000000,0.000000
1767638533.170967,4.452964,1.000039,0.000000,0.000000
1767638533.190934,4.452964,1.000039,0.000000,0.000000
1767638533.210857,4.452964,1.000039,0.000000,0.000000
1767638533.230858,4.452964,1.000039,0.000000,0.000000
1767638533.250888,4.452964,1.000039,0.000000,0.000000
1767638533.270916,4.452964,1.000039,0.000000,0.000000
1767638533.290859,4.452964,1.000039,0.000000,0.000000
1767638533.310845,4.452964,1.000039,0.000000,0.000000
1767638533.330905,4.452964,1.000039,0.000000,0.000000
1767638533.350950,4.452964,1.000039,0.000000,0.000000
1767638533.370959,4.452964,1.000039,0.000000,0.000000
1767638533.390933,4.452964,1.000039,0.000000,0.000000
1767638533.410903,4.452964,1.000039,0.000000,0.000000
1767638533.430898,4.452964,1.000039,0.000000,0.000000
1767638533.450864,4.452964,1.000039,0.000000,0.000000
1767638533.470758,4.452964,1.000039,0.000000,0.000000
1767638533.490957,4.452964,1.000039,0.000000,0.000000
1767638533.510858,4.452964,1.000039,0.000000,0.000000
1767638533.530827,4.452964,1.000039,0.000000,0.000000
1767638533.550812,4.452964,1.000039,0.000000,0.000000
1767638533.570858,4.452964,1.000039,0.000000,0.000000
1767638533.590890,4.452964,1.000039,0.000000,0.000000
1767638533.610912,4.452964,1.000039,0.000000,0.000000
1767638533.630816,4.452964,1.000039,0.000000,0.000000
1767638533.650887,4.452964,1.000039,0.000000,0.000000
1767638533.670864,4.452964,1.000039,0.000000,0.000000
1767638533.690839,4.452964,1.000039,0.000000,0.000000
1767638533.710818,4.452964,1.000039,0.000000,0.000000
1767638533.730825,4.452964,1.000039,0.000000,0.000000
1767638533.750856,4.452964,1.000039,0.000000,0.000000
1767638533.770880,4.452964,1.000039,0.000000,0.000000
1767638533.790781,4.452964,1.000039,0.000000,0.000000
1767638533.810824,4.452964,1.000039,0.000000,0.000000
1767638533.830789,4.452964,1.000039,0.000000,0.000000
1767638533.850808,4.452964,1.000039,0.000000,0.000000
1767638533.870823,4.452964,1.000039,0.000000,0.000000
1767638533.890820,4.452964,1.000039,0.000000,0.000000
1767638533.910841,4.452964,1.000039,0.000000,0.000000
1767638533.930850,4.452964,1.000039,0.000000,0.000000
1767638533.950763,4.452964,1.000039,0.000000,0.000000
1767638533.970783,4.452964,1.000039,0.000000,0.000000
1767638533.990827,4.452964,1.000039,0.000000,0.000000
1767638534.010821,4.452964,1.000039,0.000000,0.000000
1767638534.030820,4.452964,1.000039,0.000000,0.000000
1767638534.050955,4.452964,1.000039,0.000000,0.000000
1767638534.070898,4.452964,1.000039,0.000000,0.000000
1767638534.090873,4.452964,1.000039,0.000000,0.000000
1767638534.110847,4.452964,1.000039,0.000000,0.000000
1767638534.130788,4.452964,1.000039,0.000000,0.000000
1767638534.150916,4.452964,1.000039,0.000000,0.000000
1767638534.170749,4.452964,1.000039,0.000000,0.000000
1767638534.190738,4.452964,1.000039,0.000000,0.000000
1767638534.210772,4.452964,1.000039,0.000000,0.000000
1767638534.230746,4.452964,1.000039,0.000000,0.000000
1767638534.250845,4.452964,1.000039,0.000000,0.000000
1767638534.270974,4.452964,1.000039,0.000000,0.000000
1767638534.290921,4.452964,1.000039,0.000000,0.000000
1767638534.310827,4.452964,1.000039,0.000000,0.000000
1767638534.330850,4.452964,1.000039,0.000000,0.000000
1767638534.350776,4.452964,1.000039,0.000000,0.000000
1767638534.370886,4.452964,1.000039,0.000000,0.000000
1767638534.390875,4.452964,1.000039,0.000000,0.000000
1767638534.410812,4.452964,1.000039,0.000000,0.000000
1767638534.430850,4.452964,1.000039,0.000000,0.000000
1767638534.450825,4.452964,1.000039,0.000000,0.000000
1767638534.470717,4.452964,1.000039,0.000000,0.000000
1767638534.490788,4.452964,1.000039,0.000000,0.000000
1767638534.510754,4.452964,1.000039,0.000000,0.000000
1767638534.530817,4.452964,1.000039,0.000000,0.000000
1767638534.550818,4.452964,1.000039,0.000000,0.000000
1767638534.570821,4.452964,1.000039,0.000000,0.000000
1767638534.590800,4.452964,1.000039,0.000000,0.000000
1767638534.610713,4.452964,1.000039,0.000000,0.000000
1767638534.630792,4.452964,1.000039,0.000000,0.000000
1767638534.650888,4.452964,1.000039,0.000000,0.000000
1767638534.670832,4.452964,1.000039,0.000000,0.000000
1767638534.690784,4.452964,1.000039,0.000000,0.000000
1767638534.710843,4.452964,1.000039,0.000000,0.000000
1767638534.730797,4.452964,1.000039,0.000000,0.000000
1767638534.750850,4.452964,1.000039,0.000000,0.000000
1767638534.770946,4.452964,1.000039,0.000000,0.000000
1767638534.790811,4.452964,1.000039,0.000000,0.000000
1767638534.810943,4.452964,1.000039,0.000000,0.000000
1767638534.830927,4.452964,1.000039,0.000000,0.000000
1767638534.850926,4.452964,1.000039,0.000000,0.000000
1767638534.870894,4.452964,1.000039,0.000000,0.000000
1767638534.890961,4.452964,1.000039,0.000000,0.000000
1767638534.910866,4.452964,1.000039,0.000000,0.000000
1767638534.930868,4.452964,1.000039,0.000000,0.000000
1767638534.951031,4.452964,1.000039,0.000000,0.000000
1767638534.970834,4.452964,1.000039,0.000000,0.000000
1767638534.990785,4.452964,1.000039,0.000000,0.000000
1767638535.010907,4.452964,1.000039,0.000000,0.000000
1767638535.030783,4.452964,1.000039,0.000000,0.000000
1767638535.050819,4.452964,1.000039,0.000000,0.000000
1767638535.071048,4.452964,1.000039,0.000000,0.000000
1767638535.090921,4.452964,1.000039,0.000000,0.000000
1767638535.110847,4.452964,1.000039,0.000000,0.000000
1767638535.130909,4.452964,1.000039,0.000000,0.000000
1767638535.151017,4.452964,1.000039,0.000000,0.000000
1767638535.170879,4.452964,1.000039,0.000000,0.000000
1767638535.190906,4.452964,1.000039,0.000000,0.000000
1767638535.210828,4.452964,1.000039,0.000000,0.000000
1767638535.230860,4.452964,1.000039,0.000000,0.000000
1767638535.250804,4.452964,1.000039,0.000000,0.000000
1767638535.270805,4.452964,1.000039,0.000000,0.000000
1767638535.290738,4.452964,1.000039,0.000000,0.000000
1767638535.310891,4.452964,1.000039,0.000000,0.000000
1767638535.330930,4.452964,1.000039,0.000000,0.000000
1767638535.350922,4.452964,1.000039,0.000000,0.000000
1767638535.370944,4.452964,1.000039,0.000000,0.000000
1767638535.390882,4.452964,1.000039,0.000000,0.000000
1767638535.410898,4.452964,1.000039,0.000000,0.000000
1767638535.430930,4.452964,1.000039,0.000000,0.000000
1767638535.451002,4.452964,1.000039,0.000000,0.000000
1767638535.470997,4.452964,1.000039,0.000000,0.000000
1767638535.490883,4.452964,1.000039,0.000000,0.000000
1767638535.510875,4.452964,1.000039,0.000000,0.000000
1767638535.530880,4.452964,1.000039,0.000000,0.000000
1767638535.550781,4.452964,1.000039,0.000000,0.000000
1767638535.570852,4.452964,1.000039,0.000000,0.000000
1767638535.590852,4.452964,1.000039,0.000000,0.000000
1767638535.610853,4.452964,1.000039,0.000000,0.000000
1767638535.630880,4.452964,1.000039,0.000000,0.000000
1767638535.650811,4.452964,1.000039,0.000000,0.000000
1767638535.670826,4.452964,1.000039,0.000000,0.000000
1767638535.690895,4.452964,1.000039,0.000000,0.000000
1767638535.710942,4.452964,1.000039,0.000000,0.000000
1767638535.730932,4.452964,1.000039,0.000000,0.000000
1767638535.751075,4.452964,1.000039,0.000000,0.000000
1767638535.770909,4.452964,1.000039,0.000000,0.000000
1767638535.790867,4.452964,1.000039,0.000000,0.000000
1767638535.810908,4.452964,1.000039,0.000000,0.000000
1767638535.830861,4.452964,1.000039,0.000000,0.000000
1767638535.850813,4.452964,1.000039,0.000000,0.000000
1767638535.870802,4.452964,1.000039,0.000000,0.000000
1767638535.890953,4.452964,1.000039,0.000000,0.000000
1767638535.910921,4.452964,1.000039,0.000000,0.000000
1767638535.930840,4.452964,1.000039,0.000000,0.000000
1767638535.950722,4.452964,1.000039,0.000000,0.000000
1767638535.970808,4.452964,1.000039,0.000000,0.000000
1767638535.990847,4.452964,1.000039,0.000000,0.000000
1767638536.010982,4.452964,1.000039,0.000000,0.000000
1767638536.030823,4.452964,1.000039,0.000000,0.000000
1767638536.050902,4.452964,1.000039,0.000000,0.000000
1767638536.070918,4.452964,1.000039,0.000000,0.000000
1767638536.090854,4.452964,1.000039,0.000000,0.000000
1767638536.110784,4.452964,1.000039,0.000000,0.000000
1767638536.130867,4.452964,1.000039,0.000000,0.000000
1767638536.150853,4.452964,1.000039,0.000000,0.000000
1767638536.170782,4.452964,1.000039,0.000000,0.000000
1767638536.190786,4.452964,1.000039,0.000000,0.000000
1767638536.211019,4.452964,1.000039,0.000000,0.000000
1767638536.230920,4.452964,1.000039,0.000000,0.000000
1767638536.250898,4.452964,1.000039,0.000000,0.000000
1767638536.270776,4.452964,1.000039,0.000000,0.000000
1767638536.290903,4.452964,1.000039,0.000000,0.000000
1767638536.310871,4.452964,1.000039,0.000000,0.000000
1767638536.330894,4.452964,1.000039,0.000000,0.000000
1767638536.350927,4.452964,1.000039,0.000000,0.000000
1767638536.370795,4.452964,1.000039,0.000000,0.000000
1767638536.390875,4.452964,1.000039,0.000000,0.000000
1767638536.410745,4.452964,1.000039,0.000000,0.000000
1767638536.430848,4.452964,1.000039,0.000000,0.000000
1767638536.450933,4.452964,1.000039,0.000000,0.000000
1767638536.470861,4.452964,1.000039,0.000000,0.000000
1767638536.490886,4.452964,1.000039,0.000000,0.000000
1767638536.510859,4.452964,1.000039,0.000000,0.000000
1767638536.531006,4.452964,1.000039,0.000000,0.000000
1767638536.550927,4.452964,1.000039,0.000000,0.000000
1767638536.570808,4.452964,1.000039,0.000000,0.000000
1767638536.590810,4.452964,1.000039,0.000000,0.000000
1767638536.610945,4.452964,1.000039,0.000000,0.000000
1767638536.630773,4.452964,1.000039,0.000000,0.000000
1767638536.650797,4.452964,1.000039,0.000000,0.000000
1767638536.670766,4.452964,1.000039,0.000000,0.000000
1767638536.690768,4.452964,1.000039,0.000000,0.000000
1767638536.710836,4.452964,1.000039,0.000000,0.000000
1767638536.730813,4.452964,1.000039,0.000000,0.000000
1767638536.750855,4.452964,1.000039,0.000000,0.000000
1767638536.770941,4.452964,1.000039,0.000000,0.000000
1767638536.790906,4.452964,1.000039,0.000000,0.000000
1767638536.810793,4.452964,1.000039,0.000000,0.000000
1767638536.830853,4.452964,1.000039,0.000000,0.000000
1767638536.850837,4.452964,1.000039,0.000000,0.000000
1767638536.870884,4.452964,1.000039,0.000000,0.000000
1767638536.890875,4.452964,1.000039,0.000000,0.000000
1767638536.910893,4.452964,1.000039,0.000000,0.000000
1767638536.930907,4.452964,1.000039,0.000000,0.000000
1767638536.950800,4.452964,1.000039,0.000000,0.000000
1767638536.970848,4.452964,1.000039,0.000000,0.000000
1767638536.990874,4.452964,1.000039,0.000000,0.000000
1767638537.010772,4.452964,1.000039,0.000000,0.000000
1767638537.030835,4.452964,1.000039,0.000000,0.000000
1767638537.050893,4.452964,1.000039,0.000000,0.000000
1767638537.070868,4.452964,1.000039,0.000000,0.000000
1767638537.090823,4.452964,1.000039,0.000000,0.000000
1767638537.110855,4.452964,1.000039,0.000000,0.000000
1767638537.130985,4.452964,1.000039,0.000000,0.000000
1767638537.150843,4.452964,1.000039,0.000000,0.000000
1767638537.170871,4.452964,1.000039,0.000000,0.000000
1767638537.190904,4.452964,1.000039,0.000000,0.000000
1767638537.210719,4.452964,1.000039,0.000000,0.000000
1767638537.230817,4.452964,1.000039,0.000000,0.000000
1767638537.250800,4.452964,1.000039,0.000000,0.000000
1767638537.270901,4.452964,1.000039,0.000000,0.000000
1767638537.290968,4.452964,1.000039,0.000000,0.000000
1767638537.310809,4.452964,1.000039,0.000000,0.000000
1767638537.330789,4.452964,1.000039,0.000000,0.000000
1767638537.350811,4.452964,1.000039,0.000000,0.000000
1767638537.370853,4.452964,1.000039,0.000000,0.000000
1767638537.390893,4.452964,1.000039,0.000000,0.000000
1767638537.411064,4.452964,1.000039,0.000000,0.000000
1767638537.430946,4.452964,1.000039,0.000000,0.000000
1767638537.450876,4.452964,1.000039,0.000000,0.000000
1767638537.470912,4.452964,1.000039,0.000000,0.000000
1767638537.490939,4.452964,1.000039,0.000000,0.000000
1767638537.511043,4.452964,1.000039,0.000000,0.000000
1767638537.530867,4.452964,1.000039,0.000000,0.000000
1767638537.550876,4.452964,1.000039,0.000000,0.000000
1767638537.570793,4.452964,1.000039,0.000000,0.000000
1767638537.590903,4.452964,1.000039,0.000000,0.000000
1767638537.610837,4.452964,1.000039,0.000000,0.000000
1767638537.630932,4.452964,1.000039,0.000000,0.000000
1767638537.650980,4.452964,1.000039,0.000000,0.000000
1767638537.670880,4.452964,1.000039,0.000000,0.000000
1767638537.690900,4.452964,1.000039,0.000000,0.000000
1767638537.710831,4.452964,1.000039,0.000000,0.000000
1767638537.730965,4.452964,1.000039,0.000000,0.000000
1767638537.750944,4.452964,1.000039,0.000000,0.000000
1767638537.770916,4.452964,1.000039,0.000000,0.000000
1767638537.790835,4.452964,1.000039,0.000000,0.000000
1767638537.810826,4.452964,1.000039,0.000000,0.000000
1767638537.830847,4.452964,1.000039,0.000000,0.000000
1767638537.850811,4.452964,1.000039,0.000000,0.000000
1767638537.870802,4.452964,1.000039,0.000000,0.000000
1767638537.890795,4.452964,1.000039,0.000000,0.000000
1767638537.910844,4.452964,1.000039,0.000000,0.000000
1767638537.930807,4.452964,1.000039,0.000000,0.000000
1767638537.950846,4.452964,1.000039,0.000000,0.000000
1767638537.970808,4.452964,1.000039,0.000000,0.000000
1767638537.990862,4.452964,1.000039,0.000000,0.000000
1767638538.010864,4.452964,1.000039,0.000000,0.000000
1767638538.030858,4.452964,1.000039,0.000000,0.000000
1767638538.050868,4.452964,1.000039,0.000000,0.000000
1767638538.070840,4.452964,1.000039,0.000000,0.000000
1767638538.090820,4.452964,1.000039,0.000000,0.000000
1767638538.110762,4.452964,1.000039,0.000000,0.000000
1767638538.130788,4.452964,1.000039,0.000000,0.000000
1767638538.150832,4.452964,1.000039,0.000000,0.000000
1767638538.170821,4.452964,1.000039,0.000000,0.000000
1767638538.190854,4.452964,1.000039,0.000000,0.000000
1767638538.210826,4.452964,1.000039,0.000000,0.000000
1767638538.230861,4.452964,1.000039,0.000000,0.000000
1767638538.250879,4.452964,1.000039,0.000000,0.000000
1767638538.270808,4.452964,1.000039,0.000000,0.000000
1767638538.290837,4.452964,1.000039,0.000000,0.000000
1767638538.310860,4.452964,1.000039,0.000000,0.000000
1767638538.330859,4.452964,1.000039,0.000000,0.000000
1767638538.350851,4.452964,1.000039,0.000000,0.000000
1767638538.370849,4.452964,1.000039,0.000000,0.000000
1767638538.390824,4.452964,1.000039,0.000000,0.000000
1767638538.410825,4.452964,1.000039,0.000000,0.000000
1767638538.430851,4.452964,1.000039,0.000000,0.000000
1767638538.450886,4.452964,1.000039,0.000000,0.000000
1767638538.471006,4.452964,1.000039,0.000000,0.000000
1767638538.490818,4.452964,1.000039,0.000000,0.000000
1767638538.510915,4.452964,1.000039,0.000000,0.000000
1767638538.530859,4.452964,1.000039,0.000000,0.000000
1767638538.550889,4.452964,1.000039,0.000000,0.000000
1767638538.570781,4.452964,1.000039,0.000000,0.000000
1767638538.590883,4.452964,1.000039,0.000000,0.000000
1767638538.610837,4.452964,1.000039,0.000000,0.000000
1767638538.630795,4.452964,1.000039,0.000000,0.000000
1767638538.650915,4.452964,1.000039,0.000000,0.000000
1767638538.670915,4.452964,1.000039,0.000000,0.000000
1767638538.690870,4.452964,1.000039,0.000000,0.000000
1767638538.710890,4.452964,1.000039,0.000000,0.000000
1767638538.730871,4.452964,1.000039,0.000000,0.000000
1767638538.750812,4.452964,1.000039,0.000000,0.000000
1767638538.770901,4.452964,1.000039,0.000000,0.000000
1767638538.790876,4.452964,1.000039,0.000000,0.000000
1767638538.810868,4.452964,1.000039,0.000000,0.000000
1767638538.830873,4.452964,1.000039,0.000000,0.000000
1767638538.850830,4.452964,1.000039,0.000000,0.000000
1767638538.870806,4.452964,1.000039,0.000000,0.000000
1767638538.890832,4.452964,1.000039,0.000000,0.000000
1767638538.910813,4.452964,1.000039,0.000000,0.000000
1767638538.930879,4.452964,1.000039,0.000000,0.000000
1767638538.950885,4.452964,1.000039,0.000000,0.000000
1767638538.970765,4.452964,1.000039,0.000000,0.000000
1767638538.990849,4.452964,1.000039,0.000000,0.000000
1767638539.010728,4.452964,1.000039,0.000000,0.000000
1767638539.030774,4.452964,1.000039,0.000000,0.000000
1767638539.050827,4.452964,1.000039,0.000000,0.000000
1767638539.070821,4.452964,1.000039,0.000000,0.000000
1767638539.090810,4.452964,1.000039,0.000000,0.000000
1767638539.110727,4.452964,1.000039,0.000000,0.000000
1767638539.130770,4.452964,1.000039,0.000000,0.000000
1767638539.150764,4.452964,1.000039,0.000000,0.000000
1767638539.170874,4.452964,1.000039,0.000000,0.000000
1767638539.190876,4.452964,1.000039,0.000000,0.000000
1767638539.210877,4.452964,1.000039,0.000000,0.000000
1767638539.230769,4.452964,1.000039,0.000000,0.000000
1767638539.250853,4.452964,1.000039,0.000000,0.000000
1767638539.270778,4.452964,1.000039,0.000000,0.000000
1767638539.290839,4.452964,1.000039,0.000000,0.000000
1767638539.310876,4.452964,1.000039,0.000000,0.000000
1767638539.330744,4.452964,1.000039,0.000000,0.000000
1767638539.350937,4.452964,1.000039,0.000000,0.000000
1767638539.370895,4.452964,1.000039,0.000000,0.000000
1767638539.390788,4.452964,1.000039,0.000000,0.000000
1767638539.410982,4.452964,1.000039,0.000000,0.000000
1767638539.430731,4.452964,1.000039,0.000000,0.000000
1767638539.450798,4.452964,1.000039,0.000000,0.000000
1767638539.470822,4.452964,1.000039,0.000000,0.000000
1767638539.490845,4.452964,1.000039,0.000000,0.000000
1767638539.510930,4.452964,1.000039,0.000000,0.000000
1767638539.530891,4.452964,1.000039,0.000000,0.000000
1767638539.550761,4.452964,1.000039,0.000000,0.000000
1767638539.570820,4.452964,1.000039,0.000000,0.000000
1767638539.590729,4.452964,1.000039,0.000000,0.000000
1767638539.610742,4.452964,1.000039,0.000000,0.000000
1767638539.630784,4.452964,1.000039,0.000000,0.000000
1767638539.650853,4.452964,1.000039,0.000000,0.000000
1767638539.670861,4.452964,1.000039,0.000000,0.000000
1767638539.690776,4.452964,1.000039,0.000000,0.000000
1767638539.710774,4.452964,1.000039,0.000000,0.000000
1767638539.730752,4.452964,1.000039,0.000000,0.000000
1767638539.750843,4.452964,1.000039,0.000000,0.000000
1767638539.770771,4.452964,1.000039,0.000000,0.000000
1767638539.790825,4.452964,1.000039,0.000000,0.000000
1767638539.810777,4.452964,1.000039,0.000000,0.000000
1767638539.830880,4.452964,1.000039,0.000000,0.000000
1767638539.850913,4.452964,1.000039,0.000000,0.000000
1767638539.870797,4.452964,1.000039,0.000000,0.000000
1767638539.890834,4.452964,1.000039,0.000000,0.000000
1767638539.910733,4.452964,1.000039,0.000000,0.000000
1767638539.930838,4.452964,1.000039,0.000000,0.000000
1767638539.950841,4.452964,1.000039,0.000000,0.000000
1767638539.970793,4.452964,1.000039,0.000000,0.000000
1767638539.990765,4.452964,1.000039,0.000000,0.000000
1767638540.010790,4.452964,1.000039,0.000000,0.000000
1767638540.030782,4.452964,1.000039,0.000000,0.000000
1767638540.050824,4.452964,1.000039,0.000000,0.000000
1767638540.070837,4.452964,1.000039,0.000000,0.000000
1767638540.090873,4.452964,1.000039,0.000000,0.000000
1767638540.110829,4.452964,1.000039,0.000000,0.000000
1767638540.130830,4.452964,1.000039,0.000000,0.000000
1767638540.150962,4.452964,1.000039,0.000000,0.000000
1767638540.170865,4.452964,1.000039,0.000000,0.000000
1767638540.190800,4.452964,1.000039,0.000000,0.000000
1767638540.210839,4.452964,1.000039,0.000000,0.000000
1767638540.230850,4.452964,1.000039,0.000000,0.000000
1767638540.250902,4.452964,1.000039,0.000000,0.000000
1767638540.270887,4.452964,1.000039,0.000000,0.000000
1767638540.290835,4.452964,1.000039,0.000000,0.000000
1767638540.310843,4.452964,1.000039,0.000000,0.000000
1767638540.330832,4.452964,1.000039,0.000000,0.000000
1767638540.350840,4.452964,1.000039,0.000000,0.000000
1767638540.370816,4.452964,1.000039,0.000000,0.000000
1767638540.390847,4.452964,1.000039,0.000000,0.000000
1767638540.410860,4.452964,1.000039,0.000000,0.000000
1767638540.430893,4.452964,1.000039,0.000000,0.000000
1767638540.450866,4.452964,1.000039,0.000000,0.000000
1767638540.470783,4.452964,1.000039,0.000000,0.000000
1767638540.490874,4.452964,1.000039,0.000000,0.000000
1767638540.510845,4.452964,1.000039,0.000000,0.000000
1767638540.530793,4.452964,1.000039,0.000000,0.000000
1767638540.550837,4.452964,1.000039,0.000000,0.000000
1767638540.570822,4.452964,1.000039,0.000000,0.000000
1767638540.590803,4.452964,1.000039,0.000000,0.000000
1767638540.610834,4.452964,1.000039,0.000000,0.000000
1767638540.630775,4.452964,1.000039,0.000000,0.000000
1767638540.650846,4.452964,1.000039,0.000000,0.000000
1767638540.670803,4.452964,1.000039,0.000000,0.000000
1767638540.690828,4.452964,1.000039,0.000000,0.000000
1767638540.710838,4.452964,1.000039,0.000000,0.000000
1767638540.730775,4.452964,1.000039,0.000000,0.000000
1767638540.750844,4.452964,1.000039,0.000000,0.000000
1767638540.770808,4.452964,1.000039,0.000000,0.000000
1767638540.790857,4.452964,1.000039,0.000000,0.000000
1767638540.810852,4.452964,1.000039,0.000000,0.000000
1767638540.830806,4.452964,1.000039,0.000000,0.000000
1767638540.850876,4.452964,1.000039,0.000000,0.000000
1767638540.870851,4.452964,1.000039,0.000000,0.000000
1767638540.890828,4.452964,1.000039,0.000000,0.000000
1767638540.910839,4.452964,1.000039,0.000000,0.000000
1767638540.930800,4.452964,1.000039,0.000000,0.000000
1767638540.950829,4.452964,1.000039,0.000000,0.000000
1767638540.970822,4.452964,1.000039,0.000000,0.000000
1767638540.990911,4.452964,1.000039,0.000000,0.000000
1767638541.010888,4.452964,1.000039,0.000000,0.000000
1767638541.030875,4.452964,1.000039,0.000000,0.000000
1767638541.050878,4.452964,1.000039,0.000000,0.000000
1767638541.070871,4.452964,1.000039,0.000000,0.000000
1767638541.090856,4.452964,1.000039,0.000000,0.000000
1767638541.110839,4.452964,1.000039,0.000000,0.000000
1767638541.130879,4.452964,1.000039,0.000000,0.000000
1767638541.150855,4.452964,1.000039,0.000000,0.000000
1767638541.170819,4.452964,1.000039,0.000000,0.000000
1767638541.190864,4.452964,1.000039,0.000000,0.000000
1767638541.210792,4.452964,1.000039,0.000000,0.000000
1767638541.230869,4.452964,1.000039,0.000000,0.000000
1767638541.250851,4.452964,1.000039,0.000000,0.000000
1767638541.270882,4.452964,1.000039,0.000000,0.000000
1767638541.290886,4.452964,1.000039,0.000000,0.000000
1767638541.310859,4.452964,1.000039,0.000000,0.000000
1767638541.330889,4.452964,1.000039,0.000000,0.000000
1767638541.350838,4.452964,1.000039,0.000000,0.000000
1767638541.370842,4.452964,1.000039,0.000000,0.000000
1767638541.390877,4.452964,1.000039,0.000000,0.000000
1767638541.410867,4.452964,1.000039,0.000000,0.000000
1767638541.430804,4.452964,1.000039,0.000000,0.000000
1767638541.450936,4.452964,1.000039,0.000000,0.000000
1767638541.470793,4.452964,1.000039,0.000000,0.000000
1767638541.490801,4.452964,1.000039,0.000000,0.000000
1767638541.510820,4.452964,1.000039,0.000000,0.000000
1767638541.530819,4.452964,1.000039,0.000000,0.000000
1767638541.550854,4.452964,1.000039,0.000000,0.000000
1767638541.570853,4.452964,1.000039,0.000000,0.000000
1767638541.590823,4.452964,1.000039,0.000000,0.000000
1767638541.610861,4.452964,1.000039,0.000000,0.000000
1767638541.630794,4.452964,1.000039,0.000000,0.000000
1767638541.650842,4.452964,1.000039,0.000000,0.000000
1767638541.670815,4.452964,1.000039,0.000000,0.000000
1767638541.690909,4.452964,1.000039,0.000000,0.000000
1767638541.710885,4.452964,1.000039,0.000000,0.000000
1767638541.730939,4.452964,1.000039,0.000000,0.000000
1767638541.750861,4.452964,1.000039,0.000000,0.000000
1767638541.770885,4.452964,1.000039,0.000000,0.000000
1767638541.790841,4.452964,1.000039,0.000000,0.000000
1767638541.810826,4.452964,1.000039,0.000000,0.000000
1767638541.830917,4.452964,1.000039,0.000000,0.000000
1767638541.850975,4.452964,1.000039,0.000000,0.000000
1767638541.870809,4.452964,1.000039,0.000000,0.000000
1767638541.890823,4.452964,1.000039,0.000000,0.000000
1767638541.910841,4.452964,1.000039,0.000000,0.000000
1767638541.930822,4.452964,1.000039,0.000000,0.000000
1767638541.950955,4.452964,1.000039,0.000000,0.000000
1767638541.970907,4.452964,1.000039,0.000000,0.000000
1767638541.990816,4.452964,1.000039,0.000000,0.000000
1767638542.010876,4.452964,1.000039,0.000000,0.000000
1767638542.030893,4.452964,1.000039,0.000000,0.000000
1767638542.050924,4.452964,1.000039,0.000000,0.000000
1767638542.070877,4.452964,1.000039,0.000000,0.000000
1767638542.090971,4.452964,1.000039,0.000000,0.000000
1767638542.110830,4.452964,1.000039,0.000000,0.000000
1767638542.130935,4.452964,1.000039,0.000000,0.000000
1767638542.150999,4.452964,1.000039,0.000000,0.000000
1767638542.170822,4.452964,1.000039,0.000000,0.000000
1767638542.190911,4.452964,1.000039,0.000000,0.000000
1767638542.210891,4.452964,1.000039,0.000000,0.000000
1767638542.230757,4.452964,1.000039,0.000000,0.000000
1767638542.250873,4.452964,1.000039,0.000000,0.000000
1767638542.270894,4.452964,1.000039,0.000000,0.000000
1767638542.290945,4.452964,1.000039,0.000000,0.000000
1767638542.310911,4.452964,1.000039,0.000000,0.000000
1767638542.330862,4.452964,1.000039,0.000000,0.000000
1767638542.350879,4.452964,1.000039,0.000000,0.000000
1767638542.370756,4.452964,1.000039,0.000000,0.000000
1767638542.390901,4.452964,1.000039,0.000000,0.000000
1767638542.410986,4.452964,1.000039,0.000000,0.000000
1767638542.430833,4.452964,1.000039,0.000000,0.000000
1767638542.450892,4.452964,1.000039,0.000000,0.000000
1767638542.470865,4.452964,1.000039,0.000000,0.000000
1767638542.490775,4.452964,1.000039,0.000000,0.000000
1767638542.510978,4.452964,1.000039,0.000000,0.000000
1767638542.530853,4.452964,1.000039,0.000000,0.000000
1767638542.550887,4.452964,1.000039,0.000000,0.000000
1767638542.570823,4.452964,1.000039,0.000000,0.000000
1767638542.590708,4.452964,1.000039,0.000000,0.000000
1767638542.610751,4.452964,1.000039,0.000000,0.000000
1767638542.630720,4.452964,1.000039,0.000000,0.000000
1767638542.650861,4.452964,1.000039,0.000000,0.000000
1767638542.670781,4.452964,1.000039,0.000000,0.000000
1767638542.690961,4.452964,1.000039,0.000000,0.000000
1767638542.710934,4.452964,1.000039,0.000000,0.000000
1767638542.730884,4.452964,1.000039,0.000000,0.000000
1767638542.750848,4.452964,1.000039,0.000000,0.000000
1767638542.770912,4.452964,1.000039,0.000000,0.000000
1767638542.790913,4.452964,1.000039,0.000000,0.000000
1767638542.810872,4.452964,1.000039,0.000000,0.000000
1767638542.830911,4.452964,1.000039,0.000000,0.000000
1767638542.850938,4.452964,1.000039,0.000000,0.000000
1767638542.870892,4.452964,1.000039,0.000000,0.000000
1767638542.891004,4.452964,1.000039,0.000000,0.000000
1767638542.910784,4.452964,1.000039,0.000000,0.000000
1767638542.930842,4.452964,1.000039,0.000000,0.000000
1767638542.950883,4.452964,1.000039,0.000000,0.000000
1767638542.970822,4.452964,1.000039,0.000000,0.000000
1767638542.990900,4.452964,1.000039,0.000000,0.000000
1767638543.010817,4.452964,1.000039,0.000000,0.000000
1767638543.030913,4.452964,1.000039,0.000000,0.000000
1767638543.050989,4.452964,1.000039,0.000000,0.000000
1767638543.070859,4.452964,1.000039,0.000000,0.000000
1767638543.090955,4.452964,1.000039,0.000000,0.000000
1767638543.110921,4.452964,1.000039,0.000000,0.000000
1767638543.130947,4.452964,1.000039,0.000000,0.000000
1767638543.150936,4.452964,1.000039,0.000000,0.000000
1767638543.171041,4.452964,1.000039,0.000000,0.000000
1767638543.190880,4.452964,1.000039,0.000000,0.000000
1767638543.210883,4.452964,1.000039,0.000000,0.000000
1767638543.230801,4.452964,1.000039,0.000000,0.000000
1767638543.250877,4.452964,1.000039,0.000000,0.000000
1767638543.270864,4.452964,1.000039,0.000000,0.000000
1767638543.290940,4.452964,1.000039,0.000000,0.000000
1767638543.310874,4.452964,1.000039,0.000000,0.000000
1767638543.330821,4.452964,1.000039,0.000000,0.000000
1767638543.350923,4.452964,1.000039,0.000000,0.000000
1767638543.371024,4.452964,1.000039,0.000000,0.000000
1767638543.391028,4.452964,1.000039,0.000000,0.000000
1767638543.410894,4.452964,1.000039,0.000000,0.000000
1767638543.430869,4.452964,1.000039,0.000000,0.000000
1767638543.450890,4.452964,1.000039,0.000000,0.000000
1767638543.470809,4.452964,1.000039,0.000000,0.000000
1767638543.490736,4.452964,1.000039,0.000000,0.000000
1767638543.510803,4.452964,1.000039,0.000000,0.000000
1767638543.530878,4.452964,1.000039,0.000000,0.000000
1767638543.550785,4.452964,1.000039,0.000000,0.000000
1767638543.570945,4.452964,1.000039,0.000000,0.000000
1767638543.590862,4.452964,1.000039,0.000000,0.000000
1767638543.610898,4.452964,1.000039,0.000000,0.000000
1767638543.630820,4.452964,1.000039,0.000000,0.000000
1767638543.650834,4.452964,1.000039,0.000000,0.000000
1767638543.670883,4.452964,1.000039,0.000000,0.000000
1767638543.690853,4.452964,1.000039,0.000000,0.000000
1767638543.710833,4.452964,1.000039,0.000000,0.000000
1767638543.730770,4.452964,1.000039,0.000000,0.000000
1767638543.750818,4.452964,1.000039,0.000000,0.000000
1767638543.770928,4.452964,1.000039,0.000000,0.000000
1767638543.790930,4.452964,1.000039,0.000000,0.000000
1767638543.810918,4.452964,1.000039,0.000000,0.000000
1767638543.830847,4.452964,1.000039,0.000000,0.000000
1767638543.850873,4.452964,1.000039,0.000000,0.000000
1767638543.870794,4.452964,1.000039,0.000000,0.000000
1767638543.890990,4.452964,1.000039,0.000000,0.000000
1767638543.910828,4.452964,1.000039,0.000000,0.000000
1767638543.930849,4.452964,1.000039,0.000000,0.000000
1767638543.950970,4.452964,1.000039,0.000000,0.000000
1767638543.970960,4.452964,1.000039,0.000000,0.000000
1767638543.990918,4.452964,1.000039,0.000000,0.000000
1767638544.010867,4.452964,1.000039,0.000000,0.000000
1767638544.030873,4.452964,1.000039,0.000000,0.000000
1767638544.051012,4.452964,1.000039,0.000000,0.000000
1767638544.070786,4.452964,1.000039,0.000000,0.000000
1767638544.090898,4.452964,1.000039,0.000000,0.000000
1767638544.110958,4.452964,1.000039,0.000000,0.000000
1767638544.131094,4.452964,1.000039,0.000000,0.000000
1767638544.150915,4.452964,1.000039,0.000000,0.000000
1767638544.170817,4.452964,1.000039,0.000000,0.000000
1767638544.190875,4.452964,1.000039,0.000000,0.000000
1767638544.210783,4.452964,1.000039,0.000000,0.000000
1767638544.231009,4.452964,1.000039,0.000000,0.000000
1767638544.250880,4.452964,1.000039,0.000000,0.000000
1767638544.270857,4.452964,1.000039,0.000000,0.000000
1767638544.290892,4.452964,1.000039,0.000000,0.000000
1767638544.310768,4.452964,1.000039,0.000000,0.000000
1767638544.330862,4.452964,1.000039,0.000000,0.000000
1767638544.350806,4.452964,1.000039,0.000000,0.000000
1767638544.370829,4.452964,1.000039,0.000000,0.000000
1767638544.390845,4.452964,1.000039,0.000000,0.000000
1767638544.410861,4.452964,1.000039,0.000000,0.000000
1767638544.430757,4.452964,1.000039,0.000000,0.000000
1767638544.450794,4.452964,1.000039,0.000000,0.000000
1767638544.470803,4.452964,1.000039,0.000000,0.000000
1767638544.490899,4.452964,1.000039,0.000000,0.000000
1767638544.510803,4.452964,1.000039,0.000000,0.000000
1767638544.530827,4.452964,1.000039,0.000000,0.000000
1767638544.550866,4.452964,1.000039,0.000000,0.000000
1767638544.570823,4.452964,1.000039,0.000000,0.000000
1767638544.590960,4.452964,1.000039,0.000000,0.000000
1767638544.610848,4.452964,1.000039,0.000000,0.000000
1767638544.630921,4.452964,1.000039,0.000000,0.000000
1767638544.650798,4.452964,1.000039,0.000000,0.000000
1767638544.670833,4.452964,1.000039,0.000000,0.000000
1767638544.690850,4.452964,1.000039,0.000000,0.000000
1767638544.710813,4.452964,1.000039,0.000000,0.000000
1767638544.730855,4.452964,1.000039,0.000000,0.000000
1767638544.750808,4.452964,1.000039,0.000000,0.000000
1767638544.770851,4.452964,1.000039,0.000000,0.000000
1767638544.790823,4.452964,1.000039,0.000000,0.000000
1767638544.810989,4.452964,1.000039,0.000000,0.000000
1767638544.830761,4.452964,1.000039,0.000000,0.000000
1767638544.850918,4.452964,1.000039,0.000000,0.000000
1767638544.870895,4.452964,1.000039,0.000000,0.000000
1767638544.890879,4.452964,1.000039,0.000000,0.000000
1767638544.910880,4.452964,1.000039,0.000000,0.000000
1767638544.930912,4.452964,1.000039,0.000000,0.000000
1767638544.950995,4.452964,1.000039,0.000000,0.000000
1767638544.970916,4.452964,1.000039,0.000000,0.000000
1767638544.990876,4.452964,1.000039,0.000000,0.000000
1767638545.010860,4.452964,1.000039,0.000000,0.000000
1767638545.030879,4.452964,1.000039,0.000000,0.000000
1767638545.050843,4.452964,1.000039,0.000000,0.000000
1767638545.070894,4.452964,1.000039,0.000000,0.000000
1767638545.090856,4.452964,1.000039,0.000000,0.000000
1767638545.110771,4.452964,1.000039,0.000000,0.000000
1767638545.130843,4.452964,1.000039,0.000000,0.000000
1767638545.150760,4.452964,1.000039,0.000000,0.000000
1767638545.170931,4.452964,1.000039,0.000000,0.000000
1767638545.190849,4.452964,1.000039,0.000000,0.000000
1767638545.210857,4.452964,1.000039,0.000000,0.000000
1767638545.230889,4.452964,1.000039,0.000000,0.000000
1767638545.250737,4.452964,1.000039,0.000000,0.000000
1767638545.270889,4.452964,1.000039,0.000000,0.000000
1767638545.290856,4.452964,1.000039,0.000000,0.000000
1767638545.310871,4.452964,1.000039,0.000000,0.000000
1767638545.330758,4.452964,1.000039,0.000000,0.000000
1767638545.350791,4.452964,1.000039,0.000000,0.000000
1767638545.370927,4.452964,1.000039,0.000000,0.000000
1767638545.390918,4.452964,1.000039,0.000000,0.000000
1767638545.410797,4.452964,1.000039,0.000000,0.000000
1767638545.430867,4.452964,1.000039,0.000000,0.000000
1767638545.450856,4.452964,1.000039,0.000000,0.000000
1767638545.470794,4.452964,1.000039,0.000000,0.000000
1767638545.490893,4.452964,1.000039,0.000000,0.000000
1767638545.510846,4.452964,1.000039,0.000000,0.000000
1767638545.530834,4.452964,1.000039,0.000000,0.000000
1767638545.550960,4.452964,1.000039,0.000000,0.000000
1767638545.570875,4.452964,1.000039,0.000000,0.000000
1767638545.590877,4.452964,1.000039,0.000000,0.000000
1767638545.610813,4.452964,1.000039,0.000000,0.000000
1767638545.630826,4.452964,1.000039,0.000000,0.000000
1767638545.650860,4.452964,1.000039,0.000000,0.000000
1767638545.670875,4.452964,1.000039,0.000000,0.000000
1767638545.690822,4.452964,1.000039,0.000000,0.000000
1767638545.710840,4.452964,1.000039,0.000000,0.000000
1767638545.730851,4.452964,1.000039,0.000000,0.000000
1767638545.750854,4.452964,1.000039,0.000000,0.000000
1767638545.770814,4.452964,1.000039,0.000000,0.000000
1767638545.790896,4.452964,1.000039,0.000000,0.000000
1767638545.810920,4.452964,1.000039,0.000000,0.000000
1767638545.830974,4.452964,1.000039,0.000000,0.000000
1767638545.850856,4.452964,1.000039,0.000000,0.000000
1767638545.870929,4.452964,1.000039,0.000000,0.000000
1767638545.890898,4.452964,1.000039,0.000000,0.000000
1767638545.910955,4.452964,1.000039,0.000000,0.000000
1767638545.930920,4.452964,1.000039,0.000000,0.000000
1767638545.950913,4.452964,1.000039,0.000000,0.000000
1767638545.970760,4.452964,1.000039,0.000000,0.000000
1767638545.990828,4.452964,1.000039,0.000000,0.000000
1767638546.010810,4.452964,1.000039,0.000000,0.000000
1767638546.030842,4.452964,1.000039,0.000000,0.000000
1767638546.050870,4.452964,1.000039,0.000000,0.000000
1767638546.070891,4.452964,1.000039,0.000000,0.000000
1767638546.090892,4.452964,1.000039,0.000000,0.000000
1767638546.110772,4.452964,1.000039,0.000000,0.000000
1767638546.130874,4.452964,1.000039,0.000000,0.000000
1767638546.150888,4.452964,1.000039,0.000000,0.000000
1767638546.170794,4.452964,1.000039,0.000000,0.000000
1767638546.190949,4.452964,1.000039,0.000000,0.000000
1767638546.210921,4.452964,1.000039,0.000000,0.000000
1767638546.230808,4.452964,1.000039,0.000000,0.000000
1767638546.250894,4.452964,1.000039,0.000000,0.000000
1767638546.270869,4.452964,1.000039,0.000000,0.000000
1767638546.290935,4.452964,1.000039,0.000000,0.000000
1767638546.310904,4.452964,1.000039,0.000000,0.000000
1767638546.330835,4.452964,1.000039,0.000000,0.000000
1767638546.350890,4.452964,1.000039,0.000000,0.000000
1767638546.370804,4.452964,1.000039,0.000000,0.000000
1767638546.390951,4.452964,1.000039,0.000000,0.000000
1767638546.410839,4.452964,1.000039,0.000000,0.000000
1767638546.430885,4.452964,1.000039,0.000000,0.000000
1767638546.450792,4.452964,1.000039,0.000000,0.000000
1767638546.470953,4.452964,1.000039,0.000000,0.000000
1767638546.490849,4.452964,1.000039,0.000000,0.000000
1767638546.510775,4.452964,1.000039,0.000000,0.000000
1767638546.530882,4.452964,1.000039,0.000000,0.000000
1767638546.550905,4.452964,1.000039,0.000000,0.000000
1767638546.570775,4.452964,1.000039,0.000000,0.000000
1767638546.590880,4.452964,1.000039,0.000000,0.000000
1767638546.610867,4.452964,1.000039,0.000000,0.000000
1767638546.630815,4.452964,1.000039,0.000000,0.000000
1767638546.650962,4.452964,1.000039,0.000000,0.000000
1767638546.670927,4.452964,1.000039,0.000000,0.000000
1767638546.690916,4.452964,1.000039,0.000000,0.000000
1767638546.710928,4.452964,1.000039,0.000000,0.000000
1767638546.730970,4.452964,1.000039,0.000000,0.000000
1767638546.750812,4.452964,1.000039,0.000000,0.000000
1767638546.770858,4.452964,1.000039,0.000000,0.000000
1767638546.790975,4.452964,1.000039,0.000000,0.000000
1767638546.810904,4.452964,1.000039,0.000000,0.000000
1767638546.830845,4.452964,1.000039,0.000000,0.000000
1767638546.850848,4.452964,1.000039,0.000000,0.000000
1767638546.870948,4.452964,1.000039,0.000000,0.000000
1767638546.891004,4.452964,1.000039,0.000000,0.000000
1767638546.910796,4.452964,1.000039,0.000000,0.000000
1767638546.930888,4.452964,1.000039,0.000000,0.000000
1767638546.950912,4.452964,1.000039,0.000000,0.000000
1767638546.970796,4.452964,1.000039,0.000000,0.000000
1767638546.990904,4.452964,1.000039,0.000000,0.000000
1767638547.010833,4.452964,1.000039,0.000000,0.000000
1767638547.031121,4.452964,1.000039,0.000000,0.000000
1767638547.050938,4.452964,1.000039,0.000000,0.000000
1767638547.070865,4.452964,1.000039,0.000000,0.000000
1767638547.090945,4.452964,1.000039,0.000000,0.000000
1767638547.110809,4.452964,1.000039,0.000000,0.000000
1767638547.130756,4.452964,1.000039,0.000000,0.000000
1767638547.150975,4.452964,1.000039,0.000000,0.000000
1767638547.170773,4.452964,1.000039,0.000000,0.000000
1767638547.191050,4.452964,1.000039,0.000000,0.000000
1767638547.210890,4.452964,1.000039,0.000000,0.000000
1767638547.230833,4.452964,1.000039,0.000000,0.000000
1767638547.250915,4.452964,1.000039,0.000000,0.000000
1767638547.270947,4.452964,1.000039,0.000000,0.000000
1767638547.290825,4.452964,1.000039,0.000000,0.000000
1767638547.310963,4.452964,1.000039,0.000000,0.000000
1767638547.330851,4.452964,1.000039,0.000000,0.000000
1767638547.350987,4.452964,1.000039,0.000000,0.000000
1767638547.370891,4.452964,1.000039,0.000000,0.000000
1767638547.390904,4.452964,1.000039,0.000000,0.000000
1767638547.410949,4.452964,1.000039,0.000000,0.000000
1767638547.430948,4.452964,1.000039,0.000000,0.000000
1767638547.450855,4.452964,1.000039,0.000000,0.000000
1767638547.470933,4.452964,1.000039,0.000000,0.000000
1767638547.490897,4.452964,1.000039,0.000000,0.000000
1767638547.510877,4.452964,1.000039,0.000000,0.000000
1767638547.530936,4.452964,1.000039,0.000000,0.000000
1767638547.550977,4.452964,1.000039,0.000000,0.000000
1767638547.570922,4.452964,1.000039,0.000000,0.000000
1767638547.590994,4.452964,1.000039,0.000000,0.000000
1767638547.610870,4.452964,1.000039,0.000000,0.000000
1767638547.630878,4.452964,1.000039,0.000000,0.000000
1767638547.650800,4.452964,1.000039,0.000000,0.000000
1767638547.670779,4.452964,1.000039,0.000000,0.000000
1767638547.690914,4.452964,1.000039,0.000000,0.000000
1767638547.711127,4.452964,1.000039,0.000000,0.000000
1767638547.730978,4.452964,1.000039,0.000000,0.000000
1767638547.750851,4.452964,1.000039,0.000000,0.000000
1767638547.770809,4.452964,1.000039,0.000000,0.000000
1767638547.790793,4.452964,1.000039,0.000000,0.000000
1767638547.810949,4.452964,1.000039,0.000000,0.000000
1767638547.831003,4.452964,1.000039,0.000000,0.000000
1767638547.850913,4.452964,1.000039,0.000000,0.000000
1767638547.870838,4.452964,1.000039,0.000000,0.000000
1767638547.890896,4.452964,1.000039,0.000000,0.000000
1767638547.910945,4.452964,1.000039,0.000000,0.000000
1767638547.930898,4.452964,1.000039,0.000000,0.000000
1767638547.950895,4.452964,1.000039,0.000000,0.000000
1767638547.970883,4.452964,1.000039,0.000000,0.000000
1767638547.990859,4.452964,1.000039,0.000000,0.000000
1767638548.011013,4.452964,1.000039,0.000000,0.000000
1767638548.030883,4.452964,1.000039,0.000000,0.000000
1767638548.050851,4.452964,1.000039,0.000000,0.000000
1767638548.070889,4.452964,1.000039,0.000000,0.000000
1767638548.090915,4.452964,1.000039,0.000000,0.000000
1767638548.110820,4.452964,1.000039,0.000000,0.000000
1767638548.130836,4.452964,1.000039,0.000000,0.000000
1767638548.150981,4.452964,1.000039,0.000000,0.000000
1767638548.170860,4.452964,1.000039,0.000000,0.000000
1767638548.190875,4.452964,1.000039,0.000000,0.000000
1767638548.210891,4.452964,1.000039,0.000000,0.000000
1767638548.230881,4.452964,1.000039,0.000000,0.000000
1767638548.250876,4.452964,1.000039,0.000000,0.000000
1767638548.270867,4.452964,1.000039,0.000000,0.000000
1767638548.290818,4.452964,1.000039,0.000000,0.000000
1767638548.310874,4.452964,1.000039,0.000000,0.000000
1767638548.330861,4.452964,1.000039,0.000000,0.000000
1767638548.350874,4.452964,1.000039,0.000000,0.000000
1767638548.370877,4.452964,1.000039,0.000000,0.000000
1767638548.390873,4.452964,1.000039,0.000000,0.000000
1767638548.410846,4.452964,1.000039,0.000000,0.000000
1767638548.430812,4.452964,1.000039,0.000000,0.000000
1767638548.450904,4.452964,1.000039,0.000000,0.000000
1767638548.470940,4.452964,1.000039,0.000000,0.000000
1767638548.490905,4.452964,1.000039,0.000000,0.000000
1767638548.510789,4.452964,1.000039,0.000000,0.000000
1767638548.530883,4.452964,1.000039,0.000000,0.000000
1767638548.550908,4.452964,1.000039,0.000000,0.000000
1767638548.570822,4.452964,1.000039,0.000000,0.000000
1767638548.590911,4.452964,1.000039,0.000000,0.000000
1767638548.610860,4.452964,1.000039,0.000000,0.000000
1767638548.630826,4.452964,1.000039,0.000000,0.000000
1767638548.650951,4.452964,1.000039,0.000000,0.000000
1767638548.670847,4.452964,1.000039,0.000000,0.000000
1767638548.690805,4.452964,1.000039,0.000000,0.000000
1767638548.710887,4.452964,1.000039,0.000000,0.000000
1767638548.730858,4.452964,1.000039,0.000000,0.000000
